ticker,dataset,year,adjustment,url,currency,unit,cache_file,downloaded_utc,status,rows,sha256,error,pages,additional_cache_files,additional_sha256
000063.SZ,income,,raw,https://datacenter-web.eastmoney.com/api/data/v1/get?reportName=RPT_LICO_FN_CPD&columns=ALL&filter=%28SECURITY_CODE%3D%22000063%22%29&pageNumber=1&pageSize=500&sortColumns=REPORTDATE&sortTypes=-1,CNY,CNY,F:\Capstone Project\China A Share Research\public_fallback\raw\eastmoney\000063.SZ_income.json,2026-10-10T08:46:01.321632+00:00,ok,111,577f98cec33f63f3aba78dd1d908a0e2b9146a25ea3b37701c668c6325fdb6b3,,1,,
000063.SZ,prices,2016.0,hfq,https://web.ifzq.gtimg.cn/appstock/app/fqkline/get?param=sz000063%2Cday%2C2016-01-01%2C2016-12-31%2C640%2Chfq,CNY,CNY per share,F:\Capstone Project\China A Share Research\public_fallback\raw\tencent\000063.SZ\2016_hfq.json,2026-10-10T08:47:28.640152+00:00,ok,222,797a3ca01ede98a128fe9758be108f6e898eeade89c43aef292366ef1ad5f6da,,1,,
000063.SZ,prices,2016.0,raw,https://web.ifzq.gtimg.cn/appstock/app/fqkline/get?param=sz000063%2Cday%2C2016-01-01%2C2016-12-31%2C640%2C,CNY,CNY per share,F:\Capstone Project\China A Share Research\public_fallback\raw\tencent\000063.SZ\2016_raw.json,2026-10-10T08:47:28.640152+00:00,ok,222,bfa46ae1f1ae794894b9440bfee67161cdcc3d3a85cf3f56761cb8aaea1a27bd,,1,,
000063.SZ,prices,2017.0,hfq,https://web.ifzq.gtimg.cn/appstock/app/fqkline/get?param=sz000063%2Cday%2C2017-01-01%2C2017-12-31%2C640%2Chfq,CNY,CNY per share,F:\Capstone Project\China A Share Research\public_fallback\raw\tencent\000063.SZ\2017_hfq.json,2026-10-10T08:47:35.165196+00:00,ok,235,3786971fdc6363515b3cba9ed494d836156513cf0e93ab561c2bafe95291d13c,,1,,
000063.SZ,prices,2017.0,raw,https://web.ifzq.gtimg.cn/appstock/app/fqkline/get?param=sz000063%2Cday%2C2017-01-01%2C2017-12-31%2C640%2C,CNY,CNY per share,F:\Capstone Project\China A Share Research\public_fallback\raw\tencent\000063.SZ\2017_raw.json,2026-10-10T08:47:35.169192+00:00,ok,235,afd867e402d281b2de18e99bd01f94bb0008d7d38cefb131f364a7c13b4771a5,,1,,
000063.SZ,prices,2018.0,hfq,https://web.ifzq.gtimg.cn/appstock/app/fqkline/get?param=sz000063%2Cday%2C2018-01-01%2C2018-12-31%2C640%2Chfq,CNY,CNY per share,F:\Capstone Project\China A Share Research\public_fallback\raw\tencent\000063.SZ\2018_hfq.json,2026-10-10T08:47:39.298907+00:00,ok,204,52bdade721d72e2aa2d1f166cde2000adf7c33b3d8f0c41133dcb9caa6d22c2d,,1,,
000063.SZ,prices,2018.0,raw,https://web.ifzq.gtimg.cn/appstock/app/fqkline/get?param=sz000063%2Cday%2C2018-01-01%2C2018-12-31%2C640%2C,CNY,CNY per share,F:\Capstone Project\China A Share Research\public_fallback\raw\tencent\000063.SZ\2018_raw.json,2026-10-10T08:47:39.306074+00:00,ok,204,239f941e15b42adc9c0dd6a3265410f2b8998176ea76ff6c0a863e4ff59604bf,,1,,
000063.SZ,prices,2019.0,hfq,https://web.ifzq.gtimg.cn/appstock/app/fqkline/get?param=sz000063%2Cday%2C2019-01-01%2C2019-12-31%2C640%2Chfq,CNY,CNY per share,F:\Capstone Project\China A Share Research\public_fallback\raw\tencent\000063.SZ\2019_hfq.json,2026-10-10T08:47:43.660455+00:00,ok,244,8c54658fb3834968654709a9e5a3905ee8a5db6fa488f90f094915586270ea41,,1,,
000063.SZ,prices,2019.0,raw,https://web.ifzq.gtimg.cn/appstock/app/fqkline/get?param=sz000063%2Cday%2C2019-01-01%2C2019-12-31%2C640%2C,CNY,CNY per share,F:\Capstone Project\China A Share Research\public_fallback\raw\tencent\000063.SZ\2019_raw.json,2026-10-10T08:47:43.599373+00:00,ok,244,3f8cda6cf9c39c9197b20f33d9f62c411c2f796449a2bc51961f773275e1ce97,,1,,
000063.SZ,prices,2020.0,hfq,https://web.ifzq.gtimg.cn/appstock/app/fqkline/get?param=sz000063%2Cday%2C2020-01-01%2C2020-12-31%2C640%2Chfq,CNY,CNY per share,F:\Capstone Project\China A Share Research\public_fallback\raw\tencent\000063.SZ\2020_hfq.json,2026-10-10T08:47:47.830231+00:00,ok,243,5398981a639a8e0e982a1116f8a069ab4fdaa58c599f38d8489f0af0669583e2,,1,,
000063.SZ,prices,2020.0,raw,https://web.ifzq.gtimg.cn/appstock/app/fqkline/get?param=sz000063%2Cday%2C2020-01-01%2C2020-12-31%2C640%2C,CNY,CNY per share,F:\Capstone Project\China A Share Research\public_fallback\raw\tencent\000063.SZ\2020_raw.json,2026-10-10T08:47:47.789801+00:00,ok,243,c0bf47cc3316aa3b98a5054d4ee162d7c2c2c740d4c9c8db968e8ebf12fbf203,,1,,
000063.SZ,prices,2021.0,hfq,https://web.ifzq.gtimg.cn/appstock/app/fqkline/get?param=sz000063%2Cday%2C2021-01-01%2C2021-12-31%2C640%2Chfq,CNY,CNY per share,F:\Capstone Project\China A Share Research\public_fallback\raw\tencent\000063.SZ\2021_hfq.json,2026-10-10T08:47:51.995919+00:00,ok,242,a2da852e7c59cb7f7529e37410cd47ba7c9c4c37ff6c96b91d4c3df2cac8c388,,1,,
000063.SZ,prices,2021.0,raw,https://web.ifzq.gtimg.cn/appstock/app/fqkline/get?param=sz000063%2Cday%2C2021-01-01%2C2021-12-31%2C640%2C,CNY,CNY per share,F:\Capstone Project\China A Share Research\public_fallback\raw\tencent\000063.SZ\2021_raw.json,2026-10-10T08:47:52.001913+00:00,ok,242,2687ebd3d7a3e49b13162ca6ea35a55d66b49357eacfa33a10d971bcbdcf6de7,,1,,
000063.SZ,prices,2022.0,hfq,https://web.ifzq.gtimg.cn/appstock/app/fqkline/get?param=sz000063%2Cday%2C2022-01-01%2C2022-12-31%2C640%2Chfq,CNY,CNY per share,F:\Capstone Project\China A Share Research\public_fallback\raw\tencent\000063.SZ\2022_hfq.json,2026-10-10T08:47:56.109987+00:00,ok,242,76e5e43831642c9bc1060f190e9278d3d3e758b844ad5d6452e78b271ef67177,,1,,
000063.SZ,prices,2022.0,raw,https://web.ifzq.gtimg.cn/appstock/app/fqkline/get?param=sz000063%2Cday%2C2022-01-01%2C2022-12-31%2C640%2C,CNY,CNY per share,F:\Capstone Project\China A Share Research\public_fallback\raw\tencent\000063.SZ\2022_raw.json,2026-10-10T08:47:56.109987+00:00,ok,242,2b1a0cfb66e568436c148fd3e3f77e97d6c5975514c1e4f1d1b578395c660794,,1,,
000063.SZ,prices,2023.0,hfq,https://web.ifzq.gtimg.cn/appstock/app/fqkline/get?param=sz000063%2Cday%2C2023-01-01%2C2023-12-31%2C640%2Chfq,CNY,CNY per share,F:\Capstone Project\China A Share Research\public_fallback\raw\tencent\000063.SZ\2023_hfq.json,2026-10-10T08:48:00.247467+00:00,ok,242,34858f4858a27250aaa431817938133644c301d6daff6186c469837e7ca2f644,,1,,
000063.SZ,prices,2023.0,raw,https://web.ifzq.gtimg.cn/appstock/app/fqkline/get?param=sz000063%2Cday%2C2023-01-01%2C2023-12-31%2C640%2C,CNY,CNY per share,F:\Capstone Project\China A Share Research\public_fallback\raw\tencent\000063.SZ\2023_raw.json,2026-10-10T08:48:00.225170+00:00,ok,242,b26ba239cdc27976410116eab722463c8a56b1f474d26a95c147d7a71bc6667e,,1,,
000063.SZ,prices,2024.0,hfq,https://web.ifzq.gtimg.cn/appstock/app/fqkline/get?param=sz000063%2Cday%2C2024-01-01%2C2024-12-31%2C640%2Chfq,CNY,CNY per share,F:\Capstone Project\China A Share Research\public_fallback\raw\tencent\000063.SZ\2024_hfq.json,2026-10-10T08:48:04.363574+00:00,ok,242,cb83702dfbdc89e089c545b266e4cad66265145abc218fb854dd86a796d20909,,1,,
000063.SZ,prices,2024.0,raw,https://web.ifzq.gtimg.cn/appstock/app/fqkline/get?param=sz000063%2Cday%2C2024-01-01%2C2024-12-31%2C640%2C,CNY,CNY per share,F:\Capstone Project\China A Share Research\public_fallback\raw\tencent\000063.SZ\2024_raw.json,2026-10-10T08:48:04.349432+00:00,ok,242,1f8c79dea5735da423e87763d6f3ec30036186b8395f81d3804e08a513111967,,1,,
000063.SZ,prices,2025.0,hfq,https://web.ifzq.gtimg.cn/appstock/app/fqkline/get?param=sz000063%2Cday%2C2025-01-01%2C2025-12-31%2C640%2Chfq,CNY,CNY per share,F:\Capstone Project\China A Share Research\public_fallback\raw\tencent\000063.SZ\2025_hfq.json,2026-10-10T08:48:09.026455+00:00,ok,243,43282d3d1d42cc2ce6ff517e3f03f6d93c82e68b1244421e6466b58a0f7fd715,,1,,
000063.SZ,prices,2025.0,raw,https://web.ifzq.gtimg.cn/appstock/app/fqkline/get?param=sz000063%2Cday%2C2025-01-01%2C2025-12-31%2C640%2C,CNY,CNY per share,F:\Capstone Project\China A Share Research\public_fallback\raw\tencent\000063.SZ\2025_raw.json,2026-10-10T08:48:09.025455+00:00,ok,243,2a72f301443f5d32e0832e4c6fb4d96f6f83d50d78a489acd6e52c94b0c97372,,1,,
000063.SZ,prices,2026.0,hfq,https://web.ifzq.gtimg.cn/appstock/app/fqkline/get?param=sz000063%2Cday%2C2026-01-01%2C2026-10-09%2C640%2Chfq,CNY,CNY per share,F:\Capstone Project\China A Share Research\public_fallback\raw\tencent\000063.SZ\2026_hfq.json,2026-10-10T08:48:13.566032+00:00,ok,183,84b5f154b9fcf463b27672d19ce5010467da69cab9df89476c7d4c4a9e37804b,,1,,
000063.SZ,prices,2026.0,raw,https://web.ifzq.gtimg.cn/appstock/app/fqkline/get?param=sz000063%2Cday%2C2026-01-01%2C2026-10-09%2C640%2C,CNY,CNY per share,F:\Capstone Project\China A Share Research\public_fallback\raw\tencent\000063.SZ\2026_raw.json,2026-10-10T08:48:14.239447+00:00,ok,183,23f8debfc2cd4cc58a62df5fe148b3a5afaa8c3789e81be47cb3a0e43595d500,,1,,
000063.SZ,shares,,raw,https://datacenter-web.eastmoney.com/api/data/v1/get?reportName=RPT_F10_EH_EQUITY&columns=ALL&filter=%28SECUCODE%3D%22000063.SZ%22%29&pageNumber=1&pageSize=500&sortColumns=END_DATE&sortTypes=-1,CNY,shares,F:\Capstone Project\China A Share Research\public_fallback\raw\eastmoney\000063.SZ_shares.json,2026-10-10T08:47:08.372032+00:00,ok,123,0580d4eea79152bc9d642abb4a80b411fad9be691cbbc618a2f80442660a0cac,,1,,
000100.SZ,income,,raw,https://datacenter-web.eastmoney.com/api/data/v1/get?reportName=RPT_LICO_FN_CPD&columns=ALL&filter=%28SECURITY_CODE%3D%22000100%22%29&pageNumber=1&pageSize=500&sortColumns=REPORTDATE&sortTypes=-1,CNY,CNY,F:\Capstone Project\China A Share Research\public_fallback\raw\eastmoney\000100.SZ_income.json,2026-10-10T08:47:08.158074+00:00,ok,97,0bca289caa840eb848d0f000bab5b7e73dcabb8c68c243ad54d6e9d0686b148d,,1,,
000100.SZ,prices,2016.0,hfq,https://web.ifzq.gtimg.cn/appstock/app/fqkline/get?param=sz000100%2Cday%2C2016-01-01%2C2016-12-31%2C640%2Chfq,CNY,CNY per share,F:\Capstone Project\China A Share Research\public_fallback\raw\tencent\000100.SZ\2016_hfq.json,2026-10-10T08:47:29.241596+00:00,ok,154,4aecafadaa047616bbc3a02ce303c84cf2ea7b0abac745fa716933275a14ee7e,,1,,
000100.SZ,prices,2016.0,raw,https://web.ifzq.gtimg.cn/appstock/app/fqkline/get?param=sz000100%2Cday%2C2016-01-01%2C2016-12-31%2C640%2C,CNY,CNY per share,F:\Capstone Project\China A Share Research\public_fallback\raw\tencent\000100.SZ\2016_raw.json,2026-10-10T08:47:29.247037+00:00,ok,154,4f2978e85a8828fc2cfe463408b9af187abb6641b91772fc44ecc3266b4092b5,,1,,
000100.SZ,prices,2017.0,hfq,https://web.ifzq.gtimg.cn/appstock/app/fqkline/get?param=sz000100%2Cday%2C2017-01-01%2C2017-12-31%2C640%2Chfq,CNY,CNY per share,F:\Capstone Project\China A Share Research\public_fallback\raw\tencent\000100.SZ\2017_hfq.json,2026-10-10T08:47:35.192958+00:00,ok,169,b0b653f0f737981c14bcdcdafeaf635981d44966b6dd088bad42ad7c206c902d,,1,,
000100.SZ,prices,2017.0,raw,https://web.ifzq.gtimg.cn/appstock/app/fqkline/get?param=sz000100%2Cday%2C2017-01-01%2C2017-12-31%2C640%2C,CNY,CNY per share,F:\Capstone Project\China A Share Research\public_fallback\raw\tencent\000100.SZ\2017_raw.json,2026-10-10T08:47:35.183954+00:00,ok,169,b9dcdd90923980c9d4ac65cab432b634e064a3808921cefdcc38ff0e7a9ddc72,,1,,
000100.SZ,prices,2018.0,hfq,https://web.ifzq.gtimg.cn/appstock/app/fqkline/get?param=sz000100%2Cday%2C2018-01-01%2C2018-12-31%2C640%2Chfq,CNY,CNY per share,F:\Capstone Project\China A Share Research\public_fallback\raw\tencent\000100.SZ\2018_hfq.json,2026-10-10T08:47:39.358814+00:00,ok,243,cb7b4ab7573143c751b3c9e1a940977a14ac428c15e1e90dcfc8ce913e7306f2,,1,,
000100.SZ,prices,2018.0,raw,https://web.ifzq.gtimg.cn/appstock/app/fqkline/get?param=sz000100%2Cday%2C2018-01-01%2C2018-12-31%2C640%2C,CNY,CNY per share,F:\Capstone Project\China A Share Research\public_fallback\raw\tencent\000100.SZ\2018_raw.json,2026-10-10T08:47:39.359802+00:00,ok,243,27650019a54fb65ad99aabfe060483cfc1642cf0d9c12afc6c929b13d809b101,,1,,
000100.SZ,prices,2019.0,hfq,https://web.ifzq.gtimg.cn/appstock/app/fqkline/get?param=sz000100%2Cday%2C2019-01-01%2C2019-12-31%2C640%2Chfq,CNY,CNY per share,F:\Capstone Project\China A Share Research\public_fallback\raw\tencent\000100.SZ\2019_hfq.json,2026-10-10T08:47:43.660455+00:00,ok,244,bf3bfe870cce2a01eaf74668be853c3da23e756834f84cad908a58fbf80ae5ab,,1,,
000100.SZ,prices,2019.0,raw,https://web.ifzq.gtimg.cn/appstock/app/fqkline/get?param=sz000100%2Cday%2C2019-01-01%2C2019-12-31%2C640%2C,CNY,CNY per share,F:\Capstone Project\China A Share Research\public_fallback\raw\tencent\000100.SZ\2019_raw.json,2026-10-10T08:47:43.666408+00:00,ok,244,27d087d236bcc26cf7473f181d210e9d0fc1420211d3a2ede3edfd6a4cd667b6,,1,,
000100.SZ,prices,2020.0,hfq,https://web.ifzq.gtimg.cn/appstock/app/fqkline/get?param=sz000100%2Cday%2C2020-01-01%2C2020-12-31%2C640%2Chfq,CNY,CNY per share,F:\Capstone Project\China A Share Research\public_fallback\raw\tencent\000100.SZ\2020_hfq.json,2026-10-10T08:47:47.830231+00:00,ok,242,beaead94ac2761f62954ae9203ba86af10df085387d674f5082febcf5455b0b7,,1,,
000100.SZ,prices,2020.0,raw,https://web.ifzq.gtimg.cn/appstock/app/fqkline/get?param=sz000100%2Cday%2C2020-01-01%2C2020-12-31%2C640%2C,CNY,CNY per share,F:\Capstone Project\China A Share Research\public_fallback\raw\tencent\000100.SZ\2020_raw.json,2026-10-10T08:47:47.847247+00:00,ok,242,275c5eead90e9ffea48a345ada891677d1460bb5f56da0c5f872aec20fbce70d,,1,,
000100.SZ,prices,2021.0,hfq,https://web.ifzq.gtimg.cn/appstock/app/fqkline/get?param=sz000100%2Cday%2C2021-01-01%2C2021-12-31%2C640%2Chfq,CNY,CNY per share,F:\Capstone Project\China A Share Research\public_fallback\raw\tencent\000100.SZ\2021_hfq.json,2026-10-10T08:47:52.172790+00:00,ok,243,e5f522395177fbe008e60673792413480a39657010a01abb8bd3342962ddb8f2,,1,,
000100.SZ,prices,2021.0,raw,https://web.ifzq.gtimg.cn/appstock/app/fqkline/get?param=sz000100%2Cday%2C2021-01-01%2C2021-12-31%2C640%2C,CNY,CNY per share,F:\Capstone Project\China A Share Research\public_fallback\raw\tencent\000100.SZ\2021_raw.json,2026-10-10T08:47:52.052919+00:00,ok,243,14f8d17dff0f350241d78fd7c94b9f6de68eb0a842b4db834405f609196c7897,,1,,
000100.SZ,prices,2022.0,hfq,https://web.ifzq.gtimg.cn/appstock/app/fqkline/get?param=sz000100%2Cday%2C2022-01-01%2C2022-12-31%2C640%2Chfq,CNY,CNY per share,F:\Capstone Project\China A Share Research\public_fallback\raw\tencent\000100.SZ\2022_hfq.json,2026-10-10T08:47:56.241733+00:00,ok,242,98134f7d769770905ea3a00991a2b5b25fcbd752becdf0050a9ca5cf52d0190f,,1,,
000100.SZ,prices,2022.0,raw,https://web.ifzq.gtimg.cn/appstock/app/fqkline/get?param=sz000100%2Cday%2C2022-01-01%2C2022-12-31%2C640%2C,CNY,CNY per share,F:\Capstone Project\China A Share Research\public_fallback\raw\tencent\000100.SZ\2022_raw.json,2026-10-10T08:47:56.229261+00:00,ok,242,48991c0d9a1d29424885ab4cccd5a96cc011c06901fb8a4741bf579d6dfe76d7,,1,,
000100.SZ,prices,2023.0,hfq,https://web.ifzq.gtimg.cn/appstock/app/fqkline/get?param=sz000100%2Cday%2C2023-01-01%2C2023-12-31%2C640%2Chfq,CNY,CNY per share,F:\Capstone Project\China A Share Research\public_fallback\raw\tencent\000100.SZ\2023_hfq.json,2026-10-10T08:48:00.375142+00:00,ok,242,c148944f461a13228d69b6b55a74cbbd667c0899f5be65ab652d7740d5a6de19,,1,,
000100.SZ,prices,2023.0,raw,https://web.ifzq.gtimg.cn/appstock/app/fqkline/get?param=sz000100%2Cday%2C2023-01-01%2C2023-12-31%2C640%2C,CNY,CNY per share,F:\Capstone Project\China A Share Research\public_fallback\raw\tencent\000100.SZ\2023_raw.json,2026-10-10T08:48:00.380653+00:00,ok,242,9e2109581e7afd3723261e3a9add05186e4e9e1e4e4357031e1c381626902141,,1,,
000100.SZ,prices,2024.0,hfq,https://web.ifzq.gtimg.cn/appstock/app/fqkline/get?param=sz000100%2Cday%2C2024-01-01%2C2024-12-31%2C640%2Chfq,CNY,CNY per share,F:\Capstone Project\China A Share Research\public_fallback\raw\tencent\000100.SZ\2024_hfq.json,2026-10-10T08:48:04.420405+00:00,ok,242,7b45d8f8733f65eda25f4dada14b465a29eeab4ffdec88c65dcddeb37605a391,,1,,
000100.SZ,prices,2024.0,raw,https://web.ifzq.gtimg.cn/appstock/app/fqkline/get?param=sz000100%2Cday%2C2024-01-01%2C2024-12-31%2C640%2C,CNY,CNY per share,F:\Capstone Project\China A Share Research\public_fallback\raw\tencent\000100.SZ\2024_raw.json,2026-10-10T08:48:04.440830+00:00,ok,242,989844ba8fb97ea8309cbe0cef5d81cb8c62fda69ebe1927bb388bfa7eac0076,,1,,
000100.SZ,prices,2025.0,hfq,https://web.ifzq.gtimg.cn/appstock/app/fqkline/get?param=sz000100%2Cday%2C2025-01-01%2C2025-12-31%2C640%2Chfq,CNY,CNY per share,F:\Capstone Project\China A Share Research\public_fallback\raw\tencent\000100.SZ\2025_hfq.json,2026-10-10T08:48:09.083245+00:00,ok,243,130b8d1c61b36b6587abae2e61be3edc6ad519ad98efd78e252ce05cbec3d068,,1,,
000100.SZ,prices,2025.0,raw,https://web.ifzq.gtimg.cn/appstock/app/fqkline/get?param=sz000100%2Cday%2C2025-01-01%2C2025-12-31%2C640%2C,CNY,CNY per share,F:\Capstone Project\China A Share Research\public_fallback\raw\tencent\000100.SZ\2025_raw.json,2026-10-10T08:48:09.055681+00:00,ok,243,33a63d5d7ab81a66bca884e837c7574e26e6a7158c8474c0a1348913124ee590,,1,,
000100.SZ,prices,2026.0,hfq,https://web.ifzq.gtimg.cn/appstock/app/fqkline/get?param=sz000100%2Cday%2C2026-01-01%2C2026-10-09%2C640%2Chfq,CNY,CNY per share,F:\Capstone Project\China A Share Research\public_fallback\raw\tencent\000100.SZ\2026_hfq.json,2026-10-10T08:48:13.581745+00:00,ok,183,c368a382a7c2e07ba1935d3e130a151f5f54558047ea2a0720f929ba6a89e36c,,1,,
000100.SZ,prices,2026.0,raw,https://web.ifzq.gtimg.cn/appstock/app/fqkline/get?param=sz000100%2Cday%2C2026-01-01%2C2026-10-09%2C640%2C,CNY,CNY per share,F:\Capstone Project\China A Share Research\public_fallback\raw\tencent\000100.SZ\2026_raw.json,2026-10-10T08:48:13.556027+00:00,ok,183,ca59faf198904c8522afb72a22fb8afc0acf422e705a9108212ff266aa237a47,,1,,
000100.SZ,shares,,raw,https://datacenter-web.eastmoney.com/api/data/v1/get?reportName=RPT_F10_EH_EQUITY&columns=ALL&filter=%28SECUCODE%3D%22000100.SZ%22%29&pageNumber=1&pageSize=500&sortColumns=END_DATE&sortTypes=-1,CNY,shares,F:\Capstone Project\China A Share Research\public_fallback\raw\eastmoney\000100.SZ_shares.json,2026-10-10T08:46:11.816759+00:00,ok,128,6f2ce4cd0d8c06cf3314ede429bdad01e62e4df47e858577f399d2693b68dbf8,,1,,
000333.SZ,income,,raw,https://datacenter-web.eastmoney.com/api/data/v1/get?reportName=RPT_LICO_FN_CPD&columns=ALL&filter=%28SECURITY_CODE%3D%22000333%22%29&pageNumber=1&pageSize=500&sortColumns=REPORTDATE&sortTypes=-1,CNY,CNY,F:\Capstone Project\China A Share Research\public_fallback\raw\eastmoney\000333.SZ_income.json,2026-10-10T08:45:58.926491+00:00,ok,79,d69d264cfd388ef8bab6391d81a2be29ca05a56d42098abaad86ff75d95e84b2,,1,,
000333.SZ,prices,2016.0,hfq,https://web.ifzq.gtimg.cn/appstock/app/fqkline/get?param=sz000333%2Cday%2C2016-01-01%2C2016-12-31%2C640%2Chfq,CNY,CNY per share,F:\Capstone Project\China A Share Research\public_fallback\raw\tencent\000333.SZ\2016_hfq.json,2026-10-10T08:47:26.205157+00:00,ok,234,34c94660cf9782dc544c9140094c3310d5cafa2228c83afe98c8e68aa95aa906,,1,,
000333.SZ,prices,2016.0,raw,https://web.ifzq.gtimg.cn/appstock/app/fqkline/get?param=sz000333%2Cday%2C2016-01-01%2C2016-12-31%2C640%2C,CNY,CNY per share,F:\Capstone Project\China A Share Research\public_fallback\raw\tencent\000333.SZ\2016_raw.json,2026-10-10T08:47:26.217884+00:00,ok,234,e5b91364836292e5bc2cff603e1fd765d28832800de15f8096df49f7809faf07,,1,,
000333.SZ,prices,2017.0,hfq,https://web.ifzq.gtimg.cn/appstock/app/fqkline/get?param=sz000333%2Cday%2C2017-01-01%2C2017-12-31%2C640%2Chfq,CNY,CNY per share,F:\Capstone Project\China A Share Research\public_fallback\raw\tencent\000333.SZ\2017_hfq.json,2026-10-10T08:47:34.699706+00:00,ok,244,727189d171ad38e1199610794557a4e664a96b0e60a0783ccbbda5fafc04c450,,1,,
000333.SZ,prices,2017.0,raw,https://web.ifzq.gtimg.cn/appstock/app/fqkline/get?param=sz000333%2Cday%2C2017-01-01%2C2017-12-31%2C640%2C,CNY,CNY per share,F:\Capstone Project\China A Share Research\public_fallback\raw\tencent\000333.SZ\2017_raw.json,2026-10-10T08:47:34.344362+00:00,ok,244,b6db55a5a72fab5f9f834df648dba0ef941be9850ab3c2048aebcb3977ac9078,,1,,
000333.SZ,prices,2018.0,hfq,https://web.ifzq.gtimg.cn/appstock/app/fqkline/get?param=sz000333%2Cday%2C2018-01-01%2C2018-12-31%2C640%2Chfq,CNY,CNY per share,F:\Capstone Project\China A Share Research\public_fallback\raw\tencent\000333.SZ\2018_hfq.json,2026-10-10T08:47:38.893203+00:00,ok,214,a0106ef3f53871575f84ecfabc6539f3a8852cb618d8bb3d15bd6139bacfd722,,1,,
000333.SZ,prices,2018.0,raw,https://web.ifzq.gtimg.cn/appstock/app/fqkline/get?param=sz000333%2Cday%2C2018-01-01%2C2018-12-31%2C640%2C,CNY,CNY per share,F:\Capstone Project\China A Share Research\public_fallback\raw\tencent\000333.SZ\2018_raw.json,2026-10-10T08:47:38.888066+00:00,ok,214,8dc060e99c782e6320b8c41c7963377852c5c1982026fbbb14b4db90641f6b27,,1,,
000333.SZ,prices,2019.0,hfq,https://web.ifzq.gtimg.cn/appstock/app/fqkline/get?param=sz000333%2Cday%2C2019-01-01%2C2019-12-31%2C640%2Chfq,CNY,CNY per share,F:\Capstone Project\China A Share Research\public_fallback\raw\tencent\000333.SZ\2019_hfq.json,2026-10-10T08:47:43.247399+00:00,ok,233,2d2857ee1960a08addd664df9627f50d77456d8586a326ec40c3cdac7b2fe860,,1,,
000333.SZ,prices,2019.0,raw,https://web.ifzq.gtimg.cn/appstock/app/fqkline/get?param=sz000333%2Cday%2C2019-01-01%2C2019-12-31%2C640%2C,CNY,CNY per share,F:\Capstone Project\China A Share Research\public_fallback\raw\tencent\000333.SZ\2019_raw.json,2026-10-10T08:47:43.200484+00:00,ok,233,595006d6e10b7410a19de91853c82967eaee09b8668ab174f5d0798f91e03dc8,,1,,
000333.SZ,prices,2020.0,hfq,https://web.ifzq.gtimg.cn/appstock/app/fqkline/get?param=sz000333%2Cday%2C2020-01-01%2C2020-12-31%2C640%2Chfq,CNY,CNY per share,F:\Capstone Project\China A Share Research\public_fallback\raw\tencent\000333.SZ\2020_hfq.json,2026-10-10T08:47:47.395303+00:00,ok,243,13a82d9a3b9cb4e347ae363ab1be9ea5bfbcf258450490fe3219f65bc5668481,,1,,
000333.SZ,prices,2020.0,raw,https://web.ifzq.gtimg.cn/appstock/app/fqkline/get?param=sz000333%2Cday%2C2020-01-01%2C2020-12-31%2C640%2C,CNY,CNY per share,F:\Capstone Project\China A Share Research\public_fallback\raw\tencent\000333.SZ\2020_raw.json,2026-10-10T08:47:47.413302+00:00,ok,243,a44fa15126f660e6277b1b786df5fe637eb63b06396a6359b9af68bc78194222,,1,,
000333.SZ,prices,2021.0,hfq,https://web.ifzq.gtimg.cn/appstock/app/fqkline/get?param=sz000333%2Cday%2C2021-01-01%2C2021-12-31%2C640%2Chfq,CNY,CNY per share,F:\Capstone Project\China A Share Research\public_fallback\raw\tencent\000333.SZ\2021_hfq.json,2026-10-10T08:47:51.572058+00:00,ok,243,9d4fb0dd944df85dc0fa6edd4c2a109e17dd8b72e5a3a054284dc2046c1bbd66,,1,,
000333.SZ,prices,2021.0,raw,https://web.ifzq.gtimg.cn/appstock/app/fqkline/get?param=sz000333%2Cday%2C2021-01-01%2C2021-12-31%2C640%2C,CNY,CNY per share,F:\Capstone Project\China A Share Research\public_fallback\raw\tencent\000333.SZ\2021_raw.json,2026-10-10T08:47:51.569058+00:00,ok,243,25da57d85c47c88e712f08b6c60ab856e0b4afa9a051b0a002a342977688759d,,1,,
000333.SZ,prices,2022.0,hfq,https://web.ifzq.gtimg.cn/appstock/app/fqkline/get?param=sz000333%2Cday%2C2022-01-01%2C2022-12-31%2C640%2Chfq,CNY,CNY per share,F:\Capstone Project\China A Share Research\public_fallback\raw\tencent\000333.SZ\2022_hfq.json,2026-10-10T08:47:55.706627+00:00,ok,242,6a9397f88224f0821c938b5482a54ce39077a46ebde3da665028a607db6dc1ba,,1,,
000333.SZ,prices,2022.0,raw,https://web.ifzq.gtimg.cn/appstock/app/fqkline/get?param=sz000333%2Cday%2C2022-01-01%2C2022-12-31%2C640%2C,CNY,CNY per share,F:\Capstone Project\China A Share Research\public_fallback\raw\tencent\000333.SZ\2022_raw.json,2026-10-10T08:47:55.695295+00:00,ok,242,5bdc574b2dcbc5422ef210827676df68f5dafa2d64de91879b0ce8f2bd4bc340,,1,,
000333.SZ,prices,2023.0,hfq,https://web.ifzq.gtimg.cn/appstock/app/fqkline/get?param=sz000333%2Cday%2C2023-01-01%2C2023-12-31%2C640%2Chfq,CNY,CNY per share,F:\Capstone Project\China A Share Research\public_fallback\raw\tencent\000333.SZ\2023_hfq.json,2026-10-10T08:47:59.829522+00:00,ok,242,aed1188b1fc23097f9aa96a41e1e9ad3acb968a8decb0afa3710e3dda2357318,,1,,
000333.SZ,prices,2023.0,raw,https://web.ifzq.gtimg.cn/appstock/app/fqkline/get?param=sz000333%2Cday%2C2023-01-01%2C2023-12-31%2C640%2C,CNY,CNY per share,F:\Capstone Project\China A Share Research\public_fallback\raw\tencent\000333.SZ\2023_raw.json,2026-10-10T08:47:59.811296+00:00,ok,242,82020eb6e172e079fca08a54759e550dd673aa84ef7da47a7a0f50c0d4c0e9a2,,1,,
000333.SZ,prices,2024.0,hfq,https://web.ifzq.gtimg.cn/appstock/app/fqkline/get?param=sz000333%2Cday%2C2024-01-01%2C2024-12-31%2C640%2Chfq,CNY,CNY per share,F:\Capstone Project\China A Share Research\public_fallback\raw\tencent\000333.SZ\2024_hfq.json,2026-10-10T08:48:03.919544+00:00,ok,242,50c6b3ecf8fb4e1918f301229f051dda5a550e477b7c46f7d6070537a46fcd5b,,1,,
000333.SZ,prices,2024.0,raw,https://web.ifzq.gtimg.cn/appstock/app/fqkline/get?param=sz000333%2Cday%2C2024-01-01%2C2024-12-31%2C640%2C,CNY,CNY per share,F:\Capstone Project\China A Share Research\public_fallback\raw\tencent\000333.SZ\2024_raw.json,2026-10-10T08:48:03.930662+00:00,ok,242,dd18dd567544d115e9e800f60f539b23d9b3223da3af7dc93af9f1d4c283b477,,1,,
000333.SZ,prices,2025.0,hfq,https://web.ifzq.gtimg.cn/appstock/app/fqkline/get?param=sz000333%2Cday%2C2025-01-01%2C2025-12-31%2C640%2Chfq,CNY,CNY per share,F:\Capstone Project\China A Share Research\public_fallback\raw\tencent\000333.SZ\2025_hfq.json,2026-10-10T08:48:08.128987+00:00,ok,243,c0273f051ff32fa08809b7ea94766efcc94f3567cd39fcc588488dd38b5885fe,,1,,
000333.SZ,prices,2025.0,raw,https://web.ifzq.gtimg.cn/appstock/app/fqkline/get?param=sz000333%2Cday%2C2025-01-01%2C2025-12-31%2C640%2C,CNY,CNY per share,F:\Capstone Project\China A Share Research\public_fallback\raw\tencent\000333.SZ\2025_raw.json,2026-10-10T08:48:08.105575+00:00,ok,243,6dc4dfee2b6713bbe7d4f57c8d9030db7527e983de4168847849b6290a23322a,,1,,
000333.SZ,prices,2026.0,hfq,https://web.ifzq.gtimg.cn/appstock/app/fqkline/get?param=sz000333%2Cday%2C2026-01-01%2C2026-10-09%2C640%2Chfq,CNY,CNY per share,F:\Capstone Project\China A Share Research\public_fallback\raw\tencent\000333.SZ\2026_hfq.json,2026-10-10T08:48:13.143403+00:00,ok,183,015b2e84ae923a6a360622549713150712063afa27e23f6bd4d087111037f682,,1,,
000333.SZ,prices,2026.0,raw,https://web.ifzq.gtimg.cn/appstock/app/fqkline/get?param=sz000333%2Cday%2C2026-01-01%2C2026-10-09%2C640%2C,CNY,CNY per share,F:\Capstone Project\China A Share Research\public_fallback\raw\tencent\000333.SZ\2026_raw.json,2026-10-10T08:48:13.126294+00:00,ok,183,865a2798caa462dca9f214ac747a7bf26add1b873f99d89f6e1b112f6fe49b8d,,1,,
000333.SZ,shares,,raw,https://datacenter-web.eastmoney.com/api/data/v1/get?reportName=RPT_F10_EH_EQUITY&columns=ALL&filter=%28SECUCODE%3D%22000333.SZ%22%29&pageNumber=1&pageSize=500&sortColumns=END_DATE&sortTypes=-1,CNY,shares,F:\Capstone Project\China A Share Research\public_fallback\raw\eastmoney\000333.SZ_shares.json,2026-10-10T08:46:10.282877+00:00,ok,672,5b35062774b194821ba91db391469d793ee31acbd193300846deb710065fdaab,,2,F:\Capstone Project\China A Share Research\public_fallback\raw\eastmoney\000333.SZ_shares_page2.json,4c29449bfd3f3a986ae8975bac7994a8fc3509a409c7568177e343a3e5883cea
000625.SZ,income,,raw,https://datacenter-web.eastmoney.com/api/data/v1/get?reportName=RPT_LICO_FN_CPD&columns=ALL&filter=%28SECURITY_CODE%3D%22000625%22%29&pageNumber=1&pageSize=500&sortColumns=REPORTDATE&sortTypes=-1,CNY,CNY,F:\Capstone Project\China A Share Research\public_fallback\raw\eastmoney\000625.SZ_income.json,2026-10-10T08:46:28.437753+00:00,ok,111,9ea478f0e39c3b29c20bdddcf591698775af7bba09cf0f57d1ce1c89f507f2b7,,1,,
000625.SZ,prices,2016.0,hfq,https://web.ifzq.gtimg.cn/appstock/app/fqkline/get?param=sz000625%2Cday%2C2016-01-01%2C2016-12-31%2C640%2Chfq,CNY,CNY per share,F:\Capstone Project\China A Share Research\public_fallback\raw\tencent\000625.SZ\2016_hfq.json,2026-10-10T08:47:30.913561+00:00,ok,224,e6aca8649b08eb805456a2a245af6ef491cf65344d38e2f16c8475d43c64ad22,,1,,
000625.SZ,prices,2016.0,raw,https://web.ifzq.gtimg.cn/appstock/app/fqkline/get?param=sz000625%2Cday%2C2016-01-01%2C2016-12-31%2C640%2C,CNY,CNY per share,F:\Capstone Project\China A Share Research\public_fallback\raw\tencent\000625.SZ\2016_raw.json,2026-10-10T08:47:31.259230+00:00,ok,224,53d7de6d17f5ea4ea3429280db68616f5d4f52af62e5ca8917b5f622c1fd3a90,,1,,
000625.SZ,prices,2017.0,hfq,https://web.ifzq.gtimg.cn/appstock/app/fqkline/get?param=sz000625%2Cday%2C2017-01-01%2C2017-12-31%2C640%2Chfq,CNY,CNY per share,F:\Capstone Project\China A Share Research\public_fallback\raw\tencent\000625.SZ\2017_hfq.json,2026-10-10T08:47:36.010159+00:00,ok,244,96a099b2c73b4e106438be38e16b9a7cbbcefec723ade3de91d4c9e5adf37255,,1,,
000625.SZ,prices,2017.0,raw,https://web.ifzq.gtimg.cn/appstock/app/fqkline/get?param=sz000625%2Cday%2C2017-01-01%2C2017-12-31%2C640%2C,CNY,CNY per share,F:\Capstone Project\China A Share Research\public_fallback\raw\tencent\000625.SZ\2017_raw.json,2026-10-10T08:47:36.010159+00:00,ok,244,925533cdd53458ba3b6a37e30cc4567c334c81171edea526e1c271765b5d184d,,1,,
000625.SZ,prices,2018.0,hfq,https://web.ifzq.gtimg.cn/appstock/app/fqkline/get?param=sz000625%2Cday%2C2018-01-01%2C2018-12-31%2C640%2Chfq,CNY,CNY per share,F:\Capstone Project\China A Share Research\public_fallback\raw\tencent\000625.SZ\2018_hfq.json,2026-10-10T08:47:40.300532+00:00,ok,243,0028091eeea4c65956198226997bdab7c4a62e67bca47b02a1d5be3df423920e,,1,,
000625.SZ,prices,2018.0,raw,https://web.ifzq.gtimg.cn/appstock/app/fqkline/get?param=sz000625%2Cday%2C2018-01-01%2C2018-12-31%2C640%2C,CNY,CNY per share,F:\Capstone Project\China A Share Research\public_fallback\raw\tencent\000625.SZ\2018_raw.json,2026-10-10T08:47:40.225113+00:00,ok,243,903a70cfdc6c224ae8bcc7a1c848f340ef4db16e8cf46328cf3a6a9023e9be75,,1,,
000625.SZ,prices,2019.0,hfq,https://web.ifzq.gtimg.cn/appstock/app/fqkline/get?param=sz000625%2Cday%2C2019-01-01%2C2019-12-31%2C640%2Chfq,CNY,CNY per share,F:\Capstone Project\China A Share Research\public_fallback\raw\tencent\000625.SZ\2019_hfq.json,2026-10-10T08:47:44.494037+00:00,ok,244,2d9222738165cca0ee38d23e6b1f9d742150c40bec7b78464b7eb8017f39b2d8,,1,,
000625.SZ,prices,2019.0,raw,https://web.ifzq.gtimg.cn/appstock/app/fqkline/get?param=sz000625%2Cday%2C2019-01-01%2C2019-12-31%2C640%2C,CNY,CNY per share,F:\Capstone Project\China A Share Research\public_fallback\raw\tencent\000625.SZ\2019_raw.json,2026-10-10T08:47:44.495027+00:00,ok,244,4a60a0e0d8cfa59debe8d7e37b1a41a0080761622adf250c04d9d31e9f164c29,,1,,
000625.SZ,prices,2020.0,hfq,https://web.ifzq.gtimg.cn/appstock/app/fqkline/get?param=sz000625%2Cday%2C2020-01-01%2C2020-12-31%2C640%2Chfq,CNY,CNY per share,F:\Capstone Project\China A Share Research\public_fallback\raw\tencent\000625.SZ\2020_hfq.json,2026-10-10T08:47:48.665937+00:00,ok,243,968d3bc1f5034ce926334e4039db1abf04be430acbf0f4696d8884cffca07fb1,,1,,
000625.SZ,prices,2020.0,raw,https://web.ifzq.gtimg.cn/appstock/app/fqkline/get?param=sz000625%2Cday%2C2020-01-01%2C2020-12-31%2C640%2C,CNY,CNY per share,F:\Capstone Project\China A Share Research\public_fallback\raw\tencent\000625.SZ\2020_raw.json,2026-10-10T08:47:48.678221+00:00,ok,243,0b815e1672d4f69154d31b0e4fa28d87a3927d309238b5bc92b39709c149e439,,1,,
000625.SZ,prices,2021.0,hfq,https://web.ifzq.gtimg.cn/appstock/app/fqkline/get?param=sz000625%2Cday%2C2021-01-01%2C2021-12-31%2C640%2Chfq,CNY,CNY per share,F:\Capstone Project\China A Share Research\public_fallback\raw\tencent\000625.SZ\2021_hfq.json,2026-10-10T08:47:53.005144+00:00,ok,243,00f4bd2f141919e940be53461a08d39644d4defb28dd621057ad737f6ad4f1c9,,1,,
000625.SZ,prices,2021.0,raw,https://web.ifzq.gtimg.cn/appstock/app/fqkline/get?param=sz000625%2Cday%2C2021-01-01%2C2021-12-31%2C640%2C,CNY,CNY per share,F:\Capstone Project\China A Share Research\public_fallback\raw\tencent\000625.SZ\2021_raw.json,2026-10-10T08:47:52.877429+00:00,ok,243,7da9d257427b694d1e62d8215a217f9ceaf6a55962c6d3c4401efe933b4e34a0,,1,,
000625.SZ,prices,2022.0,hfq,https://web.ifzq.gtimg.cn/appstock/app/fqkline/get?param=sz000625%2Cday%2C2022-01-01%2C2022-12-31%2C640%2Chfq,CNY,CNY per share,F:\Capstone Project\China A Share Research\public_fallback\raw\tencent\000625.SZ\2022_hfq.json,2026-10-10T08:47:57.064775+00:00,ok,242,f4bebd0dfa18a04b709a5a8a042a978fec616e795afc3ae6ca5d3773280e6f6c,,1,,
000625.SZ,prices,2022.0,raw,https://web.ifzq.gtimg.cn/appstock/app/fqkline/get?param=sz000625%2Cday%2C2022-01-01%2C2022-12-31%2C640%2C,CNY,CNY per share,F:\Capstone Project\China A Share Research\public_fallback\raw\tencent\000625.SZ\2022_raw.json,2026-10-10T08:47:57.036829+00:00,ok,242,17fea995f4e10e68bbbee9266443c2784eeb83e14f66c2d80adb8ef37170d501,,1,,
000625.SZ,prices,2023.0,hfq,https://web.ifzq.gtimg.cn/appstock/app/fqkline/get?param=sz000625%2Cday%2C2023-01-01%2C2023-12-31%2C640%2Chfq,CNY,CNY per share,F:\Capstone Project\China A Share Research\public_fallback\raw\tencent\000625.SZ\2023_hfq.json,2026-10-10T08:48:01.202691+00:00,ok,242,abd645374c2f5d006a986c32af2789093c5f8061fb2ea5307f1f792f590a8e79,,1,,
000625.SZ,prices,2023.0,raw,https://web.ifzq.gtimg.cn/appstock/app/fqkline/get?param=sz000625%2Cday%2C2023-01-01%2C2023-12-31%2C640%2C,CNY,CNY per share,F:\Capstone Project\China A Share Research\public_fallback\raw\tencent\000625.SZ\2023_raw.json,2026-10-10T08:48:01.201507+00:00,ok,242,fdaadfb348799c515928a31b70c92ce44171aa99b8316bc9719d87859cb87e0e,,1,,
000625.SZ,prices,2024.0,hfq,https://web.ifzq.gtimg.cn/appstock/app/fqkline/get?param=sz000625%2Cday%2C2024-01-01%2C2024-12-31%2C640%2Chfq,CNY,CNY per share,F:\Capstone Project\China A Share Research\public_fallback\raw\tencent\000625.SZ\2024_hfq.json,2026-10-10T08:48:05.229686+00:00,ok,242,be7fa2b27f0ec9bcc93ba63072ed730958ef0396a690e199626b81413dcd1430,,1,,
000625.SZ,prices,2024.0,raw,https://web.ifzq.gtimg.cn/appstock/app/fqkline/get?param=sz000625%2Cday%2C2024-01-01%2C2024-12-31%2C640%2C,CNY,CNY per share,F:\Capstone Project\China A Share Research\public_fallback\raw\tencent\000625.SZ\2024_raw.json,2026-10-10T08:48:05.234943+00:00,ok,242,2901d388120b861da0c99a55898284b1514492ebc57310ed54d87a16843a46da,,1,,
000625.SZ,prices,2025.0,hfq,https://web.ifzq.gtimg.cn/appstock/app/fqkline/get?param=sz000625%2Cday%2C2025-01-01%2C2025-12-31%2C640%2Chfq,CNY,CNY per share,F:\Capstone Project\China A Share Research\public_fallback\raw\tencent\000625.SZ\2025_hfq.json,2026-10-10T08:48:10.283903+00:00,ok,243,b77eb30622b0315485179525cc7a78449b302b0d42e7098c2acb3fb131c855ce,,1,,
000625.SZ,prices,2025.0,raw,https://web.ifzq.gtimg.cn/appstock/app/fqkline/get?param=sz000625%2Cday%2C2025-01-01%2C2025-12-31%2C640%2C,CNY,CNY per share,F:\Capstone Project\China A Share Research\public_fallback\raw\tencent\000625.SZ\2025_raw.json,2026-10-10T08:48:10.232883+00:00,ok,243,3ad02d24aaeff20455f216817e3a2565cf8d90f2c8b56dc2eaaef786df9b7255,,1,,
000625.SZ,prices,2026.0,hfq,https://web.ifzq.gtimg.cn/appstock/app/fqkline/get?param=sz000625%2Cday%2C2026-01-01%2C2026-10-09%2C640%2Chfq,CNY,CNY per share,F:\Capstone Project\China A Share Research\public_fallback\raw\tencent\000625.SZ\2026_hfq.json,2026-10-10T08:48:14.802750+00:00,ok,183,3846d58c9d39478884e1cd2b1c8efa1feae0d26ab5d2ace43b6d0d4a589e43df,,1,,
000625.SZ,prices,2026.0,raw,https://web.ifzq.gtimg.cn/appstock/app/fqkline/get?param=sz000625%2Cday%2C2026-01-01%2C2026-10-09%2C640%2C,CNY,CNY per share,F:\Capstone Project\China A Share Research\public_fallback\raw\tencent\000625.SZ\2026_raw.json,2026-10-10T08:48:14.666767+00:00,ok,183,72b051fed6482c0c5a2d03cf63540c0948ae34c98959d22801b69cc6988b0184,,1,,
000625.SZ,shares,,raw,https://datacenter-web.eastmoney.com/api/data/v1/get?reportName=RPT_F10_EH_EQUITY&columns=ALL&filter=%28SECUCODE%3D%22000625.SZ%22%29&pageNumber=1&pageSize=500&sortColumns=END_DATE&sortTypes=-1,CNY,shares,F:\Capstone Project\China A Share Research\public_fallback\raw\eastmoney\000625.SZ_shares.json,2026-10-10T08:47:19.742000+00:00,ok,69,078ea4131be5e465bd65ceb8d197e51a10a18b49588ad1925fb8b49f4bcd42be,,1,,
000725.SZ,income,,raw,https://datacenter-web.eastmoney.com/api/data/v1/get?reportName=RPT_LICO_FN_CPD&columns=ALL&filter=%28SECURITY_CODE%3D%22000725%22%29&pageNumber=1&pageSize=500&sortColumns=REPORTDATE&sortTypes=-1,CNY,CNY,F:\Capstone Project\China A Share Research\public_fallback\raw\eastmoney\000725.SZ_income.json,2026-10-10T08:46:12.077500+00:00,ok,112,3317ccb00b6efb234220da2cd08d876544db3370925232857b68bd1941f45188,,1,,
000725.SZ,prices,2016.0,hfq,https://web.ifzq.gtimg.cn/appstock/app/fqkline/get?param=sz000725%2Cday%2C2016-01-01%2C2016-12-31%2C640%2Chfq,CNY,CNY per share,F:\Capstone Project\China A Share Research\public_fallback\raw\tencent\000725.SZ\2016_hfq.json,2026-10-10T08:47:29.661569+00:00,ok,244,fd1c2abbe51470436aef788ab69249fc3fee7d55723b5b1d2fbafd12c278f3d4,,1,,
000725.SZ,prices,2016.0,raw,https://web.ifzq.gtimg.cn/appstock/app/fqkline/get?param=sz000725%2Cday%2C2016-01-01%2C2016-12-31%2C640%2C,CNY,CNY per share,F:\Capstone Project\China A Share Research\public_fallback\raw\tencent\000725.SZ\2016_raw.json,2026-10-10T08:47:29.662660+00:00,ok,244,f13864e23251e47481e7df4c62c8fd75385ab43431670f4baf90c90ec0b8047d,,1,,
000725.SZ,prices,2017.0,hfq,https://web.ifzq.gtimg.cn/appstock/app/fqkline/get?param=sz000725%2Cday%2C2017-01-01%2C2017-12-31%2C640%2Chfq,CNY,CNY per share,F:\Capstone Project\China A Share Research\public_fallback\raw\tencent\000725.SZ\2017_hfq.json,2026-10-10T08:47:35.560012+00:00,ok,244,b5422356cac69ea88888c25aea4226d43513de98d3246294b2560bbc33300528,,1,,
000725.SZ,prices,2017.0,raw,https://web.ifzq.gtimg.cn/appstock/app/fqkline/get?param=sz000725%2Cday%2C2017-01-01%2C2017-12-31%2C640%2C,CNY,CNY per share,F:\Capstone Project\China A Share Research\public_fallback\raw\tencent\000725.SZ\2017_raw.json,2026-10-10T08:47:35.573010+00:00,ok,244,c317524e785d8da313e1c25dc3409e8047399208f56276dbd14d6f04ed08d206,,1,,
000725.SZ,prices,2018.0,hfq,https://web.ifzq.gtimg.cn/appstock/app/fqkline/get?param=sz000725%2Cday%2C2018-01-01%2C2018-12-31%2C640%2Chfq,CNY,CNY per share,F:\Capstone Project\China A Share Research\public_fallback\raw\tencent\000725.SZ\2018_hfq.json,2026-10-10T08:47:39.746942+00:00,ok,243,6055f92d8f2061ce7da8d869393d45af07c757641772dc591a7881932bb1fd90,,1,,
000725.SZ,prices,2018.0,raw,https://web.ifzq.gtimg.cn/appstock/app/fqkline/get?param=sz000725%2Cday%2C2018-01-01%2C2018-12-31%2C640%2C,CNY,CNY per share,F:\Capstone Project\China A Share Research\public_fallback\raw\tencent\000725.SZ\2018_raw.json,2026-10-10T08:47:39.750943+00:00,ok,243,8a45e95d229565fa9eeae55a733703c4aa51a490aee8c10a349581199813d470,,1,,
000725.SZ,prices,2019.0,hfq,https://web.ifzq.gtimg.cn/appstock/app/fqkline/get?param=sz000725%2Cday%2C2019-01-01%2C2019-12-31%2C640%2Chfq,CNY,CNY per share,F:\Capstone Project\China A Share Research\public_fallback\raw\tencent\000725.SZ\2019_hfq.json,2026-10-10T08:47:44.059093+00:00,ok,244,30455413044f9461f17e47bbc31878742ff110f95be79ee8a08d8d0e4ccf0d9d,,1,,
000725.SZ,prices,2019.0,raw,https://web.ifzq.gtimg.cn/appstock/app/fqkline/get?param=sz000725%2Cday%2C2019-01-01%2C2019-12-31%2C640%2C,CNY,CNY per share,F:\Capstone Project\China A Share Research\public_fallback\raw\tencent\000725.SZ\2019_raw.json,2026-10-10T08:47:44.024910+00:00,ok,244,a923f87d040573aaf0a180c0d40338a0345e0724ce56c9b40afe79dfbd29c6c4,,1,,
000725.SZ,prices,2020.0,hfq,https://web.ifzq.gtimg.cn/appstock/app/fqkline/get?param=sz000725%2Cday%2C2020-01-01%2C2020-12-31%2C640%2Chfq,CNY,CNY per share,F:\Capstone Project\China A Share Research\public_fallback\raw\tencent\000725.SZ\2020_hfq.json,2026-10-10T08:47:48.231724+00:00,ok,243,e54aaefab959b5eb96da747f05a01fdb4ab712e52d943e72271ad23ff5060242,,1,,
000725.SZ,prices,2020.0,raw,https://web.ifzq.gtimg.cn/appstock/app/fqkline/get?param=sz000725%2Cday%2C2020-01-01%2C2020-12-31%2C640%2C,CNY,CNY per share,F:\Capstone Project\China A Share Research\public_fallback\raw\tencent\000725.SZ\2020_raw.json,2026-10-10T08:47:48.215570+00:00,ok,243,62fa4e443cce86fd71209e2a7fec7fce5584c87360609951101809eab5565129,,1,,
000725.SZ,prices,2021.0,hfq,https://web.ifzq.gtimg.cn/appstock/app/fqkline/get?param=sz000725%2Cday%2C2021-01-01%2C2021-12-31%2C640%2Chfq,CNY,CNY per share,F:\Capstone Project\China A Share Research\public_fallback\raw\tencent\000725.SZ\2021_hfq.json,2026-10-10T08:47:52.397462+00:00,ok,243,a7231ba4ddb2921eddf4d3bcb61560b2e822fd96f1b3fb2960097a79f34d872b,,1,,
000725.SZ,prices,2021.0,raw,https://web.ifzq.gtimg.cn/appstock/app/fqkline/get?param=sz000725%2Cday%2C2021-01-01%2C2021-12-31%2C640%2C,CNY,CNY per share,F:\Capstone Project\China A Share Research\public_fallback\raw\tencent\000725.SZ\2021_raw.json,2026-10-10T08:47:52.415276+00:00,ok,243,b41618c3d763fa871e31e1883db1d44d3041c54abfb45f5b8f6aa3f5440488ed,,1,,
000725.SZ,prices,2022.0,hfq,https://web.ifzq.gtimg.cn/appstock/app/fqkline/get?param=sz000725%2Cday%2C2022-01-01%2C2022-12-31%2C640%2Chfq,CNY,CNY per share,F:\Capstone Project\China A Share Research\public_fallback\raw\tencent\000725.SZ\2022_hfq.json,2026-10-10T08:47:56.518590+00:00,ok,242,8c63f017f654545bcf83f5724d3297a7f0a49e0be85a3d3f38ed3316d59e9ac7,,1,,
000725.SZ,prices,2022.0,raw,https://web.ifzq.gtimg.cn/appstock/app/fqkline/get?param=sz000725%2Cday%2C2022-01-01%2C2022-12-31%2C640%2C,CNY,CNY per share,F:\Capstone Project\China A Share Research\public_fallback\raw\tencent\000725.SZ\2022_raw.json,2026-10-10T08:47:56.501491+00:00,ok,242,e1fe9e78dd0b09f2f22b15dc4db5ae9ad83eb9cda18317581c4ed0825d97efbc,,1,,
000725.SZ,prices,2023.0,hfq,https://web.ifzq.gtimg.cn/appstock/app/fqkline/get?param=sz000725%2Cday%2C2023-01-01%2C2023-12-31%2C640%2Chfq,CNY,CNY per share,F:\Capstone Project\China A Share Research\public_fallback\raw\tencent\000725.SZ\2023_hfq.json,2026-10-10T08:48:00.646926+00:00,ok,242,537a3d99b9bed802dc98774db29c7e0330f275a5f0de44ac8be6c9b6b943b64d,,1,,
000725.SZ,prices,2023.0,raw,https://web.ifzq.gtimg.cn/appstock/app/fqkline/get?param=sz000725%2Cday%2C2023-01-01%2C2023-12-31%2C640%2C,CNY,CNY per share,F:\Capstone Project\China A Share Research\public_fallback\raw\tencent\000725.SZ\2023_raw.json,2026-10-10T08:48:00.617926+00:00,ok,242,f7ae6c5e008eac27b95e79ce2d94c79f50c329d3322304aae3c7175337befe33,,1,,
000725.SZ,prices,2024.0,hfq,https://web.ifzq.gtimg.cn/appstock/app/fqkline/get?param=sz000725%2Cday%2C2024-01-01%2C2024-12-31%2C640%2Chfq,CNY,CNY per share,F:\Capstone Project\China A Share Research\public_fallback\raw\tencent\000725.SZ\2024_hfq.json,2026-10-10T08:48:04.770316+00:00,ok,242,8cf2603d1cbbf3510275f5fcd8d6b027aef36ee33fcf63c3959e1ade59ca1108,,1,,
000725.SZ,prices,2024.0,raw,https://web.ifzq.gtimg.cn/appstock/app/fqkline/get?param=sz000725%2Cday%2C2024-01-01%2C2024-12-31%2C640%2C,CNY,CNY per share,F:\Capstone Project\China A Share Research\public_fallback\raw\tencent\000725.SZ\2024_raw.json,2026-10-10T08:48:04.769314+00:00,ok,242,bfbc3a5d353f221f5837febe50666b808a6602cbed731f541694f625617c6aee,,1,,
000725.SZ,prices,2025.0,hfq,https://web.ifzq.gtimg.cn/appstock/app/fqkline/get?param=sz000725%2Cday%2C2025-01-01%2C2025-12-31%2C640%2Chfq,CNY,CNY per share,F:\Capstone Project\China A Share Research\public_fallback\raw\tencent\000725.SZ\2025_hfq.json,2026-10-10T08:48:10.189644+00:00,ok,243,31976bda55898fa6fce8f698b13daf87af3b2d326c4619034f4309610d212ba1,,1,,
000725.SZ,prices,2025.0,raw,https://web.ifzq.gtimg.cn/appstock/app/fqkline/get?param=sz000725%2Cday%2C2025-01-01%2C2025-12-31%2C640%2C,CNY,CNY per share,F:\Capstone Project\China A Share Research\public_fallback\raw\tencent\000725.SZ\2025_raw.json,2026-10-10T08:48:09.418798+00:00,ok,243,0ac10d84529333e6aeb06ee5b14f2eb6e6d8822813561756d4171c0dd7efb175,,1,,
000725.SZ,prices,2026.0,hfq,https://web.ifzq.gtimg.cn/appstock/app/fqkline/get?param=sz000725%2Cday%2C2026-01-01%2C2026-10-09%2C640%2Chfq,CNY,CNY per share,F:\Capstone Project\China A Share Research\public_fallback\raw\tencent\000725.SZ\2026_hfq.json,2026-10-10T08:48:13.974242+00:00,ok,183,6200caa4bdf5e0baeb66f215a6efc9f0323fa9202d25b4058aee7af8ed048ddb,,1,,
000725.SZ,prices,2026.0,raw,https://web.ifzq.gtimg.cn/appstock/app/fqkline/get?param=sz000725%2Cday%2C2026-01-01%2C2026-10-09%2C640%2C,CNY,CNY per share,F:\Capstone Project\China A Share Research\public_fallback\raw\tencent\000725.SZ\2026_raw.json,2026-10-10T08:48:13.987253+00:00,ok,183,db4b626e0bb3561bed997abbc6753f9ca0455be01c07b94969ddbf5abc3dbbe2,,1,,
000725.SZ,shares,,raw,https://datacenter-web.eastmoney.com/api/data/v1/get?reportName=RPT_F10_EH_EQUITY&columns=ALL&filter=%28SECUCODE%3D%22000725.SZ%22%29&pageNumber=1&pageSize=500&sortColumns=END_DATE&sortTypes=-1,CNY,shares,F:\Capstone Project\China A Share Research\public_fallback\raw\eastmoney\000725.SZ_shares.json,2026-10-10T08:47:08.273695+00:00,ok,86,4ed3011de0771e69c36b0e737cd4de4cdd87c29990c9904a29d63a31afdc6114,,1,,
002230.SZ,income,,raw,https://datacenter-web.eastmoney.com/api/data/v1/get?reportName=RPT_LICO_FN_CPD&columns=ALL&filter=%28SECURITY_CODE%3D%22002230%22%29&pageNumber=1&pageSize=500&sortColumns=REPORTDATE&sortTypes=-1,CNY,CNY,F:\Capstone Project\China A Share Research\public_fallback\raw\eastmoney\002230.SZ_income.json,2026-10-10T08:47:21.920638+00:00,ok,80,eccd8fafc0be948b41db674a26f5c8d81fae473b1907142509a9e5654a2927b2,,1,,
002230.SZ,prices,2016.0,hfq,https://web.ifzq.gtimg.cn/appstock/app/fqkline/get?param=sz002230%2Cday%2C2016-01-01%2C2016-12-31%2C640%2Chfq,CNY,CNY per share,F:\Capstone Project\China A Share Research\public_fallback\raw\tencent\002230.SZ\2016_hfq.json,2026-10-10T08:47:33.470616+00:00,ok,196,8304a21a6296ab1f0d9ede1a427e26cf987c90fcf7f8bf360f698fd85343f242,,1,,
002230.SZ,prices,2016.0,raw,https://web.ifzq.gtimg.cn/appstock/app/fqkline/get?param=sz002230%2Cday%2C2016-01-01%2C2016-12-31%2C640%2C,CNY,CNY per share,F:\Capstone Project\China A Share Research\public_fallback\raw\tencent\002230.SZ\2016_raw.json,2026-10-10T08:47:33.469606+00:00,ok,196,64b0d67a1219ec2f68fcb28c06e2c985c79a17be138f74c5eb1e17db9f7e12c8,,1,,
002230.SZ,prices,2017.0,hfq,https://web.ifzq.gtimg.cn/appstock/app/fqkline/get?param=sz002230%2Cday%2C2017-01-01%2C2017-12-31%2C640%2Chfq,CNY,CNY per share,F:\Capstone Project\China A Share Research\public_fallback\raw\tencent\002230.SZ\2017_hfq.json,2026-10-10T08:47:38.097685+00:00,ok,244,84341a1c8024103cf01f2639f6c96fa647c7edf7e6d5d30cf2b99b9ea787c0bd,,1,,
002230.SZ,prices,2017.0,raw,https://web.ifzq.gtimg.cn/appstock/app/fqkline/get?param=sz002230%2Cday%2C2017-01-01%2C2017-12-31%2C640%2C,CNY,CNY per share,F:\Capstone Project\China A Share Research\public_fallback\raw\tencent\002230.SZ\2017_raw.json,2026-10-10T08:47:38.065305+00:00,ok,244,bcd8bf9161fe70834ff2314634122d752b1e891c6077462515fb37a6045cd89d,,1,,
002230.SZ,prices,2018.0,hfq,https://web.ifzq.gtimg.cn/appstock/app/fqkline/get?param=sz002230%2Cday%2C2018-01-01%2C2018-12-31%2C640%2Chfq,CNY,CNY per share,F:\Capstone Project\China A Share Research\public_fallback\raw\tencent\002230.SZ\2018_hfq.json,2026-10-10T08:47:42.411594+00:00,ok,243,5988bea44c626b8d424e327bb290387ce9b2fb78d0ea5987d3bd1bb785e291b2,,1,,
002230.SZ,prices,2018.0,raw,https://web.ifzq.gtimg.cn/appstock/app/fqkline/get?param=sz002230%2Cday%2C2018-01-01%2C2018-12-31%2C640%2C,CNY,CNY per share,F:\Capstone Project\China A Share Research\public_fallback\raw\tencent\002230.SZ\2018_raw.json,2026-10-10T08:47:42.298668+00:00,ok,243,0efe7574812c1f152e25cfc5c3e87eab1adf9a1fc59505a44d03599fbfcacd35,,1,,
002230.SZ,prices,2019.0,hfq,https://web.ifzq.gtimg.cn/appstock/app/fqkline/get?param=sz002230%2Cday%2C2019-01-01%2C2019-12-31%2C640%2Chfq,CNY,CNY per share,F:\Capstone Project\China A Share Research\public_fallback\raw\tencent\002230.SZ\2019_hfq.json,2026-10-10T08:47:46.521431+00:00,ok,244,79c4e2ffeb8d9aef0c60803702bd7958ba02df08743c9340dadd286b8cbd5ac9,,1,,
002230.SZ,prices,2019.0,raw,https://web.ifzq.gtimg.cn/appstock/app/fqkline/get?param=sz002230%2Cday%2C2019-01-01%2C2019-12-31%2C640%2C,CNY,CNY per share,F:\Capstone Project\China A Share Research\public_fallback\raw\tencent\002230.SZ\2019_raw.json,2026-10-10T08:47:46.515780+00:00,ok,244,d744dbccdae778e0109458189c7756652d559cb1372a4bee999895a2e8fa0535,,1,,
002230.SZ,prices,2020.0,hfq,https://web.ifzq.gtimg.cn/appstock/app/fqkline/get?param=sz002230%2Cday%2C2020-01-01%2C2020-12-31%2C640%2Chfq,CNY,CNY per share,F:\Capstone Project\China A Share Research\public_fallback\raw\tencent\002230.SZ\2020_hfq.json,2026-10-10T08:47:50.716457+00:00,ok,243,6a96b009d45fe09091469c1e257d5827216d279e44c6598a2aa748779dd6cf82,,1,,
002230.SZ,prices,2020.0,raw,https://web.ifzq.gtimg.cn/appstock/app/fqkline/get?param=sz002230%2Cday%2C2020-01-01%2C2020-12-31%2C640%2C,CNY,CNY per share,F:\Capstone Project\China A Share Research\public_fallback\raw\tencent\002230.SZ\2020_raw.json,2026-10-10T08:47:50.727625+00:00,ok,243,42faf31fe4023ae5d210f789f48b1cac4f880f57ea574d910b226fac4001527b,,1,,
002230.SZ,prices,2021.0,hfq,https://web.ifzq.gtimg.cn/appstock/app/fqkline/get?param=sz002230%2Cday%2C2021-01-01%2C2021-12-31%2C640%2Chfq,CNY,CNY per share,F:\Capstone Project\China A Share Research\public_fallback\raw\tencent\002230.SZ\2021_hfq.json,2026-10-10T08:47:54.901093+00:00,ok,243,bff59e079ede4d6362f5f4ac95f4c24d49caed76c3a0cc4d4bfe419fff25bdd4,,1,,
002230.SZ,prices,2021.0,raw,https://web.ifzq.gtimg.cn/appstock/app/fqkline/get?param=sz002230%2Cday%2C2021-01-01%2C2021-12-31%2C640%2C,CNY,CNY per share,F:\Capstone Project\China A Share Research\public_fallback\raw\tencent\002230.SZ\2021_raw.json,2026-10-10T08:47:54.860643+00:00,ok,243,d36ab60b4b5430c3116e059af0a06b045bf1490d2ba936bbc0de099a0942810c,,1,,
002230.SZ,prices,2022.0,hfq,https://web.ifzq.gtimg.cn/appstock/app/fqkline/get?param=sz002230%2Cday%2C2022-01-01%2C2022-12-31%2C640%2Chfq,CNY,CNY per share,F:\Capstone Project\China A Share Research\public_fallback\raw\tencent\002230.SZ\2022_hfq.json,2026-10-10T08:47:59.027994+00:00,ok,242,6b0d4927fb413f0d3bb1498aa1e207753ce4358f41dca22a7aa89b8a0449eee7,,1,,
002230.SZ,prices,2022.0,raw,https://web.ifzq.gtimg.cn/appstock/app/fqkline/get?param=sz002230%2Cday%2C2022-01-01%2C2022-12-31%2C640%2C,CNY,CNY per share,F:\Capstone Project\China A Share Research\public_fallback\raw\tencent\002230.SZ\2022_raw.json,2026-10-10T08:47:59.007101+00:00,ok,242,9a8dccd725a66893038450df93c5210fbc1bacd72d171d4de2fd96057c3ea6b5,,1,,
002230.SZ,prices,2023.0,hfq,https://web.ifzq.gtimg.cn/appstock/app/fqkline/get?param=sz002230%2Cday%2C2023-01-01%2C2023-12-31%2C640%2Chfq,CNY,CNY per share,F:\Capstone Project\China A Share Research\public_fallback\raw\tencent\002230.SZ\2023_hfq.json,2026-10-10T08:48:03.121913+00:00,ok,242,a380c2c1ac144e175c1301da6b3232ede7bdd468a1f324499c638e4428708490,,1,,
002230.SZ,prices,2023.0,raw,https://web.ifzq.gtimg.cn/appstock/app/fqkline/get?param=sz002230%2Cday%2C2023-01-01%2C2023-12-31%2C640%2C,CNY,CNY per share,F:\Capstone Project\China A Share Research\public_fallback\raw\tencent\002230.SZ\2023_raw.json,2026-10-10T08:48:03.121913+00:00,ok,242,493de44657a7a1dfa33c82e8fd22f06e2fb929927a6108bfe67d07db2769d8dc,,1,,
002230.SZ,prices,2024.0,hfq,https://web.ifzq.gtimg.cn/appstock/app/fqkline/get?param=sz002230%2Cday%2C2024-01-01%2C2024-12-31%2C640%2Chfq,CNY,CNY per share,F:\Capstone Project\China A Share Research\public_fallback\raw\tencent\002230.SZ\2024_hfq.json,2026-10-10T08:48:07.330823+00:00,ok,242,e3f76f95cc7b719a37ef554f25684d5c00d24c81049a524304a86c53f5377194,,1,,
002230.SZ,prices,2024.0,raw,https://web.ifzq.gtimg.cn/appstock/app/fqkline/get?param=sz002230%2Cday%2C2024-01-01%2C2024-12-31%2C640%2C,CNY,CNY per share,F:\Capstone Project\China A Share Research\public_fallback\raw\tencent\002230.SZ\2024_raw.json,2026-10-10T08:48:07.296787+00:00,ok,242,f087e21b7a61614cf928f16711e6704c0c4e63fc9a2d95137b8e2705f80ea640,,1,,
002230.SZ,prices,2025.0,hfq,https://web.ifzq.gtimg.cn/appstock/app/fqkline/get?param=sz002230%2Cday%2C2025-01-01%2C2025-12-31%2C640%2Chfq,CNY,CNY per share,F:\Capstone Project\China A Share Research\public_fallback\raw\tencent\002230.SZ\2025_hfq.json,2026-10-10T08:48:12.310597+00:00,ok,243,a2dfd7087b690a727de7a7bd3fd305e8c7fc2af62e173c21a60559f4b5622395,,1,,
002230.SZ,prices,2025.0,raw,https://web.ifzq.gtimg.cn/appstock/app/fqkline/get?param=sz002230%2Cday%2C2025-01-01%2C2025-12-31%2C640%2C,CNY,CNY per share,F:\Capstone Project\China A Share Research\public_fallback\raw\tencent\002230.SZ\2025_raw.json,2026-10-10T08:48:12.294597+00:00,ok,243,162d5f341153ec7a8479128524e3c8a066339e178bf3b24f86db1e0ce05268fa,,1,,
002230.SZ,prices,2026.0,hfq,https://web.ifzq.gtimg.cn/appstock/app/fqkline/get?param=sz002230%2Cday%2C2026-01-01%2C2026-10-09%2C640%2Chfq,CNY,CNY per share,F:\Capstone Project\China A Share Research\public_fallback\raw\tencent\002230.SZ\2026_hfq.json,2026-10-10T08:48:16.528059+00:00,ok,183,09e2b043c1e4983c47a5d6ca8ed3e9c214349e1edf673dea61b921a059e1d8ea,,1,,
002230.SZ,prices,2026.0,raw,https://web.ifzq.gtimg.cn/appstock/app/fqkline/get?param=sz002230%2Cday%2C2026-01-01%2C2026-10-09%2C640%2C,CNY,CNY per share,F:\Capstone Project\China A Share Research\public_fallback\raw\tencent\002230.SZ\2026_raw.json,2026-10-10T08:48:16.517332+00:00,ok,183,30f95510159059a38a7f2e33a9d39bf61cdb7b330d83db9ab2c79cc17e996a6a,,1,,
002230.SZ,shares,,raw,https://datacenter-web.eastmoney.com/api/data/v1/get?reportName=RPT_F10_EH_EQUITY&columns=ALL&filter=%28SECUCODE%3D%22002230.SZ%22%29&pageNumber=1&pageSize=500&sortColumns=END_DATE&sortTypes=-1,CNY,shares,F:\Capstone Project\China A Share Research\public_fallback\raw\eastmoney\002230.SZ_shares.json,2026-10-10T08:47:33.665079+00:00,ok,165,736f25c4b0a8015458b49eb2eede781f439f4ab5b6f2096eb7bb352d57718ffb,,1,,
002415.SZ,income,,raw,https://datacenter-web.eastmoney.com/api/data/v1/get?reportName=RPT_LICO_FN_CPD&columns=ALL&filter=%28SECURITY_CODE%3D%22002415%22%29&pageNumber=1&pageSize=500&sortColumns=REPORTDATE&sortTypes=-1,CNY,CNY,F:\Capstone Project\China A Share Research\public_fallback\raw\eastmoney\002415.SZ_income.json,2026-10-10T08:46:13.125357+00:00,ok,73,13e9262bd2ff9912f9c18be6cf8c34043e984e62723ade11336f0fa5921a0288,,1,,
002415.SZ,prices,2016.0,hfq,https://web.ifzq.gtimg.cn/appstock/app/fqkline/get?param=sz002415%2Cday%2C2016-01-01%2C2016-12-31%2C640%2Chfq,CNY,CNY per share,F:\Capstone Project\China A Share Research\public_fallback\raw\tencent\002415.SZ\2016_hfq.json,2026-10-10T08:47:30.101124+00:00,ok,244,b58959234ba5a537133e045ede036407c91c154d5bc8020c63d78d905c5bdab3,,1,,
002415.SZ,prices,2016.0,raw,https://web.ifzq.gtimg.cn/appstock/app/fqkline/get?param=sz002415%2Cday%2C2016-01-01%2C2016-12-31%2C640%2C,CNY,CNY per share,F:\Capstone Project\China A Share Research\public_fallback\raw\tencent\002415.SZ\2016_raw.json,2026-10-10T08:47:30.101124+00:00,ok,244,34192098aa647023b58da6b79139a499e639bb3ef41351384ac4a30f4f1eec69,,1,,
002415.SZ,prices,2017.0,hfq,https://web.ifzq.gtimg.cn/appstock/app/fqkline/get?param=sz002415%2Cday%2C2017-01-01%2C2017-12-31%2C640%2Chfq,CNY,CNY per share,F:\Capstone Project\China A Share Research\public_fallback\raw\tencent\002415.SZ\2017_hfq.json,2026-10-10T08:47:35.606918+00:00,ok,244,874579b089faee933b97e32edf8e095eaa7083504e1c675638c0617cd1df2b82,,1,,
002415.SZ,prices,2017.0,raw,https://web.ifzq.gtimg.cn/appstock/app/fqkline/get?param=sz002415%2Cday%2C2017-01-01%2C2017-12-31%2C640%2C,CNY,CNY per share,F:\Capstone Project\China A Share Research\public_fallback\raw\tencent\002415.SZ\2017_raw.json,2026-10-10T08:47:35.594925+00:00,ok,244,1c83f999ef1d1dcc1a6d2fcf6093d71df92b3b94c51326a2f9a630b3eee2506e,,1,,
002415.SZ,prices,2018.0,hfq,https://web.ifzq.gtimg.cn/appstock/app/fqkline/get?param=sz002415%2Cday%2C2018-01-01%2C2018-12-31%2C640%2Chfq,CNY,CNY per share,F:\Capstone Project\China A Share Research\public_fallback\raw\tencent\002415.SZ\2018_hfq.json,2026-10-10T08:47:39.803808+00:00,ok,243,2fbb4daa81ad1475bb74dca18ebd8f0f89c319e7741844f32a70664b1a658821,,1,,
002415.SZ,prices,2018.0,raw,https://web.ifzq.gtimg.cn/appstock/app/fqkline/get?param=sz002415%2Cday%2C2018-01-01%2C2018-12-31%2C640%2C,CNY,CNY per share,F:\Capstone Project\China A Share Research\public_fallback\raw\tencent\002415.SZ\2018_raw.json,2026-10-10T08:47:39.779765+00:00,ok,243,fc81c8699573fcc7ef42ec2005cc6bdac4c28324df00ada7fe4dda890dd4d751,,1,,
002415.SZ,prices,2019.0,hfq,https://web.ifzq.gtimg.cn/appstock/app/fqkline/get?param=sz002415%2Cday%2C2019-01-01%2C2019-12-31%2C640%2Chfq,CNY,CNY per share,F:\Capstone Project\China A Share Research\public_fallback\raw\tencent\002415.SZ\2019_hfq.json,2026-10-10T08:47:44.080704+00:00,ok,242,0a6984688a97b6ac8853ca9074e2f1a990530582a0f562e932f2807f05f3f7df,,1,,
002415.SZ,prices,2019.0,raw,https://web.ifzq.gtimg.cn/appstock/app/fqkline/get?param=sz002415%2Cday%2C2019-01-01%2C2019-12-31%2C640%2C,CNY,CNY per share,F:\Capstone Project\China A Share Research\public_fallback\raw\tencent\002415.SZ\2019_raw.json,2026-10-10T08:47:44.080704+00:00,ok,242,b9d188a58cedfec0be4bb4cbb67e39a5380c72bd13f98ee21711fdd9d7353e83,,1,,
002415.SZ,prices,2020.0,hfq,https://web.ifzq.gtimg.cn/appstock/app/fqkline/get?param=sz002415%2Cday%2C2020-01-01%2C2020-12-31%2C640%2Chfq,CNY,CNY per share,F:\Capstone Project\China A Share Research\public_fallback\raw\tencent\002415.SZ\2020_hfq.json,2026-10-10T08:47:48.257053+00:00,ok,243,0e4b1ad6d63eb58a0a9e5789099a3e39342352a7327379b473633239366647b4,,1,,
002415.SZ,prices,2020.0,raw,https://web.ifzq.gtimg.cn/appstock/app/fqkline/get?param=sz002415%2Cday%2C2020-01-01%2C2020-12-31%2C640%2C,CNY,CNY per share,F:\Capstone Project\China A Share Research\public_fallback\raw\tencent\002415.SZ\2020_raw.json,2026-10-10T08:47:48.256053+00:00,ok,243,e2bc82ac0ca1e4e556d2490050cbb12607ef97d94486d207c1cb9f1107551928,,1,,
002415.SZ,prices,2021.0,hfq,https://web.ifzq.gtimg.cn/appstock/app/fqkline/get?param=sz002415%2Cday%2C2021-01-01%2C2021-12-31%2C640%2Chfq,CNY,CNY per share,F:\Capstone Project\China A Share Research\public_fallback\raw\tencent\002415.SZ\2021_hfq.json,2026-10-10T08:47:52.586012+00:00,ok,243,62db323fd3e2ec284a0a11726d2c2e105f794e1322ad4a10b5dd9f41f6114e7d,,1,,
002415.SZ,prices,2021.0,raw,https://web.ifzq.gtimg.cn/appstock/app/fqkline/get?param=sz002415%2Cday%2C2021-01-01%2C2021-12-31%2C640%2C,CNY,CNY per share,F:\Capstone Project\China A Share Research\public_fallback\raw\tencent\002415.SZ\2021_raw.json,2026-10-10T08:47:52.475116+00:00,ok,243,fe940300a273b76596962dd5ca19b0ecc88ebe0774a7a678a99a6c38519b78d3,,1,,
002415.SZ,prices,2022.0,hfq,https://web.ifzq.gtimg.cn/appstock/app/fqkline/get?param=sz002415%2Cday%2C2022-01-01%2C2022-12-31%2C640%2Chfq,CNY,CNY per share,F:\Capstone Project\China A Share Research\public_fallback\raw\tencent\002415.SZ\2022_hfq.json,2026-10-10T08:47:56.670770+00:00,ok,242,bfe133d608c72d177dd4fbf520c981e829e073b5dc3278de21fc23aac4ee6881,,1,,
002415.SZ,prices,2022.0,raw,https://web.ifzq.gtimg.cn/appstock/app/fqkline/get?param=sz002415%2Cday%2C2022-01-01%2C2022-12-31%2C640%2C,CNY,CNY per share,F:\Capstone Project\China A Share Research\public_fallback\raw\tencent\002415.SZ\2022_raw.json,2026-10-10T08:47:56.624278+00:00,ok,242,ac03afb2fcf561346113a4dc2942249e0dd815e98338e004177f92c1a3b03227,,1,,
002415.SZ,prices,2023.0,hfq,https://web.ifzq.gtimg.cn/appstock/app/fqkline/get?param=sz002415%2Cday%2C2023-01-01%2C2023-12-31%2C640%2Chfq,CNY,CNY per share,F:\Capstone Project\China A Share Research\public_fallback\raw\tencent\002415.SZ\2023_hfq.json,2026-10-10T08:48:00.785324+00:00,ok,242,c5901eb843fdeeabd53a839dac1497a5bea312255816e9b9a653824ed43ee1da,,1,,
002415.SZ,prices,2023.0,raw,https://web.ifzq.gtimg.cn/appstock/app/fqkline/get?param=sz002415%2Cday%2C2023-01-01%2C2023-12-31%2C640%2C,CNY,CNY per share,F:\Capstone Project\China A Share Research\public_fallback\raw\tencent\002415.SZ\2023_raw.json,2026-10-10T08:48:00.785324+00:00,ok,242,f24abfa06e58e53dabf167c021513ab192d93fb13922a0c45086310637c84129,,1,,
002415.SZ,prices,2024.0,hfq,https://web.ifzq.gtimg.cn/appstock/app/fqkline/get?param=sz002415%2Cday%2C2024-01-01%2C2024-12-31%2C640%2Chfq,CNY,CNY per share,F:\Capstone Project\China A Share Research\public_fallback\raw\tencent\002415.SZ\2024_hfq.json,2026-10-10T08:48:04.838599+00:00,ok,242,e3c2b29a79216c43206c31f58a8449509f08eae42a58efb88251e53a39874f95,,1,,
002415.SZ,prices,2024.0,raw,https://web.ifzq.gtimg.cn/appstock/app/fqkline/get?param=sz002415%2Cday%2C2024-01-01%2C2024-12-31%2C640%2C,CNY,CNY per share,F:\Capstone Project\China A Share Research\public_fallback\raw\tencent\002415.SZ\2024_raw.json,2026-10-10T08:48:04.826463+00:00,ok,242,f666dbf659f9c7a937102bcae9d058c2a7ad1c1b55ad3414a7e93ffd837bd6f8,,1,,
002415.SZ,prices,2025.0,hfq,https://web.ifzq.gtimg.cn/appstock/app/fqkline/get?param=sz002415%2Cday%2C2025-01-01%2C2025-12-31%2C640%2Chfq,CNY,CNY per share,F:\Capstone Project\China A Share Research\public_fallback\raw\tencent\002415.SZ\2025_hfq.json,2026-10-10T08:48:09.469710+00:00,ok,243,b70ef92849eed76974993a49609ed22e28c7925356690883bc42dd239bc979c7,,1,,
002415.SZ,prices,2025.0,raw,https://web.ifzq.gtimg.cn/appstock/app/fqkline/get?param=sz002415%2Cday%2C2025-01-01%2C2025-12-31%2C640%2C,CNY,CNY per share,F:\Capstone Project\China A Share Research\public_fallback\raw\tencent\002415.SZ\2025_raw.json,2026-10-10T08:48:10.214886+00:00,ok,243,74f3c00cbe5096926569d700b246763a595bd4d32049820b86a35de457d76276,,1,,
002415.SZ,prices,2026.0,hfq,https://web.ifzq.gtimg.cn/appstock/app/fqkline/get?param=sz002415%2Cday%2C2026-01-01%2C2026-10-09%2C640%2Chfq,CNY,CNY per share,F:\Capstone Project\China A Share Research\public_fallback\raw\tencent\002415.SZ\2026_hfq.json,2026-10-10T08:48:14.398237+00:00,ok,183,6d6e77264dde95d1881a77a6f190107306dee9bcec500ce682958d4db816305a,,1,,
002415.SZ,prices,2026.0,raw,https://web.ifzq.gtimg.cn/appstock/app/fqkline/get?param=sz002415%2Cday%2C2026-01-01%2C2026-10-09%2C640%2C,CNY,CNY per share,F:\Capstone Project\China A Share Research\public_fallback\raw\tencent\002415.SZ\2026_raw.json,2026-10-10T08:48:14.002318+00:00,ok,183,d98b6926d4c4f67f3b48963483ad5de641ecd45400367e71a5104d1b4a45b3de,,1,,
002415.SZ,shares,,raw,https://datacenter-web.eastmoney.com/api/data/v1/get?reportName=RPT_F10_EH_EQUITY&columns=ALL&filter=%28SECUCODE%3D%22002415.SZ%22%29&pageNumber=1&pageSize=500&sortColumns=END_DATE&sortTypes=-1,CNY,shares,F:\Capstone Project\China A Share Research\public_fallback\raw\eastmoney\002415.SZ_shares.json,2026-10-10T08:46:14.701207+00:00,ok,82,8f897d2d3ceb1ff7a5f2dd0a494189bf17acd2158318cab0babf5b03c8ba5ac6,,1,,
002475.SZ,income,,raw,https://datacenter-web.eastmoney.com/api/data/v1/get?reportName=RPT_LICO_FN_CPD&columns=ALL&filter=%28SECURITY_CODE%3D%22002475%22%29&pageNumber=1&pageSize=500&sortColumns=REPORTDATE&sortTypes=-1,CNY,CNY,F:\Capstone Project\China A Share Research\public_fallback\raw\eastmoney\002475.SZ_income.json,2026-10-10T08:47:23.231946+00:00,ok,70,659f8efe4a01a26f7fea198df5f2a7238c4a1b506df0baf65c213301ccaa858f,,1,,
002475.SZ,prices,2016.0,hfq,https://web.ifzq.gtimg.cn/appstock/app/fqkline/get?param=sz002475%2Cday%2C2016-01-01%2C2016-12-31%2C640%2Chfq,CNY,CNY per share,F:\Capstone Project\China A Share Research\public_fallback\raw\tencent\002475.SZ\2016_hfq.json,2026-10-10T08:47:33.907552+00:00,ok,244,f28e2621d51f98a62828a0f24feaf0ee9aff961456a7d370a4050f8c3249c61d,,1,,
002475.SZ,prices,2016.0,raw,https://web.ifzq.gtimg.cn/appstock/app/fqkline/get?param=sz002475%2Cday%2C2016-01-01%2C2016-12-31%2C640%2C,CNY,CNY per share,F:\Capstone Project\China A Share Research\public_fallback\raw\tencent\002475.SZ\2016_raw.json,2026-10-10T08:47:33.878929+00:00,ok,244,08f680037ef9a632fda0ecf67614c5766a35ff3807cbec925507834952de1d74,,1,,
002475.SZ,prices,2017.0,hfq,https://web.ifzq.gtimg.cn/appstock/app/fqkline/get?param=sz002475%2Cday%2C2017-01-01%2C2017-12-31%2C640%2Chfq,CNY,CNY per share,F:\Capstone Project\China A Share Research\public_fallback\raw\tencent\002475.SZ\2017_hfq.json,2026-10-10T08:47:38.130648+00:00,ok,243,1b3d084dbdc413efa5ff9deb578ee4b953010b38719a8289fab9f192cdc749b9,,1,,
002475.SZ,prices,2017.0,raw,https://web.ifzq.gtimg.cn/appstock/app/fqkline/get?param=sz002475%2Cday%2C2017-01-01%2C2017-12-31%2C640%2C,CNY,CNY per share,F:\Capstone Project\China A Share Research\public_fallback\raw\tencent\002475.SZ\2017_raw.json,2026-10-10T08:47:38.097685+00:00,ok,243,d3b7a03db852cc39f8b6f0e3d15fb6dd4e74aca86e57d3727fceb0973a1d43ed,,1,,
002475.SZ,prices,2018.0,hfq,https://web.ifzq.gtimg.cn/appstock/app/fqkline/get?param=sz002475%2Cday%2C2018-01-01%2C2018-12-31%2C640%2Chfq,CNY,CNY per share,F:\Capstone Project\China A Share Research\public_fallback\raw\tencent\002475.SZ\2018_hfq.json,2026-10-10T08:47:42.416811+00:00,ok,243,94fd15fd33cef82a3bce5b7a018693410f57b9f643b25ab07525f15cb819dd8d,,1,,
002475.SZ,prices,2018.0,raw,https://web.ifzq.gtimg.cn/appstock/app/fqkline/get?param=sz002475%2Cday%2C2018-01-01%2C2018-12-31%2C640%2C,CNY,CNY per share,F:\Capstone Project\China A Share Research\public_fallback\raw\tencent\002475.SZ\2018_raw.json,2026-10-10T08:47:42.405593+00:00,ok,243,e2c9ddffb30334fc920477ea9ad3cc92b10a86215751164b8e9948787c97cdc2,,1,,
002475.SZ,prices,2019.0,hfq,https://web.ifzq.gtimg.cn/appstock/app/fqkline/get?param=sz002475%2Cday%2C2019-01-01%2C2019-12-31%2C640%2Chfq,CNY,CNY per share,F:\Capstone Project\China A Share Research\public_fallback\raw\tencent\002475.SZ\2019_hfq.json,2026-10-10T08:47:46.567062+00:00,ok,244,16e416728afde462004837bc3e05e194adf03a4c3ea78b2d9126593cf936f6d2,,1,,
002475.SZ,prices,2019.0,raw,https://web.ifzq.gtimg.cn/appstock/app/fqkline/get?param=sz002475%2Cday%2C2019-01-01%2C2019-12-31%2C640%2C,CNY,CNY per share,F:\Capstone Project\China A Share Research\public_fallback\raw\tencent\002475.SZ\2019_raw.json,2026-10-10T08:47:46.562075+00:00,ok,244,d01ad17cf8e55a33682c764c9576bc343aad3887089fcc0bbc1bb10346ea1714,,1,,
002475.SZ,prices,2020.0,hfq,https://web.ifzq.gtimg.cn/appstock/app/fqkline/get?param=sz002475%2Cday%2C2020-01-01%2C2020-12-31%2C640%2Chfq,CNY,CNY per share,F:\Capstone Project\China A Share Research\public_fallback\raw\tencent\002475.SZ\2020_hfq.json,2026-10-10T08:47:50.892258+00:00,ok,243,a3f1c11f3dbda7af997f4fe70c90c0dc4c8ad318bc3fd4961b4cfbc9caf98d73,,1,,
002475.SZ,prices,2020.0,raw,https://web.ifzq.gtimg.cn/appstock/app/fqkline/get?param=sz002475%2Cday%2C2020-01-01%2C2020-12-31%2C640%2C,CNY,CNY per share,F:\Capstone Project\China A Share Research\public_fallback\raw\tencent\002475.SZ\2020_raw.json,2026-10-10T08:47:50.790242+00:00,ok,243,4b365ca20e0be10b0cc8a7956a6ca151945a10f166ef5acf271e03249f8a1767,,1,,
002475.SZ,prices,2021.0,hfq,https://web.ifzq.gtimg.cn/appstock/app/fqkline/get?param=sz002475%2Cday%2C2021-01-01%2C2021-12-31%2C640%2Chfq,CNY,CNY per share,F:\Capstone Project\China A Share Research\public_fallback\raw\tencent\002475.SZ\2021_hfq.json,2026-10-10T08:47:55.048895+00:00,ok,243,e9bac2dd47e547dad95bd57de5628477f88001103f8a34d3e4f040a97d4d2c01,,1,,
002475.SZ,prices,2021.0,raw,https://web.ifzq.gtimg.cn/appstock/app/fqkline/get?param=sz002475%2Cday%2C2021-01-01%2C2021-12-31%2C640%2C,CNY,CNY per share,F:\Capstone Project\China A Share Research\public_fallback\raw\tencent\002475.SZ\2021_raw.json,2026-10-10T08:47:54.912744+00:00,ok,243,111a4837aa029802056902c1cce1d3ea6ff41a27c6b02d85a6d1f72bb5c45592,,1,,
002475.SZ,prices,2022.0,hfq,https://web.ifzq.gtimg.cn/appstock/app/fqkline/get?param=sz002475%2Cday%2C2022-01-01%2C2022-12-31%2C640%2Chfq,CNY,CNY per share,F:\Capstone Project\China A Share Research\public_fallback\raw\tencent\002475.SZ\2022_hfq.json,2026-10-10T08:47:59.147070+00:00,ok,242,3c309e3e70c8b80b1c036de4589f78c5dd94ff17c7ab7ad7dfbb1b1ed52f7ba0,,1,,
002475.SZ,prices,2022.0,raw,https://web.ifzq.gtimg.cn/appstock/app/fqkline/get?param=sz002475%2Cday%2C2022-01-01%2C2022-12-31%2C640%2C,CNY,CNY per share,F:\Capstone Project\China A Share Research\public_fallback\raw\tencent\002475.SZ\2022_raw.json,2026-10-10T08:47:59.132148+00:00,ok,242,c0acd9fb721a1a1fc9c9d53912b55645cc591816dd9690e69b94fda452fb240b,,1,,
002475.SZ,prices,2023.0,hfq,https://web.ifzq.gtimg.cn/appstock/app/fqkline/get?param=sz002475%2Cday%2C2023-01-01%2C2023-12-31%2C640%2Chfq,CNY,CNY per share,F:\Capstone Project\China A Share Research\public_fallback\raw\tencent\002475.SZ\2023_hfq.json,2026-10-10T08:48:03.234942+00:00,ok,242,200bcb1eeecd95245f3a282749fc8c347143494aedbd404e51a5954eb62e51dd,,1,,
002475.SZ,prices,2023.0,raw,https://web.ifzq.gtimg.cn/appstock/app/fqkline/get?param=sz002475%2Cday%2C2023-01-01%2C2023-12-31%2C640%2C,CNY,CNY per share,F:\Capstone Project\China A Share Research\public_fallback\raw\tencent\002475.SZ\2023_raw.json,2026-10-10T08:48:03.216700+00:00,ok,242,7dd8bbb954c8ab9bca45cce553a6fa79e7e399dbb8a46d1bfe9e4c9732637eab,,1,,
002475.SZ,prices,2024.0,hfq,https://web.ifzq.gtimg.cn/appstock/app/fqkline/get?param=sz002475%2Cday%2C2024-01-01%2C2024-12-31%2C640%2Chfq,CNY,CNY per share,F:\Capstone Project\China A Share Research\public_fallback\raw\tencent\002475.SZ\2024_hfq.json,2026-10-10T08:48:07.371168+00:00,ok,242,16c183e0162479a9bd9880e45ba98dcf6823aa2d77202b1b3c1494089a36cb48,,1,,
002475.SZ,prices,2024.0,raw,https://web.ifzq.gtimg.cn/appstock/app/fqkline/get?param=sz002475%2Cday%2C2024-01-01%2C2024-12-31%2C640%2C,CNY,CNY per share,F:\Capstone Project\China A Share Research\public_fallback\raw\tencent\002475.SZ\2024_raw.json,2026-10-10T08:48:07.337602+00:00,ok,242,38703197bbc5dc3a7cc1a506ac00a7babf67f3de7b03bc502e21f3c6030cdead,,1,,
002475.SZ,prices,2025.0,hfq,https://web.ifzq.gtimg.cn/appstock/app/fqkline/get?param=sz002475%2Cday%2C2025-01-01%2C2025-12-31%2C640%2Chfq,CNY,CNY per share,F:\Capstone Project\China A Share Research\public_fallback\raw\tencent\002475.SZ\2025_hfq.json,2026-10-10T08:48:12.294597+00:00,ok,243,59933653743896b904d414ec21f462a7fd429f83dcff6af53b92050b613e6b29,,1,,
002475.SZ,prices,2025.0,raw,https://web.ifzq.gtimg.cn/appstock/app/fqkline/get?param=sz002475%2Cday%2C2025-01-01%2C2025-12-31%2C640%2C,CNY,CNY per share,F:\Capstone Project\China A Share Research\public_fallback\raw\tencent\002475.SZ\2025_raw.json,2026-10-10T08:48:12.299597+00:00,ok,243,11237d1892f16be78e18ed91517af995e4768de6066cbb65a6ca8028109ae6fc,,1,,
002475.SZ,prices,2026.0,hfq,https://web.ifzq.gtimg.cn/appstock/app/fqkline/get?param=sz002475%2Cday%2C2026-01-01%2C2026-10-09%2C640%2Chfq,CNY,CNY per share,F:\Capstone Project\China A Share Research\public_fallback\raw\tencent\002475.SZ\2026_hfq.json,2026-10-10T08:48:17.561088+00:00,ok,183,ee191f9be0cc4860472da78e6d4616018ab88ab58d73084eb812d38ac156e097,,1,,
002475.SZ,prices,2026.0,raw,https://web.ifzq.gtimg.cn/appstock/app/fqkline/get?param=sz002475%2Cday%2C2026-01-01%2C2026-10-09%2C640%2C,CNY,CNY per share,F:\Capstone Project\China A Share Research\public_fallback\raw\tencent\002475.SZ\2026_raw.json,2026-10-10T08:48:16.787649+00:00,ok,183,035494c68f4b2de2a01e320801855ef11891af55378a01b4d9e14c54b2541226,,1,,
002475.SZ,shares,,raw,https://datacenter-web.eastmoney.com/api/data/v1/get?reportName=RPT_F10_EH_EQUITY&columns=ALL&filter=%28SECUCODE%3D%22002475.SZ%22%29&pageNumber=1&pageSize=500&sortColumns=END_DATE&sortTypes=-1,CNY,shares,F:\Capstone Project\China A Share Research\public_fallback\raw\eastmoney\002475.SZ_shares.json,2026-10-10T08:47:23.792115+00:00,ok,96,fa6ddf629f36519356a722020f5bb7064e37042a7af8b67ad06e51acfa7dd33a,,1,,
600028.SH,income,,raw,https://datacenter-web.eastmoney.com/api/data/v1/get?reportName=RPT_LICO_FN_CPD&columns=ALL&filter=%28SECURITY_CODE%3D%22600028%22%29&pageNumber=1&pageSize=500&sortColumns=REPORTDATE&sortTypes=-1,CNY,CNY,F:\Capstone Project\China A Share Research\public_fallback\raw\eastmoney\600028.SH_income.json,2026-10-10T08:47:19.896220+00:00,ok,104,4553245823e9ab18648a78bbdff54e5d326a3921514b87771b986d31bf317b03,,1,,
600028.SH,prices,2016.0,hfq,https://web.ifzq.gtimg.cn/appstock/app/fqkline/get?param=sh600028%2Cday%2C2016-01-01%2C2016-12-31%2C640%2Chfq,CNY,CNY per share,F:\Capstone Project\China A Share Research\public_fallback\raw\tencent\600028.SH\2016_hfq.json,2026-10-10T08:47:32.594274+00:00,ok,244,64057343b7d11145a8b63c0f6dcb94f39493b8eb6606237d85d2f91ae36427b1,,1,,
600028.SH,prices,2016.0,raw,https://web.ifzq.gtimg.cn/appstock/app/fqkline/get?param=sh600028%2Cday%2C2016-01-01%2C2016-12-31%2C640%2C,CNY,CNY per share,F:\Capstone Project\China A Share Research\public_fallback\raw\tencent\600028.SH\2016_raw.json,2026-10-10T08:47:32.579675+00:00,ok,244,bd1e0c575eb56703849060312555b913f16bfeeaf32b00dc433569115d43a5ed,,1,,
600028.SH,prices,2017.0,hfq,https://web.ifzq.gtimg.cn/appstock/app/fqkline/get?param=sh600028%2Cday%2C2017-01-01%2C2017-12-31%2C640%2Chfq,CNY,CNY per share,F:\Capstone Project\China A Share Research\public_fallback\raw\tencent\600028.SH\2017_hfq.json,2026-10-10T08:47:37.269187+00:00,ok,244,d5a3944ca8570d8c2173f3ec451b27c8078ebc71a6b0f7f0f2c5f7bb8e2efb20,,1,,
600028.SH,prices,2017.0,raw,https://web.ifzq.gtimg.cn/appstock/app/fqkline/get?param=sh600028%2Cday%2C2017-01-01%2C2017-12-31%2C640%2C,CNY,CNY per share,F:\Capstone Project\China A Share Research\public_fallback\raw\tencent\600028.SH\2017_raw.json,2026-10-10T08:47:37.269187+00:00,ok,244,4778534a1dd48fe468cc74c2437842e8e8e471c6da9908e0c3caf43518456a71,,1,,
600028.SH,prices,2018.0,hfq,https://web.ifzq.gtimg.cn/appstock/app/fqkline/get?param=sh600028%2Cday%2C2018-01-01%2C2018-12-31%2C640%2Chfq,CNY,CNY per share,F:\Capstone Project\China A Share Research\public_fallback\raw\tencent\600028.SH\2018_hfq.json,2026-10-10T08:47:41.570100+00:00,ok,243,0b2355eab35580ce7b7538237d5f30d2998f603051698fcf52c8e385a31e22f8,,1,,
600028.SH,prices,2018.0,raw,https://web.ifzq.gtimg.cn/appstock/app/fqkline/get?param=sh600028%2Cday%2C2018-01-01%2C2018-12-31%2C640%2C,CNY,CNY per share,F:\Capstone Project\China A Share Research\public_fallback\raw\tencent\600028.SH\2018_raw.json,2026-10-10T08:47:41.545956+00:00,ok,243,d5c369274b763444d8cd69647d821540b475d512805b786d34d3406bdbd7936f,,1,,
600028.SH,prices,2019.0,hfq,https://web.ifzq.gtimg.cn/appstock/app/fqkline/get?param=sh600028%2Cday%2C2019-01-01%2C2019-12-31%2C640%2Chfq,CNY,CNY per share,F:\Capstone Project\China A Share Research\public_fallback\raw\tencent\600028.SH\2019_hfq.json,2026-10-10T08:47:45.729835+00:00,ok,244,835968336949dc3dabedc6a74c6a84116f3eb236d5c8810059d9a5b7e4265dba,,1,,
600028.SH,prices,2019.0,raw,https://web.ifzq.gtimg.cn/appstock/app/fqkline/get?param=sh600028%2Cday%2C2019-01-01%2C2019-12-31%2C640%2C,CNY,CNY per share,F:\Capstone Project\China A Share Research\public_fallback\raw\tencent\600028.SH\2019_raw.json,2026-10-10T08:47:45.729835+00:00,ok,244,cae184a9860d3f85660f52cdd08fbe1daa42893aabf19f12a6c9e7abf57bb57b,,1,,
600028.SH,prices,2020.0,hfq,https://web.ifzq.gtimg.cn/appstock/app/fqkline/get?param=sh600028%2Cday%2C2020-01-01%2C2020-12-31%2C640%2Chfq,CNY,CNY per share,F:\Capstone Project\China A Share Research\public_fallback\raw\tencent\600028.SH\2020_hfq.json,2026-10-10T08:47:50.096104+00:00,ok,243,bd1109c1258c27a9ec341bf9e24e6e0236cbf9bd7ab8e41cbdcd4db171d84c24,,1,,
600028.SH,prices,2020.0,raw,https://web.ifzq.gtimg.cn/appstock/app/fqkline/get?param=sh600028%2Cday%2C2020-01-01%2C2020-12-31%2C640%2C,CNY,CNY per share,F:\Capstone Project\China A Share Research\public_fallback\raw\tencent\600028.SH\2020_raw.json,2026-10-10T08:47:49.977185+00:00,ok,243,c572c2deb91ce8652b5287740283cc350afb07529afa624fb123d6abf5691a83,,1,,
600028.SH,prices,2021.0,hfq,https://web.ifzq.gtimg.cn/appstock/app/fqkline/get?param=sh600028%2Cday%2C2021-01-01%2C2021-12-31%2C640%2Chfq,CNY,CNY per share,F:\Capstone Project\China A Share Research\public_fallback\raw\tencent\600028.SH\2021_hfq.json,2026-10-10T08:47:54.243993+00:00,ok,243,6eeee80c6e1d9fbbf1af44ad43d81aa91b968c27d56afae9e1c46e11ba39eeeb,,1,,
600028.SH,prices,2021.0,raw,https://web.ifzq.gtimg.cn/appstock/app/fqkline/get?param=sh600028%2Cday%2C2021-01-01%2C2021-12-31%2C640%2C,CNY,CNY per share,F:\Capstone Project\China A Share Research\public_fallback\raw\tencent\600028.SH\2021_raw.json,2026-10-10T08:47:54.103833+00:00,ok,243,9edf9b9f07460081467045dc11bbc3879a46510b046e63b1a9ae8134500b77ba,,1,,
600028.SH,prices,2022.0,hfq,https://web.ifzq.gtimg.cn/appstock/app/fqkline/get?param=sh600028%2Cday%2C2022-01-01%2C2022-12-31%2C640%2Chfq,CNY,CNY per share,F:\Capstone Project\China A Share Research\public_fallback\raw\tencent\600028.SH\2022_hfq.json,2026-10-10T08:47:58.317690+00:00,ok,242,0ee554a428bd02357708c6d912dfae31b4b3a6f95725bee8e849de14c4018b6b,,1,,
600028.SH,prices,2022.0,raw,https://web.ifzq.gtimg.cn/appstock/app/fqkline/get?param=sh600028%2Cday%2C2022-01-01%2C2022-12-31%2C640%2C,CNY,CNY per share,F:\Capstone Project\China A Share Research\public_fallback\raw\tencent\600028.SH\2022_raw.json,2026-10-10T08:47:58.310842+00:00,ok,242,25692e54a59a41b346297d41f3c3f6bf7ca2c8425268d07763fb39a1783020dd,,1,,
600028.SH,prices,2023.0,hfq,https://web.ifzq.gtimg.cn/appstock/app/fqkline/get?param=sh600028%2Cday%2C2023-01-01%2C2023-12-31%2C640%2Chfq,CNY,CNY per share,F:\Capstone Project\China A Share Research\public_fallback\raw\tencent\600028.SH\2023_hfq.json,2026-10-10T08:48:02.451300+00:00,ok,242,71a7b946cfe4304f77a4a972413b4fc1ac0ea78e51269b75cfc73be8be5e3644,,1,,
600028.SH,prices,2023.0,raw,https://web.ifzq.gtimg.cn/appstock/app/fqkline/get?param=sh600028%2Cday%2C2023-01-01%2C2023-12-31%2C640%2C,CNY,CNY per share,F:\Capstone Project\China A Share Research\public_fallback\raw\tencent\600028.SH\2023_raw.json,2026-10-10T08:48:02.415716+00:00,ok,242,7f5e4364381f12052e7611f80d8b77375efff22e51dfc00514a1e273df5f7cc5,,1,,
600028.SH,prices,2024.0,hfq,https://web.ifzq.gtimg.cn/appstock/app/fqkline/get?param=sh600028%2Cday%2C2024-01-01%2C2024-12-31%2C640%2Chfq,CNY,CNY per share,F:\Capstone Project\China A Share Research\public_fallback\raw\tencent\600028.SH\2024_hfq.json,2026-10-10T08:48:06.505466+00:00,ok,242,3cd1eaf036626304c7e00dda0e73b3f9d2c06c4c0ce13c4554d1a94de3e20483,,1,,
600028.SH,prices,2024.0,raw,https://web.ifzq.gtimg.cn/appstock/app/fqkline/get?param=sh600028%2Cday%2C2024-01-01%2C2024-12-31%2C640%2C,CNY,CNY per share,F:\Capstone Project\China A Share Research\public_fallback\raw\tencent\600028.SH\2024_raw.json,2026-10-10T08:48:06.485603+00:00,ok,242,4b2d3ba99577341d972c50b75b0f4d7e167723e3010521e60b6f83f7a42e687a,,1,,
600028.SH,prices,2025.0,hfq,https://web.ifzq.gtimg.cn/appstock/app/fqkline/get?param=sh600028%2Cday%2C2025-01-01%2C2025-12-31%2C640%2Chfq,CNY,CNY per share,F:\Capstone Project\China A Share Research\public_fallback\raw\tencent\600028.SH\2025_hfq.json,2026-10-10T08:48:11.495114+00:00,ok,243,980d30571345193e6b168b7e1540537c01a72b05df8dce4d7de0ecf65f9f8b45,,1,,
600028.SH,prices,2025.0,raw,https://web.ifzq.gtimg.cn/appstock/app/fqkline/get?param=sh600028%2Cday%2C2025-01-01%2C2025-12-31%2C640%2C,CNY,CNY per share,F:\Capstone Project\China A Share Research\public_fallback\raw\tencent\600028.SH\2025_raw.json,2026-10-10T08:48:11.458763+00:00,ok,243,e8c48e8adf43dd8bbb31578c7a52ca5138798a8e4dfb69cc7ec7b46e241ddf31,,1,,
600028.SH,prices,2026.0,hfq,https://web.ifzq.gtimg.cn/appstock/app/fqkline/get?param=sh600028%2Cday%2C2026-01-01%2C2026-10-09%2C640%2Chfq,CNY,CNY per share,F:\Capstone Project\China A Share Research\public_fallback\raw\tencent\600028.SH\2026_hfq.json,2026-10-10T08:48:16.025960+00:00,ok,183,22bcc29b8a9f385b37fc5e5d074e22ad530a406dcc64b9040e7def50e7e7579c,,1,,
600028.SH,prices,2026.0,raw,https://web.ifzq.gtimg.cn/appstock/app/fqkline/get?param=sh600028%2Cday%2C2026-01-01%2C2026-10-09%2C640%2C,CNY,CNY per share,F:\Capstone Project\China A Share Research\public_fallback\raw\tencent\600028.SH\2026_raw.json,2026-10-10T08:48:15.916870+00:00,ok,183,75fc82b7caa9d8519d96bad1b746892b7d472866897c862357c6627d6b2f3264,,1,,
600028.SH,shares,,raw,https://datacenter-web.eastmoney.com/api/data/v1/get?reportName=RPT_F10_EH_EQUITY&columns=ALL&filter=%28SECUCODE%3D%22600028.SH%22%29&pageNumber=1&pageSize=500&sortColumns=END_DATE&sortTypes=-1,CNY,shares,F:\Capstone Project\China A Share Research\public_fallback\raw\eastmoney\600028.SH_shares.json,2026-10-10T08:47:30.123867+00:00,ok,48,8d2fa5e9fe36206dbc13c6b15174c74bbfd03cc82bb07ff82f96f00d83e5a746,,1,,
600104.SH,income,,raw,https://datacenter-web.eastmoney.com/api/data/v1/get?reportName=RPT_LICO_FN_CPD&columns=ALL&filter=%28SECURITY_CODE%3D%22600104%22%29&pageNumber=1&pageSize=500&sortColumns=REPORTDATE&sortTypes=-1,CNY,CNY,F:\Capstone Project\China A Share Research\public_fallback\raw\eastmoney\600104.SH_income.json,2026-10-10T08:46:15.988097+00:00,ok,111,68ad094efc4bd691cc27ec51fc99f9ec6a9c65a0acd088aa0273e6f825c2bdd2,,1,,
600104.SH,prices,2016.0,hfq,https://web.ifzq.gtimg.cn/appstock/app/fqkline/get?param=sh600104%2Cday%2C2016-01-01%2C2016-12-31%2C640%2Chfq,CNY,CNY per share,F:\Capstone Project\China A Share Research\public_fallback\raw\tencent\600104.SH\2016_hfq.json,2026-10-10T08:47:30.517218+00:00,ok,244,5f495bbe994ec592e67fae04dcbebf54721cb751bca87fc763434b4249a01c34,,1,,
600104.SH,prices,2016.0,raw,https://web.ifzq.gtimg.cn/appstock/app/fqkline/get?param=sh600104%2Cday%2C2016-01-01%2C2016-12-31%2C640%2C,CNY,CNY per share,F:\Capstone Project\China A Share Research\public_fallback\raw\tencent\600104.SH\2016_raw.json,2026-10-10T08:47:30.497972+00:00,ok,244,95c5153300bd715528dad7de92de7adfcdbcd0a9514d314b8b3ebbd607c3c068,,1,,
600104.SH,prices,2017.0,hfq,https://web.ifzq.gtimg.cn/appstock/app/fqkline/get?param=sh600104%2Cday%2C2017-01-01%2C2017-12-31%2C640%2Chfq,CNY,CNY per share,F:\Capstone Project\China A Share Research\public_fallback\raw\tencent\600104.SH\2017_hfq.json,2026-10-10T08:47:35.984165+00:00,ok,244,11705b0d5922dec8e39c8e0075eb9b73a458527384e02c8fdf0dffe7fb03f54c,,1,,
600104.SH,prices,2017.0,raw,https://web.ifzq.gtimg.cn/appstock/app/fqkline/get?param=sh600104%2Cday%2C2017-01-01%2C2017-12-31%2C640%2C,CNY,CNY per share,F:\Capstone Project\China A Share Research\public_fallback\raw\tencent\600104.SH\2017_raw.json,2026-10-10T08:47:35.970903+00:00,ok,244,b41f2cfe7f6809a6d191819c4d6cbe9197f2e79a409fcdb4b4694f9a31ad58f0,,1,,
600104.SH,prices,2018.0,hfq,https://web.ifzq.gtimg.cn/appstock/app/fqkline/get?param=sh600104%2Cday%2C2018-01-01%2C2018-12-31%2C640%2Chfq,CNY,CNY per share,F:\Capstone Project\China A Share Research\public_fallback\raw\tencent\600104.SH\2018_hfq.json,2026-10-10T08:47:40.299538+00:00,ok,243,506bd55306c65ddfd6a94b4f5934d62849597ee328861c000b357be048e10d15,,1,,
600104.SH,prices,2018.0,raw,https://web.ifzq.gtimg.cn/appstock/app/fqkline/get?param=sh600104%2Cday%2C2018-01-01%2C2018-12-31%2C640%2C,CNY,CNY per share,F:\Capstone Project\China A Share Research\public_fallback\raw\tencent\600104.SH\2018_raw.json,2026-10-10T08:47:40.281068+00:00,ok,243,2a0e76b3b072658df6a42c9d2fa424c46e52dabe75084bcc588b45ab8f3fc39d,,1,,
600104.SH,prices,2019.0,hfq,https://web.ifzq.gtimg.cn/appstock/app/fqkline/get?param=sh600104%2Cday%2C2019-01-01%2C2019-12-31%2C640%2Chfq,CNY,CNY per share,F:\Capstone Project\China A Share Research\public_fallback\raw\tencent\600104.SH\2019_hfq.json,2026-10-10T08:47:44.472965+00:00,ok,244,f1221cbe1c355ce711b0a9089ecba054f25651ae39caac527c6bf6b0971f5773,,1,,
600104.SH,prices,2019.0,raw,https://web.ifzq.gtimg.cn/appstock/app/fqkline/get?param=sh600104%2Cday%2C2019-01-01%2C2019-12-31%2C640%2C,CNY,CNY per share,F:\Capstone Project\China A Share Research\public_fallback\raw\tencent\600104.SH\2019_raw.json,2026-10-10T08:47:44.455969+00:00,ok,244,91c78d568be91f8a0b80167783f5daa1bd08bd5d640e94772ac8a74408aed2a8,,1,,
600104.SH,prices,2020.0,hfq,https://web.ifzq.gtimg.cn/appstock/app/fqkline/get?param=sh600104%2Cday%2C2020-01-01%2C2020-12-31%2C640%2Chfq,CNY,CNY per share,F:\Capstone Project\China A Share Research\public_fallback\raw\tencent\600104.SH\2020_hfq.json,2026-10-10T08:47:48.646931+00:00,ok,243,8cf53815e430cf756e8218fcb95480fc33cd19e652656d484f2afa70eeb26e7f,,1,,
600104.SH,prices,2020.0,raw,https://web.ifzq.gtimg.cn/appstock/app/fqkline/get?param=sh600104%2Cday%2C2020-01-01%2C2020-12-31%2C640%2C,CNY,CNY per share,F:\Capstone Project\China A Share Research\public_fallback\raw\tencent\600104.SH\2020_raw.json,2026-10-10T08:47:48.620794+00:00,ok,243,97d95045c627c9b8506578119cf022fbe86727fb9ddb94277e97f18ea43751aa,,1,,
600104.SH,prices,2021.0,hfq,https://web.ifzq.gtimg.cn/appstock/app/fqkline/get?param=sh600104%2Cday%2C2021-01-01%2C2021-12-31%2C640%2Chfq,CNY,CNY per share,F:\Capstone Project\China A Share Research\public_fallback\raw\tencent\600104.SH\2021_hfq.json,2026-10-10T08:47:52.823182+00:00,ok,243,df9b3c37f5d5de22a3b46ae81085be6352686ad1792c4d6a68ca3689a88e42b9,,1,,
600104.SH,prices,2021.0,raw,https://web.ifzq.gtimg.cn/appstock/app/fqkline/get?param=sh600104%2Cday%2C2021-01-01%2C2021-12-31%2C640%2C,CNY,CNY per share,F:\Capstone Project\China A Share Research\public_fallback\raw\tencent\600104.SH\2021_raw.json,2026-10-10T08:47:52.824380+00:00,ok,243,2be8625717370610a8887c62d13ebab0523f8e388eae87d8959d70949893ea5c,,1,,
600104.SH,prices,2022.0,hfq,https://web.ifzq.gtimg.cn/appstock/app/fqkline/get?param=sh600104%2Cday%2C2022-01-01%2C2022-12-31%2C640%2Chfq,CNY,CNY per share,F:\Capstone Project\China A Share Research\public_fallback\raw\tencent\600104.SH\2022_hfq.json,2026-10-10T08:47:56.928669+00:00,ok,242,8c5a3fd38a4ac919140dc22133c948ccd230ec0dbede549e2e6c866cd70b04ca,,1,,
600104.SH,prices,2022.0,raw,https://web.ifzq.gtimg.cn/appstock/app/fqkline/get?param=sh600104%2Cday%2C2022-01-01%2C2022-12-31%2C640%2C,CNY,CNY per share,F:\Capstone Project\China A Share Research\public_fallback\raw\tencent\600104.SH\2022_raw.json,2026-10-10T08:47:56.891078+00:00,ok,242,1c283e43bafbbedd18e2aada758c540dc4e054e4cc3754b6f76d348658b48d5e,,1,,
600104.SH,prices,2023.0,hfq,https://web.ifzq.gtimg.cn/appstock/app/fqkline/get?param=sh600104%2Cday%2C2023-01-01%2C2023-12-31%2C640%2Chfq,CNY,CNY per share,F:\Capstone Project\China A Share Research\public_fallback\raw\tencent\600104.SH\2023_hfq.json,2026-10-10T08:48:01.072892+00:00,ok,242,1e9510ed57b3bcfcd1ec2bb56ff136b7832362af432904f036c17bde5f9831f8,,1,,
600104.SH,prices,2023.0,raw,https://web.ifzq.gtimg.cn/appstock/app/fqkline/get?param=sh600104%2Cday%2C2023-01-01%2C2023-12-31%2C640%2C,CNY,CNY per share,F:\Capstone Project\China A Share Research\public_fallback\raw\tencent\600104.SH\2023_raw.json,2026-10-10T08:48:01.028666+00:00,ok,242,aa0cc9af9cdc01fad788b460ef181721539575cb705798b2b114ef8931d51088,,1,,
600104.SH,prices,2024.0,hfq,https://web.ifzq.gtimg.cn/appstock/app/fqkline/get?param=sh600104%2Cday%2C2024-01-01%2C2024-12-31%2C640%2Chfq,CNY,CNY per share,F:\Capstone Project\China A Share Research\public_fallback\raw\tencent\600104.SH\2024_hfq.json,2026-10-10T08:48:05.166904+00:00,ok,242,6ed0264027d483c74d7e1cd8072e4c48bb90d29a4ec378ac5429177d9b1a703d,,1,,
600104.SH,prices,2024.0,raw,https://web.ifzq.gtimg.cn/appstock/app/fqkline/get?param=sh600104%2Cday%2C2024-01-01%2C2024-12-31%2C640%2C,CNY,CNY per share,F:\Capstone Project\China A Share Research\public_fallback\raw\tencent\600104.SH\2024_raw.json,2026-10-10T08:48:05.168376+00:00,ok,242,b80d7093c162f6fe932ed6099042e50e047215dd8e83860bea89b686bde9d1e2,,1,,
600104.SH,prices,2025.0,hfq,https://web.ifzq.gtimg.cn/appstock/app/fqkline/get?param=sh600104%2Cday%2C2025-01-01%2C2025-12-31%2C640%2Chfq,CNY,CNY per share,F:\Capstone Project\China A Share Research\public_fallback\raw\tencent\600104.SH\2025_hfq.json,2026-10-10T08:48:09.888734+00:00,ok,243,6ef5bf6312d13844e5fa5f542cbc19942664dfb8dcfc35e49c4e64794da8f133,,1,,
600104.SH,prices,2025.0,raw,https://web.ifzq.gtimg.cn/appstock/app/fqkline/get?param=sh600104%2Cday%2C2025-01-01%2C2025-12-31%2C640%2C,CNY,CNY per share,F:\Capstone Project\China A Share Research\public_fallback\raw\tencent\600104.SH\2025_raw.json,2026-10-10T08:48:09.816263+00:00,ok,243,ef09dbeed8ce12924d797673a2b16187fc3aed166f497745e6f7b3f5078643d4,,1,,
600104.SH,prices,2026.0,hfq,https://web.ifzq.gtimg.cn/appstock/app/fqkline/get?param=sh600104%2Cday%2C2026-01-01%2C2026-10-09%2C640%2Chfq,CNY,CNY per share,F:\Capstone Project\China A Share Research\public_fallback\raw\tencent\600104.SH\2026_hfq.json,2026-10-10T08:48:14.411243+00:00,ok,183,7b0b2e798069981b070029fd9f6d6abe0314f7c0a312836a85cba6704d924548,,1,,
600104.SH,prices,2026.0,raw,https://web.ifzq.gtimg.cn/appstock/app/fqkline/get?param=sh600104%2Cday%2C2026-01-01%2C2026-10-09%2C640%2C,CNY,CNY per share,F:\Capstone Project\China A Share Research\public_fallback\raw\tencent\600104.SH\2026_raw.json,2026-10-10T08:48:14.374290+00:00,ok,183,404b360f08f0de493b0fecb32f28036e9032898ba21b8e5ddfdef31d372f10d7,,1,,
600104.SH,shares,,raw,https://datacenter-web.eastmoney.com/api/data/v1/get?reportName=RPT_F10_EH_EQUITY&columns=ALL&filter=%28SECUCODE%3D%22600104.SH%22%29&pageNumber=1&pageSize=500&sortColumns=END_DATE&sortTypes=-1,CNY,shares,F:\Capstone Project\China A Share Research\public_fallback\raw\eastmoney\600104.SH_shares.json,2026-10-10T08:46:27.168276+00:00,ok,26,6a49bbdb51c98b85f1dd617282585917e42918bbae14679cc500cbed101fb22d,,1,,
600276.SH,income,,raw,https://datacenter-web.eastmoney.com/api/data/v1/get?reportName=RPT_LICO_FN_CPD&columns=ALL&filter=%28SECURITY_CODE%3D%22600276%22%29&pageNumber=1&pageSize=500&sortColumns=REPORTDATE&sortTypes=-1,CNY,CNY,F:\Capstone Project\China A Share Research\public_fallback\raw\eastmoney\600276.SH_income.json,2026-10-10T08:47:22.131963+00:00,ok,105,2406a1e5b2255d6afae22b50e77ae4f46731ecd056af8f44f6f0e3bbc5c37acc,,1,,
600276.SH,prices,2016.0,hfq,https://web.ifzq.gtimg.cn/appstock/app/fqkline/get?param=sh600276%2Cday%2C2016-01-01%2C2016-12-31%2C640%2Chfq,CNY,CNY per share,F:\Capstone Project\China A Share Research\public_fallback\raw\tencent\600276.SH\2016_hfq.json,2026-10-10T08:47:33.432119+00:00,ok,243,1a7ffbaacdbaa0aad234e289070a395eba3fcc6a979cf9c889cdd30b9b02defc,,1,,
600276.SH,prices,2016.0,raw,https://web.ifzq.gtimg.cn/appstock/app/fqkline/get?param=sh600276%2Cday%2C2016-01-01%2C2016-12-31%2C640%2C,CNY,CNY per share,F:\Capstone Project\China A Share Research\public_fallback\raw\tencent\600276.SH\2016_raw.json,2026-10-10T08:47:33.046346+00:00,ok,243,def0370eea318668205636bcc7cdfe549120ab5ec91acfd6937394a338c664fa,,1,,
600276.SH,prices,2017.0,hfq,https://web.ifzq.gtimg.cn/appstock/app/fqkline/get?param=sh600276%2Cday%2C2017-01-01%2C2017-12-31%2C640%2Chfq,CNY,CNY per share,F:\Capstone Project\China A Share Research\public_fallback\raw\tencent\600276.SH\2017_hfq.json,2026-10-10T08:47:37.677351+00:00,ok,244,40bc3ebf9d9ec06433d2fc82060d8f61dd307c0e826e74476e08dbeb6c02dcb9,,1,,
600276.SH,prices,2017.0,raw,https://web.ifzq.gtimg.cn/appstock/app/fqkline/get?param=sh600276%2Cday%2C2017-01-01%2C2017-12-31%2C640%2C,CNY,CNY per share,F:\Capstone Project\China A Share Research\public_fallback\raw\tencent\600276.SH\2017_raw.json,2026-10-10T08:47:37.696692+00:00,ok,244,b648af27e7473ae631bec1c38aa3403ec3cb650522ceebfe800d4a8ae7237291,,1,,
600276.SH,prices,2018.0,hfq,https://web.ifzq.gtimg.cn/appstock/app/fqkline/get?param=sh600276%2Cday%2C2018-01-01%2C2018-12-31%2C640%2Chfq,CNY,CNY per share,F:\Capstone Project\China A Share Research\public_fallback\raw\tencent\600276.SH\2018_hfq.json,2026-10-10T08:47:41.978910+00:00,ok,243,60342e72839f605300446dcec2969619af308f4c1c6fab66596d6023ed8de669,,1,,
600276.SH,prices,2018.0,raw,https://web.ifzq.gtimg.cn/appstock/app/fqkline/get?param=sh600276%2Cday%2C2018-01-01%2C2018-12-31%2C640%2C,CNY,CNY per share,F:\Capstone Project\China A Share Research\public_fallback\raw\tencent\600276.SH\2018_raw.json,2026-10-10T08:47:41.991071+00:00,ok,243,5e9246181301964e058d44bd782f92617f45c88ec62813ff2303922cab918093,,1,,
600276.SH,prices,2019.0,hfq,https://web.ifzq.gtimg.cn/appstock/app/fqkline/get?param=sh600276%2Cday%2C2019-01-01%2C2019-12-31%2C640%2Chfq,CNY,CNY per share,F:\Capstone Project\China A Share Research\public_fallback\raw\tencent\600276.SH\2019_hfq.json,2026-10-10T08:47:46.142631+00:00,ok,244,550a4051a979b4ea9987758e0c516726eea341b0b1783535d3f48fbc1323a36e,,1,,
600276.SH,prices,2019.0,raw,https://web.ifzq.gtimg.cn/appstock/app/fqkline/get?param=sh600276%2Cday%2C2019-01-01%2C2019-12-31%2C640%2C,CNY,CNY per share,F:\Capstone Project\China A Share Research\public_fallback\raw\tencent\600276.SH\2019_raw.json,2026-10-10T08:47:46.142631+00:00,ok,244,47beb83cfacfdf245e98b5a3f82ea348b4dfbd30b0373d211095036a12c756d4,,1,,
600276.SH,prices,2020.0,hfq,https://web.ifzq.gtimg.cn/appstock/app/fqkline/get?param=sh600276%2Cday%2C2020-01-01%2C2020-12-31%2C640%2Chfq,CNY,CNY per share,F:\Capstone Project\China A Share Research\public_fallback\raw\tencent\600276.SH\2020_hfq.json,2026-10-10T08:47:50.491754+00:00,ok,243,ef371bec0c072f75e9e16292acd9d78687024539c976e6fcb65160ad9e71b459,,1,,
600276.SH,prices,2020.0,raw,https://web.ifzq.gtimg.cn/appstock/app/fqkline/get?param=sh600276%2Cday%2C2020-01-01%2C2020-12-31%2C640%2C,CNY,CNY per share,F:\Capstone Project\China A Share Research\public_fallback\raw\tencent\600276.SH\2020_raw.json,2026-10-10T08:47:50.386276+00:00,ok,243,30f620a2c189fcd83708547f6843df86d2516cc5a05b54cf777975335e266809,,1,,
600276.SH,prices,2021.0,hfq,https://web.ifzq.gtimg.cn/appstock/app/fqkline/get?param=sh600276%2Cday%2C2021-01-01%2C2021-12-31%2C640%2Chfq,CNY,CNY per share,F:\Capstone Project\China A Share Research\public_fallback\raw\tencent\600276.SH\2021_hfq.json,2026-10-10T08:47:54.631241+00:00,ok,243,e64dd7874d0d848adebb48de8c1b98ddaf28635b294aa20d947e6a626f058516,,1,,
600276.SH,prices,2021.0,raw,https://web.ifzq.gtimg.cn/appstock/app/fqkline/get?param=sh600276%2Cday%2C2021-01-01%2C2021-12-31%2C640%2C,CNY,CNY per share,F:\Capstone Project\China A Share Research\public_fallback\raw\tencent\600276.SH\2021_raw.json,2026-10-10T08:47:54.516106+00:00,ok,243,be80a4e55f632e7b4a3afb6456c1dc4d3768fc800ec6e5908c5a6814e9b3dae5,,1,,
600276.SH,prices,2022.0,hfq,https://web.ifzq.gtimg.cn/appstock/app/fqkline/get?param=sh600276%2Cday%2C2022-01-01%2C2022-12-31%2C640%2Chfq,CNY,CNY per share,F:\Capstone Project\China A Share Research\public_fallback\raw\tencent\600276.SH\2022_hfq.json,2026-10-10T08:47:58.718317+00:00,ok,242,ee9e1a9ef1c99cbc314c778a27ce14245df5df64351caae3062a638c62191f1c,,1,,
600276.SH,prices,2022.0,raw,https://web.ifzq.gtimg.cn/appstock/app/fqkline/get?param=sh600276%2Cday%2C2022-01-01%2C2022-12-31%2C640%2C,CNY,CNY per share,F:\Capstone Project\China A Share Research\public_fallback\raw\tencent\600276.SH\2022_raw.json,2026-10-10T08:47:58.713481+00:00,ok,242,aa6d2860e1eff670fc307eceadd08f63ea9d4f118f74f442e1463289123a8408,,1,,
600276.SH,prices,2023.0,hfq,https://web.ifzq.gtimg.cn/appstock/app/fqkline/get?param=sh600276%2Cday%2C2023-01-01%2C2023-12-31%2C640%2Chfq,CNY,CNY per share,F:\Capstone Project\China A Share Research\public_fallback\raw\tencent\600276.SH\2023_hfq.json,2026-10-10T08:48:02.843594+00:00,ok,242,bc1a52182e48e328a7e1a9aecd51d1aeba32fca5fc9a56ca5d6b5a43e82eda2c,,1,,
600276.SH,prices,2023.0,raw,https://web.ifzq.gtimg.cn/appstock/app/fqkline/get?param=sh600276%2Cday%2C2023-01-01%2C2023-12-31%2C640%2C,CNY,CNY per share,F:\Capstone Project\China A Share Research\public_fallback\raw\tencent\600276.SH\2023_raw.json,2026-10-10T08:48:02.809496+00:00,ok,242,b1a7a28b0f1f9655278cda7e838d3bd577e0d294c450607ae6878ca16db350fc,,1,,
600276.SH,prices,2024.0,hfq,https://web.ifzq.gtimg.cn/appstock/app/fqkline/get?param=sh600276%2Cday%2C2024-01-01%2C2024-12-31%2C640%2Chfq,CNY,CNY per share,F:\Capstone Project\China A Share Research\public_fallback\raw\tencent\600276.SH\2024_hfq.json,2026-10-10T08:48:06.938434+00:00,ok,242,6b3eec252bf89b5448c8570f0e2ae34309d992b81bdae5773c8fd70964db3726,,1,,
600276.SH,prices,2024.0,raw,https://web.ifzq.gtimg.cn/appstock/app/fqkline/get?param=sh600276%2Cday%2C2024-01-01%2C2024-12-31%2C640%2C,CNY,CNY per share,F:\Capstone Project\China A Share Research\public_fallback\raw\tencent\600276.SH\2024_raw.json,2026-10-10T08:48:06.895658+00:00,ok,242,9a35a1e81c95f11fd1b641b098098e881948b37cbf717709f3eb1f30d0555361,,1,,
600276.SH,prices,2025.0,hfq,https://web.ifzq.gtimg.cn/appstock/app/fqkline/get?param=sh600276%2Cday%2C2025-01-01%2C2025-12-31%2C640%2Chfq,CNY,CNY per share,F:\Capstone Project\China A Share Research\public_fallback\raw\tencent\600276.SH\2025_hfq.json,2026-10-10T08:48:11.892602+00:00,ok,243,0a8687e08239748e318d542a5be2bd64889c817b39fc07bb15bcc4350fe99142,,1,,
600276.SH,prices,2025.0,raw,https://web.ifzq.gtimg.cn/appstock/app/fqkline/get?param=sh600276%2Cday%2C2025-01-01%2C2025-12-31%2C640%2C,CNY,CNY per share,F:\Capstone Project\China A Share Research\public_fallback\raw\tencent\600276.SH\2025_raw.json,2026-10-10T08:48:11.857699+00:00,ok,243,1a9b5baed74ba3178ffaca5d35c83b73473a7a1ba4da3c98b42b917ce4c5c924,,1,,
600276.SH,prices,2026.0,hfq,https://web.ifzq.gtimg.cn/appstock/app/fqkline/get?param=sh600276%2Cday%2C2026-01-01%2C2026-10-09%2C640%2Chfq,CNY,CNY per share,F:\Capstone Project\China A Share Research\public_fallback\raw\tencent\600276.SH\2026_hfq.json,2026-10-10T08:48:16.439647+00:00,ok,183,0d120b140071e825156d205cfd5de504f6bbca5882a672a25375ce4fdd292fc2,,1,,
600276.SH,prices,2026.0,raw,https://web.ifzq.gtimg.cn/appstock/app/fqkline/get?param=sh600276%2Cday%2C2026-01-01%2C2026-10-09%2C640%2C,CNY,CNY per share,F:\Capstone Project\China A Share Research\public_fallback\raw\tencent\600276.SH\2026_raw.json,2026-10-10T08:48:16.336000+00:00,ok,183,6fb6a531d86c1abd0d76bb1c31a46d96e3ef79c5e0a882fc73261714f85322a3,,1,,
600276.SH,shares,,raw,https://datacenter-web.eastmoney.com/api/data/v1/get?reportName=RPT_F10_EH_EQUITY&columns=ALL&filter=%28SECUCODE%3D%22600276.SH%22%29&pageNumber=1&pageSize=500&sortColumns=END_DATE&sortTypes=-1,CNY,shares,F:\Capstone Project\China A Share Research\public_fallback\raw\eastmoney\600276.SH_shares.json,2026-10-10T08:47:22.002758+00:00,ok,65,2ce7aa39926ee5a50b5bc8a602489f3867d6d00f258dc38747246060cc6e9f4d,,1,,
600690.SH,income,,raw,https://datacenter-web.eastmoney.com/api/data/v1/get?reportName=RPT_LICO_FN_CPD&columns=ALL&filter=%28SECURITY_CODE%3D%22600690%22%29&pageNumber=1&pageSize=500&sortColumns=REPORTDATE&sortTypes=-1,CNY,CNY,F:\Capstone Project\China A Share Research\public_fallback\raw\eastmoney\600690.SH_income.json,2026-10-10T08:45:59.745457+00:00,ok,119,dc340aab4234bb7134a20829f5ff57939a97c2cb1b8486cea4dd3cd4dc1c1308,,1,,
600690.SH,prices,2016.0,hfq,https://web.ifzq.gtimg.cn/appstock/app/fqkline/get?param=sh600690%2Cday%2C2016-01-01%2C2016-12-31%2C640%2Chfq,CNY,CNY per share,F:\Capstone Project\China A Share Research\public_fallback\raw\tencent\600690.SH\2016_hfq.json,2026-10-10T08:47:27.470823+00:00,ok,224,bc383ac5955724c98a9d0194d73d31a1d1bb3c6906ccf74d8f438bc3762e8bae,,1,,
600690.SH,prices,2016.0,raw,https://web.ifzq.gtimg.cn/appstock/app/fqkline/get?param=sh600690%2Cday%2C2016-01-01%2C2016-12-31%2C640%2C,CNY,CNY per share,F:\Capstone Project\China A Share Research\public_fallback\raw\tencent\600690.SH\2016_raw.json,2026-10-10T08:47:27.448399+00:00,ok,224,e4541768be4918459e3d3061fa48ae6ca7436cd9495511bda74239c5baa00449,,1,,
600690.SH,prices,2017.0,hfq,https://web.ifzq.gtimg.cn/appstock/app/fqkline/get?param=sh600690%2Cday%2C2017-01-01%2C2017-12-31%2C640%2Chfq,CNY,CNY per share,F:\Capstone Project\China A Share Research\public_fallback\raw\tencent\600690.SH\2017_hfq.json,2026-10-10T08:47:34.753792+00:00,ok,244,26d8061981deb18fe2c125c78bdd3c0b948ed4448171a31b5418925f2336a27c,,1,,
600690.SH,prices,2017.0,raw,https://web.ifzq.gtimg.cn/appstock/app/fqkline/get?param=sh600690%2Cday%2C2017-01-01%2C2017-12-31%2C640%2C,CNY,CNY per share,F:\Capstone Project\China A Share Research\public_fallback\raw\tencent\600690.SH\2017_raw.json,2026-10-10T08:47:34.752722+00:00,ok,244,4863fd894c16803aefd2baf3815b1f03dbfea3c9ec0eec07e75dd2aac014ffc3,,1,,
600690.SH,prices,2018.0,hfq,https://web.ifzq.gtimg.cn/appstock/app/fqkline/get?param=sh600690%2Cday%2C2018-01-01%2C2018-12-31%2C640%2Chfq,CNY,CNY per share,F:\Capstone Project\China A Share Research\public_fallback\raw\tencent\600690.SH\2018_hfq.json,2026-10-10T08:47:38.946213+00:00,ok,243,f30f0de07ae30c7c5a16e6b920b3e8a014695a50e7bda03135ca3a73d223c749,,1,,
600690.SH,prices,2018.0,raw,https://web.ifzq.gtimg.cn/appstock/app/fqkline/get?param=sh600690%2Cday%2C2018-01-01%2C2018-12-31%2C640%2C,CNY,CNY per share,F:\Capstone Project\China A Share Research\public_fallback\raw\tencent\600690.SH\2018_raw.json,2026-10-10T08:47:38.945208+00:00,ok,243,e6f6c12c50f811b3eeda5dc98e10c7e6d564d5916e219034a51eaf51fd31ae0a,,1,,
600690.SH,prices,2019.0,hfq,https://web.ifzq.gtimg.cn/appstock/app/fqkline/get?param=sh600690%2Cday%2C2019-01-01%2C2019-12-31%2C640%2Chfq,CNY,CNY per share,F:\Capstone Project\China A Share Research\public_fallback\raw\tencent\600690.SH\2019_hfq.json,2026-10-10T08:47:43.266800+00:00,ok,244,24d71a77a770d9e07eb873bfd606bb8618c113d38f6e71495cb328e9c3c923f3,,1,,
600690.SH,prices,2019.0,raw,https://web.ifzq.gtimg.cn/appstock/app/fqkline/get?param=sh600690%2Cday%2C2019-01-01%2C2019-12-31%2C640%2C,CNY,CNY per share,F:\Capstone Project\China A Share Research\public_fallback\raw\tencent\600690.SH\2019_raw.json,2026-10-10T08:47:43.254490+00:00,ok,244,a692f188dc230106ad5c3750a9f9cced576c126bb07b15c60fe8fceddb248962,,1,,
600690.SH,prices,2020.0,hfq,https://web.ifzq.gtimg.cn/appstock/app/fqkline/get?param=sh600690%2Cday%2C2020-01-01%2C2020-12-31%2C640%2Chfq,CNY,CNY per share,F:\Capstone Project\China A Share Research\public_fallback\raw\tencent\600690.SH\2020_hfq.json,2026-10-10T08:47:47.408320+00:00,ok,241,da64be27daf3a25002778d15d71cdf5f85129b7224eb0946f2ba72c8736c45cf,,1,,
600690.SH,prices,2020.0,raw,https://web.ifzq.gtimg.cn/appstock/app/fqkline/get?param=sh600690%2Cday%2C2020-01-01%2C2020-12-31%2C640%2C,CNY,CNY per share,F:\Capstone Project\China A Share Research\public_fallback\raw\tencent\600690.SH\2020_raw.json,2026-10-10T08:47:47.414175+00:00,ok,241,4c7ea7410c8e7047aaad793ea29a4d5047ab90687d56f6da47dd2c69e61f83ef,,1,,
600690.SH,prices,2021.0,hfq,https://web.ifzq.gtimg.cn/appstock/app/fqkline/get?param=sh600690%2Cday%2C2021-01-01%2C2021-12-31%2C640%2Chfq,CNY,CNY per share,F:\Capstone Project\China A Share Research\public_fallback\raw\tencent\600690.SH\2021_hfq.json,2026-10-10T08:47:51.714033+00:00,ok,243,4386538478f78dab00231f8a8ee15f9c88597710d1ae6d4b0c8067ddea6a8b32,,1,,
600690.SH,prices,2021.0,raw,https://web.ifzq.gtimg.cn/appstock/app/fqkline/get?param=sh600690%2Cday%2C2021-01-01%2C2021-12-31%2C640%2C,CNY,CNY per share,F:\Capstone Project\China A Share Research\public_fallback\raw\tencent\600690.SH\2021_raw.json,2026-10-10T08:47:51.601584+00:00,ok,243,8b0049cd699bea093c966726718275f2d1c68dce55f23283f71bd658e223a244,,1,,
600690.SH,prices,2022.0,hfq,https://web.ifzq.gtimg.cn/appstock/app/fqkline/get?param=sh600690%2Cday%2C2022-01-01%2C2022-12-31%2C640%2Chfq,CNY,CNY per share,F:\Capstone Project\China A Share Research\public_fallback\raw\tencent\600690.SH\2022_hfq.json,2026-10-10T08:47:55.831230+00:00,ok,242,35380e69a37bff5dc12efc6cf589039336be525d5f2d7581a1228c06763f1f1b,,1,,
600690.SH,prices,2022.0,raw,https://web.ifzq.gtimg.cn/appstock/app/fqkline/get?param=sh600690%2Cday%2C2022-01-01%2C2022-12-31%2C640%2C,CNY,CNY per share,F:\Capstone Project\China A Share Research\public_fallback\raw\tencent\600690.SH\2022_raw.json,2026-10-10T08:47:55.748732+00:00,ok,242,09280eac12feb015265d1297b971c156269fce86b807a43cead3482729ce6b3f,,1,,
600690.SH,prices,2023.0,hfq,https://web.ifzq.gtimg.cn/appstock/app/fqkline/get?param=sh600690%2Cday%2C2023-01-01%2C2023-12-31%2C640%2Chfq,CNY,CNY per share,F:\Capstone Project\China A Share Research\public_fallback\raw\tencent\600690.SH\2023_hfq.json,2026-10-10T08:47:59.976954+00:00,ok,242,9ee4d1c5954ee964e7fa44e164d42bdd4caeabbdbc84786508f19b7a6a987ec5,,1,,
600690.SH,prices,2023.0,raw,https://web.ifzq.gtimg.cn/appstock/app/fqkline/get?param=sh600690%2Cday%2C2023-01-01%2C2023-12-31%2C640%2C,CNY,CNY per share,F:\Capstone Project\China A Share Research\public_fallback\raw\tencent\600690.SH\2023_raw.json,2026-10-10T08:47:59.961164+00:00,ok,242,7024d09215c2051ed0efbc143a4a74d7b3bc6851b8af64a71389282bee9536fe,,1,,
600690.SH,prices,2024.0,hfq,https://web.ifzq.gtimg.cn/appstock/app/fqkline/get?param=sh600690%2Cday%2C2024-01-01%2C2024-12-31%2C640%2Chfq,CNY,CNY per share,F:\Capstone Project\China A Share Research\public_fallback\raw\tencent\600690.SH\2024_hfq.json,2026-10-10T08:48:04.026734+00:00,ok,242,07a58e9ce6ed5e6f3a3cbaf652041c27282dd16c3066a7c4d0413eb83cfb4d5e,,1,,
600690.SH,prices,2024.0,raw,https://web.ifzq.gtimg.cn/appstock/app/fqkline/get?param=sh600690%2Cday%2C2024-01-01%2C2024-12-31%2C640%2C,CNY,CNY per share,F:\Capstone Project\China A Share Research\public_fallback\raw\tencent\600690.SH\2024_raw.json,2026-10-10T08:48:04.020893+00:00,ok,242,2758dc7beb7a1fd62ffc5610f2b330c57a2ea981d16ea4a877500fb42ffeb8a4,,1,,
600690.SH,prices,2025.0,hfq,https://web.ifzq.gtimg.cn/appstock/app/fqkline/get?param=sh600690%2Cday%2C2025-01-01%2C2025-12-31%2C640%2Chfq,CNY,CNY per share,F:\Capstone Project\China A Share Research\public_fallback\raw\tencent\600690.SH\2025_hfq.json,2026-10-10T08:48:08.200752+00:00,ok,243,41802989c42ef579d1a3960b9488d85025ae5a3eca9a154c1c7ec9377168db9a,,1,,
600690.SH,prices,2025.0,raw,https://web.ifzq.gtimg.cn/appstock/app/fqkline/get?param=sh600690%2Cday%2C2025-01-01%2C2025-12-31%2C640%2C,CNY,CNY per share,F:\Capstone Project\China A Share Research\public_fallback\raw\tencent\600690.SH\2025_raw.json,2026-10-10T08:48:08.144759+00:00,ok,243,a32d54fdfa6ca29e3bc264aaec794d01813168bf5c66cad1da7c75bea12bb55f,,1,,
600690.SH,prices,2026.0,hfq,https://web.ifzq.gtimg.cn/appstock/app/fqkline/get?param=sh600690%2Cday%2C2026-01-01%2C2026-10-09%2C640%2Chfq,CNY,CNY per share,F:\Capstone Project\China A Share Research\public_fallback\raw\tencent\600690.SH\2026_hfq.json,2026-10-10T08:48:13.160702+00:00,ok,183,b879b1b2a76b01313a83dfb41a5d9be3e16def3700b7b227d4e5bcfa92d131b4,,1,,
600690.SH,prices,2026.0,raw,https://web.ifzq.gtimg.cn/appstock/app/fqkline/get?param=sh600690%2Cday%2C2026-01-01%2C2026-10-09%2C640%2C,CNY,CNY per share,F:\Capstone Project\China A Share Research\public_fallback\raw\tencent\600690.SH\2026_raw.json,2026-10-10T08:48:13.149147+00:00,ok,183,b99fe1836cba324d4bca4705a77ee5ee29fbf0c7521541119f556a850124e341,,1,,
600690.SH,shares,,raw,https://datacenter-web.eastmoney.com/api/data/v1/get?reportName=RPT_F10_EH_EQUITY&columns=ALL&filter=%28SECUCODE%3D%22600690.SH%22%29&pageNumber=1&pageSize=500&sortColumns=END_DATE&sortTypes=-1,CNY,shares,F:\Capstone Project\China A Share Research\public_fallback\raw\eastmoney\600690.SH_shares.json,2026-10-10T08:46:10.364506+00:00,ok,83,7c10fc09b7d3909d4649c026a8b7c9df7f1869a9e5e02892fc9fe76088b004db,,1,,
601111.SH,income,,raw,https://datacenter-web.eastmoney.com/api/data/v1/get?reportName=RPT_LICO_FN_CPD&columns=ALL&filter=%28SECURITY_CODE%3D%22601111%22%29&pageNumber=1&pageSize=500&sortColumns=REPORTDATE&sortTypes=-1,CNY,CNY,F:\Capstone Project\China A Share Research\public_fallback\raw\eastmoney\601111.SH_income.json,2026-10-10T08:47:12.849847+00:00,ok,86,cd41f6355fb9d4a80e9c7e42e7a62c151d0e59b1f6b680405021f7774e2f259a,,1,,
601111.SH,prices,2016.0,hfq,https://web.ifzq.gtimg.cn/appstock/app/fqkline/get?param=sh601111%2Cday%2C2016-01-01%2C2016-12-31%2C640%2Chfq,CNY,CNY per share,F:\Capstone Project\China A Share Research\public_fallback\raw\tencent\601111.SH\2016_hfq.json,2026-10-10T08:47:31.747211+00:00,ok,244,d94cea1445f3bcb4d0022d3bb6840df2e2c367d9d570d04144f3eae573c9e4ae,,1,,
601111.SH,prices,2016.0,raw,https://web.ifzq.gtimg.cn/appstock/app/fqkline/get?param=sh601111%2Cday%2C2016-01-01%2C2016-12-31%2C640%2C,CNY,CNY per share,F:\Capstone Project\China A Share Research\public_fallback\raw\tencent\601111.SH\2016_raw.json,2026-10-10T08:47:31.748221+00:00,ok,244,3171cbe9eef981069e047dccf531bb98c31e8aa128d6dab58a4ef928bbba28bd,,1,,
601111.SH,prices,2017.0,hfq,https://web.ifzq.gtimg.cn/appstock/app/fqkline/get?param=sh601111%2Cday%2C2017-01-01%2C2017-12-31%2C640%2Chfq,CNY,CNY per share,F:\Capstone Project\China A Share Research\public_fallback\raw\tencent\601111.SH\2017_hfq.json,2026-10-10T08:47:36.835830+00:00,ok,244,d6972aa404b681ca8283b1bca46c4e4ccf82274c3fa8354a18170653925655b4,,1,,
601111.SH,prices,2017.0,raw,https://web.ifzq.gtimg.cn/appstock/app/fqkline/get?param=sh601111%2Cday%2C2017-01-01%2C2017-12-31%2C640%2C,CNY,CNY per share,F:\Capstone Project\China A Share Research\public_fallback\raw\tencent\601111.SH\2017_raw.json,2026-10-10T08:47:36.786952+00:00,ok,244,9286402919d7c3938400c1c5885cd141f1966d9d3e9fdbe7fc6fc3a1c823da25,,1,,
601111.SH,prices,2018.0,hfq,https://web.ifzq.gtimg.cn/appstock/app/fqkline/get?param=sh601111%2Cday%2C2018-01-01%2C2018-12-31%2C640%2Chfq,CNY,CNY per share,F:\Capstone Project\China A Share Research\public_fallback\raw\tencent\601111.SH\2018_hfq.json,2026-10-10T08:47:41.144389+00:00,ok,243,3b63ea3665ae3f5340f6c10cef44180b443e602dba4f153ef614505e667f53d2,,1,,
601111.SH,prices,2018.0,raw,https://web.ifzq.gtimg.cn/appstock/app/fqkline/get?param=sh601111%2Cday%2C2018-01-01%2C2018-12-31%2C640%2C,CNY,CNY per share,F:\Capstone Project\China A Share Research\public_fallback\raw\tencent\601111.SH\2018_raw.json,2026-10-10T08:47:41.035758+00:00,ok,243,47b7006c4e0c30a2961a6f8f7eb099c5952607c34d24d62b56b1aea5849b37c0,,1,,
601111.SH,prices,2019.0,hfq,https://web.ifzq.gtimg.cn/appstock/app/fqkline/get?param=sh601111%2Cday%2C2019-01-01%2C2019-12-31%2C640%2Chfq,CNY,CNY per share,F:\Capstone Project\China A Share Research\public_fallback\raw\tencent\601111.SH\2019_hfq.json,2026-10-10T08:47:45.295461+00:00,ok,244,a432e4419216f8e2070c56901fa4ae56a0b2a4e758bb2fad069e657450717358,,1,,
601111.SH,prices,2019.0,raw,https://web.ifzq.gtimg.cn/appstock/app/fqkline/get?param=sh601111%2Cday%2C2019-01-01%2C2019-12-31%2C640%2C,CNY,CNY per share,F:\Capstone Project\China A Share Research\public_fallback\raw\tencent\601111.SH\2019_raw.json,2026-10-10T08:47:45.295461+00:00,ok,244,be4b746dbe4805907f77faf60b32e8e5ca0b167e8b16ebaa40b6ff1a2ea2700f,,1,,
601111.SH,prices,2020.0,hfq,https://web.ifzq.gtimg.cn/appstock/app/fqkline/get?param=sh601111%2Cday%2C2020-01-01%2C2020-12-31%2C640%2Chfq,CNY,CNY per share,F:\Capstone Project\China A Share Research\public_fallback\raw\tencent\601111.SH\2020_hfq.json,2026-10-10T08:47:49.488834+00:00,ok,242,91adc52f069917a4026a8ad5ac241ce620a6fbcf3244d9d64fa49a553dff731d,,1,,
601111.SH,prices,2020.0,raw,https://web.ifzq.gtimg.cn/appstock/app/fqkline/get?param=sh601111%2Cday%2C2020-01-01%2C2020-12-31%2C640%2C,CNY,CNY per share,F:\Capstone Project\China A Share Research\public_fallback\raw\tencent\601111.SH\2020_raw.json,2026-10-10T08:47:49.457364+00:00,ok,242,803c8fed11ecd6fc09ddefdc096011e93692fe3fbb53793241d321159cb33241,,1,,
601111.SH,prices,2021.0,hfq,https://web.ifzq.gtimg.cn/appstock/app/fqkline/get?param=sh601111%2Cday%2C2021-01-01%2C2021-12-31%2C640%2Chfq,CNY,CNY per share,F:\Capstone Project\China A Share Research\public_fallback\raw\tencent\601111.SH\2021_hfq.json,2026-10-10T08:47:53.653210+00:00,ok,243,9dcf07f64994c5ef6faa25205268c744172a4f23fadf95d4da1198b5cefd86ad,,1,,
601111.SH,prices,2021.0,raw,https://web.ifzq.gtimg.cn/appstock/app/fqkline/get?param=sh601111%2Cday%2C2021-01-01%2C2021-12-31%2C640%2C,CNY,CNY per share,F:\Capstone Project\China A Share Research\public_fallback\raw\tencent\601111.SH\2021_raw.json,2026-10-10T08:47:53.654206+00:00,ok,243,648678ab6ceba5d08a29dddcaabdb3d57f199569034054ddb84fd6a590c1b3b2,,1,,
601111.SH,prices,2022.0,hfq,https://web.ifzq.gtimg.cn/appstock/app/fqkline/get?param=sh601111%2Cday%2C2022-01-01%2C2022-12-31%2C640%2Chfq,CNY,CNY per share,F:\Capstone Project\China A Share Research\public_fallback\raw\tencent\601111.SH\2022_hfq.json,2026-10-10T08:47:57.761622+00:00,ok,242,43f48d00d87773f8fae4727a13db3d08f5052fcf16bc66e4de6dba8cdcd869e3,,1,,
601111.SH,prices,2022.0,raw,https://web.ifzq.gtimg.cn/appstock/app/fqkline/get?param=sh601111%2Cday%2C2022-01-01%2C2022-12-31%2C640%2C,CNY,CNY per share,F:\Capstone Project\China A Share Research\public_fallback\raw\tencent\601111.SH\2022_raw.json,2026-10-10T08:47:57.761622+00:00,ok,242,9a5ba5225a0ffd44feb6c145f14ae5f17afc94097eff3c61b1e8fcb6fa615619,,1,,
601111.SH,prices,2023.0,hfq,https://web.ifzq.gtimg.cn/appstock/app/fqkline/get?param=sh601111%2Cday%2C2023-01-01%2C2023-12-31%2C640%2Chfq,CNY,CNY per share,F:\Capstone Project\China A Share Research\public_fallback\raw\tencent\601111.SH\2023_hfq.json,2026-10-10T08:48:01.908876+00:00,ok,242,d2bbe286150af5e4e75c47909947cd5b13c8e80708512e2cd27931f21da509d2,,1,,
601111.SH,prices,2023.0,raw,https://web.ifzq.gtimg.cn/appstock/app/fqkline/get?param=sh601111%2Cday%2C2023-01-01%2C2023-12-31%2C640%2C,CNY,CNY per share,F:\Capstone Project\China A Share Research\public_fallback\raw\tencent\601111.SH\2023_raw.json,2026-10-10T08:48:01.879879+00:00,ok,242,aa187156fef23826cd8e11a4d8f98eedee8220f4a31fd6b0c78c895b20bf9942,,1,,
601111.SH,prices,2024.0,hfq,https://web.ifzq.gtimg.cn/appstock/app/fqkline/get?param=sh601111%2Cday%2C2024-01-01%2C2024-12-31%2C640%2Chfq,CNY,CNY per share,F:\Capstone Project\China A Share Research\public_fallback\raw\tencent\601111.SH\2024_hfq.json,2026-10-10T08:48:06.096548+00:00,ok,242,dd3336e1bba793be099ed88b865c097464915baf581f8f3dd1c052b9508e8293,,1,,
601111.SH,prices,2024.0,raw,https://web.ifzq.gtimg.cn/appstock/app/fqkline/get?param=sh601111%2Cday%2C2024-01-01%2C2024-12-31%2C640%2C,CNY,CNY per share,F:\Capstone Project\China A Share Research\public_fallback\raw\tencent\601111.SH\2024_raw.json,2026-10-10T08:48:06.085486+00:00,ok,242,44669b0beb04d0ac51ec0cd95b3b4d36a64f2040cb7be8c2b54c0694334d7a95,,1,,
601111.SH,prices,2025.0,hfq,https://web.ifzq.gtimg.cn/appstock/app/fqkline/get?param=sh601111%2Cday%2C2025-01-01%2C2025-12-31%2C640%2Chfq,CNY,CNY per share,F:\Capstone Project\China A Share Research\public_fallback\raw\tencent\601111.SH\2025_hfq.json,2026-10-10T08:48:11.043435+00:00,ok,243,3e1ec7b6242476cf109db264d887be646093cef3207ee9a479fa1667a622ca37,,1,,
601111.SH,prices,2025.0,raw,https://web.ifzq.gtimg.cn/appstock/app/fqkline/get?param=sh601111%2Cday%2C2025-01-01%2C2025-12-31%2C640%2C,CNY,CNY per share,F:\Capstone Project\China A Share Research\public_fallback\raw\tencent\601111.SH\2025_raw.json,2026-10-10T08:48:11.037327+00:00,ok,243,cc6d86ee12cd463325d5fe8bdf38463f70f9b133e7bed363587fee8de0a059eb,,1,,
601111.SH,prices,2026.0,hfq,https://web.ifzq.gtimg.cn/appstock/app/fqkline/get?param=sh601111%2Cday%2C2026-01-01%2C2026-10-09%2C640%2Chfq,CNY,CNY per share,F:\Capstone Project\China A Share Research\public_fallback\raw\tencent\601111.SH\2026_hfq.json,2026-10-10T08:48:15.255309+00:00,ok,183,67adeb23cf12d67e079f8e41ba091152c774142c9b7df2814b5d1281efad47fc,,1,,
601111.SH,prices,2026.0,raw,https://web.ifzq.gtimg.cn/appstock/app/fqkline/get?param=sh601111%2Cday%2C2026-01-01%2C2026-10-09%2C640%2C,CNY,CNY per share,F:\Capstone Project\China A Share Research\public_fallback\raw\tencent\601111.SH\2026_raw.json,2026-10-10T08:48:15.224389+00:00,ok,183,c51b7a464e37a353200878f1106f2fefe0b464711b66d12f521bb986dbdb0f57,,1,,
601111.SH,shares,,raw,https://datacenter-web.eastmoney.com/api/data/v1/get?reportName=RPT_F10_EH_EQUITY&columns=ALL&filter=%28SECUCODE%3D%22601111.SH%22%29&pageNumber=1&pageSize=500&sortColumns=END_DATE&sortTypes=-1,CNY,shares,F:\Capstone Project\China A Share Research\public_fallback\raw\eastmoney\601111.SH_shares.json,2026-10-10T08:47:13.834267+00:00,ok,25,305fa2202847b62c0f7161e956ffcc0d8c58ad9b3028bf9fa6a6290b9f09230b,,1,,
601318.SH,income,,raw,https://datacenter-web.eastmoney.com/api/data/v1/get?reportName=RPT_LICO_FN_CPD&columns=ALL&filter=%28SECURITY_CODE%3D%22601318%22%29&pageNumber=1&pageSize=500&sortColumns=REPORTDATE&sortTypes=-1,CNY,CNY,F:\Capstone Project\China A Share Research\public_fallback\raw\eastmoney\601318.SH_income.json,2026-10-10T08:47:14.980107+00:00,ok,84,c1b5973f376fb6a7e0d2880e7331ad8cbbc8dec7ed6c84772e6d29140d12cf94,,1,,
601318.SH,prices,2016.0,hfq,https://web.ifzq.gtimg.cn/appstock/app/fqkline/get?param=sh601318%2Cday%2C2016-01-01%2C2016-12-31%2C640%2Chfq,CNY,CNY per share,F:\Capstone Project\China A Share Research\public_fallback\raw\tencent\601318.SH\2016_hfq.json,2026-10-10T08:47:32.161985+00:00,ok,244,a87c86757f0eb7bf55652d570f745aaa84b072f4d37775ecb94c806e33753469,,1,,
601318.SH,prices,2016.0,raw,https://web.ifzq.gtimg.cn/appstock/app/fqkline/get?param=sh601318%2Cday%2C2016-01-01%2C2016-12-31%2C640%2C,CNY,CNY per share,F:\Capstone Project\China A Share Research\public_fallback\raw\tencent\601318.SH\2016_raw.json,2026-10-10T08:47:32.148985+00:00,ok,244,b4456c87560ad6e0d825d27328b14baba545a7df434d17968e3326fecb9c9e1d,,1,,
601318.SH,prices,2017.0,hfq,https://web.ifzq.gtimg.cn/appstock/app/fqkline/get?param=sh601318%2Cday%2C2017-01-01%2C2017-12-31%2C640%2Chfq,CNY,CNY per share,F:\Capstone Project\China A Share Research\public_fallback\raw\tencent\601318.SH\2017_hfq.json,2026-10-10T08:47:36.852705+00:00,ok,244,0f595b69991fcc39d08062c076e293c8f8dd5b3bdf056ce3fcc3e154ecf77153,,1,,
601318.SH,prices,2017.0,raw,https://web.ifzq.gtimg.cn/appstock/app/fqkline/get?param=sh601318%2Cday%2C2017-01-01%2C2017-12-31%2C640%2C,CNY,CNY per share,F:\Capstone Project\China A Share Research\public_fallback\raw\tencent\601318.SH\2017_raw.json,2026-10-10T08:47:36.852705+00:00,ok,244,e28e1fe3c5af118a2c9b2edf1148926ef7bfa10df248ce1958f83aa8b6c69946,,1,,
601318.SH,prices,2018.0,hfq,https://web.ifzq.gtimg.cn/appstock/app/fqkline/get?param=sh601318%2Cday%2C2018-01-01%2C2018-12-31%2C640%2Chfq,CNY,CNY per share,F:\Capstone Project\China A Share Research\public_fallback\raw\tencent\601318.SH\2018_hfq.json,2026-10-10T08:47:41.127712+00:00,ok,243,81028695a8836be2266520828cf4135698ca6edddc77e39718a72a64880cddb2,,1,,
601318.SH,prices,2018.0,raw,https://web.ifzq.gtimg.cn/appstock/app/fqkline/get?param=sh601318%2Cday%2C2018-01-01%2C2018-12-31%2C640%2C,CNY,CNY per share,F:\Capstone Project\China A Share Research\public_fallback\raw\tencent\601318.SH\2018_raw.json,2026-10-10T08:47:41.144389+00:00,ok,243,e616886308978e951da9ee8647e0ff32893f013f3b75ce39b1b7696a8e7d06c6,,1,,
601318.SH,prices,2019.0,hfq,https://web.ifzq.gtimg.cn/appstock/app/fqkline/get?param=sh601318%2Cday%2C2019-01-01%2C2019-12-31%2C640%2Chfq,CNY,CNY per share,F:\Capstone Project\China A Share Research\public_fallback\raw\tencent\601318.SH\2019_hfq.json,2026-10-10T08:47:45.320598+00:00,ok,244,c304345d4a91dff6049ba63d9808a683eb0529a61dd298833516860ece69fb13,,1,,
601318.SH,prices,2019.0,raw,https://web.ifzq.gtimg.cn/appstock/app/fqkline/get?param=sh601318%2Cday%2C2019-01-01%2C2019-12-31%2C640%2C,CNY,CNY per share,F:\Capstone Project\China A Share Research\public_fallback\raw\tencent\601318.SH\2019_raw.json,2026-10-10T08:47:45.301468+00:00,ok,244,4e1000d7a18ec959069a502c388786312829b8c0a3c582af4ae2db36e825e21d,,1,,
601318.SH,prices,2020.0,hfq,https://web.ifzq.gtimg.cn/appstock/app/fqkline/get?param=sh601318%2Cday%2C2020-01-01%2C2020-12-31%2C640%2Chfq,CNY,CNY per share,F:\Capstone Project\China A Share Research\public_fallback\raw\tencent\601318.SH\2020_hfq.json,2026-10-10T08:47:49.661988+00:00,ok,243,a0f034b00bb8dd4116e2c0dc90d42d29eedee15a6c4322ec3e7432ff005fce9b,,1,,
601318.SH,prices,2020.0,raw,https://web.ifzq.gtimg.cn/appstock/app/fqkline/get?param=sh601318%2Cday%2C2020-01-01%2C2020-12-31%2C640%2C,CNY,CNY per share,F:\Capstone Project\China A Share Research\public_fallback\raw\tencent\601318.SH\2020_raw.json,2026-10-10T08:47:49.560585+00:00,ok,243,5de7091d04ab4a341b24ac9c8e9395dc8d3b6c8088ba7dbcca9f58b158404fe8,,1,,
601318.SH,prices,2021.0,hfq,https://web.ifzq.gtimg.cn/appstock/app/fqkline/get?param=sh601318%2Cday%2C2021-01-01%2C2021-12-31%2C640%2Chfq,CNY,CNY per share,F:\Capstone Project\China A Share Research\public_fallback\raw\tencent\601318.SH\2021_hfq.json,2026-10-10T08:47:53.829249+00:00,ok,243,3b3dd6728d1946525a1da355045c659829a5a1e4381461149c1105b36f98fe59,,1,,
601318.SH,prices,2021.0,raw,https://web.ifzq.gtimg.cn/appstock/app/fqkline/get?param=sh601318%2Cday%2C2021-01-01%2C2021-12-31%2C640%2C,CNY,CNY per share,F:\Capstone Project\China A Share Research\public_fallback\raw\tencent\601318.SH\2021_raw.json,2026-10-10T08:47:53.682478+00:00,ok,243,bbed26dd99f0532e507ef6374a304b8ad7baa62081c896348b90d7afc3a85e02,,1,,
601318.SH,prices,2022.0,hfq,https://web.ifzq.gtimg.cn/appstock/app/fqkline/get?param=sh601318%2Cday%2C2022-01-01%2C2022-12-31%2C640%2Chfq,CNY,CNY per share,F:\Capstone Project\China A Share Research\public_fallback\raw\tencent\601318.SH\2022_hfq.json,2026-10-10T08:47:57.910688+00:00,ok,242,709d60fca5cb3acd1d7ac232f97f216042e0c9668b5adeeb32edfe9b221acd2a,,1,,
601318.SH,prices,2022.0,raw,https://web.ifzq.gtimg.cn/appstock/app/fqkline/get?param=sh601318%2Cday%2C2022-01-01%2C2022-12-31%2C640%2C,CNY,CNY per share,F:\Capstone Project\China A Share Research\public_fallback\raw\tencent\601318.SH\2022_raw.json,2026-10-10T08:47:57.898934+00:00,ok,242,96cbdd035d6f91c21fa834a97009e05b7bd245348175f97f2d51da63b13b43dd,,1,,
601318.SH,prices,2023.0,hfq,https://web.ifzq.gtimg.cn/appstock/app/fqkline/get?param=sh601318%2Cday%2C2023-01-01%2C2023-12-31%2C640%2Chfq,CNY,CNY per share,F:\Capstone Project\China A Share Research\public_fallback\raw\tencent\601318.SH\2023_hfq.json,2026-10-10T08:48:02.054743+00:00,ok,242,4f74bb1c8405f8379b067b30bc4c960420ff04b9c1ffc9e469c95ff32ff6b1b0,,1,,
601318.SH,prices,2023.0,raw,https://web.ifzq.gtimg.cn/appstock/app/fqkline/get?param=sh601318%2Cday%2C2023-01-01%2C2023-12-31%2C640%2C,CNY,CNY per share,F:\Capstone Project\China A Share Research\public_fallback\raw\tencent\601318.SH\2023_raw.json,2026-10-10T08:48:02.013175+00:00,ok,242,f8023d069acd60ce3c7e7bc9a1e60291497cfb0e623b8d89ca5bab98bfaa4539,,1,,
601318.SH,prices,2024.0,hfq,https://web.ifzq.gtimg.cn/appstock/app/fqkline/get?param=sh601318%2Cday%2C2024-01-01%2C2024-12-31%2C640%2Chfq,CNY,CNY per share,F:\Capstone Project\China A Share Research\public_fallback\raw\tencent\601318.SH\2024_hfq.json,2026-10-10T08:48:06.079335+00:00,ok,242,b8a4fada6dbf4560a40f23d5958180c150f55966119433068cccf7b170d18398,,1,,
601318.SH,prices,2024.0,raw,https://web.ifzq.gtimg.cn/appstock/app/fqkline/get?param=sh601318%2Cday%2C2024-01-01%2C2024-12-31%2C640%2C,CNY,CNY per share,F:\Capstone Project\China A Share Research\public_fallback\raw\tencent\601318.SH\2024_raw.json,2026-10-10T08:48:06.086486+00:00,ok,242,4c94180428dbc7e9d86ecdc97db3b45f9bdaae59ce46cce9cf22c02fbdb4bbb4,,1,,
601318.SH,prices,2025.0,hfq,https://web.ifzq.gtimg.cn/appstock/app/fqkline/get?param=sh601318%2Cday%2C2025-01-01%2C2025-12-31%2C640%2Chfq,CNY,CNY per share,F:\Capstone Project\China A Share Research\public_fallback\raw\tencent\601318.SH\2025_hfq.json,2026-10-10T08:48:11.095842+00:00,ok,243,9836b6800eb22c865dea3c146b4bd04f7f1971f23e6b2750bbad0f788ddbb04b,,1,,
601318.SH,prices,2025.0,raw,https://web.ifzq.gtimg.cn/appstock/app/fqkline/get?param=sh601318%2Cday%2C2025-01-01%2C2025-12-31%2C640%2C,CNY,CNY per share,F:\Capstone Project\China A Share Research\public_fallback\raw\tencent\601318.SH\2025_raw.json,2026-10-10T08:48:11.031184+00:00,ok,243,26a64ba81ad61d79b2997ee312976906ac3470c98712b5cc2d2e98a820914438,,1,,
601318.SH,prices,2026.0,hfq,https://web.ifzq.gtimg.cn/appstock/app/fqkline/get?param=sh601318%2Cday%2C2026-01-01%2C2026-10-09%2C640%2Chfq,CNY,CNY per share,F:\Capstone Project\China A Share Research\public_fallback\raw\tencent\601318.SH\2026_hfq.json,2026-10-10T08:48:15.620024+00:00,ok,183,9132328402621c135f333fcf87e66e65b5dde7556fe7a958e43da7101096451f,,1,,
601318.SH,prices,2026.0,raw,https://web.ifzq.gtimg.cn/appstock/app/fqkline/get?param=sh601318%2Cday%2C2026-01-01%2C2026-10-09%2C640%2C,CNY,CNY per share,F:\Capstone Project\China A Share Research\public_fallback\raw\tencent\601318.SH\2026_raw.json,2026-10-10T08:48:15.491125+00:00,ok,183,7cd997738565d3fd90cd0ed395daebb8499683bdd75fae79f31772ca96e59ab0,,1,,
601318.SH,shares,,raw,https://datacenter-web.eastmoney.com/api/data/v1/get?reportName=RPT_F10_EH_EQUITY&columns=ALL&filter=%28SECUCODE%3D%22601318.SH%22%29&pageNumber=1&pageSize=500&sortColumns=END_DATE&sortTypes=-1,CNY,shares,F:\Capstone Project\China A Share Research\public_fallback\raw\eastmoney\601318.SH_shares.json,2026-10-10T08:47:15.884051+00:00,ok,18,ddaddd9949136dd9889a7eb001e54c67792fc13e39f4b454f67557d2d7ea389c,,1,,
601398.SH,income,,raw,https://datacenter-web.eastmoney.com/api/data/v1/get?reportName=RPT_LICO_FN_CPD&columns=ALL&filter=%28SECURITY_CODE%3D%22601398%22%29&pageNumber=1&pageSize=500&sortColumns=REPORTDATE&sortTypes=-1,CNY,CNY,F:\Capstone Project\China A Share Research\public_fallback\raw\eastmoney\601398.SH_income.json,2026-10-10T08:47:17.118022+00:00,ok,85,9ddf0a26a6fab99dfca9299474aa822755913c74978684e09460eeb74b4b3777,,1,,
601398.SH,prices,2016.0,hfq,https://web.ifzq.gtimg.cn/appstock/app/fqkline/get?param=sh601398%2Cday%2C2016-01-01%2C2016-12-31%2C640%2Chfq,CNY,CNY per share,F:\Capstone Project\China A Share Research\public_fallback\raw\tencent\601398.SH\2016_hfq.json,2026-10-10T08:47:32.543664+00:00,ok,244,2c877dd42c4b9c546db89b181c649e5a5c5fc9bb38528672e6053bcf76fd99a2,,1,,
601398.SH,prices,2016.0,raw,https://web.ifzq.gtimg.cn/appstock/app/fqkline/get?param=sh601398%2Cday%2C2016-01-01%2C2016-12-31%2C640%2C,CNY,CNY per share,F:\Capstone Project\China A Share Research\public_fallback\raw\tencent\601398.SH\2016_raw.json,2026-10-10T08:47:32.178985+00:00,ok,244,c6537940196926f6b043897be5e9b0a669c20bf70d09e78b6b918120a0191266,,1,,
601398.SH,prices,2017.0,hfq,https://web.ifzq.gtimg.cn/appstock/app/fqkline/get?param=sh601398%2Cday%2C2017-01-01%2C2017-12-31%2C640%2Chfq,CNY,CNY per share,F:\Capstone Project\China A Share Research\public_fallback\raw\tencent\601398.SH\2017_hfq.json,2026-10-10T08:47:37.248912+00:00,ok,244,cbb7c41522bb6ffc321c8c77d599e041d439b28d5c931cefae2f426b62710db8,,1,,
601398.SH,prices,2017.0,raw,https://web.ifzq.gtimg.cn/appstock/app/fqkline/get?param=sh601398%2Cday%2C2017-01-01%2C2017-12-31%2C640%2C,CNY,CNY per share,F:\Capstone Project\China A Share Research\public_fallback\raw\tencent\601398.SH\2017_raw.json,2026-10-10T08:47:37.225523+00:00,ok,244,505b2bd182b732b83df4e10dbc14f0eb2023f8d4f12a6e66463dc0eb8c5a5367,,1,,
601398.SH,prices,2018.0,hfq,https://web.ifzq.gtimg.cn/appstock/app/fqkline/get?param=sh601398%2Cday%2C2018-01-01%2C2018-12-31%2C640%2Chfq,CNY,CNY per share,F:\Capstone Project\China A Share Research\public_fallback\raw\tencent\601398.SH\2018_hfq.json,2026-10-10T08:47:41.516714+00:00,ok,243,ce2adf49fa1d0e5c29469e820544b1f40fef969ffa8febc3e75583448982731d,,1,,
601398.SH,prices,2018.0,raw,https://web.ifzq.gtimg.cn/appstock/app/fqkline/get?param=sh601398%2Cday%2C2018-01-01%2C2018-12-31%2C640%2C,CNY,CNY per share,F:\Capstone Project\China A Share Research\public_fallback\raw\tencent\601398.SH\2018_raw.json,2026-10-10T08:47:41.448693+00:00,ok,243,8376fec83975437d9a4f596fcc56399df9677d5392fce3bda2b6f51cb5993afd,,1,,
601398.SH,prices,2019.0,hfq,https://web.ifzq.gtimg.cn/appstock/app/fqkline/get?param=sh601398%2Cday%2C2019-01-01%2C2019-12-31%2C640%2Chfq,CNY,CNY per share,F:\Capstone Project\China A Share Research\public_fallback\raw\tencent\601398.SH\2019_hfq.json,2026-10-10T08:47:45.701587+00:00,ok,244,afa39ec8dbf3ac7f6177a285b78c91e51c6d7c01d86077f33b1efb8052385c00,,1,,
601398.SH,prices,2019.0,raw,https://web.ifzq.gtimg.cn/appstock/app/fqkline/get?param=sh601398%2Cday%2C2019-01-01%2C2019-12-31%2C640%2C,CNY,CNY per share,F:\Capstone Project\China A Share Research\public_fallback\raw\tencent\601398.SH\2019_raw.json,2026-10-10T08:47:45.702723+00:00,ok,244,061574b0d8cb29e531face002c2515424aaf0c96607398b5f13c98bbf66283d8,,1,,
601398.SH,prices,2020.0,hfq,https://web.ifzq.gtimg.cn/appstock/app/fqkline/get?param=sh601398%2Cday%2C2020-01-01%2C2020-12-31%2C640%2Chfq,CNY,CNY per share,F:\Capstone Project\China A Share Research\public_fallback\raw\tencent\601398.SH\2020_hfq.json,2026-10-10T08:47:49.885059+00:00,ok,243,f109982b3d2b126fb8d1a2e902f4043dfeba312a90a8b1a3bb9484576bcd4b8e,,1,,
601398.SH,prices,2020.0,raw,https://web.ifzq.gtimg.cn/appstock/app/fqkline/get?param=sh601398%2Cday%2C2020-01-01%2C2020-12-31%2C640%2C,CNY,CNY per share,F:\Capstone Project\China A Share Research\public_fallback\raw\tencent\601398.SH\2020_raw.json,2026-10-10T08:47:49.874025+00:00,ok,243,70f1a62191d9a9673157bea29f0bdd97fe3f43c0c1217b1913ff277c184b3c00,,1,,
601398.SH,prices,2021.0,hfq,https://web.ifzq.gtimg.cn/appstock/app/fqkline/get?param=sh601398%2Cday%2C2021-01-01%2C2021-12-31%2C640%2Chfq,CNY,CNY per share,F:\Capstone Project\China A Share Research\public_fallback\raw\tencent\601398.SH\2021_hfq.json,2026-10-10T08:47:54.049812+00:00,ok,243,66d29e7479b57cb027952857f1e9276a7033f45dc7e14c00d9ef54a2f09d3bad,,1,,
601398.SH,prices,2021.0,raw,https://web.ifzq.gtimg.cn/appstock/app/fqkline/get?param=sh601398%2Cday%2C2021-01-01%2C2021-12-31%2C640%2C,CNY,CNY per share,F:\Capstone Project\China A Share Research\public_fallback\raw\tencent\601398.SH\2021_raw.json,2026-10-10T08:47:54.069680+00:00,ok,243,aa34191c2d6143ca108bc409410b1f7ee670e9f2d7a88957637aa9d2717ef0c6,,1,,
601398.SH,prices,2022.0,hfq,https://web.ifzq.gtimg.cn/appstock/app/fqkline/get?param=sh601398%2Cday%2C2022-01-01%2C2022-12-31%2C640%2Chfq,CNY,CNY per share,F:\Capstone Project\China A Share Research\public_fallback\raw\tencent\601398.SH\2022_hfq.json,2026-10-10T08:47:58.166892+00:00,ok,242,299f098ec5685466ba37673ae31963af1ec4924d30ac10bbfb114344cbd089b6,,1,,
601398.SH,prices,2022.0,raw,https://web.ifzq.gtimg.cn/appstock/app/fqkline/get?param=sh601398%2Cday%2C2022-01-01%2C2022-12-31%2C640%2C,CNY,CNY per share,F:\Capstone Project\China A Share Research\public_fallback\raw\tencent\601398.SH\2022_raw.json,2026-10-10T08:47:58.188143+00:00,ok,242,b19b43d57f1bf010ec745faf94c19e78c5ccf906da5eed6f6501a4b22ea0f705,,1,,
601398.SH,prices,2023.0,hfq,https://web.ifzq.gtimg.cn/appstock/app/fqkline/get?param=sh601398%2Cday%2C2023-01-01%2C2023-12-31%2C640%2Chfq,CNY,CNY per share,F:\Capstone Project\China A Share Research\public_fallback\raw\tencent\601398.SH\2023_hfq.json,2026-10-10T08:48:02.300954+00:00,ok,242,71052c64549de820160ba1300817454bcdbde0f5fd1c141fe7345bebd5cb81d4,,1,,
601398.SH,prices,2023.0,raw,https://web.ifzq.gtimg.cn/appstock/app/fqkline/get?param=sh601398%2Cday%2C2023-01-01%2C2023-12-31%2C640%2C,CNY,CNY per share,F:\Capstone Project\China A Share Research\public_fallback\raw\tencent\601398.SH\2023_raw.json,2026-10-10T08:48:02.300954+00:00,ok,242,23d4e4efbea49eaf332e231059733e04abfe42ce2703adeed2ddc9409344f92e,,1,,
601398.SH,prices,2024.0,hfq,https://web.ifzq.gtimg.cn/appstock/app/fqkline/get?param=sh601398%2Cday%2C2024-01-01%2C2024-12-31%2C640%2Chfq,CNY,CNY per share,F:\Capstone Project\China A Share Research\public_fallback\raw\tencent\601398.SH\2024_hfq.json,2026-10-10T08:48:06.493245+00:00,ok,242,ba86ebd0eec157885e03f376912592f3cef21cde43283381f95e3895b3d46559,,1,,
601398.SH,prices,2024.0,raw,https://web.ifzq.gtimg.cn/appstock/app/fqkline/get?param=sh601398%2Cday%2C2024-01-01%2C2024-12-31%2C640%2C,CNY,CNY per share,F:\Capstone Project\China A Share Research\public_fallback\raw\tencent\601398.SH\2024_raw.json,2026-10-10T08:48:06.479463+00:00,ok,242,1886c1e7937d9c67fa42b459f5737a72b27ce2d1a41c88b066a1fd836aa403a7,,1,,
601398.SH,prices,2025.0,hfq,https://web.ifzq.gtimg.cn/appstock/app/fqkline/get?param=sh601398%2Cday%2C2025-01-01%2C2025-12-31%2C640%2Chfq,CNY,CNY per share,F:\Capstone Project\China A Share Research\public_fallback\raw\tencent\601398.SH\2025_hfq.json,2026-10-10T08:48:11.446573+00:00,ok,243,36498dc1513513e02515e8a5cbc8f430605749757e4ceea5adbe2d0db0e8cb59,,1,,
601398.SH,prices,2025.0,raw,https://web.ifzq.gtimg.cn/appstock/app/fqkline/get?param=sh601398%2Cday%2C2025-01-01%2C2025-12-31%2C640%2C,CNY,CNY per share,F:\Capstone Project\China A Share Research\public_fallback\raw\tencent\601398.SH\2025_raw.json,2026-10-10T08:48:11.434407+00:00,ok,243,922cade338acaee7bf79cfc008fe14e21397cd3b5460eb8f8275d1f10c298833,,1,,
601398.SH,prices,2026.0,hfq,https://web.ifzq.gtimg.cn/appstock/app/fqkline/get?param=sh601398%2Cday%2C2026-01-01%2C2026-10-09%2C640%2Chfq,CNY,CNY per share,F:\Capstone Project\China A Share Research\public_fallback\raw\tencent\601398.SH\2026_hfq.json,2026-10-10T08:48:15.659001+00:00,ok,183,d4069ce5e8e3d5dca4ce7756c1483c9671c1e426bbdc3e5116a800bebe2a55ff,,1,,
601398.SH,prices,2026.0,raw,https://web.ifzq.gtimg.cn/appstock/app/fqkline/get?param=sh601398%2Cday%2C2026-01-01%2C2026-10-09%2C640%2C,CNY,CNY per share,F:\Capstone Project\China A Share Research\public_fallback\raw\tencent\601398.SH\2026_raw.json,2026-10-10T08:48:15.632338+00:00,ok,183,d83941cdca5c84dff28eb917a31814469d710be2b979650795601b94d9f6dd77,,1,,
601398.SH,shares,,raw,https://datacenter-web.eastmoney.com/api/data/v1/get?reportName=RPT_F10_EH_EQUITY&columns=ALL&filter=%28SECUCODE%3D%22601398.SH%22%29&pageNumber=1&pageSize=500&sortColumns=END_DATE&sortTypes=-1,CNY,shares,F:\Capstone Project\China A Share Research\public_fallback\raw\eastmoney\601398.SH_shares.json,2026-10-10T08:47:18.729660+00:00,ok,46,77663922fa2de4a7b9f90547015985198af706017af5b23263b8e7f79c9be0f8,,1,,
601633.SH,income,,raw,https://datacenter-web.eastmoney.com/api/data/v1/get?reportName=RPT_LICO_FN_CPD&columns=ALL&filter=%28SECURITY_CODE%3D%22601633%22%29&pageNumber=1&pageSize=500&sortColumns=REPORTDATE&sortTypes=-1,CNY,CNY,F:\Capstone Project\China A Share Research\public_fallback\raw\eastmoney\601633.SH_income.json,2026-10-10T08:47:09.529572+00:00,ok,70,44e0a7d29a33c6a39ca2df33e0d1593d0f2c099349b461a2bb49cb7b832d260a,,1,,
601633.SH,prices,2016.0,hfq,https://web.ifzq.gtimg.cn/appstock/app/fqkline/get?param=sh601633%2Cday%2C2016-01-01%2C2016-12-31%2C640%2Chfq,CNY,CNY per share,F:\Capstone Project\China A Share Research\public_fallback\raw\tencent\601633.SH\2016_hfq.json,2026-10-10T08:47:31.332102+00:00,ok,244,be9deb503964755c718fe1be58cd207b13b35520b3c142339212453c5367217e,,1,,
601633.SH,prices,2016.0,raw,https://web.ifzq.gtimg.cn/appstock/app/fqkline/get?param=sh601633%2Cday%2C2016-01-01%2C2016-12-31%2C640%2C,CNY,CNY per share,F:\Capstone Project\China A Share Research\public_fallback\raw\tencent\601633.SH\2016_raw.json,2026-10-10T08:47:30.929114+00:00,ok,244,0af992386b45ff56b7a5ea067b029f198ca12a931ade22129aafc023e5bb6833,,1,,
601633.SH,prices,2017.0,hfq,https://web.ifzq.gtimg.cn/appstock/app/fqkline/get?param=sh601633%2Cday%2C2017-01-01%2C2017-12-31%2C640%2Chfq,CNY,CNY per share,F:\Capstone Project\China A Share Research\public_fallback\raw\tencent\601633.SH\2017_hfq.json,2026-10-10T08:47:36.431364+00:00,ok,237,60da7ffcbc36218ee0f6e433ba090da28bcc528cd5a6b0227b3ec7ecba9e41b5,,1,,
601633.SH,prices,2017.0,raw,https://web.ifzq.gtimg.cn/appstock/app/fqkline/get?param=sh601633%2Cday%2C2017-01-01%2C2017-12-31%2C640%2C,CNY,CNY per share,F:\Capstone Project\China A Share Research\public_fallback\raw\tencent\601633.SH\2017_raw.json,2026-10-10T08:47:36.385395+00:00,ok,237,564223f453508fda3a1873cb98f198b047267d203be2e5252d1a521a1ec4eb8d,,1,,
601633.SH,prices,2018.0,hfq,https://web.ifzq.gtimg.cn/appstock/app/fqkline/get?param=sh601633%2Cday%2C2018-01-01%2C2018-12-31%2C640%2Chfq,CNY,CNY per share,F:\Capstone Project\China A Share Research\public_fallback\raw\tencent\601633.SH\2018_hfq.json,2026-10-10T08:47:40.710212+00:00,ok,243,87df7dcc97a3764284197489c458fb9d190e1c7692e2e683f63ba302b067ec30,,1,,
601633.SH,prices,2018.0,raw,https://web.ifzq.gtimg.cn/appstock/app/fqkline/get?param=sh601633%2Cday%2C2018-01-01%2C2018-12-31%2C640%2C,CNY,CNY per share,F:\Capstone Project\China A Share Research\public_fallback\raw\tencent\601633.SH\2018_raw.json,2026-10-10T08:47:40.631981+00:00,ok,243,8077a2a439a32eec36180ab846b4932a67b6c1e811cc97617fed017f0d80ba5c,,1,,
601633.SH,prices,2019.0,hfq,https://web.ifzq.gtimg.cn/appstock/app/fqkline/get?param=sh601633%2Cday%2C2019-01-01%2C2019-12-31%2C640%2Chfq,CNY,CNY per share,F:\Capstone Project\China A Share Research\public_fallback\raw\tencent\601633.SH\2019_hfq.json,2026-10-10T08:47:44.879896+00:00,ok,244,bf0df4e670355785124031993e4801eacc25a86fcdd6d1cbab839a8b7c6bd912,,1,,
601633.SH,prices,2019.0,raw,https://web.ifzq.gtimg.cn/appstock/app/fqkline/get?param=sh601633%2Cday%2C2019-01-01%2C2019-12-31%2C640%2C,CNY,CNY per share,F:\Capstone Project\China A Share Research\public_fallback\raw\tencent\601633.SH\2019_raw.json,2026-10-10T08:47:44.879896+00:00,ok,244,ded8a26790bc05545ec03b05fb9ad6c8dc203763b376ed61d9676d001683d141,,1,,
601633.SH,prices,2020.0,hfq,https://web.ifzq.gtimg.cn/appstock/app/fqkline/get?param=sh601633%2Cday%2C2020-01-01%2C2020-12-31%2C640%2Chfq,CNY,CNY per share,F:\Capstone Project\China A Share Research\public_fallback\raw\tencent\601633.SH\2020_hfq.json,2026-10-10T08:47:49.073473+00:00,ok,243,5bf13c1754f7b4b99507c64eb4d8257abefcd058222c1f386118ec0b8b2a70ac,,1,,
601633.SH,prices,2020.0,raw,https://web.ifzq.gtimg.cn/appstock/app/fqkline/get?param=sh601633%2Cday%2C2020-01-01%2C2020-12-31%2C640%2C,CNY,CNY per share,F:\Capstone Project\China A Share Research\public_fallback\raw\tencent\601633.SH\2020_raw.json,2026-10-10T08:47:49.030897+00:00,ok,243,579df3a3d7891ea9290574cd8cf7d63151c22d6e9fff3a7f2a1cc1191414738c,,1,,
601633.SH,prices,2021.0,hfq,https://web.ifzq.gtimg.cn/appstock/app/fqkline/get?param=sh601633%2Cday%2C2021-01-01%2C2021-12-31%2C640%2Chfq,CNY,CNY per share,F:\Capstone Project\China A Share Research\public_fallback\raw\tencent\601633.SH\2021_hfq.json,2026-10-10T08:47:53.239690+00:00,ok,243,9144021587b68f86f13269c7ece0b0da7970b6e466a72a86d5f15db51083e058,,1,,
601633.SH,prices,2021.0,raw,https://web.ifzq.gtimg.cn/appstock/app/fqkline/get?param=sh601633%2Cday%2C2021-01-01%2C2021-12-31%2C640%2C,CNY,CNY per share,F:\Capstone Project\China A Share Research\public_fallback\raw\tencent\601633.SH\2021_raw.json,2026-10-10T08:47:53.245821+00:00,ok,243,348db2c266f1ee9af3aad1b99d6e3b92bf6bb9d35497f699b09f71b9bc056d50,,1,,
601633.SH,prices,2022.0,hfq,https://web.ifzq.gtimg.cn/appstock/app/fqkline/get?param=sh601633%2Cday%2C2022-01-01%2C2022-12-31%2C640%2Chfq,CNY,CNY per share,F:\Capstone Project\China A Share Research\public_fallback\raw\tencent\601633.SH\2022_hfq.json,2026-10-10T08:47:57.349199+00:00,ok,242,dab67635db1a02e0adfc95acfac19acdf972e919e2b24fbe90d7fa11fd6858ff,,1,,
601633.SH,prices,2022.0,raw,https://web.ifzq.gtimg.cn/appstock/app/fqkline/get?param=sh601633%2Cday%2C2022-01-01%2C2022-12-31%2C640%2C,CNY,CNY per share,F:\Capstone Project\China A Share Research\public_fallback\raw\tencent\601633.SH\2022_raw.json,2026-10-10T08:47:57.320969+00:00,ok,242,2f8b556ed9dd593c5633776b5527d668a39e1fa78de261481269c386212b29c5,,1,,
601633.SH,prices,2023.0,hfq,https://web.ifzq.gtimg.cn/appstock/app/fqkline/get?param=sh601633%2Cday%2C2023-01-01%2C2023-12-31%2C640%2Chfq,CNY,CNY per share,F:\Capstone Project\China A Share Research\public_fallback\raw\tencent\601633.SH\2023_hfq.json,2026-10-10T08:48:01.487067+00:00,ok,242,e68cadf12f30b02c946030d5b30ee3d7d3e66a7879ce610e3f8102261552fc25,,1,,
601633.SH,prices,2023.0,raw,https://web.ifzq.gtimg.cn/appstock/app/fqkline/get?param=sh601633%2Cday%2C2023-01-01%2C2023-12-31%2C640%2C,CNY,CNY per share,F:\Capstone Project\China A Share Research\public_fallback\raw\tencent\601633.SH\2023_raw.json,2026-10-10T08:48:01.471061+00:00,ok,242,58b541065bfe20728b77d52061a44b0f0ea81d8ed48c77181a507bc33f438c3c,,1,,
601633.SH,prices,2024.0,hfq,https://web.ifzq.gtimg.cn/appstock/app/fqkline/get?param=sh601633%2Cday%2C2024-01-01%2C2024-12-31%2C640%2Chfq,CNY,CNY per share,F:\Capstone Project\China A Share Research\public_fallback\raw\tencent\601633.SH\2024_hfq.json,2026-10-10T08:48:05.681303+00:00,ok,242,d6ba4feeb05205f11ed8c73f985db7ee03b6d5cfda6980e2bd67095eca7a7f8b,,1,,
601633.SH,prices,2024.0,raw,https://web.ifzq.gtimg.cn/appstock/app/fqkline/get?param=sh601633%2Cday%2C2024-01-01%2C2024-12-31%2C640%2C,CNY,CNY per share,F:\Capstone Project\China A Share Research\public_fallback\raw\tencent\601633.SH\2024_raw.json,2026-10-10T08:48:05.681303+00:00,ok,242,fccdadbe06987f5863593f3bae60dd70b13b81849b5539f2b97e77d8e222293e,,1,,
601633.SH,prices,2025.0,hfq,https://web.ifzq.gtimg.cn/appstock/app/fqkline/get?param=sh601633%2Cday%2C2025-01-01%2C2025-12-31%2C640%2Chfq,CNY,CNY per share,F:\Capstone Project\China A Share Research\public_fallback\raw\tencent\601633.SH\2025_hfq.json,2026-10-10T08:48:10.620623+00:00,ok,243,916416d3ae3c16ac1aaf92450c36050b08885b2747e00f635be323b6d939f718,,1,,
601633.SH,prices,2025.0,raw,https://web.ifzq.gtimg.cn/appstock/app/fqkline/get?param=sh601633%2Cday%2C2025-01-01%2C2025-12-31%2C640%2C,CNY,CNY per share,F:\Capstone Project\China A Share Research\public_fallback\raw\tencent\601633.SH\2025_raw.json,2026-10-10T08:48:10.602463+00:00,ok,243,95b9c6e2193ba62edf3fa77c4fc239d3b20acc7035c154d9c466283a79f1111d,,1,,
601633.SH,prices,2026.0,hfq,https://web.ifzq.gtimg.cn/appstock/app/fqkline/get?param=sh601633%2Cday%2C2026-01-01%2C2026-10-09%2C640%2Chfq,CNY,CNY per share,F:\Capstone Project\China A Share Research\public_fallback\raw\tencent\601633.SH\2026_hfq.json,2026-10-10T08:48:14.843725+00:00,ok,183,80738f64a3c7fb614dbfa4479161571d609cea86700cc875bcede1a95697bb3e,,1,,
601633.SH,prices,2026.0,raw,https://web.ifzq.gtimg.cn/appstock/app/fqkline/get?param=sh601633%2Cday%2C2026-01-01%2C2026-10-09%2C640%2C,CNY,CNY per share,F:\Capstone Project\China A Share Research\public_fallback\raw\tencent\601633.SH\2026_raw.json,2026-10-10T08:48:14.823390+00:00,ok,183,0a75d75399c573d04e1b5400fdf2927a80aedfaf9edaf2fb71b792f91e235ef2,,1,,
601633.SH,shares,,raw,https://datacenter-web.eastmoney.com/api/data/v1/get?reportName=RPT_F10_EH_EQUITY&columns=ALL&filter=%28SECUCODE%3D%22601633.SH%22%29&pageNumber=1&pageSize=500&sortColumns=END_DATE&sortTypes=-1,CNY,shares,F:\Capstone Project\China A Share Research\public_fallback\raw\eastmoney\601633.SH_shares.json,2026-10-10T08:47:10.708079+00:00,ok,154,038cc6d0a84a3c3420e5d850c658239cbed4f0b2b1c023baa8e01e0a187c3c38,,1,,
601766.SH,income,,raw,https://datacenter-web.eastmoney.com/api/data/v1/get?reportName=RPT_LICO_FN_CPD&columns=ALL&filter=%28SECURITY_CODE%3D%22601766%22%29&pageNumber=1&pageSize=500&sortColumns=REPORTDATE&sortTypes=-1,CNY,CNY,F:\Capstone Project\China A Share Research\public_fallback\raw\eastmoney\601766.SH_income.json,2026-10-10T08:47:20.706169+00:00,ok,77,410c1fe7eec528ac0f6d9b9e2c506edf5106f03f71b4011cc054c3cae4c5ba0a,,1,,
601766.SH,prices,2016.0,hfq,https://web.ifzq.gtimg.cn/appstock/app/fqkline/get?param=sh601766%2Cday%2C2016-01-01%2C2016-12-31%2C640%2Chfq,CNY,CNY per share,F:\Capstone Project\China A Share Research\public_fallback\raw\tencent\601766.SH\2016_hfq.json,2026-10-10T08:47:31.731532+00:00,ok,234,63a82a1f4917598f4aa8c412fb2874847c42f175a72c78037f3f69943195bc0c,,1,,
601766.SH,prices,2016.0,raw,https://web.ifzq.gtimg.cn/appstock/app/fqkline/get?param=sh601766%2Cday%2C2016-01-01%2C2016-12-31%2C640%2C,CNY,CNY per share,F:\Capstone Project\China A Share Research\public_fallback\raw\tencent\601766.SH\2016_raw.json,2026-10-10T08:47:31.344032+00:00,ok,234,7295a9e0cf2bcc6f04ae0080a45aa7bc5b2e8f2ad0d55187828be3d8983c25c8,,1,,
601766.SH,prices,2017.0,hfq,https://web.ifzq.gtimg.cn/appstock/app/fqkline/get?param=sh601766%2Cday%2C2017-01-01%2C2017-12-31%2C640%2Chfq,CNY,CNY per share,F:\Capstone Project\China A Share Research\public_fallback\raw\tencent\601766.SH\2017_hfq.json,2026-10-10T08:47:36.455302+00:00,ok,244,c6edf927b2571cc46a355daad0824db7f44a8536072057648329290921889b15,,1,,
601766.SH,prices,2017.0,raw,https://web.ifzq.gtimg.cn/appstock/app/fqkline/get?param=sh601766%2Cday%2C2017-01-01%2C2017-12-31%2C640%2C,CNY,CNY per share,F:\Capstone Project\China A Share Research\public_fallback\raw\tencent\601766.SH\2017_raw.json,2026-10-10T08:47:36.437968+00:00,ok,244,7cafe43d96b6e19eaaf82c11dce37cc27b42793999cbe4e3d6a1274072fca713,,1,,
601766.SH,prices,2018.0,hfq,https://web.ifzq.gtimg.cn/appstock/app/fqkline/get?param=sh601766%2Cday%2C2018-01-01%2C2018-12-31%2C640%2Chfq,CNY,CNY per share,F:\Capstone Project\China A Share Research\public_fallback\raw\tencent\601766.SH\2018_hfq.json,2026-10-10T08:47:40.710212+00:00,ok,243,6f7d179eca58f57b8621408e890e586c1a1145e29da9f0e64ee4fc11947a11cd,,1,,
601766.SH,prices,2018.0,raw,https://web.ifzq.gtimg.cn/appstock/app/fqkline/get?param=sh601766%2Cday%2C2018-01-01%2C2018-12-31%2C640%2C,CNY,CNY per share,F:\Capstone Project\China A Share Research\public_fallback\raw\tencent\601766.SH\2018_raw.json,2026-10-10T08:47:40.711213+00:00,ok,243,53ef233cc62e0262a430cd22e848d91bc807b38bf31dff3717573613cf93bbe3,,1,,
601766.SH,prices,2019.0,hfq,https://web.ifzq.gtimg.cn/appstock/app/fqkline/get?param=sh601766%2Cday%2C2019-01-01%2C2019-12-31%2C640%2Chfq,CNY,CNY per share,F:\Capstone Project\China A Share Research\public_fallback\raw\tencent\601766.SH\2019_hfq.json,2026-10-10T08:47:44.895885+00:00,ok,244,adcab7085b89194e3849a18567b3be8f5558fdf73e053ff536450e964d01c8a3,,1,,
601766.SH,prices,2019.0,raw,https://web.ifzq.gtimg.cn/appstock/app/fqkline/get?param=sh601766%2Cday%2C2019-01-01%2C2019-12-31%2C640%2C,CNY,CNY per share,F:\Capstone Project\China A Share Research\public_fallback\raw\tencent\601766.SH\2019_raw.json,2026-10-10T08:47:44.908886+00:00,ok,244,d15baedaa1c9380c803a8037b0c513c48d0f6b936fa02527c3b61cc2e874bc4f,,1,,
601766.SH,prices,2020.0,hfq,https://web.ifzq.gtimg.cn/appstock/app/fqkline/get?param=sh601766%2Cday%2C2020-01-01%2C2020-12-31%2C640%2Chfq,CNY,CNY per share,F:\Capstone Project\China A Share Research\public_fallback\raw\tencent\601766.SH\2020_hfq.json,2026-10-10T08:47:49.113116+00:00,ok,243,f065ae47f8aa46d92ef96c556ed4a6770b63c5adec0cab999d3e04a6b647b31c,,1,,
601766.SH,prices,2020.0,raw,https://web.ifzq.gtimg.cn/appstock/app/fqkline/get?param=sh601766%2Cday%2C2020-01-01%2C2020-12-31%2C640%2C,CNY,CNY per share,F:\Capstone Project\China A Share Research\public_fallback\raw\tencent\601766.SH\2020_raw.json,2026-10-10T08:47:49.102035+00:00,ok,243,5fe67251f48bcfc3d1e8ec7575259369447cc1139c00244a24d91a57bdabffde,,1,,
601766.SH,prices,2021.0,hfq,https://web.ifzq.gtimg.cn/appstock/app/fqkline/get?param=sh601766%2Cday%2C2021-01-01%2C2021-12-31%2C640%2Chfq,CNY,CNY per share,F:\Capstone Project\China A Share Research\public_fallback\raw\tencent\601766.SH\2021_hfq.json,2026-10-10T08:47:53.421324+00:00,ok,243,28b9e1f83705e1327ff1af6b9c766a10a97a12bb0f6460e32c970fa092b4beb0,,1,,
601766.SH,prices,2021.0,raw,https://web.ifzq.gtimg.cn/appstock/app/fqkline/get?param=sh601766%2Cday%2C2021-01-01%2C2021-12-31%2C640%2C,CNY,CNY per share,F:\Capstone Project\China A Share Research\public_fallback\raw\tencent\601766.SH\2021_raw.json,2026-10-10T08:47:53.280632+00:00,ok,243,dfd97628b610ad241879a3fa5bec84d940769da7271fdaff32f9f64a3eb125e8,,1,,
601766.SH,prices,2022.0,hfq,https://web.ifzq.gtimg.cn/appstock/app/fqkline/get?param=sh601766%2Cday%2C2022-01-01%2C2022-12-31%2C640%2Chfq,CNY,CNY per share,F:\Capstone Project\China A Share Research\public_fallback\raw\tencent\601766.SH\2022_hfq.json,2026-10-10T08:47:57.487798+00:00,ok,242,c4c0ae29ea34332e7f1cca2457b72a84cd8733ef3e42c0157b223a703b4b9cf8,,1,,
601766.SH,prices,2022.0,raw,https://web.ifzq.gtimg.cn/appstock/app/fqkline/get?param=sh601766%2Cday%2C2022-01-01%2C2022-12-31%2C640%2C,CNY,CNY per share,F:\Capstone Project\China A Share Research\public_fallback\raw\tencent\601766.SH\2022_raw.json,2026-10-10T08:47:57.471146+00:00,ok,242,ab34982ed2aa9d9829275d9530458efcea3cecddbbb9e1a008961970565f9bc9,,1,,
601766.SH,prices,2023.0,hfq,https://web.ifzq.gtimg.cn/appstock/app/fqkline/get?param=sh601766%2Cday%2C2023-01-01%2C2023-12-31%2C640%2Chfq,CNY,CNY per share,F:\Capstone Project\China A Share Research\public_fallback\raw\tencent\601766.SH\2023_hfq.json,2026-10-10T08:48:01.603771+00:00,ok,242,5e07d7fbd9ffd95e0be2f50bb6ef3ed34f284b362340789d0d3fa31535d57111,,1,,
601766.SH,prices,2023.0,raw,https://web.ifzq.gtimg.cn/appstock/app/fqkline/get?param=sh601766%2Cday%2C2023-01-01%2C2023-12-31%2C640%2C,CNY,CNY per share,F:\Capstone Project\China A Share Research\public_fallback\raw\tencent\601766.SH\2023_raw.json,2026-10-10T08:48:01.603771+00:00,ok,242,76670942701f9ec6f5cee8886a8a0848f0677107e15c05d889e4a1cc1eb5efef,,1,,
601766.SH,prices,2024.0,hfq,https://web.ifzq.gtimg.cn/appstock/app/fqkline/get?param=sh601766%2Cday%2C2024-01-01%2C2024-12-31%2C640%2Chfq,CNY,CNY per share,F:\Capstone Project\China A Share Research\public_fallback\raw\tencent\601766.SH\2024_hfq.json,2026-10-10T08:48:05.681303+00:00,ok,242,422944edc52e7f789977e16b406acbb0331e9883fc18c88754c058e524c19bd0,,1,,
601766.SH,prices,2024.0,raw,https://web.ifzq.gtimg.cn/appstock/app/fqkline/get?param=sh601766%2Cday%2C2024-01-01%2C2024-12-31%2C640%2C,CNY,CNY per share,F:\Capstone Project\China A Share Research\public_fallback\raw\tencent\601766.SH\2024_raw.json,2026-10-10T08:48:05.681303+00:00,ok,242,62ec82124e017f8e76f28e03fd3d6db423d38c98430a6f787bd29448f964b2d6,,1,,
601766.SH,prices,2025.0,hfq,https://web.ifzq.gtimg.cn/appstock/app/fqkline/get?param=sh601766%2Cday%2C2025-01-01%2C2025-12-31%2C640%2Chfq,CNY,CNY per share,F:\Capstone Project\China A Share Research\public_fallback\raw\tencent\601766.SH\2025_hfq.json,2026-10-10T08:48:10.679073+00:00,ok,243,c7a8a912bb23bf1e66ba8e1fc1c47217c03f413faeb6d5721d36d528aff2a678,,1,,
601766.SH,prices,2025.0,raw,https://web.ifzq.gtimg.cn/appstock/app/fqkline/get?param=sh601766%2Cday%2C2025-01-01%2C2025-12-31%2C640%2C,CNY,CNY per share,F:\Capstone Project\China A Share Research\public_fallback\raw\tencent\601766.SH\2025_raw.json,2026-10-10T08:48:10.643281+00:00,ok,243,5db064163fd859064aced47709d196f4d38b102c31d238d782bd4f258ffef0bc,,1,,
601766.SH,prices,2026.0,hfq,https://web.ifzq.gtimg.cn/appstock/app/fqkline/get?param=sh601766%2Cday%2C2026-01-01%2C2026-10-09%2C640%2Chfq,CNY,CNY per share,F:\Capstone Project\China A Share Research\public_fallback\raw\tencent\601766.SH\2026_hfq.json,2026-10-10T08:48:15.219484+00:00,ok,183,9c40decebbc3503d96e61052bcb2eca841a0824991b52212b76cdb2e3df4e621,,1,,
601766.SH,prices,2026.0,raw,https://web.ifzq.gtimg.cn/appstock/app/fqkline/get?param=sh601766%2Cday%2C2026-01-01%2C2026-10-09%2C640%2C,CNY,CNY per share,F:\Capstone Project\China A Share Research\public_fallback\raw\tencent\601766.SH\2026_raw.json,2026-10-10T08:48:15.081296+00:00,ok,183,3904132e26be44d65fe70b3b05337d753023495bc84c197cdc18849794bb60b4,,1,,
601766.SH,shares,,raw,https://datacenter-web.eastmoney.com/api/data/v1/get?reportName=RPT_F10_EH_EQUITY&columns=ALL&filter=%28SECUCODE%3D%22601766.SH%22%29&pageNumber=1&pageSize=500&sortColumns=END_DATE&sortTypes=-1,CNY,shares,F:\Capstone Project\China A Share Research\public_fallback\raw\eastmoney\601766.SH_shares.json,2026-10-10T08:47:11.634146+00:00,ok,16,2d4b286858bc6bd1c8dc829a4abc4fadb399ae384f1648c6136d9751ab1c25da,,1,,
601857.SH,income,,raw,https://datacenter-web.eastmoney.com/api/data/v1/get?reportName=RPT_LICO_FN_CPD&columns=ALL&filter=%28SECURITY_CODE%3D%22601857%22%29&pageNumber=1&pageSize=500&sortColumns=REPORTDATE&sortTypes=-1,CNY,CNY,F:\Capstone Project\China A Share Research\public_fallback\raw\eastmoney\601857.SH_income.json,2026-10-10T08:47:20.761383+00:00,ok,85,21cb82c5f3bbe962dca73cb2464723859019b6bcbabe802cca62e1574b94fe45,,1,,
601857.SH,prices,2016.0,hfq,https://web.ifzq.gtimg.cn/appstock/app/fqkline/get?param=sh601857%2Cday%2C2016-01-01%2C2016-12-31%2C640%2Chfq,CNY,CNY per share,F:\Capstone Project\China A Share Research\public_fallback\raw\tencent\601857.SH\2016_hfq.json,2026-10-10T08:47:33.044342+00:00,ok,244,7f1be23f08e2243c6db7bdefdecce31859770a7b6ada0caf04154390d2308051,,1,,
601857.SH,prices,2016.0,raw,https://web.ifzq.gtimg.cn/appstock/app/fqkline/get?param=sh601857%2Cday%2C2016-01-01%2C2016-12-31%2C640%2C,CNY,CNY per share,F:\Capstone Project\China A Share Research\public_fallback\raw\tencent\601857.SH\2016_raw.json,2026-10-10T08:47:33.025249+00:00,ok,244,16e2eb306b6d38418e05b8e43e93f0a2e864c79dee878c201bc563e941131411,,1,,
601857.SH,prices,2017.0,hfq,https://web.ifzq.gtimg.cn/appstock/app/fqkline/get?param=sh601857%2Cday%2C2017-01-01%2C2017-12-31%2C640%2Chfq,CNY,CNY per share,F:\Capstone Project\China A Share Research\public_fallback\raw\tencent\601857.SH\2017_hfq.json,2026-10-10T08:47:37.662806+00:00,ok,244,b8caff90d6efe824587d75819b53b297ab296e0ad7b8f5ee0cb88aaa76d7c088,,1,,
601857.SH,prices,2017.0,raw,https://web.ifzq.gtimg.cn/appstock/app/fqkline/get?param=sh601857%2Cday%2C2017-01-01%2C2017-12-31%2C640%2C,CNY,CNY per share,F:\Capstone Project\China A Share Research\public_fallback\raw\tencent\601857.SH\2017_raw.json,2026-10-10T08:47:37.647317+00:00,ok,244,69caa7fb0912f3038ac049136751a965e2773921ae6a18d240db20d4e0257724,,1,,
601857.SH,prices,2018.0,hfq,https://web.ifzq.gtimg.cn/appstock/app/fqkline/get?param=sh601857%2Cday%2C2018-01-01%2C2018-12-31%2C640%2Chfq,CNY,CNY per share,F:\Capstone Project\China A Share Research\public_fallback\raw\tencent\601857.SH\2018_hfq.json,2026-10-10T08:47:41.973318+00:00,ok,243,202d23fd64f84fac6610051fce30ac05756a84e0ed697d7011c497aed0d47861,,1,,
601857.SH,prices,2018.0,raw,https://web.ifzq.gtimg.cn/appstock/app/fqkline/get?param=sh601857%2Cday%2C2018-01-01%2C2018-12-31%2C640%2C,CNY,CNY per share,F:\Capstone Project\China A Share Research\public_fallback\raw\tencent\601857.SH\2018_raw.json,2026-10-10T08:47:41.885946+00:00,ok,243,d3b7408eee962a8e540cd5738282d3011051c4f400b65815995839d66e66e507,,1,,
601857.SH,prices,2019.0,hfq,https://web.ifzq.gtimg.cn/appstock/app/fqkline/get?param=sh601857%2Cday%2C2019-01-01%2C2019-12-31%2C640%2Chfq,CNY,CNY per share,F:\Capstone Project\China A Share Research\public_fallback\raw\tencent\601857.SH\2019_hfq.json,2026-10-10T08:47:46.110582+00:00,ok,244,3015d58116658cfad341cc8fc1d3caea35fbb672b1e33a9d5238706a449ea4c8,,1,,
601857.SH,prices,2019.0,raw,https://web.ifzq.gtimg.cn/appstock/app/fqkline/get?param=sh601857%2Cday%2C2019-01-01%2C2019-12-31%2C640%2C,CNY,CNY per share,F:\Capstone Project\China A Share Research\public_fallback\raw\tencent\601857.SH\2019_raw.json,2026-10-10T08:47:46.116712+00:00,ok,244,8ef7469716fe84569f9444aeabbf4473bd188cc13036da88ff8c821e176b9ba4,,1,,
601857.SH,prices,2020.0,hfq,https://web.ifzq.gtimg.cn/appstock/app/fqkline/get?param=sh601857%2Cday%2C2020-01-01%2C2020-12-31%2C640%2Chfq,CNY,CNY per share,F:\Capstone Project\China A Share Research\public_fallback\raw\tencent\601857.SH\2020_hfq.json,2026-10-10T08:47:50.293930+00:00,ok,243,ada217042352e2d0fc2309a2b10111c4c065f1189bfd1d45d64413fa95f77895,,1,,
601857.SH,prices,2020.0,raw,https://web.ifzq.gtimg.cn/appstock/app/fqkline/get?param=sh601857%2Cday%2C2020-01-01%2C2020-12-31%2C640%2C,CNY,CNY per share,F:\Capstone Project\China A Share Research\public_fallback\raw\tencent\601857.SH\2020_raw.json,2026-10-10T08:47:50.292919+00:00,ok,243,1df538e2914d0cf9b067f0d90886f28a6a2f2af499f3e0eaccf8f46e7561443e,,1,,
601857.SH,prices,2021.0,hfq,https://web.ifzq.gtimg.cn/appstock/app/fqkline/get?param=sh601857%2Cday%2C2021-01-01%2C2021-12-31%2C640%2Chfq,CNY,CNY per share,F:\Capstone Project\China A Share Research\public_fallback\raw\tencent\601857.SH\2021_hfq.json,2026-10-10T08:47:54.488923+00:00,ok,243,91640c51b7092004359fe07009c97047bf5247dfc7b93f76fac6c4cd7caf89f6,,1,,
601857.SH,prices,2021.0,raw,https://web.ifzq.gtimg.cn/appstock/app/fqkline/get?param=sh601857%2Cday%2C2021-01-01%2C2021-12-31%2C640%2C,CNY,CNY per share,F:\Capstone Project\China A Share Research\public_fallback\raw\tencent\601857.SH\2021_raw.json,2026-10-10T08:47:54.450166+00:00,ok,243,f45b453bb7983fac089e5fa7f759d7bd449aed33d1e8304d1ad1fded4df09fe6,,1,,
601857.SH,prices,2022.0,hfq,https://web.ifzq.gtimg.cn/appstock/app/fqkline/get?param=sh601857%2Cday%2C2022-01-01%2C2022-12-31%2C640%2Chfq,CNY,CNY per share,F:\Capstone Project\China A Share Research\public_fallback\raw\tencent\601857.SH\2022_hfq.json,2026-10-10T08:47:58.613342+00:00,ok,242,27cf67c8ed30c2a2cf75c9f253d1eff0b0339448c471d07c80395309bc44f5ec,,1,,
601857.SH,prices,2022.0,raw,https://web.ifzq.gtimg.cn/appstock/app/fqkline/get?param=sh601857%2Cday%2C2022-01-01%2C2022-12-31%2C640%2C,CNY,CNY per share,F:\Capstone Project\China A Share Research\public_fallback\raw\tencent\601857.SH\2022_raw.json,2026-10-10T08:47:58.577694+00:00,ok,242,d96b180b58c430d0215b47efbf731a62361fddf62623e89f85d14625cb8b0b11,,1,,
601857.SH,prices,2023.0,hfq,https://web.ifzq.gtimg.cn/appstock/app/fqkline/get?param=sh601857%2Cday%2C2023-01-01%2C2023-12-31%2C640%2Chfq,CNY,CNY per share,F:\Capstone Project\China A Share Research\public_fallback\raw\tencent\601857.SH\2023_hfq.json,2026-10-10T08:48:02.698346+00:00,ok,242,c1d553fbc486b111ca5bf635112e3d9d936a302d7f7a1232c335c6f3250d4ece,,1,,
601857.SH,prices,2023.0,raw,https://web.ifzq.gtimg.cn/appstock/app/fqkline/get?param=sh601857%2Cday%2C2023-01-01%2C2023-12-31%2C640%2C,CNY,CNY per share,F:\Capstone Project\China A Share Research\public_fallback\raw\tencent\601857.SH\2023_raw.json,2026-10-10T08:48:02.711223+00:00,ok,242,4c05891f4066de5867ababc07651f1cbf6dfcea7ea2904674da7d6de31f0d25f,,1,,
601857.SH,prices,2024.0,hfq,https://web.ifzq.gtimg.cn/appstock/app/fqkline/get?param=sh601857%2Cday%2C2024-01-01%2C2024-12-31%2C640%2Chfq,CNY,CNY per share,F:\Capstone Project\China A Share Research\public_fallback\raw\tencent\601857.SH\2024_hfq.json,2026-10-10T08:48:06.889329+00:00,ok,242,8348cd58722120b4f53651e1349c05a536b76b47e74728ed7e9741cdcd0d5473,,1,,
601857.SH,prices,2024.0,raw,https://web.ifzq.gtimg.cn/appstock/app/fqkline/get?param=sh601857%2Cday%2C2024-01-01%2C2024-12-31%2C640%2C,CNY,CNY per share,F:\Capstone Project\China A Share Research\public_fallback\raw\tencent\601857.SH\2024_raw.json,2026-10-10T08:48:06.900444+00:00,ok,242,00b392ac9cdc846550e72a44faf93850b960363dda377a3ce217777497bb2236,,1,,
601857.SH,prices,2025.0,hfq,https://web.ifzq.gtimg.cn/appstock/app/fqkline/get?param=sh601857%2Cday%2C2025-01-01%2C2025-12-31%2C640%2Chfq,CNY,CNY per share,F:\Capstone Project\China A Share Research\public_fallback\raw\tencent\601857.SH\2025_hfq.json,2026-10-10T08:48:11.869893+00:00,ok,243,47bc2d0af3c65da93e62989f1e0196b783c3700298dc0a269eec7fe5feb1fe58,,1,,
601857.SH,prices,2025.0,raw,https://web.ifzq.gtimg.cn/appstock/app/fqkline/get?param=sh601857%2Cday%2C2025-01-01%2C2025-12-31%2C640%2C,CNY,CNY per share,F:\Capstone Project\China A Share Research\public_fallback\raw\tencent\601857.SH\2025_raw.json,2026-10-10T08:48:11.869893+00:00,ok,243,ffc4836b484cedb66aac3c90267e8563ae84b273a6f35e27a071562c3e6602bc,,1,,
601857.SH,prices,2026.0,hfq,https://web.ifzq.gtimg.cn/appstock/app/fqkline/get?param=sh601857%2Cday%2C2026-01-01%2C2026-10-09%2C640%2Chfq,CNY,CNY per share,F:\Capstone Project\China A Share Research\public_fallback\raw\tencent\601857.SH\2026_hfq.json,2026-10-10T08:48:16.071035+00:00,ok,183,2c01614dcdc4464a6b7be4bbf9c4f1dc1547f07487e35c24f969d9e628c2184d,,1,,
601857.SH,prices,2026.0,raw,https://web.ifzq.gtimg.cn/appstock/app/fqkline/get?param=sh601857%2Cday%2C2026-01-01%2C2026-10-09%2C640%2C,CNY,CNY per share,F:\Capstone Project\China A Share Research\public_fallback\raw\tencent\601857.SH\2026_raw.json,2026-10-10T08:48:16.053672+00:00,ok,183,32d4659849f380424d6afc8c1a509120a839e9c0cec4a4bb586f3c6619174b3f,,1,,
601857.SH,shares,,raw,https://datacenter-web.eastmoney.com/api/data/v1/get?reportName=RPT_F10_EH_EQUITY&columns=ALL&filter=%28SECUCODE%3D%22601857.SH%22%29&pageNumber=1&pageSize=500&sortColumns=END_DATE&sortTypes=-1,CNY,shares,F:\Capstone Project\China A Share Research\public_fallback\raw\eastmoney\601857.SH_shares.json,2026-10-10T08:47:20.911666+00:00,ok,7,8e06cb0b1a082d06142b8729022ad1caac28ab56aa4e3335c9c92ae52484a785,,1,,
002371.SZ,income,,raw,https://datacenter-web.eastmoney.com/api/data/v1/get?reportName=RPT_LICO_FN_CPD&columns=ALL&filter=%28SECURITY_CODE%3D%22002371%22%29&pageNumber=1&pageSize=500&sortColumns=REPORTDATE&sortTypes=-1,CNY,CNY,F:\Capstone Project\China A Share Research\replacement_sources\raw\eastmoney\002371.SZ_income.json,2026-10-10T10:24:45.193593+00:00,ok,78,06f3338fafd0dbaae32e2f84015dd4185cb54dec24bd872126fb47ef7a7d8e97,,1,,
002371.SZ,prices,2016.0,hfq,https://web.ifzq.gtimg.cn/appstock/app/fqkline/get?param=sz002371%2Cday%2C2016-01-01%2C2016-12-31%2C640%2Chfq,CNY,CNY per share,F:\Capstone Project\China A Share Research\replacement_sources\raw\tencent\002371.SZ\2016_hfq.json,2026-10-10T10:25:31.423034+00:00,ok,234,72a5a5660b215646250fb14d3f4299d68c4b10b0351575c3771ad340b67ac458,,1,,
002371.SZ,prices,2016.0,raw,https://web.ifzq.gtimg.cn/appstock/app/fqkline/get?param=sz002371%2Cday%2C2016-01-01%2C2016-12-31%2C640%2C,CNY,CNY per share,F:\Capstone Project\China A Share Research\replacement_sources\raw\tencent\002371.SZ\2016_raw.json,2026-10-10T10:25:30.766059+00:00,ok,234,d457bceb6310d8f93a3448843e65b00ad2dde62ba908f48ee123a37747a1008e,,1,,
002371.SZ,prices,2017.0,hfq,https://web.ifzq.gtimg.cn/appstock/app/fqkline/get?param=sz002371%2Cday%2C2017-01-01%2C2017-12-31%2C640%2Chfq,CNY,CNY per share,F:\Capstone Project\China A Share Research\replacement_sources\raw\tencent\002371.SZ\2017_hfq.json,2026-10-10T10:25:34.076713+00:00,ok,244,dd575d30086b32778da7de077d6eaa15f47f2129a77d46aa9d9c9079132b0908,,1,,
002371.SZ,prices,2017.0,raw,https://web.ifzq.gtimg.cn/appstock/app/fqkline/get?param=sz002371%2Cday%2C2017-01-01%2C2017-12-31%2C640%2C,CNY,CNY per share,F:\Capstone Project\China A Share Research\replacement_sources\raw\tencent\002371.SZ\2017_raw.json,2026-10-10T10:25:33.403994+00:00,ok,244,6cff17c0cfd6f7d503523efb4cee3942acccbfa6200afc61ac1a70ca975d3d42,,1,,
002371.SZ,prices,2018.0,hfq,https://web.ifzq.gtimg.cn/appstock/app/fqkline/get?param=sz002371%2Cday%2C2018-01-01%2C2018-12-31%2C640%2Chfq,CNY,CNY per share,F:\Capstone Project\China A Share Research\replacement_sources\raw\tencent\002371.SZ\2018_hfq.json,2026-10-10T10:25:37.685666+00:00,ok,243,e7fd2a6ec3df7a3c5d02d96189be2c7f1a4d3ccf9306c550e2f26b27eda24c74,,1,,
002371.SZ,prices,2018.0,raw,https://web.ifzq.gtimg.cn/appstock/app/fqkline/get?param=sz002371%2Cday%2C2018-01-01%2C2018-12-31%2C640%2C,CNY,CNY per share,F:\Capstone Project\China A Share Research\replacement_sources\raw\tencent\002371.SZ\2018_raw.json,2026-10-10T10:25:36.647765+00:00,ok,243,4c088e1a9eed6265ed9a5e27e8db25f8512fd07fe74f675bbf370051dd754f40,,1,,
002371.SZ,prices,2019.0,hfq,https://web.ifzq.gtimg.cn/appstock/app/fqkline/get?param=sz002371%2Cday%2C2019-01-01%2C2019-12-31%2C640%2Chfq,CNY,CNY per share,F:\Capstone Project\China A Share Research\replacement_sources\raw\tencent\002371.SZ\2019_hfq.json,2026-10-10T10:25:40.708410+00:00,ok,244,ab918d49d1761f9544bec9d6041fab365b37fdb4ce57ba2b3e4050c56e94c049,,1,,
002371.SZ,prices,2019.0,raw,https://web.ifzq.gtimg.cn/appstock/app/fqkline/get?param=sz002371%2Cday%2C2019-01-01%2C2019-12-31%2C640%2C,CNY,CNY per share,F:\Capstone Project\China A Share Research\replacement_sources\raw\tencent\002371.SZ\2019_raw.json,2026-10-10T10:25:40.039606+00:00,ok,244,bc2442ab41e338eb7d9666082a6ea1bb9a283edf7c0310639d2450f0a397872e,,1,,
002371.SZ,prices,2020.0,hfq,https://web.ifzq.gtimg.cn/appstock/app/fqkline/get?param=sz002371%2Cday%2C2020-01-01%2C2020-12-31%2C640%2Chfq,CNY,CNY per share,F:\Capstone Project\China A Share Research\replacement_sources\raw\tencent\002371.SZ\2020_hfq.json,2026-10-10T10:25:43.347129+00:00,ok,243,175dcd3a2a3580afce6cd38ae55856ca39a03a851db91b9030be1a0e31f0c944,,1,,
002371.SZ,prices,2020.0,raw,https://web.ifzq.gtimg.cn/appstock/app/fqkline/get?param=sz002371%2Cday%2C2020-01-01%2C2020-12-31%2C640%2C,CNY,CNY per share,F:\Capstone Project\China A Share Research\replacement_sources\raw\tencent\002371.SZ\2020_raw.json,2026-10-10T10:25:42.708632+00:00,ok,243,6e858d3a4d0e5901d5c8f466d38aef847ac55fa71a286df77f5a470cecdb9f50,,1,,
002371.SZ,prices,2021.0,hfq,https://web.ifzq.gtimg.cn/appstock/app/fqkline/get?param=sz002371%2Cday%2C2021-01-01%2C2021-12-31%2C640%2Chfq,CNY,CNY per share,F:\Capstone Project\China A Share Research\replacement_sources\raw\tencent\002371.SZ\2021_hfq.json,2026-10-10T10:25:46.008346+00:00,ok,243,3c103b191cbefbf39b5d0a778ad43c8bf1f9424568c9b0b0282992c0db31d7dc,,1,,
002371.SZ,prices,2021.0,raw,https://web.ifzq.gtimg.cn/appstock/app/fqkline/get?param=sz002371%2Cday%2C2021-01-01%2C2021-12-31%2C640%2C,CNY,CNY per share,F:\Capstone Project\China A Share Research\replacement_sources\raw\tencent\002371.SZ\2021_raw.json,2026-10-10T10:25:45.340286+00:00,ok,243,d98e5909f5880d32dc0e7a31a35f651b43ad28623f35b900ad310f1b4ab5c6d7,,1,,
002371.SZ,prices,2022.0,hfq,https://web.ifzq.gtimg.cn/appstock/app/fqkline/get?param=sz002371%2Cday%2C2022-01-01%2C2022-12-31%2C640%2Chfq,CNY,CNY per share,F:\Capstone Project\China A Share Research\replacement_sources\raw\tencent\002371.SZ\2022_hfq.json,2026-10-10T10:25:48.650021+00:00,ok,242,4cf2173be155b668a52325b0c128bfacd1617b41aa62824798c4b624728d7c59,,1,,
002371.SZ,prices,2022.0,raw,https://web.ifzq.gtimg.cn/appstock/app/fqkline/get?param=sz002371%2Cday%2C2022-01-01%2C2022-12-31%2C640%2C,CNY,CNY per share,F:\Capstone Project\China A Share Research\replacement_sources\raw\tencent\002371.SZ\2022_raw.json,2026-10-10T10:25:48.008846+00:00,ok,242,24f404506f36a7a2d644128fb89d75a40ea6427ad6f6ff23d68bf98532b361c7,,1,,
002371.SZ,prices,2023.0,hfq,https://web.ifzq.gtimg.cn/appstock/app/fqkline/get?param=sz002371%2Cday%2C2023-01-01%2C2023-12-31%2C640%2Chfq,CNY,CNY per share,F:\Capstone Project\China A Share Research\replacement_sources\raw\tencent\002371.SZ\2023_hfq.json,2026-10-10T10:25:51.357698+00:00,ok,242,dc8100762fe2349efe7f951d1400c9b865c3e6f54a8f130232b1b8f33e6f1a6c,,1,,
002371.SZ,prices,2023.0,raw,https://web.ifzq.gtimg.cn/appstock/app/fqkline/get?param=sz002371%2Cday%2C2023-01-01%2C2023-12-31%2C640%2C,CNY,CNY per share,F:\Capstone Project\China A Share Research\replacement_sources\raw\tencent\002371.SZ\2023_raw.json,2026-10-10T10:25:50.703596+00:00,ok,242,c64732e124f388ae006ccfdf760a206b611324dfb4a6df3f8356a98f74435b96,,1,,
002371.SZ,prices,2024.0,hfq,https://web.ifzq.gtimg.cn/appstock/app/fqkline/get?param=sz002371%2Cday%2C2024-01-01%2C2024-12-31%2C640%2Chfq,CNY,CNY per share,F:\Capstone Project\China A Share Research\replacement_sources\raw\tencent\002371.SZ\2024_hfq.json,2026-10-10T10:25:53.984765+00:00,ok,242,49c8990be8d7990264e0580877753c12afed73a7eb1d8277aa8aef369d79bc27,,1,,
002371.SZ,prices,2024.0,raw,https://web.ifzq.gtimg.cn/appstock/app/fqkline/get?param=sz002371%2Cday%2C2024-01-01%2C2024-12-31%2C640%2C,CNY,CNY per share,F:\Capstone Project\China A Share Research\replacement_sources\raw\tencent\002371.SZ\2024_raw.json,2026-10-10T10:25:53.325712+00:00,ok,242,7e3752f740de406de9a2a81b2580ffe891662ee61c3844fef4713006b1c67549,,1,,
002371.SZ,prices,2025.0,hfq,https://web.ifzq.gtimg.cn/appstock/app/fqkline/get?param=sz002371%2Cday%2C2025-01-01%2C2025-12-31%2C640%2Chfq,CNY,CNY per share,F:\Capstone Project\China A Share Research\replacement_sources\raw\tencent\002371.SZ\2025_hfq.json,2026-10-10T10:25:56.603785+00:00,ok,243,d5471321bcfb3b4e481b01361b3704b4147b1338be005c6ea293f65cc8549726,,1,,
002371.SZ,prices,2025.0,raw,https://web.ifzq.gtimg.cn/appstock/app/fqkline/get?param=sz002371%2Cday%2C2025-01-01%2C2025-12-31%2C640%2C,CNY,CNY per share,F:\Capstone Project\China A Share Research\replacement_sources\raw\tencent\002371.SZ\2025_raw.json,2026-10-10T10:25:55.955795+00:00,ok,243,f3a717b47b229c5156c84a541495d07d7f352fc2aca072db45a9588d3c1dadc4,,1,,
002371.SZ,prices,2026.0,hfq,https://web.ifzq.gtimg.cn/appstock/app/fqkline/get?param=sz002371%2Cday%2C2026-01-01%2C2026-10-09%2C640%2Chfq,CNY,CNY per share,F:\Capstone Project\China A Share Research\replacement_sources\raw\tencent\002371.SZ\2026_hfq.json,2026-10-10T10:25:59.219870+00:00,ok,183,0af101fd6ce22085a460d37320e7446b07fcd943f119a5585266e74ad069472a,,1,,
002371.SZ,prices,2026.0,raw,https://web.ifzq.gtimg.cn/appstock/app/fqkline/get?param=sz002371%2Cday%2C2026-01-01%2C2026-10-09%2C640%2C,CNY,CNY per share,F:\Capstone Project\China A Share Research\replacement_sources\raw\tencent\002371.SZ\2026_raw.json,2026-10-10T10:25:58.571182+00:00,ok,183,e0e2b9d278081a939864c0843503cb12227ef4edadfcf71025c59a7f7b27dc21,,1,,
002371.SZ,shares,,raw,https://datacenter-web.eastmoney.com/api/data/v1/get?reportName=RPT_F10_EH_EQUITY&columns=ALL&filter=%28SECUCODE%3D%22002371.SZ%22%29&pageNumber=1&pageSize=500&sortColumns=END_DATE&sortTypes=-1,CNY,shares,F:\Capstone Project\China A Share Research\replacement_sources\raw\eastmoney\002371.SZ_shares.json,2026-10-10T10:24:46.999315+00:00,ok,96,55c213f0300760ec3b0fff520ef574fd0a179b5f605ae87594d23497f661f828,,1,,
600309.SH,income,,raw,https://datacenter-web.eastmoney.com/api/data/v1/get?reportName=RPT_LICO_FN_CPD&columns=ALL&filter=%28SECURITY_CODE%3D%22600309%22%29&pageNumber=1&pageSize=500&sortColumns=REPORTDATE&sortTypes=-1,CNY,CNY,F:\Capstone Project\China A Share Research\replacement_sources\raw\eastmoney\600309.SH_income.json,2026-10-10T10:25:28.220755+00:00,ok,106,0ed861c17205be6691a6ec3694f57ef19bbf4b5957d320c2f9e04492b730cc00,,1,,
600309.SH,prices,2016.0,hfq,https://web.ifzq.gtimg.cn/appstock/app/fqkline/get?param=sh600309%2Cday%2C2016-01-01%2C2016-12-31%2C640%2Chfq,CNY,CNY per share,F:\Capstone Project\China A Share Research\replacement_sources\raw\tencent\600309.SH\2016_hfq.json,2026-10-10T10:25:32.742939+00:00,ok,244,a397f454642194f718ee1194be365c88e5dddfc07de0676f9d89684156fe2a8d,,1,,
600309.SH,prices,2016.0,raw,https://web.ifzq.gtimg.cn/appstock/app/fqkline/get?param=sh600309%2Cday%2C2016-01-01%2C2016-12-31%2C640%2C,CNY,CNY per share,F:\Capstone Project\China A Share Research\replacement_sources\raw\tencent\600309.SH\2016_raw.json,2026-10-10T10:25:32.084212+00:00,ok,244,8f73296293fa8effb892d4f8b18d58c6a44ff18eef9bc9ece380b13467d71d11,,1,,
600309.SH,prices,2017.0,hfq,https://web.ifzq.gtimg.cn/appstock/app/fqkline/get?param=sh600309%2Cday%2C2017-01-01%2C2017-12-31%2C640%2Chfq,CNY,CNY per share,F:\Capstone Project\China A Share Research\replacement_sources\raw\tencent\600309.SH\2017_hfq.json,2026-10-10T10:25:35.565146+00:00,ok,225,d0fa38fbfb2b7dc2f58c4b875469599d32e8a7e7287e2e29855639d3004c3e0d,,1,,
600309.SH,prices,2017.0,raw,https://web.ifzq.gtimg.cn/appstock/app/fqkline/get?param=sh600309%2Cday%2C2017-01-01%2C2017-12-31%2C640%2C,CNY,CNY per share,F:\Capstone Project\China A Share Research\replacement_sources\raw\tencent\600309.SH\2017_raw.json,2026-10-10T10:25:34.738248+00:00,ok,225,f130b14039fe8ca43831fce7973c3f4c2edd3a21cc83ce28dc92f58f228e48aa,,1,,
600309.SH,prices,2018.0,hfq,https://web.ifzq.gtimg.cn/appstock/app/fqkline/get?param=sh600309%2Cday%2C2018-01-01%2C2018-12-31%2C640%2Chfq,CNY,CNY per share,F:\Capstone Project\China A Share Research\replacement_sources\raw\tencent\600309.SH\2018_hfq.json,2026-10-10T10:25:39.371366+00:00,ok,137,4f182bb1ba30599395142a3c0039cdb075071247d3bc5bc6da6e8e333b699e1b,,1,,
600309.SH,prices,2018.0,raw,https://web.ifzq.gtimg.cn/appstock/app/fqkline/get?param=sh600309%2Cday%2C2018-01-01%2C2018-12-31%2C640%2C,CNY,CNY per share,F:\Capstone Project\China A Share Research\replacement_sources\raw\tencent\600309.SH\2018_raw.json,2026-10-10T10:25:38.645371+00:00,ok,137,12f42ecff9a5c076be82d1c24745656925152257136416059962e094326b8ab9,,1,,
600309.SH,prices,2019.0,hfq,https://web.ifzq.gtimg.cn/appstock/app/fqkline/get?param=sh600309%2Cday%2C2019-01-01%2C2019-12-31%2C640%2Chfq,CNY,CNY per share,F:\Capstone Project\China A Share Research\replacement_sources\raw\tencent\600309.SH\2019_hfq.json,2026-10-10T10:25:42.037552+00:00,ok,244,7125552c51e10988bb9bd51f79ec313dd4f998c3e9db75861b8b91cab285a886,,1,,
600309.SH,prices,2019.0,raw,https://web.ifzq.gtimg.cn/appstock/app/fqkline/get?param=sh600309%2Cday%2C2019-01-01%2C2019-12-31%2C640%2C,CNY,CNY per share,F:\Capstone Project\China A Share Research\replacement_sources\raw\tencent\600309.SH\2019_raw.json,2026-10-10T10:25:41.369656+00:00,ok,244,437ef1b766703267977c3ec16857e617269e5741c6b536fca654d80f5801b273,,1,,
600309.SH,prices,2020.0,hfq,https://web.ifzq.gtimg.cn/appstock/app/fqkline/get?param=sh600309%2Cday%2C2020-01-01%2C2020-12-31%2C640%2Chfq,CNY,CNY per share,F:\Capstone Project\China A Share Research\replacement_sources\raw\tencent\600309.SH\2020_hfq.json,2026-10-10T10:25:44.680106+00:00,ok,243,cbf5bfcd41d93e46063e3aa14b1950b985a40c3d29aa4e811b3aa2cd78586697,,1,,
600309.SH,prices,2020.0,raw,https://web.ifzq.gtimg.cn/appstock/app/fqkline/get?param=sh600309%2Cday%2C2020-01-01%2C2020-12-31%2C640%2C,CNY,CNY per share,F:\Capstone Project\China A Share Research\replacement_sources\raw\tencent\600309.SH\2020_raw.json,2026-10-10T10:25:44.013915+00:00,ok,243,d257026c9a2a5297a21508a77def102c7d2be38e2d6e57ba0c52f2d03b13127c,,1,,
600309.SH,prices,2021.0,hfq,https://web.ifzq.gtimg.cn/appstock/app/fqkline/get?param=sh600309%2Cday%2C2021-01-01%2C2021-12-31%2C640%2Chfq,CNY,CNY per share,F:\Capstone Project\China A Share Research\replacement_sources\raw\tencent\600309.SH\2021_hfq.json,2026-10-10T10:25:47.346652+00:00,ok,243,eebbdf4235f1a0b3256418de55324ccd502589dfa62ffb2dc48ff21b6ac64577,,1,,
600309.SH,prices,2021.0,raw,https://web.ifzq.gtimg.cn/appstock/app/fqkline/get?param=sh600309%2Cday%2C2021-01-01%2C2021-12-31%2C640%2C,CNY,CNY per share,F:\Capstone Project\China A Share Research\replacement_sources\raw\tencent\600309.SH\2021_raw.json,2026-10-10T10:25:46.676380+00:00,ok,243,720292109090506b1e0a379a5ca63732daed7e77c6b42fbf77d9cc6dab1837e4,,1,,
600309.SH,prices,2022.0,hfq,https://web.ifzq.gtimg.cn/appstock/app/fqkline/get?param=sh600309%2Cday%2C2022-01-01%2C2022-12-31%2C640%2Chfq,CNY,CNY per share,F:\Capstone Project\China A Share Research\replacement_sources\raw\tencent\600309.SH\2022_hfq.json,2026-10-10T10:25:50.049538+00:00,ok,242,3a5dc224e8150ac913044c2f8b7fd05c948ecb90fc8a710bde3dab0b345d3420,,1,,
600309.SH,prices,2022.0,raw,https://web.ifzq.gtimg.cn/appstock/app/fqkline/get?param=sh600309%2Cday%2C2022-01-01%2C2022-12-31%2C640%2C,CNY,CNY per share,F:\Capstone Project\China A Share Research\replacement_sources\raw\tencent\600309.SH\2022_raw.json,2026-10-10T10:25:49.381161+00:00,ok,242,2ca998939fb2c674e235c331770ab02bc9ccf1bca4a62de47428ec6fd8745c5d,,1,,
600309.SH,prices,2023.0,hfq,https://web.ifzq.gtimg.cn/appstock/app/fqkline/get?param=sh600309%2Cday%2C2023-01-01%2C2023-12-31%2C640%2Chfq,CNY,CNY per share,F:\Capstone Project\China A Share Research\replacement_sources\raw\tencent\600309.SH\2023_hfq.json,2026-10-10T10:25:52.651634+00:00,ok,242,545b70f3ef7e7b95d731309832542b6f178360a96fe90dbd80f6ebeacdfd43eb,,1,,
600309.SH,prices,2023.0,raw,https://web.ifzq.gtimg.cn/appstock/app/fqkline/get?param=sh600309%2Cday%2C2023-01-01%2C2023-12-31%2C640%2C,CNY,CNY per share,F:\Capstone Project\China A Share Research\replacement_sources\raw\tencent\600309.SH\2023_raw.json,2026-10-10T10:25:52.003571+00:00,ok,242,b18c8f5e967b80be2edcf7a8c3b31087de7d99df5e5d6b4e4b215097e4bb93ca,,1,,
600309.SH,prices,2024.0,hfq,https://web.ifzq.gtimg.cn/appstock/app/fqkline/get?param=sh600309%2Cday%2C2024-01-01%2C2024-12-31%2C640%2Chfq,CNY,CNY per share,F:\Capstone Project\China A Share Research\replacement_sources\raw\tencent\600309.SH\2024_hfq.json,2026-10-10T10:25:55.311803+00:00,ok,242,8039355a88781d353bc36f601c89763028507928dec3255738b2314d8feb9a7e,,1,,
600309.SH,prices,2024.0,raw,https://web.ifzq.gtimg.cn/appstock/app/fqkline/get?param=sh600309%2Cday%2C2024-01-01%2C2024-12-31%2C640%2C,CNY,CNY per share,F:\Capstone Project\China A Share Research\replacement_sources\raw\tencent\600309.SH\2024_raw.json,2026-10-10T10:25:54.655390+00:00,ok,242,be01b1edc7775da8a2bfc14fd1508abd76b06649a8ad20c2efdab3f81ec063df,,1,,
600309.SH,prices,2025.0,hfq,https://web.ifzq.gtimg.cn/appstock/app/fqkline/get?param=sh600309%2Cday%2C2025-01-01%2C2025-12-31%2C640%2Chfq,CNY,CNY per share,F:\Capstone Project\China A Share Research\replacement_sources\raw\tencent\600309.SH\2025_hfq.json,2026-10-10T10:25:57.914355+00:00,ok,243,c31efdf29121854cd8288e2a951293c8fdc980e3bc4c81599ccda9b0fe0a28ef,,1,,
600309.SH,prices,2025.0,raw,https://web.ifzq.gtimg.cn/appstock/app/fqkline/get?param=sh600309%2Cday%2C2025-01-01%2C2025-12-31%2C640%2C,CNY,CNY per share,F:\Capstone Project\China A Share Research\replacement_sources\raw\tencent\600309.SH\2025_raw.json,2026-10-10T10:25:57.252800+00:00,ok,243,f6f9547f4f6326b4af76af25892559b01a0d127529f5006c57b9ed732d68e6aa,,1,,
600309.SH,prices,2026.0,hfq,https://web.ifzq.gtimg.cn/appstock/app/fqkline/get?param=sh600309%2Cday%2C2026-01-01%2C2026-10-09%2C640%2Chfq,CNY,CNY per share,F:\Capstone Project\China A Share Research\replacement_sources\raw\tencent\600309.SH\2026_hfq.json,2026-10-10T10:26:00.542879+00:00,ok,183,49f9da215d4b8fc75ac48ac7c9d898af8d18797d91be41112e449e0d8762bdd3,,1,,
600309.SH,prices,2026.0,raw,https://web.ifzq.gtimg.cn/appstock/app/fqkline/get?param=sh600309%2Cday%2C2026-01-01%2C2026-10-09%2C640%2C,CNY,CNY per share,F:\Capstone Project\China A Share Research\replacement_sources\raw\tencent\600309.SH\2026_raw.json,2026-10-10T10:25:59.892055+00:00,ok,183,a6cbce82ce9d8e7d1b90566a39e8b44a2e2e4e1dcb70dbc5778a30b7307b705c,,1,,
600309.SH,shares,,raw,https://datacenter-web.eastmoney.com/api/data/v1/get?reportName=RPT_F10_EH_EQUITY&columns=ALL&filter=%28SECUCODE%3D%22600309.SH%22%29&pageNumber=1&pageSize=500&sortColumns=END_DATE&sortTypes=-1,CNY,shares,F:\Capstone Project\China A Share Research\replacement_sources\raw\eastmoney\600309.SH_shares.json,2026-10-10T10:25:29.393237+00:00,ok,20,cac5c7bb2546d877352ddfde442117fe2ef8de40d5bbc14a702f5a5d534b92f8,,1,,
