date,close,volume
2014-01-02,114.0299987793,1618678
2014-01-03,113.5299987793,1293522
2014-01-06,112.66999816895,2120218
2014-01-07,112.13999938965,2292582
2014-01-08,110.38999938965,4602924
2014-01-09,114.70999908447,5763123
2014-01-10,114.06999969482,2790333
2014-01-13,111.08999633789,3168867
2014-01-14,112.5,2320831
2014-01-15,112.51000213623,1847624
2014-01-16,111.84999847412,1938349
2014-01-17,112.55999755859,2708082
2014-01-21,111.23999786377,2110841
2014-01-22,110.09999847412,2507507
2014-01-23,109.18000030518,2168058
2014-01-24,108.5299987793,3203790
2014-01-27,109.44999694824,3790471
2014-01-28,110.70999908447,2367521
2014-01-29,108.62999725342,2356365
2014-01-30,109.11000061035,1629387
2014-01-31,108.76000213623,2146024
2014-02-03,106.65000152588,3121170
2014-02-04,107.33000183105,2529624
2014-02-05,106.9700012207,2374212
2014-02-06,110.59999847412,3755143
2014-02-07,110.37999725342,2198514
2014-02-10,110.19999694824,1871796
2014-02-11,111.30000305176,1778347
2014-02-12,111.12999725342,1737694
2014-02-13,112.09999847412,1587102
2014-02-14,112.37999725342,1520003
2014-02-18,111.66000366211,2062002
2014-02-19,111.23000335693,1804724
2014-02-20,111.37000274658,1837090
2014-02-21,109.55999755859,3659545
2014-02-24,110.29000091553,2285392
2014-02-25,111.76000213623,1935430
2014-02-26,112.16000366211,1926823
2014-02-27,112.48999786377,1374462
2014-02-28,113.05000305176,2106177
2014-03-03,112.04000091553,1672811
2014-03-04,112.91000366211,1810584
2014-03-05,112.73999786377,2320202
2014-03-06,109.62999725342,8925347
2014-03-07,109.86000061035,2906694
2014-03-10,110.91999816895,2325219
2014-03-11,111.0299987793,2201836
2014-03-12,111.51999664307,2177956
2014-03-13,110.73999786377,2519618
2014-03-14,109.80999755859,2293362
2014-03-17,109.81999969482,2190456
2014-03-18,110.19999694824,2501020
2014-03-19,109.23000335693,1635636
2014-03-20,109.5299987793,1408202
2014-03-21,110.18000030518,4442274
2014-03-24,109.73000335693,2501669
2014-03-25,110.2799987793,2202127
2014-03-26,108.87999725342,1912278
2014-03-27,108.44000244141,2042713
2014-03-28,108.08000183105,2795496
2014-03-31,108.09999847412,2119603
2014-04-01,108.26999664307,2566752
2014-04-02,107.9700012207,3296836
2014-04-03,108.12000274658,2329649
2014-04-04,107.09999847412,2722053
2014-04-07,107.23999786377,3119749
2014-04-08,109.05000305176,3863906
2014-04-09,109.41999816895,2899623
2014-04-10,108.48999786377,3305094
2014-04-11,108.48999786377,3098466
2014-04-14,108.94999694824,2518969
2014-04-15,108.4700012207,2130181
2014-04-16,109.84999847412,2455027
2014-04-17,109.86000061035,1659126
2014-04-21,110.44000244141,1826836
2014-04-22,109.91999816895,2315142
2014-04-23,111.11000061035,1999296
2014-04-24,111.33999633789,1939330
2014-04-25,111.31999969482,1721552
2014-04-28,111.87999725342,3018758
2014-04-29,111.69999694824,1580555
2014-04-30,111.9700012207,1633995
2014-05-01,111.84999847412,1167950
2014-05-02,111.45999908447,1321116
2014-05-05,110.81999969482,1397980
2014-05-06,109.20999908447,1945691
2014-05-07,108.38999938965,2951813
2014-05-08,111.05000305176,2557564
2014-05-09,111.69000244141,1954566
2014-05-12,112.76999664307,1940724
2014-05-13,112.55999755859,1229433
2014-05-14,111.44000244141,1255293
2014-05-15,110.68000030518,1890968
2014-05-16,111.90000152588,2146282
2014-05-19,112.63999938965,2212762
2014-05-20,111.44000244141,2127085
2014-05-21,110.84999847412,1712718
2014-05-22,111.05000305176,1059931
2014-05-23,111.25,1103053
2014-05-27,110.2200012207,2583867
2014-05-28,110.58000183105,2391409
2014-05-29,110.48000335693,2976908
2014-05-30,112.30000305176,2622386
2014-06-02,111.9700012207,1085483
2014-06-03,111.80999755859,1127418
2014-06-04,112.58000183105,1297837
2014-06-05,113.9700012207,2614252
2014-06-06,114.44000244141,1669550
2014-06-09,114.0,1623136
2014-06-10,113.33999633789,1089123
2014-06-11,112.51000213623,1117146
2014-06-12,111.73999786377,1427319
2014-06-13,111.59999847412,1230071
2014-06-16,111.73000335693,1503081
2014-06-17,111.75,1505805
2014-06-18,112.54000091553,2113173
2014-06-19,112.5299987793,1635755
2014-06-20,111.66000366211,2966299
2014-06-23,111.5299987793,1509532
2014-06-24,112.58000183105,1906557
2014-06-25,112.54000091553,1188720
2014-06-26,111.93000030518,1252089
2014-06-27,111.79000091553,2477302
2014-06-30,111.4700012207,1389991
2014-07-01,111.73999786377,1501715
2014-07-02,112.04000091553,1122270
2014-07-03,112.62000274658,976048
2014-07-07,112.58999633789,1576930
2014-07-08,113.69000244141,2584447
2014-07-09,114.13999938965,2328158
2014-07-10,114.29000091553,2266386
2014-07-11,114.23000335693,1684853
2014-07-14,113.59999847412,1703089
2014-07-15,114.04000091553,2637139
2014-07-16,114.06999969482,1531201
2014-07-17,113.04000091553,1436645
2014-07-18,113.95999908447,2156182
2014-07-21,113.29000091553,1340803
2014-07-22,113.7799987793,1768971
2014-07-23,113.81999969482,1155161
2014-07-24,114.34999847412,1352474
2014-07-25,113.7799987793,1549356
2014-07-28,113.36000061035,1402633
2014-07-29,115.08999633789,2545375
2014-07-30,114.38999938965,2032545
2014-07-31,113.76999664307,2477018
2014-08-01,114.09999847412,2089466
2014-08-04,114.36000061035,1683789
2014-08-05,114.26000213623,1798588
2014-08-06,115.75,2859824
2014-08-07,114.01999664307,2698210
2014-08-08,115.33999633789,2329870
2014-08-11,115.36000061035,1232987
2014-08-12,115.19000244141,1082111
2014-08-13,114.83999633789,1458110
2014-08-14,115.44000244141,1067902
2014-08-15,114.76999664307,2025928
2014-08-18,115.62999725342,1240085
2014-08-19,116.73999786377,1708885
2014-08-20,117.0299987793,1287408
2014-08-21,117.7200012207,1552235
2014-08-22,117.40000152588,1404965
2014-08-25,117.5,1100081
2014-08-26,117.20999908447,1393169
2014-08-27,117.34999847412,1028157
2014-08-28,117.08999633789,804362
2014-08-29,117.19999694824,1047332
2014-09-02,117.66000366211,1469943
2014-09-03,117.45999908447,1903538
2014-09-04,121.13999938965,4448617
2014-09-05,122.94000244141,2915411
2014-09-08,122.54000091553,2057440
2014-09-09,122.06999969482,1500831
2014-09-10,122.12000274658,1014919
2014-09-11,121.90000152588,1511168
2014-09-12,121.34999847412,1598290
2014-09-15,121.68000030518,1615345
2014-09-16,122.37999725342,1684380
2014-09-17,121.9700012207,1593995
2014-09-18,122.41999816895,1401530
2014-09-19,122.44000244141,3018637
2014-09-22,121.79000091553,1453733
2014-09-23,121.48999786377,1563097
2014-09-24,123.5299987793,2076388
2014-09-25,121.62999725342,1819936
2014-09-26,121.51000213623,2045330
2014-09-29,121.30000305176,1170981
2014-09-30,121.30000305176,1666455
2014-10-01,120.76000213623,1411317
2014-10-02,121.76000213623,1545842
2014-10-03,123.01000213623,1770671
2014-10-06,122.16000366211,1907467
2014-10-07,121.25,2335221
2014-10-08,124.59999847412,4266976
2014-10-09,124.29000091553,2963699
2014-10-10,124.76999664307,3353581
2014-10-13,122.90000152588,2446184
2014-10-14,122.19999694824,4003560
2014-10-15,120.30999755859,3784798
2014-10-16,119.01000213623,3543012
2014-10-17,120.65000152588,3199186
2014-10-20,124.30000305176,3506170
2014-10-21,126.09999847412,2105624
2014-10-22,126.34999847412,1879960
2014-10-23,126.40000152588,1763755
2014-10-24,126.26000213623,2490256
2014-10-27,126.7200012207,1629582
2014-10-28,126.86000061035,1439800
2014-10-29,127.69999694824,1705814
2014-10-30,128.72999572754,1302063
2014-10-31,129.08999633789,2373896
2014-11-03,129.96000671387,1949226
2014-11-04,132.16999816895,2802823
2014-11-05,132.11999511719,2116797
2014-11-06,132.69000244141,1685940
2014-11-07,133.28999328613,1589448
2014-11-10,133.27000427246,1958039
2014-11-11,132.66000366211,1495574
2014-11-12,132.50999450684,1910222
2014-11-13,134.25999450684,2235941
2014-11-14,134.03999328613,1598624
2014-11-17,134.0299987793,1228116
2014-11-18,134.75,1574757
2014-11-19,135.52000427246,1362597
2014-11-20,134.7799987793,1518294
2014-11-21,135.24000549316,1849219
2014-11-24,135.32000732422,1645815
2014-11-25,134.41999816895,1865793
2014-11-26,135.27000427246,1631937
2014-11-28,137.55999755859,1442598
2014-12-01,137.42999267578,1952149
2014-12-02,138.4700012207,1765406
2014-12-03,138.11000061035,1795877
2014-12-04,138.42999267578,1324093
2014-12-05,138.66000366211,1198018
2014-12-08,137.77000427246,1946175
2014-12-09,138.44999694824,2094901
2014-12-10,135.75,4919143
2014-12-11,136.88000488281,2401295
2014-12-12,133.46000671387,3672019
2014-12-15,133.75999450684,2456713
2014-12-16,132.91000366211,2470072
2014-12-17,134.86000061035,2428540
2014-12-18,137.02000427246,2903401
2014-12-19,137.2200012207,4029974
2014-12-22,138.61999511719,1776902
2014-12-23,139.5299987793,1464516
2014-12-24,139.03999328613,738668
2014-12-26,138.83999633789,1233068
2014-12-29,138.74000549316,1364395
2014-12-30,138.88999938965,1158803
2014-12-31,137.19999694824,1485064
2015-01-02,137.07000732422,1471736
2015-01-05,135.50999450684,1751693
2015-01-06,137.30000305176,3187950
2015-01-07,139.69000244141,2171551
2015-01-08,140.88999938965,2937674
2015-01-09,138.7200012207,1727049
2015-01-12,137.94999694824,1344803
2015-01-13,136.57000732422,2200910
2015-01-14,134.83999633789,2208252
2015-01-15,134.83999633789,1821110
2015-01-16,135.24000549316,1784806
2015-01-20,134.91000366211,1836793
2015-01-21,134.67999267578,1682887
2015-01-22,136.74000549316,1897527
2015-01-23,137.49000549316,1700402
2015-01-26,138.32000732422,1483318
2015-01-27,136.4700012207,1786867
2015-01-28,135.13999938965,2017027
2015-01-29,136.13000488281,1873432
2015-01-30,138.39999389648,5169025
2015-02-02,141.32000732422,4797524
2015-02-03,148.82000732422,10302858
2015-02-04,150.91999816895,11006320
2015-02-05,149.08999633789,6986697
2015-02-06,148.69999694824,2927362
2015-02-09,147.53999328613,2740244
2015-02-10,148.2200012207,1703408
2015-02-11,147.46000671387,2295846
2015-02-12,147.75999450684,1712183
2015-02-13,147.10000610352,1926835
2015-02-17,147.5299987793,1541495
2015-02-18,147.22999572754,1540979
2015-02-19,146.66000366211,1273712
2015-02-20,147.5299987793,1596460
2015-02-23,148.38999938965,1587309
2015-02-24,148.21000671387,1844184
2015-02-25,147.47999572754,1603820
2015-02-26,146.64999389648,1892566
2015-02-27,146.96000671387,3036187
2015-03-02,147.94000244141,2108588
2015-03-03,147.36999511719,1514346
2015-03-04,147.16999816895,2208591
2015-03-05,151.16999816895,4471066
2015-03-06,149.53999328613,3014895
2015-03-09,150.67999267578,1727892
2015-03-10,148.16000366211,2128136
2015-03-11,147.39999389648,1734275
2015-03-12,149.44000244141,1563991
2015-03-13,149.2799987793,1470086
2015-03-16,149.99000549316,2532741
2015-03-17,150.0299987793,1972534
2015-03-18,150.92999267578,2773388
2015-03-19,151.30999755859,1862908
2015-03-20,152.58999633789,5859312
2015-03-23,152.92999267578,1666316
2015-03-24,153.13999938965,1636999
2015-03-25,151.08999633789,2266792
2015-03-26,150.05999755859,1554789
2015-03-27,150.4700012207,1329918
2015-03-30,152.36999511719,1463754
2015-03-31,151.5,1886112
2015-04-01,150.24000549316,1795025
2015-04-02,151.63000488281,1096109
2015-04-06,152.5,1767562
2015-04-07,151.7799987793,1392314
2015-04-08,152.0,1482950
2015-04-09,148.80999755859,3401763
2015-04-10,149.63000488281,1572920
2015-04-13,149.02000427246,1120171
2015-04-14,149.52000427246,1540864
2015-04-15,149.07000732422,1405557
2015-04-16,147.11000061035,2680610
2015-04-17,144.57000732422,4369326
2015-04-20,146.30999755859,2882070
2015-04-21,147.33999633789,1616723
2015-04-22,146.97999572754,1424247
2015-04-23,147.30000305176,1352575
2015-04-24,148.11999511719,1421088
2015-04-27,146.96000671387,1716996
2015-04-28,146.61000061035,1302052
2015-04-29,144.46000671387,1719013
2015-04-30,143.05000305176,2523216
2015-05-01,145.38999938965,1505446
2015-05-04,145.75,1288750
2015-05-05,144.5,1769579
2015-05-06,144.77000427246,1737330
2015-05-07,144.55999755859,2565148
2015-05-08,145.88000488281,1728677
2015-05-11,144.27000427246,1906719
2015-05-12,144.07000732422,1923886
2015-05-13,143.24000549316,2135920
2015-05-14,142.60000610352,3023665
2015-05-15,144.83000183105,2357005
2015-05-18,145.05999755859,1451924
2015-05-19,144.74000549316,1332707
2015-05-20,143.49000549316,1640883
2015-05-21,143.94000244141,1539527
2015-05-22,143.67999267578,1189460
2015-05-26,143.25,2477397
2015-05-27,145.41999816895,2954072
2015-05-28,144.25999450684,3206152
2015-05-29,142.58999633789,3027050
2015-06-01,142.38999938965,2183416
2015-06-02,141.39999389648,1963529
2015-06-03,142.13000488281,1858446
2015-06-04,140.64999389648,2898607
2015-06-05,138.7799987793,3203240
2015-06-08,138.05000305176,1879735
2015-06-09,138.03999328613,2039068
2015-06-10,139.42999267578,1725642
2015-06-11,139.32000732422,1342315
2015-06-12,138.7799987793,1290728
2015-06-15,137.22999572754,1940600
2015-06-16,137.97999572754,1554245
2015-06-17,138.88000488281,1508101
2015-06-18,140.5,2074140
2015-06-19,140.30000305176,2758196
2015-06-22,140.19000244141,1415697
2015-06-23,139.64999389648,1490375
2015-06-24,138.33999633789,1965857
2015-06-25,137.44999694824,1660924
2015-06-26,138.05999755859,2248898
2015-06-29,135.69000244141,1963180
2015-06-30,135.05999755859,2454294
2015-07-01,136.49000549316,1707275
2015-07-02,136.38999938965,1149212
2015-07-06,135.88000488281,2450379
2015-07-07,140.5,3789987
2015-07-08,139.89999389648,2917687
2015-07-09,139.44999694824,3318747
2015-07-10,142.7200012207,2847058
2015-07-13,144.05999755859,1847844
2015-07-14,143.92999267578,1512809
2015-07-15,143.63000488281,1306690
2015-07-16,144.33000183105,1148062
2015-07-17,144.67999267578,1842128
2015-07-20,145.03999328613,1243630
2015-07-21,144.94000244141,1587849
2015-07-22,146.38000488281,1612043
2015-07-23,145.60000610352,1356889
2015-07-24,144.99000549316,1272667
2015-07-27,144.25,1431288
2015-07-28,144.55000305176,1376487
2015-07-29,145.38000488281,1840544
2015-07-30,145.30000305176,1392698
2015-07-31,145.30000305176,1386789
2015-08-03,145.52000427246,1328134
2015-08-04,144.83999633789,1315321
2015-08-05,146.88999938965,1687866
2015-08-06,146.44000244141,1947982
2015-08-07,145.25999450684,1229423
2015-08-10,146.25,1072609
2015-08-11,145.88999938965,1260686
2015-08-12,146.49000549316,1963803
2015-08-13,145.27000427246,1114191
2015-08-14,146.08999633789,1210404
2015-08-17,146.08999633789,912619
2015-08-18,145.63000488281,1099071
2015-08-19,145.16999816895,1437093
2015-08-20,143.71000671387,1785120
2015-08-21,138.99000549316,3611352
2015-08-24,132.9700012207,5205772
2015-08-25,132.71000671387,4645092
2015-08-26,138.16000366211,3094874
2015-08-27,140.21000671387,2603075
2015-08-28,139.94999694824,1850887
2015-08-31,140.05000305176,3005697
2015-09-01,138.30000305176,2968167
2015-09-02,140.41999816895,1810859
2015-09-03,140.47999572754,1615613
2015-09-04,138.47999572754,2124589
2015-09-08,141.42999267578,1637968
2015-09-09,139.67999267578,1390773
2015-09-10,140.00999450684,1350689
2015-09-11,141.05000305176,1452938
2015-09-14,141.14999389648,1123759
2015-09-15,142.42999267578,1349715
2015-09-16,143.61000061035,1374511
2015-09-17,143.35000610352,1535284
2015-09-18,141.80999755859,2833921
2015-09-21,143.21000671387,1004810
2015-09-22,142.64999389648,1787227
2015-09-23,145.42999267578,2310212
2015-09-24,144.86999511719,1974868
2015-09-25,145.55000305176,1845691
2015-09-28,143.55000305176,2553489
2015-09-29,143.7200012207,2513094
2015-09-30,144.57000732422,2549213
2015-10-01,144.55999755859,2657336
2015-10-02,145.86000061035,2591476
2015-10-05,148.07000732422,2272955
2015-10-06,148.41000366211,2127776
2015-10-07,147.96000671387,2340843
2015-10-08,151.66000366211,2370850
2015-10-09,153.9700012207,3715461
2015-10-12,153.63000488281,1200133
2015-10-13,152.2799987793,1493652
2015-10-14,149.83999633789,3044929
2015-10-15,151.77000427246,1696962
2015-10-16,152.05999755859,1647541
2015-10-19,153.2200012207,1543687
2015-10-20,154.55999755859,1875733
2015-10-21,155.21000671387,1812409
2015-10-22,158.14999389648,2192364
2015-10-23,155.74000549316,2273369
2015-10-26,156.72999572754,2499998
2015-10-27,157.75999450684,1675064
2015-10-28,157.75999450684,1778775
2015-10-29,158.2799987793,1546971
2015-10-30,158.11999511719,2050031
2015-11-02,159.14999389648,1260658
2015-11-03,158.80000305176,1531102
2015-11-04,157.14999389648,1653072
2015-11-05,156.27000427246,2550323
2015-11-06,157.55000305176,1749784
2015-11-09,155.16000366211,2291054
2015-11-10,156.41000366211,1701804
2015-11-11,156.38999938965,1865640
2015-11-12,156.0,1657385
2015-11-13,153.66999816895,2459917
2015-11-16,156.44999694824,1778398
2015-11-17,158.88999938965,2500021
2015-11-18,161.25,2152039
2015-11-19,162.83000183105,2959265
2015-11-20,163.10000610352,2051047
2015-11-23,163.44999694824,1174280
2015-11-24,162.19000244141,2799458
2015-11-25,162.38999938965,1828003
2015-11-27,163.58000183105,866279
2015-11-30,161.41999816895,3063831
2015-12-01,161.28999328613,1939747
2015-12-02,161.08999633789,1585668
2015-12-03,163.66999816895,3439954
2015-12-04,166.80000305176,2578560
2015-12-07,167.11999511719,2791904
2015-12-08,168.86999511719,3158481
2015-12-09,159.7200012207,9527026
2015-12-10,161.86000061035,3653253
2015-12-11,160.02000427246,2511206
2015-12-14,161.83999633789,2434039
2015-12-15,161.28999328613,2378746
2015-12-16,162.75999450684,2196261
2015-12-17,160.67999267578,1704232
2015-12-18,157.69999694824,4295780
2015-12-21,159.38999938965,1453487
2015-12-22,161.22999572754,1742060
2015-12-23,161.71000671387,1580959
2015-12-24,161.75,491044
2015-12-28,161.16000366211,1124723
2015-12-29,162.66000366211,1169600
2015-12-30,162.71000671387,889858
2015-12-31,161.5,1873399
2016-01-04,159.53999328613,2640789
2016-01-05,159.92999267578,2127674
2016-01-06,158.44999694824,2033414
2016-01-07,154.82000732422,3826032
2016-01-08,152.11000061035,3156190
2016-01-11,154.7200012207,2164781
2016-01-12,156.05999755859,2215581
2016-01-13,152.11999511719,2157501
2016-01-14,153.17999267578,2281478
2016-01-15,150.38999938965,2975372
2016-01-19,150.4700012207,2242568
2016-01-20,148.82000732422,3796826
2016-01-21,150.38000488281,2212441
2016-01-22,153.69000244141,2544068
2016-01-25,150.7799987793,1820623
2016-01-26,148.5,2828570
2016-01-27,147.72999572754,2189485
2016-01-28,149.58999633789,2076251
2016-01-29,151.11999511719,3221346
2016-02-01,151.25,2142044
2016-02-02,148.5,1931427
2016-02-03,146.69999694824,2547038
2016-02-04,143.2799987793,5340490
2016-02-05,143.99000549316,4079344
2016-02-08,147.02000427246,3782043
2016-02-09,147.94000244141,3228334
2016-02-10,148.05000305176,2189557
2016-02-11,146.64999389648,2198097
2016-02-12,148.64999389648,1951826
2016-02-16,149.11000061035,2186423
2016-02-17,150.91000366211,2174598
2016-02-18,148.64999389648,2894302
2016-02-19,148.69999694824,2471711
2016-02-22,150.05999755859,2161275
2016-02-23,150.36000061035,1850645
2016-02-24,153.86999511719,2590074
2016-02-25,154.7200012207,1746889
2016-02-26,149.67999267578,3800789
2016-02-27,149.63000488281,0
2016-02-29,150.0299987793,3123546
2016-03-01,150.52000427246,2681404
2016-03-02,152.78999328613,2947574
2016-03-03,151.60000610352,5552633
2016-03-04,150.89999389648,2155572
2016-03-07,148.16999816895,3165743
2016-03-08,150.94999694824,3156267
2016-03-09,153.05000305176,2395294
2016-03-10,152.86999511719,1413364
2016-03-11,152.71000671387,1829936
2016-03-14,152.66999816895,1218407
2016-03-15,154.17999267578,1399036
2016-03-16,154.05999755859,1485483
2016-03-17,153.83999633789,1583525
2016-03-18,153.14999389648,3611696
2016-03-21,153.94000244141,1367376
2016-03-22,152.22999572754,1943110
2016-03-23,153.50999450684,2127269
2016-03-24,151.42999267578,2506494
2016-03-28,152.66999816895,1767422
2016-03-29,155.25999450684,1655948
2016-03-30,157.60000610352,2642666
2016-03-31,157.58000183105,2692398
2016-04-01,158.25,1531803
2016-04-04,157.72999572754,1458737
2016-04-05,155.99000549316,1855613
2016-04-06,156.77000427246,1572623
2016-04-07,152.0299987793,4050063
2016-04-08,151.64999389648,2008484
2016-04-11,149.05000305176,2278997
2016-04-12,150.52000427246,2268547
2016-04-13,151.88000488281,2079230
2016-04-14,151.39999389648,2419999
2016-04-15,153.16999816895,2675923
2016-04-18,153.30000305176,1335762
2016-04-19,153.67999267578,1579018
2016-04-20,152.74000549316,1308764
2016-04-21,151.41999816895,2097632
2016-04-22,149.91999816895,2233857
2016-04-25,151.50999450684,1248994
2016-04-26,152.60000610352,1552867
2016-04-27,151.77000427246,1492820
2016-04-28,151.44000244141,2198415
2016-04-29,148.13000488281,3588825
2016-05-02,150.92999267578,3361454
2016-05-03,151.41000366211,2201284
2016-05-04,151.50999450684,2111578
2016-05-05,147.83999633789,4869255
2016-05-06,146.44000244141,3692230
2016-05-09,148.58999633789,2843904
2016-05-10,149.55999755859,1943901
2016-05-11,147.11999511719,2812658
2016-05-12,146.7200012207,2860594
2016-05-13,144.5,2993616
2016-05-16,145.78999328613,2614957
2016-05-17,143.60000610352,2928857
2016-05-18,141.28999328613,5716998
2016-05-19,142.69999694824,2830546
2016-05-20,142.69000244141,2089035
2016-05-23,142.00999450684,1828386
2016-05-24,142.57000732422,2813053
2016-05-25,144.53999328613,4166923
2016-05-26,149.71000671387,7679440
2016-05-27,149.08000183105,3349772
2016-05-31,148.77000427246,3738873
2016-06-01,152.52000427246,3487293
2016-06-02,151.50999450684,3957636
2016-06-03,151.71000671387,1964223
2016-06-06,152.24000549316,1962091
2016-06-07,152.61999511719,2113045
2016-06-08,153.36999511719,1528305
2016-06-09,154.05000305176,1812097
2016-06-10,154.86999511719,3266487
2016-06-13,154.94999694824,2576602
2016-06-14,155.86999511719,3274725
2016-06-15,154.86000061035,2228482
2016-06-16,156.41999816895,1937877
2016-06-17,155.88999938965,2858208
2016-06-20,156.47999572754,2091170
2016-06-21,157.19999694824,1909688
2016-06-22,158.11999511719,2094764
2016-06-23,157.0299987793,2912400
2016-06-24,155.55999755859,3996146
2016-06-27,154.25999450684,2794208
2016-06-28,155.60000610352,2156326
2016-06-29,157.08000183105,1942864
2016-06-30,157.03999328613,3091123
2016-07-01,156.11000061035,2317430
2016-07-05,155.25,2807408
2016-07-06,156.00999450684,2133816
2016-07-07,163.69999694824,6497912
2016-07-08,165.44000244141,3932031
2016-07-11,166.7200012207,2634273
2016-07-12,166.2799987793,1644614
2016-07-13,166.7799987793,1479772
2016-07-14,166.94000244141,2150083
2016-07-15,166.41000366211,1962460
2016-07-18,167.50999450684,1993806
2016-07-19,168.11999511719,1487776
2016-07-20,168.03999328613,1336877
2016-07-21,167.05000305176,1384561
2016-07-22,167.4700012207,1335064
2016-07-25,167.9700012207,1732226
2016-07-26,167.57000732422,1593919
2016-07-27,166.14999389648,1439996
2016-07-28,166.35000610352,1866549
2016-07-29,167.2200012207,1359664
2016-08-01,167.55999755859,986769
2016-08-02,166.5,2107487
2016-08-03,166.11999511719,1837821
2016-08-04,166.55000305176,1638320
2016-08-05,167.69999694824,1526578
2016-08-08,167.39999389648,1294445
2016-08-09,167.86000061035,1286679
2016-08-10,168.28999328613,1104292
2016-08-11,167.88000488281,1498052
2016-08-12,169.03999328613,1399053
2016-08-15,168.72999572754,918631
2016-08-16,168.41000366211,1022989
2016-08-17,167.96000671387,1382531
2016-08-18,167.75,1353380
2016-08-19,168.02000427246,1764785
2016-08-22,167.94000244141,954979
2016-08-23,167.36000061035,1004399
2016-08-24,167.57000732422,1363847
2016-08-25,164.86000061035,1817656
2016-08-26,163.92999267578,2009899
2016-08-29,163.97999572754,1819224
2016-08-30,161.96000671387,2010862
2016-08-31,162.08999633789,1933921
2016-09-01,156.21000671387,6038471
2016-09-02,157.97999572754,2678993
2016-09-06,158.05999755859,2716916
2016-09-07,155.63999938965,2984148
2016-09-08,153.4700012207,2993129
2016-09-09,150.69999694824,2993874
2016-09-12,151.69000244141,2982397
2016-09-13,150.74000549316,2148605
2016-09-14,150.69000244141,2218020
2016-09-15,152.66999816895,2304866
2016-09-16,152.35000610352,2841961
2016-09-19,151.78999328613,1321281
2016-09-20,152.16999816895,1396739
2016-09-21,152.69999694824,1535134
2016-09-22,153.14999389648,2502180
2016-09-23,152.5299987793,2282062
2016-09-26,151.19000244141,1862192
2016-09-27,150.44999694824,2569036
2016-09-28,149.41000366211,2626347
2016-09-29,147.49000549316,4501330
2016-09-30,152.50999450684,7318123
2016-10-03,151.00999450684,3197870
2016-10-04,150.47999572754,2840515
2016-10-05,149.97999572754,2377677
2016-10-06,149.4700012207,2465730
2016-10-07,149.99000549316,2282456
2016-10-10,150.2799987793,1587748
2016-10-11,151.00999450684,2596769
2016-10-12,150.46000671387,1664505
2016-10-13,150.2200012207,1795261
2016-10-14,150.14999389648,1745010
2016-10-17,148.69999694824,1988411
2016-10-18,149.11000061035,1847783
2016-10-19,149.44999694824,1812698
2016-10-20,150.03999328613,2251749
2016-10-21,148.9700012207,2188029
2016-10-24,152.11999511719,2432848
2016-10-25,150.99000549316,2060648
2016-10-26,150.97999572754,2246137
2016-10-27,150.86000061035,1993467
2016-10-28,149.75999450684,1843867
2016-10-31,147.86999511719,3239395
2016-11-01,146.66000366211,2112003
2016-11-02,146.27000427246,2260450
2016-11-03,144.44999694824,2168211
2016-11-04,142.24000549316,2702134
2016-11-07,143.53999328613,3010110
2016-11-08,146.08999633789,3506032
2016-11-09,146.78999328613,3170343
2016-11-10,146.69999694824,3944245
2016-11-11,149.36000061035,3218641
2016-11-14,152.0,3891171
2016-11-15,151.14999389648,2799914
2016-11-16,152.13999938965,2152344
2016-11-17,151.19999694824,2098730
2016-11-18,150.36000061035,2020489
2016-11-21,151.16999816895,1181701
2016-11-22,152.66999816895,1954907
2016-11-23,151.60000610352,2166990
2016-11-25,151.88000488281,886780
2016-11-28,151.25,1733530
2016-11-29,151.47999572754,1496879
2016-11-30,150.11000061035,2750474
2016-12-01,151.74000549316,2305596
2016-12-02,152.08999633789,1829242
2016-12-05,151.77000427246,2432110
2016-12-06,151.00999450684,2245402
2016-12-07,153.85000610352,2811286
2016-12-08,157.58999633789,5504300
2016-12-09,159.69999694824,2615294
2016-12-12,160.33000183105,2299179
2016-12-13,159.77000427246,3583322
2016-12-14,158.99000549316,2119086
2016-12-15,160.11000061035,1811162
2016-12-16,160.41000366211,3767084
2016-12-19,163.46000671387,3231875
2016-12-20,163.86000061035,2204617
2016-12-21,163.03999328613,1313424
2016-12-22,162.07000732422,1965917
2016-12-23,162.08000183105,1254371
2016-12-27,162.05000305176,1301070
2016-12-28,161.00999450684,1280986
2016-12-29,161.13000488281,858206
2016-12-30,160.11000061035,1472312
2017-01-03,159.72999572754,2099205
2017-01-04,159.75999450684,2163631
2017-01-05,162.91000366211,2880900
2017-01-06,162.83000183105,2167715
2017-01-09,160.9700012207,2318383
2017-01-10,161.66000366211,1477863
2017-01-11,161.53999328613,1378330
2017-01-12,161.86999511719,1297557
2017-01-13,161.86000061035,1250214
2017-01-17,163.80999755859,2430482
2017-01-18,164.27000427246,1834736
2017-01-19,163.69999694824,1980659
2017-01-20,164.24000549316,1897120
2017-01-23,163.00999450684,1421632
2017-01-24,163.66999816895,1347570
2017-01-25,164.13999938965,1299357
2017-01-26,164.07000732422,1180784
2017-01-27,162.05999755859,2341141
2017-01-30,163.25,2149765
2017-01-31,163.94999694824,1796595
2017-02-01,161.86000061035,2219682
2017-02-02,168.14999389648,5816346
2017-02-03,168.32000732422,3227690
2017-02-06,167.0299987793,2172824
2017-02-07,167.52000427246,2732596
2017-02-08,168.41999816895,2089921
2017-02-09,170.96000671387,2606898
2017-02-10,172.0,2070000
2017-02-13,171.96000671387,2272213
2017-02-14,173.63000488281,2245114
2017-02-15,175.0,2346540
2017-02-16,175.75,2206751
2017-02-17,175.86000061035,2425236
2017-02-21,176.94000244141,2317024
2017-02-22,176.50999450684,1815426
2017-02-23,175.85000610352,2600432
2017-02-24,177.55999755859,1684258
2017-02-27,177.61999511719,2340564
2017-02-28,177.17999267578,2992097
2017-03-01,177.86000061035,2352299
2017-03-02,177.97999572754,3190310
2017-03-03,170.25999450684,10399047
2017-03-06,166.72999572754,5793596
2017-03-07,167.0,2811856
2017-03-08,166.24000549316,2375904
2017-03-09,165.77000427246,1993723
2017-03-10,165.36999511719,2164241
2017-03-13,164.55000305176,2127879
2017-03-14,165.24000549316,1974401
2017-03-15,166.53999328613,2079730
2017-03-16,167.05999755859,2726624
2017-03-17,167.80999755859,3975994
2017-03-20,167.44000244141,1603258
2017-03-21,166.7799987793,2241868
2017-03-22,167.67999267578,1534161
2017-03-23,166.89999389648,1430521
2017-03-24,166.02000427246,1410390
2017-03-27,166.14999389648,1212535
2017-03-28,166.77000427246,1446649
2017-03-29,167.42999267578,1216734
2017-03-30,167.88999938965,1034268
2017-03-31,167.69000244141,1720611
2017-04-03,166.69999694824,1547889
2017-04-04,167.25,1322382
2017-04-05,167.0,1715970
2017-04-06,170.02000427246,3313816
2017-04-07,170.61999511719,1510009
2017-04-10,171.2200012207,2002257
2017-04-11,170.63000488281,1191415
2017-04-12,170.16999816895,1422322
2017-04-13,168.83999633789,1422469
2017-04-17,169.69999694824,1504237
2017-04-18,170.13000488281,1542663
2017-04-19,170.05999755859,1441284
2017-04-20,170.14999389648,1933622
2017-04-21,170.77000427246,2257925
2017-04-24,172.33000183105,1906902
2017-04-25,172.67999267578,1503041
2017-04-26,176.80000305176,4591294
2017-04-27,177.44999694824,2148728
2017-04-28,177.52000427246,2364453
2017-05-01,177.86000061035,3327999
2017-05-02,178.58999633789,2505281
2017-05-03,179.82000732422,2900509
2017-05-04,182.44999694824,3762176
2017-05-05,180.19999694824,3713637
2017-05-08,172.63999938965,3537972
2017-05-09,172.67999267578,2662097
2017-05-10,171.35000610352,2554451
2017-05-11,171.25999450684,2106222
2017-05-12,170.88000488281,1586827
2017-05-15,171.57000732422,1734244
2017-05-16,171.0,1129191
2017-05-17,169.14999389648,2202200
2017-05-18,170.7200012207,1589679
2017-05-19,171.63999938965,1871760
2017-05-22,172.39999389648,1594088
2017-05-23,172.4700012207,1788090
2017-05-24,173.00999450684,1426542
2017-05-25,174.72999572754,2726932
2017-05-26,177.86000061035,4471282
2017-05-30,178.91999816895,2086293
2017-05-31,180.42999267578,2456666
2017-06-01,180.63000488281,2028321
2017-06-02,180.9700012207,2239915
2017-06-05,182.08000183105,1561084
2017-06-06,181.44999694824,2248876
2017-06-07,182.19999694824,1246183
2017-06-08,181.41000366211,1823550
2017-06-09,180.38000488281,2167587
2017-06-12,179.63999938965,2395166
2017-06-13,180.50999450684,1745411
2017-06-14,181.66999816895,1440439
2017-06-15,180.05999755859,1754352
2017-06-16,167.11000061035,24232985
2017-06-19,164.33999633789,13809120
2017-06-20,162.89999389648,7337590
2017-06-21,163.14999389648,3421726
2017-06-22,159.78999328613,8043063
2017-06-23,157.13000488281,9506672
2017-06-26,160.19999694824,6473925
2017-06-27,159.25999450684,5533814
2017-06-28,160.16999816895,3234405
2017-06-29,158.67999267578,3664213
2017-06-30,159.92999267578,4755064
2017-07-03,158.82000732422,1995074
2017-07-05,158.02000427246,3770401
2017-07-06,157.08999633789,6963416
2017-07-07,154.11000061035,7688368
2017-07-10,151.0,8999843
2017-07-11,151.11000061035,6275636
2017-07-12,151.75,5112183
2017-07-13,153.60000610352,5673513
2017-07-14,153.0,4368387
2017-07-17,152.83999633789,3096922
2017-07-18,151.5,3256881
2017-07-19,151.24000549316,4099995
2017-07-20,150.99000549316,3207388
2017-07-21,150.44000244141,4078020
2017-07-24,151.0,3655550
2017-07-25,153.16999816895,4605705
2017-07-26,152.08999633789,3017166
2017-07-27,152.52000427246,3637864
2017-07-28,152.88999938965,2779452
2017-07-31,158.50999450684,6937092
2017-08-01,159.7200012207,4787491
2017-08-02,161.2799987793,5486333
2017-08-03,157.91000366211,5562577
2017-08-04,156.44000244141,3117944
2017-08-07,156.94999694824,2629519
2017-08-08,157.75,2569248
2017-08-09,156.86000061035,2157557
2017-08-10,156.63999938965,2764579
2017-08-11,156.64999389648,1886996
2017-08-14,157.91000366211,2028894
2017-08-15,156.88000488281,1869104
2017-08-16,159.75999450684,3381849
2017-08-17,158.57000732422,2649982
2017-08-18,157.08000183105,2747925
2017-08-21,157.07000732422,1857308
2017-08-22,158.69999694824,2204553
2017-08-23,159.36999511719,1731439
2017-08-24,151.33000183105,10301697
2017-08-25,152.44999694824,5703470
2017-08-28,152.55000305176,3776438
2017-08-29,153.55999755859,2446201
2017-08-30,154.44000244141,2493492
2017-08-31,156.74000549316,4567709
2017-09-01,158.24000549316,2833724
2017-09-05,159.13999938965,3414549
2017-09-06,158.86000061035,2873710
2017-09-07,159.2799987793,2479292
2017-09-08,157.30999755859,3364570
2017-09-11,157.36000061035,2442453
2017-09-12,160.03999328613,2988434
2017-09-13,162.99000549316,4202017
2017-09-14,162.36999511719,2493321
2017-09-15,162.30000305176,3757799
2017-09-18,160.91000366211,2047121
2017-09-19,161.55999755859,1790775
2017-09-20,162.85000610352,2432302
2017-09-21,161.47999572754,1738809
2017-09-22,161.28999328613,1535895
2017-09-25,162.33000183105,1799953
2017-09-26,164.07000732422,2370441
2017-09-27,164.41999816895,2053131
2017-09-28,163.89999389648,1730860
2017-09-29,164.28999328613,1852282
2017-10-02,165.88999938965,2267689
2017-10-03,165.08000183105,2839448
2017-10-04,165.21000671387,1918560
2017-10-05,167.07000732422,4715438
2017-10-06,157.08999633789,18001179
2017-10-09,154.61000061035,7028795
2017-10-10,156.86999511719,5420155
2017-10-11,157.86999511719,3859269
2017-10-12,157.2200012207,3596284
2017-10-13,159.85000610352,3634493
2017-10-16,158.80999755859,2454072
2017-10-17,158.38000488281,2426824
2017-10-18,157.55000305176,3011277
2017-10-19,158.46000671387,2981719
2017-10-20,160.77000427246,3993227
2017-10-23,162.03999328613,2811210
2017-10-24,162.28999328613,3040729
2017-10-25,162.17999267578,3604739
2017-10-26,162.46000671387,3038865
2017-10-27,162.38000488281,3400493
2017-10-30,160.22999572754,2551151
2017-10-31,161.08000183105,2513630
2017-11-01,162.69000244141,2129364
2017-11-02,164.94999694824,3255662
2017-11-03,166.44000244141,3112975
2017-11-06,165.05000305176,1917296
2017-11-07,166.2799987793,1944164
2017-11-08,169.05000305176,3494941
2017-11-09,169.11000061035,2094015
2017-11-10,171.36000061035,2673095
2017-11-13,171.46000671387,4093280
2017-11-14,171.44000244141,1774662
2017-11-15,169.0,2439925
2017-11-16,170.97999572754,2342744
2017-11-17,170.97999572754,2100618
2017-11-20,172.2799987793,1955033
2017-11-21,173.41999816895,2360153
2017-11-22,172.47999572754,1950086
2017-11-24,171.61999511719,789620
2017-11-27,172.61000061035,2346837
2017-11-28,173.64999389648,2728382
2017-11-29,177.5299987793,4682987
2017-11-30,184.42999267578,7716593
2017-12-01,185.13000488281,4034387
2017-12-04,189.55999755859,5774191
2017-12-05,187.82000732422,3182807
2017-12-06,187.2200012207,3569152
2017-12-07,186.19999694824,2240848
2017-12-08,188.07000732422,1772511
2017-12-11,188.86000061035,1964094
2017-12-12,188.30000305176,3365734
2017-12-13,188.2799987793,3062856
2017-12-14,186.5299987793,3743192
2017-12-15,192.72999572754,8452891
2017-12-18,192.30999755859,3492340
2017-12-19,188.33000183105,3959865
2017-12-20,187.50999450684,3894399
2017-12-21,186.80000305176,1908149
2017-12-22,186.63000488281,1078310
2017-12-26,186.55000305176,1120442
2017-12-27,186.30000305176,1175219
2017-12-28,186.61999511719,1017572
2017-12-29,186.11999511719,2028358
2018-01-02,188.32000732422,2509344
2018-01-03,190.58000183105,3364378
2018-01-04,189.10000610352,3525786
2018-01-05,187.75,2819026
2018-01-08,188.47999572754,1962275
2018-01-09,186.28999328613,2241908
2018-01-10,185.41999816895,2609522
2018-01-11,189.38000488281,4678618
2018-01-12,191.83999633789,3499538
2018-01-16,191.5299987793,2006574
2018-01-17,192.28999328613,2585195
2018-01-18,191.50999450684,1907960
2018-01-19,192.28999328613,2353839
2018-01-22,194.38000488281,3009122
2018-01-23,193.41999816895,2316444
2018-01-24,194.24000549316,2799224
2018-01-25,197.94999694824,3558701
2018-01-26,198.91000366211,2756240
2018-01-29,198.32000732422,2031082
2018-01-30,197.91000366211,2285040
2018-01-31,194.86999511719,2682299
2018-02-01,193.4700012207,2096563
2018-02-02,190.99000549316,2386573
2018-02-05,182.77000427246,3407221
2018-02-06,185.00999450684,4067910
2018-02-07,183.19000244141,2594822
2018-02-08,178.61000061035,3013199
2018-02-09,180.7200012207,2777218
2018-02-12,181.05999755859,1596154
2018-02-13,184.14999389648,2123884
2018-02-14,187.35000610352,2190997
2018-02-15,191.47999572754,2072861
2018-02-16,191.55999755859,1970118
2018-02-20,188.11999511719,2202139
2018-02-21,185.75,1747191
2018-02-22,186.58999633789,1360115
2018-02-23,189.80999755859,1561698
2018-02-26,192.80999755859,1852410
2018-02-27,190.10000610352,2170354
2018-02-28,190.89999389648,2179803
2018-03-01,189.0299987793,2447672
2018-03-02,189.33000183105,2275923
2018-03-05,191.47999572754,2155785
2018-03-06,191.46000671387,2458710
2018-03-07,187.36000061035,5157114
2018-03-08,185.69000244141,6061513
2018-03-09,188.58000183105,3288116
2018-03-12,189.36999511719,2394059
2018-03-13,187.46000671387,1964324
2018-03-14,184.63000488281,2865997
2018-03-15,185.50999450684,1811346
2018-03-16,185.86999511719,3569415
2018-03-19,184.14999389648,2493194
2018-03-20,187.35000610352,1852528
2018-03-21,186.07000732422,2048277
2018-03-22,182.63999938965,2489798
2018-03-23,180.83999633789,2351798
2018-03-26,187.2200012207,2036617
2018-03-27,183.14999389648,2495310
2018-03-28,183.61000061035,2168656
2018-03-29,188.42999267578,3015962
2018-04-02,182.75,3599186
2018-04-03,182.61000061035,2287002
2018-04-04,185.52000427246,2111406
2018-04-05,186.25,1933629
2018-04-06,183.96000671387,2259047
2018-04-09,184.41000366211,1946009
2018-04-10,183.55000305176,2527526
2018-04-11,184.64999389648,1697263
2018-04-12,188.82000732422,2841623
2018-04-13,188.91000366211,1744406
2018-04-16,194.58000183105,3026826
2018-04-17,196.0,2160451
2018-04-18,196.50999450684,1663116
2018-04-19,195.07000732422,2427563
2018-04-20,193.55999755859,2252819
2018-04-23,193.35000610352,1618030
2018-04-24,192.50999450684,1598903
2018-04-25,193.9700012207,1311650
2018-04-26,195.25999450684,1445836
2018-04-27,196.58000183105,1563272
2018-04-30,197.16000366211,2164979
2018-05-01,196.55000305176,1413235
2018-05-02,194.0,2498065
2018-05-03,193.00999450684,1815453
2018-05-04,195.19000244141,1704452
2018-05-07,193.05999755859,2361852
2018-05-08,194.47999572754,1908637
2018-05-09,196.03999328613,1999075
2018-05-10,195.44999694824,1874181
2018-05-11,195.75999450684,1296311
2018-05-14,195.88000488281,1440877
2018-05-15,195.47999572754,2319581
2018-05-16,198.71000671387,2163192
2018-05-17,199.60000610352,2391034
2018-05-18,198.96000671387,1624611
2018-05-21,199.61999511719,1202798
2018-05-22,198.9700012207,1563655
2018-05-23,198.13999938965,1635092
2018-05-24,198.88999938965,1176296
2018-05-25,198.36000061035,1330952
2018-05-29,196.74000549316,2298069
2018-05-30,199.63999938965,2390862
2018-05-31,198.24000549316,4822787
2018-06-01,197.13000488281,4056435
2018-06-04,198.61999511719,1870566
2018-06-05,197.83999633789,1868462
2018-06-06,197.66000366211,2066880
2018-06-07,202.57000732422,2734952
2018-06-08,203.75999450684,2052538
2018-06-11,204.5,1684839
2018-06-12,204.88000488281,1384769
2018-06-13,204.11000061035,1665822
2018-06-14,205.11999511719,1685010
2018-06-15,207.32000732422,3879641
2018-06-18,206.21000671387,1975036
2018-06-19,207.5299987793,1940614
2018-06-20,207.97999572754,1527724
2018-06-21,209.96000671387,1825824
2018-06-22,211.10000610352,1738640
2018-06-25,211.75,2398551
2018-06-26,210.08999633789,2276654
2018-06-27,210.0299987793,2211658
2018-06-28,208.71000671387,1826827
2018-06-29,208.97999572754,2164570
2018-07-02,207.99000549316,1876070
2018-07-03,207.11999511719,842101
2018-07-05,209.13999938965,1436725
2018-07-06,209.61999511719,1523193
2018-07-09,210.94000244141,1738347
2018-07-10,211.69999694824,1687801
2018-07-11,210.94999694824,1472787
2018-07-12,214.02000427246,2221975
2018-07-13,216.53999328613,1951183
2018-07-16,214.85000610352,2078572
2018-07-17,215.0,2064776
2018-07-18,214.9700012207,1869527
2018-07-19,217.53999328613,2790767
2018-07-20,218.69000244141,1797886
2018-07-23,218.83999633789,1394347
2018-07-24,218.58000183105,1453974
2018-07-25,220.69999694824,1562432
2018-07-26,221.7200012207,1820005
2018-07-27,219.64999389648,1596914
2018-07-30,219.11000061035,1292741
2018-07-31,218.71000671387,1888516
2018-08-01,217.13000488281,1841316
2018-08-02,221.11999511719,1904858
2018-08-03,222.0299987793,1195653
2018-08-06,222.7200012207,1285660
2018-08-07,223.86000061035,1428145
2018-08-08,224.58000183105,2015845
2018-08-09,218.24000549316,3637144
2018-08-10,220.30999755859,2830841
2018-08-13,219.55999755859,1519026
2018-08-14,222.0,1450552
2018-08-15,221.66999816895,1844066
2018-08-16,223.19000244141,1657827
2018-08-17,225.67999267578,1980933
2018-08-20,227.35000610352,1783663
2018-08-21,228.53999328613,2066671
2018-08-22,229.21000671387,1268080
2018-08-23,229.50999450684,1338164
2018-08-24,231.2799987793,1453290
2018-08-27,230.0299987793,1904071
2018-08-28,230.25999450684,1882143
2018-08-29,230.19000244141,1793792
2018-08-30,230.83000183105,1272010
2018-08-31,233.13000488281,1881346
2018-09-04,234.67999267578,1858396
2018-09-05,235.61000061035,2126027
2018-09-06,236.67999267578,1853243
2018-09-07,241.46000671387,2722823
2018-09-10,243.17999267578,2817471
2018-09-11,244.21000671387,2185657
2018-09-12,242.44000244141,1912116
2018-09-13,241.27000427246,2078161
2018-09-14,235.38000488281,3875326
2018-09-17,232.0,2884630
2018-09-18,234.35000610352,2000248
2018-09-19,233.85000610352,1581403
2018-09-20,233.91999816895,1910100
2018-09-21,234.75999450684,3718002
2018-09-24,233.33999633789,1530454
2018-09-25,232.92999267578,1889791
2018-09-26,233.80999755859,2008481
2018-09-27,234.0,1421368
2018-09-28,234.88000488281,1602808
2018-10-01,234.64999389648,1673068
2018-10-02,236.35000610352,1647638
2018-10-03,233.19999694824,2322277
2018-10-04,231.67999267578,2862779
2018-10-05,218.82000732422,7379026
2018-10-08,223.92999267578,3863457
2018-10-09,224.16999816895,2502767
2018-10-10,221.05000305176,3021443
2018-10-11,221.82000732422,3650928
2018-10-12,226.94999694824,3130467
2018-10-15,224.50999450684,2441901
2018-10-16,227.67999267578,2541811
2018-10-17,228.49000549316,2129262
2018-10-18,228.58000183105,2624596
2018-10-19,229.66999816895,2099838
2018-10-22,229.05999755859,2007324
2018-10-23,228.75,2656674
2018-10-24,223.75999450684,3100203
2018-10-25,226.39999389648,2218870
2018-10-26,218.19000244141,3995362
2018-10-29,222.41999816895,3801401
2018-10-30,227.91999816895,2410593
2018-10-31,228.63000488281,2674561
2018-11-01,229.60000610352,2095039
2018-11-02,230.16000366211,2167412
2018-11-05,234.44999694824,2513883
2018-11-06,236.71000671387,2101471
2018-11-07,240.36999511719,2603891
2018-11-08,238.69999694824,2140624
2018-11-09,237.74000549316,2256718
2018-11-12,234.47999572754,2301381
2018-11-13,234.13999938965,1548087
2018-11-14,233.30999755859,1896480
2018-11-15,229.94000244141,2722281
2018-11-16,231.02000427246,2822396
2018-11-19,228.74000549316,1949496
2018-11-20,219.30999755859,3704770
2018-11-21,218.57000732422,2036736
2018-11-23,220.05999755859,1007476
2018-11-26,219.44999694824,2205570
2018-11-27,223.00999450684,2369826
2018-11-28,230.33999633789,2765564
2018-11-29,231.0,1478742
2018-11-30,231.2799987793,2764157
2018-12-03,232.08000183105,2481489
2018-12-04,226.35000610352,3418588
2018-12-06,233.19999694824,4029790
2018-12-07,224.86000061035,2881911
2018-12-10,222.66000366211,2649984
2018-12-11,226.5,2466780
2018-12-12,227.80000305176,2891394
2018-12-13,226.50999450684,2170188
2018-12-14,207.05999755859,8822269
2018-12-17,202.22999572754,4739434
2018-12-18,202.99000549316,3308488
2018-12-19,201.41000366211,3369592
2018-12-20,197.13000488281,4250942
2018-12-21,194.52000427246,5080238
2018-12-24,189.99000549316,2031705
2018-12-26,198.63000488281,3268831
2018-12-27,201.08000183105,2705884
2018-12-28,202.03999328613,2037917
2018-12-31,203.71000671387,1729647
2019-01-02,204.75999450684,2143091
2019-01-03,200.41999816895,2877745
2019-01-04,206.24000549316,2761611
2019-01-07,207.0,2226738
2019-01-08,208.55000305176,2366493
2019-01-09,209.89999389648,1862926
2019-01-10,210.63999938965,2340657
2019-01-11,210.50999450684,1861225
2019-01-14,209.0,1523315
2019-01-15,211.0299987793,1681846
2019-01-16,210.17999267578,1455042
2019-01-17,211.46000671387,1517058
2019-01-18,213.58999633789,2115355
2019-01-22,212.39999389648,3310793
2019-01-23,212.08999633789,2220161
2019-01-24,210.30999755859,1994413
2019-01-25,209.07000732422,2252889
2019-01-28,210.77000427246,1999432
2019-01-29,210.30999755859,1636487
2019-01-30,211.35000610352,1590026
2019-01-31,214.63000488281,4341129
2019-02-01,210.27000427246,3453857
2019-02-04,211.17999267578,1630281
2019-02-05,211.61000061035,2074517
2019-02-06,211.60000610352,1618762
2019-02-07,209.05000305176,2526625
2019-02-08,207.75,2013683
2019-02-11,208.7200012207,2376584
2019-02-12,211.89999389648,2091247
2019-02-13,212.80000305176,1703041
2019-02-14,213.83999633789,1411054
2019-02-15,216.4700012207,2635500
2019-02-19,218.11999511719,1938119
2019-02-20,217.11000061035,1785610
2019-02-21,215.22999572754,1615527
2019-02-22,216.28999328613,1542501
2019-02-25,217.05000305176,1794018
2019-02-26,217.61000061035,1884099
2019-02-27,218.05000305176,1482708
2019-02-28,218.74000549316,2055597
2019-03-01,219.44000244141,2178555
2019-03-04,218.41000366211,2444661
2019-03-05,219.82000732422,2160246
2019-03-06,219.22999572754,1985311
2019-03-07,216.78999328613,3279102
2019-03-08,227.82000732422,6782749
2019-03-11,229.69000244141,3748431
2019-03-12,232.96000671387,2647259
2019-03-13,236.38000488281,2421178
2019-03-14,233.83999633789,2300252
2019-03-15,233.60000610352,5073781
2019-03-18,236.58999633789,1735414
2019-03-19,237.05000305176,1852346
2019-03-20,236.97999572754,1499470
2019-03-21,239.53999328613,1617047
2019-03-22,237.55999755859,1873609
2019-03-25,236.9700012207,1357121
2019-03-26,239.07000732422,1193004
2019-03-27,239.41000366211,1351237
2019-03-28,241.2200012207,1396657
2019-03-29,242.13999938965,1967964
2019-04-01,244.19000244141,1610207
2019-04-02,240.5,1574327
2019-04-03,242.47999572754,1663865
2019-04-04,244.39999389648,1320012
2019-04-05,245.86999511719,1616207
2019-04-08,246.52000427246,1244150
2019-04-09,244.91000366211,1450175
2019-04-10,245.61000061035,1556647
2019-04-11,241.24000549316,2719985
2019-04-12,241.94999694824,2187612
2019-04-15,246.33000183105,1859679
2019-04-16,245.33999633789,1360535
2019-04-17,245.55999755859,1363036
2019-04-18,245.80999755859,1365116
2019-04-22,243.41999816895,1300078
2019-04-23,245.58000183105,1524628
2019-04-24,247.96000671387,1156425
2019-04-25,245.60000610352,1278195
2019-04-26,243.82000732422,1842939
2019-04-29,244.2799987793,1429707
2019-04-30,245.5299987793,1427578
2019-05-01,241.58999633789,1350376
2019-05-02,242.69000244141,1237645
2019-05-03,244.61999511719,905868
2019-05-06,244.22999572754,1195175
2019-05-07,240.17999267578,1775187
2019-05-08,241.33999633789,1611887
2019-05-09,243.4700012207,1919368
2019-05-10,247.02000427246,2036492
2019-05-13,241.91999816895,1962786
2019-05-14,242.72999572754,1635179
2019-05-15,244.66999816895,1194788
2019-05-16,247.44000244141,1801038
2019-05-17,248.35000610352,1672148
2019-05-20,248.89999389648,1600493
2019-05-21,249.92999267578,1504191
2019-05-22,249.50999450684,1242294
2019-05-23,248.5299987793,1822807
2019-05-24,247.30000305176,1340428
2019-05-28,246.30999755859,3164140
2019-05-29,240.69000244141,2594886
2019-05-30,241.53999328613,2030255
2019-05-31,239.58000183105,4058490
2019-06-03,241.07000732422,2512452
2019-06-04,245.61000061035,1761622
2019-06-05,247.96000671387,1825514
2019-06-06,251.21000671387,1487759
2019-06-07,256.01000976562,2270617
2019-06-10,256.85000610352,1839825
2019-06-11,257.10998535156,1613472
2019-06-12,257.23001098633,1071667
2019-06-13,259.70999145508,1228541
2019-06-14,260.14999389648,1288089
2019-06-17,261.42999267578,1192307
2019-06-18,262.73999023438,2763187
2019-06-19,263.66000366211,1628489
2019-06-20,267.35000610352,1745108
2019-06-21,266.13000488281,2964243
2019-06-24,266.76998901367,1586110
2019-06-25,266.35998535156,1182443
2019-06-26,264.41000366211,1334353
2019-06-27,265.57998657227,1122854
2019-06-28,264.26000976562,1952692
2019-07-01,263.54998779297,1960377
2019-07-02,265.4700012207,1201390
2019-07-03,269.14001464844,986472
2019-07-05,268.25,1081451
2019-07-08,269.39999389648,1236007
2019-07-09,269.9700012207,1400472
2019-07-10,271.42001342773,1256976
2019-07-11,276.54000854492,1985628
2019-07-12,279.44000244141,2046480
2019-07-15,280.57998657227,1568031
2019-07-16,280.64999389648,1379215
2019-07-17,281.55999755859,1716730
2019-07-18,282.91000366211,1696366
2019-07-19,281.51000976562,1607618
2019-07-22,280.17001342773,1461682
2019-07-23,280.10000610352,1117826
2019-07-24,280.82998657227,1257368
2019-07-25,279.79998779297,1600168
2019-07-26,281.36999511719,1447719
2019-07-29,280.13000488281,1257360
2019-07-30,279.5,978168
2019-07-31,275.63000488281,1886852
2019-08-01,274.57000732422,2634609
2019-08-02,272.5,1969165
2019-08-05,265.10000610352,3329760
2019-08-06,269.30999755859,2383225
2019-08-07,274.29998779297,3037469
2019-08-08,274.79998779297,2046674
2019-08-09,273.94000244141,1284267
2019-08-12,271.30999755859,1638619
2019-08-13,276.26000976562,1743336
2019-08-14,268.14999389648,2122137
2019-08-15,271.51998901367,1651115
2019-08-16,274.10000610352,1278604
2019-08-19,275.60998535156,1314844
2019-08-20,272.9700012207,1390900
2019-08-21,275.67999267578,1682347
2019-08-22,279.92001342773,2345701
2019-08-23,274.01000976562,1984929
2019-08-26,278.45999145508,1426519
2019-08-27,292.38000488281,5176415
2019-08-28,294.48999023438,5165054
2019-08-29,296.57000732422,2614701
2019-08-30,294.76000976562,1801420
2019-09-03,292.04998779297,1843045
2019-09-04,296.11999511719,1376086
2019-09-05,296.9700012207,1865731
2019-09-06,303.76000976562,3018101
2019-09-09,299.0,3397183
2019-09-10,297.0,2724986
2019-09-11,290.69000244141,4754696
2019-09-12,289.89001464844,2942632
2019-09-13,291.89999389648,2306343
2019-09-16,288.69000244141,1508893
2019-09-17,291.41000366211,1776040
2019-09-18,292.42999267578,1687336
2019-09-19,287.82998657227,3055125
2019-09-20,286.35998535156,3473365
2019-09-23,287.57000732422,2058102
2019-09-24,287.91000366211,2495624
2019-09-25,288.51000976562,1848371
2019-09-26,288.26000976562,1891317
2019-09-27,285.95001220703,1538930
2019-09-30,288.10998535156,2179096
2019-10-01,283.92999267578,2654476
2019-10-02,285.10998535156,2506362
2019-10-03,289.0,3958168
2019-10-04,291.67001342773,4536695
2019-10-07,293.41000366211,2051519
2019-10-08,291.89001464844,2224561
2019-10-09,296.89999389648,2287230
2019-10-10,297.14001464844,1721504
2019-10-11,297.60000610352,1891654
2019-10-14,297.51998901367,1313041
2019-10-15,298.39001464844,1601860
2019-10-16,298.7799987793,1827669
2019-10-17,302.39999389648,1811818
2019-10-18,302.85998535156,1853976
2019-10-21,301.07998657227,1395154
2019-10-22,299.9700012207,1970748
2019-10-23,297.32000732422,1810559
2019-10-24,297.04998779297,2117020
2019-10-25,296.5,1686226
2019-10-28,298.94000244141,1672606
2019-10-29,295.85998535156,1295287
2019-10-30,299.83999633789,1264263
2019-10-31,297.10998535156,2277444
2019-11-01,296.08999633789,1364483
2019-11-04,296.82000732422,1651608
2019-11-05,299.17999267578,2204542
2019-11-06,301.57000732422,1675008
2019-11-07,305.20999145508,2399391
2019-11-08,302.61999511719,1502221
2019-11-11,300.83999633789,1160960
2019-11-12,300.5,1540974
2019-11-13,302.89999389648,1554889
2019-11-14,304.58999633789,1337458
2019-11-15,303.66000366211,1707125
2019-11-18,304.54000854492,1242504
2019-11-19,302.23999023438,1761832
2019-11-20,300.57000732422,1979783
2019-11-21,300.26998901367,1303042
2019-11-22,299.30999755859,1277594
2019-11-25,299.04998779297,1613126
2019-11-26,301.23999023438,3360612
2019-11-27,300.76000976562,1907095
2019-11-29,299.80999755859,981610
2019-12-02,297.39001464844,2706951
2019-12-03,295.67001342773,1962133
2019-12-04,296.51998901367,1742589
2019-12-05,293.10000610352,1941250
2019-12-06,294.94000244141,1462553
2019-12-09,295.16000366211,1986336
2019-12-10,295.7799987793,1566311
2019-12-11,295.29998779297,1752457
2019-12-12,297.33999633789,2754453
2019-12-13,291.86999511719,5204305
2019-12-16,293.5,2410244
2019-12-17,295.54998779297,2474762
2019-12-18,291.86999511719,3311187
2019-12-19,293.70999145508,2595501
2019-12-20,294.82998657227,4866674
2019-12-23,293.30999755859,1309886
2019-12-24,294.23001098633,543581
2019-12-26,295.73001098633,1103034
2019-12-27,294.10998535156,1439479
2019-12-30,295.14001464844,1238990
2019-12-31,293.92001342773,1551191
2020-01-02,291.48999023438,2052922
2020-01-03,291.73001098633,1926624
2020-01-06,291.80999755859,2655433
2020-01-07,291.35000610352,1971494
2020-01-08,294.69000244141,2495438
2020-01-09,299.42001342773,3262225
2020-01-10,297.23999023438,2025220
2020-01-13,299.86999511719,1779744
2020-01-14,299.75,1460562
2020-01-15,300.82000732422,1604433
2020-01-16,303.0299987793,1758762
2020-01-17,304.67999267578,2506588
2020-01-21,313.26000976562,3585918
2020-01-22,311.89001464844,2219022
2020-01-23,312.88000488281,1535973
2020-01-24,310.51000976562,1986279
2020-01-27,309.45001220703,2265350
2020-01-28,310.85000610352,1571672
2020-01-29,309.57998657227,1714823
2020-01-30,309.4700012207,1232855
2020-01-31,305.51998901367,1836994
2020-02-03,302.0,2817541
2020-02-04,304.89999389648,1982323
2020-02-05,308.95001220703,1731802
2020-02-06,310.60998535156,1917896
2020-02-07,313.63000488281,1903467
2020-02-10,313.79000854492,2336523
2020-02-11,310.67999267578,2047510
2020-02-12,315.11999511719,1384611
2020-02-13,318.20001220703,1438248
2020-02-14,318.30999755859,1113716
2020-02-18,322.04998779297,1547929
2020-02-19,323.01998901367,1413768
2020-02-20,324.07998657227,1427524
2020-02-21,321.95001220703,2239230
2020-02-24,313.61999511719,2300379
2020-02-25,304.86999511719,2881835
2020-02-26,305.69000244141,2239556
2020-02-27,293.13000488281,3625276
2020-02-28,281.14001464844,7096587
2020-03-02,309.14001464844,7563779
2020-03-03,302.73001098633,5131419
2020-03-04,320.73999023438,4219326
2020-03-05,315.76000976562,6407662
2020-03-06,311.33999633789,6185520
2020-03-09,301.98001098633,5203087
2020-03-10,309.39999389648,4245488
2020-03-11,297.42999267578,3625906
2020-03-12,279.85000610352,7307637
2020-03-13,302.26998901367,6100115
2020-03-16,283.17999267578,5465540
2020-03-17,306.98999023438,7170645
2020-03-18,307.5,6701800
2020-03-19,305.2200012207,5429502
2020-03-20,290.42001342773,6581183
2020-03-23,285.5299987793,5646352
2020-03-24,284.94000244141,7124190
2020-03-25,280.85998535156,5639577
2020-03-26,292.29998779297,5471961
2020-03-27,284.32998657227,4250350
2020-03-30,291.11999511719,4395977
2020-03-31,285.13000488281,5623886
2020-04-01,286.7799987793,3745783
2020-04-02,291.48001098633,3500595
2020-04-03,288.64999389648,2650063
2020-04-06,305.11999511719,5272534
2020-04-07,303.63000488281,4036513
2020-04-08,305.9700012207,3964434
2020-04-09,300.01000976562,6492651
2020-04-13,299.61999511719,3120354
2020-04-14,314.14001464844,4288349
2020-04-15,310.26998901367,2937330
2020-04-16,321.55999755859,3940021
2020-04-17,317.92001342773,3688002
2020-04-20,312.07998657227,3156287
2020-04-21,301.32998657227,3832994
2020-04-22,309.42001342773,2971194
2020-04-23,305.39999389648,2625238
2020-04-24,310.54998779297,2020576
2020-04-27,308.7799987793,2287280
2020-04-28,304.95001220703,2425940
2020-04-29,307.08999633789,3667703
2020-04-30,303.0,3794292
2020-05-01,301.92001342773,2525566
2020-05-04,304.48999023438,2477537
2020-05-05,307.92001342773,2461329
2020-05-06,308.89001464844,2406651
2020-05-07,305.0,2606254
2020-05-08,305.94000244141,2339313
2020-05-11,310.32998657227,1865889
2020-05-12,304.83999633789,2264914
2020-05-13,302.14001464844,2954935
2020-05-14,299.73999023438,3718907
2020-05-15,299.20999145508,4577214
2020-05-18,302.76000976562,3989551
2020-05-19,304.63000488281,3522987
2020-05-20,304.91000366211,2826982
2020-05-21,301.9700012207,2492065
2020-05-22,302.42999267578,2366382
2020-05-26,304.79998779297,3234571
2020-05-27,306.01000976562,2980169
2020-05-28,309.55999755859,4331638
2020-05-29,308.4700012207,4986799
2020-06-01,308.29000854492,2295127
2020-06-02,307.08999633789,2528938
2020-06-03,306.64001464844,2165864
2020-06-04,310.75,4553928
2020-06-05,312.04000854492,4375602
2020-06-08,307.19000244141,3764466
2020-06-09,305.54998779297,3155845
2020-06-10,307.32998657227,2713706
2020-06-11,300.82998657227,3443012
2020-06-12,298.70001220703,4020006
2020-06-15,297.17999267578,3273164
2020-06-16,301.35998535156,2641785
2020-06-17,299.60998535156,2188401
2020-06-18,299.57000732422,1881774
2020-06-19,299.89999389648,3432670
2020-06-22,300.45001220703,2094436
2020-06-23,301.29000854492,2409639
2020-06-24,298.01998901367,2398089
2020-06-25,300.5299987793,2274283
2020-06-26,296.55999755859,2865999
2020-06-29,301.58999633789,1841733
2020-06-30,303.20999145508,2392034
2020-07-01,304.75,1906372
2020-07-02,305.73999023438,2540480
2020-07-06,311.48999023438,2332442
2020-07-07,316.23001098633,3346634
2020-07-08,316.32000732422,2364495
2020-07-09,325.54000854492,5313636
2020-07-10,326.23001098633,2484088
2020-07-13,322.92001342773,2583423
2020-07-14,328.0,1844806
2020-07-15,326.70001220703,1770661
2020-07-16,326.26998901367,1402091
2020-07-17,324.79000854492,1768460
2020-07-20,326.51000976562,1863548
2020-07-21,327.73999023438,1874532
2020-07-22,328.29998779297,1313011
2020-07-23,326.10998535156,1561673
2020-07-24,325.7799987793,1423600
2020-07-27,327.60000610352,2083279
2020-07-28,327.57000732422,1374015
2020-07-29,326.14001464844,1341333
2020-07-30,324.82000732422,1390255
2020-07-31,325.5299987793,2150823
2020-08-03,329.32000732422,2481263
2020-08-04,339.79000854492,3933264
2020-08-05,339.9700012207,2927467
2020-08-06,343.30999755859,2104513
2020-08-07,340.91000366211,1759041
2020-08-10,340.0,1503771
2020-08-11,332.42999267578,2065571
2020-08-12,336.76000976562,1854172
2020-08-13,335.70001220703,1536633
2020-08-14,336.2799987793,1522984
2020-08-17,339.95999145508,1504934
2020-08-18,340.75,1489444
2020-08-19,340.89999389648,1730080
2020-08-20,340.86999511719,1717482
2020-08-21,344.60998535156,2372580
2020-08-24,344.13000488281,1461915
2020-08-25,344.70999145508,1176166
2020-08-26,344.26998901367,1757268
2020-08-27,346.35998535156,2221007
2020-08-28,348.36999511719,1487324
2020-08-31,347.66000366211,1586941
2020-09-01,351.38000488281,1774856
2020-09-02,358.85998535156,2434933
2020-09-03,348.29998779297,3630441
2020-09-04,346.57000732422,2557093
2020-09-08,338.85998535156,2144332
2020-09-09,346.42999267578,2100864
2020-09-10,339.5299987793,1959599
2020-09-11,339.13000488281,1599904
2020-09-14,342.92001342773,1522316
2020-09-15,343.91000366211,1362499
2020-09-16,343.73001098633,1657876
2020-09-17,338.88000488281,2681457
2020-09-18,335.95999145508,3409322
2020-09-21,339.57000732422,2427359
2020-09-22,344.45001220703,2128063
2020-09-23,344.63000488281,3577124
2020-09-24,347.0,5779283
2020-09-25,342.57998657227,7338492
2020-09-28,349.61999511719,3459192
2020-09-29,352.14001464844,2526612
2020-09-30,355.0,2525800
2020-10-01,358.45999145508,2052988
2020-10-02,355.01000976562,2124977
2020-10-05,358.57998657227,2093540
2020-10-06,358.35000610352,2760443
2020-10-07,363.01998901367,1959147
2020-10-08,365.08999633789,1793133
2020-10-09,369.45999145508,1730688
2020-10-12,376.48001098633,2806875
2020-10-13,380.67999267578,1823278
2020-10-14,378.33999633789,1905710
2020-10-15,376.57998657227,1699338
2020-10-16,381.54000854492,2460490
2020-10-19,375.55999755859,1938064
2020-10-20,378.30999755859,1282650
2020-10-21,377.82000732422,1466495
2020-10-22,375.75,1813550
2020-10-23,374.60000610352,1107978
2020-10-26,370.70999145508,2144995
2020-10-27,372.7200012207,1525684
2020-10-28,364.95999145508,1908295
2020-10-29,364.85998535156,1838468
2020-10-30,357.61999511719,2724917
2020-11-02,364.39001464844,1646349
2020-11-03,371.95999145508,2013103
2020-11-04,376.17001342773,2450234
2020-11-05,385.23001098633,2255767
2020-11-06,385.66000366211,1950329
2020-11-09,365.0,4371322
2020-11-10,366.61999511719,2662644
2020-11-11,372.92001342773,1688755
2020-11-12,375.70999145508,1537419
2020-11-13,378.83999633789,1275252
2020-11-16,379.79000854492,1691460
2020-11-17,381.92001342773,3299130
2020-11-18,382.23001098633,2134609
2020-11-19,383.54000854492,1768904
2020-11-20,381.11999511719,1809463
2020-11-23,381.70999145508,1685136
2020-11-24,384.2200012207,2065672
2020-11-25,387.75,2034236
2020-11-27,388.39001464844,1329425
2020-11-30,391.76998901367,3733758
2020-12-01,387.55999755859,2998441
2020-12-02,383.5,2212845
2020-12-03,374.04998779297,3976442
2020-12-04,373.42999267578,2839727
2020-12-07,373.32998657227,2652928
2020-12-08,377.60000610352,2685523
2020-12-09,374.29000854492,2461551
2020-12-10,372.79000854492,2566344
2020-12-11,375.10000610352,3483947
2020-12-14,374.38000488281,2778433
2020-12-15,371.88000488281,2137136
2020-12-16,369.44000244141,2385081
2020-12-17,370.29000854492,2314176
2020-12-18,367.0,4140033
2020-12-21,364.9700012207,2329659
2020-12-22,362.0299987793,2106626
2020-12-23,361.89001464844,1782110
2020-12-24,364.57998657227,972522
2020-12-28,371.05999755859,3207654
2020-12-29,372.7200012207,2072603
2020-12-30,374.45001220703,1777985
2020-12-31,376.7799987793,1628904
2021-01-04,380.14999389648,3322184
2021-01-05,377.48001098633,2748442
2021-01-06,372.85000610352,2661436
2021-01-07,369.48001098633,2849525
2021-01-08,366.48001098633,2599696
2021-01-11,367.19000244141,2564790
2021-01-12,364.39001464844,2387580
2021-01-13,366.45999145508,1968804
2021-01-14,365.98001098633,2363869
2021-01-15,362.48001098633,2340396
2021-01-19,354.92001342773,4533829
2021-01-20,359.66000366211,2767231
2021-01-21,362.8,10612905
2021-01-22,362.3,5880885
2021-01-25,361.88,10943604
2021-01-26,365.135,3613904
2021-01-27,364.98,3120813
2021-01-28,357.06,4502230
2021-01-29,352.43,5197476
2021-02-01,350.52,7113480
2021-02-02,355.58,9525035
2021-02-03,355.21,7039284
2021-02-04,355.85,10234872
2021-02-05,355.17,4331256
2021-02-08,359.83,7561950
2021-02-09,359.56,8615864
2021-02-10,356.12,8649600
2021-02-11,352.2,6265065
2021-02-12,352.2,2096607
2021-02-16,352.75,1829035
2021-02-17,354.0,2145058
2021-02-18,358.04,1915706
2021-02-19,356.92,1839533
2021-02-22,354.77,2215579
2021-02-23,350.21,3692638
2021-02-24,342.15,3305848
2021-02-25,340.7,3618077
2021-02-26,331.0,13448896
2021-03-01,331.77,9313650
2021-03-02,328.46,13980204
2021-03-03,323.92,12192609
2021-03-04,319.04,16503735
2021-03-05,317.32,24308331
2021-03-08,311.42,19493836
2021-03-09,318.78,21707116
2021-03-10,323.83,18094048
2021-03-11,328.65,13016694
2021-03-12,331.14,9546219
2021-03-15,330.51,9732873
2021-03-16,327.25,9200100
2021-03-17,329.19,8017110
2021-03-18,322.98,8214732
2021-03-19,328.91,14577768
2021-03-22,334.49,12194628
2021-03-23,340.34,10923654
2021-03-24,338.04,9019107
2021-03-25,346.34,12921435
2021-03-26,352.02,9183645
2021-03-29,356.15,9035955
2021-03-30,349.75,7807278
2021-03-31,352.48,8496663
2021-04-01,354.94,8815821
2021-04-05,354.94,2705656
2021-04-06,360.82,2142011
2021-04-07,360.12,1808369
2021-04-08,358.81,2839157
2021-04-09,361.22,1610750
2021-04-12,363.21,1836606
2021-04-13,364.81,1796367
2021-04-14,363.17,3018816
2021-04-15,368.8,3700664
2021-04-16,368.8,2249168
2021-04-19,369.55,3120004
2021-04-20,369.55,2330659
2021-04-21,371.73,1532098
2021-04-22,371.26,8552012
2021-04-23,373.28,5619716
2021-04-26,368.52,8238948
2021-04-27,370.21,7503484
2021-04-28,369.59,5222408
2021-04-29,373.54,1848301
2021-04-30,372.09,2118990
2021-05-03,379.32,2685849
2021-05-04,375.29,2133796
2021-05-05,372.5,1905324
2021-05-06,382.76,2641378
2021-05-07,384.32,1817365
2021-05-10,381.48,1998663
2021-05-11,378.18,1859681
2021-05-12,372.2,2344572
2021-05-13,379.53,2023855
2021-05-14,384.42,1876138
2021-05-17,383.96,1830769
2021-05-18,382.81,1698198
2021-05-19,379.66,1725320
2021-05-20,383.58,1427343
2021-05-21,380.72,1706560
2021-05-24,383.45,1657024
2021-05-25,385.38,1379749
2021-05-26,385.62,1647955
2021-05-27,387.5,4452001
2021-05-28,378.27,4682400
2021-06-01,378.23,2117770
2021-06-02,380.59,1881042
2021-06-03,383.87,1780524
2021-06-04,387.52,1765934
2021-06-07,380.4,2515804
2021-06-08,379.7,1554048
2021-06-09,379.96,1399154
2021-06-10,383.01,1404154
2021-06-11,381.83,1404299
2021-06-14,383.76,1652625
2021-06-15,383.91,1252017
2021-06-16,379.41,1801720
2021-06-17,384.75,1686533
2021-06-18,380.88,3415714
2021-06-21,386.8,1631569
2021-06-22,392.18,1934772
2021-06-23,391.97,1538035
2021-06-24,392.07,1487380
2021-06-25,394.51,2056384
2021-06-28,396.54,1645500
2021-06-29,398.79,1523560
2021-06-30,395.67,2031670
2021-07-01,394.53,1523396
2021-07-02,398.94,1677408
2021-07-06,398.86,2113374
2021-07-07,404.68,2308605
2021-07-08,407.15,2235549
2021-07-09,412.37,2304223
2021-07-12,407.88,2491334
2021-07-13,407.06,1540373
2021-07-14,409.95,1265817
2021-07-15,411.82,1894087
2021-07-16,410.37,1414087
2021-07-19,414.15,2293142
2021-07-20,416.24,2045376
2021-07-21,415.01,1480316
2021-07-22,417.54,1339236
2021-07-23,423.43,1344487
2021-07-26,423.23,1220157
2021-07-27,424.34,1666513
2021-07-28,422.22,1362771
2021-07-29,424.18,1434216
2021-07-30,429.72,2284040
2021-08-02,428.92,1367176
2021-08-03,435.07,1448146
2021-08-04,435.04,1280471
2021-08-05,443.19,1742634
2021-08-06,439.63,1789843
2021-08-09,440.47,1472778
2021-08-10,443.03,1893669
2021-08-11,444.3,2267691
2021-08-12,445.36,1230906
2021-08-13,447.82,1309261
2021-08-16,452.86,1515994
2021-08-17,452.34,1936682
2021-08-18,446.21,2030106
2021-08-19,454.26,1953733
2021-08-20,458.99,1911198
2021-08-23,454.93,1835928
2021-08-24,451.79,1541681
2021-08-25,451.23,1520567
2021-08-26,449.31,1418645
2021-08-27,450.34,1310420
2021-08-30,455.93,1220030
2021-08-31,455.49,1699018
2021-09-01,456.52,1325361
2021-09-02,460.97,1455945
2021-09-03,462.55,1303809
2021-09-07,459.6,1463507
2021-09-08,465.7,1372045
2021-09-09,465.94,1398718
2021-09-10,465.16,1324815
2021-09-13,459.66,1679467
2021-09-14,458.41,1383887
2021-09-15,460.73,1770339
2021-09-16,463.31,1577709
2021-09-17,459.51,3411408
2021-09-20,451.14,2602049
2021-09-21,452.11,1531266
2021-09-22,452.33,1380811
2021-09-23,452.78,2061230
2021-09-24,467.75,3353758
2021-09-27,460.56,2526024
2021-09-28,447.35,2632660
2021-09-29,451.79,1921956
2021-09-30,449.35,1837244
2021-10-01,448.33,1860677
2021-10-04,440.14,2263953
2021-10-05,446.24,1808749
2021-10-06,449.34,1334571
2021-10-07,452.87,1966239
2021-10-08,451.85,1545827
2021-10-11,449.7,1011739
2021-10-12,446.87,1380868
2021-10-13,445.3,1622100
2021-10-14,450.66,1481358
2021-10-15,452.39,1494790
2021-10-18,461.95,2141552
2021-10-19,467.08,1365302
2021-10-20,469.77,1353062
2021-10-21,477.23,1423275
2021-10-22,481.99,1710335
2021-10-25,490.1,1903424
2021-10-26,485.53,2378585
2021-10-27,489.11,1741794
2021-10-28,490.53,1362377
2021-10-29,491.54,2471597
2021-11-01,491.87,1548739
2021-11-02,496.99,2012216
2021-11-03,502.33,1856258
2021-11-04,515.62,2615013
2021-11-05,513.12,2071735
2021-11-08,503.81,2834829
2021-11-09,508.71,1881803
2021-11-10,505.51,1226628
2021-11-11,512.18,1227331
2021-11-12,517.17,1780234
2021-11-15,519.89,1392349
2021-11-16,526.72,1690708
2021-11-17,526.29,1609406
2021-11-18,529.37,1664995
2021-11-19,533.79,1913681
2021-11-22,539.65,2192217
2021-11-23,545.26,2147338
2021-11-24,549.73,2316441
2021-11-26,546.13,1844761
2021-11-29,554.88,2919138
2021-11-30,539.38,4244205
2021-12-01,529.84,2882122
2021-12-02,525.51,3277509
2021-12-03,528.93,2984376
2021-12-06,533.2,2432878
2021-12-07,542.02,2579798
2021-12-08,530.11,3037531
2021-12-09,524.33,3200453
2021-12-10,558.82,6333637
2021-12-13,557.22,3415151
2021-12-14,545.34,3494356
2021-12-15,565.48,2937123
2021-12-16,552.63,2683030
2021-12-17,547.61,5756845
2021-12-20,548.56,2033574
2021-12-21,545.43,2472780
2021-12-22,549.67,1454497
2021-12-23,550.37,1758107
2021-12-27,563.47,2263508
2021-12-28,564.64,1157520
2021-12-29,567.77,1753038
2021-12-30,563.91,1338748
2021-12-31,567.7,1509196
2022-01-03,566.71,2715113
2022-01-04,564.23,2097484
2022-01-05,549.92,2887485
2022-01-06,549.8,2503087
2022-01-07,536.18,2323920
2022-01-10,518.8,4916769
2022-01-11,522.03,2457299
2022-01-12,525.8,1729540
2022-01-13,516.88,2428072
2022-01-14,502.99,3872496
2022-01-18,488.07,3803545
2022-01-19,490.16,2709384
2022-01-20,482.82,2893721
2022-01-21,481.61,3295582
2022-01-24,488.9,4423868
2022-01-25,477.32,3076814
2022-01-26,483.47,3074881
2022-01-27,482.52,2374116
2022-01-28,492.43,1918479
2022-01-31,505.13,2480656
2022-02-01,508.41,2347161
2022-02-02,522.02,2547552
2022-02-03,521.77,2665116
2022-02-04,519.77,2387434
2022-02-07,515.89,1863560
2022-02-08,521.15,1461959
2022-02-09,528.83,2256668
2022-02-10,518.48,2558857
2022-02-11,509.67,2349695
2022-02-14,506.56,1749565
2022-02-15,513.92,1984779
2022-02-16,512.4,1770754
2022-02-17,515.01,2022828
2022-02-18,512.67,2154742
2022-02-22,502.18,2451796
2022-02-23,495.26,2021429
2022-02-24,505.58,2859804
2022-02-25,517.49,2002964
2022-02-28,519.25,2408949
2022-03-01,522.93,2316018
2022-03-02,528.0,2571468
2022-03-03,533.05,3851836
2022-03-04,525.5,4418923
2022-03-07,528.52,3896920
2022-03-08,523.36,3649663
2022-03-09,527.65,2789706
2022-03-10,532.72,1777660
2022-03-11,527.42,1735112
2022-03-14,525.95,1950008
2022-03-15,542.32,2547887
2022-03-16,543.39,3017225
2022-03-17,552.79,1974206
2022-03-18,561.35,3597825
2022-03-21,555.53,3136860
2022-03-22,559.42,1777494
2022-03-23,554.02,1546756
2022-03-24,558.11,1614151
2022-03-25,555.71,1975990
2022-03-28,565.21,2056125
2022-03-29,569.98,2005367
2022-03-30,576.47,2086497
2022-03-31,575.85,3439768
2022-04-01,575.57,1933507
2022-04-04,575.13,2202421
2022-04-05,575.32,1826816
2022-04-06,584.79,2646237
2022-04-07,608.05,4804249
2022-04-08,600.04,3230210
2022-04-11,584.67,2792714
2022-04-12,581.36,2141958
2022-04-13,591.09,2211841
2022-04-14,590.39,2206167
2022-04-18,582.12,2161925
2022-04-19,594.3,2327834
2022-04-20,603.53,1793337
2022-04-21,591.74,2027947
2022-04-22,571.7,2878169
2022-04-25,568.21,3154501
2022-04-26,553.76,2057352
2022-04-27,554.08,2261581
2022-04-28,562.0,2118683
2022-04-29,531.72,2968024
2022-05-02,528.95,3303362
2022-05-03,528.08,2398040
2022-05-04,544.43,2465206
2022-05-05,517.32,3977041
2022-05-06,503.36,3560758
2022-05-09,498.83,3292742
2022-05-10,501.46,2729398
2022-05-11,489.08,2782894
2022-05-12,486.18,2829489
2022-05-13,497.27,2338637
2022-05-16,494.53,1579715
2022-05-17,490.47,2602815
2022-05-18,429.4,9511603
2022-05-19,422.93,5839640
2022-05-20,416.43,5115014
2022-05-23,429.48,3687167
2022-05-24,437.71,3473424
2022-05-25,440.11,3225105
2022-05-26,464.99,5917606
2022-05-27,470.76,5719609
2022-05-31,466.22,4424541
2022-06-01,456.99,2319395
2022-06-02,487.61,4950575
2022-06-03,476.25,2857437
2022-06-06,472.47,2297043
2022-06-07,471.78,2435455
2022-06-08,467.99,1697022
2022-06-09,472.05,3087499
2022-06-10,463.31,2551932
2022-06-13,452.25,3113404
2022-06-14,454.8,2224642
2022-06-15,458.79,2250190
2022-06-16,451.76,2906555
2022-06-17,446.69,3623435
2022-06-21,463.11,2420616
2022-06-22,459.96,1827536
2022-06-23,475.0,2030070
2022-06-24,484.37,2862608
2022-06-27,481.75,2034692
2022-06-28,468.61,1761731
2022-06-29,469.84,1275598
2022-06-30,479.28,3852375
2022-07-01,485.76,2660404
2022-07-05,488.26,2490345
2022-07-06,492.65,2262272
2022-07-07,494.95,2125209
2022-07-08,501.54,2607818
2022-07-11,498.9,1891484
2022-07-12,490.57,1775346
2022-07-13,492.22,2008384
2022-07-14,511.94,3715592
2022-07-15,522.95,4265057
2022-07-18,516.3,2464070
2022-07-19,520.23,2391003
2022-07-20,524.2,1740735
2022-07-21,529.46,1716080
2022-07-22,529.72,1800760
2022-07-25,529.14,1452731
2022-07-26,511.93,3334847
2022-07-27,522.31,2060140
2022-07-28,536.18,2083253
2022-07-29,541.3,2131516
2022-08-01,546.81,2256005
2022-08-02,543.46,1984204
2022-08-03,547.01,1693324
2022-08-04,543.28,2000678
2022-08-05,540.67,1711488
2022-08-08,541.9,1345699
2022-08-09,535.82,1877305
2022-08-10,539.82,2336567
2022-08-11,532.2,2340166
2022-08-12,537.21,1918238
2022-08-15,545.75,1847952
2022-08-16,553.02,2497958
2022-08-17,556.32,1835240
2022-08-18,560.96,1619184
2022-08-19,554.53,1616955
2022-08-22,545.47,1860941
2022-08-23,542.07,1358979
2022-08-24,543.22,1145789
2022-08-25,550.77,1483254
2022-08-26,531.82,1886777
2022-08-29,531.06,1579865
2022-08-30,524.14,1872679
2022-08-31,522.1,2179809
2022-09-01,529.17,2280642
2022-09-02,519.11,1901738
2022-09-06,517.45,1933504
2022-09-07,529.64,1827910
2022-09-08,529.09,1600759
2022-09-09,535.1,1931148
2022-09-12,539.52,1522447
2022-09-13,510.3,2881436
2022-09-14,511.33,2007258
2022-09-15,503.5,1749609
2022-09-16,504.14,3004815
2022-09-19,506.57,1441346
2022-09-20,499.3,1843072
2022-09-21,493.07,2082552
2022-09-22,486.34,3133113
2022-09-23,473.2,5377805
2022-09-26,479.765,4001938
2022-09-27,484.36,2412425
2022-09-28,484.0,2419497
2022-09-29,478.98,1963927
2022-09-30,472.27,2436707
2022-10-03,473.21,2338532
2022-10-04,484.65,2175570
2022-10-05,476.42,1587657
2022-10-06,489.87,2430699
2022-10-07,473.95,2568079
2022-10-10,464.5,1616272
2022-10-11,472.02,2341373
2022-10-12,466.38,2043932
2022-10-13,467.99,3390881
2022-10-14,454.65,2304733
2022-10-17,464.79,2097535
2022-10-18,473.27,1863980
2022-10-19,471.43,1207647
2022-10-20,464.62,1709509
2022-10-21,468.37,2508437
2022-10-24,496.97,2366235
2022-10-25,497.68,2130859
2022-10-26,499.45,2089915
2022-10-27,496.54,1576567
2022-10-28,510.87,2369348
2022-10-31,501.5,2192211
2022-11-01,499.96,1586311
2022-11-02,483.51,2467966
2022-11-03,486.29,2010383
2022-11-04,486.41,1987258
2022-11-07,488.55,2036031
2022-11-08,492.76,1709907
2022-11-09,489.97,1640520
2022-11-10,513.13,3098317
2022-11-11,515.47,2393502
2022-11-14,509.68,1820240
2022-11-15,526.47,2502189
2022-11-16,524.34,1833590
2022-11-17,521.32,1903715
2022-11-18,523.67,1584684
2022-11-21,523.37,1268524
2022-11-22,531.95,1809067
2022-11-23,534.76,1288249
2022-11-25,533.66,744222
2022-11-28,530.92,1684701
2022-11-29,528.96,1685739
2022-11-30,539.25,3601779
2022-12-01,503.86,6970367
2022-12-02,494.48,3632096
2022-12-05,488.66,2455346
2022-12-06,481.09,2995894
2022-12-07,481.97,2072597
2022-12-08,481.42,2901019
2022-12-09,483.02,4211132
2022-12-12,487.68,2276351
2022-12-13,488.2,2626732
2022-12-14,483.52,2145018
2022-12-15,463.91,3439381
2022-12-16,461.45,4909204
2022-12-19,458.63,1939248
2022-12-20,457.82,1993675
2022-12-21,462.06,1462351
2022-12-22,458.71,1907717
2022-12-23,462.65,1229523
2022-12-27,458.5,1230839
2022-12-28,452.99,1324141
2022-12-29,456.53,1464967
2022-12-30,456.5,1803243
2023-01-03,453.28,1978075
2023-01-04,456.56,2097322
2023-01-05,450.19,2169298
2023-01-06,482.87,5174491
2023-01-09,478.75,2384764
2023-01-10,481.4,1649860
2023-01-11,484.31,1576394
2023-01-12,482.43,1628205
2023-01-13,485.25,1405912
2023-01-17,486.77,1539915
2023-01-18,479.47,1925470
2023-01-19,469.49,1919451
2023-01-20,480.11,2588637
2023-01-23,492.61,2709439
2023-01-24,492.11,1510226
2023-01-25,490.88,1329768
2023-01-26,498.3,1576405
2023-01-27,503.29,2034069
2023-01-30,503.28,1855941
2023-01-31,511.14,1924081
2023-02-01,517.91,2080208
2023-02-02,523.43,2287366
2023-02-03,514.8,1844148
2023-02-06,515.59,1740105
2023-02-07,516.53,1927275
2023-02-08,503.81,2062928
2023-02-09,500.63,1517341
2023-02-10,499.99,1536847
2023-02-13,506.45,1452837
2023-02-14,503.22,1257327
2023-02-15,511.28,1423417
2023-02-16,504.1,1455951
2023-02-17,507.48,1340437
2023-02-21,501.74,1811982
2023-02-22,497.39,1331969
2023-02-23,493.14,1546431
2023-02-24,488.61,1587611
2023-02-27,487.03,1501749
2023-02-28,484.18,1918221
2023-03-01,478.67,1759327
2023-03-02,485.69,2407400
2023-03-03,475.26,5354214
2023-03-06,483.08,3104742
2023-03-07,485.15,2659077
2023-03-08,486.04,1548504
2023-03-09,479.52,1629402
2023-03-10,471.14,2123002
2023-03-13,472.0,1799597
2023-03-14,481.92,2422900
2023-03-15,485.66,2226309
2023-03-16,487.26,1980652
2023-03-17,487.05,3959291
2023-03-20,489.29,1624017
2023-03-21,490.85,1663959
2023-03-22,487.52,1299654
2023-03-23,487.76,1566000
2023-03-24,495.27,1636784
2023-03-27,493.22,1452077
2023-03-28,486.77,1407839
2023-03-29,490.87,1642982
2023-03-30,491.48,1545533
2023-03-31,496.87,2082044
2023-04-03,497.03,1804653
2023-04-04,497.73,1913281
2023-04-05,497.13,1941503
2023-04-06,485.98,4114702
2023-04-10,493.83,1653593
2023-04-11,498.65,1547381
2023-04-12,489.35,2063696
2023-04-13,497.89,1600513
2023-04-14,491.3,1675297
2023-04-17,493.94,1411760
2023-04-18,496.9,1339585
2023-04-19,496.03,1098758
2023-04-20,505.58,2936493
2023-04-21,506.35,1508643
2023-04-24,511.42,1374117
2023-04-25,503.17,1789883
2023-04-26,494.66,1441855
2023-04-27,501.27,1361583
2023-04-28,503.22,1170249
2023-05-01,493.59,2203182
2023-05-02,494.81,1940805
2023-05-03,490.06,1426432
2023-05-04,490.34,1487048
2023-05-05,499.06,1709239
2023-05-08,499.06,1015210
2023-05-09,500.79,1571815
2023-05-10,499.66,1257622
2023-05-11,501.89,1046730
2023-05-12,504.07,1472794
2023-05-15,502.04,1135682
2023-05-16,496.15,1230357
2023-05-17,495.0,2069473
2023-05-18,498.1,2298859
2023-05-19,496.52,1635036
2023-05-22,491.87,1943758
2023-05-23,484.87,1800161
2023-05-24,482.76,1600596
2023-05-25,486.55,3421937
2023-05-26,507.26,5302638
2023-05-30,508.03,2544804
2023-05-31,511.56,3320765
2023-06-01,512.6,2407734
2023-06-02,512.59,2284798
2023-06-05,518.25,2023528
2023-06-06,516.26,1410270
2023-06-07,511.23,1784661
2023-06-08,520.09,1530979
2023-06-09,517.28,1287649
2023-06-12,520.97,1405065
2023-06-13,522.02,1204672
2023-06-14,527.2,1841361
2023-06-15,529.18,1871610
2023-06-16,523.65,3147777
2023-06-20,519.7,1684741
2023-06-21,519.62,1273579
2023-06-22,524.2,1114175
2023-06-23,524.44,1434348
2023-06-26,523.42,1278456
2023-06-27,530.33,1673558
2023-06-28,532.8,1245157
2023-06-29,531.69,1121756
2023-06-30,538.38,2222116
2023-07-03,541.04,951399
2023-07-05,541.13,1632415
2023-07-06,537.37,1752931
2023-07-07,525.05,2740555
2023-07-10,527.01,1955628
2023-07-11,529.64,1262318
2023-07-12,538.0,1960548
2023-07-13,538.45,1647200
2023-07-14,546.7,1828704
2023-07-17,552.96,1910253
2023-07-18,553.59,1779168
2023-07-19,554.11,1261093
2023-07-20,556.96,1732780
2023-07-21,557.86,5264337
2023-07-24,563.93,2087252
2023-07-25,565.19,1602739
2023-07-26,566.17,1306402
2023-07-27,561.83,1485269
2023-07-28,563.32,1371583
2023-07-31,560.67,1366148
2023-08-01,555.47,1446026
2023-08-02,552.35,1636012
2023-08-03,557.69,1464010
2023-08-04,552.04,1141952
2023-08-07,558.41,1015378
2023-08-08,556.12,1020524
2023-08-09,559.7,1471780
2023-08-10,561.49,1107233
2023-08-11,562.96,1043176
2023-08-14,561.47,1247567
2023-08-15,558.51,1124458
2023-08-16,559.05,1340290
2023-08-17,547.11,1941923
2023-08-18,544.94,1878090
2023-08-21,543.21,2076349
2023-08-22,538.37,1286150
2023-08-23,540.86,1295812
2023-08-24,531.71,1587505
2023-08-25,534.01,1511474
2023-08-28,536.19,945776
2023-08-29,542.77,1468521
2023-08-30,542.26,1292815
2023-08-31,549.28,2086507
2023-09-01,544.25,1437729
2023-09-05,544.73,1714296
2023-09-06,546.69,1476602
2023-09-07,548.62,1340191
2023-09-08,551.19,1077496
2023-09-11,558.78,1388639
2023-09-12,558.79,1055620
2023-09-13,559.76,1162710
2023-09-14,564.77,1257325
2023-09-15,556.36,2945317
2023-09-18,562.72,1003221
2023-09-19,564.35,1145422
2023-09-20,563.83,1312150
2023-09-21,555.08,1688396
2023-09-22,558.59,1527941
2023-09-25,558.62,1313326
2023-09-26,552.96,2425106
2023-09-27,563.53,4591429
2023-09-28,568.63,2192427
2023-09-29,564.96,1887507
2023-10-02,571.31,1831713
2023-10-03,565.04,2007373
2023-10-04,568.535,1798756
2023-10-05,569.52,1579732
2023-10-06,557.53,4246692
2023-10-09,558.97,1781511
2023-10-10,562.09,2176975
2023-10-11,565.52,1449996
2023-10-12,563.78,1457979
2023-10-13,566.84,1244163
2023-10-16,572.24,1428517
2023-10-17,574.34,1404801
2023-10-18,574.64,1311893
2023-10-19,565.63,2019564
2023-10-20,552.93,2295445
2023-10-23,552.29,1776509
2023-10-24,551.84,1678622
2023-10-25,549.99,1757470
2023-10-26,547.6,1925263
2023-10-27,543.03,1503322
2023-10-30,554.88,1696182
2023-10-31,552.44,1394661
2023-11-01,556.8,1735315
2023-11-02,555.97,2100573
2023-11-03,560.9,1826753
2023-11-06,569.82,2056898
2023-11-07,571.27,1373229
2023-11-08,567.38,1343554
2023-11-09,563.27,1288443
2023-11-10,577.12,1909263
2023-11-13,578.23,1650942
2023-11-14,590.8,2037639
2023-11-15,596.78,2165104
2023-11-16,578.58,2954653
2023-11-17,577.15,1774272
2023-11-20,580.8,1624460
2023-11-21,584.3,1173710
2023-11-22,589.08,1068932
2023-11-24,591.36,645766
2023-11-27,594.9,1627378
2023-11-28,594.0,1286847
2023-11-29,587.86,1319844
2023-11-30,592.74,1755214
2023-12-01,596.25,1475343
2023-12-04,599.08,1624045
2023-12-05,605.35,2349732
2023-12-06,607.43,2234139
2023-12-07,610.95,1690366
2023-12-08,610.78,1502329
2023-12-11,623.86,2139261
2023-12-12,629.5,2374394
2023-12-13,642.0,2436857
2023-12-14,630.78,3839180
2023-12-15,658.82,8807735
2023-12-18,681.24,5733447
2023-12-19,677.74,3437331
2023-12-20,661.0,3782659
2023-12-21,665.16,2388448
2023-12-22,671.6,1641675
2023-12-26,674.62,1774769
2023-12-27,666.8,1875928
2023-12-28,663.1,1496929
2023-12-29,660.08,3895032
2024-01-02,650.65,2657689
2024-01-03,644.69,2612563
2024-01-04,648.35,2171077
2024-01-05,656.01,2233451
2024-01-08,661.69,2245294
2024-01-09,667.18,1886171
2024-01-10,672.76,1801881
2024-01-11,673.58,1670780
2024-01-12,683.24,2388399
2024-01-16,681.49,1626699
2024-01-17,684.19,1786799
2024-01-18,687.31,1900615
2024-01-19,694.97,2267866
2024-01-22,692.51,2452868
2024-01-23,687.59,2208580
2024-01-24,686.51,1946549
2024-01-25,679.9,2751888
2024-01-26,686.88,1825517
2024-01-29,694.01,2215436
2024-01-30,700.74,3220964
2024-01-31,694.88,1928495
2024-02-01,704.48,2039177
2024-02-02,709.48,2377629
2024-02-05,711.16,2276889
2024-02-06,710.79,1920162
2024-02-07,719.78,2145467
2024-02-08,724.16,1918506
2024-02-09,723.4,1426119
2024-02-12,722.41,1572611
2024-02-13,714.25,1951080
2024-02-14,722.18,1472519
2024-02-15,724.51,1264141
2024-02-16,723.99,1764947
2024-02-20,725.69,2407333
2024-02-21,723.02,1565913
2024-02-22,734.4,1801596
2024-02-23,737.93,1265759
2024-02-26,745.35,1707046
2024-02-27,744.71,1471310
2024-02-28,747.96,1364965
2024-02-29,743.89,3361185
2024-03-01,749.44,1678119
2024-03-04,759.18,2133354
2024-03-05,759.95,2353351
2024-03-06,773.24,2400644
2024-03-07,785.59,4187879
2024-03-08,725.56,8590163
2024-03-11,714.08,3762489
2024-03-12,736.88,3727425
2024-03-13,734.2,2270262
2024-03-14,731.95,1826066
2024-03-15,725.63,3390743
2024-03-18,731.54,1595245
2024-03-19,732.17,1322684
2024-03-20,740.72,1398710
2024-03-21,742.56,2106857
2024-03-22,734.8,1794078
2024-03-25,730.96,1604668
2024-03-26,730.98,1353548
2024-03-27,732.08,1246672
2024-03-28,732.63,1713268
2024-04-01,721.24,1600705
2024-04-02,711.3,2326670
2024-04-03,705.69,3205499
2024-04-04,704.88,2252433
2024-04-05,715.1744,1552889
2024-04-08,711.81,1459032
2024-04-09,718.59,1388289
2024-04-10,722.58,1832047
2024-04-11,732.35,2107799
2024-04-12,731.31,1481799
2024-04-15,718.28,1808014
2024-04-16,715.97,1412304
2024-04-17,715.19,1376665
2024-04-18,711.25,1846393
2024-04-19,709.51,2190356
2024-04-22,715.46,1437110
2024-04-23,722.68,1176191
2024-04-24,723.89,1206638
2024-04-25,721.86,1613597
2024-04-26,729.18,1524431
2024-04-29,726.33,1526906
2024-04-30,722.9,1734764
2024-05-01,722.22,1609060
2024-05-02,732.44,1826910
2024-05-03,743.9,2323300
2024-05-06,756.45,1773298
2024-05-07,771.31,1897769
2024-05-08,763.41,1511930
2024-05-09,779.04,1716249
2024-05-10,787.19,1652658
2024-05-13,775.15,1596784
2024-05-14,777.9,1327707
2024-05-15,787.04,1661652
2024-05-16,793.07,2000002
2024-05-17,795.81,1309108
2024-05-20,793.0,1347079
2024-05-21,800.93,1375735
2024-05-22,801.86,1192763
2024-05-23,796.34,1519159
2024-05-24,809.73,1622970
2024-05-28,813.17,1986260
2024-05-29,806.52,2282792
2024-05-30,815.34,2288522
2024-05-31,809.89,4360692
2024-06-03,815.39,2008733
2024-06-04,827.39,1754454
2024-06-05,834.3,2080014
2024-06-06,842.64,1734991
2024-06-07,845.58,1593589
2024-06-10,848.34,1402332
2024-06-11,849.31,1690514
2024-06-12,847.81,1838255
2024-06-13,845.96,1322381
2024-06-14,855.67,1395485
2024-06-17,867.91,1904926
2024-06-18,870.75,1763802
2024-06-20,862.44,1944601
2024-06-21,848.31,3852859
2024-06-24,848.16,1722886
2024-06-25,855.51,1675700
2024-06-26,856.84,1505286
2024-06-27,850.62,1254904
2024-06-28,849.99,2131691
2024-07-01,845.67,1989003
2024-07-02,859.36,1377857
2024-07-03,862.66,814423
2024-07-05,885.67,2620714
2024-07-08,880.84,1611317
2024-07-09,886.85,1358498
2024-07-10,884.31,1755823
2024-07-11,846.59,6021054
2024-07-12,842.9,3288384
2024-07-15,848.73,2064036
2024-07-16,850.77,1687592
2024-07-17,846.28,1783079
2024-07-18,839.37,2338477
2024-07-19,838.13,1984385
2024-07-22,847.42,1920228
2024-07-23,852.11,1744123
2024-07-24,830.82,2511321
2024-07-25,815.95,2183740
2024-07-26,817.6,1441455
2024-07-29,815.56,1320420
2024-07-30,810.03,2017248
2024-07-31,822.0,2135049
2024-08-01,816.89,1861405
2024-08-02,822.08,2598467
2024-08-05,801.83,2820885
2024-08-06,816.88,2476255
2024-08-07,810.3,1702040
2024-08-08,839.43,2345030
2024-08-09,854.93,1710588
2024-08-12,863.57,1748173
2024-08-13,864.82,1484055
2024-08-14,862.71,1341493
2024-08-15,877.35,1923809
2024-08-16,870.59,1516332
2024-08-19,872.35,1318382
2024-08-20,876.2,1104595
2024-08-21,881.42,1465505
2024-08-22,877.56,1440919
2024-08-23,879.21,1305753
2024-08-26,892.51,1737024
2024-08-27,908.9,2098899
2024-08-28,888.05,1668378
2024-08-29,886.63,1709893
2024-08-30,892.38,1933485
2024-09-03,878.57,1784179
2024-09-04,890.02,1425160
2024-09-05,885.98,1998837
2024-09-06,876.68,2074604
2024-09-09,896.49,1953977
2024-09-10,894.29,1360818
2024-09-11,900.4,1796084
2024-09-12,915.03,1868674
2024-09-13,916.0,1327509
2024-09-16,907.87,1661046
2024-09-17,897.27,1386963
2024-09-18,892.52,1338163
2024-09-19,900.74,1747482
2024-09-20,906.98,4658159
2024-09-23,917.08,1697643
2024-09-24,901.54,2432552
2024-09-25,908.42,1728137
2024-09-26,901.44,2738553
2024-09-27,885.62,3459054
2024-09-30,886.52,2146353
2024-10-01,877.38,1836683
2024-10-02,878.53,1317146
2024-10-03,875.67,1451942
2024-10-04,883.11,1517311
2024-10-07,873.59,1963158
2024-10-08,890.42,1697910
2024-10-09,909.1,1956453
2024-10-10,893.63,1765785
2024-10-11,889.03,1527294
2024-10-14,889.76,1431497
2024-10-15,894.61,1613905
2024-10-16,887.38,1475495
2024-10-17,885.29,1321463
2024-10-18,889.56,1654015
2024-10-21,886.77,1184880
2024-10-22,893.49,1189653
2024-10-23,899.17,2193473
2024-10-24,893.42,1649565
2024-10-25,891.22,1425842
2024-10-28,890.96,912507
2024-10-29,886.99,1361681
2024-10-30,879.09,1412209
2024-10-31,874.18,1771876
2024-11-01,877.31,1625161
2024-11-04,886.07,1577144
2024-11-05,890.17,1622264
2024-11-06,899.25,2437420
2024-11-07,913.93,2145454
2024-11-08,943.8,3277090
2024-11-11,932.88,2181815
2024-11-12,932.38,1691807
2024-11-13,930.65,1757645
2024-11-14,923.89,1859919
2024-11-15,907.07,2269945
2024-11-18,919.51,1797786
2024-11-19,930.15,1690536
2024-11-20,928.08,1452130
2024-11-21,955.65,2320548
2024-11-22,964.01,2078740
2024-11-25,960.89,3240929
2024-11-26,971.5,1438037
2024-11-27,961.55,1499464
2024-11-29,971.88,1095860
2024-12-02,975.0,1955774
2024-12-03,982.15,1653910
2024-12-04,990.92,1784687
2024-12-05,982.26,2089430
2024-12-06,992.61,1737317
2024-12-09,987.86,1855470
2024-12-10,993.4,1556751
2024-12-11,994.69,1903635
2024-12-12,988.39,2344334
2024-12-13,989.35,2951921
2024-12-16,992.87,2581292
2024-12-17,982.08,2050219
2024-12-18,964.74,2725300
2024-12-19,954.8,2610843
2024-12-20,954.07,5373797
2024-12-23,949.91,1856831
2024-12-24,958.82,939029
2024-12-26,956.14,969936
2024-12-27,939.7,1943440
2024-12-30,922.21,1881241
2024-12-31,916.27,1742939
2025-01-02,909.81,3535316
2025-01-03,916.58,3228422
2025-01-06,922.71,3940810
2025-01-07,921.37,3775964
2025-01-08,927.37,3549526
2025-01-10,936.94,5531594
2025-01-13,924.7,3387526
2025-01-14,917.23,3367514
2025-01-15,923.5,3678772
2025-01-16,919.75,2705914
2025-01-17,943.19,4750024
2025-01-21,947.73,4084886
2025-01-22,944.7,4309982
2025-01-23,942.16,2704880
2025-01-24,939.68,3124844
2025-01-27,965.25,6089364
2025-01-28,958.67,4332750
2025-01-29,964.02,3427498
2025-01-30,979.01,3576360
2025-01-31,979.88,3751426
2025-02-03,1005.83,5502036
2025-02-04,1021.86,4003282
2025-02-05,1042.88,4100116
2025-02-06,1050.99,4436090
2025-02-07,1043.81,3265708
2025-02-10,1061.92,4073788
2025-02-11,1058.34,3497010
2025-02-12,1065.12,3324630
2025-02-13,1076.86,3246562
2025-02-14,1071.85,2821456
2025-02-18,1056.03,4181178
2025-02-19,1062.54,2699268
2025-02-20,1034.83,4001090
2025-02-21,1035.03,3632616
2025-02-24,1035.6,3519498
2025-02-25,1055.66,4167604
2025-02-26,1031.97,3111368
2025-02-27,1021.71,3258148
2025-02-28,1048.61,6614234
2025-03-03,1046.85,4844902
2025-03-04,1036.87,5073584
2025-03-05,1047.75,3797208
2025-03-06,1026.62,5189126
2025-03-07,964.31,11021436
2025-03-10,934.41,8919708
2025-03-11,930.49,6409738
2025-03-12,927.08,4663220
2025-03-13,890.62,6894420
2025-03-14,903.92,6372812
2025-03-17,916.61,4512118
2025-03-18,898.05,4364009
2025-03-19,904.05,3817042
2025-03-20,895.4,3783594
2025-03-21,908.5155,6895152
2025-03-24,926.04,2208062
2025-03-25,930.26,1622981
2025-03-26,929.75,1646854
2025-03-27,938.75,1546989
2025-03-28,929.5998,4200974
2025-03-31,945.78,3101963
2025-04-01,954.4,2041507
2025-04-02,932.1155,3439792
2025-04-03,962.0155,6193836
2025-04-04,917.0155,5166988
2025-04-04,914.5155,5166988
2025-04-07,908.13,4626591
2025-04-08,908.75,3545403
2025-04-09,968.0155,10169054
2025-04-10,963.0155,8418106
2025-04-11,962.0055,2721811
2025-04-11,960.0155,2721811
2025-04-14,979.32,2219943
2025-04-15,976.963,3576302
2025-04-16,969.5155,5063430
2025-04-17,993.5155,5422248
2025-04-17,995.3454,2711124
2025-04-21,957.6155,5682620
2025-04-22,986.5155,4461290
2025-04-23,976.0155,4219306
2025-04-24,973.4155,4936926
2025-04-25,977.0155,1780887
2025-04-28,978.54,3232310
2025-04-29,991.7,1523146
2025-04-30,990.5155,4424724
2025-05-01,998.2068,3659748
2025-05-02,1009.1055,1547710
2025-05-05,1016.0155,3905160
2025-05-06,1010.5,1381248
2025-05-07,1007.15,1316596
2025-05-08,1007.1725,3765286
2025-05-09,1007.4131,1176656
2025-05-09,1009.5055,1176656
2025-05-12,1015.0255,4138098
2025-05-13,999.03,2917044
2025-05-14,992.0155,4429956
2025-05-15,1010.47,2470690
2025-05-16,1022.8155,2033744
2025-05-16,1017.1155,2033744
2025-05-19,1034.34,1879788
2025-05-20,1036.82,2271232
2025-05-21,1025.3,1438885
2025-05-22,1018.13,1660909
2025-05-23,1008.0155,1413916
2025-05-23,1007.5011,1413916
2025-05-27,1017.79,1868169
2025-05-28,1013.14,1674743
2025-05-29,1011.7655,4047630
2025-05-30,1041.0155,5403837
2025-05-30,1040.5155,5403837
2025-06-02,1056.8655,4296008
2025-06-03,1055.59,1992850
2025-06-04,1045.0155,2844172
2025-06-05,1012.7655,6595048
2025-06-06,1014.6655,1855428
2025-06-06,1015.1155,1855428
2025-06-09,1006.18,3393422
2025-06-10,1006.9773,4510038
2025-06-11,996.7953,4919670
2025-06-12,1002.71,1720138
2025-06-13,991.2355,1785964
2025-06-13,991.3255,1785964
2025-06-16,984.8655,4218676
2025-06-17,977.6155,3336450
2025-06-18,975.5355,3019226
2025-06-18,975.0155,1509613
2025-06-20,980.3055,3255699
2025-06-20,980.3055,3255699
2025-06-23,1003.1555,4165856
2025-06-24,1001.92,2385103
2025-06-25,987.6155,3655388
2025-06-26,982.91,2262786
2025-06-27,985.1555,2129190
2025-06-27,986.0555,2129190
2025-06-30,988.0255,4255182
2025-07-01,985.96,2200576
2025-07-02,982.4155,3212244
2025-07-03,987.02,1101353
2025-07-07,988.4543,3665182
2025-07-08,985.84,1716151
2025-07-09,994.5455,5845148
2025-07-10,971.5155,5807530
2025-07-11,970.3455,1941995
2025-07-11,970.0155,1941995
2025-07-14,980.91,1679303
2025-07-15,967.68,1878003
2025-07-16,951.6155,5900554
2025-07-17,953.91,2280638
2025-07-18,950.9655,2115538
2025-07-18,950.9955,2115538
2025-07-21,948.0155,3484852
2025-07-22,942.5055,3599810
2025-07-23,941.0855,4803238
2025-07-24,933.8,2057072
2025-07-25,936.0155,1827655
2025-07-25,936.5155,1827655
2025-07-28,933.99,4012584
2025-07-29,934.57,4131760
2025-07-30,927.51,3399218
2025-07-31,939.64,5128706
2025-08-01,952.52,2934464
2025-08-04,955.37,2389907
2025-08-05,943.63,2462286
2025-08-06,968.56,2752994
2025-08-07,977.45,1893275
2025-08-08,980.9955,2189701
2025-08-08,982.2655,2189701
2025-08-11,988.74,2290125
2025-08-12,991.25,1589455
2025-08-13,978.0155,4705134
2025-08-14,977.0155,3617484
2025-08-15,972.0555,1638281
2025-08-15,971.0729,1638281
2025-08-18,979.35,2078489
2025-08-19,980.85,1673394
2025-08-20,994.57,2229573
2025-08-21,969.68,2145629
2025-08-22,957.9655,3135979
2025-08-22,958.1926,3135979
2025-08-25,941.9153,4568500
2025-08-26,941.34,4341253
2025-08-27,949.52,1893587
2025-08-28,944.96,2067919
2025-08-29,942.4155,1608954
2025-08-29,942.5255,1608954
2025-09-02,937.1641,3587894
2025-09-03,949.78,1670458
2025-09-04,959.0155,2943744
2025-09-05,963.4955,1928459
2025-09-05,963.4954,1928459
2025-09-08,971.85,1737032
2025-09-09,977.0355,2993670
2025-09-10,956.7655,4555068
2025-09-11,964.32,1532027
2025-09-12,961.4538,1461618
2025-09-15,960.1155,4398846
2025-09-16,952.07,2012649
2025-09-17,963.03,1556773
2025-09-18,953.4055,3721796
2025-09-19,951.1755,4606020
2025-09-19,951.5155,4606020
2025-09-22,943.4914,5588674
2025-09-23,944.0155,6517028
2025-09-24,946.0155,4299606
2025-09-24,943.31,8132855
2025-09-26,915.95,4812869
2025-09-29,916.87,8214042
2025-09-30,925.63,6193394
2025-10-01,917.1155,5284108
2025-10-02,917.0155,4127684
2025-10-03,915.0155,2319199
2025-10-03,913.9155,2319199
2025-10-06,910.94,2503975
2025-10-07,914.0268,5203672
2025-10-08,931.0255,4753884
2025-10-09,939.6516,7485742
2025-10-10,921.0155,3142539
2025-10-10,928.3155,3142539
2025-10-13,935.56,4339296
2025-10-14,946.51,1925863
2025-10-15,954.99,2009832
2025-10-16,924.9755,5442852
2025-10-17,935.4155,2502164
2025-10-17,936.0155,2502164
2025-10-20,936.1255,3047408
2025-10-21,937.5,1448215
2025-10-22,944.68,2372365
2025-10-23,942.05,1974780
2025-10-24,932.0155,1639373
2025-10-24,932.3655,1639373
2025-10-27,929.85,1967623
2025-10-28,924.16,2090768
2025-10-29,912.2955,4899112
2025-10-30,918.6355,5354128
2025-10-31,913.0255,4912522
2025-11-03,929.0183,6413212
2025-11-04,940.0155,5109084
2025-11-05,926.0155,5949568
2025-11-06,922.2655,6495316
2025-11-07,923.191,5168020
2025-11-10,914.5155,5225212
2025-11-11,913.86,1663441
2025-11-12,914.0,1829740
2025-11-13,925.5155,4861214
2025-11-14,922.98,1739059
2025-11-17,913.0155,4963894
2025-11-18,894.9155,5969376
2025-11-19,889.0155,6924688
2025-11-20,893.0055,5296514
2025-11-21,900.0155,5740118
2025-11-24,886.5255,7322382
2025-11-25,894.3155,5069462
2025-11-26,908.5155,3872342
2025-11-28,913.59,1092608
2025-12-01,912.5155,4298852
2025-12-02,920.3155,4321184
2025-12-03,913.0155,3773538
2025-12-04,895.5655,7575660
2025-12-05,895.2155,4719588
2025-12-08,887.52,2407918
2025-12-09,887.4655,3798926
2025-12-10,875.5156,6636588
2025-12-11,880.0155,6083164
2025-12-12,883.0155,9617746
2025-12-15,860.56,4771436
2025-12-16,860.4055,7686596
2025-12-17,862.5155,4727406
2025-12-18,856.3655,4935004
2025-12-19,856.0155,20195276
2025-12-22,849.4255,4746636
2025-12-23,854.7955,3806698
2025-12-24,871.86,1822151
2025-12-26,873.0156,2648102
2025-12-29,867.84,1792476
2025-12-30,864.4595,3361512
2025-12-31,861.9355,2979908
2026-01-02,854.3035,4746776
2026-01-05,875.7655,5611114
2026-01-06,889.101,5484678
2026-01-07,896.0255,5360230
2026-01-08,916.0156,10414316
2026-01-09,925.3455,5790836
2026-01-12,943.08,3246406
2026-01-13,939.3955,4444184
2026-01-14,950.0155,5789758
2026-01-15,955.0725,4371838
2026-01-16,959.4255,7725894
2026-01-20,964.26,3209921
2026-01-21,982.7155,8147328
2026-01-22,976.0155,4148826
2026-01-23,982.0155,3361160
2026-01-23,982.0155,1680580
2026-01-26,977.7755,4917386
2026-01-27,967.2643,4155862
2026-01-28,959.1955,4949622
2026-01-29,951.0155,3649932
2026-01-30,939.0455,4792650
2026-02-02,967.9455,4902506
2026-02-03,977.92,2960736
2026-02-04,986.1455,5262996
2026-02-05,990.0355,5977694
2026-02-06,998.0913,4717126
2026-02-09,996.2755,3723366
2026-02-10,971.23,1781509
2026-02-11,978.14,1769375
2026-02-12,999.0241,5940736
2026-02-13,1017.5955,5323136
2026-02-17,1011.4335,3464408
2026-02-18,998.7358,3853506
2026-02-19,987.82,1749967
2026-02-20,986.0155,3324366
2026-02-23,984.8155,2978580
2026-02-24,998.43,1671135
2026-02-25,994.76,1554568
2026-02-26,986.74,1804377
2026-02-27,1010.79,7870009
2026-03-02,1002.77,1986902
2026-03-03,1007.77,1947502
2026-03-04,1006.74,1806639
2026-03-05,982.57,5548568
2026-03-06,997.1155,5417702
2026-03-07,997.3455,0
2026-03-09,1005.3,2348213
2026-03-10,997.36,1613381
2026-03-11,989.3155,2524013
2026-03-12,1002.1355,3338497
2026-03-13,1007.5155,2939344
2026-03-13,1008.0155,1469672
2026-03-16,1003.0155,2487505
2026-03-16,996.16,2454118
2026-03-17,979.92,2644835
2026-03-19,975.0355,4020519
2026-03-20,974.5155,3961436
2026-03-20,974.3155,2621555
2026-03-23,967.0155,3558188
2026-03-24,978.2655,2518651
2026-03-25,973.3581,2134773
2026-03-26,979.65,1498251
2026-03-27,982.0155,3081850
2026-03-27,981.1155,1540925
2026-03-30,996.58,2129130
2026-03-31,996.43,2447853
2026-04-01,996.56,1769849
2026-04-02,1014.96,1828612
2026-04-02,1014.0,1828612
2026-04-06,1017.0655,2897144
2026-04-06,1013.21,2877044
2026-04-08,1030.27,4531422
2026-04-09,1032.03,2867216
2026-04-10,998.47,4665960
2026-04-13,980.85,4510782
2026-04-14,974.8,4273018
2026-04-15,984.75,2346204
2026-04-16,987.21,1484287
2026-04-17,999.89,2346525
2026-04-20,997.84,1475407
2026-04-21,1005.81,1366672
2026-04-22,1003.7,1215152
2026-04-23,1014.38,1570729
2026-04-24,1011.15,1695618
2026-04-27,998.01,1620359
2026-04-28,994.0,1775956
2026-04-29,998.67,1516866
2026-04-30,1014.53,2049274
2026-05-01,1011.7,1509728
2026-05-04,1012.79,1479689
2026-05-05,1016.4199829101562,1456300
2026-05-06,995.75,2619100
2026-05-07,1012.0599975585938,2014000
2026-05-08,1008.7899780273438,1805200
2026-05-11,999.469970703125,2053500
2026-05-12,1021.8800048828125,2143200
2026-05-13,1033.0799560546875,1630569
2026-05-14,1041.25,1357144
2026-05-15,1048.949951171875,1967000
2026-05-18,1076.469970703125,2295200
2026-05-19,1094.3199462890625,2511158
2026-05-20,1083.7550048828125,412243
2026-05-21,1050.5,744224
2026-05-22,1029.9549560546875,546798
2026-05-26,998.380126953125,870638
2026-05-27,1007.6699829101562,543662
2026-05-28,1000.5,501598
2026-05-29,948.7000122070312,1951398
2026-06-01,945.280029296875,872706
2026-06-02,945.0850219726562,524658
2026-06-03,966.030029296875,568732
2026-06-04,982.1199951171875,748729
2026-06-05,986.4099731445312,822769
2026-06-08,974.75,2086100
2026-06-09,968.5900268554688,1997700
2026-06-10,978.5800170898438,453581
2026-06-11,980.6400146484375,312839
2026-06-12,974.1799926757812,359813
2026-06-15,979.4199829101562,411677
2026-06-16,986.219970703125,339668
2026-06-17,979.1649780273438,266419
2026-06-18,954.5900268554688,1048891
2026-06-22,950.405029296875,578565
2026-06-23,957.6799926757812,2389123
2026-06-24,961.0900268554688,1732601
2026-06-25,942.239990234375,2421575
2026-06-26,952.5399780273438,5413397
2026-06-29,947.6300048828125,732995
2026-06-30,935.469970703125,2497487
2026-07-01,924.6699829101562,2892396
2026-07-02,951.6699829101562,2492694
2026-07-06,944.4299926757812,489430
2026-07-07,947.5,1812903
2026-07-08,955.47998046875,102530
2026-07-09,912.969970703125,4528490
2026-07-10,916.25,2062445
2026-07-13,924.3200073242188,676241
2026-07-14,921.75,1627884
2026-07-15,916.5399780273438,2289225
2026-07-16,945.5700073242188,2731600
2026-07-17,940.8699951171875,2324713
2026-07-20,935.7999877929688,1465753
2026-07-21,929.219970703125,1832200
2026-07-22,927.3099975585938,1761000
2026-07-23,926.0599975585938,1670858
2026-07-27,950.6849975585938,574938
2026-07-29,972.0700073242188,413101
2026-07-30,954.1699829101562,2334500
2026-07-31,951.8900146484375,1684576
2026-08-03,954.0800170898438,2012600
2026-08-04,944.4500122070312,659621
2026-08-05,940.25,948123
2026-08-06,949.1500244140625,1676358
2026-08-07,947.8200073242188,1523800
2026-08-10,946.0,548302
2026-08-11,944.3200073242188,1800800
2026-08-12,949.5750122070312,1311512
2026-08-13,961.8499755859375,1323300
2026-08-14,961.0999755859375,1165100
2026-08-18,971.0999755859375,411029
2026-08-19,969.5800170898438,533850
2026-08-20,933.510009765625,2332416
2026-08-21,947.739990234375,2185152
2026-08-24,966.6599731445312,518275
2026-08-25,960.010009765625,2720503
2026-08-26,956.1199951171875,1217556
2026-08-27,941.7760009765625,533118
2026-08-28,947.344970703125,492596
2026-08-31,946.0,294646
2026-09-01,939.9600219726562,1507800
2026-09-02,928.47998046875,2139796
2026-09-03,925.4099731445312,2133803
2026-09-04,915.27001953125,671619
2026-09-08,909.635009765625,659978
2026-09-09,902.5999755859375,2029540
2026-09-10,903.0599975585938,647170
2026-09-11,904.0399780273438,572825
2026-09-14,918.35498046875,703081
2026-09-15,907.9459228515625,412458
2026-09-16,900.780029296875,483081
2026-09-17,893.9299926757812,2226523
2026-09-18,895.5,601975
2026-09-21,894.7327270507812,718394
2026-09-22,901.77001953125,570210
2026-09-23,904.7000122070312,2278732
2026-09-24,896.47998046875,2695271
2026-09-25,922.77001953125,4629300
2026-09-28,929.780029296875,761452
2026-09-29,924.5900268554688,2407552
2026-09-30,910.3400268554688,2218300
