date,close,volume
2014-01-02,91.02999877929688,5919600
2014-01-03,91.8499984741211,5637600
2014-01-06,92.33000183105469,7443500
2014-01-07,94.29000091552734,11063300
2014-01-08,94.16000366210938,9096700
2014-01-09,94.7300033569336,7944700
2014-01-10,94.73999786376953,6697400
2014-01-13,94.5,9589200
2014-01-14,94.72000122070312,7567300
2014-01-15,94.80000305175781,7390700
2014-01-16,94.63999938964844,8401100
2014-01-17,95.05999755859375,13714400
2014-01-21,94.02999877929688,16368400
2014-01-22,94.31999969482422,8875500
2014-01-23,92.73999786376953,9322300
2014-01-24,90.61000061035156,10604200
2014-01-27,89.94000244140625,8685200
2014-01-28,90.0999984741211,8254400
2014-01-29,88.9000015258789,11160100
2014-01-30,89.5,6874900
2014-01-31,88.47000122070312,12193800
2014-02-03,86.77999877929688,13944600
2014-02-04,86.62000274658203,11436400
2014-02-05,87.27999877929688,10667300
2014-02-06,88.75,10037900
2014-02-07,90.04000091552734,9435100
2014-02-10,91.06999969482422,8080200
2014-02-11,92.97000122070312,11556300
2014-02-12,92.41999816894531,7696100
2014-02-13,92.55999755859375,5926000
2014-02-14,92.76000213623047,5485100
2014-02-18,92.16999816894531,6926500
2014-02-19,91.63999938964844,7693400
2014-02-20,92.37999725341797,8160100
2014-02-21,91.5199966430664,7381500
2014-02-24,91.11000061035156,8406700
2014-02-25,91.11000061035156,6383400
2014-02-26,91.11000061035156,6334100
2014-02-27,91.36000061035156,7040300
2014-02-28,92.12000274658203,9643700
2014-03-03,91.55999755859375,7506700
2014-03-04,93.33999633789062,8796300
2014-03-05,92.58999633789062,6842500
2014-03-06,92.88999938964844,7718300
2014-03-07,93.31999969482422,6792000
2014-03-10,93.44999694824219,4878200
2014-03-11,93.48999786376953,5837200
2014-03-12,93.5999984741211,6154900
2014-03-13,93.0,7659400
2014-03-14,92.80999755859375,7337800
2014-03-17,93.93000030517578,5872600
2014-03-18,93.94000244140625,5891900
2014-03-19,93.58999633789062,5937600
2014-03-20,94.12000274658203,5727400
2014-03-21,95.93000030517578,23988800
2014-03-24,95.19999694824219,13944100
2014-03-25,97.37999725341797,14167300
2014-03-26,97.05000305175781,11215100
2014-03-27,97.27999877929688,8694600
2014-03-28,97.44000244140625,8816000
2014-03-31,98.2300033569336,7545700
2014-04-01,97.94000244140625,7068500
2014-04-02,98.2300033569336,7995600
2014-04-03,98.26000213623047,5471200
2014-04-04,98.41999816894531,10309700
2014-04-07,97.88999938964844,11409200
2014-04-08,98.05999755859375,9601800
2014-04-09,98.94999694824219,8921300
2014-04-10,96.54000091552734,9667800
2014-04-11,96.87000274658203,8710700
2014-04-14,97.13999938964844,8617200
2014-04-15,99.19999694824219,13999100
2014-04-16,98.75,11308000
2014-04-17,98.95999908447266,9153500
2014-04-21,100.0,7031400
2014-04-22,100.18000030517578,7937900
2014-04-23,100.22000122070312,5876000
2014-04-24,99.95999908447266,6149900
2014-04-25,99.79000091552734,5895900
2014-04-28,101.33999633789062,8792900
2014-04-29,101.02999877929688,7811200
2014-04-30,101.29000091552734,8513600
2014-05-01,100.52999877929688,6590500
2014-05-02,99.30999755859375,8744200
2014-05-05,100.0,5438200
2014-05-06,99.51000213623047,5795900
2014-05-07,100.91000366210938,8720800
2014-05-08,100.5,5667900
2014-05-09,100.91000366210938,5691700
2014-05-12,100.5199966430664,7437300
2014-05-13,101.0199966430664,6183200
2014-05-14,100.87000274658203,4187200
2014-05-15,100.69000244140625,7007600
2014-05-16,100.58000183105469,6516900
2014-05-19,100.63999938964844,6997200
2014-05-20,100.25,5438400
2014-05-21,101.13999938964844,5302500
2014-05-22,100.95999908447266,5124900
2014-05-23,100.9800033569336,5275700
2014-05-27,100.80999755859375,4524400
2014-05-28,100.30000305175781,4352700
2014-05-29,100.76000213623047,3685200
2014-05-30,101.45999908447266,5973900
2014-06-02,102.16999816894531,5845400
2014-06-03,102.45999908447266,6681300
2014-06-04,102.68000030517578,5608600
2014-06-05,103.22000122070312,4730900
2014-06-06,103.18000030517578,4624000
2014-06-09,103.22000122070312,3748800
2014-06-10,104.0999984741211,5792100
2014-06-11,103.31999969482422,5960500
2014-06-12,102.52999877929688,5930700
2014-06-13,102.52999877929688,4301600
2014-06-16,102.44999694824219,5645500
2014-06-17,101.93000030517578,4834600
2014-06-18,102.80999755859375,5445000
2014-06-19,103.80999755859375,5481500
2014-06-20,105.2699966430664,12459700
2014-06-23,104.75,6063200
2014-06-24,104.58999633789062,5915000
2014-06-25,105.76000213623047,6411100
2014-06-26,105.6500015258789,5106900
2014-06-27,104.98999786376953,6463000
2014-06-30,104.62000274658203,6877800
2014-07-01,105.87000274658203,5129200
2014-07-02,105.86000061035156,3764900
2014-07-03,105.41999816894531,4199100
2014-07-07,106.47000122070312,7014900
2014-07-08,105.72000122070312,6268400
2014-07-09,106.04000091552734,5720900
2014-07-10,105.80000305175781,4955100
2014-07-11,105.0999984741211,5461000
2014-07-14,105.37999725341797,7784800
2014-07-15,103.27999877929688,14219700
2014-07-16,102.22000122070312,11946800
2014-07-17,100.37000274658203,11218900
2014-07-18,101.80000305175781,8408400
2014-07-21,101.2699966430664,6379900
2014-07-22,102.47000122070312,6554100
2014-07-23,102.19000244140625,4815300
2014-07-24,102.19999694824219,5177200
2014-07-25,102.11000061035156,3951500
2014-07-28,102.11000061035156,4634800
2014-07-29,101.95999908447266,6053900
2014-07-30,102.30000305175781,5994800
2014-07-31,100.08999633789062,9141500
2014-08-01,99.9000015258789,8610700
2014-08-04,100.16000366210938,6790800
2014-08-05,99.81999969482422,6230900
2014-08-06,100.70999908447266,7412100
2014-08-07,99.93000030517578,7417800
2014-08-08,101.08000183105469,5618400
2014-08-11,101.16000366210938,5703000
2014-08-12,100.62999725341797,4577700
2014-08-13,101.73999786376953,4563700
2014-08-14,102.0199966430664,5239400
2014-08-15,101.16999816894531,6986000
2014-08-18,102.69999694824219,5979500
2014-08-19,102.95999908447266,5670000
2014-08-20,103.20999908447266,5183000
2014-08-21,104.19000244140625,8357600
2014-08-22,103.0999984741211,5076300
2014-08-25,103.2300033569336,3678200
2014-08-26,103.44000244140625,3512400
2014-08-27,103.22000122070312,4786100
2014-08-28,102.94999694824219,3482200
2014-08-29,103.7300033569336,5287800
2014-09-02,103.36000061035156,4644800
2014-09-03,103.76000213623047,4725800
2014-09-04,103.83999633789062,6147700
2014-09-05,104.41999816894531,5744400
2014-09-08,104.05000305175781,4900300
2014-09-09,103.80000305175781,5999400
2014-09-10,104.98999786376953,7402200
2014-09-11,104.55000305175781,4834100
2014-09-12,104.58000183105469,5929200
2014-09-15,104.72000122070312,4525500
2014-09-16,105.87999725341797,6081400
2014-09-17,106.19000244140625,6627800
2014-09-18,107.3499984741211,6628700
2014-09-19,107.98999786376953,13033400
2014-09-22,107.87999725341797,5788300
2014-09-23,107.45999908447266,8108100
2014-09-24,108.63999938964844,5890900
2014-09-25,107.0999984741211,5688200
2014-09-26,107.0999984741211,4467500
2014-09-29,106.54000091552734,6581600
2014-09-30,106.58999633789062,6822500
2014-10-01,104.30000305175781,12263700
2014-10-02,103.8499984741211,7566100
2014-10-03,105.12999725341797,6856100
2014-10-06,104.86000061035156,5015100
2014-10-07,102.38999938964844,8407800
2014-10-08,104.91000366210938,8337000
2014-10-09,102.08000183105469,10675900
2014-10-10,101.2300033569336,9984100
2014-10-13,99.12000274658203,10334600
2014-10-14,97.01000213623047,20807400
2014-10-15,98.20999908447266,21905900
2014-10-16,96.77999877929688,14575300
2014-10-17,98.69999694824219,12272900
2014-10-20,99.19999694824219,7988900
2014-10-21,100.36000061035156,7287300
2014-10-22,101.22000122070312,9360100
2014-10-23,102.62999725341797,7570400
2014-10-24,103.12999725341797,5973100
2014-10-27,104.06999969482422,7043900
2014-10-28,104.79000091552734,10347800
2014-10-29,105.55999755859375,8188300
2014-10-30,107.04000091552734,9068300
2014-10-31,107.77999877929688,10800100
2014-11-03,107.45999908447266,7082600
2014-11-04,108.62000274658203,9349000
2014-11-05,108.81999969482422,6966800
2014-11-06,109.01000213623047,6200300
2014-11-07,108.19999694824219,6652600
2014-11-10,108.81999969482422,7573300
2014-11-11,108.91000366210938,6221100
2014-11-12,108.75,4895900
2014-11-13,109.06999969482422,4860000
2014-11-14,108.16000366210938,5650700
2014-11-17,108.30000305175781,5233000
2014-11-18,108.83000183105469,5407200
2014-11-19,108.76000213623047,5217800
2014-11-20,108.18000030517578,8090700
2014-11-21,107.86000061035156,8417400
2014-11-24,106.87999725341797,9098000
2014-11-25,106.69999694824219,7367900
2014-11-26,107.20999908447266,5503700
2014-11-28,108.25,5881200
2014-12-01,108.02999877929688,5638800
2014-12-02,108.51000213623047,6184400
2014-12-03,107.72000122070312,8957400
2014-12-04,107.55999755859375,6697600
2014-12-05,108.51000213623047,6449700
2014-12-08,108.5199966430664,6499300
2014-12-09,108.05000305175781,7214300
2014-12-10,106.23999786376953,9416400
2014-12-11,106.72000122070312,7114600
2014-12-12,104.43000030517578,8325500
2014-12-15,103.95999908447266,12110600
2014-12-16,102.76000213623047,10209200
2014-12-17,104.06999969482422,10207600
2014-12-18,106.80999755859375,11756800
2014-12-19,105.55000305175781,19154400
2014-12-22,106.73999786376953,8124500
2014-12-23,104.27999877929688,10171700
2014-12-24,104.58999633789062,3415100
2014-12-26,105.05999755859375,2951000
2014-12-29,105.33000183105469,4273400
2014-12-30,105.36000061035156,4371700
2014-12-31,104.56999969482422,6202100
2015-01-02,104.5199966430664,5753600
2015-01-05,103.79000091552734,8079300
2015-01-06,103.27999877929688,7428000
2015-01-07,105.55999755859375,7931700
2015-01-08,106.38999938964844,9916000
2015-01-09,104.94000244140625,7364800
2015-01-12,104.58000183105469,6839000
2015-01-13,104.76000213623047,10151100
2015-01-14,104.0,8887700
2015-01-15,102.48999786376953,10834800
2015-01-16,104.04000091552734,14092300
2015-01-20,101.29000091552734,20460000
2015-01-21,101.9000015258789,11702900
2015-01-22,103.76000213623047,9036600
2015-01-23,102.19999694824219,10126000
2015-01-26,102.26000213623047,8962800
2015-01-27,102.08999633789062,10160500
2015-01-28,101.4800033569336,9053200
2015-01-29,102.37999725341797,7569300
2015-01-30,100.13999938964844,10676300
2015-02-02,100.83000183105469,8990700
2015-02-03,102.45999908447266,10005200
2015-02-04,101.36000061035156,9514100
2015-02-05,102.45999908447266,6642200
2015-02-06,101.0999984741211,9215700
2015-02-09,99.77999877929688,9851700
2015-02-10,100.3499984741211,12275500
2015-02-11,100.37999725341797,8177000
2015-02-12,98.44000244140625,25835200
2015-02-13,99.62000274658203,11153600
2015-02-17,100.44000244140625,8627100
2015-02-18,99.95999908447266,7878200
2015-02-19,100.69999694824219,10028200
2015-02-20,100.26000213623047,10085700
2015-02-23,100.18000030517578,6878200
2015-02-24,100.69999694824219,6587200
2015-02-25,101.20999908447266,9684000
2015-02-26,102.80000305175781,11437900
2015-02-27,102.51000213623047,8500000
2015-03-02,103.22000122070312,7277600
2015-03-03,102.33999633789062,6419700
2015-03-04,101.6500015258789,8665500
2015-03-05,102.5199966430664,8042300
2015-03-06,100.11000061035156,9287600
2015-03-09,100.66000366210938,5701100
2015-03-10,99.52999877929688,8735700
2015-03-11,98.31999969482422,9138100
2015-03-12,99.83000183105469,8318000
2015-03-13,99.20999908447266,7821800
2015-03-16,101.05999755859375,7726500
2015-03-17,99.88999938964844,7301500
2015-03-18,101.45999908447266,7972500
2015-03-19,101.69000244140625,6863100
2015-03-20,102.4000015258789,12433800
2015-03-23,102.9800033569336,9016000
2015-03-24,101.95999908447266,8390700
2015-03-25,100.33999633789062,8444100
2015-03-26,100.13999938964844,9972400
2015-03-27,100.33999633789062,5847400
2015-03-30,101.55000305175781,6061200
2015-03-31,100.5999984741211,8028000
2015-04-01,99.1500015258789,11368100
2015-04-02,99.63999938964844,6097100
2015-04-06,99.16000366210938,9697600
2015-04-07,100.0999984741211,7900300
2015-04-08,100.16000366210938,7354100
2015-04-09,101.33000183105469,8073900
2015-04-10,102.05999755859375,6786500
2015-04-13,100.55000305175781,10753500
2015-04-14,100.5199966430664,9322200
2015-04-15,100.5999984741211,8237100
2015-04-16,99.79000091552734,7324800
2015-04-17,99.58000183105469,11084200
2015-04-20,100.20999908447266,6668500
2015-04-21,100.30000305175781,6532700
2015-04-22,100.43000030517578,4763900
2015-04-23,100.45999908447266,7351500
2015-04-24,101.08000183105469,6566900
2015-04-27,100.58000183105469,9113900
2015-04-28,100.73999786376953,7484600
2015-04-29,100.38999938964844,8926200
2015-04-30,99.19999694824219,10170600
2015-05-01,100.12999725341797,6255000
2015-05-04,100.3499984741211,5532400
2015-05-05,99.5,8828000
2015-05-06,99.16999816894531,8030800
2015-05-07,99.66000366210938,6401600
2015-05-08,101.47000122070312,7508600
2015-05-11,101.02999877929688,5698900
2015-05-12,100.47000122070312,6903100
2015-05-13,100.55000305175781,5826800
2015-05-14,101.83000183105469,5454000
2015-05-15,102.30000305175781,6023500
2015-05-18,103.41999816894531,10479600
2015-05-19,103.95999908447266,7724100
2015-05-20,103.5999984741211,7146500
2015-05-21,102.41999816894531,6875600
2015-05-22,101.3499984741211,6216600
2015-05-26,100.81999969482422,7918900
2015-05-27,101.12999725341797,9297900
2015-05-28,101.1500015258789,5700100
2015-05-29,100.13999938964844,9957800
2015-06-01,100.04000091552734,7298100
2015-06-02,99.9800033569336,8312400
2015-06-03,100.08999633789062,5375200
2015-06-04,99.2300033569336,8057900
2015-06-05,98.58999633789062,7557300
2015-06-08,97.95999908447266,7054600
2015-06-09,98.20999908447266,7844300
2015-06-10,98.87999725341797,10025100
2015-06-11,99.23999786376953,6175200
2015-06-12,98.3499984741211,8717200
2015-06-15,97.48999786376953,6833500
2015-06-16,98.36000061035156,6049500
2015-06-17,98.7300033569336,6155800
2015-06-18,100.36000061035156,8815800
2015-06-19,99.86000061035156,11653600
2015-06-22,100.08999633789062,5055900
2015-06-23,99.77999877929688,6046600
2015-06-24,99.33000183105469,7254700
2015-06-25,99.12000274658203,6581100
2015-06-26,99.63999938964844,9041100
2015-06-29,97.68000030517578,11150900
2015-06-30,97.45999908447266,8967900
2015-07-01,98.47000122070312,6726700
2015-07-02,98.44000244140625,6091900
2015-07-06,98.19999694824219,6817800
2015-07-07,98.91999816894531,7122600
2015-07-08,97.7699966430664,6845500
2015-07-09,98.4000015258789,7316400
2015-07-10,99.52999877929688,6969300
2015-07-13,100.2699966430664,6986300
2015-07-14,99.77999877929688,9890600
2015-07-15,100.41999816894531,7990300
2015-07-16,101.11000061035156,5775000
2015-07-17,100.08000183105469,8054200
2015-07-20,100.37000274658203,5016200
2015-07-21,100.33999633789062,5891600
2015-07-22,100.18000030517578,6721900
2015-07-23,100.19999694824219,5016100
2015-07-24,99.1500015258789,6524200
2015-07-27,98.27999877929688,8734000
2015-07-28,99.0199966430664,7757500
2015-07-29,99.7300033569336,7853500
2015-07-30,99.83999633789062,5517400
2015-07-31,100.20999908447266,6216800
2015-08-03,100.0199966430664,6172500
2015-08-04,99.80000305175781,6005300
2015-08-05,100.5199966430664,4571300
2015-08-06,99.06999969482422,6988000
2015-08-07,98.8499984741211,6027900
2015-08-10,99.79000091552734,6133500
2015-08-11,99.01000213623047,6682600
2015-08-12,98.70999908447266,7462400
2015-08-13,98.4800033569336,5048000
2015-08-14,98.80999755859375,5177300
2015-08-17,99.87000274658203,6901800
2015-08-18,99.37000274658203,7618800
2015-08-19,99.30999755859375,7642400
2015-08-20,98.79000091552734,10620400
2015-08-21,95.55999755859375,16141500
2015-08-24,92.81999969482422,25636300
2015-08-25,90.7300033569336,15671100
2015-08-26,95.11000061035156,14738300
2015-08-27,96.22000122070312,11131200
2015-08-28,95.16999816894531,9200300
2015-08-31,93.9800033569336,9083500
2015-09-01,92.08999633789062,14593500
2015-09-02,93.3499984741211,11517400
2015-09-03,92.63999938964844,9027200
2015-09-04,91.30999755859375,10996800
2015-09-08,93.94000244140625,11394100
2015-09-09,92.22000122070312,7384500
2015-09-10,92.72000122070312,8359500
2015-09-11,92.93000030517578,7381300
2015-09-14,93.31999969482422,7948700
2015-09-15,94.4000015258789,7030700
2015-09-16,94.61000061035156,5630400
2015-09-17,94.83999633789062,8258000
2015-09-18,93.38999938964844,14211100
2015-09-21,93.12999725341797,7053700
2015-09-22,93.23999786376953,10618700
2015-09-23,92.98999786376953,5609300
2015-09-24,92.4800033569336,7407600
2015-09-25,91.0,10794400
2015-09-28,91.37000274658203,14332800
2015-09-29,93.04000091552734,11520000
2015-09-30,93.3499984741211,10970100
2015-10-01,93.16999816894531,9675900
2015-10-02,93.93000030517578,8368100
2015-10-05,94.76000213623047,9419200
2015-10-06,93.41999816894531,8365200
2015-10-07,94.9800033569336,9397300
2015-10-08,95.08000183105469,7090700
2015-10-09,95.37000274658203,8259700
2015-10-12,95.98999786376953,8957900
2015-10-13,95.44999694824219,12761900
2015-10-14,94.52999877929688,8881900
2015-10-15,97.1500015258789,9561900
2015-10-16,98.23999786376953,9495300
2015-10-19,97.94000244140625,8725400
2015-10-20,97.58999633789062,6041800
2015-10-21,97.62999725341797,7059800
2015-10-22,99.52999877929688,9887900
2015-10-23,100.30999755859375,9178900
2015-10-26,99.94000244140625,7561600
2015-10-27,100.19000244140625,8883200
2015-10-28,100.4800033569336,7256300
2015-10-29,101.37000274658203,6340700
2015-10-30,101.02999877929688,10520300
2015-11-02,102.16999816894531,6297900
2015-11-03,101.95999908447266,6229200
2015-11-04,101.94000244140625,5592300
2015-11-05,102.33000183105469,6545600
2015-11-06,101.91999816894531,6221100
2015-11-09,100.83999633789062,6625900
2015-11-10,101.44999694824219,5114200
2015-11-11,101.86000061035156,6284700
2015-11-12,100.2699966430664,6918700
2015-11-13,99.87999725341797,8517500
2015-11-16,101.22000122070312,5755800
2015-11-17,101.5,5124000
2015-11-18,102.66999816894531,7148400
2015-11-19,102.48999786376953,5164500
2015-11-20,102.4800033569336,7671500
2015-11-23,102.7699966430664,6730600
2015-11-24,102.04000091552734,7492400
2015-11-25,101.95999908447266,5400800
2015-11-27,102.37000274658203,2353800
2015-11-30,101.23999786376953,8983700
2015-12-01,102.36000061035156,7545700
2015-12-02,102.05000305175781,6623500
2015-12-03,100.79000091552734,12008700
2015-12-04,102.94999694824219,7845400
2015-12-07,103.31999969482422,7262900
2015-12-08,102.41999816894531,8005400
2015-12-09,102.1500015258789,7947000
2015-12-10,102.63999938964844,6479300
2015-12-11,101.68000030517578,7796500
2015-12-14,102.1500015258789,10641500
2015-12-15,104.12999725341797,9283200
2015-12-16,105.25,8178800
2015-12-17,103.63999938964844,8740800
2015-12-18,101.94999694824219,14966000
2015-12-21,101.58000183105469,8321900
2015-12-22,102.70999908447266,5581600
2015-12-23,103.48999786376953,5531700
2015-12-24,103.72000122070312,2546300
2015-12-28,103.22000122070312,4063000
2015-12-29,104.02999877929688,4230000
2015-12-30,103.77999877929688,3847800
2015-12-31,102.72000122070312,4592600
2016-01-04,100.4800033569336,12722800
2016-01-05,100.9000015258789,6467200
2016-01-06,100.38999938964844,7733800
2016-01-07,99.22000122070312,9433100
2016-01-08,98.16000366210938,9766700
2016-01-11,97.56999969482422,8151400
2016-01-12,98.23999786376953,6745000
2016-01-13,97.0199966430664,8290700
2016-01-14,98.88999938964844,10164300
2016-01-15,97.0,12662200
2016-01-19,97.5,12457800
2016-01-20,95.75,12685200
2016-01-21,95.94000244140625,11266400
2016-01-22,96.75,8380000
2016-01-25,96.4000015258789,9350200
2016-01-26,101.18000030517578,17266600
2016-01-27,102.16000366210938,19330500
2016-01-28,102.2699966430664,12789500
2016-01-29,104.44000244140625,15614600
2016-02-01,104.37000274658203,9803700
2016-02-02,103.41000366210938,10616300
2016-02-03,104.13999938964844,10168600
2016-02-04,103.9000015258789,10389000
2016-02-05,100.54000091552734,15522200
2016-02-08,102.0,14323800
2016-02-09,101.97000122070312,10044500
2016-02-10,101.7300033569336,9833100
2016-02-11,101.69999694824219,12465800
2016-02-12,101.81999969482422,9035000
2016-02-16,102.31999969482422,10452800
2016-02-17,102.5,8904000
2016-02-18,104.23999786376953,10744600
2016-02-19,104.16000366210938,9343300
2016-02-22,104.75,6947000
2016-02-23,104.08000183105469,6629200
2016-02-24,104.95999908447266,9076100
2016-02-25,106.37999725341797,8092500
2016-02-26,105.77999877929688,9049400
2016-02-29,105.20999908447266,10111100
2016-03-01,107.22000122070312,8298500
2016-03-02,107.04000091552734,9767000
2016-03-03,106.6500015258789,6927200
2016-03-04,106.5,6715700
2016-03-07,106.73999786376953,6973500
2016-03-08,106.22000122070312,7632900
2016-03-09,106.83999633789062,7564200
2016-03-10,107.13999938964844,10474700
2016-03-11,107.70999908447266,7763800
2016-03-14,107.66000366210938,7242800
2016-03-15,107.76000213623047,8476600
2016-03-16,107.41000366210938,7065100
2016-03-17,106.73999786376953,8571100
2016-03-18,107.5,14758300
2016-03-21,107.27999877929688,7674700
2016-03-22,107.37999725341797,7821700
2016-03-23,108.5,8191300
2016-03-24,108.30999755859375,6284500
2016-03-28,108.2300033569336,4738100
2016-03-29,109.13999938964844,6612800
2016-03-30,108.9800033569336,5248200
2016-03-31,108.19999694824219,8167700
2016-04-01,109.19000244140625,9043200
2016-04-04,108.58999633789062,10668900
2016-04-05,108.94999694824219,7939000
2016-04-06,109.41999816894531,6828700
2016-04-07,109.2699966430664,7822900
2016-04-08,109.0999984741211,6301600
2016-04-11,108.97000122070312,6823900
2016-04-12,109.5999984741211,8412300
2016-04-13,109.87000274658203,5758300
2016-04-14,109.83999633789062,4457100
2016-04-15,110.18000030517578,10057900
2016-04-18,110.93000030517578,7772500
2016-04-19,112.68000030517578,10526400
2016-04-20,113.58000183105469,8213400
2016-04-21,113.56999969482422,7884500
2016-04-22,113.31999969482422,7508700
2016-04-25,113.51000213623047,6139900
2016-04-26,112.91000366210938,5853600
2016-04-27,112.7699966430664,5759300
2016-04-28,112.4800033569336,6640000
2016-04-29,112.08000183105469,7774500
2016-05-02,112.75,5178800
2016-05-03,112.69000244140625,7554500
2016-05-04,112.22000122070312,5214600
2016-05-05,112.87999725341797,5404300
2016-05-06,112.73999786376953,6099900
2016-05-09,113.72000122070312,6512700
2016-05-10,114.66999816894531,8356400
2016-05-11,114.37000274658203,6680700
2016-05-12,114.2300033569336,7156300
2016-05-13,113.55999755859375,6779900
2016-05-16,114.44000244140625,6222900
2016-05-17,113.83000183105469,9233900
2016-05-18,113.58999633789062,8267900
2016-05-19,112.8499984741211,8232200
2016-05-20,112.63999938964844,7435200
2016-05-23,112.16000366210938,6462300
2016-05-24,112.69000244140625,6125300
2016-05-25,113.3499984741211,5453800
2016-05-26,112.9000015258789,3973600
2016-05-27,113.05999755859375,4647000
2016-05-31,112.69000244140625,10104700
2016-06-01,112.77999877929688,4748900
2016-06-02,114.48999786376953,7310800
2016-06-03,114.76000213623047,6881700
2016-06-06,115.7699966430664,6349400
2016-06-07,115.7300033569336,6417400
2016-06-08,115.80000305175781,5863800
2016-06-09,117.0,7375500
2016-06-10,117.01000213623047,6067400
2016-06-13,116.79000091552734,7940900
2016-06-14,117.12000274658203,6378400
2016-06-15,116.41000366210938,6371400
2016-06-16,116.63999938964844,6664300
2016-06-17,115.4800033569336,10702200
2016-06-20,116.54000091552734,5588200
2016-06-21,116.18000030517578,5493500
2016-06-22,116.45999908447266,5833800
2016-06-23,117.37999725341797,6775900
2016-06-24,115.62999725341797,13939500
2016-06-27,116.55000305175781,10877400
2016-06-28,118.2300033569336,10089600
2016-06-29,119.33000183105469,8341500
2016-06-30,121.30000305175781,11559900
2016-07-01,121.29000091552734,7051400
2016-07-05,122.2699966430664,9334100
2016-07-06,122.63999938964844,9332400
2016-07-07,122.51000213623047,6058700
2016-07-08,122.8499984741211,6129900
2016-07-11,122.93000030517578,6711600
2016-07-12,122.91999816894531,6415900
2016-07-13,123.0,5230800
2016-07-14,123.18000030517578,5322700
2016-07-15,123.0,7192800
2016-07-18,123.13999938964844,6599200
2016-07-19,125.25,11325700
2016-07-20,125.13999938964844,7334600
2016-07-21,125.1500015258789,5492600
2016-07-22,125.02999877929688,5839200
2016-07-25,124.88999938964844,4880600
2016-07-26,125.1500015258789,5589900
2016-07-27,124.7699966430664,4812600
2016-07-28,124.45999908447266,4320400
2016-07-29,125.2300033569336,7020900
2016-08-01,125.4000015258789,4615100
2016-08-02,124.8499984741211,7158700
2016-08-03,123.9000015258789,5310600
2016-08-04,123.86000061035156,4728200
2016-08-05,124.23999786376953,5146900
2016-08-08,123.6500015258789,5232500
2016-08-09,123.43000030517578,3941500
2016-08-10,123.36000061035156,4333500
2016-08-11,123.7699966430664,4052000
2016-08-12,123.22000122070312,4234800
2016-08-15,122.30999755859375,6469500
2016-08-16,120.33000183105469,11289100
2016-08-17,121.30999755859375,10442800
2016-08-18,120.72000122070312,8728000
2016-08-19,119.91999816894531,7798300
2016-08-22,119.12999725341797,6544900
2016-08-23,119.44000244140625,5603200
2016-08-24,118.70999908447266,6303900
2016-08-25,118.56999969482422,5566000
2016-08-26,119.04000091552734,6482700
2016-08-29,119.91999816894531,5074900
2016-08-30,119.47000122070312,3820500
2016-08-31,119.33999633789062,5693100
2016-09-01,119.08000183105469,4551800
2016-09-02,119.31999969482422,5806400
2016-09-06,119.75,5280700
2016-09-07,119.61000061035156,4753800
2016-09-08,119.47000122070312,4833000
2016-09-09,118.2300033569336,7957300
2016-09-12,119.16000366210938,7239800
2016-09-13,117.61000061035156,7957900
2016-09-14,117.86000061035156,6124900
2016-09-15,118.62999725341797,5812100
2016-09-16,118.25,12408800
2016-09-19,117.66000366210938,5457600
2016-09-20,117.94999694824219,5187700
2016-09-21,118.91000366210938,6337300
2016-09-22,119.45999908447266,5340500
2016-09-23,118.80999755859375,4773000
2016-09-26,117.77999877929688,5998900
2016-09-27,119.22000122070312,5349500
2016-09-28,119.38999938964844,5076100
2016-09-29,117.2699966430664,6190200
2016-09-30,118.12999725341797,7941100
2016-10-03,118.80999755859375,6098600
2016-10-04,118.81999969482422,5733900
2016-10-05,119.18000030517578,5778700
2016-10-06,118.75,4448500
2016-10-07,119.23999786376953,4799300
2016-10-10,119.80000305175781,3657000
2016-10-11,117.63999938964844,6394200
2016-10-12,117.97000122070312,4685200
2016-10-13,118.26000213623047,7387400
2016-10-14,117.55999755859375,5640500
2016-10-17,118.48999786376953,6956400
2016-10-18,115.41000366210938,12598300
2016-10-19,114.58999633789062,7400900
2016-10-20,114.87000274658203,6973000
2016-10-21,113.44000244140625,8422000
2016-10-24,113.61000061035156,6141900
2016-10-25,113.95999908447266,5595000
2016-10-26,114.55999755859375,6429200
2016-10-27,115.69999694824219,7548700
2016-10-28,115.33000183105469,8813300
2016-10-31,115.98999786376953,8552500
2016-11-01,115.33999633789062,7591900
2016-11-02,114.86000061035156,6591300
2016-11-03,115.02999877929688,6227100
2016-11-04,115.11000061035156,7160600
2016-11-07,116.66000366210938,6398200
2016-11-08,117.05000305175781,6675300
2016-11-09,120.30999755859375,16220000
2016-11-10,119.54000091552734,11904500
2016-11-11,118.47000122070312,8134800
2016-11-14,116.5999984741211,10054900
2016-11-15,116.31999969482422,7446700
2016-11-16,116.36000061035156,6594800
2016-11-17,116.56999969482422,5730300
2016-11-18,115.36000061035156,7717800
2016-11-21,115.0,5843300
2016-11-22,112.73999786376953,11649700
2016-11-23,113.06999969482422,7892600
2016-11-25,114.12999725341797,3433300
2016-11-28,113.12999725341797,9065700
2016-11-29,112.4800033569336,7799600
2016-11-30,111.30000305175781,11178500
2016-12-01,111.37999725341797,8143300
2016-12-02,111.95999908447266,6167700
2016-12-05,111.94000244140625,5451600
2016-12-06,112.05999755859375,6530400
2016-12-07,111.0999984741211,11761100
2016-12-08,110.98999786376953,7774900
2016-12-09,112.26000213623047,7672100
2016-12-12,115.36000061035156,9544600
2016-12-13,115.88999938964844,7051600
2016-12-14,114.98999786376953,9378700
2016-12-15,115.88999938964844,6738100
2016-12-16,115.87999725341797,11291100
2016-12-19,116.0199966430664,6310800
2016-12-20,115.66000366210938,5715200
2016-12-21,115.30999755859375,5907600
2016-12-22,115.44000244140625,4602300
2016-12-23,115.95999908447266,2992500
2016-12-27,115.91000366210938,3232600
2016-12-28,115.0999984741211,3278300
2016-12-29,115.48999786376953,2993600
2016-12-30,115.20999908447266,5506700
2017-01-03,115.83999633789062,5953000
2017-01-04,115.6500015258789,5828900
2017-01-05,116.86000061035156,6217200
2017-01-06,116.30000305175781,5221400
2017-01-09,116.27999877929688,5457500
2017-01-10,116.16000366210938,5312800
2017-01-11,114.7300033569336,8887200
2017-01-12,114.62000274658203,6627300
2017-01-13,114.5999984741211,4935200
2017-01-17,114.87000274658203,6255400
2017-01-18,114.69999694824219,5014600
2017-01-19,114.19999694824219,5540800
2017-01-20,114.1500015258789,7502400
2017-01-23,113.91000366210938,7989800
2017-01-24,111.76000213623047,12450300
2017-01-25,112.80000305175781,9385500
2017-01-26,111.83999633789062,10164300
2017-01-27,113.37999725341797,8886100
2017-01-30,113.12999725341797,6969400
2017-01-31,113.25,8713400
2017-02-01,113.2300033569336,7082300
2017-02-02,113.56999969482422,7826300
2017-02-03,113.63999938964844,7267600
2017-02-06,113.4000015258789,6178400
2017-02-07,113.4800033569336,5507900
2017-02-08,113.4000015258789,5272000
2017-02-09,114.08000183105469,5854600
2017-02-10,115.23999786376953,6438500
2017-02-13,115.87999725341797,5710800
2017-02-14,116.36000061035156,5539100
2017-02-15,117.19999694824219,5979700
2017-02-16,118.08000183105469,7119300
2017-02-17,118.86000061035156,8691400
2017-02-21,119.66000366210938,8595100
2017-02-22,119.5199966430664,5103900
2017-02-23,121.69999694824219,9980900
2017-02-24,122.7300033569336,10835000
2017-02-27,122.4000015258789,5946200
2017-02-28,122.20999908447266,8885500
2017-03-01,123.86000061035156,9393900
2017-03-02,123.62999725341797,6950200
2017-03-03,123.79000091552734,5585200
2017-03-06,123.70999908447266,6670700
2017-03-07,123.83000183105469,6644000
2017-03-08,124.0999984741211,7909900
2017-03-09,125.94999694824219,8571100
2017-03-10,126.20999908447266,7395400
2017-03-13,126.68000030517578,7162500
2017-03-14,127.05000305175781,7679700
2017-03-15,128.9600067138672,8360600
2017-03-16,128.4600067138672,7610700
2017-03-17,128.05999755859375,13300800
2017-03-20,128.07000732421875,5827500
2017-03-21,127.25,7578600
2017-03-22,126.26000213623047,10272700
2017-03-23,125.9000015258789,8508100
2017-03-24,125.4800033569336,6490300
2017-03-27,125.80000305175781,5004300
2017-03-28,125.66000366210938,5287600
2017-03-29,124.91999816894531,3971800
2017-03-30,124.66000366210938,4711700
2017-03-31,124.55000305175781,5657600
2017-04-03,124.69000244140625,4956400
2017-04-04,124.68000030517578,5358500
2017-04-05,124.80000305175781,5646300
2017-04-06,125.05000305175781,4324200
2017-04-07,124.91999816894531,3615100
2017-04-10,124.33999633789062,4594200
2017-04-11,124.22000122070312,4161500
2017-04-12,125.4000015258789,5556600
2017-04-13,124.98999786376953,5396500
2017-04-17,125.72000122070312,5367500
2017-04-18,121.81999969482422,13485700
2017-04-19,121.37000274658203,6993100
2017-04-20,121.87000274658203,6330100
2017-04-21,121.76000213623047,6021700
2017-04-24,122.88999938964844,5679000
2017-04-25,123.43000030517578,5090000
2017-04-26,123.51000213623047,5021800
2017-04-27,123.73999786376953,4225200
2017-04-28,123.47000122070312,4381800
2017-05-01,123.33999633789062,4556400
2017-05-02,123.69999694824219,4881600
2017-05-03,123.33000183105469,3736500
2017-05-04,123.94999694824219,3753700
2017-05-05,123.51000213623047,4139800
2017-05-08,123.25,3608600
2017-05-09,123.20999908447266,3762500
2017-05-10,122.80999755859375,4237400
2017-05-11,123.19999694824219,4095900
2017-05-12,123.63999938964844,4097100
2017-05-15,126.98999786376953,9854600
2017-05-16,127.7699966430664,7233800
2017-05-17,126.66999816894531,6480800
2017-05-18,126.97000122070312,6571300
2017-05-19,127.0,6957200
2017-05-22,127.26000213623047,4858200
2017-05-23,127.5199966430664,3972500
2017-05-24,127.51000213623047,3965200
2017-05-25,127.52999877929688,5294300
2017-05-26,126.91999816894531,4005200
2017-05-30,127.11000061035156,3665400
2017-05-31,128.25,8813500
2017-06-01,128.77999877929688,5790900
2017-06-02,130.0800018310547,6562600
2017-06-05,130.36000061035156,4634700
2017-06-06,130.8300018310547,5619100
2017-06-07,130.75,5765200
2017-06-08,130.5500030517578,8101700
2017-06-09,131.52999877929688,5992500
2017-06-12,131.82000732421875,8020700
2017-06-13,132.02000427246094,5733800
2017-06-14,132.77000427246094,7329400
2017-06-15,133.0399932861328,5265000
2017-06-16,134.35000610351562,12639600
2017-06-19,134.07000732421875,7488700
2017-06-20,134.22000122070312,5201200
2017-06-21,134.91000366210938,5841100
2017-06-22,136.0500030517578,7311000
2017-06-23,136.42999267578125,9007100
2017-06-26,136.33999633789062,5561800
2017-06-27,135.00999450683594,6120500
2017-06-28,133.82000732421875,6557900
2017-06-29,132.63999938964844,5750000
2017-06-30,132.2899932861328,5264400
2017-07-03,132.89999389648438,2931000
2017-07-05,133.63999938964844,4302700
2017-07-06,132.52000427246094,4282200
2017-07-07,132.5399932861328,4994100
2017-07-10,131.5500030517578,4019600
2017-07-11,131.22999572753906,3733100
2017-07-12,132.22999572753906,5053200
2017-07-13,131.86000061035156,4424400
2017-07-14,132.60000610351562,4383100
2017-07-17,132.14999389648438,4939400
2017-07-18,134.4600067138672,10256000
2017-07-19,135.2100067138672,5503300
2017-07-20,136.57000732421875,6088600
2017-07-21,135.30999755859375,6773500
2017-07-24,133.00999450683594,8306700
2017-07-25,131.8800048828125,6262900
2017-07-26,130.9499969482422,5382200
2017-07-27,130.8300018310547,5838100
2017-07-28,131.85000610351562,4970900
2017-07-31,132.72000122070312,5440800
2017-08-01,132.50999450683594,3837600
2017-08-02,132.16000366210938,4032100
2017-08-03,133.35000610351562,4327300
2017-08-04,133.17999267578125,3192800
2017-08-07,132.86000061035156,3010800
2017-08-08,132.27000427246094,5535800
2017-08-09,133.22999572753906,6332300
2017-08-10,133.08999633789062,5607900
2017-08-11,133.10000610351562,4270600
2017-08-14,133.47999572753906,3041100
2017-08-15,133.3800048828125,3931800
2017-08-16,134.1699981689453,4469900
2017-08-17,133.0399932861328,5741400
2017-08-18,132.6300048828125,4792800
2017-08-21,133.4499969482422,4660000
2017-08-22,134.6999969482422,4150300
2017-08-23,132.8000030517578,5129900
2017-08-24,132.88999938964844,5398400
2017-08-25,131.67999267578125,4133300
2017-08-28,131.74000549316406,5349200
2017-08-29,132.2100067138672,3277900
2017-08-30,131.07000732421875,5430800
2017-08-31,132.3699951171875,7407100
2017-09-01,131.02999877929688,3820800
2017-09-05,129.89999389648438,5146600
2017-09-06,130.6699981689453,5601900
2017-09-07,132.19000244140625,3800200
2017-09-08,130.97999572753906,4854400
2017-09-11,133.2100067138672,5724200
2017-09-12,132.6300048828125,5465200
2017-09-13,132.4499969482422,4679500
2017-09-14,134.17999267578125,6274500
2017-09-15,134.4499969482422,15522000
2017-09-18,135.3800048828125,5260800
2017-09-19,135.22000122070312,4903800
2017-09-20,133.22000122070312,8705500
2017-09-21,131.75,6051800
2017-09-22,131.38999938964844,4334900
2017-09-25,131.1699981689453,6017400
2017-09-26,130.94000244140625,4516200
2017-09-27,129.75,5796100
2017-09-28,129.47000122070312,3992700
2017-09-29,130.00999450683594,5736900
2017-10-02,131.22000122070312,4492900
2017-10-03,132.10000610351562,3900800
2017-10-04,132.88999938964844,3589000
2017-10-05,133.19000244140625,3741100
2017-10-06,133.22000122070312,2469500
2017-10-09,133.4499969482422,3750500
2017-10-10,133.89999389648438,4184600
2017-10-11,136.64999389648438,8269400
2017-10-12,136.8300018310547,5172800
2017-10-13,136.42999267578125,4106600
2017-10-16,136.1199951171875,5120100
2017-10-17,140.7899932861328,11717300
2017-10-18,140.67999267578125,6827700
2017-10-19,142.0399932861328,9181300
2017-10-20,142.39999389648438,5634500
2017-10-23,143.6199951171875,6686000
2017-10-24,141.63999938964844,6585800
2017-10-25,142.36000061035156,6563600
2017-10-26,141.80999755859375,5841100
2017-10-27,141.77999877929688,5140100
2017-10-30,140.0,6034300
2017-10-31,139.41000366210938,4832100
2017-11-01,139.97999572753906,5006800
2017-11-02,139.92999267578125,3494100
2017-11-03,140.0800018310547,2737000
2017-11-06,139.75999450683594,4220700
2017-11-07,139.77000427246094,4201900
2017-11-08,141.32000732421875,4440700
2017-11-09,140.35000610351562,3517100
2017-11-10,139.55999755859375,4240800
2017-11-13,139.75999450683594,4322300
2017-11-14,139.49000549316406,4078200
2017-11-15,139.10000610351562,4811500
2017-11-16,138.8699951171875,4193800
2017-11-17,138.0,4247400
2017-11-20,137.92999267578125,4266300
2017-11-21,138.33999633789062,5660600
2017-11-22,137.2899932861328,3917000
2017-11-24,138.00999450683594,2606800
2017-11-27,138.10000610351562,3933100
2017-11-28,140.02000427246094,5052800
2017-11-29,139.80999755859375,5851400
2017-11-30,139.3300018310547,8941900
2017-12-01,139.97999572753906,5990500
2017-12-04,139.00999450683594,5916700
2017-12-05,139.6699981689453,6745300
2017-12-06,141.05999755859375,5591700
2017-12-07,140.00999450683594,4713100
2017-12-08,140.58999633789062,5101300
2017-12-11,141.13999938964844,4358600
2017-12-12,142.60000610351562,8016700
2017-12-13,142.88999938964844,6118400
2017-12-14,141.64999389648438,5337900
2017-12-15,142.4600067138672,12517000
2017-12-18,141.8000030517578,5833200
2017-12-19,141.77999877929688,6580100
2017-12-20,141.16000366210938,6289800
2017-12-21,141.05999755859375,6284700
2017-12-22,140.1199951171875,4665600
2017-12-26,140.08999633789062,3271100
2017-12-27,140.57000732421875,3753600
2017-12-28,140.55999755859375,2485000
2017-12-29,139.72000122070312,4452900
2018-01-02,139.22999572753906,6842100
2018-01-03,140.55999755859375,5350500
2018-01-04,140.5500030517578,4837600
2018-01-05,141.7100067138672,6158800
2018-01-08,141.88999938964844,5129800
2018-01-09,144.13999938964844,8897000
2018-01-10,143.97000122070312,6558600
2018-01-11,144.7899932861328,4962200
2018-01-12,145.75999450683594,5450600
2018-01-16,146.86000061035156,8804000
2018-01-17,146.97999572753906,10619700
2018-01-18,146.9199981689453,5554800
2018-01-19,147.36000061035156,8738800
2018-01-22,148.13999938964844,7010400
2018-01-23,141.8300018310547,17473600
2018-01-24,142.07000732421875,13034400
2018-01-25,144.39999389648438,7938800
2018-01-26,145.3300018310547,8065600
2018-01-29,143.67999267578125,8013400
2018-01-30,142.42999267578125,8376100
2018-01-31,138.19000244140625,13137400
2018-02-01,140.02000427246094,9393600
2018-02-02,137.67999267578125,9262500
2018-02-05,130.38999938964844,19954100
2018-02-06,131.8300018310547,19193500
2018-02-07,131.4199981689453,10550400
2018-02-08,126.36000061035156,11680200
2018-02-09,129.52999877929688,15030900
2018-02-12,130.27000427246094,9963900
2018-02-13,129.9600067138672,6339000
2018-02-14,129.6699981689453,6259700
2018-02-15,131.22999572753906,5606400
2018-02-16,133.14999389648438,7970100
2018-02-20,130.8699951171875,6563500
2018-02-21,129.91000366210938,6578000
2018-02-22,129.91000366210938,5732200
2018-02-23,132.02000427246094,5126800
2018-02-26,132.07000732421875,6684400
2018-02-27,131.6699981689453,7158600
2018-02-28,129.8800048828125,7985900
2018-03-01,127.27999877929688,9424000
2018-03-02,128.82000732421875,6910400
2018-03-05,129.7899932861328,5799800
2018-03-06,128.22000122070312,5546500
2018-03-07,129.0399932861328,6391700
2018-03-08,132.05999755859375,6423400
2018-03-09,133.8000030517578,7557800
2018-03-12,132.6300048828125,4942000
2018-03-13,134.35000610351562,9152300
2018-03-14,132.32000732421875,6770600
2018-03-15,133.05999755859375,6147200
2018-03-16,133.67999267578125,14233500
2018-03-19,130.24000549316406,6017000
2018-03-20,131.2100067138672,6214300
2018-03-21,131.19000244140625,5158700
2018-03-22,127.37999725341797,7560100
2018-03-23,125.0999984741211,8452500
2018-03-26,127.38999938964844,8358200
2018-03-27,127.20999908447266,7789900
2018-03-28,127.44999694824219,6868500
2018-03-29,128.14999389648438,6119400
2018-04-02,124.55999755859375,8916900
2018-04-03,128.35000610351562,8035000
2018-04-04,130.41000366210938,7717100
2018-04-05,130.7100067138672,5621700
2018-04-06,128.10000610351562,6399300
2018-04-09,129.47999572753906,6395800
2018-04-10,130.25,6019300
2018-04-11,129.6300048828125,4575400
2018-04-12,130.42999267578125,4559800
2018-04-13,130.6199951171875,4742300
2018-04-16,131.75999450683594,6379600
2018-04-17,130.5399932861328,11008700
2018-04-18,127.72000122070312,9383600
2018-04-19,127.55000305175781,5959500
2018-04-20,126.66000366210938,7743900
2018-04-23,126.83000183105469,7501900
2018-04-24,126.19000244140625,6577500
2018-04-25,126.76000213623047,5859600
2018-04-26,128.00999450683594,8211100
2018-04-27,128.27000427246094,4266800
2018-04-30,126.48999786376953,8219400
2018-05-01,126.01000213623047,5122600
2018-05-02,123.5,7390800
2018-05-03,123.02999877929688,7282900
2018-05-04,124.19000244140625,6127600
2018-05-07,123.58999633789062,6707900
2018-05-08,122.61000061035156,5951800
2018-05-09,123.51000213623047,6808600
2018-05-10,125.3499984741211,4948000
2018-05-11,127.23999786376953,5716700
2018-05-14,126.05999755859375,6101600
2018-05-15,125.12999725341797,5875700
2018-05-16,125.3499984741211,3818100
2018-05-17,123.8499984741211,6473400
2018-05-18,124.23999786376953,5433900
2018-05-21,123.72000122070312,5558700
2018-05-22,122.91000366210938,7172700
2018-05-23,123.44999694824219,4940800
2018-05-24,122.25,6923600
2018-05-25,121.47000122070312,4594800
2018-05-29,119.4000015258789,9821900
2018-05-30,120.97000122070312,6423700
2018-05-31,119.62000274658203,10337500
2018-06-01,121.26000213623047,5741000
2018-06-04,121.94999694824219,4853000
2018-06-05,121.4800033569336,5125400
2018-06-06,122.79000091552734,6799300
2018-06-07,123.33000183105469,7414100
2018-06-08,124.05999755859375,6208100
2018-06-11,122.66000366210938,5571400
2018-06-12,122.54000091552734,5227300
2018-06-13,122.62999725341797,5836900
2018-06-14,122.41000366210938,5239200
2018-06-15,122.61000061035156,13173500
2018-06-18,121.31999969482422,6787400
2018-06-19,122.56999969482422,8572400
2018-06-20,122.04000091552734,6277200
2018-06-21,121.44999694824219,4417200
2018-06-22,122.83999633789062,9501400
2018-06-25,122.58999633789062,8170500
2018-06-26,122.3499984741211,5496400
2018-06-27,121.61000061035156,5666000
2018-06-28,122.0,5296800
2018-06-29,121.33999633789062,7308700
2018-07-02,121.58000183105469,5481400
2018-07-03,122.70999908447266,4248100
2018-07-05,125.0,7319100
2018-07-06,125.75,7297900
2018-07-09,126.05000305175781,6706100
2018-07-10,127.37999725341797,5075600
2018-07-11,126.23999786376953,4827400
2018-07-12,127.76000213623047,6199000
2018-07-13,125.93000030517578,8250200
2018-07-16,124.69000244140625,7314400
2018-07-17,129.11000061035156,12858700
2018-07-18,127.80000305175781,7152000
2018-07-19,125.94000244140625,5984600
2018-07-20,125.8499984741211,5835500
2018-07-23,126.62999725341797,4631100
2018-07-24,129.36000061035156,7158800
2018-07-25,128.6199951171875,6523000
2018-07-26,130.27999877929688,7640600
2018-07-27,131.5500030517578,6620400
2018-07-30,132.1699981689453,11013100
2018-07-31,132.52000427246094,7598900
2018-08-01,132.63999938964844,5770400
2018-08-02,131.25,6563300
2018-08-03,131.9499969482422,6498700
2018-08-06,132.02000427246094,5840000
2018-08-07,131.4600067138672,4664600
2018-08-08,131.1699981689453,3721500
2018-08-09,131.1999969482422,4057800
2018-08-10,130.75,4324000
2018-08-13,130.22000122070312,3778000
2018-08-14,129.5,4542800
2018-08-15,130.42999267578125,5377300
2018-08-16,132.47999572753906,7861500
2018-08-17,134.47000122070312,6700900
2018-08-20,136.8800048828125,7935000
2018-08-21,135.35000610351562,5832100
2018-08-22,134.61000061035156,4688400
2018-08-23,135.11000061035156,5057600
2018-08-24,135.9499969482422,4809400
2018-08-27,134.9199981689453,4325900
2018-08-28,134.32000732421875,6037500
2018-08-29,134.86000061035156,4648700
2018-08-30,134.9499969482422,4821900
2018-08-31,134.69000244140625,6139500
2018-09-04,133.72000122070312,4406800
2018-09-05,135.86000061035156,6174800
2018-09-06,136.8699951171875,6562000
2018-09-07,137.32000732421875,6375200
2018-09-10,137.2100067138672,4892200
2018-09-11,138.50999450683594,7856800
2018-09-12,139.36000061035156,6767700
2018-09-13,139.88999938964844,6456100
2018-09-14,139.49000549316406,4534800
2018-09-17,139.9600067138672,5295500
2018-09-18,140.5399932861328,4581200
2018-09-19,140.4600067138672,5049900
2018-09-20,141.97999572753906,5019300
2018-09-21,142.8800048828125,13283400
2018-09-24,140.47000122070312,6708000
2018-09-25,138.63999938964844,7982800
2018-09-26,138.16000366210938,7133300
2018-09-27,138.22000122070312,6450500
2018-09-28,138.1699981689453,6638500
2018-10-01,139.69000244140625,4871800
2018-10-02,140.47999572753906,6439100
2018-10-03,139.02999877929688,5411800
2018-10-04,139.35000610351562,4738700
2018-10-05,139.10000610351562,4309300
2018-10-08,139.38999938964844,5174100
2018-10-09,139.1999969482422,4475300
2018-10-10,137.72999572753906,7265600
2018-10-11,133.83999633789062,11603200
2018-10-12,133.8699951171875,6998000
2018-10-15,133.9499969482422,6398700
2018-10-16,136.55999755859375,9592800
2018-10-17,139.4600067138672,8261100
2018-10-18,139.5,7583900
2018-10-19,139.0500030517578,5924800
2018-10-22,138.67999267578125,4864300
2018-10-23,138.92999267578125,8282700
2018-10-24,137.47000122070312,8279200
2018-10-25,138.47000122070312,9720700
2018-10-26,136.97000122070312,11371400
2018-10-29,137.5500030517578,6783000
2018-10-30,140.75,9646200
2018-10-31,139.99000549316406,9968900
2018-11-01,140.82000732421875,6913500
2018-11-02,140.67999267578125,7673200
2018-11-05,142.1999969482422,5601400
2018-11-06,142.57000732421875,5798900
2018-11-07,144.75,7173600
2018-11-08,145.3000030517578,5497100
2018-11-09,145.33999633789062,5343100
2018-11-12,145.6199951171875,7013600
2018-11-13,144.67999267578125,7432300
2018-11-14,144.25,6433100
2018-11-15,144.5,6657900
2018-11-16,145.99000549316406,8494300
2018-11-19,147.72999572753906,8714600
2018-11-20,146.4499969482422,8937700
2018-11-21,141.99000549316406,10275400
2018-11-23,142.22999572753906,3404900
2018-11-26,141.3699951171875,7590900
2018-11-27,143.22000122070312,5962100
2018-11-28,146.44000244140625,8411400
2018-11-29,145.85000610351562,6900000
2018-11-30,146.89999389648438,12517600
2018-12-03,146.2100067138672,8827200
2018-12-04,146.02999877929688,9803500
2018-12-06,145.91000366210938,11572500
2018-12-07,145.42999267578125,9444500
2018-12-10,145.25999450683594,6848100
2018-12-11,146.5,9857400
2018-12-12,147.10000610351562,8869200
2018-12-13,147.83999633789062,6008300
2018-12-14,133.0,58140200
2018-12-17,129.13999938964844,36933100
2018-12-18,130.4199981689453,24640100
2018-12-19,127.61000061035156,21232100
2018-12-20,128.27000427246094,16609600
2018-12-21,128.08999633789062,19732900
2018-12-24,122.83999633789062,7531900
2018-12-26,126.70999908447266,9253000
2018-12-27,127.41000366210938,9918700
2018-12-28,127.2699966430664,6537200
2018-12-31,129.0500030517578,7409900
2019-01-02,127.75,7631700
2019-01-03,125.72000122070312,8654500
2019-01-04,127.83000183105469,8831700
2019-01-07,127.01000213623047,8404700
2019-01-08,129.9600067138672,9351600
2019-01-09,128.92999267578125,7403500
2019-01-10,129.7100067138672,6224400
2019-01-11,129.75,5300400
2019-01-14,128.27999877929688,7374400
2019-01-15,129.36000061035156,5194400
2019-01-16,128.0399932861328,6264200
2019-01-17,129.08999633789062,7632000
2019-01-18,130.69000244140625,10593000
2019-01-22,128.8000030517578,10568100
2019-01-23,128.8000030517578,9267800
2019-01-24,127.02999877929688,9917000
2019-01-25,128.22999572753906,7585100
2019-01-28,128.99000549316406,6927700
2019-01-29,130.3300018310547,6669300
2019-01-30,131.63999938964844,7299300
2019-01-31,133.0800018310547,17298100
2019-02-01,134.1999969482422,9575200
2019-02-04,132.8800048828125,7759000
2019-02-05,132.8800048828125,6449800
2019-02-06,133.0,5066100
2019-02-07,132.0500030517578,6085300
2019-02-08,132.39999389648438,4436700
2019-02-11,132.0,4962200
2019-02-12,134.16000366210938,6262300
2019-02-13,134.4499969482422,7902200
2019-02-14,134.30999755859375,3910400
2019-02-15,136.3800048828125,6665000
2019-02-19,135.69000244140625,5935500
2019-02-20,136.35000610351562,6089800
2019-02-21,135.4199981689453,6665500
2019-02-22,136.60000610351562,5223900
2019-02-25,136.1999969482422,6846600
2019-02-26,136.11000061035156,5106900
2019-02-27,135.8699951171875,4378100
2019-02-28,136.63999938964844,10133200
2019-03-01,138.35000610351562,5641600
2019-03-04,138.47999572753906,8377700
2019-03-05,138.77000427246094,6568900
2019-03-06,139.08999633789062,6236900
2019-03-07,138.24000549316406,6100400
2019-03-08,138.05999755859375,7046700
2019-03-11,138.55999755859375,6150400
2019-03-12,139.17999267578125,5552900
2019-03-13,139.41000366210938,6446900
2019-03-14,138.02000427246094,8493600
2019-03-15,137.60000610351562,11922500
2019-03-18,137.1699981689453,7369600
2019-03-19,138.44000244140625,5882500
2019-03-20,137.2899932861328,5475700
2019-03-21,138.10000610351562,5765100
2019-03-22,136.91000366210938,6528800
2019-03-25,136.61000061035156,4500300
2019-03-26,138.57000732421875,4758600
2019-03-27,138.6999969482422,6764900
2019-03-28,138.8800048828125,4602100
2019-03-29,139.7899932861328,7168400
2019-04-01,138.97999572753906,5885200
2019-04-02,137.7100067138672,5517800
2019-04-03,137.1699981689453,5947000
2019-04-04,135.57000732421875,5844600
2019-04-05,136.17999267578125,4759700
2019-04-08,136.13999938964844,4329600
2019-04-09,135.57000732421875,5210300
2019-04-10,135.5800018310547,4194100
2019-04-11,135.2100067138672,4485200
2019-04-12,135.97999572753906,5756800
2019-04-15,136.52000427246094,5380900
2019-04-16,138.02000427246094,10745700
2019-04-17,138.52000427246094,9543700
2019-04-18,137.52000427246094,10485300
2019-04-22,137.8300018310547,4666500
2019-04-23,139.89999389648438,5790500
2019-04-24,139.1999969482422,5676300
2019-04-25,139.64999389648438,5218100
2019-04-26,140.38999938964844,4613600
2019-04-29,139.83999633789062,4275200
2019-04-30,141.1999969482422,6003700
2019-05-01,141.9499969482422,6656300
2019-05-02,141.27999877929688,8835600
2019-05-03,142.00999450683594,5281600
2019-05-06,142.08999633789062,5818900
2019-05-07,139.97000122070312,6606700
2019-05-08,139.7899932861328,4667300
2019-05-09,138.72999572753906,5604200
2019-05-10,139.0500030517578,4771600
2019-05-13,137.1999969482422,5560000
2019-05-14,136.82000732421875,7179400
2019-05-15,136.91000366210938,6429400
2019-05-16,138.2100067138672,6857200
2019-05-17,138.61000061035156,6915300
2019-05-20,138.4199981689453,4771100
2019-05-21,138.1199951171875,4859000
2019-05-22,138.75999450683594,5456800
2019-05-23,139.7899932861328,6951800
2019-05-24,138.85000610351562,5473300
2019-05-28,137.07000732421875,11919600
2019-05-29,131.3300018310547,23247400
2019-05-30,132.11000061035156,7360600
2019-05-31,131.14999389648438,7811000
2019-06-03,131.44000244140625,8434600
2019-06-04,133.72999572753906,6648900
2019-06-05,134.3800048828125,6860600
2019-06-06,136.67999267578125,9115800
2019-06-07,138.5500030517578,6533900
2019-06-10,139.02000427246094,4994700
2019-06-11,139.77999877929688,8230500
2019-06-12,141.67999267578125,9216500
2019-06-13,140.7100067138672,7500800
2019-06-14,140.08999633789062,6548100
2019-06-17,139.44000244140625,5562800
2019-06-18,140.22999572753906,7122700
2019-06-19,140.4499969482422,6393400
2019-06-20,142.2100067138672,7335800
2019-06-21,142.08999633789062,11272200
2019-06-24,143.05999755859375,5894700
2019-06-25,144.24000549316406,7517000
2019-06-26,141.85000610351562,7674100
2019-06-27,140.69000244140625,5233500
2019-06-28,139.27999877929688,12792400
2019-07-01,139.36000061035156,5872300
2019-07-02,140.02999877929688,4501200
2019-07-03,142.13999938964844,3436300
2019-07-05,140.57000732421875,4652400
2019-07-08,140.97000122070312,4078100
2019-07-09,141.41000366210938,4217400
2019-07-10,141.2100067138672,4874400
2019-07-11,140.11000061035156,5817400
2019-07-12,134.3000030517578,17780100
2019-07-15,134.7100067138672,10038200
2019-07-16,132.5,10214500
2019-07-17,131.86000061035156,8862100
2019-07-18,132.07000732421875,6203100
2019-07-19,130.30999755859375,8340200
2019-07-22,128.63999938964844,12624800
2019-07-23,128.83999633789062,5803600
2019-07-24,129.77999877929688,6838600
2019-07-25,131.1199951171875,8897800
2019-07-26,130.72999572753906,4894600
2019-07-29,133.02000427246094,7832000
2019-07-30,132.0800018310547,5509600
2019-07-31,130.22000122070312,8559200
2019-08-01,130.2899932861328,7870700
2019-08-02,131.07000732421875,6574900
2019-08-05,130.16000366210938,9480000
2019-08-06,130.77000427246094,7880600
2019-08-07,130.2100067138672,6771700
2019-08-08,131.67999267578125,5260500
2019-08-09,132.0399932861328,4677300
2019-08-12,131.92999267578125,6852100
2019-08-13,133.4199981689453,5013200
2019-08-14,130.25999450683594,7736200
2019-08-15,130.5399932861328,7251200
2019-08-16,131.36000061035156,5858900
2019-08-19,132.25,4958000
2019-08-20,130.60000610351562,7302000
2019-08-21,131.52999877929688,6912800
2019-08-22,131.27000427246094,7213500
2019-08-23,127.7300033569336,15714000
2019-08-26,127.80000305175781,8889500
2019-08-27,129.63999938964844,20183800
2019-08-28,128.67999267578125,9878800
2019-08-29,128.24000549316406,6749900
2019-08-30,128.36000061035156,7371100
2019-09-03,128.74000549316406,5710200
2019-09-04,128.86000061035156,4807200
2019-09-05,128.5800018310547,4754100
2019-09-06,128.2100067138672,6758300
2019-09-09,126.94999694824219,7684700
2019-09-10,129.5500030517578,8239500
2019-09-11,131.1699981689453,6203600
2019-09-12,130.42999267578125,5250000
2019-09-13,130.77999877929688,5369800
2019-09-16,129.5399932861328,5101700
2019-09-17,129.6699981689453,4976400
2019-09-18,130.41000366210938,4373600
2019-09-19,130.11000061035156,4730100
2019-09-20,131.64999389648438,12053100
2019-09-23,131.74000549316406,5183700
2019-09-24,131.5500030517578,7102600
2019-09-25,130.99000549316406,4522900
2019-09-26,128.85000610351562,7545800
2019-09-27,128.60000610351562,6006500
2019-09-30,129.3800048828125,6552100
2019-10-01,129.99000549316406,7673000
2019-10-02,132.0,12051800
2019-10-03,131.19000244140625,6997600
2019-10-04,133.66000366210938,7233300
2019-10-07,133.16000366210938,5427200
2019-10-08,131.83999633789062,7870400
2019-10-09,129.22000122070312,7787700
2019-10-10,129.05999755859375,5119700
2019-10-11,131.3300018310547,7161400
2019-10-14,130.72000122070312,5700000
2019-10-15,132.83999633789062,10008800
2019-10-16,135.1699981689453,12434200
2019-10-17,136.1699981689453,8434000
2019-10-18,127.69999694824219,25868700
2019-10-21,128.02000427246094,13823600
2019-10-22,129.1999969482422,7613700
2019-10-23,129.89999389648438,6693400
2019-10-24,127.5,12111600
2019-10-25,128.35000610351562,6947300
2019-10-28,129.17999267578125,7876300
2019-10-29,129.1199951171875,4506300
2019-10-30,132.83999633789062,9627600
2019-10-31,132.0399932861328,7686700
2019-11-01,131.1999969482422,5541800
2019-11-04,130.22999572753906,6140300
2019-11-05,130.4199981689453,6257300
2019-11-06,130.9600067138672,5450000
2019-11-07,131.42999267578125,5873700
2019-11-08,133.0,5003000
2019-11-11,131.97999572753906,4371400
2019-11-12,131.35000610351562,5228700
2019-11-13,131.27000427246094,5885400
2019-11-14,130.9600067138672,4217500
2019-11-15,134.94000244140625,10495100
2019-11-18,134.8300018310547,9291800
2019-11-19,134.82000732421875,5192200
2019-11-20,135.94000244140625,7594400
2019-11-21,136.44000244140625,6424900
2019-11-22,138.07000732421875,9235800
2019-11-25,137.17999267578125,6111900
2019-11-26,137.1699981689453,10636500
2019-11-27,137.75,5523000
2019-11-29,137.49000549316406,3278900
2019-12-02,137.36000061035156,4717100
2019-12-03,137.16000366210938,5741400
2019-12-04,139.3800048828125,7257300
2019-12-05,139.55999755859375,5472900
2019-12-06,140.3800048828125,6640400
2019-12-09,140.5,4241000
2019-12-10,139.99000549316406,5310300
2019-12-11,140.97999572753906,6631500
2019-12-12,141.33999633789062,5012400
2019-12-13,141.3800048828125,4257200
2019-12-16,141.7899932861328,5353100
2019-12-17,143.55999755859375,10722400
2019-12-18,143.19000244140625,7849200
2019-12-19,145.35000610351562,9414700
2019-12-20,146.05999755859375,14532800
2019-12-23,146.44000244140625,6558700
2019-12-24,145.92999267578125,4238900
2019-12-26,145.8300018310547,3019300
2019-12-27,145.75,3432700
2019-12-30,145.3000030517578,2923300
2019-12-31,145.8699951171875,4435000
2020-01-02,145.97000122070312,5777000
2020-01-03,144.27999877929688,5752400
2020-01-06,144.10000610351562,7731300
2020-01-07,144.97999572753906,7382900
2020-01-08,144.9600067138672,6605800
2020-01-09,145.38999938964844,6112700
2020-01-10,145.05999755859375,5042600
2020-01-13,145.6999969482422,4593200
2020-01-14,146.52000427246094,7037500
2020-01-15,147.00999450683594,4960300
2020-01-16,148.1999969482422,6476000
2020-01-17,149.1699981689453,9083600
2020-01-21,149.27000427246094,9543900
2020-01-22,148.25,10305300
2020-01-23,148.52999877929688,8671900
2020-01-24,148.32000732421875,9051900
2020-01-27,148.75,7587100
2020-01-28,149.5,7336600
2020-01-29,150.5399932861328,6288600
2020-01-30,150.36000061035156,6470600
2020-01-31,148.8699951171875,8651700
2020-02-03,150.1699981689453,5765200
2020-02-04,151.60000610351562,6541400
2020-02-05,153.99000549316406,5979900
2020-02-06,153.52999877929688,6201200
2020-02-07,151.88999938964844,5700300
2020-02-10,151.86000061035156,4835600
2020-02-11,151.99000549316406,3715300
2020-02-12,151.08999633789062,5166800
2020-02-13,150.08999633789062,5480200
2020-02-14,150.1300048828125,5716300
2020-02-18,149.13999938964844,7230700
2020-02-19,148.94000244140625,6115200
2020-02-20,148.3699951171875,7464700
2020-02-21,149.92999267578125,7776800
2020-02-24,145.91000366210938,10588900
2020-02-25,144.64999389648438,10529000
2020-02-26,143.67999267578125,10093800
2020-02-27,139.1199951171875,12566700
2020-02-28,134.47999572753906,19820300
2020-03-02,140.02000427246094,11508200
2020-03-03,135.58999633789062,13662500
2020-03-04,143.47999572753906,10560500
2020-03-05,142.00999450683594,11339200
2020-03-06,142.02999877929688,12239100
2020-03-09,136.44000244140625,13848600
2020-03-10,141.63999938964844,12698100
2020-03-11,131.8000030517578,17763400
2020-03-12,125.41000366210938,21539200
2020-03-13,134.2899932861328,20084200
2020-03-16,127.12999725341797,18877900
2020-03-17,136.58999633789062,18911800
2020-03-18,134.9600067138672,17521100
2020-03-19,127.05000305175781,18482300
2020-03-20,119.88999938964844,19785100
2020-03-23,111.13999938964844,20815200
2020-03-24,119.18000030517578,17604800
2020-03-25,119.4000015258789,13986100
2020-03-26,126.56999969482422,15066800
2020-03-27,123.16000366210938,12133200
2020-03-30,133.00999450683594,21754000
2020-03-31,131.1300048828125,15746100
2020-04-01,128.80999755859375,12606100
2020-04-02,133.14999389648438,11594500
2020-04-03,134.1699981689453,10071200
2020-04-06,139.75999450683594,14994400
2020-04-07,137.47999572753906,11567100
2020-04-08,143.25999450683594,10758200
2020-04-09,141.22999572753906,11125400
2020-04-13,139.77000427246094,8153200
2020-04-14,146.02999877929688,13838000
2020-04-15,147.66000366210938,11962300
2020-04-16,149.6699981689453,12181700
2020-04-17,152.02000427246094,10920000
2020-04-20,151.6699981689453,12226200
2020-04-21,149.67999267578125,9951100
2020-04-22,152.99000549316406,11515600
2020-04-23,155.50999450683594,10665000
2020-04-24,154.86000061035156,8653400
2020-04-27,154.2899932861328,8924000
2020-04-28,151.38999938964844,8558700
2020-04-29,150.24000549316406,9285200
2020-04-30,150.0399932861328,14829600
2020-05-01,148.2899932861328,7309000
2020-05-04,148.27000427246094,7198400
2020-05-05,149.5,6562300
2020-05-06,148.0800018310547,6191600
2020-05-07,147.58999633789062,5570500
2020-05-08,148.6999969482422,4712100
2020-05-11,149.11000061035156,5887500
2020-05-12,147.13999938964844,7039200
2020-05-13,147.1300048828125,6970500
2020-05-14,147.63999938964844,6871400
2020-05-15,150.44000244140625,10340400
2020-05-18,150.52000427246094,7388400
2020-05-19,149.02000427246094,6107300
2020-05-20,147.67999267578125,5713400
2020-05-21,146.7100067138672,6487300
2020-05-22,144.3699951171875,6140900
2020-05-26,144.55999755859375,7072300
2020-05-27,144.88999938964844,7950000
2020-05-28,146.97000122070312,6189600
2020-05-29,148.75,8504000
2020-06-01,147.19000244140625,6141800
2020-06-02,148.25,6078300
2020-06-03,148.64999389648438,6339500
2020-06-04,146.72999572753906,8170500
2020-06-05,147.3000030517578,9725400
2020-06-08,146.77000427246094,7555600
2020-06-09,145.9600067138672,8247200
2020-06-10,147.8000030517578,10137100
2020-06-11,140.8699951171875,11913300
2020-06-12,142.14999389648438,8687400
2020-06-15,141.25,8649600
2020-06-16,144.4600067138672,7579100
2020-06-17,144.02000427246094,5100100
2020-06-18,143.41000366210938,4797400
2020-06-19,143.8300018310547,12206900
2020-06-22,143.38999938964844,5285600
2020-06-23,142.86000061035156,5921600
2020-06-24,139.82000732421875,8211200
2020-06-25,139.6699981689453,7421200
2020-06-26,137.80999755859375,12849700
2020-06-29,139.0399932861328,5309800
2020-06-30,140.6300048828125,7738300
2020-07-01,140.3800048828125,6174800
2020-07-02,140.97000122070312,5152200
2020-07-06,142.97999572753906,6156400
2020-07-07,142.85000610351562,5622600
2020-07-08,143.27000427246094,6257400
2020-07-09,142.49000549316406,5738600
2020-07-10,142.3699951171875,4282400
2020-07-13,145.2100067138672,6951900
2020-07-14,147.9199981689453,7447100
2020-07-15,148.25999450683594,8512800
2020-07-16,149.25,9304700
2020-07-17,149.35000610351562,7441100
2020-07-20,149.60000610351562,6191500
2020-07-21,149.74000549316406,5575900
2020-07-22,150.00999450683594,5910200
2020-07-23,149.61000061035156,6566300
2020-07-24,148.1199951171875,5405900
2020-07-27,147.17999267578125,5675200
2020-07-28,146.8300018310547,4842200
2020-07-29,146.5399932861328,4489100
2020-07-30,146.83999633789062,5922500
2020-07-31,145.75999450683594,8259600
2020-08-03,147.35000610351562,4078700
2020-08-04,147.22000122070312,4162200
2020-08-05,148.39999389648438,5467500
2020-08-06,147.5500030517578,4837900
2020-08-07,148.60000610351562,3635100
2020-08-10,148.02999877929688,4096600
2020-08-11,146.97000122070312,6388400
2020-08-12,149.66000366210938,5257300
2020-08-13,148.0,5155500
2020-08-14,148.24000549316406,4240200
2020-08-17,148.99000549316406,4306900
2020-08-18,150.08999633789062,4322600
2020-08-19,150.38999938964844,7816300
2020-08-20,151.4199981689453,4874700
2020-08-21,152.75999450683594,6722800
2020-08-24,152.14999389648438,5387900
2020-08-25,152.05999755859375,3863500
2020-08-26,152.3000030517578,8008300
2020-08-27,152.97999572753906,5575400
2020-08-28,153.63999938964844,5395700
2020-08-31,153.41000366210938,6362700
2020-09-01,151.52000427246094,6307700
2020-09-02,153.8300018310547,6881900
2020-09-03,149.5500030517578,8672800
2020-09-04,148.58999633789062,7200100
2020-09-08,147.25999450683594,8756800
2020-09-09,149.6999969482422,6960700
2020-09-10,146.91000366210938,6191800
2020-09-11,147.77999877929688,3934700
2020-09-14,148.35000610351562,4375800
2020-09-15,148.88999938964844,3658800
2020-09-16,148.39999389648438,4323000
2020-09-17,147.1699981689453,5461400
2020-09-18,149.17999267578125,12174000
2020-09-21,145.10000610351562,7574500
2020-09-22,144.2100067138672,5295900
2020-09-23,144.44000244140625,8784400
2020-09-24,144.6699981689453,5614800
2020-09-25,145.66000366210938,5531200
2020-09-28,147.11000061035156,5843200
2020-09-29,147.05999755859375,6768600
2020-09-30,148.8800048828125,8487700
2020-10-01,147.32000732421875,6457800
2020-10-02,146.24000549316406,5485600
2020-10-05,148.22999572753906,4992800
2020-10-06,146.25999450683594,5118200
2020-10-07,147.8800048828125,5603100
2020-10-08,148.88999938964844,4413500
2020-10-09,150.97000122070312,5054100
2020-10-12,151.83999633789062,7273200
2020-10-13,148.36000061035156,11057600
2020-10-14,148.10000610351562,7706400
2020-10-15,147.19000244140625,5978600
2020-10-16,148.10000610351562,6097000
2020-10-19,144.32000732421875,7250800
2020-10-20,144.5500030517578,5325400
2020-10-21,143.92999267578125,5221300
2020-10-22,145.0800018310547,5279700
2020-10-23,145.24000549316406,4154400
2020-10-26,143.97000122070312,6929500
2020-10-27,143.14999389648438,4890100
2020-10-28,138.36000061035156,8426100
2020-10-29,137.19000244140625,7205400
2020-10-30,137.11000061035156,7364100
2020-11-02,138.69000244140625,7088000
2020-11-03,138.5,6363000
2020-11-04,139.39999389648438,10263500
2020-11-05,139.75999450683594,8016200
2020-11-06,142.25,5942500
2020-11-09,146.0800018310547,12351600
2020-11-10,148.27999877929688,7386500
2020-11-11,147.8000030517578,6382400
2020-11-12,148.3000030517578,4710300
2020-11-13,149.89999389648438,5893500
2020-11-16,150.85000610351562,6266400
2020-11-17,149.35000610351562,7297700
2020-11-18,147.3699951171875,6661000
2020-11-19,147.13999938964844,7987700
2020-11-20,146.36000061035156,6354900
2020-11-23,143.8699951171875,7318300
2020-11-24,143.8699951171875,11034800
2020-11-25,143.67999267578125,7594600
2020-11-27,144.0,3059000
2020-11-30,144.67999267578125,15663200
2020-12-01,147.4499969482422,9738200
2020-12-02,148.13999938964844,7745500
2020-12-03,149.0,7310500
2020-12-04,150.27000427246094,6747100
2020-12-07,148.97000122070312,6634700
2020-12-08,151.5500030517578,8339800
2020-12-09,153.10000610351562,8440100
2020-12-10,152.25,7392900
2020-12-11,152.9499969482422,5977400
2020-12-14,149.07000732421875,8547300
2020-12-15,150.57000732421875,7612600
2020-12-16,149.6699981689453,8486100
2020-12-17,153.6199951171875,9920300
2020-12-18,154.50999450683594,17137200
2020-12-21,153.02000427246094,7893400
2020-12-22,152.72000122070312,4699500
2020-12-23,151.94000244140625,4607300
2020-12-24,152.47000122070312,2114900
2020-12-28,153.19000244140625,3855500
2020-12-29,154.13999938964844,5212000
2020-12-30,156.0500030517578,5412800
2020-12-31,157.3800048828125,5099900
2021-01-04,156.5,11765900
2021-01-05,158.33999633789062,9602300
2021-01-06,159.8300018310547,8230100
2021-01-07,160.3699951171875,7747200
2021-01-08,160.0399932861328,8228900
2021-01-11,159.3699951171875,7066200
2021-01-12,158.1300048828125,6903200
2021-01-13,157.88999938964844,6643100
2021-01-14,160.64999389648438,10030800
2021-01-15,160.3000030517578,7630800
2021-01-19,162.77999877929688,9057600
2021-01-20,162.3800048828125,6839900
2021-01-21,161.72999572753906,6818000
2021-01-22,163.5500030517578,8137000
2021-01-25,165.97999572753906,9924400
2021-01-26,170.47999572753906,14205700
2021-01-27,167.8800048828125,14207300
2021-01-28,169.16000366210938,8944400
2021-01-29,163.1300048828125,22505900
2021-02-01,162.7100067138672,9971400
2021-02-02,161.25,11443300
2021-02-03,160.5,8601900
2021-02-04,161.99000549316406,7758100
2021-02-05,164.4499969482422,9495300
2021-02-08,164.9199981689453,6035300
2021-02-09,166.27000427246094,5544200
2021-02-10,166.80999755859375,5921300
2021-02-11,166.05999755859375,4871300
2021-02-12,166.5800018310547,4413100
2021-02-16,165.07000732421875,5656100
2021-02-17,165.66000366210938,6676700
2021-02-18,165.74000549316406,5189100
2021-02-19,162.97999572753906,8190900
2021-02-22,161.8699951171875,6447100
2021-02-23,160.44000244140625,7042800
2021-02-24,162.58999633789062,10286100
2021-02-25,162.75999450683594,9719700
2021-02-26,158.4600067138672,14417500
2021-03-01,159.32000732421875,10551400
2021-03-02,159.02000427246094,7610900
2021-03-03,156.22000122070312,8499600
2021-03-04,153.07000732421875,11033200
2021-03-05,156.10000610351562,8331600
2021-03-08,157.39999389648438,6546700
2021-03-09,157.6999969482422,7461300
2021-03-10,159.14999389648438,6635600
2021-03-11,159.13999938964844,6305600
2021-03-12,159.60000610351562,5474800
2021-03-15,160.4199981689453,5524100
2021-03-16,161.3699951171875,6369100
2021-03-17,160.77000427246094,6001400
2021-03-18,160.47000122070312,4801800
2021-03-19,160.0399932861328,14891500
2021-03-22,160.5,7544100
2021-03-23,160.35000610351562,7178300
2021-03-24,161.91000366210938,6370100
2021-03-25,161.97000122070312,6269800
2021-03-26,164.92999267578125,7619200
2021-03-29,166.0399932861328,8535100
2021-03-30,165.00999450683594,7236300
2021-03-31,164.35000610351562,8281500
2021-04-01,162.8300018310547,7229700
2021-04-05,163.42999267578125,7387100
2021-04-06,163.38999938964844,5074200
2021-04-07,163.61000061035156,4608000
2021-04-08,162.97000122070312,5039400
2021-04-09,161.25,8418300
2021-04-12,161.63999938964844,5022800
2021-04-13,159.47999572753906,18424100
2021-04-14,159.9199981689453,7718300
2021-04-15,160.38999938964844,7524600
2021-04-16,162.24000549316406,9049400
2021-04-19,162.69000244140625,8353500
2021-04-20,166.47999572753906,14050700
2021-04-21,166.58999633789062,6333200
2021-04-22,165.17999267578125,7233000
2021-04-23,165.52000427246094,6015300
2021-04-26,164.1199951171875,6027800
2021-04-27,163.17999267578125,6217700
2021-04-28,161.97999572753906,7448000
2021-04-29,164.1999969482422,6394300
2021-04-30,162.72999572753906,9079100
2021-05-03,165.2100067138672,6594100
2021-05-04,167.77000427246094,10179500
2021-05-05,167.07000732421875,7792300
2021-05-06,167.74000549316406,5529900
2021-05-07,168.5,5316200
2021-05-10,170.27000427246094,8357500
2021-05-11,168.8800048828125,8217900
2021-05-12,168.1999969482422,6758300
2021-05-13,169.9600067138672,8018600
2021-05-14,170.22000122070312,5797700
2021-05-17,170.38999938964844,5722600
2021-05-18,170.4499969482422,5846000
2021-05-19,170.0800018310547,5533800
2021-05-20,171.07000732421875,4853200
2021-05-21,170.9600067138672,6501800
2021-05-24,170.5500030517578,5195100
2021-05-25,170.0800018310547,7444700
2021-05-26,169.07000732421875,5726400
2021-05-27,168.80999755859375,8114700
2021-05-28,169.25,6400800
2021-06-01,165.52999877929688,10448400
2021-06-02,166.1999969482422,6806000
2021-06-03,166.0399932861328,5808800
2021-06-04,165.97000122070312,6510300
2021-06-07,164.83999633789062,5362800
2021-06-08,163.38999938964844,7746800
2021-06-09,165.58999633789062,5552600
2021-06-10,167.0800018310547,6463100
2021-06-11,164.9600067138672,7389900
2021-06-14,165.3699951171875,4931300
2021-06-15,164.49000549316406,5062900
2021-06-16,164.42999267578125,6988500
2021-06-17,165.22000122070312,5874700
2021-06-18,161.97999572753906,12993000
2021-06-21,163.83999633789062,6592300
2021-06-22,163.6199951171875,5627800
2021-06-23,162.6300048828125,4493400
2021-06-24,163.3699951171875,4549200
2021-06-25,164.2100067138672,10963800
2021-06-28,164.02000427246094,5604000
2021-06-29,164.02999877929688,3749500
2021-06-30,164.74000549316406,6151700
2021-07-01,165.9600067138672,6320200
2021-07-02,168.97999572753906,9059900
2021-07-06,167.97000122070312,6098500
2021-07-07,169.41000366210938,6293500
2021-07-08,169.0800018310547,5755500
2021-07-09,169.75,6120900
2021-07-12,169.47999572753906,7840500
2021-07-13,169.27000427246094,4691200
2021-07-14,170.4199981689453,6162900
2021-07-15,168.3699951171875,6656900
2021-07-16,168.10000610351562,5834900
2021-07-19,166.8800048828125,8219700
2021-07-20,168.4499969482422,9902800
2021-07-21,169.49000549316406,7585200
2021-07-22,169.97999572753906,5281900
2021-07-23,171.7899932861328,5014900
2021-07-26,171.8699951171875,4484900
2021-07-27,172.66000366210938,7089300
2021-07-28,172.17999267578125,5750700
2021-07-29,172.17999267578125,4214100
2021-07-30,172.1999969482422,5346400
2021-08-02,172.27000427246094,3721500
2021-08-03,174.38999938964844,6033000
2021-08-04,173.36000061035156,4793100
2021-08-05,173.69000244140625,4291000
2021-08-06,173.11000061035156,4581100
2021-08-09,173.7100067138672,3950200
2021-08-10,173.77000427246094,3678300
2021-08-11,173.8000030517578,4221300
2021-08-12,175.1999969482422,4300400
2021-08-13,176.25,5882100
2021-08-16,177.83999633789062,4782800
2021-08-17,179.47000122070312,6041900
2021-08-18,177.19000244140625,7134100
2021-08-19,178.57000732421875,5615000
2021-08-20,179.44000244140625,5428700
2021-08-23,177.61000061035156,6461700
2021-08-24,175.38999938964844,5734800
2021-08-25,174.22999572753906,5700300
2021-08-26,173.3000030517578,5031600
2021-08-27,172.92999267578125,7046100
2021-08-30,173.66000366210938,3252700
2021-08-31,173.1300048828125,7106800
2021-09-01,173.74000549316406,5327400
2021-09-02,174.92999267578125,4544300
2021-09-03,175.0399932861328,4096900
2021-09-07,172.32000732421875,6859900
2021-09-08,171.89999389648438,4661700
2021-09-09,168.07000732421875,7114600
2021-09-10,166.97000122070312,6699300
2021-09-13,165.8000030517578,6273500
2021-09-14,164.8000030517578,5259600
2021-09-15,165.4199981689453,7935300
2021-09-16,165.22000122070312,5665400
2021-09-17,164.75,13419800
2021-09-20,163.80999755859375,7270800
2021-09-21,164.52999877929688,6663600
2021-09-22,163.92999267578125,5657100
2021-09-23,164.86000061035156,4697900
2021-09-24,164.36000061035156,4399300
2021-09-27,163.1699981689453,5775500
2021-09-28,162.80999755859375,7610400
2021-09-29,164.02000427246094,5124100
2021-09-30,161.5,6972300
2021-10-01,160.47000122070312,8568300
2021-10-04,159.22000122070312,8620700
2021-10-05,159.5800018310547,5129000
2021-10-06,159.91000366210938,7312600
2021-10-07,161.33999633789062,5309200
2021-10-08,160.92999267578125,4343200
2021-10-11,160.25,4101600
2021-10-12,157.69000244140625,6686400
2021-10-13,159.1999969482422,6901100
2021-10-14,160.11000061035156,4579200
2021-10-15,161.3000030517578,6918400
2021-10-18,160.1199951171875,7465500
2021-10-19,163.8699951171875,10081300
2021-10-20,163.77999877929688,6003200
2021-10-21,163.39999389648438,4524100
2021-10-22,163.72000122070312,4304300
2021-10-25,164.0800018310547,6715400
2021-10-26,165.75,6939100
2021-10-27,163.74000549316406,7018800
2021-10-28,162.85000610351562,6278800
2021-10-29,162.8800048828125,8526800
2021-11-01,163.02000427246094,5846400
2021-11-02,165.58999633789062,8450600
2021-11-03,165.05999755859375,6717800
2021-11-04,164.60000610351562,8224400
2021-11-05,163.42999267578125,6215900
2021-11-08,162.8699951171875,5578800
2021-11-09,162.50999450683594,6112800
2021-11-10,164.27000427246094,6225100
2021-11-11,163.05999755859375,4118800
2021-11-12,165.00999450683594,18995200
2021-11-15,163.52000427246094,7496200
2021-11-16,162.6699981689453,7594700
2021-11-17,163.27999877929688,5414500
2021-11-18,162.39999389648438,6358700
2021-11-19,162.88999938964844,7620700
2021-11-22,159.6999969482422,7634500
2021-11-23,160.69000244140625,7734000
2021-11-24,160.24000549316406,5230900
2021-11-26,159.1999969482422,8523100
2021-11-29,159.75,9188500
2021-11-30,155.92999267578125,14981700
2021-12-01,158.0800018310547,9835800
2021-12-02,157.08999633789062,11334700
2021-12-03,159.3800048828125,8750500
2021-12-06,162.94000244140625,9692000
2021-12-07,163.36000061035156,8311300
2021-12-08,164.33999633789062,6216400
2021-12-09,165.89999389648438,8574200
2021-12-10,165.49000549316406,6572200
2021-12-13,168.4499969482422,11142300
2021-12-14,170.2899932861328,10482400
2021-12-15,171.13999938964844,8552200
2021-12-16,173.00999450683594,8998600
2021-12-17,168.22999572753906,16726200
2021-12-20,167.75,7954500
2021-12-21,167.2100067138672,7954200
2021-12-22,167.92999267578125,4178200
2021-12-23,168.25,3501500
2021-12-27,169.6699981689453,3704800
2021-12-28,170.35000610351562,3187000
2021-12-29,171.5500030517578,3662000
2021-12-30,172.30999755859375,4231800
2021-12-31,171.07000732421875,4409500
2022-01-03,171.5399932861328,6012200
2022-01-04,171.0800018310547,6748400
2022-01-05,172.22000122070312,7016100
2022-01-06,171.6300048828125,7301600
2022-01-07,173.9499969482422,6986000
2022-01-10,173.08999633789062,7698400
2022-01-11,171.25,8341100
2022-01-12,169.7899932861328,8116200
2022-01-13,168.75999450683594,6159400
2022-01-14,167.83999633789062,5847700
2022-01-18,167.10000610351562,7815600
2022-01-19,166.5800018310547,5926500
2022-01-20,165.25,6011300
2022-01-21,164.8699951171875,10550300
2022-01-24,162.97000122070312,14054600
2022-01-25,167.6300048828125,14081200
2022-01-26,168.3800048828125,9963200
2022-01-27,170.58999633789062,9066700
2022-01-28,171.7899932861328,9783100
2022-01-31,172.2899932861328,8054800
2022-02-01,170.8800048828125,8154700
2022-02-02,172.77000427246094,7382800
2022-02-03,172.75999450683594,6240400
2022-02-04,171.6300048828125,6392200
2022-02-07,171.05999755859375,6065700
2022-02-08,171.50999450683594,6296100
2022-02-09,171.49000549316406,5387500
2022-02-10,169.4199981689453,10355300
2022-02-11,167.7100067138672,13125300
2022-02-14,165.60000610351562,8967600
2022-02-15,167.30999755859375,6631400
2022-02-16,167.2100067138672,8482400
2022-02-17,166.19000244140625,6227600
2022-02-18,163.36000061035156,6423200
2022-02-22,161.13999938964844,6868900
2022-02-23,161.22000122070312,8016900
2022-02-24,158.13999938964844,12883400
2022-02-25,166.0,11340400
2022-02-28,164.57000732421875,9373500
2022-03-01,164.0,8737800
2022-03-02,166.0399932861328,6793300
2022-03-03,168.47999572753906,7333700
2022-03-04,169.47999572753906,6302500
2022-03-07,172.2100067138672,11663400
2022-03-08,168.72000122070312,11100300
2022-03-09,169.36000061035156,7248200
2022-03-10,169.66000366210938,6171400
2022-03-11,169.35000610351562,5188000
2022-03-14,171.69000244140625,7729500
2022-03-15,176.13999938964844,10554400
2022-03-16,174.52000427246094,9603300
2022-03-17,176.8000030517578,7472100
2022-03-18,174.83999633789062,13809500
2022-03-21,175.8300018310547,7574900
2022-03-22,175.0,8442100
2022-03-23,174.33999633789062,5254200
2022-03-24,175.24000549316406,5012300
2022-03-25,176.9199981689453,4809500
2022-03-28,177.8300018310547,5604200
2022-03-29,177.74000549316406,5933400
2022-03-30,179.58999633789062,6277600
2022-03-31,177.22999572753906,11490400
2022-04-01,178.19000244140625,6525600
2022-04-04,176.47000122070312,6860600
2022-04-05,177.61000061035156,7446100
2022-04-06,182.22999572753906,10330900
2022-04-07,181.75999450683594,7385200
2022-04-08,182.1199951171875,7144500
2022-04-11,179.83999633789062,5932000
2022-04-12,179.89999389648438,5957500
2022-04-13,180.66000366210938,5643100
2022-04-14,179.89999389648438,6188200
2022-04-18,177.66000366210938,6318700
2022-04-19,183.0800018310547,14380800
2022-04-20,183.88999938964844,8044900
2022-04-21,183.36000061035156,6969200
2022-04-22,181.5399932861328,8003600
2022-04-25,186.00999450683594,11176500
2022-04-26,184.67999267578125,10190000
2022-04-27,182.10000610351562,11090100
2022-04-28,183.4600067138672,9403900
2022-04-29,180.4600067138672,8463100
2022-05-02,178.63999938964844,7145400
2022-05-03,178.2899932861328,5898700
2022-05-04,180.1999969482422,5923000
2022-05-05,176.75999450683594,7089200
2022-05-06,176.3699951171875,6434000
2022-05-09,177.3300018310547,7855200
2022-05-10,177.08999633789062,8186700
2022-05-11,176.1300048828125,6138900
2022-05-12,177.8699951171875,6898600
2022-05-13,176.85000610351562,7732200
2022-05-16,178.0800018310547,5516700
2022-05-17,178.82000732421875,5751100
2022-05-18,175.5,8608800
2022-05-19,173.94000244140625,6874500
2022-05-20,176.97999572753906,7522100
2022-05-23,179.44000244140625,7040800
2022-05-24,181.39999389648438,6419800
2022-05-25,179.6199951171875,6558900
2022-05-26,179.4600067138672,6897600
2022-05-27,181.08999633789062,5853600
2022-05-31,179.52999877929688,16391400
2022-06-01,177.7100067138672,5175400
2022-06-02,177.14999389648438,8666500
2022-06-03,176.4199981689453,4234200
2022-06-06,176.39999389648438,5386500
2022-06-07,178.33999633789062,5447800
2022-06-08,177.27999877929688,4333100
2022-06-09,173.7100067138672,5509600
2022-06-10,172.5500030517578,6647300
2022-06-13,170.80999755859375,7997000
2022-06-14,168.19000244140625,7116800
2022-06-15,169.99000549316406,7796100
2022-06-16,170.0800018310547,7056700
2022-06-17,169.4600067138672,12486600
2022-06-21,173.00999450683594,8219700
2022-06-22,175.74000549316406,10593100
2022-06-23,179.66000366210938,10223500
2022-06-24,182.2899932861328,9374400
2022-06-27,182.1199951171875,5908600
2022-06-28,176.94000244140625,9245700
2022-06-29,176.99000549316406,7097900
2022-06-30,177.50999450683594,10777200
2022-07-01,179.52000427246094,5498400
2022-07-05,178.13999938964844,5676400
2022-07-06,178.3000030517578,5335600
2022-07-07,178.5,5725800
2022-07-08,178.27999877929688,3828300
2022-07-11,178.35000610351562,3645200
2022-07-12,175.85000610351562,4708800
2022-07-13,175.44000244140625,5291700
2022-07-14,175.67999267578125,5359600
2022-07-15,178.22999572753906,5691100
2022-07-18,174.22999572753906,7605700
2022-07-19,171.69000244140625,13256400
2022-07-20,170.7100067138672,7455800
2022-07-21,171.30999755859375,5729200
2022-07-22,172.1199951171875,4257000
2022-07-25,172.4600067138672,4437300
2022-07-26,173.67999267578125,4525500
2022-07-27,173.1999969482422,4648500
2022-07-28,174.1999969482422,5513000
2022-07-29,174.52000427246094,6451400
2022-08-01,173.91000366210938,5461400
2022-08-02,172.9199981689453,5794200
2022-08-03,174.58999633789062,5010000
2022-08-04,171.7899932861328,5651600
2022-08-05,171.11000061035156,5235500
2022-08-08,170.1999969482422,4629800
2022-08-09,170.17999267578125,5532500
2022-08-10,170.6699981689453,5603400
2022-08-11,167.13999938964844,9328700
2022-08-12,165.3000030517578,14606900
2022-08-15,166.08999633789062,10072000
2022-08-16,167.57000732421875,7453600
2022-08-17,167.5800018310547,7406600
2022-08-18,166.77000427246094,8312100
2022-08-19,169.30999755859375,8128500
2022-08-22,167.58999633789062,5462600
2022-08-23,166.1300048828125,5566300
2022-08-24,165.5800018310547,5684300
2022-08-25,167.1300048828125,5678700
2022-08-26,164.27000427246094,5667100
2022-08-29,163.0,5259200
2022-08-30,162.42999267578125,6973300
2022-08-31,161.33999633789062,8741700
2022-09-01,165.33999633789062,7509600
2022-09-02,162.74000549316406,5803700
2022-09-06,163.17999267578125,7394600
2022-09-07,164.07000732421875,4590600
2022-09-08,165.38999938964844,5838400
2022-09-09,165.7100067138672,5500600
2022-09-12,165.63999938964844,6365300
2022-09-13,161.3300018310547,6726400
2022-09-14,164.66000366210938,9555700
2022-09-15,165.0800018310547,7174500
2022-09-16,167.60000610351562,20201500
2022-09-19,166.27999877929688,7380900
2022-09-20,164.97000122070312,7143400
2022-09-21,163.27999877929688,8071200
2022-09-22,166.17999267578125,7401100
2022-09-23,166.72000122070312,9598600
2022-09-26,165.6999969482422,8735500
2022-09-27,164.94000244140625,8686700
2022-09-28,166.36000061035156,8660900
2022-09-29,164.52999877929688,7008100
2022-09-30,163.36000061035156,8985200
2022-10-03,163.1999969482422,8657000
2022-10-04,165.6199951171875,6236100
2022-10-05,165.11000061035156,4539400
2022-10-06,161.91000366210938,5890700
2022-10-07,160.1999969482422,6363500
2022-10-10,160.41000366210938,5315600
2022-10-11,162.72999572753906,6212200
2022-10-12,162.69000244140625,4341700
2022-10-13,165.14999389648438,6465100
2022-10-14,164.4600067138672,5684600
2022-10-17,166.58999633789062,6710800
2022-10-18,166.00999450683594,10883600
2022-10-19,164.69000244140625,10044600
2022-10-20,165.11000061035156,5659900
2022-10-21,168.7100067138672,8487600
2022-10-24,170.97999572753906,6855500
2022-10-25,170.7100067138672,5661900
2022-10-26,172.2100067138672,6123800
2022-10-27,172.30999755859375,5390900
2022-10-28,174.8699951171875,6073900
2022-10-31,173.97000122070312,7810000
2022-11-01,173.08999633789062,6985000
2022-11-02,170.42999267578125,6877300
2022-11-03,170.72000122070312,4819900
2022-11-04,171.47999572753906,5300900
2022-11-07,172.97999572753906,6621000
2022-11-08,173.83999633789062,5148400
2022-11-09,172.4499969482422,6150000
2022-11-10,174.47000122070312,7877500
2022-11-11,169.25,11074700
2022-11-14,171.91000366210938,6581500
2022-11-15,172.38999938964844,9351000
2022-11-16,173.4600067138672,5500900
2022-11-17,174.86000061035156,4464100
2022-11-18,176.1999969482422,6555700
2022-11-21,175.97000122070312,5706600
2022-11-22,176.82000732421875,4707900
2022-11-23,177.00999450683594,5389200
2022-11-25,177.24000549316406,3058600
2022-11-28,177.3300018310547,6183100
2022-11-29,176.08999633789062,6700500
2022-11-30,178.0,13288000
2022-12-01,178.74000549316406,6282600
2022-12-02,178.8800048828125,5823900
2022-12-05,178.77999877929688,5120600
2022-12-06,176.10000610351562,7943500
2022-12-07,177.1699981689453,5702600
2022-12-08,177.1999969482422,4798500
2022-12-09,175.74000549316406,4561000
2022-12-12,177.83999633789062,4882400
2022-12-13,179.2100067138672,9177500
2022-12-14,179.75999450683594,9533600
2022-12-15,177.49000549316406,7602400
2022-12-16,175.6699981689453,18841800
2022-12-19,175.47999572753906,5736000
2022-12-20,175.6699981689453,6174700
2022-12-21,177.67999267578125,5472000
2022-12-22,177.02999877929688,5709100
2022-12-23,177.47999572753906,3683400
2022-12-27,177.42999267578125,3067300
2022-12-28,176.66000366210938,2645400
2022-12-29,177.55999755859375,2828800
2022-12-30,176.64999389648438,4216600
2023-01-03,178.19000244140625,6344900
2023-01-04,180.1300048828125,9788800
2023-01-05,178.8000030517578,6255300
2023-01-06,180.25,5706000
2023-01-09,175.5800018310547,7925300
2023-01-10,175.16000366210938,5047500
2023-01-11,174.8800048828125,6494800
2023-01-12,174.0,4269400
2023-01-13,173.42999267578125,6088000
2023-01-17,172.36000061035156,6053300
2023-01-18,169.75999450683594,7047800
2023-01-19,169.52999877929688,6939500
2023-01-20,168.74000549316406,8620600
2023-01-23,168.30999755859375,8425400
2023-01-24,168.30999755859375,10541800
2023-01-25,169.50999450683594,7099800
2023-01-26,168.88999938964844,6946100
2023-01-27,168.22999572753906,6058100
2023-01-30,162.0,23259100
2023-01-31,163.4199981689453,11612500
2023-02-01,164.9199981689453,9865300
2023-02-02,165.5399932861328,10099000
2023-02-03,164.61000061035156,6868500
2023-02-06,163.36000061035156,7021000
2023-02-07,163.39999389648438,7310800
2023-02-08,163.61000061035156,6054700
2023-02-09,161.39999389648438,7949500
2023-02-10,162.14999389648438,7028000
2023-02-13,162.75,6414700
2023-02-14,162.0399932861328,6316000
2023-02-15,159.3699951171875,12621800
2023-02-16,158.24000549316406,11177000
2023-02-17,160.38999938964844,12401900
2023-02-21,158.0,9423900
2023-02-22,157.77999877929688,9820200
2023-02-23,157.72999572753906,9385100
2023-02-24,155.97000122070312,8689700
2023-02-27,155.6300048828125,7267100
2023-02-28,153.25999450683594,9062300
2023-03-01,152.57000732421875,6767000
2023-03-02,152.4499969482422,8762500
2023-03-03,154.02000427246094,5747200
2023-03-06,155.55999755859375,8148200
2023-03-07,154.08999633789062,7457700
2023-03-08,152.9600067138672,6230500
2023-03-09,151.24000549316406,7439400
2023-03-10,151.61000061035156,8504300
2023-03-13,153.05999755859375,10799600
2023-03-14,153.9199981689453,8421200
2023-03-15,154.35000610351562,7757700
2023-03-16,154.02999877929688,7605500
2023-03-17,152.3800048828125,20540700
2023-03-20,153.88999938964844,7129000
2023-03-21,153.88999938964844,8376800
2023-03-22,151.0500030517578,7943500
2023-03-23,151.1300048828125,9051500
2023-03-24,152.64999389648438,5696200
2023-03-27,153.3000030517578,6772300
2023-03-28,151.82000732421875,6115300
2023-03-29,153.30999755859375,6012000
2023-03-30,153.42999267578125,4555700
2023-03-31,155.0,9890000
2023-04-03,156.85000610351562,6841900
2023-04-04,158.49000549316406,8314500
2023-04-05,165.61000061035156,16704200
2023-04-06,165.14999389648438,9615400
2023-04-10,164.32000732421875,5354000
2023-04-11,164.27000427246094,5903800
2023-04-12,163.9199981689453,5764100
2023-04-13,166.11000061035156,5640600
2023-04-14,165.83999633789062,7225100
2023-04-17,165.6699981689453,8046400
2023-04-18,161.00999450683594,14571500
2023-04-19,162.52999877929688,6752000
2023-04-20,163.5800018310547,9498800
2023-04-21,162.69000244140625,7014200
2023-04-24,163.67999267578125,5278900
2023-04-25,165.17999267578125,6263100
2023-04-26,162.6199951171875,5518200
2023-04-27,163.0,5739700
2023-04-28,163.6999969482422,6024900
2023-05-01,163.60000610351562,4893400
2023-05-02,165.02999877929688,7541700
2023-05-03,162.8699951171875,5937200
2023-05-04,162.1300048828125,5128000
2023-05-05,162.67999267578125,5194500
2023-05-08,162.30999755859375,4994900
2023-05-09,161.0500030517578,5520500
2023-05-10,161.64999389648438,6756600
2023-05-11,160.99000549316406,5867600
2023-05-12,160.77999877929688,3904200
2023-05-15,159.5500030517578,5104500
2023-05-16,159.33999633789062,5599200
2023-05-17,158.99000549316406,6840700
2023-05-18,158.47999572753906,5173000
2023-05-19,158.91000366210938,6527100
2023-05-22,156.8699951171875,5675900
2023-05-23,156.80999755859375,5793000
2023-05-24,156.66000366210938,5015100
2023-05-25,154.41000366210938,6886100
2023-05-26,154.35000610351562,6845400
2023-05-30,154.3699951171875,5593100
2023-05-31,155.05999755859375,11324600
2023-06-01,154.5399932861328,7901300
2023-06-02,156.97000122070312,7659700
2023-06-05,158.32000732421875,6430500
2023-06-06,158.17999267578125,5073600
2023-06-07,158.52000427246094,6504300
2023-06-08,160.25999450683594,5818400
2023-06-09,160.00999450683594,6264400
2023-06-12,159.89999389648438,6510600
2023-06-13,160.74000549316406,6066800
2023-06-14,161.55999755859375,6699100
2023-06-15,163.72999572753906,7138300
2023-06-16,164.22999572753906,13426600
2023-06-20,164.1300048828125,7995800
2023-06-21,163.8800048828125,7177500
2023-06-22,165.6199951171875,5485900
2023-06-23,165.47999572753906,9450700
2023-06-26,163.6300048828125,6978800
2023-06-27,163.2899932861328,4927500
2023-06-28,162.9600067138672,6780400
2023-06-29,164.10000610351562,4547500
2023-06-30,165.52000427246094,7580000
2023-07-03,163.35000610351562,4033700
2023-07-05,162.80999755859375,7224600
2023-07-06,161.60000610351562,6332500
2023-07-07,159.25,7022200
2023-07-10,159.50999450683594,5739200
2023-07-11,158.6300048828125,6606700
2023-07-12,158.0800018310547,6940400
2023-07-13,158.80999755859375,6401700
2023-07-14,159.8699951171875,5362200
2023-07-17,159.07000732421875,5486800
2023-07-18,159.05999755859375,6332500
2023-07-19,158.74000549316406,7522600
2023-07-20,168.3800048828125,21892900
2023-07-21,170.19000244140625,12080000
2023-07-24,171.0800018310547,15155400
2023-07-25,172.38999938964844,13790100
2023-07-26,172.72000122070312,14288200
2023-07-27,173.69000244140625,12446400
2023-07-28,174.47999572753906,14138800
2023-07-31,167.52999877929688,22632700
2023-08-01,168.88999938964844,15810300
2023-08-02,169.91000366210938,14595600
2023-08-03,170.63999938964844,17424800
2023-08-04,169.0399932861328,23415100
2023-08-07,173.10000610351562,17736400
2023-08-08,173.17999267578125,27378700
2023-08-09,173.07000732421875,42974400
2023-08-10,172.1699981689453,48213800
2023-08-11,173.85000610351562,45905600
2023-08-14,173.44000244140625,64036900
2023-08-15,172.94000244140625,88958100
2023-08-16,172.38999938964844,85832700
2023-08-17,174.00999450683594,70904200
2023-08-18,172.49000549316406,49631700
2023-08-21,167.35000610351562,151319500
2023-08-22,166.02000427246094,56834800
2023-08-23,164.52999877929688,119011400
2023-08-24,165.08999633789062,70755100
2023-08-25,166.25,18185500
2023-08-28,164.2899932861328,18458000
2023-08-29,164.30999755859375,12208600
2023-08-30,163.72999572753906,9939100
2023-08-31,161.67999267578125,15333000
2023-09-01,160.47999572753906,8610100
2023-09-05,160.67999267578125,9019800
2023-09-06,158.00999450683594,9753800
2023-09-07,160.02999877929688,9931800
2023-09-08,160.55999755859375,6957000
2023-09-11,162.66000366210938,6309300
2023-09-12,163.5800018310547,6045800
2023-09-13,163.99000549316406,7397500
2023-09-14,163.74000549316406,7758400
2023-09-15,161.4499969482422,13392100
2023-09-18,162.47000122070312,5789000
2023-09-19,162.1999969482422,5550800
2023-09-20,162.91000366210938,3837400
2023-09-21,161.66000366210938,4526700
2023-09-22,160.5,4976700
2023-09-25,160.25999450683594,6722500
2023-09-26,159.02000427246094,4904800
2023-09-27,157.11000061035156,10211600
2023-09-28,156.8800048828125,7861900
2023-09-29,155.75,7680700
2023-10-02,155.14999389648438,7259700
2023-10-03,155.33999633789062,5740800
2023-10-04,155.52000427246094,4955200
2023-10-05,157.13999938964844,5993300
2023-10-06,157.63999938964844,5802200
2023-10-09,158.5399932861328,4414100
2023-10-10,158.36000061035156,5273500
2023-10-11,156.17999267578125,6922900
2023-10-12,156.3300018310547,5792400
2023-10-13,156.85000610351562,5359800
2023-10-16,157.52999877929688,6408100
2023-10-17,156.08999633789062,12244400
2023-10-18,152.72999572753906,9097300
2023-10-19,152.32000732421875,7733800
2023-10-20,153.0,7207000
2023-10-23,151.38999938964844,5874000
2023-10-24,151.22999572753906,6155300
2023-10-25,151.57000732421875,5880800
2023-10-26,149.0,7612500
2023-10-27,145.60000610351562,11385800
2023-10-30,147.02999877929688,8205300
2023-10-31,148.33999633789062,7576900
2023-11-01,148.69000244140625,5733000
2023-11-02,150.24000549316406,5349100
2023-11-03,151.33999633789062,4926800
2023-11-06,151.6999969482422,4851400
2023-11-07,150.89999389648438,4840400
2023-11-08,150.35000610351562,5460000
2023-11-09,147.4199981689453,6973600
2023-11-10,147.25,6930700
2023-11-13,147.6300048828125,5889300
2023-11-14,147.66000366210938,6713600
2023-11-15,148.8000030517578,6729100
2023-11-16,150.10000610351562,6875600
2023-11-17,149.7899932861328,7023300
2023-11-20,149.91000366210938,8851700
2023-11-21,151.1199951171875,5916300
2023-11-22,150.82000732421875,4633500
2023-11-24,152.5,3351400
2023-11-27,151.27999877929688,6449700
2023-11-28,151.6300048828125,5909000
2023-11-29,152.11000061035156,5190000
2023-11-30,154.66000366210938,12481900
2023-12-01,158.3800048828125,10342900
2023-12-04,158.8800048828125,8920300
2023-12-05,158.5500030517578,7268200
2023-12-06,156.6199951171875,6642900
2023-12-07,155.39999389648438,6532400
2023-12-08,154.4199981689453,6254700
2023-12-11,155.05999755859375,6090400
2023-12-12,155.07000732421875,5324400
2023-12-13,155.7899932861328,10764600
2023-12-14,156.8699951171875,9240700
2023-12-15,155.16000366210938,21727800
2023-12-18,155.44000244140625,7231400
2023-12-19,156.4600067138672,6651500
2023-12-20,153.27000427246094,7008300
2023-12-21,154.83999633789062,4598600
2023-12-22,155.4600067138672,3798900
2023-12-26,156.13999938964844,4170000
2023-12-27,156.35000610351562,5288100
2023-12-28,156.5800018310547,4377500
2023-12-29,156.74000549316406,4313700
2024-01-02,159.97000122070312,9622100
2024-01-03,160.97000122070312,8232000
2024-01-04,160.6300048828125,6766600
2024-01-05,161.1300048828125,5602500
2024-01-08,161.52999877929688,6569800
2024-01-09,161.6300048828125,6357000
2024-01-10,161.8699951171875,4945100
2024-01-11,161.14999389648438,4946000
2024-01-12,162.38999938964844,4496900
2024-01-16,160.52000427246094,6923200
2024-01-17,160.42999267578125,5072100
2024-01-18,161.2100067138672,5368500
2024-01-19,161.67999267578125,7071300
2024-01-22,162.47000122070312,6824200
2024-01-23,159.80999755859375,9149800
2024-01-24,158.9600067138672,7247900
2024-01-25,159.55999755859375,5478900
2024-01-26,159.5,5591900
2024-01-29,159.36000061035156,6483200
2024-01-30,158.77000427246094,7200500
2024-01-31,158.89999389648438,8256800
2024-02-01,158.36000061035156,8012000
2024-02-02,156.61000061035156,8295900
2024-02-05,155.8000030517578,9121600
2024-02-06,158.05999755859375,9229900
2024-02-07,157.97999572753906,8690300
2024-02-08,156.39999389648438,9755000
2024-02-09,156.75999450683594,6529200
2024-02-12,157.85000610351562,6701500
2024-02-13,156.47000122070312,8621000
2024-02-14,155.74000549316406,9098800
2024-02-15,157.9199981689453,7462500
2024-02-16,156.5500030517578,8541000
2024-02-20,157.86000061035156,9501700
2024-02-21,158.67999267578125,7472500
2024-02-22,160.4499969482422,8065000
2024-02-23,161.83999633789062,6726000
2024-02-26,160.7899932861328,5465400
2024-02-27,160.97999572753906,5078600
2024-02-28,161.5500030517578,6071100
2024-02-29,161.3800048828125,9849100
2024-03-01,162.1199951171875,5670100
2024-03-04,159.83999633789062,8532900
2024-03-05,159.97000122070312,8298200
2024-03-06,159.33999633789062,5773700
2024-03-07,158.8699951171875,5188700
2024-03-08,159.52000427246094,5284000
2024-03-11,161.22999572753906,4620800
2024-03-12,162.74000549316406,8018700
2024-03-13,161.10000610351562,6260000
2024-03-14,159.2100067138672,6988300
2024-03-15,158.17999267578125,13165500
2024-03-18,156.75999450683594,6602300
2024-03-19,156.2100067138672,7840600
2024-03-20,155.75999450683594,5982300
2024-03-21,155.75,5915800
2024-03-22,155.22999572753906,7248600
2024-03-25,155.22000122070312,7498100
2024-03-26,155.77000427246094,6864100
2024-03-27,157.9600067138672,8461600
2024-03-28,158.19000244140625,6181500
2024-04-01,157.77999877929688,4364700
2024-04-02,157.72999572753906,6102300
2024-04-03,154.25999450683594,8098200
2024-04-04,152.5,6947400
2024-04-05,152.38999938964844,6783000
2024-04-08,151.58999633789062,5935400
2024-04-09,152.2899932861328,6135300
2024-04-10,150.1999969482422,6809500
2024-04-11,148.7899932861328,8374400
2024-04-12,147.52000427246094,7100200
2024-04-15,147.58999633789062,8502300
2024-04-16,144.4499969482422,12774900
2024-04-17,144.77000427246094,9378100
2024-04-18,145.74000549316406,9887700
2024-04-19,147.91,9750751
2024-04-22,149.12,10118694
2024-04-23,149.56,10110442
2024-04-24,148.53,9756259
2024-04-25,146.82,7642732
2024-04-26,146.14,6182982
2024-04-29,146.82,6461588
2024-04-30,144.59,8817719
2024-05-01,151.18,14473711
2024-05-02,149.92,8459796
2024-05-03,149.27,6532718
2024-05-06,148.58,5042757
2024-05-07,148.72,7333730
2024-05-08,148.95,7735148
2024-05-09,149.85,6546153
2024-05-10,149.91,5710566
2024-05-13,151.22,5628467
2024-05-14,151.38,8254171
2024-05-15,152.67,5547955
2024-05-16,154.28,7590959
2024-05-17,154.64,6521794
2024-05-20,151.27,7742280
2024-05-21,151.24,5492354
2024-05-22,153.5,6609788
2024-05-23,149.7,8000422
2024-05-24,146.97,9520576
2024-05-28,144.38,10499829
2024-05-29,144.44,8263810
2024-05-30,145.28,8491111
2024-05-31,146.67,14621203
2024-06-03,147.74,7329241
2024-06-04,147.8,8876441
2024-06-05,145.97,5891299
2024-06-06,146.42,5016301
2024-06-07,147.08,5111626
2024-06-10,147.13,5751309
2024-06-11,146.76,5661236
2024-06-12,145.41,6180493
2024-06-13,145.45,6840374
2024-06-14,145.54,4075342
2024-06-17,145.95,6666583
2024-06-18,145.65,6156572
2024-06-20,147.78,8749717
2024-06-21,148.75,15176869
2024-06-24,149.12,6914671
2024-06-25,147.19,6620303
2024-06-26,146.82,5267809
2024-06-27,145.8,5739246
2024-06-28,146.16,10495735
2024-07-01,146.44,5144443
2024-07-02,146.03,5491962
2024-07-03,145.69,3246157
2024-07-05,146.48,4888535
2024-07-08,145.48,5260229
2024-07-09,147.05,5892187
2024-07-10,149.43,6093187
2024-07-11,149.7,6352109
2024-07-12,149.88,5336394
2024-07-15,149.24,6711354
2024-07-16,151.01,6469582
2024-07-17,156.58,13801429
2024-07-18,155.42,10166247
2024-07-19,154.69,7398036
2024-07-22,154.24,6840609
2024-07-23,152.35,6261870
2024-07-24,156.28,7168217
2024-07-25,159.64,10019578
2024-07-26,160.64,8356878
2024-07-29,158.56,5625204
2024-07-30,161.33,6545677
2024-07-31,157.85,8293239
2024-08-01,160.76,7213419
2024-08-02,164.14,11280357
2024-08-05,161.25,12032209
2024-08-06,158.97,7607144
2024-08-07,158.9,5993028
2024-08-08,160.22,5094830
2024-08-09,160.62,4579186
2024-08-12,159.88,7605419
2024-08-13,158.39,9711395
2024-08-14,158.48,5141249
2024-08-15,159.09,7237785
2024-08-16,159.39,5012774
2024-08-19,159.63,4408517
2024-08-20,160.16,7275133
2024-08-21,161.43,5019375
2024-08-22,162.35,6552142
2024-08-23,164.13,7093429
2024-08-26,164.61,6870622
2024-08-27,162.95,4388728
2024-08-28,163.92,5187198
2024-08-29,164.23,7390125
2024-08-30,165.86,7971017
2024-09-03,167.16,6956452
2024-09-04,167.36,6939132
2024-09-05,164.99,4600392
2024-09-06,164.38,6016884
2024-09-09,166.61,7538233
2024-09-10,167.38,6559734
2024-09-11,164.82,5920165
2024-09-12,164.64,4541046
2024-09-13,165.52,3693548
2024-09-16,166.99,5187887
2024-09-17,167.07,5066586
2024-09-18,166.15,4722765
2024-09-19,164.82,4956119
2024-09-20,164.16,11838967
2024-09-23,163.22,4671645
2024-09-24,162.78,6041561
2024-09-25,160.6,5420011
2024-09-26,161.39,6122231
2024-09-27,161.4,7553905
2024-09-30,162.06,6010407
2024-10-01,161.99,4408019
2024-10-02,161.17,4684472
2024-10-03,160.5,4791223
2024-10-04,160.29,5331694
2024-10-07,159.53,4265971
2024-10-08,159.69,4766250
2024-10-09,160.65,6047269
2024-10-10,160.51,4793889
2024-10-11,161.46,5253459
2024-10-14,161.6,5963961
2024-10-15,164.1,10547966
2024-10-16,164.28,5982291
2024-10-17,164.47,4798238
2024-10-18,165.12,5908012
2024-10-21,162.83,6082736
2024-10-22,163.45,5680612
2024-10-23,165.86,7442026
2024-10-24,163.67,5386525
2024-10-25,160.88,6400449
2024-10-28,161.6,4842653
2024-10-29,160.09,5216879
2024-10-30,160.61,5820530
2024-10-31,159.86,8613860
2024-11-01,160.13,5256652
2024-11-04,158.24,4644011
2024-11-05,158.35,6547074
2024-11-06,157.88,8926601
2024-11-07,156.73,7522812
2024-11-08,155.47,8926134
2024-11-11,155.04,7146759
2024-11-12,152.64,7181408
2024-11-13,153.24,7162233
2024-11-14,151.87,7716385
2024-11-15,154.0,11328515
2024-11-18,154.77,7514177
2024-11-19,153.0,8233678
2024-11-20,153.11,9061274
2024-11-21,155.5,10141056
2024-11-22,155.17,8265961
2024-11-25,155.78,12256242
2024-11-26,154.52,5683499
2024-11-27,155.4,4140444
2024-11-29,155.01,5687821
2024-12-02,154.8,6946494
2024-12-03,152.36,8674415
2024-12-04,150.47,10333110
2024-12-05,149.52,7898098
2024-12-06,149.31,8389611
2024-12-09,149.6,8410303
2024-12-10,149.23,9398671
2024-12-11,146.64,13446656
2024-12-12,146.24,6176269
2024-12-13,146.62,8324900
2024-12-16,143.85,8732378
2024-12-17,146.41,10342958
2024-12-18,144.75,9336094
2024-12-19,143.58,9516653
2024-12-20,144.47,17702755
2024-12-23,145.27,8720824
2024-12-24,145.85,3164071
2024-12-26,145.58,4656981
2024-12-27,145.05,5588306
2024-12-30,143.34,6268692
2024-12-31,144.62,5811401
2025-01-02,144.02,12102660
2025-01-03,144.19,11759632
2025-01-06,143.66,15820986
2025-01-07,146.23,16844020
2025-01-08,142.27,22351104
2025-01-10,142.06,17643082
2025-01-13,144.47,20752754
2025-01-14,144.75,17363482
2025-01-15,144.97,14869124
2025-01-16,147.77,17928032
2025-01-17,147.03,21546108
2025-01-21,148.15,22223494
2025-01-22,145.27,33669494
2025-01-23,146.64,21012722
2025-01-24,146.82,19775364
2025-01-27,152.89,30304628
2025-01-28,150.38,20641226
2025-01-29,151.15,14312842
2025-01-30,152.87,17821966
2025-01-31,152.15,16917430
2025-02-03,151.87,13374974
2025-02-04,153.49,19290578
2025-02-05,154.69,17893914
2025-02-06,153.51,14836936
2025-02-07,153.12,12409832
2025-02-10,154.24,13873122
2025-02-11,156.13,15109622
2025-02-12,155.26,15492028
2025-02-13,157.25,21410154
2025-02-14,156.15,12823680
2025-02-18,154.99,19341314
2025-02-19,157.89,15949472
2025-02-20,159.68,14448060
2025-02-21,162.3,25093860
2025-02-24,163.74,20403834
2025-02-25,166.09,24607394
2025-02-26,163.08,22792820
2025-02-27,163.73,16729146
2025-02-28,165.02,24074830
2025-03-03,167.28,18382928
2025-03-04,165.42,23999924
2025-03-05,165.12,17489508
2025-03-06,165.83,16075776
2025-03-07,166.69,19275186
2025-03-10,167.7,35117964
2025-03-11,165.86,19781296
2025-03-12,162.85,16021384
2025-03-13,162.99,10573468
2025-03-14,162.81,12471594
2025-03-17,162.84,13339630
2025-03-18,164.25,14697948
2025-03-19,162.99,11873274
2025-03-20,163.02,14971860
2025-03-21,163.63,34094212
2025-03-24,163.29,16093130
2025-03-25,161.02,14912394
2025-03-26,161.72,14447546
2025-03-27,163.13,13504932
2025-03-28,163.71,11521090
2025-03-31,165.84,24962800
2025-04-01,153.25,46606130
2025-04-02,155.36,20713840
2025-04-03,159.82,26498626
2025-04-04,153.24,16601728
2025-04-07,150.62,36166080
2025-04-08,150.0,24036782
2025-04-09,150.97,37547484
2025-04-10,148.69,27660948
2025-04-11,151.73,9943851
2025-04-14,154.36,21370676
2025-04-15,153.62,21695306
2025-04-16,153.91,15974592
2025-04-17,157.47,21962134
2025-04-21,156.92,12570876
2025-04-22,157.75,14272642
2025-04-23,155.38,18198876
2025-04-24,154.93,16620850
2025-04-25,154.58,8643927
2025-04-28,155.35,11630358
2025-04-29,155.91,10493450
2025-04-30,156.31,19196312
2025-05-01,154.46,14651698
2025-05-02,156.12,5974539
2025-05-05,155.0,10928992
2025-05-06,154.47,17288378
2025-05-07,157.3,15708212
2025-05-08,155.66,15212190
2025-05-09,154.22,6520449
2025-05-12,154.14,18047564
2025-05-13,148.44,21099218
2025-05-14,146.36,20431904
2025-05-15,149.61,15891536
2025-05-16,151.33,8051150
2025-05-19,152.49,25279896
2025-05-20,153.66,14702902
2025-05-21,153.18,14064450
2025-05-22,152.61,15070670
2025-05-23,152.94,6727539
2025-05-27,153.25,13981388
2025-05-28,152.43,16918620
2025-05-29,153.58,13621964
2025-05-30,155.21,15529716
2025-06-02,155.4,13339338
2025-06-03,154.42,16419514
2025-06-04,153.22,13967722
2025-06-05,153.66,10592516
2025-06-06,155.03,5391841
2025-06-09,155.23,10638464
2025-06-10,156.45,13583762
2025-06-11,155.26,12032078
2025-06-12,156.66,14151022
2025-06-13,157.1,6587849
2025-06-16,155.22,14047990
2025-06-17,152.38,12814196
2025-06-18,150.73,16650474
2025-06-20,149.79,22605471
2025-06-23,151.32,14795706
2025-06-24,152.19,19088434
2025-06-25,152.28,14307416
2025-06-26,152.01,14313806
2025-06-27,152.41,10010787
2025-06-30,152.75,18079104
2025-07-01,155.92,21793352
2025-07-02,155.56,11088060
2025-07-03,156.01,6965019
2025-07-07,155.27,12541774
2025-07-08,155.79,12876442
2025-07-09,156.28,12295370
2025-07-10,157.69,13466256
2025-07-11,156.9,7872172
2025-07-14,156.82,20371264
2025-07-15,155.17,13746400
2025-07-16,164.78,44269538
2025-07-17,162.98,22591494
2025-07-18,163.7,9793046
2025-07-21,164.36,16508006
2025-07-22,167.93,18575982
2025-07-23,169.1,21235272
2025-07-24,169.56,13273836
2025-07-25,168.3,6255183
2025-07-28,166.22,16029280
2025-07-29,168.11,15326816
2025-07-30,167.26,12378322
2025-07-31,164.74,22072358
2025-08-01,167.33,8928229
2025-08-04,171.04,25358190
2025-08-05,170.74,15868884
2025-08-06,170.59,17914480
2025-08-07,171.53,18631884
2025-08-08,173.33,7686765
2025-08-11,173.82,14513556
2025-08-12,172.78,15834874
2025-08-13,174.42,11757332
2025-08-14,174.72,16483884
2025-08-15,176.64,9477559
2025-08-18,176.25,18568276
2025-08-19,177.8,18548364
2025-08-20,178.84,18060792
2025-08-21,178.93,17719104
2025-08-22,179.29,9524308
2025-08-25,178.41,12458298
2025-08-26,176.49,18290090
2025-08-27,176.79,11902198
2025-08-28,175.45,12849390
2025-08-29,177.17,6942311
2025-09-02,178.06,18098006
2025-09-03,178.0,14223378
2025-09-04,178.76,15709666
2025-09-05,178.43,9733803
2025-09-08,178.13,16765028
2025-09-09,176.96,12011406
2025-09-10,175.79,13783180
2025-09-11,178.5,11585054
2025-09-12,178.06,7220473
2025-09-15,177.4,9537094
2025-09-16,176.46,15919304
2025-09-17,177.2,13430376
2025-09-18,174.16,16401708
2025-09-19,176.19,25620954
2025-09-22,174.21,14387736
2025-09-23,176.58,16701486
2025-09-24,176.69,13353540
2025-09-25,177.73,16949950
2025-09-26,179.71,8634403
2025-09-29,181.62,17194166
2025-09-30,185.42,23138038
2025-10-01,186.05,26127576
2025-10-02,185.98,15456138
2025-10-03,188.64,8675087
2025-10-06,188.16,11612178
2025-10-07,188.89,17553568
2025-10-08,189.69,11502326
2025-10-09,191.08,14969528
2025-10-10,190.72,9598019
2025-10-13,190.9,15958952
2025-10-14,190.85,27226680
2025-10-15,191.17,18945990
2025-10-16,192.12,21223520
2025-10-17,193.22,7764449
2025-10-20,193.72,16069480
2025-10-21,191.88,13432720
2025-10-22,192.94,12686944
2025-10-23,192.47,17764982
2025-10-24,190.4,6903379
2025-10-27,190.3,14251912
2025-10-28,186.93,16658914
2025-10-29,186.6,21102158
2025-10-30,189.05,14145034
2025-10-31,188.87,17583332
2025-11-03,186.26,15085272
2025-11-04,186.86,14418790
2025-11-05,186.0,10098886
2025-11-06,186.97,13534834
2025-11-07,186.57,13918418
2025-11-10,188.41,10648154
2025-11-11,193.83,14931184
2025-11-12,194.39,17606010
2025-11-13,195.25,17263228
2025-11-14,195.93,17649694
2025-11-17,199.58,26513990
2025-11-18,200.0,24937238
2025-11-19,202.51,29381674
2025-11-20,203.07,21225100
2025-11-21,203.9,26378110
2025-11-24,206.05,29607746
2025-11-25,206.67,20551448
2025-11-26,207.56,13457988
2025-11-28,206.92,11272735
2025-12-01,205.34,16947452
2025-12-02,205.42,16787130
2025-12-03,205.33,16726584
2025-12-04,202.48,18099886
2025-12-05,201.93,15571104
2025-12-08,201.62,15571416
2025-12-09,199.96,15018804
2025-12-10,206.54,23199570
2025-12-11,210.01,18017820
2025-12-12,211.58,13845366
2025-12-15,214.17,16933928
2025-12-16,209.3,19899620
2025-12-17,210.33,16915120
2025-12-18,208.31,14999704
2025-12-19,206.37,49607840
2025-12-22,207.32,16375510
2025-12-23,205.78,14094692
2025-12-24,207.78,4753082
2025-12-26,207.63,4633460
2025-12-29,207.56,8697708
2025-12-30,206.91,7874790
2025-12-31,206.95,8168026
2026-01-02,207.35,12651344
2026-01-05,204.31,18953950
2026-01-06,204.79,16215706
2026-01-07,207.49,15091840
2026-01-08,205.75,13115552
2026-01-09,204.39,12308652
2026-01-12,209.72,23588678
2026-01-13,213.65,22759180
2026-01-14,218.55,23717568
2026-01-15,219.57,16984232
2026-01-16,218.66,20043030
2026-01-20,218.21,28114272
2026-01-21,218.01,29525766
2026-01-22,218.49,26320082
2026-01-23,220.14,13902080
2026-01-26,221.49,13714186
2026-01-27,224.44,16308978
2026-01-28,227.72,18052990
2026-01-29,227.29,19290696
2026-01-30,227.25,22091058
2026-02-02,230.75,16375058
2026-02-03,233.1,18693210
2026-02-04,234.47,17282898
2026-02-05,237.79,20534996
2026-02-06,239.99,16548068
2026-02-09,238.64,18757096
2026-02-10,238.35,13446506
2026-02-11,240.86,13607834
2026-02-12,244.55,20508520
2026-02-13,243.45,26537038
2026-02-17,243.33,25406058
2026-02-18,244.99,16259326
2026-02-19,246.91,15107868
2026-02-20,242.49,27131582
2026-02-23,245.84,19245484
2026-02-24,246.28,14492558
2026-02-25,245.17,15396400
2026-02-26,243.47,14345214
2026-02-27,248.43,32857100
2026-03-02,248.56,18084718
2026-03-03,246.75,12357478
2026-03-04,245.3,11535962
2026-03-05,239.63,18750824
2026-03-06,240.4,14359582
2026-03-09,242.59,15688056
2026-03-10,243.71,14428246
2026-03-11,242.99,13869684
2026-03-12,242.04,15420304
2026-03-13,241.52,12831078
2026-03-16,243.19,15143514
2026-03-17,238.11,14563553
2026-03-18,237.28,13623094
2026-03-19,237.6,15023076
2026-03-20,235.37,34367834
2026-03-23,235.42,14627306
2026-03-24,235.27,18092404
2026-03-25,239.93,12913472
2026-03-26,239.24,10342880
2026-03-27,240.45,15235234
2026-03-30,242.49,14482648
2026-03-31,244.44,15108306
2026-04-01,244.12,12629270
2026-04-02,243.04,13757408
2026-04-06,240.97,8884854
2026-04-07,238.41,12482292
2026-04-08,241.3,17542236
2026-04-09,241.31,12432818
2026-04-10,238.46,7354529
2026-04-13,237.96,15326847
2026-04-14,240.1,20637452
2026-04-15,238.67,12926914
2026-04-16,234.54,17337766
2026-04-17,234.18,17892578
2026-04-20,230.69,7810028
2026-04-21,226.16,11679819
2026-04-22,226.1,9003352
2026-04-23,230.65,7097642
2026-04-24,227.5,6067521
2026-04-27,225.34,7897807
2026-04-28,227.79,7179849
2026-04-29,227.35,7071145
2026-04-30,229.85,8157166
2026-05-01,227.19,6863588
2026-05-04,224.2,8215237
2026-05-05,225.5500030517578,5556700
2026-05-06,224.6199951171875,7982300
2026-05-07,222.50999450683594,7269700
2026-05-08,221.32000732421875,5550600
2026-05-11,221.42999267578125,6223200
2026-05-12,224.25999450683594,8632500
2026-05-13,230.4199981689453,5327127
2026-05-14,230.8000030517578,3037929
2026-05-15,226.7100067138672,12167000
2026-05-18,228.9199981689453,10141600
2026-05-19,230.0,6002888
2026-05-20,230.10000610351562,995561
2026-05-21,229.31900024414062,663517
2026-05-22,233.9199981689453,1194079
2026-05-26,229.75999450683594,1173619
2026-05-27,232.19500732421875,1069582
2026-05-28,230.59500122070312,1181206
2026-05-29,227.95249938964844,2069100
2026-06-01,221.77999877929688,1617246
2026-06-02,223.0399932861328,1191575
2026-06-03,223.38999938964844,1160233
2026-06-04,226.86500549316406,1501194
2026-06-05,232.0800018310547,1491374
2026-06-08,232.16000366210938,7559800
2026-06-09,237.0,8352000
2026-06-10,238.6999969482422,2569479
2026-06-11,240.90499877929688,1232669
2026-06-12,239.6199951171875,1394798
2026-06-15,237.46499633789062,1638466
2026-06-16,233.14500427246094,1747424
2026-06-17,233.46499633789062,1825253
2026-06-18,228.52000427246094,4240953
2026-06-22,230.60000610351562,1423844
2026-06-23,239.0800018310547,7590889
2026-06-24,241.0,5041625
2026-06-25,244.8800048828125,10031648
2026-06-26,254.66000366210938,16242949
2026-06-29,256.6199951171875,2911035
2026-06-30,253.97000122070312,4525237
2026-07-01,253.97999572753906,6040859
2026-07-02,263.0400085449219,7901835
2026-07-06,258.5150146484375,1570667
2026-07-07,267.239990234375,7188712
2026-07-08,267.2099914550781,585569
2026-07-09,259.1000061035156,6294135
2026-07-10,256.9800109863281,5217403
2026-07-13,258.1600036621094,1470044
2026-07-14,253.85000610351562,6374562
2026-07-15,247.02000427246094,10005307
2026-07-16,249.97000122070312,11090700
2026-07-17,253.0399932861328,7516376
2026-07-20,248.82000732421875,8111650
2026-07-21,250.61000061035156,7791800
2026-07-22,255.6300048828125,9096700
2026-07-23,259.2699890136719,8040005
2026-07-27,267.010009765625,1692793
2026-07-29,267.2099914550781,1380080
2026-07-30,255.82000732421875,8216500
2026-07-31,256.3500061035156,4552080
2026-08-03,254.41000366210938,8133600
2026-08-04,252.7949981689453,2224493
2026-08-05,258.26910400390625,2935166
2026-08-06,256.9800109863281,4302658
2026-08-07,259.239990234375,6531100
2026-08-10,260.0249938964844,2872770
2026-08-11,259.79998779296875,5944200
2026-08-12,260.8599853515625,3262519
2026-08-13,262.0799865722656,4851300
2026-08-14,260.3500061035156,4998100
2026-08-18,270.760009765625,2081553
2026-08-19,272.8900146484375,2994997
2026-08-20,267.3699951171875,4104590
2026-08-21,270.239990234375,6175580
2026-08-24,273.29998779296875,1780910
2026-08-25,273.1400146484375,9374000
2026-08-26,270.0,7193946
2026-08-27,267.1000061035156,3212827
2026-08-28,265.82501220703125,2180862
2026-08-31,266.364990234375,1268433
2026-09-01,271.19000244140625,6033600
2026-09-02,275.2099914550781,7835148
2026-09-03,278.42999267578125,5679330
2026-09-04,276.54998779296875,1298207
2026-09-08,268.3349914550781,2335180
2026-09-09,267.0799865722656,5862062
2026-09-10,265.9649963378906,1569786
2026-09-11,265.739990234375,1830351
2026-09-14,268.30999755859375,1220442
2026-09-15,263.80499267578125,1295242
2026-09-16,267.3699951171875,948985
2026-09-17,270.2200012207031,6369028
2026-09-18,269.7349853515625,1675568
2026-09-21,271.56500244140625,1117405
2026-09-22,269.3299865722656,1445167
2026-09-23,269.1700134277344,6367168
2026-09-24,270.67999267578125,6025590
2026-09-25,271.2200012207031,4085700
2026-09-28,272.2449951171875,1725111
2026-09-29,267.57000732421875,5573288
2026-09-30,264.739990234375,6341000
