date,close,volume
2014-01-02,40.659999847412,12720197
2014-01-03,40.459999084473,10403834
2014-01-06,40.270000457764,11041224
2014-01-07,40.389999389648,11879587
2014-01-08,39.939998626709,15357527
2014-01-09,39.729999542236,14074835
2014-01-10,40.130001068115,13314525
2014-01-13,39.529998779297,14136793
2014-01-14,39.689998626709,12808195
2014-01-15,39.759998321533,12845194
2014-01-16,39.709999084473,11076882
2014-01-17,39.279998779297,14027351
2014-01-21,39.919998168945,17590424
2014-01-22,39.900001525879,9856355
2014-01-23,39.240001678467,14867404
2014-01-24,38.840000152588,16533729
2014-01-27,38.729999542236,14603927
2014-01-28,38.869998931885,8931212
2014-01-29,37.900001525879,23776371
2014-01-30,38.169998168945,13663569
2014-01-31,37.819999694824,16185576
2014-02-03,37.200000762939,23195836
2014-02-04,37.479999542236,17797978
2014-02-05,37.610000610352,13716618
2014-02-06,38.029998779297,22665049
2014-02-07,37.950000762939,20495016
2014-02-10,38.569999694824,20915498
2014-02-11,38.639999389648,15417558
2014-02-12,38.509998321533,10633637
2014-02-13,38.650001525879,10449553
2014-02-14,38.930000305176,16047482
2014-02-18,37.470001220703,46195701
2014-02-19,37.099998474121,26650629
2014-02-20,37.299999237061,22652321
2014-02-21,37.180000305176,19440449
2014-02-24,37.5,24225051
2014-02-25,37.770000457764,22879234
2014-02-26,37.869998931885,18202510
2014-02-27,38.069999694824,18441483
2014-02-28,38.200000762939,15765571
2014-03-03,38.119998931885,18732279
2014-03-04,38.310001373291,20456788
2014-03-05,38.349998474121,14367749
2014-03-06,38.470001220703,14740674
2014-03-07,38.549999237061,17074233
2014-03-10,38.650001525879,14541439
2014-03-11,38.799999237061,13845663
2014-03-12,38.470001220703,15692277
2014-03-13,37.970001220703,18302808
2014-03-14,38.169998168945,14687231
2014-03-17,38.270000457764,19202973
2014-03-18,38.400001525879,16880363
2014-03-19,38.139999389648,20882157
2014-03-20,38.450000762939,13227981
2014-03-21,38.439998626709,19210757
2014-03-24,38.400001525879,15693042
2014-03-25,38.619998931885,16898937
2014-03-26,38.610000610352,15835535
2014-03-27,38.819999694824,13031474
2014-03-28,38.950000762939,11502051
2014-03-31,38.659999847412,24489838
2014-04-01,38.409999847412,20516452
2014-04-02,38.330001831055,15709122
2014-04-03,38.069999694824,18113991
2014-04-04,38.220001220703,15453554
2014-04-07,38.619998931885,17295654
2014-04-08,38.900001525879,14770515
2014-04-09,38.990001678467,12031360
2014-04-10,38.889999389648,21025736
2014-04-11,38.630001068115,18085746
2014-04-14,38.729999542236,19389800
2014-04-15,40.180000305176,47529158
2014-04-16,40.590000152588,21926145
2014-04-17,40.720001220703,18547111
2014-04-21,40.75,12630881
2014-04-22,40.709999084473,17405459
2014-04-23,40.729999542236,12072454
2014-04-24,40.700000762939,11401621
2014-04-25,41.009998321533,16811384
2014-04-28,41.029998779297,20736717
2014-04-29,40.569999694824,18928395
2014-04-30,40.790000915527,12361992
2014-05-01,40.779998779297,15385753
2014-05-02,40.950000762939,14197753
2014-05-05,40.759998321533,10164164
2014-05-06,40.490001678467,9359857
2014-05-07,40.909999847412,11115932
2014-05-08,40.729999542236,8538993
2014-05-09,40.869998931885,8516358
2014-05-12,40.819999694824,8906010
2014-05-13,41.110000610352,11579715
2014-05-14,40.889999389648,10036175
2014-05-15,40.520000457764,12379234
2014-05-16,40.889999389648,13824170
2014-05-19,40.709999084473,7559456
2014-05-20,40.580001831055,9640511
2014-05-21,40.869998931885,8607297
2014-05-22,40.580001831055,8430681
2014-05-23,40.580001831055,6255168
2014-05-27,40.770000457764,11291392
2014-05-28,40.580001831055,7536671
2014-05-29,40.659999847412,9867262
2014-05-30,40.909999847412,10446099
2014-06-02,40.860000610352,7472050
2014-06-03,40.880001068115,10493219
2014-06-04,40.790000915527,7864666
2014-06-05,40.889999389648,10133496
2014-06-06,40.990001678467,8760639
2014-06-09,40.909999847412,7316402
2014-06-10,41.069999694824,9169620
2014-06-11,40.860000610352,9648619
2014-06-12,40.419998168945,11583569
2014-06-13,40.369998931885,9203771
2014-06-16,40.659999847412,12878160
2014-06-17,40.919998168945,26927159
2014-06-18,41.560001373291,18518178
2014-06-19,41.790000915527,13275256
2014-06-20,41.689998626709,23403271
2014-06-23,41.729999542236,13099754
2014-06-24,41.849998474121,14962791
2014-06-25,41.959999084473,17621843
2014-06-26,42.029998779297,16905479
2014-06-27,42.189998626709,18674412
2014-06-30,42.360000610352,14068762
2014-07-01,42.290000915527,11497697
2014-07-02,42.290000915527,6707175
2014-07-03,42.229999542236,7537718
2014-07-07,42.139999389648,9000085
2014-07-08,41.939998626709,10091147
2014-07-09,41.950000762939,9900209
2014-07-10,42.259998321533,12564494
2014-07-11,41.970001220703,9772958
2014-07-14,42.380001068115,11857698
2014-07-15,42.099998474121,10551682
2014-07-16,42.119998931885,10331524
2014-07-17,42.020000457764,9983505
2014-07-18,42.430000305176,19272396
2014-07-21,42.400001525879,17607218
2014-07-22,41.189998626709,24707572
2014-07-23,40.810001373291,17531713
2014-07-24,40.970001220703,14856012
2014-07-25,41.0,10809949
2014-07-28,40.680000305176,11709721
2014-07-29,40.349998474121,10872629
2014-07-30,39.619998931885,20346235
2014-07-31,39.290000915527,15436851
2014-08-01,39.290000915527,13568610
2014-08-04,39.400001525879,11013475
2014-08-05,39.180000305176,11639154
2014-08-06,39.919998168945,17567544
2014-08-07,39.349998474121,14367594
2014-08-08,39.450000762939,13666969
2014-08-11,39.569999694824,14102644
2014-08-12,39.680000305176,13297538
2014-08-13,39.939998626709,9646476
2014-08-14,40.180000305176,6902023
2014-08-15,40.880001068115,23221550
2014-08-18,41.349998474121,14892233
2014-08-19,41.259998321533,10261305
2014-08-20,41.25,6791695
2014-08-21,41.409999847412,11951213
2014-08-22,41.119998931885,11244643
2014-08-25,41.409999847412,10229332
2014-08-26,41.599998474121,8416524
2014-08-27,41.599998474121,7701957
2014-08-28,41.630001068115,9747093
2014-08-29,41.720001220703,7666718
2014-09-02,41.639999389648,9798704
2014-09-03,41.779998779297,8644484
2014-09-04,41.869998931885,16785311
2014-09-05,41.840000152588,12768144
2014-09-08,41.779998779297,9097707
2014-09-09,41.939998626709,11892490
2014-09-10,42.169998168945,17558019
2014-09-11,41.950000762939,19615854
2014-09-12,41.459999084473,12979948
2014-09-15,41.5,12259597
2014-09-16,41.639999389648,15232844
2014-09-17,41.610000610352,16703094
2014-09-18,41.790000915527,12594172
2014-09-19,42.049999237061,47559738
2014-09-22,42.220001220703,11518108
2014-09-23,41.889999389648,10252374
2014-09-24,42.270000457764,13540935
2014-09-25,41.779998779297,11076728
2014-09-26,42.200000762939,9939569
2014-09-29,42.25,12446707
2014-09-30,42.659999847412,22613730
2014-10-01,42.740001678467,30409720
2014-10-02,42.659999847412,16643440
2014-10-03,43.0,14046676
2014-10-06,43.599998474121,20331446
2014-10-07,43.919998168945,24936592
2014-10-08,44.549999237061,26115610
2014-10-09,43.869998931885,25030528
2014-10-10,44.470001220703,25920757
2014-10-13,44.069999694824,20183940
2014-10-14,43.639999389648,21027832
2014-10-15,43.229999542236,22988937
2014-10-16,42.560001373291,22519282
2014-10-17,42.880001068115,23236041
2014-10-20,43.290000915527,17647782
2014-10-21,40.680000305176,55953509
2014-10-22,40.619998931885,27728233
2014-10-23,40.860000610352,23347181
2014-10-24,41.029998779297,13396421
2014-10-27,40.759998321533,17222528
2014-10-28,40.560001373291,18660970
2014-10-29,40.959999084473,25767750
2014-10-30,41.400001525879,18295604
2014-10-31,41.880001068115,18477684
2014-11-03,41.810001373291,13239536
2014-11-04,41.819999694824,10105358
2014-11-05,42.310001373291,20676761
2014-11-06,42.290000915527,11528817
2014-11-07,42.319999694824,11803792
2014-11-10,42.389999389648,9088938
2014-11-11,42.509998321533,8563691
2014-11-12,42.709999084473,12768769
2014-11-13,42.790000915527,12007696
2014-11-14,42.729999542236,10939478
2014-11-17,42.919998168945,10663996
2014-11-18,43.529998779297,26143194
2014-11-19,44.220001220703,25402296
2014-11-20,44.25,13465446
2014-11-21,44.5,14382672
2014-11-24,44.270000457764,12890827
2014-11-25,44.430000305176,10741655
2014-11-26,44.290000915527,9200463
2014-11-28,44.830001831055,10501972
2014-12-01,44.549999237061,10065657
2014-12-02,44.540000915527,9878097
2014-12-03,43.799999237061,15246481
2014-12-04,43.5,13804776
2014-12-05,43.529998779297,12536928
2014-12-08,43.139999389648,12806339
2014-12-09,42.040000915527,25714579
2014-12-10,41.599998474121,18324132
2014-12-11,41.529998779297,16201523
2014-12-12,40.909999847412,18432381
2014-12-15,40.569999694824,23378508
2014-12-16,40.389999389648,23475421
2014-12-17,41.549999237061,20223938
2014-12-18,42.389999389648,18030716
2014-12-19,41.950000762939,24009502
2014-12-22,42.349998474121,11190862
2014-12-23,42.970001220703,13411294
2014-12-24,42.939998626709,6405910
2014-12-26,42.959999084473,6466883
2014-12-29,42.860000610352,8694509
2014-12-30,42.759998321533,9222049
2014-12-31,42.220001220703,9369464
2015-01-02,42.139999389648,9921091
2015-01-05,42.139999389648,26292592
2015-01-06,42.459999084473,16897487
2015-01-07,42.990001678467,13412270
2015-01-08,43.509998321533,21743628
2015-01-09,43.029998779297,12733549
2015-01-12,42.639999389648,11415829
2015-01-13,42.630001068115,12529493
2015-01-14,42.560001373291,13447646
2015-01-15,42.380001068115,11193063
2015-01-16,42.529998779297,15114873
2015-01-20,43.159999847412,17047295
2015-01-21,43.360000610352,10720566
2015-01-22,43.779998779297,14709117
2015-01-23,43.310001373291,12357723
2015-01-26,43.0,11151861
2015-01-27,42.389999389648,15274036
2015-01-28,41.919998168945,14278506
2015-01-29,42.099998474121,13657918
2015-01-30,41.169998168945,19193704
2015-02-02,41.590000152588,15197517
2015-02-03,41.630001068115,13193129
2015-02-04,41.680000305176,16399992
2015-02-05,41.790000915527,11078513
2015-02-06,41.450000762939,12366380
2015-02-09,41.229999542236,13371066
2015-02-10,42.400001525879,32184188
2015-02-11,42.369998931885,20496282
2015-02-12,42.169998168945,13818248
2015-02-13,41.990001678467,10792091
2015-02-17,41.810001373291,12804246
2015-02-18,41.729999542236,9789765
2015-02-19,42.110000610352,16578304
2015-02-20,41.970001220703,15982353
2015-02-23,41.849998474121,11830339
2015-02-24,42.130001068115,12782659
2015-02-25,42.049999237061,10323318
2015-02-26,42.459999084473,14346538
2015-02-27,43.299999237061,28312835
2015-03-02,43.200000762939,13514600
2015-03-03,42.950000762939,10036311
2015-03-04,42.5,16262994
2015-03-05,42.400001525879,9222960
2015-03-06,41.520000457764,18180467
2015-03-09,41.389999389648,10123274
2015-03-10,40.689998626709,14599065
2015-03-11,40.099998474121,18549681
2015-03-12,40.569999694824,17728747
2015-03-13,39.909999847412,17438430
2015-03-16,40.290000915527,15238783
2015-03-17,40.509998321533,21661805
2015-03-18,40.599998474121,26247491
2015-03-19,40.020000457764,16057555
2015-03-20,40.650001525879,31608480
2015-03-23,40.619998931885,17060523
2015-03-24,40.470001220703,13485734
2015-03-25,40.450000762939,22811328
2015-03-26,40.349998474121,17359635
2015-03-27,40.080001831055,14384361
2015-03-30,40.509998321533,12561436
2015-03-31,40.549999237061,16604780
2015-04-01,40.680000305176,14300701
2015-04-02,40.680000305176,14343102
2015-04-06,41.169998168945,19843401
2015-04-07,41.009998321533,9773391
2015-04-08,40.889999389648,8954659
2015-04-09,41.049999237061,12710885
2015-04-10,40.880001068115,8719980
2015-04-13,40.700000762939,9616271
2015-04-14,40.509998321533,11209674
2015-04-15,40.400001525879,11189056
2015-04-16,40.599998474121,13120966
2015-04-17,40.299999237061,15330311
2015-04-20,40.659999847412,13023939
2015-04-21,40.779998779297,19673063
2015-04-22,41.310001373291,26887158
2015-04-23,40.950000762939,17408798
2015-04-24,40.889999389648,11623319
2015-04-27,40.830001831055,10044553
2015-04-28,40.770000457764,12174756
2015-04-29,40.490001678467,11371397
2015-04-30,40.560001373291,12700757
2015-05-01,40.909999847412,10848323
2015-05-04,40.959999084473,10204805
2015-05-05,40.75,11721254
2015-05-06,40.659999847412,11906874
2015-05-07,40.700000762939,13834747
2015-05-08,40.979999542236,11144434
2015-05-11,40.939998626709,10113526
2015-05-12,40.689998626709,12384499
2015-05-13,41.049999237061,13183745
2015-05-14,41.5,9960964
2015-05-15,41.520000457764,8479028
2015-05-18,41.319999694824,11511687
2015-05-19,41.310001373291,9071997
2015-05-20,41.349998474121,10965231
2015-05-21,41.229999542236,9270925
2015-05-22,41.209999084473,11909499
2015-05-26,40.990001678467,15194348
2015-05-27,41.119998931885,9863138
2015-05-28,41.139999389648,9395168
2015-05-29,40.959999084473,19628649
2015-06-01,40.939998626709,12684052
2015-06-02,40.990001678467,11878845
2015-06-03,40.869998931885,8153777
2015-06-04,40.590000152588,10145794
2015-06-05,40.099998474121,15975551
2015-06-08,40.159999847412,14339260
2015-06-09,40.200000762939,10772741
2015-06-10,40.330001831055,11979870
2015-06-11,40.099998474121,11944854
2015-06-12,39.959999084473,15568577
2015-06-15,39.590000152588,11364793
2015-06-16,40.080001831055,12517410
2015-06-17,40.270000457764,13898422
2015-06-18,40.650001525879,16314590
2015-06-19,40.400001525879,23550571
2015-06-22,40.479999542236,8775913
2015-06-23,40.380001068115,11094928
2015-06-24,40.189998626709,10385088
2015-06-25,40.020000457764,10607592
2015-06-26,40.0,16215596
2015-06-29,39.400001525879,15500771
2015-06-30,39.229999542236,14621325
2015-07-01,39.5,11177431
2015-07-02,39.490001678467,8975923
2015-07-06,39.419998168945,10252593
2015-07-07,40.25,20335005
2015-07-08,39.860000610352,11383747
2015-07-09,39.919998168945,13392040
2015-07-10,40.389999389648,13360379
2015-07-13,40.659999847412,9854203
2015-07-14,41.169998168945,19531043
2015-07-15,41.130001068115,11252142
2015-07-16,41.479999542236,10483688
2015-07-17,41.25,9608302
2015-07-20,41.380001068115,10024168
2015-07-21,41.189998626709,13653823
2015-07-22,40.900001525879,15528630
2015-07-23,40.840000152588,13522199
2015-07-24,40.439998626709,10912528
2015-07-27,40.540000915527,10945666
2015-07-28,40.549999237061,11021821
2015-07-29,40.590000152588,8479899
2015-07-30,40.560001373291,9095488
2015-07-31,41.080001831055,15309490
2015-08-03,41.540000915527,14672571
2015-08-04,41.849998474121,17559905
2015-08-05,42.119998931885,15329248
2015-08-06,41.919998168945,11378874
2015-08-07,41.770000457764,10886719
2015-08-10,41.680000305176,9501875
2015-08-11,41.479999542236,11254885
2015-08-12,41.259998321533,9793289
2015-08-13,41.099998474121,10270853
2015-08-14,41.25,9905619
2015-08-17,41.349998474121,8272813
2015-08-18,41.299999237061,11199353
2015-08-19,40.779998779297,15796547
2015-08-20,40.549999237061,14217983
2015-08-21,39.529998779297,28036173
2015-08-24,38.380001068115,44065301
2015-08-25,37.990001678467,31363717
2015-08-26,38.729999542236,23523272
2015-08-27,39.270000457764,18871551
2015-08-28,39.450000762939,14503887
2015-08-31,39.319999694824,12673262
2015-09-01,38.75,23703211
2015-09-02,38.900001525879,14054821
2015-09-03,39.159999847412,13311591
2015-09-04,38.520000457764,15450547
2015-09-08,38.900001525879,15273936
2015-09-09,38.299999237061,13764593
2015-09-10,38.419998168945,14952537
2015-09-11,38.130001068115,11802271
2015-09-14,38.099998474121,8950014
2015-09-15,38.5,13019802
2015-09-16,39.150001525879,22233383
2015-09-17,39.380001068115,21232475
2015-09-18,38.979999542236,27527257
2015-09-21,39.189998626709,12935770
2015-09-22,38.790000915527,15021341
2015-09-23,38.759998321533,8910787
2015-09-24,39.150001525879,19385676
2015-09-25,39.619998931885,22511328
2015-09-28,39.529998779297,19323124
2015-09-29,39.659999847412,14166903
2015-09-30,40.119998931885,19752636
2015-10-01,39.799999237061,19606626
2015-10-02,40.389999389648,15537258
2015-10-05,41.009998321533,15664041
2015-10-06,40.959999084473,14579392
2015-10-07,41.520000457764,14401357
2015-10-08,41.979999542236,11960174
2015-10-09,42.020000457764,13931163
2015-10-12,42.0,12299062
2015-10-13,41.650001525879,12903557
2015-10-14,41.680000305176,14180003
2015-10-15,41.919998168945,11801562
2015-10-16,42.020000457764,20384217
2015-10-19,41.990001678467,15553774
2015-10-20,42.290000915527,16199274
2015-10-21,42.189998626709,19441875
2015-10-22,43.240001678467,35920184
2015-10-23,42.790000915527,18796054
2015-10-26,42.590000152588,14788551
2015-10-27,42.610000610352,30166606
2015-10-28,42.729999542236,13667307
2015-10-29,42.790000915527,9427360
2015-10-30,42.349998474121,15356150
2015-11-02,42.240001678467,16252244
2015-11-03,42.159999847412,9693096
2015-11-04,41.970001220703,10488505
2015-11-05,42.330001831055,9625114
2015-11-06,41.959999084473,11926701
2015-11-09,41.540000915527,10842712
2015-11-10,41.770000457764,8283092
2015-11-11,42.040000915527,9101167
2015-11-12,41.580001831055,10724972
2015-11-13,41.380001068115,11619468
2015-11-16,41.959999084473,11244857
2015-11-17,41.669998168945,12739365
2015-11-18,42.279998779297,12966287
2015-11-19,43.110000610352,24090723
2015-11-20,42.430000305176,19780761
2015-11-23,42.959999084473,13338134
2015-11-24,43.360000610352,15767155
2015-11-25,43.360000610352,10344857
2015-11-27,43.150001525879,7236711
2015-11-30,42.619998931885,16063027
2015-12-01,42.889999389648,11153028
2015-12-02,42.770000457764,12598499
2015-12-03,42.459999084473,15004860
2015-12-04,43.290000915527,16487972
2015-12-07,43.200000762939,12030718
2015-12-08,43.009998321533,10736213
2015-12-09,42.659999847412,12945502
2015-12-10,42.759998321533,15483321
2015-12-11,42.270000457764,17313443
2015-12-14,42.450000762939,20092892
2015-12-15,43.069999694824,17916382
2015-12-16,43.840000152588,21868610
2015-12-17,43.490001678467,14697025
2015-12-18,42.5,24583695
2015-12-21,42.779998779297,10444353
2015-12-22,43.290000915527,12280757
2015-12-23,43.669998168945,9092284
2015-12-24,43.540000915527,3036573
2015-12-28,43.490001678467,6326143
2015-12-29,43.709999084473,7739815
2015-12-30,43.569999694824,5112475
2015-12-31,42.959999084473,9727907
2016-01-04,42.400001525879,16084145
2016-01-05,42.549999237061,15781895
2016-01-06,42.319999694824,16245132
2016-01-07,41.619998931885,20563576
2016-01-08,41.509998321533,14645913
2016-01-11,41.580001831055,15815238
2016-01-12,42.119998931885,21814837
2016-01-13,41.849998474121,16854282
2016-01-14,41.880001068115,16027968
2016-01-15,41.5,21153592
2016-01-19,41.919998168945,15462240
2016-01-20,41.380001068115,19923495
2016-01-21,41.389999389648,15568891
2016-01-22,42.060001373291,15209235
2016-01-25,42.159999847412,12505160
2016-01-26,42.080001831055,13018471
2016-01-27,42.090000152588,14167021
2016-01-28,42.569999694824,16622840
2016-01-29,42.919998168945,20457028
2016-02-01,43.0,17097846
2016-02-02,42.439998626709,12332896
2016-02-03,42.720001220703,15958302
2016-02-04,42.529998779297,14413744
2016-02-05,42.439998626709,17315697
2016-02-08,42.650001525879,17254432
2016-02-09,43.299999237061,24853835
2016-02-10,42.549999237061,16729648
2016-02-11,42.409999847412,16825341
2016-02-12,43.110000610352,15222405
2016-02-16,43.360000610352,12675861
2016-02-17,43.490001678467,12332503
2016-02-18,43.610000610352,11170259
2016-02-19,43.770000457764,12849973
2016-02-22,43.939998626709,20716140
2016-02-23,43.689998626709,11166383
2016-02-24,43.909999847412,10844226
2016-02-25,44.159999847412,10903294
2016-02-26,43.139999389648,18421002
2016-02-29,43.130001068115,15049765
2016-03-01,43.689998626709,12358255
2016-03-02,43.770000457764,12856312
2016-03-03,43.959999084473,13134766
2016-03-04,44.110000610352,13691531
2016-03-07,44.009998321533,10695323
2016-03-08,44.319999694824,18900248
2016-03-09,44.810001373291,18466621
2016-03-10,45.229999542236,28908569
2016-03-11,45.200000762939,16129346
2016-03-14,45.290000915527,13206678
2016-03-15,45.240001678467,13686335
2016-03-16,45.049999237061,15386132
2016-03-17,45.770000457764,24079977
2016-03-18,45.599998474121,23853439
2016-03-21,45.669998168945,9740372
2016-03-22,45.5,13788291
2016-03-23,45.459999084473,9292052
2016-03-24,45.580001831055,10890206
2016-03-28,45.799999237061,13306594
2016-03-29,46.479999542236,25010417
2016-03-30,46.580001831055,14312186
2016-03-31,46.389999389648,15544517
2016-04-01,46.830001831055,14922876
2016-04-04,46.889999389648,10629837
2016-04-05,46.529998779297,10696703
2016-04-06,46.709999084473,9122659
2016-04-07,46.360000610352,9291960
2016-04-08,46.869998931885,11959305
2016-04-11,46.439998626709,11880062
2016-04-12,46.650001525879,11219103
2016-04-13,46.040000915527,13234140
2016-04-14,45.830001831055,12982242
2016-04-15,46.099998474121,13647784
2016-04-18,46.220001220703,11538098
2016-04-19,46.599998474121,14418258
2016-04-20,44.369998931885,40360297
2016-04-21,43.659999847412,37206893
2016-04-22,44.540000915527,25134220
2016-04-25,44.709999084473,11173788
2016-04-26,44.529998779297,13935517
2016-04-27,44.680000305176,11335539
2016-04-28,44.630001068115,10932525
2016-04-29,44.799999237061,11716045
2016-05-02,44.979999542236,12577467
2016-05-03,44.840000152588,10420484
2016-05-04,44.979999542236,9350517
2016-05-05,45.060001373291,8801093
2016-05-06,45.319999694824,8564035
2016-05-09,45.240001678467,8110576
2016-05-10,45.75,8933457
2016-05-11,45.459999084473,8833105
2016-05-12,45.830001831055,10463436
2016-05-13,45.349998474121,10341197
2016-05-16,45.619998931885,9413602
2016-05-17,44.75,17457008
2016-05-18,44.479999542236,12524275
2016-05-19,44.319999694824,10659524
2016-05-20,43.950000762939,12914133
2016-05-23,43.970001220703,13554700
2016-05-24,44.369998931885,12634212
2016-05-25,44.380001068115,9218444
2016-05-26,44.689998626709,8695753
2016-05-27,44.779998779297,7893894
2016-05-31,44.599998474121,18935249
2016-06-01,44.700000762939,8916015
2016-06-02,44.720001220703,6693945
2016-06-03,45.040000915527,13434865
2016-06-06,45.369998931885,10310560
2016-06-07,45.319999694824,9812617
2016-06-08,45.549999237061,7915417
2016-06-09,45.759998321533,8042866
2016-06-10,45.990001678467,12357013
2016-06-13,45.119998931885,10613533
2016-06-14,45.040000915527,11298208
2016-06-15,45.009998321533,8360350
2016-06-16,45.310001373291,11305429
2016-06-17,44.790000915527,20805405
2016-06-20,44.979999542236,10712366
2016-06-21,45.130001068115,7919395
2016-06-22,44.860000610352,10738930
2016-06-23,45.080001831055,9655345
2016-06-24,43.930000305176,26003657
2016-06-27,43.779998779297,15805581
2016-06-28,44.180000305176,16509784
2016-06-29,44.439998626709,12250905
2016-06-30,45.330001831055,16056522
2016-07-01,45.119998931885,11799738
2016-07-05,45.430000305176,12339123
2016-07-06,45.270000457764,10902573
2016-07-07,45.090000152588,9741108
2016-07-08,45.380001068115,11127077
2016-07-11,45.569999694824,10937780
2016-07-12,45.580001831055,9746907
2016-07-13,45.740001678467,8028398
2016-07-14,45.689998626709,7621235
2016-07-15,45.630001068115,10620966
2016-07-18,45.630001068115,7958371
2016-07-19,45.630001068115,7761133
2016-07-20,45.509998321533,8478211
2016-07-21,45.450000762939,8150077
2016-07-22,45.830001831055,8836148
2016-07-25,45.569999694824,9134338
2016-07-26,44.880001068115,15819907
2016-07-27,43.400001525879,37461073
2016-07-28,43.650001525879,13077828
2016-07-29,43.630001068115,16530511
2016-08-01,43.450000762939,12349682
2016-08-02,43.529998779297,12825187
2016-08-03,43.639999389648,12119080
2016-08-04,43.509998321533,11244053
2016-08-05,43.479999542236,10398203
2016-08-08,43.439998626709,8680309
2016-08-09,43.470001220703,7281332
2016-08-10,43.610000610352,8412055
2016-08-11,43.75,11303281
2016-08-12,44.029998779297,10928925
2016-08-15,44.240001678467,10390642
2016-08-16,43.830001831055,9706132
2016-08-17,44.060001373291,11208499
2016-08-18,44.099998474121,9144293
2016-08-19,43.919998168945,9385920
2016-08-22,43.740001678467,8687524
2016-08-23,43.849998474121,8421061
2016-08-24,43.849998474121,11508919
2016-08-25,43.669998168945,9815662
2016-08-26,43.319999694824,11824943
2016-08-29,43.540000915527,9544573
2016-08-30,43.240001678467,9720067
2016-08-31,43.430000305176,10217936
2016-09-01,43.349998474121,8457766
2016-09-02,43.659999847412,9026010
2016-09-06,43.790000915527,8600372
2016-09-07,43.639999389648,8656580
2016-09-08,43.630001068115,10020425
2016-09-09,42.270000457764,23624237
2016-09-12,43.189998626709,15932296
2016-09-13,42.279998779297,12962720
2016-09-14,42.110000610352,9823933
2016-09-15,42.360000610352,10244620
2016-09-16,42.139999389648,16353971
2016-09-19,42.099998474121,7659863
2016-09-20,42.340000152588,8407163
2016-09-21,42.529998779297,13654653
2016-09-22,42.959999084473,9288268
2016-09-23,42.740001678467,8852719
2016-09-26,42.049999237061,15036043
2016-09-27,42.590000152588,11920432
2016-09-28,42.150001525879,15523783
2016-09-29,42.029998779297,12671673
2016-09-30,42.319999694824,14375702
2016-10-03,42.029998779297,11152793
2016-10-04,41.840000152588,13682703
2016-10-05,41.810001373291,9607263
2016-10-06,41.709999084473,9722878
2016-10-07,41.729999542236,8122809
2016-10-10,41.729999542236,8983623
2016-10-11,41.540000915527,12249060
2016-10-12,41.779998779297,12216588
2016-10-13,41.759998321533,17655643
2016-10-14,41.669998168945,9893840
2016-10-17,41.599998474121,10792512
2016-10-18,41.970001220703,11297333
2016-10-19,42.049999237061,16367383
2016-10-20,41.930000305176,10620494
2016-10-21,42.130001068115,14401515
2016-10-24,42.560001373291,13439196
2016-10-25,42.540000915527,16484713
2016-10-26,42.439998626709,16886249
2016-10-27,42.119998931885,14537030
2016-10-28,42.229999542236,13398353
2016-10-31,42.400001525879,13327475
2016-11-01,42.119998931885,12223368
2016-11-02,42.049999237061,12034271
2016-11-03,42.029998779297,11257978
2016-11-04,41.689998626709,14464185
2016-11-07,42.459999084473,14038532
2016-11-08,42.880001068115,12036581
2016-11-09,42.270000457764,21350962
2016-11-10,40.939998626709,33245534
2016-11-11,41.029998779297,13420962
2016-11-14,41.169998168945,19514172
2016-11-15,41.439998626709,16553962
2016-11-16,41.259998321533,12681351
2016-11-17,41.119998931885,12398821
2016-11-18,40.909999847412,16345262
2016-11-21,41.360000610352,12307041
2016-11-22,41.369998931885,12743512
2016-11-23,41.119998931885,9294081
2016-11-25,41.529998779297,7402652
2016-11-28,41.75,19424412
2016-11-29,41.150001525879,11421921
2016-11-30,40.349998474121,22410367
2016-12-01,40.169998168945,20409864
2016-12-02,40.360000610352,11176301
2016-12-05,40.619998931885,15977847
2016-12-06,40.569999694824,11303492
2016-12-07,41.290000915527,13726520
2016-12-08,40.979999542236,13077139
2016-12-09,42.0,28125775
2016-12-12,41.900001525879,17561900
2016-12-13,41.759998321533,18985974
2016-12-14,41.209999084473,17937857
2016-12-15,41.549999237061,14265277
2016-12-16,41.740001678467,19675238
2016-12-19,41.669998168945,8687338
2016-12-20,41.659999847412,10603483
2016-12-21,41.569999694824,9693613
2016-12-22,41.549999237061,11894113
2016-12-23,41.599998474121,6436556
2016-12-27,41.610000610352,6999169
2016-12-28,41.389999389648,8987984
2016-12-29,41.599998474121,6875301
2016-12-30,41.459999084473,11470194
2017-01-03,41.799999237061,14711049
2017-01-04,41.650001525879,9959402
2017-01-05,41.75,8968258
2017-01-06,41.740001678467,10247235
2017-01-09,41.319999694824,14822501
2017-01-10,41.040000915527,19706782
2017-01-11,41.049999237061,9266213
2017-01-12,40.950000762939,8541181
2017-01-13,40.880001068115,8123494
2017-01-17,41.220001220703,12469432
2017-01-18,41.290000915527,10390485
2017-01-19,41.139999389648,10987072
2017-01-20,41.319999694824,14695409
2017-01-23,41.430000305176,11628909
2017-01-24,41.900001525879,17040102
2017-01-25,42.119998931885,12538163
2017-01-26,41.810001373291,8977135
2017-01-27,41.450000762939,12967361
2017-01-30,41.380001068115,11626225
2017-01-31,41.569999694824,12677977
2017-02-01,41.259998321533,11136077
2017-02-02,41.400001525879,9459722
2017-02-03,41.540000915527,11882373
2017-02-06,41.560001373291,15742824
2017-02-07,41.900001525879,13315185
2017-02-08,42.020000457764,14219667
2017-02-09,41.25,27240268
2017-02-10,40.580001831055,28847307
2017-02-13,40.619998931885,23617075
2017-02-14,40.529998779297,32177836
2017-02-15,40.439998626709,26600788
2017-02-16,41.200000762939,22214839
2017-02-17,41.229999542236,15065148
2017-02-21,41.459999084473,17072551
2017-02-22,41.599998474121,11186823
2017-02-23,41.659999847412,12856844
2017-02-24,41.779998779297,13215306
2017-02-27,41.669998168945,12186364
2017-02-28,41.959999084473,15946816
2017-03-01,42.159999847412,14662016
2017-03-02,42.470001220703,15507623
2017-03-03,42.479999542236,11743030
2017-03-06,42.180000305176,16307783
2017-03-07,41.990001678467,11273704
2017-03-08,41.990001678467,14641689
2017-03-09,42.029998779297,14496447
2017-03-10,42.290000915527,16369676
2017-03-13,42.029998779297,12831543
2017-03-14,41.970001220703,9844453
2017-03-15,42.119998931885,22757762
2017-03-16,42.25,16004192
2017-03-17,42.029998779297,37526506
2017-03-20,42.180000305176,11484233
2017-03-21,42.5,17187257
2017-03-22,42.380001068115,11605453
2017-03-23,42.169998168945,11503322
2017-03-24,42.119998931885,13804411
2017-03-27,42.319999694824,12387364
2017-03-28,42.430000305176,14123756
2017-03-29,42.419998168945,9580060
2017-03-30,42.599998474121,11999910
2017-03-31,42.439998626709,11551767
2017-04-03,42.409999847412,11240037
2017-04-04,42.680000305176,10946230
2017-04-05,42.569999694824,10142817
2017-04-06,42.669998168945,14597765
2017-04-07,42.610000610352,11028772
2017-04-10,42.689998626709,9426908
2017-04-11,42.659999847412,8909379
2017-04-12,42.939998626709,13417205
2017-04-13,42.790000915527,9891941
2017-04-17,43.069999694824,11318086
2017-04-18,43.479999542236,13181590
2017-04-19,43.229999542236,13893062
2017-04-20,43.090000152588,10838274
2017-04-21,43.069999694824,13833772
2017-04-24,43.279998779297,16703800
2017-04-25,43.110000610352,18745112
2017-04-26,43.240001678467,13626625
2017-04-27,43.009998321533,10386244
2017-04-28,43.150001525879,10337768
2017-05-01,43.220001220703,13208246
2017-05-02,43.389999389648,11823916
2017-05-03,43.319999694824,10389027
2017-05-04,43.659999847412,10193084
2017-05-05,43.689998626709,8133039
2017-05-08,43.889999389648,14284342
2017-05-09,43.509998321533,8694355
2017-05-10,43.569999694824,7597653
2017-05-11,43.669998168945,6860135
2017-05-12,43.590000152588,7275825
2017-05-15,43.729999542236,8493046
2017-05-16,43.849998474121,10454121
2017-05-17,43.930000305176,14538754
2017-05-18,43.799999237061,13832197
2017-05-19,43.900001525879,11796762
2017-05-22,44.180000305176,12857913
2017-05-23,44.389999389648,11996138
2017-05-24,45.029998779297,12872039
2017-05-25,45.409999847412,16704206
2017-05-26,45.389999389648,11341383
2017-05-30,45.430000305176,13093537
2017-05-31,45.470001220703,14148040
2017-06-01,45.790000915527,11049283
2017-06-02,45.889999389648,9923724
2017-06-05,45.990001678467,10015163
2017-06-06,45.979999542236,9836725
2017-06-07,45.509998321533,12776279
2017-06-08,45.130001068115,12878998
2017-06-09,45.319999694824,9358824
2017-06-12,45.330001831055,11228502
2017-06-13,45.029998779297,10023358
2017-06-14,45.299999237061,11497520
2017-06-15,45.25,9908718
2017-06-16,45.310001373291,27025333
2017-06-19,45.380001068115,7624663
2017-06-20,45.610000610352,14920858
2017-06-21,45.220001220703,9515844
2017-06-22,45.069999694824,7446300
2017-06-23,45.25,9544792
2017-06-26,45.430000305176,7747057
2017-06-27,45.049999237061,11432191
2017-06-28,45.319999694824,9218750
2017-06-29,44.830001831055,9283457
2017-06-30,44.849998474121,9352785
2017-07-03,44.759998321533,6434460
2017-07-05,44.819999694824,6853558
2017-07-06,44.400001525879,13113019
2017-07-07,44.389999389648,9566044
2017-07-10,44.380001068115,9671953
2017-07-11,44.330001831055,10300706
2017-07-12,44.509998321533,7737362
2017-07-13,44.430000305176,6371855
2017-07-14,44.680000305176,8558718
2017-07-17,44.729999542236,7189214
2017-07-18,44.669998168945,9037162
2017-07-19,44.830001831055,6986937
2017-07-20,44.819999694824,7430262
2017-07-21,45.029998779297,8545560
2017-07-24,44.840000152588,9103586
2017-07-25,45.240001678467,14096307
2017-07-26,45.740001678467,13608926
2017-07-27,46.119998931885,15195172
2017-07-28,46.009998321533,11945270
2017-07-31,45.840000152588,13622891
2017-08-01,45.700000762939,10306810
2017-08-02,45.590000152588,10187921
2017-08-03,45.669998168945,14261400
2017-08-04,45.5,9523593
2017-08-07,45.639999389648,6226315
2017-08-08,45.599998474121,5747919
2017-08-09,45.590000152588,9635260
2017-08-10,45.740001678467,8901554
2017-08-11,45.590000152588,8357607
2017-08-14,45.799999237061,8421179
2017-08-15,46.189998626709,9638061
2017-08-16,46.200000762939,8087313
2017-08-17,45.860000610352,8476994
2017-08-18,45.669998168945,10879794
2017-08-21,45.680000305176,9429736
2017-08-22,45.599998474121,10536716
2017-08-23,45.540000915527,6528402
2017-08-24,45.409999847412,7534364
2017-08-25,45.569999694824,8807143
2017-08-28,45.419998168945,8024028
2017-08-29,45.450000762939,7762162
2017-08-30,45.389999389648,7134910
2017-08-31,45.549999237061,14264572
2017-09-01,45.779998779297,7391249
2017-09-05,45.919998168945,10463902
2017-09-06,45.959999084473,9238867
2017-09-07,46.279998779297,9418365
2017-09-08,46.299999237061,10534915
2017-09-11,46.520000457764,10430254
2017-09-12,46.720001220703,8567619
2017-09-13,46.869998931885,10217985
2017-09-14,46.110000610352,13768837
2017-09-15,46.180000305176,16141413
2017-09-18,46.110000610352,8535331
2017-09-19,45.979999542236,7297932
2017-09-20,45.779998779297,11026594
2017-09-21,45.400001525879,7555292
2017-09-22,45.490001678467,8024827
2017-09-25,45.689998626709,9215326
2017-09-26,45.569999694824,6480138
2017-09-27,44.639999389648,14816247
2017-09-28,44.909999847412,8789517
2017-09-29,45.009998321533,10082221
2017-10-02,44.799999237061,10707763
2017-10-03,45.189998626709,12038102
2017-10-04,45.5,14060338
2017-10-05,45.520000457764,10215323
2017-10-06,45.490001678467,5437871
2017-10-09,45.409999847412,5268348
2017-10-10,45.869998931885,6310445
2017-10-11,46.099998474121,6638173
2017-10-12,46.110000610352,7710216
2017-10-13,46.180000305176,7126020
2017-10-16,46.619998931885,12708563
2017-10-17,46.520000457764,7699367
2017-10-18,46.400001525879,6272155
2017-10-19,46.590000152588,7515545
2017-10-20,46.380001068115,9646790
2017-10-23,46.319999694824,7153607
2017-10-24,46.180000305176,9539484
2017-10-25,46.049999237061,11994174
2017-10-26,46.229999542236,10569064
2017-10-27,46.069999694824,9987969
2017-10-30,45.860000610352,7201867
2017-10-31,45.979999542236,6560545
2017-11-01,45.799999237061,7067635
2017-11-02,45.880001068115,8317810
2017-11-03,45.970001220703,4730358
2017-11-06,45.470001220703,7451311
2017-11-07,45.939998626709,9868033
2017-11-08,46.180000305176,7586867
2017-11-09,46.229999542236,6532379
2017-11-10,46.540000915527,8022885
2017-11-13,46.720001220703,7653580
2017-11-14,47.430000305176,17200736
2017-11-15,46.810001373291,12419146
2017-11-16,46.549999237061,12506380
2017-11-17,45.709999084473,19720707
2017-11-20,45.459999084473,19160872
2017-11-21,45.779998779297,10280791
2017-11-22,45.840000152588,8434404
2017-11-24,45.880001068115,2996338
2017-11-27,45.900001525879,5649156
2017-11-28,45.830001831055,8432783
2017-11-29,45.5,16502110
2017-11-30,45.770000457764,17147588
2017-12-01,45.970001220703,12468785
2017-12-04,46.229999542236,17523581
2017-12-05,46.259998321533,13670758
2017-12-06,46.450000762939,8153957
2017-12-07,45.779998779297,9106494
2017-12-08,45.310001373291,13238583
2017-12-11,45.330001831055,9698673
2017-12-12,45.290000915527,13999340
2017-12-13,45.900001525879,12418663
2017-12-14,46.029998779297,9028977
2017-12-15,46.189998626709,21181606
2017-12-18,45.930000305176,10156757
2017-12-19,46.130001068115,8253158
2017-12-20,46.080001831055,7310961
2017-12-21,45.599998474121,9657134
2017-12-22,45.590000152588,5406307
2017-12-26,45.810001373291,6100436
2017-12-27,45.930000305176,5660633
2017-12-28,45.720001220703,6538851
2017-12-29,45.880001068115,8371536
2018-01-02,45.540000915527,10872178
2018-01-03,45.439998626709,12635589
2018-01-04,46.080001831055,12709370
2018-01-05,46.069999694824,13113148
2018-01-08,46.0,7068611
2018-01-09,46.229999542236,9962424
2018-01-10,46.069999694824,10700671
2018-01-11,46.040000915527,7583180
2018-01-12,46.150001525879,14570149
2018-01-16,46.529998779297,16459289
2018-01-17,46.819999694824,12143081
2018-01-18,46.880001068115,11952931
2018-01-19,47.159999847412,16187425
2018-01-22,47.380001068115,9577437
2018-01-23,47.450000762939,11463742
2018-01-24,47.830001831055,15964475
2018-01-25,47.840000152588,11755001
2018-01-26,48.529998779297,16671227
2018-01-29,47.700000762939,11662632
2018-01-30,47.409999847412,12404757
2018-01-31,47.590000152588,10960082
2018-02-01,47.450000762939,10279439
2018-02-02,46.729999542236,12912307
2018-02-05,44.889999389648,23261475
2018-02-06,44.669998168945,25184306
2018-02-07,44.560001373291,18041614
2018-02-08,43.099998474121,23295329
2018-02-09,43.130001068115,22853126
2018-02-12,43.970001220703,14689026
2018-02-13,44.189998626709,13163196
2018-02-14,44.099998474121,13457911
2018-02-15,44.779998779297,13467318
2018-02-16,44.979999542236,17202302
2018-02-20,43.990001678467,14137347
2018-02-21,43.340000152588,12792902
2018-02-22,43.520000457764,12377840
2018-02-23,44.040000915527,8277178
2018-02-26,44.029998779297,12713306
2018-02-27,43.619998931885,12774392
2018-02-28,43.220001220703,11929361
2018-03-01,43.430000305176,17746825
2018-03-02,43.720001220703,14050081
2018-03-05,43.889999389648,11992712
2018-03-06,43.930000305176,10010478
2018-03-07,43.819999694824,10881683
2018-03-08,44.450000762939,12361100
2018-03-09,44.819999694824,9778643
2018-03-12,44.529998779297,11857700
2018-03-13,44.569999694824,11342136
2018-03-14,43.779998779297,15321218
2018-03-15,43.669998168945,12456712
2018-03-16,43.459999084473,26603281
2018-03-19,43.259998321533,12380290
2018-03-20,43.159999847412,13559805
2018-03-21,43.0,13053980
2018-03-22,42.759998321533,12274085
2018-03-23,42.330001831055,13475205
2018-03-26,42.689998626709,11276082
2018-03-27,42.889999389648,11627041
2018-03-28,43.319999694824,16277393
2018-03-29,43.430000305176,10450497
2018-04-02,42.669998168945,14207925
2018-04-03,43.380001068115,15484644
2018-04-04,44.240001678467,13563321
2018-04-05,44.400001525879,11707816
2018-04-06,43.919998168945,11495075
2018-04-09,43.830001831055,11913408
2018-04-10,43.990001678467,10687338
2018-04-11,43.990001678467,8424265
2018-04-12,44.029998779297,8476392
2018-04-13,44.509998321533,10774160
2018-04-16,44.680000305176,8962115
2018-04-17,44.880001068115,8406404
2018-04-18,44.509998321533,7429015
2018-04-19,44.310001373291,10370411
2018-04-20,43.740001678467,14690701
2018-04-23,43.979999542236,11878473
2018-04-24,43.069999694824,18523876
2018-04-25,42.430000305176,20774725
2018-04-26,42.75,13560998
2018-04-27,43.310001373291,9777912
2018-04-30,43.209999084473,16037685
2018-05-01,42.590000152588,11514189
2018-05-02,42.060001373291,13736366
2018-05-03,41.889999389648,18352236
2018-05-04,42.360000610352,10946198
2018-05-07,42.139999389648,9335968
2018-05-08,41.810001373291,15062159
2018-05-09,41.779998779297,9295152
2018-05-10,42.180000305176,7924184
2018-05-11,42.139999389648,6331948
2018-05-14,42.040000915527,10715475
2018-05-15,41.720001220703,16449729
2018-05-16,41.549999237061,11590491
2018-05-17,42.299999237061,14857406
2018-05-18,42.180000305176,11950173
2018-05-21,42.409999847412,9110232
2018-05-22,42.25,8222864
2018-05-23,42.400001525879,8971427
2018-05-24,42.319999694824,9269609
2018-05-25,42.400001525879,8806470
2018-05-29,42.680000305176,14826877
2018-05-30,43.130001068115,10114223
2018-05-31,43.0,15571263
2018-06-01,43.119998931885,10664650
2018-06-04,43.490001678467,11727577
2018-06-05,43.110000610352,9975899
2018-06-06,43.459999084473,9202924
2018-06-07,43.439998626709,11948051
2018-06-08,43.950000762939,12078768
2018-06-11,44.130001068115,7526128
2018-06-12,44.409999847412,8243317
2018-06-13,44.180000305176,16745026
2018-06-14,43.580001831055,12696174
2018-06-15,44.119998931885,21562459
2018-06-18,43.549999237061,12161936
2018-06-19,43.599998474121,12936411
2018-06-20,43.259998321533,10893715
2018-06-21,43.090000152588,10465212
2018-06-22,43.25,16031146
2018-06-25,43.580001831055,12092383
2018-06-26,43.330001831055,13974671
2018-06-27,43.069999694824,15332570
2018-06-28,43.470001220703,12668917
2018-06-29,43.860000610352,11485550
2018-07-02,43.75,9232583
2018-07-03,43.990001678467,8214329
2018-07-05,44.659999847412,11652987
2018-07-06,44.639999389648,8751372
2018-07-09,44.400001525879,7373065
2018-07-10,44.970001220703,10606148
2018-07-11,44.790000915527,7715616
2018-07-12,44.669998168945,6331623
2018-07-13,44.740001678467,5585980
2018-07-16,44.729999542236,5831418
2018-07-17,45.25,11592240
2018-07-18,45.119998931885,7351566
2018-07-19,45.110000610352,10097454
2018-07-20,45.279998779297,9059143
2018-07-23,44.950000762939,9055748
2018-07-24,45.259998321533,13786134
2018-07-25,46.090000152588,21318606
2018-07-26,46.240001678467,12673080
2018-07-27,46.209999084473,10516948
2018-07-30,46.229999542236,8968168
2018-07-31,46.630001068115,12438797
2018-08-01,46.389999389648,9904087
2018-08-02,46.180000305176,12009745
2018-08-03,46.619998931885,11462886
2018-08-06,46.650001525879,10056109
2018-08-07,46.5,8632949
2018-08-08,46.150001525879,6812170
2018-08-09,46.349998474121,8924087
2018-08-10,46.080001831055,7535443
2018-08-13,45.830001831055,8143398
2018-08-14,45.889999389648,6846114
2018-08-15,46.080001831055,9686427
2018-08-16,46.220001220703,10600733
2018-08-17,46.599998474121,8885691
2018-08-20,46.729999542236,6392025
2018-08-21,46.220001220703,13986293
2018-08-22,45.930000305176,7159135
2018-08-23,45.700000762939,13144908
2018-08-24,45.630001068115,10953103
2018-08-27,45.689998626709,9581245
2018-08-28,45.369998931885,8476801
2018-08-29,45.330001831055,12410931
2018-08-30,44.950000762939,9716529
2018-08-31,44.569999694824,19834439
2018-09-04,44.759998321533,11138579
2018-09-05,45.380001068115,10555033
2018-09-06,45.770000457764,11439474
2018-09-07,45.720001220703,10208108
2018-09-10,46.060001373291,8569053
2018-09-11,46.020000457764,9278268
2018-09-12,46.240001678467,13216376
2018-09-13,45.830001831055,8294848
2018-09-14,45.990001678467,7612884
2018-09-17,46.319999694824,8527345
2018-09-18,45.930000305176,9847711
2018-09-19,45.959999084473,7119133
2018-09-20,46.639999389648,9736714
2018-09-21,46.580001831055,19240577
2018-09-24,46.069999694824,10778892
2018-09-25,45.680000305176,7919144
2018-09-26,45.849998474121,10162560
2018-09-27,46.009998321533,10826880
2018-09-28,46.189998626709,9071904
2018-10-01,46.229999542236,9364735
2018-10-02,46.509998321533,7462702
2018-10-03,45.869998931885,10542292
2018-10-04,45.849998474121,9582388
2018-10-05,45.880001068115,8734090
2018-10-08,46.479999542236,9808094
2018-10-09,46.389999389648,10824552
2018-10-10,45.680000305176,13917018
2018-10-11,44.639999389648,17677941
2018-10-12,44.680000305176,12420075
2018-10-15,44.909999847412,11608529
2018-10-16,45.490001678467,10442520
2018-10-17,45.860000610352,11055840
2018-10-18,45.610000610352,12716854
2018-10-19,46.330001831055,13989247
2018-10-22,45.970001220703,14283642
2018-10-23,46.360000610352,17483862
2018-10-24,46.729999542236,21626031
2018-10-25,46.509998321533,14220216
2018-10-26,45.919998168945,21458110
2018-10-29,46.459999084473,20932176
2018-10-30,47.630001068115,20895360
2018-10-31,47.880001068115,25309419
2018-11-01,47.740001678467,16494500
2018-11-02,48.0,17585058
2018-11-05,48.689998626709,16543547
2018-11-06,49.110000610352,14373426
2018-11-07,49.369998931885,12239747
2018-11-08,49.330001831055,9762841
2018-11-09,49.680000305176,12398306
2018-11-12,49.869998931885,13918312
2018-11-13,49.860000610352,13873127
2018-11-14,49.759998321533,12106794
2018-11-15,49.740001678467,12080074
2018-11-16,50.169998168945,13405755
2018-11-19,50.509998321533,13575799
2018-11-20,49.380001068115,16255437
2018-11-21,48.729999542236,13559346
2018-11-23,49.020000457764,4792475
2018-11-26,48.869998931885,9341934
2018-11-27,49.369998931885,9180671
2018-11-28,49.709999084473,11368691
2018-11-29,48.979999542236,11564317
2018-11-30,50.400001525879,25538171
2018-12-03,49.689998626709,14868769
2018-12-04,49.580001831055,19059891
2018-12-06,49.380001068115,17674942
2018-12-07,49.090000152588,15565697
2018-12-10,49.240001678467,12331098
2018-12-11,49.540000915527,18083598
2018-12-12,49.220001220703,12316944
2018-12-13,49.470001220703,13766246
2018-12-14,49.340000152588,13836073
2018-12-17,48.330001831055,18483063
2018-12-18,48.319999694824,14765715
2018-12-19,47.900001525879,17903816
2018-12-20,47.540000915527,21130011
2018-12-21,47.569999694824,32477703
2018-12-24,45.959999084473,10733717
2018-12-26,46.939998626709,14342580
2018-12-27,47.529998779297,16966519
2018-12-28,47.200000762939,13218171
2018-12-31,47.349998474121,10576275
2019-01-02,46.930000305176,11603715
2019-01-03,46.639999389648,14714413
2019-01-04,47.569999694824,13013814
2019-01-07,46.950000762939,13135484
2019-01-08,47.479999542236,15420735
2019-01-09,46.569999694824,18032543
2019-01-10,47.069999694824,15976608
2019-01-11,47.340000152588,11088619
2019-01-14,47.150001525879,11514288
2019-01-15,47.569999694824,11342944
2019-01-16,46.919998168945,16907780
2019-01-17,47.060001373291,12044612
2019-01-18,47.610000610352,12760779
2019-01-22,47.720001220703,11700444
2019-01-23,48.270000457764,12058273
2019-01-24,47.689998626709,10271980
2019-01-25,47.369998931885,12066683
2019-01-28,47.169998168945,9966925
2019-01-29,47.400001525879,11998597
2019-01-30,47.860000610352,12952455
2019-01-31,48.130001068115,32181497
2019-02-01,48.700000762939,19130144
2019-02-04,49.25,15105741
2019-02-05,49.259998321533,12651851
2019-02-06,49.259998321533,8689408
2019-02-07,49.419998168945,10047848
2019-02-08,49.5,9813297
2019-02-11,49.610000610352,9369282
2019-02-12,49.659999847412,10983477
2019-02-13,49.790000915527,12748849
2019-02-14,45.590000152588,58905402
2019-02-15,45.240001678467,35701558
2019-02-19,44.830001831055,25511303
2019-02-20,45.099998474121,27463983
2019-02-21,45.860000610352,23121168
2019-02-22,45.279998779297,24728388
2019-02-25,44.939998626709,23774351
2019-02-26,44.689998626709,20463228
2019-02-27,44.939998626709,17827613
2019-02-28,45.340000152588,22533939
2019-03-01,45.380001068115,16291591
2019-03-04,45.650001525879,15973822
2019-03-05,45.599998474121,13062286
2019-03-06,45.450000762939,14232155
2019-03-07,45.279998779297,12083997
2019-03-08,44.840000152588,15579292
2019-03-11,46.180000305176,22126902
2019-03-12,46.049999237061,19348467
2019-03-13,46.220001220703,16222517
2019-03-14,45.700000762939,18504233
2019-03-15,45.299999237061,47254492
2019-03-18,45.409999847412,24006385
2019-03-19,45.560001373291,14986950
2019-03-20,45.529998779297,13376078
2019-03-21,45.509998321533,20043423
2019-03-22,45.930000305176,19055939
2019-03-25,46.029998779297,11668222
2019-03-26,46.639999389648,11434888
2019-03-27,46.610000610352,11543630
2019-03-28,46.580001831055,11121067
2019-03-29,46.860000610352,16045553
2019-04-01,46.720001220703,11522684
2019-04-02,46.569999694824,8495331
2019-04-03,46.180000305176,12854520
2019-04-04,46.479999542236,7814918
2019-04-05,46.470001220703,7677796
2019-04-08,46.549999237061,9421519
2019-04-09,46.669998168945,8641776
2019-04-10,46.639999389648,8060254
2019-04-11,46.709999084473,7352467
2019-04-12,46.740001678467,10690040
2019-04-15,47.0,10261724
2019-04-16,46.950000762939,10804647
2019-04-17,47.279998779297,11849263
2019-04-18,47.479999542236,12167116
2019-04-22,47.400001525879,9834685
2019-04-23,48.209999084473,25327963
2019-04-24,47.979999542236,15997286
2019-04-25,47.840000152588,11444411
2019-04-26,48.259998321533,10154302
2019-04-29,48.419998168945,9731540
2019-04-30,49.060001373291,17912962
2019-05-01,48.590000152588,10551594
2019-05-02,48.389999389648,8724932
2019-05-03,48.720001220703,7076949
2019-05-06,48.470001220703,8658209
2019-05-07,48.0,12487481
2019-05-08,47.849998474121,9281542
2019-05-09,47.400001525879,11450532
2019-05-10,48.189998626709,9653803
2019-05-13,48.049999237061,11911503
2019-05-14,48.689998626709,16844203
2019-05-15,49.180000305176,11422539
2019-05-16,49.580001831055,17771456
2019-05-17,49.200000762939,11257015
2019-05-20,48.849998474121,13850532
2019-05-21,48.599998474121,10587371
2019-05-22,49.650001525879,16050700
2019-05-23,49.849998474121,12199513
2019-05-24,49.610000610352,6887900
2019-05-28,49.099998474121,18614225
2019-05-29,48.610000610352,12534850
2019-05-30,49.25,9087412
2019-05-31,49.130001068115,11368639
2019-06-03,49.979999542236,14167447
2019-06-04,50.0,12010729
2019-06-05,50.779998779297,15837552
2019-06-06,51.400001525879,15190441
2019-06-07,51.490001678467,15293561
2019-06-10,51.380001068115,9737469
2019-06-11,51.330001831055,9915822
2019-06-12,51.639999389648,11088124
2019-06-13,51.130001068115,10353646
2019-06-14,51.310001373291,8694261
2019-06-17,50.869998931885,12322605
2019-06-18,50.639999389648,9221096
2019-06-19,51.119998931885,9414126
2019-06-20,51.659999847412,10656580
2019-06-21,51.549999237061,21264422
2019-06-24,51.919998168945,10780166
2019-06-25,51.759998321533,11519910
2019-06-26,51.119998931885,12405074
2019-06-27,51.080001831055,12374915
2019-06-28,50.919998168945,16339869
2019-07-01,51.599998474121,14983242
2019-07-02,51.979999542236,8570397
2019-07-03,52.099998474121,7253702
2019-07-05,52.110000610352,8916270
2019-07-08,52.0,9495084
2019-07-09,51.590000152588,10584925
2019-07-10,51.819999694824,7620933
2019-07-11,52.040000915527,10376532
2019-07-12,52.119998931885,7347728
2019-07-15,52.130001068115,5876139
2019-07-16,52.139999389648,7132540
2019-07-17,52.180000305176,8264361
2019-07-18,52.029998779297,11912294
2019-07-19,51.389999389648,10355791
2019-07-22,51.220001220703,12095776
2019-07-23,54.330001831055,33417948
2019-07-24,53.779998779297,15633378
2019-07-25,53.069999694824,19134962
2019-07-26,54.169998168945,11452089
2019-07-29,53.990001678467,12283929
2019-07-30,53.720001220703,8127139
2019-07-31,52.630001068115,16865525
2019-08-01,52.029998779297,19527452
2019-08-02,52.330001831055,13102306
2019-08-05,51.650001525879,19986478
2019-08-06,52.270000457764,19903076
2019-08-07,53.180000305176,17937044
2019-08-08,53.689998626709,10799081
2019-08-09,53.419998168945,9260870
2019-08-12,53.200000762939,6588611
2019-08-13,53.5,8657591
2019-08-14,52.990001678467,17088932
2019-08-15,53.869998931885,12393223
2019-08-16,54.409999847412,14288686
2019-08-19,54.689998626709,10936540
2019-08-20,53.880001068115,8176977
2019-08-21,54.099998474121,10886650
2019-08-22,54.490001678467,7467949
2019-08-23,53.740001678467,14160658
2019-08-26,54.540000915527,9227331
2019-08-27,54.720001220703,13538722
2019-08-28,55.110000610352,10052411
2019-08-29,55.049999237061,9262980
2019-08-30,55.040000915527,8746708
2019-09-03,55.299999237061,12991495
2019-09-04,55.770000457764,10733807
2019-09-05,55.119998931885,13677162
2019-09-06,55.229999542236,9093514
2019-09-09,54.520000457764,10814948
2019-09-10,54.400001525879,12038561
2019-09-11,54.770000457764,9740376
2019-09-12,55.110000610352,12357891
2019-09-13,54.259998321533,11486110
2019-09-16,53.959999084473,11172001
2019-09-17,54.240001678467,11402943
2019-09-18,54.229999542236,9786556
2019-09-19,54.520000457764,8088639
2019-09-20,53.909999847412,19349483
2019-09-23,54.139999389648,6837554
2019-09-24,54.299999237061,10336537
2019-09-25,54.169998168945,10289534
2019-09-26,54.389999389648,11252681
2019-09-27,54.310001373291,7941142
2019-09-30,54.439998626709,9822826
2019-10-01,54.650001525879,14650924
2019-10-02,53.080001831055,15384000
2019-10-03,53.840000152588,14206690
2019-10-04,54.540000915527,9926618
2019-10-07,53.869998931885,6105344
2019-10-08,53.580001831055,13558243
2019-10-09,53.830001831055,7168098
2019-10-10,53.659999847412,9054321
2019-10-11,53.299999237061,9433728
2019-10-14,53.299999237061,7363270
2019-10-15,53.509998321533,9575426
2019-10-16,53.490001678467,10675920
2019-10-17,53.790000915527,13336937
2019-10-18,54.779998779297,18122505
2019-10-21,54.229999542236,12879184
2019-10-22,53.849998474121,9618980
2019-10-23,54.639999389648,8648741
2019-10-24,54.610000610352,11069474
2019-10-25,53.75,9782440
2019-10-28,53.569999694824,8866055
2019-10-29,53.409999847412,7999726
2019-10-30,53.939998626709,8620879
2019-10-31,54.430000305176,13981961
2019-11-01,53.900001525879,9889529
2019-11-04,53.139999389648,17515050
2019-11-05,52.419998168945,19283965
2019-11-06,52.799999237061,13288901
2019-11-07,52.290000915527,11725819
2019-11-08,52.209999084473,7141931
2019-11-11,51.840000152588,8198919
2019-11-12,51.709999084473,12656896
2019-11-13,52.409999847412,12538461
2019-11-14,52.630001068115,8660825
2019-11-15,52.669998168945,8982554
2019-11-18,53.029998779297,13783406
2019-11-19,53.080001831055,12679741
2019-11-20,53.220001220703,11970306
2019-11-21,52.959999084473,7856139
2019-11-22,53.029998779297,9113348
2019-11-25,53.220001220703,10965781
2019-11-26,53.900001525879,13240294
2019-11-27,53.950000762939,9596440
2019-11-29,53.400001525879,7222347
2019-12-02,53.75,13182506
2019-12-03,53.799999237061,15847772
2019-12-04,54.290000915527,13624914
2019-12-05,54.189998626709,14069775
2019-12-06,54.419998168945,7843836
2019-12-09,54.069999694824,13925131
2019-12-10,53.770000457764,8994061
2019-12-11,53.950000762939,8879196
2019-12-12,54.139999389648,11233465
2019-12-13,54.419998168945,13072403
2019-12-16,54.419998168945,9538429
2019-12-17,54.419998168945,9230076
2019-12-18,53.909999847412,15132347
2019-12-19,54.319999694824,15150936
2019-12-20,54.970001220703,23833294
2019-12-23,54.909999847412,9300763
2019-12-24,54.709999084473,3359259
2019-12-26,55.020000457764,6228683
2019-12-27,55.349998474121,6895612
2019-12-30,55.270000457764,6432611
2019-12-31,55.349998474121,7982821
2020-01-02,54.990001678467,11099117
2020-01-03,54.689998626709,11354497
2020-01-06,54.669998168945,14698444
2020-01-07,54.25,10230672
2020-01-08,54.349998474121,10676712
2020-01-09,55.340000152588,15410150
2020-01-10,55.529998779297,13041106
2020-01-13,56.130001068115,14303171
2020-01-14,56.0,16347160
2020-01-15,56.700000762939,17735380
2020-01-16,56.819999694824,10234416
2020-01-17,56.939998626709,14264298
2020-01-21,57.169998168945,11968923
2020-01-22,57.610000610352,12869732
2020-01-23,57.830001831055,12858946
2020-01-24,57.680000305176,8594325
2020-01-27,57.479999542236,14359938
2020-01-28,57.009998321533,15240426
2020-01-29,57.009998321533,13173958
2020-01-30,58.860000610352,20225581
2020-01-31,58.400001525879,17685226
2020-02-03,58.580001831055,12336755
2020-02-04,58.840000152588,15417924
2020-02-05,58.849998474121,11414910
2020-02-06,58.990001678467,9347024
2020-02-07,59.189998626709,8757800
2020-02-10,59.75,7984915
2020-02-11,59.590000152588,7431244
2020-02-12,59.409999847412,9179101
2020-02-13,59.610000610352,8173191
2020-02-14,59.950000762939,9965811
2020-02-18,59.529998779297,10076116
2020-02-19,59.770000457764,6265794
2020-02-20,59.720001220703,7597337
2020-02-21,60.130001068115,10842358
2020-02-24,58.650001525879,14415502
2020-02-25,57.819999694824,15915089
2020-02-26,57.599998474121,15839658
2020-02-27,54.930000305176,23754008
2020-02-28,53.490001678467,40891823
2020-03-02,55.919998168945,25698629
2020-03-03,56.060001373291,27099173
2020-03-04,58.919998168945,20526142
2020-03-05,56.740001678467,17948494
2020-03-06,55.259998321533,22353925
2020-03-09,51.860000610352,27898258
2020-03-10,53.659999847412,27457400
2020-03-11,52.209999084473,22660708
2020-03-12,47.159999847412,31913103
2020-03-13,48.470001220703,33697153
2020-03-16,45.259998321533,28682285
2020-03-17,47.180000305176,32106680
2020-03-18,44.849998474121,35408291
2020-03-19,41.830001831055,41956853
2020-03-20,38.299999237061,51513503
2020-03-23,37.560001373291,44978496
2020-03-24,39.450000762939,49096206
2020-03-25,41.610000610352,42511651
2020-03-26,44.290000915527,37828294
2020-03-27,42.810001373291,23297904
2020-03-30,45.0,23445966
2020-03-31,44.25,25373932
2020-04-01,42.119998931885,21936414
2020-04-02,43.950000762939,17621881
2020-04-03,43.830001831055,14207106
2020-04-06,46.669998168945,22849977
2020-04-07,46.509998321533,21279572
2020-04-08,47.819999694824,18937133
2020-04-09,49.0,19167279
2020-04-13,46.930000305176,19586015
2020-04-14,48.919998168945,21801877
2020-04-15,47.610000610352,12893170
2020-04-16,47.099998474121,17606777
2020-04-17,48.060001373291,19844640
2020-04-20,46.529998779297,18957924
2020-04-21,45.380001068115,26863724
2020-04-22,45.680000305176,15815150
2020-04-23,45.069999694824,17668165
2020-04-24,45.430000305176,15177581
2020-04-27,46.779998779297,19175538
2020-04-28,46.740001678467,17246696
2020-04-29,47.119998931885,15780000
2020-04-30,45.889999389648,20801092
2020-05-01,45.599998474121,14290418
2020-05-04,45.139999389648,22544162
2020-05-05,45.400001525879,13370526
2020-05-06,44.75,11892890
2020-05-07,44.599998474121,16474652
2020-05-08,46.110000610352,13987843
2020-05-11,45.540000915527,10874595
2020-05-12,44.819999694824,13424424
2020-05-13,43.939998626709,15854778
2020-05-14,43.700000762939,18000815
2020-05-15,43.259998321533,31579431
2020-05-18,44.970001220703,26122327
2020-05-19,44.540000915527,17839922
2020-05-20,45.889999389648,22295929
2020-05-21,45.169998168945,13193528
2020-05-22,45.029998779297,13008410
2020-05-26,46.090000152588,22223098
2020-05-27,46.729999542236,18447622
2020-05-28,47.090000152588,16234424
2020-05-29,46.680000305176,51129923
2020-06-01,46.990001678467,17013041
2020-06-02,46.900001525879,15255146
2020-06-03,47.900001525879,15508291
2020-06-04,47.919998168945,13604668
2020-06-05,49.090000152588,20504798
2020-06-08,49.849998474121,19896657
2020-06-09,49.0,16713660
2020-06-10,48.619998931885,15716570
2020-06-11,45.540000915527,26070384
2020-06-12,45.599998474121,21822737
2020-06-15,46.299999237061,15627065
2020-06-16,46.770000457764,18808008
2020-06-17,46.580001831055,12602791
2020-06-18,46.990001678467,9380779
2020-06-19,46.020000457764,30432088
2020-06-22,45.740001678467,20876167
2020-06-23,45.639999389648,14675296
2020-06-24,44.650001525879,17631817
2020-06-25,44.930000305176,13829653
2020-06-26,43.569999694824,21955057
2020-06-29,44.360000610352,17603890
2020-06-30,44.680000305176,23679840
2020-07-01,44.819999694824,14316519
2020-07-02,44.880001068115,15111894
2020-07-06,45.229999542236,15146037
2020-07-07,45.209999084473,13043564
2020-07-08,45.069999694824,13851199
2020-07-09,43.909999847412,16087065
2020-07-10,45.150001525879,15627763
2020-07-13,45.25,16705349
2020-07-14,45.869998931885,17080128
2020-07-15,46.400001525879,23738000
2020-07-16,46.150001525879,13306109
2020-07-17,46.819999694824,13906056
2020-07-20,46.119998931885,16633176
2020-07-21,47.200000762939,25686341
2020-07-22,48.479999542236,29831184
2020-07-23,48.279998779297,15934950
2020-07-24,48.490001678467,16196843
2020-07-27,48.479999542236,17346533
2020-07-28,48.180000305176,13872700
2020-07-29,48.020000457764,13758066
2020-07-30,47.689998626709,17276478
2020-07-31,47.240001678467,14850566
2020-08-03,46.299999237061,14141813
2020-08-04,46.689998626709,11707035
2020-08-05,47.220001220703,10561639
2020-08-06,47.479999542236,10745032
2020-08-07,47.799999237061,11669705
2020-08-10,47.720001220703,11887957
2020-08-11,47.930000305176,16531563
2020-08-12,48.430000305176,9564025
2020-08-13,48.380001068115,9882909
2020-08-14,48.450000762939,10075809
2020-08-17,48.209999084473,9102364
2020-08-18,48.419998168945,9828985
2020-08-19,47.369998931885,17371036
2020-08-20,47.349998474121,11308737
2020-08-21,47.279998779297,14734120
2020-08-24,47.970001220703,9257725
2020-08-25,47.909999847412,7827833
2020-08-26,48.159999847412,10124150
2020-08-27,48.229999542236,10931635
2020-08-28,49.830001831055,16420259
2020-08-31,49.529998779297,18510779
2020-09-01,49.119998931885,12590434
2020-09-02,51.189998626709,26332630
2020-09-03,50.479999542236,22289383
2020-09-04,51.040000915527,21019545
2020-09-08,49.810001373291,17776745
2020-09-09,50.189998626709,15252275
2020-09-10,50.0,15439505
2020-09-11,51.060001373291,18272338
2020-09-14,50.709999084473,10911657
2020-09-15,51.049999237061,12838392
2020-09-16,50.790000915527,15354678
2020-09-17,50.549999237061,13287136
2020-09-18,50.450000762939,23816602
2020-09-21,49.090000152588,17514771
2020-09-22,49.659999847412,13034616
2020-09-23,48.209999084473,17121210
2020-09-24,48.700000762939,16788103
2020-09-25,48.720001220703,12603379
2020-09-28,49.279998779297,11215708
2020-09-29,48.919998168945,12427767
2020-09-30,49.369998931885,15755901
2020-10-01,49.180000305176,17577263
2020-10-02,49.360000610352,13610071
2020-10-05,49.380001068115,10628736
2020-10-06,48.939998626709,10077431
2020-10-07,49.560001373291,10135646
2020-10-08,50.459999084473,12143920
2020-10-09,50.810001373291,11407809
2020-10-12,51.090000152588,11386512
2020-10-13,50.220001220703,14365292
2020-10-14,50.119998931885,10582935
2020-10-15,49.990001678467,9963190
2020-10-16,50.029998779297,13570887
2020-10-19,49.619998931885,9930443
2020-10-20,50.25,10972732
2020-10-21,49.990001678467,12517411
2020-10-22,50.680000305176,20189227
2020-10-23,50.520000457764,13491265
2020-10-26,49.799999237061,14696396
2020-10-27,49.900001525879,13892109
2020-10-28,47.959999084473,19886155
2020-10-29,48.020000457764,15369877
2020-10-30,48.060001373291,15805004
2020-11-02,48.619998931885,15156149
2020-11-03,49.349998474121,15285086
2020-11-04,49.169998168945,12930818
2020-11-05,49.439998626709,12452432
2020-11-06,49.450000762939,9294903
2020-11-09,52.569999694824,33441952
2020-11-10,53.979999542236,29706666
2020-11-11,53.580001831055,17399922
2020-11-12,53.009998321533,15026961
2020-11-13,53.450000762939,12449444
2020-11-14,53.450000762939,0
2020-11-16,53.849998474121,14908181
2020-11-17,53.680000305176,14248362
2020-11-18,52.610000610352,15278206
2020-11-19,53.130001068115,17189549
2020-11-20,52.669998168945,15647921
2020-11-23,52.680000305176,13194015
2020-11-24,53.220001220703,13836367
2020-11-25,52.930000305176,10194758
2020-11-27,52.700000762939,8499289
2020-11-30,51.599998474121,43203587
2020-12-01,52.040000915527,18969341
2020-12-02,52.110000610352,14913072
2020-12-03,52.779998779297,17318877
2020-12-04,53.849998474121,18122399
2020-12-07,52.990001678467,16210855
2020-12-08,53.180000305176,12485802
2020-12-09,53.330001831055,11508587
2020-12-10,53.049999237061,12097340
2020-12-11,53.349998474121,10638103
2020-12-14,53.270000457764,22292031
2020-12-15,53.840000152588,16194487
2020-12-16,53.060001373291,15679648
2020-12-17,53.270000457764,12677329
2020-12-18,53.740001678467,35480123
2020-12-21,52.810001373291,14926602
2020-12-22,52.759998321533,9691586
2020-12-23,53.080001831055,7040628
2020-12-24,53.439998626709,3265532
2020-12-28,54.159999847412,9020482
2020-12-29,54.130001068115,8320600
2020-12-30,54.439998626709,8142749
2020-12-31,54.840000152588,8494972
2021-01-04,52.759998321533,25611104
2021-01-05,52.360000610352,20323822
2021-01-06,50.700000762939,38724516
2021-01-07,49.970001220703,53225700
2021-01-08,50.200000762939,29673952
2021-01-11,50.319999694824,19310581
2021-01-12,50.060001373291,18538664
2021-01-13,50.099998474121,18864148
2021-01-14,49.680000305176,34303579
2021-01-15,48.819999694824,24366789
2021-01-19,48.380001068115,29114466
2021-01-20,48.400001525879,23115796
2021-01-21,48.95,59121594
2021-01-22,48.49,46201041
2021-01-25,48.78,66416852
2021-01-26,49.195,25845252
2021-01-27,48.53,63727236
2021-01-28,49.15,34997734
2021-01-29,48.15,37340514
2021-02-01,48.48,36550827
2021-02-02,48.96,53279000
2021-02-03,48.77,36822345
2021-02-04,49.01,82389652
2021-02-05,49.65,25484064
2021-02-08,49.92,35666444
2021-02-09,49.7,58371692
2021-02-10,49.6,91861728
2021-02-11,50.3,65785743
2021-02-12,50.3,13137059
2021-02-16,50.69,15093406
2021-02-17,50.27,12810509
2021-02-18,50.13,12749841
2021-02-19,50.77,15968769
2021-02-22,50.11,14370879
2021-02-23,50.63,16222250
2021-02-24,50.54,14441998
2021-02-25,50.71,14211089
2021-02-26,48.99,94553408
2021-03-01,49.9,41714577
2021-03-02,50.1,35265396
2021-03-03,49.98,46231995
2021-03-04,49.94,66109263
2021-03-05,50.79,63932274
2021-03-08,51.64,100339480
2021-03-09,50.86,92330720
2021-03-10,51.44,85326356
2021-03-11,50.88,52252956
2021-03-12,50.36,52795782
2021-03-15,51.03,40242234
2021-03-16,51.22,42642561
2021-03-17,51.24,52507959
2021-03-18,50.57,54021918
2021-03-19,50.81,203537145
2021-03-22,51.0,53734173
2021-03-23,51.39,50810076
2021-03-24,51.52,44992119
2021-03-25,52.0,51275814
2021-03-26,53.08,51380079
2021-03-29,53.88,52542198
2021-03-30,53.15,59487016
2021-03-31,52.71,47479422
2021-04-01,52.51,47504196
2021-04-05,52.51,16368724
2021-04-06,52.81,15614268
2021-04-07,53.19,10062687
2021-04-08,53.28,9695561
2021-04-09,53.12,10828169
2021-04-12,53.18,8565279
2021-04-13,53.35,11071689
2021-04-14,53.11,29362791
2021-04-15,53.33,26156208
2021-04-16,53.33,17974107
2021-04-19,53.68,19352942
2021-04-20,54.0,14419247
2021-04-21,54.17,13866500
2021-04-22,54.44,50235424
2021-04-23,54.47,36093920
2021-04-26,53.66,46738508
2021-04-27,53.58,39409720
2021-04-28,53.59,43472564
2021-04-29,54.26,15390993
2021-04-30,53.98,14912570
2021-05-03,54.48,10417920
2021-05-04,54.14,14151238
2021-05-05,54.0,9665922
2021-05-06,54.54,11572695
2021-05-07,54.51,10637483
2021-05-10,54.91,15545823
2021-05-11,54.32,12986733
2021-05-12,54.04,15836456
2021-05-13,54.51,15476903
2021-05-14,54.73,11725564
2021-05-17,54.64,12119758
2021-05-18,54.34,13232497
2021-05-19,54.17,15126119
2021-05-20,54.65,10948425
2021-05-21,54.62,16033217
2021-05-24,54.8,10326136
2021-05-25,54.79,11916454
2021-05-26,55.03,16064277
2021-05-27,55.49,59109570
2021-05-28,55.29,17011952
2021-06-01,55.28,13304325
2021-06-02,55.5,11328699
2021-06-03,55.64,17364323
2021-06-04,56.24,18935060
2021-06-07,56.04,14011112
2021-06-08,55.65,10968281
2021-06-09,55.48,9838835
2021-06-10,55.91,12444369
2021-06-11,56.16,11825803
2021-06-14,55.55,9710829
2021-06-15,55.41,11154217
2021-06-16,54.67,15211721
2021-06-17,54.95,10658390
2021-06-18,53.77,31445555
2021-06-21,54.36,14404310
2021-06-22,54.56,13072841
2021-06-23,54.12,12339159
2021-06-24,54.39,11488442
2021-06-25,54.32,18880340
2021-06-28,54.26,10556912
2021-06-29,53.86,12300924
2021-06-30,54.11,14614195
2021-07-01,53.96,13214702
2021-07-02,54.18,10605054
2021-07-06,53.88,15278172
2021-07-07,54.32,14377872
2021-07-08,54.13,11943918
2021-07-09,54.46,10847005
2021-07-12,54.48,15107579
2021-07-13,55.02,15170812
2021-07-14,56.26,22002675
2021-07-15,56.44,15068176
2021-07-16,56.4,14860540
2021-07-19,55.73,19526983
2021-07-20,55.83,16257890
2021-07-21,56.55,20918157
2021-07-22,56.47,13402711
2021-07-23,57.01,12143963
2021-07-26,57.06,8681136
2021-07-27,57.26,12794364
2021-07-28,56.74,9857959
2021-07-29,57.05,9599110
2021-07-30,57.03,11727287
2021-08-02,56.88,9777990
2021-08-03,56.92,8825480
2021-08-04,56.1,11888363
2021-08-05,56.5,9806780
2021-08-06,56.64,10409250
2021-08-09,56.65,8859893
2021-08-10,56.8,10906922
2021-08-11,56.73,8370669
2021-08-12,56.84,6169450
2021-08-13,57.23,7714175
2021-08-16,57.48,7973528
2021-08-17,57.28,10346446
2021-08-18,56.5,13873728
2021-08-19,56.86,9223662
2021-08-20,56.64,10543566
2021-08-23,56.44,8912813
2021-08-24,56.01,12067193
2021-08-25,56.07,11270669
2021-08-26,55.54,10331493
2021-08-27,55.65,8844146
2021-08-30,56.18,10034681
2021-08-31,56.31,14185706
2021-09-01,56.69,9519203
2021-09-02,56.77,11654234
2021-09-03,56.73,13220668
2021-09-07,55.67,20037974
2021-09-08,56.42,12040068
2021-09-09,55.86,12545367
2021-09-10,55.61,10573710
2021-09-13,56.07,20274271
2021-09-14,55.69,13918852
2021-09-15,55.88,15745981
2021-09-16,55.35,17430420
2021-09-17,54.44,33383192
2021-09-20,54.06,27542450
2021-09-21,54.05,16418161
2021-09-22,54.13,12719723
2021-09-23,54.04,13836215
2021-09-24,53.89,9682234
2021-09-27,53.61,12429466
2021-09-28,52.64,19926090
2021-09-29,52.96,13941474
2021-09-30,52.47,17674372
2021-10-01,53.02,16277410
2021-10-04,52.99,18973448
2021-10-05,53.08,17173137
2021-10-06,53.71,21284532
2021-10-07,53.88,13774366
2021-10-08,54.12,13786820
2021-10-11,54.23,12378523
2021-10-12,54.23,19474368
2021-10-13,54.24,12143664
2021-10-14,54.61,13704288
2021-10-15,54.48,17867141
2021-10-18,53.94,15861788
2021-10-19,54.15,11068618
2021-10-20,54.63,12474869
2021-10-21,54.35,14388305
2021-10-22,54.45,12828798
2021-10-25,54.23,11855031
2021-10-26,54.47,12086749
2021-10-27,55.52,24019827
2021-10-28,56.04,15927963
2021-10-29,56.37,24463737
2021-11-01,56.17,11651091
2021-11-02,56.1,11498857
2021-11-03,56.29,10788276
2021-11-04,56.6,10820196
2021-11-05,56.84,12886660
2021-11-08,56.33,12827968
2021-11-09,56.49,10155817
2021-11-10,56.72,8813611
2021-11-11,56.74,7257681
2021-11-12,56.61,10162510
2021-11-15,56.62,10289188
2021-11-16,56.22,13756461
2021-11-17,55.91,13288677
2021-11-18,55.41,15380377
2021-11-19,55.13,15813660
2021-11-22,55.47,16906227
2021-11-23,55.88,13836255
2021-11-24,55.43,12598975
2021-11-26,53.73,14754338
2021-11-29,54.58,22712471
2021-11-30,52.45,30485169
2021-12-01,52.3,18724144
2021-12-02,53.07,17074165
2021-12-03,53.54,21064353
2021-12-06,54.91,26624137
2021-12-07,55.21,23832724
2021-12-08,55.0,18026446
2021-12-09,54.86,13846415
2021-12-10,56.28,23153567
2021-12-13,57.76,31362827
2021-12-14,57.8,24806569
2021-12-15,58.06,24923791
2021-12-16,58.65,24696859
2021-12-17,57.73,51899377
2021-12-20,57.54,20879477
2021-12-21,57.77,15864885
2021-12-22,58.18,12447436
2021-12-23,58.22,11027341
2021-12-27,58.65,9862192
2021-12-28,58.88,8982271
2021-12-29,58.95,9996046
2021-12-30,58.78,7703896
2021-12-31,59.21,10021251
2022-01-03,59.3,20188377
2022-01-04,60.29,26141584
2022-01-05,60.79,22507262
2022-01-06,60.47,17902345
2022-01-07,60.33,12307896
2022-01-10,60.43,20954345
2022-01-11,60.45,19369587
2022-01-12,60.54,15753809
2022-01-13,60.9,14317992
2022-01-14,61.39,19729632
2022-01-18,60.9,21977600
2022-01-19,61.0,18654749
2022-01-20,60.75,23002353
2022-01-21,60.45,26643161
2022-01-24,59.96,30207455
2022-01-25,59.82,19027109
2022-01-26,59.6,19190239
2022-01-27,59.65,18898682
2022-01-28,60.84,19101494
2022-01-31,61.01,22045321
2022-02-01,60.56,20841657
2022-02-02,61.18,20225579
2022-02-03,61.61,19440490
2022-02-04,60.96,17403729
2022-02-07,61.6,17846411
2022-02-08,62.0,18771748
2022-02-09,61.04,23595558
2022-02-10,61.38,23561530
2022-02-11,60.29,22781387
2022-02-14,60.68,23641310
2022-02-15,60.91,13409343
2022-02-16,60.9,15484660
2022-02-17,62.12,21468724
2022-02-18,62.54,21975023
2022-02-22,62.28,21731388
2022-02-23,61.59,19248474
2022-02-24,60.51,27207444
2022-02-25,62.85,21487796
2022-02-28,62.24,25879116
2022-03-01,61.97,15871088
2022-03-02,62.43,17319120
2022-03-03,62.47,21262797
2022-03-04,62.57,17164633
2022-03-07,61.08,29151418
2022-03-08,58.66,30242133
2022-03-09,58.96,23022696
2022-03-10,57.88,20887284
2022-03-11,57.92,19855646
2022-03-14,58.54,17799380
2022-03-15,59.62,18607191
2022-03-16,59.46,17347253
2022-03-17,60.09,15586228
2022-03-18,60.1,30197775
2022-03-21,60.58,17440141
2022-03-22,60.8,17559539
2022-03-23,60.4,15529244
2022-03-24,60.98,13151348
2022-03-25,61.53,12260747
2022-03-28,61.92,11485219
2022-03-29,62.16,14720572
2022-03-30,62.21,13641002
2022-03-31,62.0,16822902
2022-04-01,62.87,12644879
2022-04-04,62.54,11506554
2022-04-05,62.47,15721234
2022-04-06,63.1,19267420
2022-04-07,63.44,13960823
2022-04-08,63.83,12703466
2022-04-11,63.81,12720105
2022-04-12,64.56,18089907
2022-04-13,64.73,11882991
2022-04-14,65.02,16388429
2022-04-18,64.44,11679372
2022-04-19,65.07,11993775
2022-04-20,65.96,14827073
2022-04-21,66.21,15120412
2022-04-22,65.25,14902199
2022-04-25,65.94,25082000
2022-04-26,65.05,21982605
2022-04-27,65.56,16971010
2022-04-28,66.19,22020524
2022-04-29,64.61,20137147
2022-05-02,63.44,24970311
2022-05-03,63.08,21686339
2022-05-04,65.03,19780191
2022-05-05,64.51,20155236
2022-05-06,64.74,18984019
2022-05-09,64.61,20055332
2022-05-10,64.01,21322216
2022-05-11,64.31,19648404
2022-05-12,64.51,22574724
2022-05-13,65.72,16166956
2022-05-16,65.96,13223177
2022-05-17,65.78,21300589
2022-05-18,61.2,31437307
2022-05-19,60.0,31493882
2022-05-20,60.98,29133763
2022-05-23,62.86,19406880
2022-05-24,64.02,16154240
2022-05-25,64.07,15360489
2022-05-26,64.3,16159829
2022-05-27,64.68,17708983
2022-05-31,63.38,43159048
2022-06-01,63.07,15408313
2022-06-02,63.73,14585979
2022-06-03,62.97,13539857
2022-06-06,62.87,15112806
2022-06-07,63.25,17886319
2022-06-08,62.89,10211450
2022-06-09,61.8,13391880
2022-06-10,61.41,14973493
2022-06-13,61.34,23064194
2022-06-14,59.23,24620023
2022-06-15,59.67,19684697
2022-06-16,59.07,15053843
2022-06-17,59.43,34781917
2022-06-21,60.7,17705019
2022-06-22,61.15,15209869
2022-06-23,61.88,17190869
2022-06-24,63.04,18147070
2022-06-27,62.91,12142112
2022-06-28,62.28,13181559
2022-06-29,62.73,11795511
2022-06-30,62.91,15514153
2022-07-01,64.38,15143204
2022-07-05,63.28,15925029
2022-07-06,63.41,13450506
2022-07-07,62.91,14828434
2022-07-08,63.14,11311461
2022-07-11,62.94,12704111
2022-07-12,62.67,14731072
2022-07-13,62.38,13145291
2022-07-14,62.18,14433044
2022-07-15,62.5,21968418
2022-07-18,61.65,10780844
2022-07-19,62.53,10998234
2022-07-20,61.5,11010454
2022-07-21,61.36,11959622
2022-07-22,61.59,11644691
2022-07-25,62.19,14941652
2022-07-26,63.21,20117950
2022-07-27,63.01,12142874
2022-07-28,64.06,10837003
2022-07-29,64.17,13734236
2022-08-01,64.52,12831535
2022-08-02,63.64,15241904
2022-08-03,63.92,11316985
2022-08-04,63.67,11795647
2022-08-05,63.38,10445393
2022-08-08,62.97,9166673
2022-08-09,63.05,7910877
2022-08-10,63.65,8857253
2022-08-11,63.22,8507766
2022-08-12,63.7,9489284
2022-08-15,64.5,9863332
2022-08-16,65.03,9569616
2022-08-17,64.88,8144045
2022-08-18,65.22,6532028
2022-08-19,65.17,8921062
2022-08-22,64.2,9087893
2022-08-23,64.27,8443752
2022-08-24,64.36,6844730
2022-08-25,64.67,7913869
2022-08-26,63.11,10089513
2022-08-29,62.73,9115904
2022-08-30,62.15,8456837
2022-08-31,61.71,14633568
2022-09-01,62.0,14939684
2022-09-02,61.15,11809821
2022-09-06,61.885,12181823
2022-09-07,62.31,13290711
2022-09-08,62.12,17193460
2022-09-09,62.36,11855886
2022-09-12,62.5,13026935
2022-09-13,60.47,18532832
2022-09-14,60.7,12881592
2022-09-15,59.53,11451927
2022-09-16,59.54,20493535
2022-09-19,59.99,12596248
2022-09-20,59.5933,11984607
2022-09-21,59.4,14165341
2022-09-22,59.415,11657595
2022-09-23,58.6,14824047
2022-09-26,57.87,18670050
2022-09-27,56.38,23829348
2022-09-28,56.055,21480149
2022-09-29,56.57,14570701
2022-09-30,56.02,16124618
2022-10-03,56.57,16277620
2022-10-04,56.78,18861431
2022-10-05,55.775,14324851
2022-10-06,55.615,17192843
2022-10-07,54.69,11479799
2022-10-10,54.39,10239123
2022-10-11,54.48,14303920
2022-10-12,55.14,18377448
2022-10-13,55.87,16220718
2022-10-14,54.98,16001400
2022-10-17,55.69,13721426
2022-10-18,56.44,11823119
2022-10-19,55.96,10182286
2022-10-20,55.08,16905147
2022-10-21,55.96,15034054
2022-10-24,57.57,17416681
2022-10-25,58.95,28829930
2022-10-26,59.39,15841374
2022-10-27,59.53,16026117
2022-10-28,60.76,12888859
2022-10-31,59.85,14016378
2022-11-01,59.64,10659459
2022-11-02,58.81,14551132
2022-11-03,58.78,9193970
2022-11-04,59.26,9726126
2022-11-07,59.49,8849704
2022-11-08,59.6,10081649
2022-11-09,58.77,10115159
2022-11-10,60.88,16804845
2022-11-11,61.32,18972078
2022-11-14,60.73,16361026
2022-11-15,60.63,13295839
2022-11-16,60.52,14199486
2022-11-17,60.71,11220301
2022-11-18,61.14,10415640
2022-11-21,62.08,15399353
2022-11-22,62.35,12319641
2022-11-23,62.63,8990385
2022-11-25,62.69,5165499
2022-11-28,62.7,12268004
2022-11-29,62.48,10969563
2022-11-30,63.61,30433938
2022-12-01,63.79,12001356
2022-12-02,64.35,13643450
2022-12-05,63.47,9185090
2022-12-06,63.44,10099529
2022-12-07,63.54,12307605
2022-12-08,63.81,9946173
2022-12-09,63.14,13914856
2022-12-12,63.97,11647900
2022-12-13,63.99,17521554
2022-12-14,63.99,12826650
2022-12-15,63.11,12213292
2022-12-16,62.75,33631530
2022-12-19,62.84,10919725
2022-12-20,62.79,10286479
2022-12-21,63.8,10411288
2022-12-22,63.34,9668107
2022-12-23,63.82,6463261
2022-12-27,64.21,7320717
2022-12-28,63.57,7159417
2022-12-29,63.95,7169256
2022-12-30,63.61,7650228
2023-01-03,62.95,12180507
2023-01-04,62.92,13387923
2023-01-05,62.2,9814674
2023-01-06,63.4,9989986
2023-01-09,62.61,9442623
2023-01-10,62.13,10134605
2023-01-11,62.01,10822997
2023-01-12,61.21,13907327
2023-01-13,61.43,13986356
2023-01-17,61.68,18327779
2023-01-18,59.81,19679436
2023-01-19,59.72,14894455
2023-01-20,60.08,14237702
2023-01-23,60.23,12613428
2023-01-24,60.55,10103314
2023-01-25,60.93,11265844
2023-01-26,60.81,11884834
2023-01-27,60.49,14087038
2023-01-30,60.64,15632006
2023-01-31,61.32,14344379
2023-02-01,61.33,12535439
2023-02-02,60.28,16947223
2023-02-03,59.83,15404440
2023-02-06,60.17,11330897
2023-02-07,60.07,14922741
2023-02-08,59.72,11012019
2023-02-09,59.62,12515309
2023-02-10,59.62,14420655
2023-02-13,60.6,16191786
2023-02-14,59.59,20505679
2023-02-15,59.59,13172697
2023-02-16,59.22,16538284
2023-02-17,60.12,16814652
2023-02-21,59.8,14278307
2023-02-22,59.98,12409562
2023-02-23,60.09,12222827
2023-02-24,59.84,9736249
2023-02-27,59.82,8849821
2023-02-28,59.51,16082218
2023-03-01,58.86,13275810
2023-03-02,59.72,11772110
2023-03-03,59.44,13101766
2023-03-06,60.36,16282678
2023-03-07,60.01,13961203
2023-03-08,60.04,10851578
2023-03-09,59.46,13900858
2023-03-10,59.21,13745841
2023-03-13,59.81,21956014
2023-03-14,60.03,19496899
2023-03-15,60.43,21089906
2023-03-16,60.3,15658974
2023-03-17,60.02,27351227
2023-03-20,60.6,12904123
2023-03-21,60.32,13716475
2023-03-22,60.05,10494213
2023-03-23,59.92,15478995
2023-03-24,60.9,12977607
2023-03-27,61.35,12777402
2023-03-28,61.42,10925739
2023-03-29,61.86,9441019
2023-03-30,61.85,9870659
2023-03-31,62.03,14440888
2023-04-03,62.4,12300660
2023-04-04,62.21,11433404
2023-04-05,62.8,12789554
2023-04-06,62.84,9644204
2023-04-10,62.69,7952575
2023-04-11,62.58,9913049
2023-04-12,62.69,9593704
2023-04-13,63.15,9871424
2023-04-14,63.05,8946011
2023-04-17,63.46,9452394
2023-04-18,63.56,9035679
2023-04-19,63.68,9769543
2023-04-20,63.96,10706385
2023-04-21,64.05,12931095
2023-04-24,63.95,15532266
2023-04-25,63.85,12818860
2023-04-26,63.55,13179560
2023-04-27,63.68,13795824
2023-04-28,64.15,13687621
2023-05-01,64.3,9091540
2023-05-02,64.01,10948420
2023-05-03,63.65,11084594
2023-05-04,63.72,11938308
2023-05-05,64.02,9039023
2023-05-08,63.92,7240719
2023-05-09,63.39,9067653
2023-05-10,63.5,10134026
2023-05-11,63.86,9581525
2023-05-12,64.11,8740752
2023-05-15,63.94,8149993
2023-05-16,63.22,9130361
2023-05-17,63.15,11582953
2023-05-18,62.8,13595053
2023-05-19,62.83,14251355
2023-05-22,61.51,15055371
2023-05-23,61.4,13932724
2023-05-24,60.88,11090129
2023-05-25,60.41,14463630
2023-05-26,60.26,12570281
2023-05-30,59.78,15634206
2023-05-31,59.66,59432166
2023-06-01,60.0,13402678
2023-06-02,61.16,30519690
2023-06-05,60.75,13913363
2023-06-06,60.31,10943523
2023-06-07,60.22,16817908
2023-06-08,60.37,15589981
2023-06-09,60.47,12582572
2023-06-12,60.21,14220955
2023-06-13,60.45,13397782
2023-06-14,60.86,14099675
2023-06-15,61.23,15271390
2023-06-16,61.67,26737982
2023-06-20,61.26,13973440
2023-06-21,61.43,13948672
2023-06-22,61.85,15194155
2023-06-23,61.2,25112061
2023-06-26,61.22,12856073
2023-06-27,61.09,9068545
2023-06-28,60.52,11173182
2023-06-29,60.02,17142305
2023-06-30,60.22,19739193
2023-07-03,60.58,9694520
2023-07-05,61.03,14717678
2023-07-06,60.56,12604354
2023-07-07,59.76,14573961
2023-07-10,59.31,15480649
2023-07-11,59.52,15970131
2023-07-12,59.84,14241274
2023-07-13,60.35,11269754
2023-07-14,60.9,11634211
2023-07-17,60.81,10015422
2023-07-18,60.57,11152930
2023-07-19,61.64,12936044
2023-07-20,62.39,11563020
2023-07-21,62.44,12815069
2023-07-24,62.46,10251135
2023-07-25,62.25,13422655
2023-07-26,63.05,17145517
2023-07-27,62.44,11517112
2023-07-28,62.48,9723263
2023-07-31,61.93,15584503
2023-08-01,61.77,9283438
2023-08-02,61.96,11061082
2023-08-03,61.64,8039062
2023-08-04,60.71,9359298
2023-08-07,61.19,6982647
2023-08-08,60.92,7956064
2023-08-09,61.06,7904067
2023-08-10,60.92,7870314
2023-08-11,61.17,8483912
2023-08-14,60.88,7176291
2023-08-15,60.47,7187444
2023-08-16,60.48,8372266
2023-08-17,60.61,12873497
2023-08-18,60.95,11083770
2023-08-21,60.43,8648519
2023-08-22,60.06,9412208
2023-08-23,60.27,7749490
2023-08-24,60.11,8955130
2023-08-25,60.39,7629222
2023-08-28,60.56,6254255
2023-08-29,60.5,8189592
2023-08-30,60.47,9447912
2023-08-31,59.83,14663458
2023-09-01,59.31,11262277
2023-09-05,58.82,12474644
2023-09-06,58.78,13923548
2023-09-07,58.33,17628594
2023-09-08,58.33,14332807
2023-09-11,58.88,14767420
2023-09-12,58.3,12292724
2023-09-13,58.44,12641370
2023-09-14,58.46,12311576
2023-09-15,57.94,55727509
2023-09-18,58.3,13617370
2023-09-19,58.18,12000086
2023-09-20,58.44,14767923
2023-09-21,57.54,15945821
2023-09-22,57.6,14645394
2023-09-25,57.0,12358824
2023-09-26,56.53,11194700
2023-09-27,55.95,13766301
2023-09-28,55.81,12484769
2023-09-29,55.98,12271561
2023-10-02,55.48,11792502
2023-10-03,54.88,13604197
2023-10-04,54.87,12100517
2023-10-05,52.38,29878072
2023-10-06,53.14,30298866
2023-10-09,52.88,15704749
2023-10-10,54.03,20909684
2023-10-11,53.71,21138929
2023-10-12,52.81,19330363
2023-10-13,52.89,14526994
2023-10-16,53.43,12816818
2023-10-17,54.07,16457191
2023-10-18,54.05,12809451
2023-10-19,54.35,16202187
2023-10-20,54.57,15686351
2023-10-23,54.08,21212650
2023-10-24,55.64,25290849
2023-10-25,56.12,16701024
2023-10-26,55.78,16228386
2023-10-27,55.24,13626522
2023-10-30,56.15,15014293
2023-10-31,56.49,16639375
2023-11-01,56.44,14110797
2023-11-02,57.09,13087237
2023-11-03,56.74,13958733
2023-11-06,56.97,12673192
2023-11-07,57.18,10449304
2023-11-08,57.09,13744014
2023-11-09,56.66,12021092
2023-11-10,56.72,11680428
2023-11-13,56.93,12798181
2023-11-14,57.1,12697066
2023-11-15,57.21,10201861
2023-11-16,57.15,16010449
2023-11-17,57.26,14476629
2023-11-20,57.4,13053919
2023-11-21,58.03,13891646
2023-11-22,58.42,11327148
2023-11-24,58.57,4816024
2023-11-27,58.46,16246507
2023-11-28,58.58,13739613
2023-11-29,58.23,11263632
2023-11-30,58.44,22727487
2023-12-01,58.64,15371153
2023-12-04,58.57,14942247
2023-12-05,58.66,11891513
2023-12-06,58.6,14868549
2023-12-07,58.74,11587865
2023-12-08,58.61,11178670
2023-12-11,59.04,14524767
2023-12-12,59.42,12899014
2023-12-13,59.93,16196752
2023-12-14,59.04,22478308
2023-12-15,58.6,65177382
2023-12-18,59.02,16717657
2023-12-19,58.83,14612202
2023-12-20,57.61,17700996
2023-12-21,57.99,11725123
2023-12-22,58.32,9029440
2023-12-26,58.56,6422531
2023-12-27,58.71,8560060
2023-12-28,58.75,8400138
2023-12-29,58.93,18488678
2024-01-02,59.82,16322593
2024-01-03,59.96,14830634
2024-01-04,59.76,12912926
2024-01-05,59.67,10412798
2024-01-08,60.11,11554634
2024-01-09,60.0,10493653
2024-01-10,60.2,12257983
2024-01-11,59.81,13754232
2024-01-12,60.39,13218008
2024-01-16,59.99,11826910
2024-01-17,59.99,8982132
2024-01-18,60.16,10397682
2024-01-19,59.83,14392600
2024-01-22,59.57,14314265
2024-01-23,59.85,14481643
2024-01-24,58.91,16370484
2024-01-25,59.16,14899712
2024-01-26,59.37,13025072
2024-01-29,59.73,14547070
2024-01-30,59.9,44123072
2024-01-31,59.49,22836998
2024-02-01,60.98,15870884
2024-02-02,60.54,17544906
2024-02-05,60.04,12759569
2024-02-06,59.94,12777150
2024-02-07,59.99,10259892
2024-02-08,59.83,12874761
2024-02-09,59.56,15235251
2024-02-12,59.7,13516782
2024-02-13,59.35,24195706
2024-02-14,59.29,15872453
2024-02-15,59.4,13695848
2024-02-16,59.39,13947057
2024-02-20,60.7,18339324
2024-02-21,61.24,14378264
2024-02-22,61.15,12982799
2024-02-23,61.2,13612914
2024-02-26,60.71,10336096
2024-02-27,60.34,9931088
2024-02-28,60.4,8076536
2024-02-29,60.02,18152651
2024-03-01,59.53,10927564
2024-03-04,59.81,10150243
2024-03-05,59.52,12309959
2024-03-06,59.55,24757630
2024-03-07,59.44,13686859
2024-03-08,59.52,13239013
2024-03-11,60.24,14114260
2024-03-12,60.5,12684645
2024-03-13,61.12,13909460
2024-03-14,60.5,13996609
2024-03-15,59.88,36849930
2024-03-18,60.13,15856686
2024-03-19,60.23,15030627
2024-03-20,60.75,15258764
2024-03-21,60.47,13067077
2024-03-22,60.49,11502843
2024-03-25,60.4,13144651
2024-03-26,60.54,13277388
2024-03-27,61.03,12551216
2024-03-28,61.18,13683528
2024-04-01,60.68,11668686
2024-04-02,60.15,13017260
2024-04-03,59.83,13672922
2024-04-04,59.3,14320686
2024-04-05,59.42,10157760
2024-04-08,59.27,10284535
2024-04-09,59.72,10792141
2024-04-10,58.92,11861881
2024-04-11,59.05,11109007
2024-04-12,58.28,12250949
2024-04-15,58.14,12425049
2024-04-16,58.06,11236839
2024-04-17,58.51,13805068
2024-04-18,58.91,11125869
2024-04-19,60.17,21207852
2024-04-22,60.55,15624546
2024-04-23,60.64,13689127
2024-04-24,61.55,19548315
2024-04-25,61.74,19048535
2024-04-26,61.74,10994262
2024-04-29,62.04,13420749
2024-04-30,61.77,19349153
2024-05-01,61.93,16730830
2024-05-02,61.99,10991304
2024-05-03,62.17,11628675
2024-05-06,62.35,9310699
2024-05-07,62.62,9807029
2024-05-08,62.85,10484408
2024-05-09,62.88,9113662
2024-05-10,63.26,8371691
2024-05-13,63.58,10137619
2024-05-14,63.1,10852231
2024-05-15,63.13,9838897
2024-05-16,63.32,10228002
2024-05-17,63.03,11539022
2024-05-20,62.57,11000888
2024-05-21,62.91,9796202
2024-05-22,63.0,7419406
2024-05-23,62.09,9834292
2024-05-24,62.0,8203136
2024-05-28,61.82,12346998
2024-05-29,61.7,11861815
2024-05-30,61.97,9436821
2024-05-31,62.93,19816630
2024-06-03,62.93,9369046
2024-06-04,63.94,11895622
2024-06-05,63.92,9632525
2024-06-06,64.15,8658456
2024-06-07,63.91,9523089
2024-06-10,63.59,15687128
2024-06-11,63.55,8395960
2024-06-12,62.88,9569550
2024-06-13,62.99,9668888
2024-06-14,62.55,8179239
2024-06-17,62.62,10532715
2024-06-18,62.63,10651661
2024-06-20,62.18,13306273
2024-06-21,62.77,28282194
2024-06-24,63.97,13212454
2024-06-25,63.84,10546793
2024-06-26,64.05,9402502
2024-06-27,63.91,8494123
2024-06-28,63.65,17358827
2024-07-01,63.28,10033361
2024-07-02,63.15,8878156
2024-07-03,63.33,9154198
2024-07-05,63.76,11735460
2024-07-08,62.96,11235135
2024-07-09,62.69,11660197
2024-07-10,62.83,11930407
2024-07-11,63.1,11434422
2024-07-12,63.7,9201516
2024-07-15,63.41,8207521
2024-07-16,64.27,9025066
2024-07-17,65.21,12508215
2024-07-18,65.19,11128203
2024-07-19,65.29,13775672
2024-07-22,64.77,11794212
2024-07-23,64.96,11810262
2024-07-24,65.81,13244568
2024-07-25,66.07,16328583
2024-07-26,67.05,13530071
2024-07-29,66.83,12140153
2024-07-30,67.68,13257960
2024-07-31,66.74,15576846
2024-08-01,67.96,16495907
2024-08-02,69.33,22514775
2024-08-05,68.1,25484273
2024-08-06,68.05,12969099
2024-08-07,68.46,13365270
2024-08-08,68.73,15240914
2024-08-09,68.68,12080420
2024-08-12,68.17,11012318
2024-08-13,68.46,9877569
2024-08-14,68.58,14328033
2024-08-15,68.65,11285120
2024-08-16,69.18,12651230
2024-08-19,68.98,9843861
2024-08-20,69.38,11957372
2024-08-21,69.57,8792397
2024-08-22,69.33,12509202
2024-08-23,69.79,11834745
2024-08-26,70.84,12912248
2024-08-27,71.5,16988408
2024-08-28,71.75,13272584
2024-08-29,72.05,17201677
2024-08-30,72.47,18624227
2024-09-03,73.01,14755752
2024-09-04,72.56,18140831
2024-09-05,71.17,23866125
2024-09-06,71.14,17485707
2024-09-09,71.85,12939256
2024-09-10,71.55,10277585
2024-09-11,71.08,11418234
2024-09-12,71.23,12340779
2024-09-13,71.41,11073849
2024-09-16,72.1,10786531
2024-09-17,71.8,12974382
2024-09-18,71.75,10719713
2024-09-19,70.62,13635646
2024-09-20,71.64,48578480
2024-09-23,71.73,11613022
2024-09-24,71.33,13330638
2024-09-25,71.45,12329127
2024-09-26,71.4,10815219
2024-09-27,71.79,11175706
2024-09-30,71.86,18016013
2024-10-01,71.71,13294498
2024-10-02,71.01,11155480
2024-10-03,70.52,9374794
2024-10-04,70.17,12687289
2024-10-07,69.01,14511962
2024-10-08,69.18,13549702
2024-10-09,69.57,9037735
2024-10-10,69.25,8635150
2024-10-11,69.57,8786318
2024-10-14,70.34,7659318
2024-10-15,70.34,10358734
2024-10-16,70.57,7937347
2024-10-17,69.9,14674631
2024-10-18,70.44,15087519
2024-10-21,69.45,11981163
2024-10-22,69.45,18603251
2024-10-23,68.01,24655203
2024-10-24,67.3,17568831
2024-10-25,66.92,11138127
2024-10-28,66.67,10761416
2024-10-29,65.56,16525917
2024-10-30,65.92,14177766
2024-10-31,65.31,13383717
2024-11-01,65.01,12163094
2024-11-04,65.11,10984502
2024-11-05,65.37,8780220
2024-11-06,63.7,22899263
2024-11-07,63.66,14856051
2024-11-08,63.92,14719308
2024-11-11,63.36,13980873
2024-11-12,63.2,15020975
2024-11-13,63.065,13177637
2024-11-14,62.55,15910820
2024-11-15,61.74,26284331
2024-11-18,61.86,16079364
2024-11-19,62.59,16254832
2024-11-20,62.99,18904909
2024-11-21,63.76,17292300
2024-11-22,63.92,19562231
2024-11-25,64.38,36805252
2024-11-26,64.55,14473271
2024-11-27,64.43,13263403
2024-11-29,64.08,10648354
2024-12-02,63.65,16500095
2024-12-03,63.52,24874490
2024-12-04,62.21,28137660
2024-12-05,62.92,21040359
2024-12-06,62.53,15581148
2024-12-09,62.6,22348331
2024-12-10,62.91,14949415
2024-12-11,62.64,32819011
2024-12-12,63.84,17542091
2024-12-13,63.12,13429033
2024-12-16,62.55,24559738
2024-12-17,63.4,21902382
2024-12-18,62.85,20946087
2024-12-19,62.45,21300647
2024-12-20,62.55,42458096
2024-12-23,62.38,13010758
2024-12-24,62.84,5019131
2024-12-26,62.57,7945641
2024-12-27,62.45,8542773
2024-12-30,62.03,8972212
2024-12-31,62.26,9256664
2025-01-02,61.84,25981950
2025-01-03,61.75,20806408
2025-01-06,60.81,35848474
2025-01-07,60.84,35599258
2025-01-08,61.71,28335194
2025-01-10,61.07,44849902
2025-01-13,61.65,36032346
2025-01-14,62.04,33295574
2025-01-15,61.77,32374406
2025-01-16,62.25,25171056
2025-01-17,62.71,35897736
2025-01-21,62.42,39634136
2025-01-22,61.78,36383772
2025-01-23,61.53,33056846
2025-01-24,61.92,38489208
2025-01-27,63.87,41485830
2025-01-28,62.36,29912062
2025-01-29,62.83,22651270
2025-01-30,64.05,26401954
2025-01-31,63.48,24204120
2025-02-03,63.35,24135766
2025-02-04,62.67,31355996
2025-02-05,63.12,21373508
2025-02-06,63.36,26846816
2025-02-07,63.84,26369348
2025-02-10,64.55,32289400
2025-02-11,67.6,61178296
2025-02-12,68.71,52067528
2025-02-13,69.5,48786296
2025-02-14,68.87,41558180
2025-02-18,69.05,31138244
2025-02-19,70.07,32064540
2025-02-20,70.04,26796020
2025-02-21,71.35,43324504
2025-02-24,70.59,42836884
2025-02-25,71.49,43111176
2025-02-26,70.8,29062350
2025-02-27,70.87,33578952
2025-02-28,71.21,44334758
2025-03-03,72.32,43435206
2025-03-04,70.19,50823716
2025-03-05,70.08,47867258
2025-03-06,70.46,43388062
2025-03-07,71.43,56786522
2025-03-10,71.45,50502378
2025-03-11,71.04,56152880
2025-03-12,69.94,37846602
2025-03-13,69.62,31493136
2025-03-14,69.16,28410182
2025-03-17,70.12,31269616
2025-03-18,69.38,25315230
2025-03-19,69.28,29560014
2025-03-20,69.71,32590526
2025-03-21,68.67,47479473
2025-03-21,68.635,47479473
2025-03-24,68.845,25150824
2025-03-25,68.825,25027794
2025-03-26,69.795,28965528
2025-03-27,70.915,23326730
2025-03-28,70.235,34825830
2025-03-28,70.245,17412915
2025-03-31,71.635,48033732
2025-04-01,71.865,30618292
2025-04-02,71.335,29213038
2025-04-03,73.105,49919186
2025-04-04,69.9338,26517289
2025-04-04,69.765,26517289
2025-04-07,68.395,68516726
2025-04-08,68.415,45548850
2025-04-09,69.985,55837350
2025-04-10,70.835,44900326
2025-04-11,71.4353,19988203
2025-04-11,71.225,19988203
2025-04-14,72.4155,27860414
2025-04-15,71.855,29930984
2025-04-16,71.835,30552432
2025-04-17,73.1047,41508990
2025-04-17,73.055,20754495
2025-04-21,72.805,32074380
2025-04-22,74.205,31227036
2025-04-23,73.285,32707854
2025-04-24,72.535,33787722
2025-04-25,71.955,16315984
2025-04-25,71.925,16315984
2025-04-28,71.605,31934990
2025-04-29,72.335,32488114
2025-04-30,72.55,21074652
2025-05-01,71.305,36068326
2025-05-02,71.755,12629593
2025-05-02,71.675,12629593
2025-05-05,71.705,23865374
2025-05-06,71.72,12705475
2025-05-07,72.345,30051572
2025-05-08,71.315,28742122
2025-05-09,70.555,11228947
2025-05-09,70.5849,11228947
2025-05-12,69.5404,43078026
2025-05-13,69.065,28778106
2025-05-14,69.1645,32573598
2025-05-15,71.61,19817096
2025-05-16,72.035,18441200
2025-05-16,72.0392,18441200
2025-05-19,71.855,26565550
2025-05-20,71.705,24275596
2025-05-21,71.835,24188848
2025-05-22,71.245,22203596
2025-05-23,71.775,12822145
2025-05-23,71.585,12822145
2025-05-27,71.785,21332204
2025-05-28,71.1066,17421792
2025-05-29,71.49,10294095
2025-05-30,72.015,28019547
2025-05-30,72.055,28019547
2025-06-02,72.095,20405474
2025-06-03,71.1724,40279534
2025-06-04,71.395,27131782
2025-06-05,70.965,27071238
2025-06-06,71.3672,9524036
2025-06-06,71.365,9524036
2025-06-09,71.77,24562678
2025-06-10,72.345,24529944
2025-06-11,72.185,25437020
2025-06-12,72.185,25613822
2025-06-13,70.9851,17467162
2025-06-13,71.085,17467162
2025-06-16,70.605,30091760
2025-06-17,69.695,30874064
2025-06-18,69.235,32455164
2025-06-18,69.265,16227582
2025-06-20,68.905,40859425
2025-06-20,68.905,40859425
2025-06-23,69.8038,43645546
2025-06-24,70.205,30432168
2025-06-25,69.6541,25080748
2025-06-26,69.5347,28908180
2025-06-27,70.335,23470691
2025-06-27,70.205,23470691
2025-06-30,70.6367,30857932
2025-07-01,71.705,43458552
2025-07-02,70.975,26100478
2025-07-03,71.35,9439929
2025-07-07,70.985,33969350
2025-07-08,70.345,34231042
2025-07-09,69.535,67408238
2025-07-10,69.7848,29230092
2025-07-11,69.855,12916670
2025-07-11,69.8054,12916670
2025-07-14,69.475,27966492
2025-07-15,69.325,25279616
2025-07-16,69.2649,26356584
2025-07-17,70.59,20464657
2025-07-18,70.145,14927950
2025-07-18,69.975,14927950
2025-07-21,70.285,35623438
2025-07-22,69.695,44679768
2025-07-23,69.205,42059986
2025-07-24,69.1553,25022734
2025-07-25,69.145,12574823
2025-07-25,69.165,12574823
2025-07-28,68.09,27337596
2025-07-29,69.38,32446758
2025-07-30,68.75,20896358
2025-07-31,67.89,34386836
2025-08-01,68.86,16107506
2025-08-04,68.9051,21403050
2025-08-05,69.095,23986782
2025-08-06,69.405,21565954
2025-08-07,70.305,31581604
2025-08-08,70.305,9232651
2025-08-08,70.335,9232651
2025-08-11,70.705,21818742
2025-08-12,70.665,22130088
2025-08-13,70.425,20713036
2025-08-14,69.625,21444746
2025-08-15,69.805,12381112
2025-08-15,69.805,12381112
2025-08-18,69.215,28189762
2025-08-19,70.105,27724428
2025-08-20,70.625,35061694
2025-08-21,70.635,17680854
2025-08-22,70.205,12999606
2025-08-22,70.165,12999606
2025-08-25,69.055,27269124
2025-08-26,68.73,17964231
2025-08-27,68.855,23125482
2025-08-28,68.435,32419740
2025-08-29,69.005,14601094
2025-08-29,69.0048,14601094
2025-09-02,69.055,49540146
2025-09-03,68.965,67162982
2025-09-04,68.345,33472018
2025-09-05,68.005,23977995
2025-09-05,68.03,23977995
2025-09-08,67.4555,43343494
2025-09-09,67.7679,28241140
2025-09-10,67.835,32083868
2025-09-11,67.695,30257462
2025-09-12,67.045,18712351
2025-09-12,67.125,18712351
2025-09-15,66.21,15986132
2025-09-16,66.24,18555912
2025-09-17,67.045,34744668
2025-09-18,66.525,35445838
2025-09-19,66.4554,31192851
2025-09-19,66.535,31192851
2025-09-22,66.21,13298742
2025-09-23,66.71,15072791
2025-09-24,66.5034,29518588
2025-09-24,65.98,43549314
2025-09-26,65.67,17821566
2025-09-29,66.04,29637062
2025-09-30,66.32,27629984
2025-10-01,66.715,29755076
2025-10-02,66.135,28701444
2025-10-03,66.605,12249240
2025-10-03,66.685,12249240
2025-10-06,66.105,28666640
2025-10-07,66.805,26656540
2025-10-08,66.175,25213354
2025-10-09,66.325,25410380
2025-10-10,67.005,17991744
2025-10-10,66.625,17991744
2025-10-13,66.705,27380058
2025-10-14,67.415,28491128
2025-10-15,67.065,22387430
2025-10-16,67.535,31414452
2025-10-17,68.425,15541769
2025-10-17,68.445,15541769
2025-10-20,68.44,17786538
2025-10-21,71.22,33651302
2025-10-22,70.785,36585900
2025-10-23,69.955,27978828
2025-10-24,69.745,15688202
2025-10-24,69.685,15688202
2025-10-27,70.005,27589970
2025-10-28,70.1061,25460986
2025-10-29,68.505,39579220
2025-10-30,68.655,29493359
2025-10-31,68.895,33470888
2025-10-31,68.875,16742681
2025-11-03,67.965,31301854
2025-11-04,68.635,25487562
2025-11-05,68.515,25700250
2025-11-06,69.125,31813302
2025-11-07,70.285,50205788
2025-11-10,70.405,30629371
2025-11-11,71.61,16160212
2025-11-12,71.5325,27217241
2025-11-13,71.055,27990996
2025-11-14,71.055,26332795
2025-11-17,70.625,29527646
2025-11-18,71.165,25653948
2025-11-19,70.815,24784283
2025-11-20,71.225,30769342
2025-11-21,72.875,52943049
2025-11-24,72.595,79625330
2025-11-25,72.6156,34886263
2025-11-26,72.975,23580769
2025-11-28,73.12,7417388
2025-12-01,71.8822,28754300
2025-12-02,70.725,39711757
2025-12-03,70.805,33984981
2025-12-04,70.45,17696869
2025-12-05,70.0,13963579
2025-12-08,70.335,35531546
2025-12-09,70.0986,26010770
2025-12-10,70.1551,59549004
2025-12-11,69.2042,46204821
2025-12-12,70.52,18425498
2025-12-15,70.955,37310732
2025-12-16,70.475,34723671
2025-12-17,70.635,27322123
2025-12-18,70.445,31036942
2025-12-19,70.155,73811349
2025-12-22,70.205,25645971
2025-12-23,69.955,18935925
2025-12-24,70.11,4510847
2025-12-26,69.825,11422700
2025-12-29,70.115,19373872
2025-12-30,70.07,8610896
2025-12-31,70.075,16255602
2026-01-02,69.055,24302618
2026-01-05,68.095,42373284
2026-01-06,67.935,42039722
2026-01-07,67.5942,40446724
2026-01-08,69.225,38473966
2026-01-09,70.355,39277292
2026-01-12,70.405,41164946
2026-01-13,71.065,36649524
2026-01-14,71.305,33478140
2026-01-15,70.525,30928248
2026-01-16,70.455,40055070
2026-01-16,70.445,20027535
2026-01-20,71.6622,44304418
2026-01-21,71.9068,43321134
2026-01-22,72.005,27925556
2026-01-23,72.765,36614168
2026-01-26,72.515,28034840
2026-01-27,73.435,26478368
2026-01-28,73.095,29267360
2026-01-29,73.43,20862070
2026-01-30,74.715,52840936
2026-02-02,75.287,38603000
2026-02-03,76.855,54014106
2026-02-04,77.1218,57214574
2026-02-05,78.745,43266922
2026-02-06,78.745,37024724
2026-02-09,78.115,46831246
2026-02-10,76.865,57696368
2026-02-11,78.6282,45299426
2026-02-12,79.135,52087068
2026-02-13,78.68,16711872
2026-02-17,79.578,32520404
2026-02-18,79.435,32609760
2026-02-19,79.005,29849300
2026-02-20,79.84,17175104
2026-02-23,80.56,17157675
2026-02-24,80.72,16448503
2026-02-25,80.47,18086884
2026-02-26,80.5,12843187
2026-02-27,81.56,56966978
2026-03-02,80.22,18137229
2026-03-03,79.34,20549265
2026-03-04,78.1,21011848
2026-03-05,77.03,46331309
2026-03-06,77.085,31032061
2026-03-07,77.055,0
2026-03-09,77.8,18554053
2026-03-10,77.915,28795073
2026-03-11,77.325,23102398
2026-03-12,77.695,33684364
2026-03-13,77.395,23948995
2026-03-13,77.345,11974497
2026-03-16,77.82,11761239
2026-03-17,77.655,29799988
2026-03-18,75.97,13134638
2026-03-19,75.55,26046679
2026-03-20,75.235,46319395
2026-03-20,75.325,33298715
2026-03-23,75.175,30109831
2026-03-24,74.975,31307452
2026-03-25,75.355,29575812
2026-03-26,74.945,22404267
2026-03-27,75.565,34922067
2026-03-27,75.705,17461033
2026-03-30,76.27,18502820
2026-03-31,76.05,18301807
2026-04-01,76.08,15834263
2026-04-02,76.72,14573420
2026-04-02,76.66,14573420
2026-04-06,77.225,16527477
2026-04-07,75.91,21036754
2026-04-08,77.29,24662608
2026-04-09,78.18,28620524
2026-04-10,77.47,22162828
2026-04-13,76.41,25391929
2026-04-14,75.9,24795254
2026-04-15,75.31,32424208
2026-04-16,75.18,23003874
2026-04-17,75.74,30067738
2026-04-20,75.48,10140463
2026-04-21,74.7,11804985
2026-04-22,74.63,9352265
2026-04-23,76.28,12060271
2026-04-24,76.63,12008676
2026-04-27,75.44,15812213
2026-04-28,78.35,30710675
2026-04-29,78.87,18294748
2026-04-30,78.76,15142173
2026-05-01,78.58,12610373
2026-05-04,78.19,12672441
2026-05-05,78.4800033569336,11637500
2026-05-06,79.2300033569336,14060300
2026-05-07,78.43000030517578,16531400
2026-05-08,78.41999816894531,12447200
2026-05-11,78.66000366210938,10967900
2026-05-12,80.02999877929688,19883100
2026-05-13,80.26000213623047,12093946
2026-05-14,80.44999694824219,10282427
2026-05-15,80.81999969482422,17527200
2026-05-18,81.19999694824219,12375500
2026-05-19,81.91999816894531,16586904
2026-05-20,81.9833984375,3215053
2026-05-21,81.31060028076172,3254638
2026-05-22,80.98500061035156,2130507
2026-05-26,80.33999633789062,3739380
2026-05-27,82.2300033569336,3469992
2026-05-28,80.73999786376953,3344437
2026-05-29,79.7699966430664,4456511
2026-06-01,78.79499816894531,2951044
2026-06-02,78.33499908447266,2630527
2026-06-03,78.57499694824219,3067549
2026-06-04,78.77999877929688,3785613
2026-06-05,78.78600311279297,5453434
2026-06-08,79.54000091552734,12828900
2026-06-09,81.33999633789062,20583100
2026-06-10,83.6050033569336,9257251
2026-06-11,83.94000244140625,3490348
2026-06-12,82.44999694824219,3189619
2026-06-15,80.81999969482422,4745649
2026-06-16,80.62999725341797,3879811
2026-06-17,79.92500305175781,4178650
2026-06-18,78.875,7384317
2026-06-22,79.52179718017578,3864108
2026-06-23,80.30999755859375,12121259
2026-06-24,80.5999984741211,20464828
2026-06-25,80.41999816894531,16008229
2026-06-26,82.62999725341797,51837004
2026-06-29,82.70999908447266,6598834
2026-06-30,81.2699966430664,16310570
2026-07-01,81.29000091552734,17374553
2026-07-02,84.13999938964844,13750090
2026-07-06,82.77999877929688,4505619
2026-07-07,84.05000305175781,17823364
2026-07-08,83.98999786376953,1228176
2026-07-09,82.62999725341797,15768413
2026-07-10,83.48999786376953,8403371
2026-07-13,83.95500183105469,3972967
2026-07-14,83.08000183105469,12633363
2026-07-15,82.44999694824219,11400870
2026-07-16,84.91999816894531,17879100
2026-07-17,81.55999755859375,32874656
2026-07-20,82.12000274658203,14664087
2026-07-21,81.97000122070312,12944000
2026-07-22,82.19999694824219,11696800
2026-07-23,81.16999816894531,10155347
2026-07-27,83.40499877929688,5085868
2026-07-29,90.1449966430664,7693201
2026-07-30,88.48999786376953,17616100
2026-07-31,87.58999633789062,10879681
2026-08-03,86.86000061035156,23188700
2026-08-04,85.98500061035156,6661448
2026-08-05,86.78500366210938,7868347
2026-08-06,86.8499984741211,9031818
2026-08-07,87.05000305175781,11217500
2026-08-10,87.37999725341797,5355559
2026-08-11,86.4800033569336,16003600
2026-08-12,86.70999908447266,9048802
2026-08-13,87.41999816894531,10133000
2026-08-14,87.70999908447266,9159800
2026-08-18,88.88999938964844,3379624
2026-08-19,89.46499633789062,5410001
2026-08-20,90.5,14918715
2026-08-21,91.0999984741211,15527401
2026-08-24,91.7750015258789,4571087
2026-08-25,91.63999938964844,23850571
2026-08-26,90.08000183105469,17024430
2026-08-27,89.88749694824219,3644449
2026-08-28,89.63999938964844,2746556
2026-08-31,89.19000244140625,2693359
2026-09-01,88.0,14824100
2026-09-02,88.23999786376953,17230229
2026-09-03,88.80999755859375,12301172
2026-09-04,88.24720001220703,3867915
2026-09-08,88.0,3465938
2026-09-09,87.55000305175781,12256984
2026-09-10,88.48500061035156,4354665
2026-09-11,88.36499786376953,4071361
2026-09-14,89.07859802246094,5525286
2026-09-15,88.47000122070312,3906481
2026-09-16,88.44499969482422,2868837
2026-09-17,88.05999755859375,15779354
2026-09-18,87.80740356445312,3079112
2026-09-21,87.8499984741211,3847545
2026-09-22,88.25499725341797,3788911
2026-09-23,88.08999633789062,12965935
2026-09-24,88.0999984741211,13057971
2026-09-25,87.80999755859375,12123400
2026-09-28,87.12999725341797,4043703
2026-09-29,86.83999633789062,12832488
2026-09-30,86.08000183105469,15828000
