date,close,volume
2014-01-02,96.410003662109,2932283
2014-01-03,96.540000915527,2966051
2014-01-06,95.849998474121,5028393
2014-01-07,96.379997253418,4887121
2014-01-08,95.410003662109,7670246
2014-01-09,95.459999084473,7712713
2014-01-10,95.800003051758,5520132
2014-01-13,94.830001831055,5777612
2014-01-14,95.220001220703,3842225
2014-01-15,95.459999084473,3572048
2014-01-16,96.059997558594,5069474
2014-01-17,94.930000305176,6056698
2014-01-21,95.080001831055,6483756
2014-01-22,94.879997253418,4983494
2014-01-23,95.319999694824,7150912
2014-01-24,94.430000305176,6952410
2014-01-27,94.069999694824,6608685
2014-01-28,94.180000305176,3686206
2014-01-29,93.150001525879,8017792
2014-01-30,93.800003051758,4988702
2014-01-31,94.169998168945,6028697
2014-02-03,93.019996643066,6908865
2014-02-04,93.089996337891,6531117
2014-02-05,93.580001831055,4958957
2014-02-06,94.940002441406,5361338
2014-02-07,95.919998168945,6610561
2014-02-10,94.860000610352,6975657
2014-02-11,95.339996337891,5365373
2014-02-12,94.889999389648,4269118
2014-02-13,95.459999084473,3618018
2014-02-14,95.779998779297,3537846
2014-02-18,96.019996643066,5458110
2014-02-19,95.550003051758,4505475
2014-02-20,95.75,2975158
2014-02-21,96.449996948242,5289923
2014-02-24,96.5,4487632
2014-02-25,96.620002746582,4233964
2014-02-26,95.889999389648,4265938
2014-02-27,95.080001831055,4183929
2014-02-28,95.150001525879,5108016
2014-03-03,94.319999694824,5150380
2014-03-04,94.980003356934,4655238
2014-03-05,95.019996643066,3913441
2014-03-06,95.580001831055,4363227
2014-03-07,95.5,3726306
2014-03-10,95.199996948242,4395086
2014-03-11,98.779998779297,16375774
2014-03-12,98.709999084473,6702123
2014-03-13,97.370002746582,5480267
2014-03-14,97.580001831055,5510673
2014-03-17,97.599998474121,5554918
2014-03-18,97.309997558594,3269489
2014-03-19,96.099998474121,5556948
2014-03-20,96.599998474121,4242571
2014-03-21,95.470001220703,12640611
2014-03-24,96.180000305176,6401178
2014-03-25,95.910003662109,4929902
2014-03-26,95.839996337891,4126987
2014-03-27,96.160003662109,3755967
2014-03-28,97.23999786377,4344100
2014-03-31,98.029998779297,4853293
2014-04-01,97.900001525879,4493973
2014-04-02,97.589996337891,3701174
2014-04-03,97.660003662109,2576064
2014-04-04,97.870002746582,5413601
2014-04-07,97.01000213623,6000476
2014-04-08,98.080001831055,5585144
2014-04-09,98.349998474121,3669495
2014-04-10,99.430000305176,8874797
2014-04-11,99.290000915527,6553636
2014-04-14,100.11000061035,6155873
2014-04-15,100.83000183105,5886192
2014-04-16,100.83000183105,3532731
2014-04-17,100.25,4545196
2014-04-21,99.669998168945,6358323
2014-04-22,99.319999694824,8934500
2014-04-23,99.129997253418,4179128
2014-04-24,99.839996337891,4765762
2014-04-25,100.73000335693,5048938
2014-04-28,100.30999755859,7444635
2014-04-29,101.5,6630910
2014-04-30,101.37999725342,4524399
2014-05-01,100.95999908447,3531410
2014-05-02,101.43000030518,4934023
2014-05-05,101.13999938965,3483458
2014-05-06,100.94999694824,3075103
2014-05-07,101.95999908447,4322592
2014-05-08,101.94999694824,3384503
2014-05-09,102.93000030518,3649434
2014-05-12,102.86000061035,3817396
2014-05-13,103.5299987793,3955362
2014-05-14,103.0299987793,3826313
2014-05-15,102.5,3810901
2014-05-16,103.13999938965,5080977
2014-05-19,102.08999633789,3865156
2014-05-20,101.5299987793,3123726
2014-05-21,102.55999755859,2735638
2014-05-22,102.44999694824,3376045
2014-05-23,102.0,4179128
2014-05-27,102.36000061035,5093357
2014-05-28,101.30000305176,8936443
2014-05-29,101.33999633789,4124605
2014-05-30,101.43000030518,4232438
2014-06-02,102.0299987793,3006780
2014-06-03,101.44999694824,3363473
2014-06-04,102.44000244141,3595798
2014-06-05,102.44999694824,2411257
2014-06-06,101.95999908447,2955593
2014-06-09,101.37999725342,3802693
2014-06-10,100.87999725342,5961217
2014-06-11,100.41999816895,6606053
2014-06-12,99.76000213623,5609115
2014-06-13,100.48999786377,4018653
2014-06-16,101.09999847412,4038584
2014-06-17,101.26999664307,6479749
2014-06-18,101.34999847412,5447375
2014-06-19,101.91000366211,3376565
2014-06-20,101.91999816895,5418106
2014-06-23,101.91000366211,2919197
2014-06-24,101.4700012207,4589622
2014-06-25,101.61000061035,3662169
2014-06-26,101.51000213623,2783202
2014-06-27,101.45999908447,2785864
2014-06-30,100.73999786377,4270525
2014-07-01,101.0,3787745
2014-07-02,100.5299987793,3222376
2014-07-03,100.98000335693,2295812
2014-07-07,100.16999816895,3951704
2014-07-08,100.08999633789,3115055
2014-07-09,101.06999969482,5604936
2014-07-10,100.58000183105,3274862
2014-07-11,100.37000274658,2812462
2014-07-14,100.4700012207,4163000
2014-07-15,100.30000305176,3793351
2014-07-16,99.269996643066,7135370
2014-07-17,98.370002746582,4104240
2014-07-18,98.98999786377,4050442
2014-07-21,97.550003051758,6510632
2014-07-22,96.269996643066,12398494
2014-07-23,95.349998474121,9484381
2014-07-24,95.349998474121,7781720
2014-07-25,95.720001220703,4992812
2014-07-28,95.779998779297,4863067
2014-07-29,95.819999694824,6712670
2014-07-30,95.949996948242,6059213
2014-07-31,94.559997558594,6829388
2014-08-01,94.300003051758,4576448
2014-08-04,94.309997558594,7652678
2014-08-05,93.430000305176,5494852
2014-08-06,93.470001220703,3727958
2014-08-07,93.309997558594,3264614
2014-08-08,93.550003051758,6506196
2014-08-11,93.529998779297,4291741
2014-08-12,93.559997558594,3235939
2014-08-13,93.959999084473,3599864
2014-08-14,93.660003662109,5644922
2014-08-15,93.790000915527,4284507
2014-08-18,94.25,4398807
2014-08-19,94.449996948242,3338257
2014-08-20,94.190002441406,4157886
2014-08-21,94.529998779297,5981567
2014-08-22,94.449996948242,3594144
2014-08-25,94.440002441406,4614287
2014-08-26,94.110000610352,6394543
2014-08-27,94.650001525879,9027320
2014-08-28,94.139999389648,5497461
2014-08-29,93.720001220703,4640333
2014-09-02,92.800003051758,6736236
2014-09-03,93.139999389648,4865259
2014-09-04,93.01000213623,4849754
2014-09-05,93.069999694824,4011037
2014-09-08,92.5,5260721
2014-09-09,91.089996337891,9795162
2014-09-10,93.0,12031430
2014-09-11,92.959999084473,5964095
2014-09-12,93.339996337891,8033091
2014-09-15,93.470001220703,6254980
2014-09-16,93.75,5827958
2014-09-17,93.529998779297,5747402
2014-09-18,93.480003356934,5494150
2014-09-19,94.360000610352,9043095
2014-09-22,93.930000305176,4875669
2014-09-23,93.51000213623,4708175
2014-09-24,95.0,7817920
2014-09-25,94.160003662109,4578539
2014-09-26,94.699996948242,3462523
2014-09-29,96.220001220703,16489076
2014-09-30,94.809997558594,10036422
2014-10-01,94.190002441406,5339524
2014-10-02,94.120002746582,4123290
2014-10-03,94.860000610352,3948919
2014-10-06,93.839996337891,4278576
2014-10-07,92.809997558594,6095819
2014-10-08,93.830001831055,5593781
2014-10-09,92.720001220703,5069103
2014-10-10,92.300003051758,5846707
2014-10-13,90.730003356934,6182343
2014-10-14,91.099998474121,5539480
2014-10-15,90.440002441406,10469312
2014-10-16,89.910003662109,7526459
2014-10-17,91.040000915527,7074463
2014-10-20,91.589996337891,5408134
2014-10-21,91.01000213623,11422211
2014-10-22,90.940002441406,6455551
2014-10-23,91.019996643066,5966894
2014-10-24,91.669998168945,5263046
2014-10-27,92.01000213623,4078298
2014-10-28,92.599998474121,5083262
2014-10-29,92.730003356934,5300445
2014-10-30,93.379997253418,3965528
2014-10-31,93.730003356934,6800889
2014-11-03,93.610000610352,4069904
2014-11-04,94.470001220703,5802179
2014-11-05,94.639999389648,4123841
2014-11-06,94.660003662109,3597279
2014-11-07,95.099998474121,4674632
2014-11-10,95.110000610352,5123874
2014-11-11,95.139999389648,3429027
2014-11-12,95.330001831055,2725702
2014-11-13,95.480003356934,4099804
2014-11-14,96.209999084473,7793438
2014-11-17,95.970001220703,3596519
2014-11-18,96.410003662109,6268097
2014-11-19,96.559997558594,6631311
2014-11-20,96.639999389648,4551916
2014-11-21,96.680000305176,5483712
2014-11-24,97.169998168945,5222895
2014-11-25,97.0,5368952
2014-11-26,96.220001220703,3667981
2014-11-28,96.809997558594,3442853
2014-12-01,95.779998779297,5273749
2014-12-02,95.110000610352,10389676
2014-12-03,95.5,5324034
2014-12-04,95.660003662109,5365429
2014-12-05,96.309997558594,6209305
2014-12-08,92.610000610352,11792656
2014-12-09,91.360000610352,10066782
2014-12-10,90.0,12020817
2014-12-11,90.970001220703,8972720
2014-12-12,90.620002746582,8696756
2014-12-15,88.459999084473,10121636
2014-12-16,88.720001220703,15106676
2014-12-17,91.650001525879,14009957
2014-12-18,93.669998168945,11277129
2014-12-19,93.220001220703,10284328
2014-12-22,93.889999389648,5342248
2014-12-23,94.220001220703,3596392
2014-12-24,93.830001831055,1736839
2014-12-26,94.779998779297,3884255
2014-12-29,95.040000915527,4183224
2014-12-30,94.25,3257735
2014-12-31,93.699996948242,4589312
2015-01-02,93.26000213623,6019693
2015-01-05,92.230003356934,6211872
2015-01-06,92.400001525879,6484094
2015-01-07,94.01000213623,6400320
2015-01-08,94.360000610352,5476740
2015-01-09,93.209999084473,4283293
2015-01-12,93.01000213623,3989585
2015-01-13,92.830001831055,5971237
2015-01-14,91.540000915527,7745521
2015-01-15,91.379997253418,5737468
2015-01-16,91.48999786377,6926995
2015-01-20,90.800003051758,6967278
2015-01-21,90.339996337891,8682226
2015-01-22,90.889999389648,7536416
2015-01-23,89.559997558594,11495980
2015-01-26,90.669998168945,7753275
2015-01-27,89.569999694824,6640833
2015-01-28,88.779998779297,6921322
2015-01-29,93.269996643066,19146887
2015-01-30,92.440002441406,12385371
2015-02-02,92.51000213623,6751432
2015-02-03,93.919998168945,7373047
2015-02-04,94.050003051758,6464783
2015-02-05,94.339996337891,5564108
2015-02-06,93.98999786377,4662736
2015-02-09,92.720001220703,8203013
2015-02-10,94.019996643066,4697610
2015-02-11,94.209999084473,5153937
2015-02-12,95.089996337891,7910116
2015-02-13,95.650001525879,6762195
2015-02-17,94.349998474121,5971992
2015-02-18,94.580001831055,5617510
2015-02-19,94.190002441406,6312190
2015-02-20,94.190002441406,8154994
2015-02-23,94.309997558594,5681950
2015-02-24,94.980003356934,5643590
2015-02-25,98.660003662109,16751573
2015-02-26,99.51000213623,16098778
2015-02-27,98.900001525879,7552453
2015-03-02,100.0,12363347
2015-03-03,99.73999786377,8149729
2015-03-04,100.25,9179359
2015-03-05,99.110000610352,9438793
2015-03-06,97.129997253418,9677859
2015-03-09,97.709999084473,8460337
2015-03-10,96.290000915527,7838923
2015-03-11,94.959999084473,9391099
2015-03-12,96.25,8765071
2015-03-13,96.349998474121,5152750
2015-03-16,97.150001525879,4772244
2015-03-17,96.169998168945,4530709
2015-03-18,97.0,5830963
2015-03-19,95.980003356934,3615389
2015-03-20,97.050003051758,10014005
2015-03-23,98.620002746582,9232037
2015-03-24,99.360000610352,7549944
2015-03-25,98.139999389648,6030541
2015-03-26,97.639999389648,10445795
2015-03-27,96.959999084473,4642382
2015-03-30,97.879997253418,4074543
2015-03-31,97.440002441406,5616991
2015-04-01,96.290000915527,7484752
2015-04-02,95.830001831055,6614276
2015-04-06,96.279998779297,4501296
2015-04-07,96.349998474121,4443683
2015-04-08,96.849998474121,4445210
2015-04-09,96.550003051758,4790037
2015-04-10,97.800003051758,5937847
2015-04-13,97.440002441406,5197891
2015-04-14,97.580001831055,4961149
2015-04-15,96.440002441406,6604429
2015-04-16,95.629997253418,5071657
2015-04-17,94.879997253418,6933576
2015-04-20,96.180000305176,4382441
2015-04-21,94.870002746582,5981687
2015-04-22,97.839996337891,19254300
2015-04-23,97.0,6336484
2015-04-24,98.73999786377,7741339
2015-04-27,96.440002441406,7282677
2015-04-28,96.830001831055,4357419
2015-04-29,97.019996643066,5697231
2015-04-30,96.550003051758,8300290
2015-05-01,97.800003051758,6280298
2015-05-04,96.129997253418,8426262
2015-05-05,96.129997253418,7637026
2015-05-06,96.389999389648,6614471
2015-05-07,96.779998779297,5019232
2015-05-08,98.230003356934,7543054
2015-05-11,97.51000213623,4123700
2015-05-12,97.949996948242,4848072
2015-05-13,97.349998474121,6526893
2015-05-14,97.709999084473,4743954
2015-05-15,98.040000915527,7607217
2015-05-18,98.019996643066,4100835
2015-05-19,100.68000030518,10809150
2015-05-20,100.11000061035,6185077
2015-05-21,99.279998779297,4730442
2015-05-22,98.98999786377,4559491
2015-05-26,98.459999084473,7123129
2015-05-27,98.660003662109,8129531
2015-05-28,96.480003356934,10204033
2015-05-29,95.930000305176,6439140
2015-06-01,96.220001220703,4919173
2015-06-02,96.290000915527,4430255
2015-06-03,96.519996643066,4165709
2015-06-04,96.309997558594,4702848
2015-06-05,95.540000915527,3959308
2015-06-08,95.319999694824,4594648
2015-06-09,94.730003356934,7770880
2015-06-10,95.300003051758,4828577
2015-06-11,95.589996337891,4203867
2015-06-12,95.059997558594,3702368
2015-06-15,94.300003051758,5861757
2015-06-16,94.629997253418,3094773
2015-06-17,95.220001220703,3940986
2015-06-18,96.169998168945,5100999
2015-06-19,96.080001831055,8279349
2015-06-22,96.870002746582,3893258
2015-06-23,97.180000305176,4541658
2015-06-24,96.639999389648,3927133
2015-06-25,95.790000915527,4322309
2015-06-26,97.290000915527,6039506
2015-06-29,95.440002441406,8412817
2015-06-30,95.069999694824,6656019
2015-07-01,95.76000213623,4446181
2015-07-02,96.169998168945,3250897
2015-07-06,95.650001525879,3852466
2015-07-07,96.680000305176,4794388
2015-07-08,95.839996337891,4914297
2015-07-09,96.48999786377,5482465
2015-07-10,97.650001525879,5179204
2015-07-13,98.430000305176,4578676
2015-07-14,98.779998779297,5746119
2015-07-15,99.069999694824,7572526
2015-07-16,97.860000610352,7696176
2015-07-17,97.5,6429758
2015-07-20,97.48999786377,4947041
2015-07-21,97.319999694824,4206703
2015-07-22,97.580001831055,5392596
2015-07-23,97.089996337891,10380706
2015-07-24,96.099998474121,5554624
2015-07-27,96.040000915527,5818602
2015-07-28,97.330001831055,4862990
2015-07-29,98.209999084473,6006535
2015-07-30,99.169998168945,5372529
2015-07-31,99.860000610352,7646980
2015-08-03,99.419998168945,4427299
2015-08-04,99.139999389648,2842075
2015-08-05,99.800003051758,3560581
2015-08-06,99.349998474121,6740241
2015-08-07,98.919998168945,3463672
2015-08-10,99.389999389648,3994544
2015-08-11,98.809997558594,3584996
2015-08-12,98.279998779297,4207236
2015-08-13,99.370002746582,4636402
2015-08-14,99.269996643066,3185582
2015-08-17,100.66000366211,5204060
2015-08-18,100.76000213623,4257289
2015-08-19,101.09999847412,5988961
2015-08-20,99.76000213623,6668035
2015-08-21,97.129997253418,10979952
2015-08-24,92.870002746582,15074780
2015-08-25,91.209999084473,11468798
2015-08-26,95.150001525879,16439804
2015-08-27,97.330001831055,10187067
2015-08-28,96.25,5606013
2015-08-31,95.019996643066,5086647
2015-09-01,93.470001220703,7308379
2015-09-02,96.040000915527,6908059
2015-09-03,96.01000213623,6313887
2015-09-04,94.849998474121,4429092
2015-09-08,96.779998779297,5771063
2015-09-09,95.430000305176,5129373
2015-09-10,95.25,6210823
2015-09-11,97.410003662109,6656255
2015-09-14,96.970001220703,4557201
2015-09-15,98.190002441406,5142633
2015-09-16,98.690002441406,5198679
2015-09-17,97.839996337891,7954984
2015-09-18,97.050003051758,10492672
2015-09-21,97.900001525879,4543492
2015-09-22,97.199996948242,6254535
2015-09-23,97.379997253418,3035339
2015-09-24,97.290000915527,4138791
2015-09-25,97.589996337891,4825781
2015-09-28,95.959999084473,6609789
2015-09-29,97.480003356934,6944797
2015-09-30,98.529998779297,5517625
2015-10-01,98.779998779297,4456559
2015-10-02,99.790000915527,4400760
2015-10-05,101.16999816895,6501556
2015-10-06,101.90000152588,7252381
2015-10-07,101.76999664307,6530995
2015-10-08,102.94999694824,8218856
2015-10-09,102.76000213623,5756563
2015-10-12,103.23999786377,3448175
2015-10-13,103.37999725342,4697279
2015-10-14,102.81999969482,9093040
2015-10-15,103.66000366211,10168313
2015-10-16,104.81999969482,7168307
2015-10-19,104.48999786377,7064295
2015-10-20,103.83999633789,4872192
2015-10-21,102.54000091553,8308921
2015-10-22,110.87000274658,25286588
2015-10-23,112.58999633789,11677294
2015-10-26,112.18000030518,11478642
2015-10-27,111.63999938965,10013342
2015-10-28,112.94000244141,4390331
2015-10-29,112.62000274658,3752593
2015-10-30,112.25,6409469
2015-11-02,112.11000061035,5663034
2015-11-03,112.08000183105,4584932
2015-11-04,112.40000152588,6797075
2015-11-05,112.84999847412,5059117
2015-11-06,113.30999755859,4615631
2015-11-09,112.93000030518,8423804
2015-11-10,113.2200012207,12716508
2015-11-11,113.84999847412,8396833
2015-11-12,112.11000061035,5893840
2015-11-13,109.9700012207,8602406
2015-11-16,111.05999755859,6731754
2015-11-17,110.94000244141,6027620
2015-11-18,112.5299987793,5194490
2015-11-19,113.30000305176,5323499
2015-11-20,113.91000366211,6659387
2015-11-23,114.4700012207,4968405
2015-11-24,114.2799987793,6047679
2015-11-25,114.40000152588,7477153
2015-11-27,114.23000335693,2763685
2015-11-30,114.16000366211,7872034
2015-12-01,114.44999694824,5321941
2015-12-02,113.7200012207,5692204
2015-12-03,113.38999938965,6558595
2015-12-04,116.19999694824,7778164
2015-12-07,116.41999816895,4810666
2015-12-08,116.5299987793,4814227
2015-12-09,116.58000183105,7604711
2015-12-10,117.19999694824,5299897
2015-12-11,116.08000183105,5736380
2015-12-14,116.26000213623,7660702
2015-12-15,116.93000030518,6118270
2015-12-16,117.83999633789,6306287
2015-12-17,117.5,5275921
2015-12-18,116.66000366211,11238875
2015-12-21,117.69000244141,3344606
2015-12-22,117.7200012207,4091991
2015-12-23,118.80000305176,3641874
2015-12-24,118.56999969482,1659340
2015-12-28,118.75,2777327
2015-12-29,120.06999969482,3213942
2015-12-30,119.43000030518,2400802
2015-12-31,118.13999938965,3723186
2016-01-04,117.58000183105,9995004
2016-01-05,119.19999694824,6314015
2016-01-06,118.40000152588,6543760
2016-01-07,115.66000366211,7477876
2016-01-08,115.48000335693,6103431
2016-01-11,116.69000244141,6392820
2016-01-12,117.44000244141,5639728
2016-01-13,115.12000274658,6985962
2016-01-14,116.62000274658,9204523
2016-01-15,115.18000030518,10201938
2016-01-19,117.5,9195272
2016-01-20,115.7799987793,11905195
2016-01-21,117.83999633789,9839121
2016-01-22,118.40000152588,9016579
2016-01-25,119.19999694824,15141460
2016-01-26,120.43000030518,8326085
2016-01-27,120.87000274658,7408976
2016-01-28,122.37999725342,7460478
2016-01-29,123.7799987793,10549947
2016-02-01,124.61000061035,6189906
2016-02-02,123.94999694824,7652982
2016-02-03,121.4700012207,9326962
2016-02-04,120.66000366211,7595031
2016-02-05,115.40000152588,13261695
2016-02-08,116.05000305176,11311503
2016-02-09,117.01000213623,7525722
2016-02-10,117.54000091553,5726298
2016-02-11,116.73000335693,7568647
2016-02-12,117.93000030518,8552812
2016-02-16,119.18000030518,10835814
2016-02-17,118.63999938965,12728952
2016-02-18,117.16999816895,9707053
2016-02-19,116.5299987793,10793653
2016-02-22,117.66999816895,6223270
2016-02-23,116.90000152588,5276672
2016-02-24,117.05999755859,5349845
2016-02-25,118.37000274658,6033959
2016-02-26,117.05999755859,5193676
2016-02-29,117.19000244141,6467747
2016-03-01,118.84999847412,4731479
2016-03-02,118.48000335693,4267748
2016-03-03,116.69000244141,9131980
2016-03-04,117.18000030518,5857404
2016-03-07,117.15000152588,5640744
2016-03-08,118.41999816895,6236181
2016-03-09,119.63999938965,6428198
2016-03-10,119.98000335693,6171581
2016-03-11,121.55000305176,7042293
2016-03-14,122.90000152588,7912091
2016-03-15,123.43000030518,5061379
2016-03-16,123.51999664307,6716710
2016-03-17,123.16000366211,6108726
2016-03-18,124.08000183105,14783806
2016-03-21,123.80999755859,4050102
2016-03-22,123.81999969482,3494464
2016-03-23,124.19000244141,4143636
2016-03-24,123.29000091553,5797096
2016-03-28,123.16999816895,4784378
2016-03-29,123.9700012207,7188190
2016-03-30,125.83000183105,4853663
2016-03-31,125.68000030518,7685896
2016-04-01,127.01999664307,5212405
2016-04-04,127.56999969482,4239620
2016-04-05,127.37999725342,6282243
2016-04-06,127.51999664307,5619947
2016-04-07,128.13999938965,4720775
2016-04-08,127.95999908447,3625607
2016-04-11,127.55999755859,6973708
2016-04-12,127.61000061035,5211376
2016-04-13,126.88999938965,4985207
2016-04-14,127.51000213623,4834785
2016-04-15,127.7799987793,3103785
2016-04-18,128.85000610352,4525553
2016-04-19,128.86000061035,4606325
2016-04-20,128.55000305176,5006666
2016-04-21,125.79000091553,7947587
2016-04-22,125.5,9311250
2016-04-25,127.45999908447,6979925
2016-04-26,127.70999908447,4082343
2016-04-27,128.30000305176,4436223
2016-04-28,127.91999816895,3385801
2016-04-29,126.48999786377,6276920
2016-05-02,128.19999694824,4830848
2016-05-03,128.39999389648,4048446
2016-05-04,129.33000183105,6613656
2016-05-05,129.2799987793,4520014
2016-05-06,130.58000183105,4418401
2016-05-09,130.83000183105,5006830
2016-05-10,131.60000610352,4082597
2016-05-11,129.13999938965,6890220
2016-05-12,130.11999511719,4287051
2016-05-13,128.83000183105,6568694
2016-05-16,129.63999938965,4343605
2016-05-17,127.69000244141,5826181
2016-05-18,126.20999908447,7303212
2016-05-19,125.29000091553,6255136
2016-05-20,122.55999755859,9735863
2016-05-23,122.80999755859,7081628
2016-05-24,123.94999694824,4494691
2016-05-25,123.26000213623,5307678
2016-05-26,123.79000091553,3716320
2016-05-27,123.25,3222830
2016-05-31,122.05999755859,7995178
2016-06-01,121.9700012207,5057195
2016-06-02,121.16999816895,4740240
2016-06-03,121.34999847412,4643011
2016-06-06,122.0,4901956
2016-06-07,121.90000152588,4562104
2016-06-08,122.11000061035,3925901
2016-06-09,122.79000091553,4583522
2016-06-10,122.36000061035,4347385
2016-06-13,122.98999786377,5436736
2016-06-14,122.51000213623,6351355
2016-06-15,122.25,4168099
2016-06-16,122.4700012207,3931956
2016-06-17,122.26999664307,8331396
2016-06-20,123.41999816895,5951035
2016-06-21,122.62999725342,4749755
2016-06-22,120.62000274658,6578905
2016-06-23,121.20999908447,3832757
2016-06-24,119.44000244141,6985935
2016-06-27,116.30000305176,14159800
2016-06-28,118.5,6172978
2016-06-29,119.48999786377,5020404
2016-06-30,120.33999633789,4808068
2016-07-01,120.40000152588,3798100
2016-07-05,120.76000213623,5191103
2016-07-06,120.62999725342,5102758
2016-07-07,120.91999816895,3621346
2016-07-08,121.30999755859,3809635
2016-07-11,122.0,4266347
2016-07-12,122.25,3742030
2016-07-13,122.81999969482,3464177
2016-07-14,123.93000030518,6011933
2016-07-15,123.61000061035,3688425
2016-07-18,123.80000305176,5254727
2016-07-19,126.5,6277670
2016-07-20,126.05999755859,3353313
2016-07-21,127.18000030518,3596912
2016-07-22,128.25999450684,4304163
2016-07-25,127.40000152588,6210059
2016-07-26,121.70999908447,14563682
2016-07-27,119.48000335693,9939199
2016-07-28,119.41999816895,6239355
2016-07-29,117.65000152588,7460860
2016-08-01,118.01000213623,4208757
2016-08-02,117.69999694824,4504168
2016-08-03,117.51999664307,4120014
2016-08-04,118.30000305176,4313219
2016-08-05,119.20999908447,3883771
2016-08-08,118.29000091553,3589327
2016-08-09,118.30999755859,3491668
2016-08-10,118.80000305176,2941743
2016-08-11,119.37999725342,3490215
2016-08-12,119.51999664307,3015659
2016-08-15,118.51999664307,3391619
2016-08-16,117.94000244141,3333942
2016-08-17,117.09999847412,5184865
2016-08-18,117.12999725342,3710532
2016-08-19,115.01000213623,7065676
2016-08-22,115.41999816895,4484694
2016-08-23,115.19000244141,4305419
2016-08-24,114.87000274658,4135442
2016-08-25,115.43000030518,6694088
2016-08-26,114.44000244141,5294499
2016-08-29,115.41000366211,4982952
2016-08-30,115.36000061035,5085332
2016-08-31,115.66000366211,5394668
2016-09-01,115.40000152588,3966619
2016-09-02,115.83000183105,3410123
2016-09-06,117.25,6337938
2016-09-07,116.91999816895,2647685
2016-09-08,116.16999816895,3085582
2016-09-09,114.58000183105,4961070
2016-09-12,115.94999694824,5014014
2016-09-13,114.73000335693,4162162
2016-09-14,115.18000030518,4530713
2016-09-15,116.13999938965,3674687
2016-09-16,115.2799987793,9500452
2016-09-19,115.20999908447,3741507
2016-09-20,116.44999694824,3841800
2016-09-21,116.93000030518,4528903
2016-09-22,117.36000061035,3808802
2016-09-23,117.16999816895,2775956
2016-09-26,116.5299987793,3022356
2016-09-27,116.87999725342,3745396
2016-09-28,115.18000030518,5638874
2016-09-29,114.79000091553,4924448
2016-09-30,115.36000061035,4188694
2016-10-03,114.63999938965,3085770
2016-10-04,113.5,4742913
2016-10-05,113.41000366211,3720334
2016-10-06,113.91999816895,3899954
2016-10-07,113.44999694824,4153139
2016-10-10,114.70999908447,3290302
2016-10-11,113.68000030518,3943282
2016-10-12,114.70999908447,3340166
2016-10-13,115.41000366211,4464728
2016-10-14,114.08999633789,5312532
2016-10-17,112.41000366211,5655748
2016-10-18,111.25,6198363
2016-10-19,111.26000213623,6433443
2016-10-20,110.56999969482,7250742
2016-10-21,113.93000030518,10108048
2016-10-24,113.56999969482,6173488
2016-10-25,112.7200012207,4878955
2016-10-26,112.11000061035,3763114
2016-10-27,112.08000183105,2960726
2016-10-28,112.09999847412,3304686
2016-10-31,112.56999969482,4181577
2016-11-01,112.25,3935634
2016-11-02,112.38999938965,3512534
2016-11-03,111.7200012207,3890687
2016-11-04,111.04000091553,3457385
2016-11-07,112.81999969482,3842380
2016-11-08,114.11000061035,3300157
2016-11-09,114.98000335693,5099493
2016-11-10,114.51000213623,4437714
2016-11-11,114.2200012207,4331192
2016-11-14,117.86000061035,7093249
2016-11-15,118.31999969482,4447865
2016-11-16,119.20999908447,5371085
2016-11-17,119.44999694824,2836645
2016-11-18,120.0,3655358
2016-11-21,119.5,3603269
2016-11-22,119.69000244141,3699103
2016-11-23,120.13999938965,2872059
2016-11-25,120.66000366211,1709105
2016-11-28,121.81999969482,5931717
2016-11-29,120.68000030518,6370935
2016-11-30,119.26999664307,5696096
2016-12-01,118.4700012207,4444978
2016-12-02,118.23999786377,3348723
2016-12-05,119.29000091553,5191935
2016-12-06,119.25,3367984
2016-12-07,119.91999816895,4059907
2016-12-08,120.44999694824,3255709
2016-12-09,121.26000213623,2623713
2016-12-12,121.73999786377,4172434
2016-12-13,122.68000030518,4307966
2016-12-14,122.83999633789,4967405
2016-12-15,122.36000061035,4402760
2016-12-16,123.23999786377,10793788
2016-12-19,122.98999786377,3545487
2016-12-20,123.33000183105,2768822
2016-12-21,123.18000030518,2762883
2016-12-22,123.7200012207,3037126
2016-12-23,123.13999938965,2164391
2016-12-27,123.06999969482,1919649
2016-12-28,122.68000030518,1980189
2016-12-29,122.79000091553,1943461
2016-12-30,121.7200012207,3574609
2017-01-03,119.62000274658,5123752
2017-01-04,119.48000335693,3780783
2017-01-05,119.69999694824,4261070
2017-01-06,120.76000213623,4089186
2017-01-09,120.43000030518,3021844
2017-01-10,120.25,3108394
2017-01-11,120.87999725342,3565185
2017-01-12,122.09999847412,3480802
2017-01-13,121.5,2877498
2017-01-17,122.75,4077567
2017-01-18,122.70999908447,3395003
2017-01-19,122.18000030518,3155158
2017-01-20,122.26000213623,4887114
2017-01-23,121.37999725342,7022556
2017-01-24,121.05000305176,3495211
2017-01-25,121.79000091553,3968263
2017-01-26,121.87999725342,2497470
2017-01-27,122.86000061035,3592676
2017-01-30,123.01999664307,3777994
2017-01-31,122.56999969482,3733323
2017-02-01,122.41999816895,3233576
2017-02-02,123.2200012207,3236564
2017-02-03,124.23999786377,3183438
2017-02-06,124.44999694824,2760306
2017-02-07,124.58999633789,2847175
2017-02-08,124.66999816895,2835161
2017-02-09,124.48000335693,2493605
2017-02-10,125.81999969482,3681436
2017-02-13,125.54000091553,2993779
2017-02-14,125.80999755859,2663089
2017-02-15,126.48000335693,2974932
2017-02-16,126.69999694824,3006011
2017-02-17,127.80000305176,3677392
2017-02-21,128.03999328613,4495173
2017-02-22,127.84999847412,3670720
2017-02-23,128.27000427246,3177951
2017-02-24,128.64999389648,3537175
2017-02-27,126.98999786377,5184016
2017-02-28,127.65000152588,4619284
2017-03-01,129.05000305176,5471550
2017-03-02,128.22999572754,6738068
2017-03-03,127.90000152588,4071613
2017-03-06,128.0299987793,3271529
2017-03-07,128.07000732422,3332350
2017-03-08,128.08999633789,3571805
2017-03-09,128.13999938965,3266027
2017-03-10,127.98000335693,3178943
2017-03-13,127.61000061035,3130804
2017-03-14,127.80000305176,2492670
2017-03-15,127.87999725342,3529288
2017-03-16,127.98000335693,3945669
2017-03-17,128.63999938965,12532692
2017-03-20,128.7799987793,3415501
2017-03-21,128.52000427246,4062394
2017-03-22,129.10000610352,3174246
2017-03-23,129.0,2774527
2017-03-24,129.33999633789,3568234
2017-03-27,129.49000549316,2540421
2017-03-28,129.44999694824,3487426
2017-03-29,128.83999633789,3197762
2017-03-30,129.32000732422,2018028
2017-03-31,129.61000061035,3041677
2017-04-03,129.61000061035,3287117
2017-04-04,129.28999328613,3413965
2017-04-05,130.41000366211,4052194
2017-04-06,130.14999389648,3857127
2017-04-07,129.96000671387,2176598
2017-04-10,129.97999572754,2709287
2017-04-11,131.19999694824,3677631
2017-04-12,131.25999450684,3195534
2017-04-13,130.75999450684,2429242
2017-04-17,131.35000610352,3236373
2017-04-18,132.30000305176,3617373
2017-04-19,132.63999938965,3132760
2017-04-20,133.27000427246,2697250
2017-04-21,133.41000366211,3466098
2017-04-24,134.22999572754,5040990
2017-04-25,141.69999694824,10893766
2017-04-26,140.83999633789,7132234
2017-04-27,140.86999511719,5183662
2017-04-28,139.92999267578,4779887
2017-05-01,141.14999389648,3747202
2017-05-02,141.22999572754,3774136
2017-05-03,142.61999511719,4278614
2017-05-04,143.44999694824,4178808
2017-05-05,143.96000671387,2452736
2017-05-08,144.24000549316,2813463
2017-05-09,144.36000061035,3053786
2017-05-10,144.52000427246,2273313
2017-05-11,144.21000671387,1941939
2017-05-12,145.36000061035,2747921
2017-05-15,146.2799987793,3332792
2017-05-16,147.28999328613,3540887
2017-05-17,146.41000366211,3875597
2017-05-18,147.00999450684,2730870
2017-05-19,148.14999389648,4071176
2017-05-22,148.19000244141,3294675
2017-05-23,147.82000732422,3262308
2017-05-24,149.5,3390450
2017-05-25,149.7799987793,3408113
2017-05-26,149.86000061035,3258239
2017-05-30,149.92999267578,3113940
2017-05-31,150.88999938965,6415744
2017-06-01,152.38999938965,4349787
2017-06-02,153.74000549316,4316652
2017-06-05,152.78999328613,2633659
2017-06-06,151.22999572754,3661935
2017-06-07,151.94000244141,2922873
2017-06-08,151.42999267578,3709866
2017-06-09,151.47999572754,4143139
2017-06-12,148.4700012207,5902610
2017-06-13,149.82000732422,4267682
2017-06-14,150.67999267578,2675487
2017-06-15,151.16999816895,2517538
2017-06-16,151.99000549316,5443905
2017-06-19,153.13999938965,3263818
2017-06-20,154.07000732422,3614426
2017-06-21,153.72999572754,2448456
2017-06-22,154.80000305176,2003838
2017-06-23,154.63999938965,2214734
2017-06-26,153.96000671387,2360865
2017-06-27,153.7200012207,2139026
2017-06-28,154.30000305176,1302825
2017-06-29,153.13000488281,1975891
2017-06-30,153.16000366211,2508213
2017-07-03,152.5,1100668
2017-07-05,153.07000732422,2497334
2017-07-06,153.08999633789,2019798
2017-07-07,156.27000427246,4117750
2017-07-10,155.52000427246,2402682
2017-07-11,154.91000366211,2008830
2017-07-12,156.58000183105,2094889
2017-07-13,155.03999328613,3169726
2017-07-14,155.2799987793,2440151
2017-07-17,155.25999450684,2408743
2017-07-18,153.96000671387,3890738
2017-07-19,153.88999938965,3072177
2017-07-20,154.21000671387,2240178
2017-07-21,153.91999816895,3522350
2017-07-24,151.85000610352,5307438
2017-07-25,159.07000732422,9511383
2017-07-26,156.50999450684,4678963
2017-07-27,156.94999694824,4624114
2017-07-28,155.85000610352,3964456
2017-07-31,155.13999938965,4280364
2017-08-01,154.03999328613,4185050
2017-08-02,156.58999633789,3325986
2017-08-03,154.7200012207,3666110
2017-08-04,153.82000732422,4435402
2017-08-07,154.9700012207,3252104
2017-08-08,154.91999816895,4234291
2017-08-09,154.91999816895,3006466
2017-08-10,156.61999511719,3874541
2017-08-11,157.30000305176,2925044
2017-08-14,157.25999450684,2809051
2017-08-15,157.61999511719,2160072
2017-08-16,158.89999389648,2921762
2017-08-17,157.88999938965,3071602
2017-08-18,157.75999450684,2595695
2017-08-21,158.36000061035,2195074
2017-08-22,159.63999938965,2122581
2017-08-23,158.80999755859,2190674
2017-08-24,158.41000366211,1634784
2017-08-25,158.82000732422,2019582
2017-08-28,159.66999816895,2027283
2017-08-29,159.38000488281,3283371
2017-08-30,159.5299987793,2236471
2017-08-31,159.9700012207,2717014
2017-09-01,159.80999755859,1878291
2017-09-05,159.10000610352,4005591
2017-09-06,158.2200012207,4143348
2017-09-07,159.89999389648,2965378
2017-09-08,159.71000671387,2984223
2017-09-11,161.5299987793,2333557
2017-09-12,156.33000183105,10324140
2017-09-13,157.0,4705601
2017-09-14,157.0,3109655
2017-09-15,156.91999816895,7425112
2017-09-18,156.67999267578,3832243
2017-09-19,157.42999267578,3554601
2017-09-20,159.88000488281,3641093
2017-09-21,159.0299987793,2503437
2017-09-22,158.91000366211,2442658
2017-09-25,156.25999450684,3661538
2017-09-26,153.35000610352,6420043
2017-09-27,154.05000305176,3915940
2017-09-28,157.49000549316,4210238
2017-09-29,156.67999267578,3670057
2017-10-02,156.96000671387,2406969
2017-10-03,156.86000061035,2188429
2017-10-04,157.21000671387,1823061
2017-10-05,158.80000305176,2796033
2017-10-06,159.60000610352,3548478
2017-10-09,160.11999511719,2120035
2017-10-10,160.58000183105,2910445
2017-10-11,163.14999389648,3572512
2017-10-12,163.91000366211,3023607
2017-10-13,165.36999511719,2957929
2017-10-16,165.00999450684,2133063
2017-10-17,165.39999389648,2379725
2017-10-18,165.77000427246,2798259
2017-10-19,166.5,2478221
2017-10-20,166.30000305176,5577713
2017-10-23,163.33999633789,6214780
2017-10-24,163.88000488281,7855167
2017-10-25,163.58000183105,3716202
2017-10-26,164.00999450684,2934412
2017-10-27,165.38999938965,2298244
2017-10-30,166.22999572754,2050964
2017-10-31,166.91000366211,2873004
2017-11-01,166.36999511719,2186059
2017-11-02,168.10000610352,2290972
2017-11-03,168.64999389648,1960340
2017-11-06,170.07000732422,3088388
2017-11-07,170.77000427246,2506006
2017-11-08,170.10000610352,2605530
2017-11-09,167.0,4218989
2017-11-10,165.58999633789,4226775
2017-11-13,167.36999511719,2605607
2017-11-14,168.11000061035,2180883
2017-11-15,167.32000732422,2019256
2017-11-16,168.08999633789,2293402
2017-11-17,166.7200012207,2221422
2017-11-20,166.92999267578,2442260
2017-11-21,168.30000305176,2653109
2017-11-22,169.05000305176,2719456
2017-11-24,169.11000061035,963233
2017-11-27,168.96000671387,2082561
2017-11-28,171.33999633789,2909928
2017-11-29,170.42999267578,4590301
2017-11-30,171.9700012207,6023705
2017-12-01,172.86999511719,4279176
2017-12-04,170.64999389648,3943113
2017-12-05,172.99000549316,3228719
2017-12-06,173.47999572754,2619230
2017-12-07,172.91000366211,2284815
2017-12-08,173.14999389648,2241149
2017-12-11,173.25,2340780
2017-12-12,172.22999572754,2805872
2017-12-13,173.55000305176,2554009
2017-12-14,173.13999938965,2667075
2017-12-15,174.05999755859,7435241
2017-12-18,174.19999694824,2426273
2017-12-19,173.38999938965,3122460
2017-12-20,172.16999816895,2749398
2017-12-21,171.85000610352,2343276
2017-12-22,171.41999816895,3234143
2017-12-26,171.28999328613,1280227
2017-12-27,172.66999816895,1596817
2017-12-28,173.10000610352,1800068
2017-12-29,172.11999511719,2201771
2018-01-02,173.2200012207,3696871
2018-01-03,172.49000549316,3789590
2018-01-04,173.69999694824,2756369
2018-01-05,174.05000305176,3737690
2018-01-08,173.92999267578,2060827
2018-01-09,173.53999328613,2674280
2018-01-10,173.50999450684,2173176
2018-01-11,173.38999938965,3077963
2018-01-12,173.57000732422,2901615
2018-01-16,173.67999267578,3662624
2018-01-17,174.97999572754,4129573
2018-01-18,174.57000732422,2154754
2018-01-19,176.11999511719,3746267
2018-01-22,176.21000671387,3217879
2018-01-23,176.80999755859,3197644
2018-01-24,176.11999511719,2810819
2018-01-25,175.66000366211,2815838
2018-01-26,178.36000061035,3957724
2018-01-29,177.77000427246,6091905
2018-01-30,172.47999572754,9612974
2018-01-31,171.13999938965,7004176
2018-02-01,171.89999389648,4751328
2018-02-02,169.38000488281,4604454
2018-02-05,163.85000610352,7309275
2018-02-06,165.17999267578,7019960
2018-02-07,165.71000671387,4974029
2018-02-08,158.9700012207,5655988
2018-02-09,160.80000305176,7187079
2018-02-12,163.89999389648,5255925
2018-02-13,162.39999389648,5405988
2018-02-14,159.99000549316,5865565
2018-02-15,160.7799987793,5012104
2018-02-16,157.78999328613,7165793
2018-02-20,157.16000366211,5211141
2018-02-21,158.63999938965,7833396
2018-02-22,160.66000366211,4398165
2018-02-23,163.05999755859,4272364
2018-02-26,163.58000183105,4525196
2018-02-27,160.66000366211,4907530
2018-02-28,157.74000549316,6116820
2018-03-01,155.69999694824,5608962
2018-03-02,148.27000427246,11754262
2018-03-05,151.0299987793,6397841
2018-03-06,151.19999694824,5015408
2018-03-07,152.38000488281,4492049
2018-03-08,154.44000244141,4291386
2018-03-09,157.24000549316,5076480
2018-03-12,157.74000549316,4461502
2018-03-13,158.2200012207,4333091
2018-03-14,158.24000549316,3878961
2018-03-15,161.61000061035,5925708
2018-03-16,162.36000061035,14293754
2018-03-19,159.00999450684,4307627
2018-03-20,159.38000488281,3105129
2018-03-21,158.66000366211,3871947
2018-03-22,157.03999328613,3669437
2018-03-23,154.97999572754,3447383
2018-03-26,158.00999450684,3476951
2018-03-27,157.47999572754,3519139
2018-03-28,158.41000366211,3913249
2018-03-29,156.38000488281,5289487
2018-04-02,157.7200012207,6960137
2018-04-03,160.39999389648,4719350
2018-04-04,161.72999572754,4888038
2018-04-05,163.94999694824,4503889
2018-04-06,161.25,4321878
2018-04-09,161.22999572754,3581531
2018-04-10,162.77000427246,3926051
2018-04-11,163.33999633789,2711129
2018-04-12,161.61999511719,5178889
2018-04-13,161.72999572754,2452777
2018-04-16,161.63000488281,3115186
2018-04-17,162.55000305176,2861915
2018-04-18,161.80999755859,2503128
2018-04-19,159.5299987793,3276623
2018-04-20,158.77000427246,3961213
2018-04-23,158.99000549316,3051878
2018-04-24,157.32000732422,2904359
2018-04-25,155.94000244141,3710228
2018-04-26,158.89999389648,3680630
2018-04-27,158.30000305176,4141496
2018-04-30,167.44000244141,12954744
2018-05-01,163.44000244141,6560143
2018-05-02,160.67999267578,4318436
2018-05-03,160.08000183105,3450094
2018-05-04,165.0299987793,4283643
2018-05-07,165.0,3378990
2018-05-08,164.77000427246,2808116
2018-05-09,164.24000549316,2762488
2018-05-10,165.07000732422,1675139
2018-05-11,165.38999938965,2258462
2018-05-14,164.7200012207,2537289
2018-05-15,163.05999755859,3471278
2018-05-16,162.86999511719,2522035
2018-05-17,161.30999755859,2975505
2018-05-18,160.97999572754,2318045
2018-05-21,161.47999572754,2424012
2018-05-22,159.44999694824,3224003
2018-05-23,161.61999511719,3835129
2018-05-24,162.38999938965,3378040
2018-05-25,163.21000671387,2582090
2018-05-29,160.61999511719,3197053
2018-05-30,161.82000732422,2396547
2018-05-31,160.00999450684,4881141
2018-06-01,159.16000366211,3203782
2018-06-04,160.2200012207,3174562
2018-06-05,159.47999572754,2952304
2018-06-06,162.38000488281,3586190
2018-06-07,169.47999572754,8342535
2018-06-08,168.91000366211,5056578
2018-06-11,166.49000549316,3246464
2018-06-12,166.72999572754,2985260
2018-06-13,166.58000183105,3140508
2018-06-14,167.05000305176,2389963
2018-06-15,166.46000671387,7384360
2018-06-18,166.2799987793,4297727
2018-06-19,164.9700012207,3350429
2018-06-20,162.55999755859,3649511
2018-06-21,160.5299987793,4655807
2018-06-22,164.55000305176,10927291
2018-06-25,159.80999755859,6126774
2018-06-26,160.91000366211,3375117
2018-06-27,157.41999816895,4962140
2018-06-28,156.32000732422,4136532
2018-06-29,156.69000244141,4024512
2018-07-02,156.86999511719,3023959
2018-07-03,156.47999572754,1437699
2018-07-05,157.32000732422,2248320
2018-07-06,159.41999816895,3441328
2018-07-09,159.94000244141,2477291
2018-07-10,160.61999511719,2187530
2018-07-11,158.61999511719,3203795
2018-07-12,159.11999511719,2360824
2018-07-13,158.50999450684,5187544
2018-07-16,158.7799987793,2818313
2018-07-17,159.75,1877482
2018-07-18,157.92999267578,3824040
2018-07-19,157.41000366211,4869720
2018-07-20,157.9700012207,2697080
2018-07-23,158.75,2754730
2018-07-24,157.94000244141,3388383
2018-07-25,158.88999938965,4369823
2018-07-26,156.13999938965,7409782
2018-07-27,157.47999572754,4287282
2018-07-30,158.63999938965,3274878
2018-07-31,157.53999328613,3530344
2018-08-01,156.91999816895,4253003
2018-08-02,155.41000366211,6245890
2018-08-03,156.21000671387,3673120
2018-08-06,156.7200012207,2375200
2018-08-07,156.03999328613,1929394
2018-08-08,158.91999816895,2988536
2018-08-09,159.30000305176,2764451
2018-08-10,158.67999267578,3343459
2018-08-13,158.13999938965,2879590
2018-08-14,160.60000610352,3111910
2018-08-15,159.88000488281,3355474
2018-08-16,161.72999572754,2822325
2018-08-17,161.14999389648,2527422
2018-08-20,161.67999267578,2659503
2018-08-21,161.03999328613,1920897
2018-08-22,160.55000305176,2361539
2018-08-23,159.05000305176,2755807
2018-08-24,159.38000488281,2199440
2018-08-27,160.47999572754,2627116
2018-08-28,161.63999938965,2138158
2018-08-29,163.11000061035,3168231
2018-08-30,162.80000305176,3038737
2018-08-31,162.22999572754,3649768
2018-09-04,161.7200012207,3296272
2018-09-05,163.24000549316,2749174
2018-09-06,163.74000549316,3133754
2018-09-07,163.89999389648,2868309
2018-09-10,165.07000732422,3080082
2018-09-11,164.61999511719,2946393
2018-09-12,164.74000549316,2613354
2018-09-13,162.39999389648,3663571
2018-09-14,160.83999633789,3939824
2018-09-17,158.13999938965,5360039
2018-09-18,157.77000427246,3722864
2018-09-19,159.17999267578,2821953
2018-09-20,160.78999328613,3218707
2018-09-21,165.30000305176,8805474
2018-09-24,163.30999755859,4375289
2018-09-25,166.41000366211,5282930
2018-09-26,165.75999450684,3092556
2018-09-27,166.5299987793,2390670
2018-09-28,167.28999328613,3390221
2018-10-01,166.66999816895,3126616
2018-10-02,165.17999267578,3071198
2018-10-03,164.66000366211,3830275
2018-10-04,165.80000305176,3230440
2018-10-05,166.57000732422,2822503
2018-10-08,167.77000427246,2560488
2018-10-09,169.83000183105,4158072
2018-10-10,168.36999511719,4190540
2018-10-11,162.9700012207,5430672
2018-10-12,163.82000732422,3446093
2018-10-15,163.66999816895,4265948
2018-10-16,164.07000732422,4094663
2018-10-17,166.77000427246,3608363
2018-10-18,166.80999755859,3378587
2018-10-19,167.49000549316,3509973
2018-10-22,166.63000488281,5703547
2018-10-23,177.14999389648,12918331
2018-10-24,177.35000610352,7866377
2018-10-25,175.30999755859,4646367
2018-10-26,173.33999633789,4741914
2018-10-29,173.22999572754,3485180
2018-10-30,178.49000549316,5582931
2018-10-31,176.89999389648,5424712
2018-11-01,174.88000488281,3701151
2018-11-02,176.75,4190863
2018-11-05,180.38999938965,4747298
2018-11-06,182.71000671387,4864654
2018-11-07,184.25,4363930
2018-11-08,185.47999572754,3318599
2018-11-09,185.94000244141,3237062
2018-11-12,184.36999511719,3080753
2018-11-13,184.00999450684,2358173
2018-11-14,183.85000610352,3407486
2018-11-15,183.55999755859,3351256
2018-11-16,187.58999633789,3759462
2018-11-19,186.7200012207,3745905
2018-11-20,183.71000671387,3708429
2018-11-21,182.7200012207,3410745
2018-11-23,181.92999267578,1747670
2018-11-26,183.88999938965,3843322
2018-11-27,184.63000488281,2194245
2018-11-28,187.85000610352,3279454
2018-11-29,189.25999450684,4617087
2018-11-30,188.50999450684,6635621
2018-12-03,185.36999511719,4399266
2018-12-04,185.03999328613,4436191
2018-12-06,185.44999694824,4878006
2018-12-07,182.96000671387,3087954
2018-12-10,184.64999389648,3084968
2018-12-11,183.58999633789,2889144
2018-12-12,183.47999572754,3024671
2018-12-13,186.42999267578,2737514
2018-12-14,183.28999328613,4450192
2018-12-17,180.78999328613,4566870
2018-12-18,179.71000671387,4268985
2018-12-19,179.16000366211,3883791
2018-12-20,173.67999267578,5775271
2018-12-21,174.14999389648,8536938
2018-12-24,170.2799987793,2400878
2018-12-26,174.0299987793,4065567
2018-12-27,175.71000671387,3934478
2018-12-28,175.55999755859,2896778
2018-12-31,177.57000732422,2482576
2019-01-02,176.05999755859,2571462
2019-01-03,174.89999389648,3728238
2019-01-04,178.2799987793,3194259
2019-01-07,180.2200012207,3282952
2019-01-08,180.60000610352,2941377
2019-01-09,180.28999328613,2680712
2019-01-10,181.55000305176,2498483
2019-01-11,182.36999511719,2348922
2019-01-14,181.2200012207,1886302
2019-01-15,181.02000427246,3860212
2019-01-16,179.35000610352,3376029
2019-01-17,181.11000061035,3061038
2019-01-18,182.57000732422,3497959
2019-01-22,184.57000732422,3190315
2019-01-23,186.08999633789,2530657
2019-01-24,187.36999511719,3214190
2019-01-25,184.0,4408751
2019-01-28,183.60000610352,4138677
2019-01-29,182.16999816895,3666741
2019-01-30,181.77000427246,9489921
2019-01-31,178.7799987793,10440122
2019-02-01,176.7200012207,6529191
2019-02-04,177.55000305176,4533792
2019-02-05,177.57000732422,4495881
2019-02-06,176.17999267578,3965233
2019-02-07,175.2799987793,4176269
2019-02-08,174.75,4051647
2019-02-11,174.25999450684,3216447
2019-02-12,173.9700012207,4692769
2019-02-13,174.14999389648,5283032
2019-02-14,175.86999511719,4428976
2019-02-15,179.9700012207,4648604
2019-02-19,179.25,4765391
2019-02-20,180.49000549316,3707411
2019-02-21,182.80999755859,4391022
2019-02-22,183.16999816895,3073495
2019-02-25,182.61000061035,3090787
2019-02-26,183.21000671387,2219087
2019-02-27,183.36000061035,2261701
2019-02-28,183.83999633789,3298206
2019-03-01,185.05000305176,2690988
2019-03-04,180.58999633789,4899760
2019-03-05,181.35000610352,3362509
2019-03-06,182.0299987793,2083946
2019-03-07,180.52000427246,3268106
2019-03-08,179.5,2757219
2019-03-11,181.08000183105,2071481
2019-03-12,181.83000183105,2191830
2019-03-13,182.05999755859,2612135
2019-03-14,182.74000549316,2375444
2019-03-15,185.33000183105,6010520
2019-03-18,183.94999694824,3669226
2019-03-19,183.11000061035,4102771
2019-03-20,184.9700012207,3522394
2019-03-21,186.36999511719,2830192
2019-03-22,186.80999755859,3319613
2019-03-25,185.7200012207,2651646
2019-03-26,187.47999572754,2609558
2019-03-27,187.50999450684,1684775
2019-03-28,189.38999938965,1977103
2019-03-29,189.89999389648,2951993
2019-04-01,188.38999938965,3195051
2019-04-02,188.35000610352,1798034
2019-04-03,188.35000610352,2512264
2019-04-04,189.86999511719,2324932
2019-04-05,190.71000671387,2438651
2019-04-08,189.85000610352,2290381
2019-04-09,190.08000183105,2279856
2019-04-10,189.2200012207,2406813
2019-04-11,188.88000488281,1740357
2019-04-12,191.60000610352,3238816
2019-04-15,191.85000610352,1973531
2019-04-16,191.69999694824,1559227
2019-04-17,191.61000061035,1875019
2019-04-18,194.91000366211,2918415
2019-04-22,193.91999816895,1738426
2019-04-23,195.25999450684,2192975
2019-04-24,197.63000488281,3070150
2019-04-25,197.92999267578,2040998
2019-04-26,197.41999816895,2302119
2019-04-29,197.11999511719,3456076
2019-04-30,197.57000732422,6162285
2019-05-01,194.16999816895,4059612
2019-05-02,194.61000061035,2417953
2019-05-03,197.52000427246,2915210
2019-05-06,198.89999389648,2371253
2019-05-07,198.03999328613,3072542
2019-05-08,198.0299987793,2040919
2019-05-09,197.72999572754,1923655
2019-05-10,199.99000549316,2668932
2019-05-13,199.0299987793,2809429
2019-05-14,198.00999450684,2787732
2019-05-15,199.07000732422,1898987
2019-05-16,199.99000549316,2520899
2019-05-17,199.2200012207,2239574
2019-05-20,198.99000549316,2217366
2019-05-21,199.83999633789,2264591
2019-05-22,199.96000671387,1760440
2019-05-23,198.9700012207,3560545
2019-05-24,197.77000427246,2105755
2019-05-28,196.66999816895,3675164
2019-05-29,196.02000427246,2925087
2019-05-30,199.24000549316,2685006
2019-05-31,198.27000427246,3669172
2019-06-03,198.7799987793,3211789
2019-06-04,199.63000488281,3829903
2019-06-05,200.13000488281,4294736
2019-06-06,203.05000305176,4657847
2019-06-07,205.47999572754,4345037
2019-06-10,201.30000305176,4647536
2019-06-11,203.25999450684,2991501
2019-06-12,204.92999267578,2874338
2019-06-13,204.49000549316,2277781
2019-06-14,205.28999328613,2715937
2019-06-17,203.80999755859,2694576
2019-06-18,204.50999450684,2470933
2019-06-19,204.55000305176,2328409
2019-06-20,205.11999511719,2162164
2019-06-21,204.25999450684,4267398
2019-06-24,203.91999816895,2486835
2019-06-25,205.71000671387,3020965
2019-06-26,204.55000305176,2576000
2019-06-27,206.27000427246,2253671
2019-06-28,207.66000366211,3658196
2019-07-01,206.30000305176,2692857
2019-07-02,209.58000183105,3120250
2019-07-03,212.80999755859,2306040
2019-07-05,211.24000549316,1876180
2019-07-08,212.16000366211,1818123
2019-07-09,212.08999633789,1619149
2019-07-10,213.0,1842288
2019-07-11,212.69000244141,1922802
2019-07-12,212.99000549316,1960149
2019-07-15,214.21000671387,2408827
2019-07-16,213.7200012207,2380836
2019-07-17,213.71000671387,1698600
2019-07-18,215.91000366211,2261628
2019-07-19,213.86999511719,2860462
2019-07-22,215.0,2580634
2019-07-23,214.30999755859,2503582
2019-07-24,212.7799987793,2971648
2019-07-25,214.44000244141,3788976
2019-07-26,215.58000183105,5029324
2019-07-29,214.97999572754,4278616
2019-07-30,212.33999633789,2808503
2019-07-31,210.7200012207,4048787
2019-08-01,211.25,3232059
2019-08-02,214.47999572754,3517803
2019-08-05,210.44999694824,3685561
2019-08-06,214.08000183105,2970342
2019-08-07,216.83000183105,3767220
2019-08-08,218.00999450684,3724277
2019-08-09,221.14999389648,3783954
2019-08-12,217.16000366211,2338165
2019-08-13,219.72999572754,2923623
2019-08-14,216.47999572754,3233712
2019-08-15,218.27000427246,2774122
2019-08-16,218.4700012207,2475934
2019-08-19,218.7799987793,2721167
2019-08-20,218.4700012207,2334864
2019-08-21,220.71000671387,2053321
2019-08-22,219.49000549316,2551256
2019-08-23,214.66000366211,3662483
2019-08-26,216.91000366211,2553406
2019-08-27,216.05000305176,2070202
2019-08-28,218.07000732422,2152034
2019-08-29,220.53999328613,2730740
2019-08-30,217.9700012207,2734180
2019-09-03,217.13000488281,3183134
2019-09-04,218.5,2267061
2019-09-05,219.49000549316,2752112
2019-09-06,220.0299987793,1976463
2019-09-09,217.25999450684,2569578
2019-09-10,209.67999267578,6407631
2019-09-11,210.19999694824,3393286
2019-09-12,212.14999389648,3439063
2019-09-13,209.80999755859,3791827
2019-09-16,207.39999389648,3437739
2019-09-17,209.85000610352,3692802
2019-09-18,210.42999267578,2547415
2019-09-19,210.52000427246,2614128
2019-09-20,209.38999938965,6008065
2019-09-23,211.53999328613,3359064
2019-09-24,212.02000427246,3092687
2019-09-25,212.63000488281,2430656
2019-09-26,212.60000610352,3057795
2019-09-27,213.16000366211,2333187
2019-09-30,214.71000671387,2496973
2019-10-01,209.02000427246,5002976
2019-10-02,206.27000427246,4185866
2019-10-03,210.0299987793,3535247
2019-10-04,211.69000244141,2226999
2019-10-07,211.91999816895,3061220
2019-10-08,211.11000061035,2565838
2019-10-09,212.83000183105,1758556
2019-10-10,211.75999450684,2490729
2019-10-11,209.02000427246,3962687
2019-10-14,208.38000488281,3098066
2019-10-15,207.2200012207,3815888
2019-10-16,208.30000305176,2910045
2019-10-17,206.85000610352,3354558
2019-10-18,208.5,3521237
2019-10-21,209.85000610352,3741843
2019-10-22,199.27000427246,10332747
2019-10-23,199.21000671387,7966978
2019-10-24,196.02000427246,5006419
2019-10-25,194.61000061035,4773651
2019-10-28,191.7799987793,7711396
2019-10-29,192.61999511719,4454632
2019-10-30,196.88999938965,6332596
2019-10-31,196.69999694824,4960993
2019-11-01,193.94000244141,4192395
2019-11-04,188.66000366211,17662061
2019-11-05,192.17999267578,10496024
2019-11-06,194.17999267578,6473508
2019-11-07,193.08000183105,4820241
2019-11-08,193.61000061035,3499866
2019-11-11,192.63999938965,2747002
2019-11-12,193.2799987793,2933091
2019-11-13,195.0,3443994
2019-11-14,194.0,3175846
2019-11-15,193.9700012207,2991719
2019-11-18,194.2799987793,3421599
2019-11-19,193.44000244141,2910580
2019-11-20,194.13000488281,3131923
2019-11-21,192.35000610352,3509470
2019-11-22,193.13999938965,2418119
2019-11-25,191.88999938965,4000371
2019-11-26,194.00999450684,3879977
2019-11-27,196.30000305176,4136783
2019-11-29,194.47999572754,2815480
2019-12-02,195.17999267578,3198902
2019-12-03,193.11999511719,4078751
2019-12-04,194.30999755859,2217253
2019-12-05,194.21000671387,2820099
2019-12-06,195.35000610352,3608361
2019-12-09,194.67999267578,2244059
2019-12-10,194.94999694824,2470123
2019-12-11,194.7200012207,2490694
2019-12-12,196.30999755859,3024971
2019-12-13,197.11999511719,2078090
2019-12-16,197.88000488281,3650140
2019-12-17,196.52000427246,3341019
2019-12-18,195.63000488281,4288485
2019-12-19,197.05999755859,3346806
2019-12-20,197.13999938965,6415590
2019-12-23,196.19999694824,2389543
2019-12-24,196.66999816895,1152517
2019-12-26,197.05999755859,1810616
2019-12-27,198.16999816895,2264927
2019-12-30,196.91000366211,2242905
2019-12-31,197.61000061035,2278794
2020-01-02,200.78999328613,3554837
2020-01-03,200.08000183105,2767663
2020-01-06,202.33000183105,4660792
2020-01-07,202.63000488281,4054726
2020-01-08,205.91000366211,5286482
2020-01-09,208.35000610352,5974942
2020-01-10,207.27000427246,2336721
2020-01-13,206.50999450684,2784618
2020-01-14,207.32000732422,2623410
2020-01-15,209.77000427246,3369381
2020-01-16,210.85000610352,2726936
2020-01-17,211.97999572754,3540424
2020-01-21,211.16000366211,4100505
2020-01-22,211.44000244141,2757509
2020-01-23,213.41999816895,3378229
2020-01-24,211.24000549316,3106346
2020-01-27,209.33999633789,3389321
2020-01-28,210.38999938965,3855185
2020-01-29,214.44000244141,5735460
2020-01-30,216.17999267578,3560701
2020-01-31,213.9700012207,3920820
2020-02-03,215.17999267578,3539429
2020-02-04,214.61999511719,3367933
2020-02-05,214.36999511719,2911520
2020-02-06,212.86999511719,2903328
2020-02-07,211.61000061035,2421602
2020-02-10,213.21000671387,2318962
2020-02-11,215.72999572754,2694622
2020-02-12,217.46000671387,2844944
2020-02-13,217.41999816895,2853360
2020-02-14,217.08999633789,1720400
2020-02-18,216.14999389648,2714047
2020-02-19,215.63000488281,2229508
2020-02-20,215.08000183105,2869429
2020-02-21,215.86999511719,2791392
2020-02-24,213.52000427246,4219147
2020-02-25,212.10000610352,5053726
2020-02-26,210.10000610352,4191398
2020-02-27,201.0,6406211
2020-02-28,194.16999816895,11377778
2020-03-02,202.55000305176,6154168
2020-03-03,199.50999450684,5115171
2020-03-04,207.02000427246,4260634
2020-03-05,198.32000732422,4107234
2020-03-06,198.86000061035,6360268
2020-03-09,186.86000061035,7788507
2020-03-10,199.86000061035,5835234
2020-03-11,188.25,5627804
2020-03-12,170.13000488281,9079339
2020-03-13,177.13000488281,8042646
2020-03-16,149.00999450684,9341340
2020-03-17,147.61999511719,13708246
2020-03-18,137.30000305176,12627575
2020-03-19,149.5,12773392
2020-03-20,148.49000549316,12000042
2020-03-23,137.10000610352,10660435
2020-03-24,161.94999694824,11678383
2020-03-25,162.97999572754,9708701
2020-03-26,167.35000610352,8264901
2020-03-27,164.00999450684,6441366
2020-03-30,168.13000488281,5621669
2020-03-31,165.35000610352,4522292
2020-04-01,158.16999816895,4668869
2020-04-02,161.5,4803514
2020-04-03,160.33000183105,5050441
2020-04-06,177.03999328613,8330914
2020-04-07,175.58999633789,7848299
2020-04-08,177.49000549316,5665728
2020-04-09,183.69999694824,4901856
2020-04-13,180.11999511719,3182573
2020-04-14,183.99000549316,3864204
2020-04-15,177.83999633789,4961463
2020-04-16,179.5,7120833
2020-04-17,186.10000610352,6467814
2020-04-20,181.64999389648,3856456
2020-04-21,177.58000183105,4758289
2020-04-22,186.47999572754,4245902
2020-04-23,182.03999328613,5050147
2020-04-24,184.02000427246,3319849
2020-04-27,185.88999938965,4048222
2020-04-28,185.92999267578,3804981
2020-04-29,187.82000732422,3465196
2020-04-30,187.55999755859,7127221
2020-05-01,182.66000366211,3764754
2020-05-04,181.86999511719,4027063
2020-05-05,179.24000549316,3828424
2020-05-06,176.9700012207,3916862
2020-05-07,181.11999511719,3039953
2020-05-08,181.22999572754,3411874
2020-05-11,180.88000488281,2631295
2020-05-12,176.53999328613,3610581
2020-05-13,172.82000732422,4729120
2020-05-14,175.41000366211,4868360
2020-05-15,173.80999755859,6879617
2020-05-18,179.83000183105,4653306
2020-05-19,179.57000732422,3365030
2020-05-20,184.10000610352,4920793
2020-05-21,185.08000183105,2913846
2020-05-22,184.41000366211,2475190
2020-05-26,184.83999633789,3990870
2020-05-27,187.7200012207,3993447
2020-05-28,188.72999572754,3568464
2020-05-29,186.32000732422,5719059
2020-06-01,187.41000366211,2169455
2020-06-02,187.58999633789,3125455
2020-06-03,193.28999328613,3881453
2020-06-04,193.24000549316,3469436
2020-06-05,197.16000366211,4728306
2020-06-08,202.64999389648,4443911
2020-06-09,199.52000427246,3728614
2020-06-10,195.80000305176,3459865
2020-06-11,187.50999450684,5795967
2020-06-12,189.16999816895,4108594
2020-06-15,189.49000549316,4500420
2020-06-16,190.32000732422,5434776
2020-06-17,190.78999328613,3154073
2020-06-18,189.49000549316,3153262
2020-06-19,186.55999755859,6264833
2020-06-22,187.46000671387,3223215
2020-06-23,186.61999511719,2951916
2020-06-24,184.28999328613,4146579
2020-06-25,182.75999450684,3145191
2020-06-26,179.74000549316,5107359
2020-06-29,182.80000305176,2622177
2020-06-30,184.4700012207,3163190
2020-07-01,184.66000366211,2193762
2020-07-02,183.52000427246,2690150
2020-07-06,188.5,3171467
2020-07-07,185.82000732422,2399567
2020-07-08,185.85000610352,2776400
2020-07-09,184.33000183105,2333500
2020-07-10,184.88000488281,2714444
2020-07-13,184.91999816895,3221622
2020-07-14,190.7200012207,4138567
2020-07-15,191.77000427246,3735433
2020-07-16,190.91999816895,2111107
2020-07-17,191.47999572754,1972966
2020-07-20,191.61000061035,2157480
2020-07-21,192.97999572754,3505717
2020-07-22,198.61999511719,3484707
2020-07-23,197.55000305176,2702178
2020-07-24,198.7200012207,2200026
2020-07-27,201.25,4541727
2020-07-28,196.24000549316,6051015
2020-07-29,196.21000671387,3342859
2020-07-30,195.41000366211,2705661
2020-07-31,194.2799987793,3195486
2020-08-03,194.39999389648,3143754
2020-08-04,199.36000061035,3700233
2020-08-05,199.25999450684,2281830
2020-08-06,203.17999267578,3159323
2020-08-07,204.60000610352,2979950
2020-08-10,204.11999511719,2783695
2020-08-11,205.0,2478383
2020-08-12,206.02000427246,2167353
2020-08-13,206.49000549316,1795023
2020-08-14,207.0299987793,2060237
2020-08-17,208.66999816895,2619046
2020-08-18,210.32000732422,2921676
2020-08-19,209.50999450684,2711113
2020-08-20,209.88000488281,2085063
2020-08-21,211.57000732422,3484853
2020-08-24,212.61999511719,2463937
2020-08-25,212.64999389648,2302456
2020-08-26,213.75999450684,2316855
2020-08-27,212.19000244141,3226762
2020-08-28,214.91000366211,3212491
2020-08-31,213.52000427246,2900867
2020-09-01,212.69000244141,2926889
2020-09-02,216.22999572754,4091998
2020-09-03,213.80000305176,3126675
2020-09-04,211.72999572754,3828823
2020-09-08,213.58000183105,4107917
2020-09-09,215.71000671387,3213195
2020-09-10,217.24000549316,3325601
2020-09-11,218.0,3616483
2020-09-14,220.55999755859,2544140
2020-09-15,222.36999511719,2640872
2020-09-16,224.80999755859,3464160
2020-09-17,222.58000183105,3376985
2020-09-18,220.27000427246,3861750
2020-09-21,216.41000366211,2831750
2020-09-22,216.41000366211,2475978
2020-09-23,214.9700012207,2777715
2020-09-24,216.11999511719,1727041
2020-09-25,218.17999267578,2196831
2020-09-28,220.25999450684,2112107
2020-09-29,218.67999267578,1732275
2020-09-30,219.49000549316,3034100
2020-10-01,219.58999633789,2443348
2020-10-02,222.66999816895,3833110
2020-10-05,226.07000732422,2913824
2020-10-06,224.08999633789,2453627
2020-10-07,226.47999572754,1972777
2020-10-08,225.80000305176,3195785
2020-10-09,224.83000183105,3237709
2020-10-12,226.11000061035,2412627
2020-10-13,227.35000610352,2098972
2020-10-14,227.61999511719,1862687
2020-10-15,229.63999938965,2178247
2020-10-16,229.36999511719,2162939
2020-10-19,226.0,2009635
2020-10-20,227.44999694824,1883639
2020-10-21,228.19000244141,1518200
2020-10-22,229.14999389648,1961450
2020-10-23,228.71000671387,2278124
2020-10-26,224.27000427246,2538058
2020-10-27,222.9700012207,1801922
2020-10-28,214.69000244141,3273074
2020-10-29,214.94999694824,2477582
2020-10-30,213.0,3451419
2020-11-02,212.55999755859,2983362
2020-11-03,216.80000305176,2615017
2020-11-04,214.86999511719,3360836
2020-11-05,216.30999755859,3622023
2020-11-06,216.55999755859,3916076
2020-11-09,213.2200012207,7981211
2020-11-10,213.32000732422,4255577
2020-11-11,218.02000427246,4127212
2020-11-12,213.07000732422,4257495
2020-11-13,213.2799987793,3072628
2020-11-16,216.72999572754,3702131
2020-11-17,216.00999450684,2443547
2020-11-18,215.52000427246,3095154
2020-11-19,215.11000061035,2840460
2020-11-20,214.08999633789,3932954
2020-11-23,217.0,3011272
2020-11-24,219.71000671387,3872224
2020-11-25,219.33999633789,1889200
2020-11-27,218.33000183105,1394366
2020-11-30,217.44000244141,3413588
2020-12-01,216.13999938965,4226275
2020-12-02,210.86000061035,6223661
2020-12-03,211.50999450684,3732543
2020-12-04,210.74000549316,3151060
2020-12-07,208.88999938965,3826001
2020-12-08,208.38999938965,2709447
2020-12-09,208.69000244141,3011056
2020-12-10,208.03999328613,2956368
2020-12-11,207.75999450684,2770817
2020-12-14,211.91999816895,4744960
2020-12-15,214.86000061035,3799294
2020-12-16,213.80000305176,2681984
2020-12-17,214.25,2558810
2020-12-18,215.08000183105,7929060
2020-12-21,211.66999816895,4342480
2020-12-22,211.91999816895,2773709
2020-12-23,212.02000427246,1658765
2020-12-24,211.38999938965,1047650
2020-12-28,214.02000427246,2550104
2020-12-29,212.71000671387,1665725
2020-12-30,211.55999755859,1854990
2020-12-31,214.58000183105,2610914
2021-01-04,210.2200012207,4055409
2021-01-05,211.19000244141,2576065
2021-01-06,210.9700012207,3083426
2021-01-07,212.85000610352,3142014
2021-01-08,215.11000061035,2639146
2021-01-11,215.11999511719,2545893
2021-01-12,212.0299987793,2951952
2021-01-13,211.66000366211,2069926
2021-01-14,211.16000366211,3666716
2021-01-15,208.99000549316,3593732
2021-01-19,208.55000305176,3331595
2021-01-20,211.33999633789,4077731
2021-01-21,213.53,8028927
2021-01-22,213.38,6589437
2021-01-25,213.34,10461536
2021-01-26,214.9,5815634
2021-01-27,207.0,16392033
2021-01-28,206.82,10803184
2021-01-29,207.84,10406628
2021-02-01,207.93,8437428
2021-02-02,209.76,8358000
2021-02-03,208.71,9062109
2021-02-04,211.03,11110576
2021-02-05,212.58,5200436
2021-02-08,211.58,5392596
2021-02-09,215.98,9141861
2021-02-10,214.4,12646392
2021-02-11,214.27,7750947
2021-02-12,214.27,2781322
2021-02-16,213.9,2893080
2021-02-17,215.03,3304816
2021-02-18,213.45,2190987
2021-02-19,215.43,3181592
2021-02-22,212.24,2911052
2021-02-23,212.06,3243046
2021-02-24,211.32,2887130
2021-02-25,213.27,3131399
2021-02-26,206.14,21335828
2021-03-01,208.25,8483673
2021-03-02,208.67,9049689
2021-03-03,205.82,10465917
2021-03-04,204.84,11778561
2021-03-05,207.37,10824600
2021-03-08,209.11,12628516
2021-03-09,208.55,14586812
2021-03-10,213.31,13788752
2021-03-11,211.57,10854120
2021-03-12,212.34,8454576
2021-03-15,220.46,16450383
2021-03-16,219.86,10750278
2021-03-17,224.11,15721914
2021-03-18,222.9,9764538
2021-03-19,222.44,23158137
2021-03-22,225.07,12661965
2021-03-23,224.37,8382087
2021-03-24,224.05,7327449
2021-03-25,224.08,9749352
2021-03-26,225.34,9789702
2021-03-29,227.18,10863843
2021-03-30,224.98,7257024
2021-03-31,224.14,10692153
2021-04-01,225.21,7323783
2021-04-05,225.21,2866411
2021-04-06,228.85,3230903
2021-04-07,231.91,2551332
2021-04-08,232.61,2772285
2021-04-09,230.25,2729039
2021-04-12,231.48,2292729
2021-04-13,230.96,2571032
2021-04-14,230.42,4258368
2021-04-15,231.28,4126214
2021-04-16,231.28,2694295
2021-04-19,233.08,2254849
2021-04-20,231.81,1885666
2021-04-21,233.01,2065818
2021-04-22,232.96,7358684
2021-04-23,234.58,8551448
2021-04-26,232.31,7471161
2021-04-27,234.98,10495504
2021-04-28,232.41,11107876
2021-04-29,235.21,3146671
2021-04-30,236.08,2640589
2021-05-03,235.56,2458195
2021-05-04,233.86,2529912
2021-05-05,235.04,2069981
2021-05-06,234.86,1832704
2021-05-07,234.84,1406816
2021-05-10,237.11,2031468
2021-05-11,233.86,3028848
2021-05-12,227.94,3198197
2021-05-13,229.77,2819534
2021-05-14,231.72,1943122
2021-05-17,231.68,1630923
2021-05-18,231.93,2913221
2021-05-19,230.15,2967215
2021-05-20,232.18,1890474
2021-05-21,231.24,2601267
2021-05-24,231.91,1823438
2021-05-25,232.14,2682023
2021-05-26,232.35,1564344
2021-05-27,234.86,5243094
2021-05-28,233.89,2853674
2021-06-01,233.24,2574575
2021-06-02,233.78,3172033
2021-06-03,232.45,3249444
2021-06-04,233.38,1615437
2021-06-07,231.69,1877063
2021-06-08,232.64,2106462
2021-06-09,231.47,1982276
2021-06-10,234.59,2534059
2021-06-11,236.93,2654270
2021-06-14,236.98,1836842
2021-06-15,236.35,1948582
2021-06-16,235.58,2951814
2021-06-17,233.88,1895716
2021-06-18,229.62,4408221
2021-06-21,232.9,2193090
2021-06-22,233.88,1758423
2021-06-23,233.24,1701512
2021-06-24,233.33,1840079
2021-06-25,232.42,3000115
2021-06-28,231.09,2902037
2021-06-29,230.37,1932185
2021-06-30,230.99,2450791
2021-07-01,232.27,2210460
2021-07-02,233.63,1851575
2021-07-06,232.75,1762707
2021-07-07,234.63,2069409
2021-07-08,232.84,1932661
2021-07-09,235.68,2560714
2021-07-12,235.61,2158655
2021-07-13,236.17,1884568
2021-07-14,237.13,1993375
2021-07-15,236.88,2165952
2021-07-16,234.75,1681193
2021-07-19,229.26,3774949
2021-07-20,234.27,3275605
2021-07-21,235.93,2147029
2021-07-22,238.67,2538299
2021-07-23,242.96,3996402
2021-07-26,243.98,2638431
2021-07-27,246.35,3135186
2021-07-28,241.78,4948543
2021-07-29,244.02,2572291
2021-07-30,242.71,2336831
2021-08-02,240.1,2693869
2021-08-03,236.95,3300009
2021-08-04,234.83,2240575
2021-08-05,236.42,2230520
2021-08-06,236.26,1558759
2021-08-09,234.68,2093074
2021-08-10,233.45,2027812
2021-08-11,235.55,1969137
2021-08-12,236.67,1491013
2021-08-13,238.82,1699655
2021-08-16,240.97,2175409
2021-08-17,240.28,1651984
2021-08-18,238.08,2215750
2021-08-19,237.23,1455420
2021-08-20,238.49,1989849
2021-08-23,239.66,2086876
2021-08-24,238.43,1687672
2021-08-25,238.83,1668152
2021-08-26,236.95,2008052
2021-08-27,237.48,1784024
2021-08-30,236.59,2245565
2021-08-31,237.46,2938351
2021-09-01,238.15,2197240
2021-09-02,239.87,2140253
2021-09-03,238.82,1339289
2021-09-07,236.19,1820118
2021-09-08,238.62,2718376
2021-09-09,238.61,2992467
2021-09-10,239.18,2035199
2021-09-13,241.21,2294796
2021-09-14,241.13,2013793
2021-09-15,240.98,2507196
2021-09-16,243.21,3410681
2021-09-17,242.49,4756852
2021-09-20,239.09,4549932
2021-09-21,240.5,2008293
2021-09-22,243.13,3361958
2021-09-23,244.78,2941662
2021-09-24,246.42,2508923
2021-09-27,248.11,2463273
2021-09-28,243.77,3007728
2021-09-29,244.28,1719144
2021-09-30,241.11,3137256
2021-10-01,242.93,2076087
2021-10-04,243.08,2236513
2021-10-05,245.22,2463265
2021-10-06,247.1,2107922
2021-10-07,248.32,2423878
2021-10-08,247.7,1687649
2021-10-11,246.58,1503978
2021-10-12,244.52,2346972
2021-10-13,242.65,3214784
2021-10-14,244.55,2512501
2021-10-15,242.25,2564768
2021-10-18,242.26,2484874
2021-10-19,242.77,2071598
2021-10-20,239.72,3040188
2021-10-21,241.4,2702367
2021-10-22,238.44,3283657
2021-10-25,237.34,3178536
2021-10-26,236.42,3066386
2021-10-27,242.73,5249422
2021-10-28,245.5,3448483
2021-10-29,245.55,4329465
2021-11-01,250.58,4456549
2021-11-02,249.24,2624333
2021-11-03,250.4,2399239
2021-11-04,253.46,2711311
2021-11-05,254.71,3224285
2021-11-08,253.1,2471271
2021-11-09,252.65,2258953
2021-11-10,253.13,1794531
2021-11-11,250.16,1640596
2021-11-12,250.67,1625338
2021-11-15,252.94,1709216
2021-11-16,252.46,2195461
2021-11-17,252.69,1412025
2021-11-18,253.48,1751189
2021-11-19,251.95,2743402
2021-11-22,253.48,2438758
2021-11-23,255.65,2770596
2021-11-24,257.11,2642849
2021-11-26,250.01,2573259
2021-11-29,250.3,2084612
2021-11-30,244.6,3836063
2021-12-01,244.18,3275507
2021-12-02,248.8,3290454
2021-12-03,249.33,3229856
2021-12-06,255.79,3616912
2021-12-07,259.91,2596340
2021-12-08,259.58,3453106
2021-12-09,262.34,2955143
2021-12-10,264.97,2529819
2021-12-13,263.09,2878831
2021-12-14,262.52,3695552
2021-12-15,264.52,2641814
2021-12-16,265.55,2347749
2021-12-17,261.7,5967187
2021-12-20,261.73,2824534
2021-12-21,264.39,2851827
2021-12-22,264.94,1795157
2021-12-23,265.95,1509875
2021-12-27,268.24,1486007
2021-12-28,267.88,1303973
2021-12-29,268.49,1318828
2021-12-30,267.21,1714555
2021-12-31,268.07,1519162
2022-01-03,268.58,2750906
2022-01-04,268.51,2506018
2022-01-05,267.19,2473043
2022-01-06,269.69,2908568
2022-01-07,267.06,2209088
2022-01-10,264.41,3122526
2022-01-11,262.12,3206162
2022-01-12,260.92,3043954
2022-01-13,261.41,2371250
2022-01-14,257.71,3460060
2022-01-18,256.48,3076591
2022-01-19,255.22,2304696
2022-01-20,253.13,2602190
2022-01-21,254.59,3738309
2022-01-24,253.61,5155195
2022-01-25,250.68,3908580
2022-01-26,249.85,3838994
2022-01-27,248.74,5201054
2022-01-28,256.09,3833241
2022-01-31,259.45,3174167
2022-02-01,258.99,2496547
2022-02-02,262.28,2371460
2022-02-03,260.64,2242396
2022-02-04,260.06,1989682
2022-02-07,259.85,1959336
2022-02-08,260.08,2920071
2022-02-09,259.86,2379345
2022-02-10,256.87,3246762
2022-02-11,255.16,3592716
2022-02-14,253.39,2825835
2022-02-15,253.81,2171763
2022-02-16,253.09,2941810
2022-02-17,250.93,2831886
2022-02-18,250.6,2813521
2022-02-22,252.7,3980514
2022-02-23,247.79,3497365
2022-02-24,245.03,4856005
2022-02-25,249.45,4549747
2022-02-28,244.77,4410429
2022-03-01,239.63,3910650
2022-03-02,240.94,4482140
2022-03-03,236.65,4707353
2022-03-04,235.81,4186494
2022-03-07,224.33,5425045
2022-03-08,222.79,5258764
2022-03-09,222.47,5630456
2022-03-10,222.0,5444938
2022-03-11,226.87,6126339
2022-03-14,226.18,4436285
2022-03-15,232.57,5087427
2022-03-16,238.14,4173223
2022-03-17,237.47,3752945
2022-03-18,238.92,5336491
2022-03-21,235.32,3704020
2022-03-22,238.12,2938142
2022-03-23,236.12,2200593
2022-03-24,240.26,2337661
2022-03-25,241.58,2135024
2022-03-28,242.94,2041783
2022-03-29,248.17,2657596
2022-03-30,249.03,2227261
2022-03-31,247.28,3803454
2022-04-01,249.25,2023154
2022-04-04,246.83,2501545
2022-04-05,248.51,2532511
2022-04-06,251.46,2885998
2022-04-07,254.36,4041798
2022-04-08,251.46,2551093
2022-04-11,250.45,2326660
2022-04-12,249.17,2725083
2022-04-13,251.33,2133851
2022-04-14,250.51,2105884
2022-04-18,251.06,1426617
2022-04-19,255.4,2324504
2022-04-20,255.85,2278773
2022-04-21,255.25,2477103
2022-04-22,250.17,2643584
2022-04-25,252.88,2522972
2022-04-26,248.58,2948548
2022-04-27,247.14,2706541
2022-04-28,254.19,3549490
2022-04-29,249.16,3388214
2022-05-02,246.64,3418657
2022-05-03,245.87,2562085
2022-05-04,254.32,3289277
2022-05-05,248.92,2925873
2022-05-06,250.78,2964684
2022-05-09,247.49,2918862
2022-05-10,245.68,3070804
2022-05-11,244.43,2833269
2022-05-12,244.19,2860983
2022-05-13,245.04,3255435
2022-05-16,244.04,2147127
2022-05-17,241.63,3205114
2022-05-18,231.05,3946143
2022-05-19,229.0,3518259
2022-05-20,233.91,3208225
2022-05-23,238.0,3053463
2022-05-24,244.52,5258233
2022-05-25,244.01,2641667
2022-05-26,248.09,1972341
2022-05-27,251.87,2063755
2022-05-31,252.21,3924700
2022-06-01,249.28,2264141
2022-06-02,250.38,2089654
2022-06-03,248.36,1838859
2022-06-06,248.07,1569322
2022-06-07,248.94,2782196
2022-06-08,245.61,2101295
2022-06-09,242.16,2682889
2022-06-10,237.38,1994336
2022-06-13,238.47,4697049
2022-06-14,238.76,3564777
2022-06-15,238.9,3152171
2022-06-16,235.19,3271976
2022-06-17,234.38,7236261
2022-06-21,239.59,3263514
2022-06-22,243.06,3054788
2022-06-23,243.58,1937201
2022-06-24,247.9,3104842
2022-06-27,247.03,2059304
2022-06-28,242.83,2381745
2022-06-29,247.74,2997210
2022-06-30,246.88,2786218
2022-07-01,252.96,2531474
2022-07-05,252.29,2392617
2022-07-06,251.46,1948691
2022-07-07,252.94,2396689
2022-07-08,253.24,1450519
2022-07-11,253.28,1478345
2022-07-12,251.48,2112805
2022-07-13,252.67,2205342
2022-07-14,252.6,2371030
2022-07-15,255.01,2627237
2022-07-18,252.42,2164571
2022-07-19,256.5,2181323
2022-07-20,254.58,2183656
2022-07-21,253.47,2056470
2022-07-22,253.99,2226576
2022-07-25,250.38,2860421
2022-07-26,257.09,5272297
2022-07-27,258.89,2718471
2022-07-28,263.46,2849053
2022-07-29,263.37,2653895
2022-08-01,264.23,2383975
2022-08-02,261.05,2375235
2022-08-03,262.09,2305469
2022-08-04,260.64,2089596
2022-08-05,259.23,1818555
2022-08-08,256.8,2253706
2022-08-09,260.06,2315836
2022-08-10,261.36,2967962
2022-08-11,259.28,2007282
2022-08-12,262.18,1530824
2022-08-15,265.44,2342816
2022-08-16,266.29,1828116
2022-08-17,266.82,1699066
2022-08-18,266.58,1591923
2022-08-19,266.54,1833797
2022-08-22,262.95,1986909
2022-08-23,260.54,2211064
2022-08-24,260.86,1777334
2022-08-25,262.56,1330619
2022-08-26,256.95,2357840
2022-08-29,255.66,2017475
2022-08-30,253.49,2051259
2022-08-31,252.28,3119229
2022-09-01,256.47,2577843
2022-09-02,254.51,1791551
2022-09-06,254.39,2645735
2022-09-07,258.42,4185152
2022-09-08,260.08,2448912
2022-09-09,259.74,2007248
2022-09-12,260.37,2204324
2022-09-13,254.33,2604856
2022-09-14,257.155,2745402
2022-09-15,253.47,2289465
2022-09-16,254.91,4304082
2022-09-19,257.01,2196034
2022-09-20,255.4,2140264
2022-09-21,251.08,2438811
2022-09-22,248.1,2300536
2022-09-23,245.95,2672105
2022-09-26,243.76,3179136
2022-09-27,236.7,4193797
2022-09-28,236.204,4202520
2022-09-29,234.4,3053196
2022-09-30,230.74,3629346
2022-10-03,235.34,3286854
2022-10-04,238.5,3685899
2022-10-05,236.46,3032973
2022-10-06,237.965,2999161
2022-10-07,233.985,2294343
2022-10-10,234.95,2668736
2022-10-11,237.05,3169249
2022-10-12,237.06,2709329
2022-10-13,246.75,5027008
2022-10-14,243.16,2918634
2022-10-17,246.48,2758210
2022-10-18,249.19,3123554
2022-10-19,250.75,3021325
2022-10-20,249.77,2410780
2022-10-21,254.55,3254868
2022-10-24,255.32,4125185
2022-10-25,255.73,2688965
2022-10-26,256.61,3584203
2022-10-27,265.11,4145682
2022-10-28,274.52,4647609
2022-10-31,272.66,3336099
2022-11-01,272.95,2740902
2022-11-02,270.37,3070720
2022-11-03,272.95,3225427
2022-11-04,274.62,3256637
2022-11-07,276.41,3029606
2022-11-08,278.4,2629039
2022-11-09,277.79,2610819
2022-11-10,275.88,4510912
2022-11-11,271.39,4742826
2022-11-14,272.27,3357448
2022-11-15,267.84,5429117
2022-11-16,272.51,4132650
2022-11-17,273.36,2467904
2022-11-18,273.37,2699237
2022-11-21,274.52,2974548
2022-11-22,274.76,2770631
2022-11-23,273.27,2514942
2022-11-25,275.0,1596579
2022-11-28,272.88,3160615
2022-11-29,271.41,2873619
2022-11-30,272.79,5196674
2022-12-01,273.4,2599642
2022-12-02,273.4,2807524
2022-12-05,271.59,2586940
2022-12-06,271.77,3573035
2022-12-07,270.34,2766448
2022-12-08,273.39,3022742
2022-12-09,272.04,1677358
2022-12-12,276.62,3230450
2022-12-13,274.28,3390149
2022-12-14,274.53,2660859
2022-12-15,271.73,2735847
2022-12-16,266.12,5932459
2022-12-19,265.83,2160779
2022-12-20,267.25,1785563
2022-12-21,268.16,2366831
2022-12-22,265.77,2366827
2022-12-23,267.57,1269060
2022-12-27,266.84,1674718
2022-12-28,265.11,1427815
2022-12-29,265.93,1393998
2022-12-30,263.53,1720151
2023-01-03,264.33,2743957
2023-01-04,264.39,2584148
2023-01-05,262.16,1945566
2023-01-06,269.47,2855559
2023-01-09,267.25,2654561
2023-01-10,268.91,1718418
2023-01-11,268.81,2391463
2023-01-12,266.69,1933090
2023-01-13,268.89,2169133
2023-01-17,274.11,3640221
2023-01-18,266.04,3276469
2023-01-19,263.58,2845599
2023-01-20,268.58,2588648
2023-01-23,269.29,2434026
2023-01-24,269.56,2517081
2023-01-25,273.0,3097376
2023-01-26,274.72,2222673
2023-01-27,272.46,2203174
2023-01-30,270.89,2862378
2023-01-31,267.4,5477850
2023-02-01,266.27,3557746
2023-02-02,263.21,3735643
2023-02-03,264.23,3008496
2023-02-06,267.92,2863920
2023-02-07,267.34,2513954
2023-02-08,262.82,2801986
2023-02-09,260.66,3534565
2023-02-10,262.42,3049897
2023-02-13,266.2,2418349
2023-02-14,266.61,2202289
2023-02-15,266.56,1862678
2023-02-16,265.83,2785588
2023-02-17,269.99,3055817
2023-02-21,268.55,2824326
2023-02-22,268.64,2192035
2023-02-23,266.78,4216978
2023-02-24,263.68,2645314
2023-02-27,264.78,2024791
2023-02-28,263.91,2853396
2023-03-01,262.72,2058920
2023-03-02,267.57,2386008
2023-03-03,269.07,2725884
2023-03-06,270.64,2217669
2023-03-07,267.13,2766688
2023-03-08,265.33,2313951
2023-03-09,261.63,2339345
2023-03-10,262.03,3093072
2023-03-13,263.08,3552410
2023-03-14,265.9,3194391
2023-03-15,266.34,3419419
2023-03-16,270.57,3098073
2023-03-17,267.2,5075300
2023-03-20,270.74,2109113
2023-03-21,270.21,3120195
2023-03-22,267.87,2240797
2023-03-23,269.62,2263814
2023-03-24,271.33,2229368
2023-03-27,273.84,2799118
2023-03-28,275.85,2035971
2023-03-29,277.44,2053558
2023-03-30,277.79,1788868
2023-03-31,279.61,2902491
2023-04-03,282.14,2352716
2023-04-04,282.28,2282434
2023-04-05,282.02,2600775
2023-04-06,282.89,1730953
2023-04-10,283.78,1942019
2023-04-11,284.48,2732890
2023-04-12,285.3,2557446
2023-04-13,289.07,3229280
2023-04-14,288.98,2054679
2023-04-17,289.31,2370988
2023-04-18,290.91,2086719
2023-04-19,291.27,2254075
2023-04-20,291.0,2274152
2023-04-21,292.06,2171180
2023-04-24,293.2,2995244
2023-04-25,291.51,5845217
2023-04-26,289.76,3289959
2023-04-27,294.72,3142286
2023-04-28,295.75,2838198
2023-05-01,297.58,2124401
2023-05-02,298.07,2083769
2023-05-03,295.22,2425452
2023-05-04,295.16,2005472
2023-05-05,296.6,1815841
2023-05-08,296.69,2969801
2023-05-09,296.66,1637587
2023-05-10,296.57,1849297
2023-05-11,294.79,1955152
2023-05-12,296.14,1801866
2023-05-15,295.9,1700450
2023-05-16,294.15,2859744
2023-05-17,293.46,2802296
2023-05-18,294.05,2410912
2023-05-19,295.55,2371249
2023-05-22,289.35,2514744
2023-05-23,286.37,2943889
2023-05-24,285.92,2262065
2023-05-25,285.52,2748258
2023-05-26,286.04,2148422
2023-05-30,284.92,3385240
2023-05-31,285.11,3104929
2023-06-01,287.87,2605265
2023-06-02,289.91,5738806
2023-06-05,288.43,2101865
2023-06-06,284.54,2771493
2023-06-07,281.9,3614835
2023-06-08,285.78,3043997
2023-06-09,286.79,1976684
2023-06-12,288.57,1885237
2023-06-13,288.55,2027785
2023-06-14,288.44,1964468
2023-06-15,292.61,2619166
2023-06-16,293.7,4891171
2023-06-20,293.04,2729976
2023-06-21,294.52,2837179
2023-06-22,293.3,1800804
2023-06-23,289.91,3720646
2023-06-26,289.09,1851773
2023-06-27,291.3,1815134
2023-06-28,291.74,1666616
2023-06-29,294.47,1743969
2023-06-30,298.41,2644801
2023-07-03,294.84,1601266
2023-07-05,296.9,2356221
2023-07-06,294.92,2569643
2023-07-07,292.1,2586623
2023-07-10,294.49,1703743
2023-07-11,294.74,1529673
2023-07-12,295.61,2156022
2023-07-13,295.22,1657134
2023-07-14,294.94,1550122
2023-07-17,294.68,1670416
2023-07-18,293.82,1991753
2023-07-19,294.13,1969215
2023-07-20,297.13,2104322
2023-07-21,295.61,2835490
2023-07-24,295.31,2034581
2023-07-25,292.36,2780605
2023-07-26,291.75,2896877
2023-07-27,295.19,4698527
2023-07-28,294.03,2843512
2023-07-31,293.2,3296143
2023-08-01,291.07,1916689
2023-08-02,289.62,2390094
2023-08-03,291.02,1910814
2023-08-04,287.02,2520494
2023-08-07,291.4,2176903
2023-08-08,289.58,1948498
2023-08-09,288.23,1895857
2023-08-10,287.6,2436537
2023-08-11,288.62,1761803
2023-08-14,288.81,1712569
2023-08-15,288.3,1883806
2023-08-16,285.4,1829562
2023-08-17,281.86,2148388
2023-08-18,281.74,2624502
2023-08-21,280.04,2682569
2023-08-22,280.31,2052393
2023-08-23,281.87,2308755
2023-08-24,282.35,2006481
2023-08-25,284.58,3725184
2023-08-28,283.68,2317623
2023-08-29,283.59,2348500
2023-08-30,284.24,2410679
2023-08-31,281.15,2979992
2023-09-01,280.94,2136591
2023-09-05,279.16,2410330
2023-09-06,275.44,2705819
2023-09-07,278.33,3732754
2023-09-08,279.22,2351438
2023-09-11,279.76,2433249
2023-09-12,280.71,1450296
2023-09-13,281.77,1724297
2023-09-14,284.76,2219694
2023-09-15,278.23,5730667
2023-09-18,277.72,2884929
2023-09-19,278.13,2128275
2023-09-20,277.2,1979858
2023-09-21,271.22,2370338
2023-09-22,272.22,1958486
2023-09-25,269.78,1895538
2023-09-26,267.72,2251605
2023-09-27,263.64,2734864
2023-09-28,265.59,2182553
2023-09-29,263.44,3367111
2023-10-02,257.75,4425045
2023-10-03,254.49,3408128
2023-10-04,254.55,2819983
2023-10-05,252.23,3799645
2023-10-06,248.22,5130674
2023-10-09,249.92,2782286
2023-10-10,251.52,3129625
2023-10-11,250.92,2919421
2023-10-12,246.19,3528336
2023-10-13,248.31,2647124
2023-10-16,249.94,2774674
2023-10-17,251.14,2627508
2023-10-18,256.03,4559192
2023-10-19,258.38,5646173
2023-10-20,258.11,3779195
2023-10-23,254.75,3409763
2023-10-24,257.27,2467986
2023-10-25,258.03,2759053
2023-10-26,255.83,2702639
2023-10-27,255.76,3209027
2023-10-30,260.15,6305078
2023-10-31,262.17,3990553
2023-11-01,261.97,3542997
2023-11-02,266.85,4109728
2023-11-03,267.87,3126467
2023-11-06,268.91,3090714
2023-11-07,268.67,2360790
2023-11-08,267.49,2223517
2023-11-09,266.91,2501652
2023-11-10,267.79,2665049
2023-11-13,269.2,2591880
2023-11-14,271.49,2647793
2023-11-15,270.39,2576075
2023-11-16,276.12,3593676
2023-11-17,275.75,2604865
2023-11-20,279.03,3499648
2023-11-21,280.47,2941040
2023-11-22,281.93,2285961
2023-11-24,282.54,1217950
2023-11-27,281.84,3703855
2023-11-28,282.09,2199591
2023-11-29,280.38,2433432
2023-11-30,281.84,5030565
2023-12-01,285.96,4967526
2023-12-04,286.13,3522889
2023-12-05,286.54,3005333
2023-12-06,286.86,2765101
2023-12-07,286.79,3131914
2023-12-08,285.53,3623843
2023-12-11,289.15,3353037
2023-12-12,291.42,2252223
2023-12-13,295.93,3312275
2023-12-14,290.02,4626777
2023-12-15,287.27,6328510
2023-12-18,290.23,2490110
2023-12-19,290.73,2054430
2023-12-20,288.99,2398593
2023-12-21,291.39,2313127
2023-12-22,291.7,1700320
2023-12-26,292.86,1381655
2023-12-27,294.55,1892081
2023-12-28,295.84,1907271
2023-12-29,296.51,4455612
2024-01-02,297.04,4458519
2024-01-03,294.39,3114788
2024-01-04,291.74,4615370
2024-01-05,288.99,3407310
2024-01-08,291.9,3097218
2024-01-09,290.87,2176451
2024-01-10,294.09,2199689
2024-01-11,294.15,2047352
2024-01-12,293.47,1714818
2024-01-16,291.09,2859014
2024-01-17,291.16,2008289
2024-01-18,294.36,2221156
2024-01-19,300.53,4250885
2024-01-22,298.41,3250224
2024-01-23,300.05,1873976
2024-01-24,300.44,3209675
2024-01-25,297.21,3219625
2024-01-26,292.26,4210521
2024-01-29,292.31,3899706
2024-01-30,294.65,5048410
2024-01-31,292.72,3476264
2024-02-01,298.08,3380568
2024-02-02,297.05,3971607
2024-02-05,285.97,7581895
2024-02-06,284.65,5928192
2024-02-07,287.33,3954659
2024-02-08,291.93,4605245
2024-02-09,289.47,3323000
2024-02-12,289.44,2392314
2024-02-13,287.11,2756190
2024-02-14,288.17,2139326
2024-02-15,291.86,2401617
2024-02-16,292.02,2837573
2024-02-20,292.65,2263994
2024-02-21,293.91,2076811
2024-02-22,295.92,3146598
2024-02-23,297.75,2199138
2024-02-26,297.12,2595344
2024-02-27,293.76,2811237
2024-02-28,295.19,2507286
2024-02-29,292.28,3601848
2024-03-01,290.73,3028869
2024-03-04,290.94,2832011
2024-03-05,292.54,2969609
2024-03-06,292.93,4695930
2024-03-07,291.11,2237730
2024-03-08,292.55,2482336
2024-03-11,294.82,2893336
2024-03-12,294.31,2233076
2024-03-13,282.86,5441262
2024-03-14,281.73,4659308
2024-03-15,279.14,5071675
2024-03-18,278.58,3319435
2024-03-19,282.87,4055380
2024-03-20,284.45,2867302
2024-03-21,283.53,3653332
2024-03-22,282.63,2556320
2024-03-25,278.62,2985467
2024-03-26,278.62,2572061
2024-03-27,282.02,2604991
2024-03-28,281.95,3454073
2024-04-01,280.22,2408799
2024-04-02,277.74,2907899
2024-04-03,275.54,2747979
2024-04-04,270.09,4095144
2024-04-05,267.055,6816035
2024-04-08,267.56,3753206
2024-04-09,269.44,3935142
2024-04-10,268.67,3817458
2024-04-11,268.62,2519172
2024-04-12,267.39,2708630
2024-04-15,266.23,3686881
2024-04-16,265.43,2912853
2024-04-17,269.95,3383099
2024-04-18,270.98,3402674
2024-04-19,271.99,3017097
2024-04-22,275.58,3129435
2024-04-23,276.88,3275678
2024-04-24,276.75,4071571
2024-04-25,275.6,4179755
2024-04-26,273.09,3636458
2024-04-29,273.55,3187813
2024-04-30,273.04,6894367
2024-05-01,274.43,4843553
2024-05-02,273.28,3083956
2024-05-03,270.32,2642344
2024-05-06,269.3,2481336
2024-05-07,267.5,3160026
2024-05-08,268.49,3259842
2024-05-09,267.95,3139960
2024-05-10,275.0,4983501
2024-05-13,271.32,3840670
2024-05-14,270.66,3143235
2024-05-15,273.87,2982621
2024-05-16,273.51,2339864
2024-05-17,272.38,2454570
2024-05-20,267.87,2651117
2024-05-21,265.87,2362574
2024-05-22,265.77,1906061
2024-05-23,257.93,5636170
2024-05-24,258.11,3382879
2024-05-28,253.54,4324728
2024-05-29,249.37,4029317
2024-05-30,252.07,3599768
2024-05-31,258.89,6125399
2024-06-03,259.75,4342771
2024-06-04,262.72,4592727
2024-06-05,259.99,4136828
2024-06-06,260.72,3354270
2024-06-07,256.21,2290085
2024-06-10,253.81,2867127
2024-06-11,254.28,2729439
2024-06-12,254.48,3169566
2024-06-13,253.7,3152985
2024-06-14,253.58,2806560
2024-06-17,253.51,2532906
2024-06-18,250.79,2956314
2024-06-20,253.8,4046527
2024-06-21,259.39,8426647
2024-06-24,260.38,3901231
2024-06-25,257.38,4252250
2024-06-26,257.83,2796088
2024-06-27,258.17,2650996
2024-06-28,254.84,8958712
2024-07-01,249.99,3817576
2024-07-02,247.79,3944881
2024-07-03,250.0,2026070
2024-07-05,251.09,2814312
2024-07-08,247.85,3163853
2024-07-09,245.82,4930592
2024-07-10,250.49,4092739
2024-07-11,254.8,5548256
2024-07-12,253.9,4543006
2024-07-15,251.53,3393612
2024-07-16,257.27,4172974
2024-07-17,261.0,3711520
2024-07-18,259.52,3421839
2024-07-19,257.28,3470585
2024-07-22,259.54,2759527
2024-07-23,254.05,2653141
2024-07-24,253.37,5983281
2024-07-25,251.46,3323080
2024-07-26,252.0,4002852
2024-07-29,261.42,9380960
2024-07-30,266.44,4936596
2024-07-31,265.4,4652053
2024-08-01,268.75,4935952
2024-08-02,276.69,9585900
2024-08-05,268.45,6794876
2024-08-06,270.06,3369337
2024-08-07,269.37,3539980
2024-08-08,271.19,3227234
2024-08-09,267.91,2664877
2024-08-12,269.46,3008100
2024-08-13,270.31,2603592
2024-08-14,271.15,2242138
2024-08-15,274.87,2445218
2024-08-16,278.49,3286217
2024-08-19,287.55,5268793
2024-08-20,285.63,3697631
2024-08-21,289.71,2686435
2024-08-22,289.21,1746359
2024-08-23,289.52,2145946
2024-08-26,288.68,2018540
2024-08-27,289.64,2897582
2024-08-28,287.05,2603793
2024-08-29,287.86,1797229
2024-08-30,288.66,2528549
2024-09-03,285.52,2902782
2024-09-04,288.03,2558502
2024-09-05,287.97,2412493
2024-09-06,289.51,3863559
2024-09-09,291.29,3208635
2024-09-10,291.835,2497109
2024-09-11,290.23,2747627
2024-09-12,292.35,2274712
2024-09-13,296.53,2205535
2024-09-16,296.69,2916205
2024-09-17,293.75,2997493
2024-09-18,292.03,1788384
2024-09-19,293.85,2271388
2024-09-20,296.83,5817302
2024-09-23,299.06,2312365
2024-09-24,300.27,2408175
2024-09-25,300.47,1986241
2024-09-26,303.65,1971134
2024-09-27,303.69,3402999
2024-09-30,304.51,2286978
2024-10-01,302.98,3036208
2024-10-02,303.76,2352436
2024-10-03,303.45,1802561
2024-10-04,303.76,2432634
2024-10-07,300.85,2091776
2024-10-08,301.9,2038348
2024-10-09,303.83,1854155
2024-10-10,304.04,1739458
2024-10-11,305.04,1775710
2024-10-14,309.84,2376310
2024-10-15,313.34,3067090
2024-10-16,312.92,1821486
2024-10-17,314.7,3095192
2024-10-18,316.56,2531197
2024-10-21,314.89,2404056
2024-10-22,314.69,5889115
2024-10-23,298.57,18791952
2024-10-24,301.58,5522591
2024-10-25,292.61,8863234
2024-10-28,296.79,6655971
2024-10-29,295.0,9048877
2024-10-30,291.52,4924013
2024-10-31,292.11,4277428
2024-11-01,295.21,4131804
2024-11-04,292.85,2583053
2024-11-05,297.32,3032122
2024-11-06,294.0,4646422
2024-11-07,294.66,3357377
2024-11-08,298.97,3279284
2024-11-11,301.53,2872440
2024-11-12,298.65,2453194
2024-11-13,296.46,2327101
2024-11-14,298.56,1932557
2024-11-15,292.63,4039432
2024-11-18,291.1,2866132
2024-11-19,290.73,2353251
2024-11-20,290.91,2525012
2024-11-21,288.47,4475662
2024-11-22,290.28,2879063
2024-11-25,296.19,5021843
2024-11-26,296.33,2254326
2024-11-27,295.08,2240280
2024-11-29,296.01,1655907
2024-12-02,292.44,3150151
2024-12-03,294.5,3030992
2024-12-04,295.09,3742938
2024-12-05,299.47,2594816
2024-12-06,298.98,4158690
2024-12-09,301.37,2391898
2024-12-10,300.71,3522974
2024-12-11,296.1,3037616
2024-12-12,296.63,2040653
2024-12-13,296.6,2547703
2024-12-16,297.71,3180071
2024-12-17,296.08,3295881
2024-12-18,290.88,3800945
2024-12-19,290.23,3438533
2024-12-20,292.68,7677952
2024-12-23,291.29,2492226
2024-12-24,293.99,1460985
2024-12-26,294.8,1434337
2024-12-27,293.62,1617399
2024-12-30,289.6,1936678
2024-12-31,289.89,1915847
2025-01-02,292.51,6236524
2025-01-03,294.78,4480508
2025-01-06,292.18,5677866
2025-01-07,289.34,6838900
2025-01-08,286.9,5448434
2025-01-10,282.31,7815004
2025-01-13,283.63,6788582
2025-01-14,281.58,4477778
2025-01-15,282.3,5735562
2025-01-16,279.74,6753362
2025-01-17,280.95,6625586
2025-01-21,282.61,7717180
2025-01-22,281.35,7321200
2025-01-23,284.43,4558816
2025-01-24,285.46,5046794
2025-01-27,293.09,8686038
2025-01-28,291.15,6360740
2025-01-29,290.11,4716544
2025-01-30,290.32,4250300
2025-01-31,288.7,5114066
2025-02-03,290.05,6098286
2025-02-04,289.77,5954204
2025-02-05,288.83,4726336
2025-02-06,294.36,7179976
2025-02-07,294.3,5716032
2025-02-10,308.42,16097894
2025-02-11,310.21,8361524
2025-02-12,307.6,6220456
2025-02-13,310.02,6194350
2025-02-14,308.55,5348708
2025-02-18,304.83,6736180
2025-02-19,301.94,5981702
2025-02-20,303.05,6040048
2025-02-21,304.81,6073308
2025-02-24,307.57,6795106
2025-02-25,310.72,7783110
2025-02-26,304.27,8281816
2025-02-27,309.95,6701446
2025-02-28,308.33,9945744
2025-03-03,304.29,8742928
2025-03-04,305.77,7909382
2025-03-05,307.45,4654944
2025-03-06,310.37,5909840
2025-03-07,321.29,15197232
2025-03-10,317.25,9415184
2025-03-11,306.76,9026270
2025-03-12,299.4,9092480
2025-03-13,297.5,8357764
2025-03-14,299.83,5393958
2025-03-17,303.97,5517256
2025-03-18,303.6,4870836
2025-03-19,306.92,5624424
2025-03-20,307.0,5446974
2025-03-21,305.1903,12032276
2025-03-21,305.0155,6016138
2025-03-24,305.67,3443511
2025-03-25,306.92,2657170
2025-03-26,314.4154,5249996
2025-03-27,312.69,6238910
2025-03-28,307.09,3211862
2025-03-31,312.37,4418823
2025-04-01,313.63,2411454
2025-04-02,309.5355,5553510
2025-04-03,318.27,7023851
2025-04-04,299.1355,8831090
2025-04-04,300.5155,8831090
2025-04-07,299.89,7725857
2025-04-08,299.5055,11124924
2025-04-09,303.96,8265701
2025-04-10,306.6755,12099086
2025-04-11,310.2155,4440059
2025-04-14,316.07,4068713
2025-04-15,312.5655,5802734
2025-04-16,308.0155,6198156
2025-04-17,311.3,5456920
2025-04-21,308.72,2669905
2025-04-22,320.804,8401416
2025-04-23,318.526,6420268
2025-04-24,316.22,2479485
2025-04-25,316.7555,2283147
2025-04-25,316.7655,2283147
2025-04-28,316.81,5156512
2025-04-29,314.5,3164531
2025-04-30,319.65,5564594
2025-05-01,313.6555,10373716
2025-05-02,311.9755,3994578
2025-05-02,312.1155,3994578
2025-05-05,315.4524,7068602
2025-05-06,316.79,2691660
2025-05-07,318.13,5452490
2025-05-08,313.49,2131496
2025-05-09,311.8512,1917830
2025-05-12,311.92,4137861
2025-05-13,308.69,3018600
2025-05-14,307.5,2657043
2025-05-15,314.48,2928718
2025-05-16,317.7655,2637287
2025-05-19,321.23,2749002
2025-05-20,319.5155,4069934
2025-05-21,316.44,2386740
2025-05-22,314.31,2642001
2025-05-23,311.8955,2701615
2025-05-27,314.95,5054032
2025-05-28,312.4655,3871290
2025-05-29,311.86,2248937
2025-05-30,313.8655,4062917
2025-05-30,313.8655,4062917
2025-06-02,312.68,2577048
2025-06-03,312.39,3028181
2025-06-04,311.57,2069546
2025-06-05,308.98,3817236
2025-06-06,307.3655,2622767
2025-06-06,307.5355,2622767
2025-06-09,304.78,8119542
2025-06-10,300.4055,9397402
2025-06-11,301.8154,6625020
2025-06-12,303.16,2584667
2025-06-13,303.0055,2435628
2025-06-16,296.3156,8091332
2025-06-17,292.5147,6757950
2025-06-18,289.63,4008675
2025-06-18,290.0055,4008675
2025-06-20,287.5055,7084966
2025-06-20,287.4155,7084966
2025-06-23,289.878,10344988
2025-06-24,291.47,4461222
2025-06-25,285.8155,8519526
2025-06-26,285.63,5354904
2025-06-27,291.6655,7422178
2025-06-27,292.0155,7422178
2025-06-30,292.2217,10109504
2025-07-01,297.49,5121903
2025-07-02,294.63,4021460
2025-07-03,294.08,1678596
2025-07-07,293.5455,6808558
2025-07-08,291.67,3123607
2025-07-09,293.02,3266050
2025-07-10,298.39,5368072
2025-07-11,298.4559,4524080
2025-07-14,301.88,5707576
2025-07-15,299.62,2937595
2025-07-16,298.9,2804844
2025-07-17,300.37,3134529
2025-07-18,296.4965,3481263
2025-07-18,297.4555,3481263
2025-07-21,295.74,3037506
2025-07-22,299.0355,5344042
2025-07-23,297.0664,4935218
2025-07-24,294.48,4426029
2025-07-25,298.1655,3401033
2025-07-25,298.2655,3401033
2025-07-28,299.22,6140940
2025-07-29,302.67,6296168
2025-07-30,303.61,5611838
2025-07-31,300.07,7279176
2025-08-01,302.89,3344793
2025-08-04,304.0336,9468930
2025-08-05,299.5655,8445814
2025-08-06,307.6755,12948608
2025-08-07,307.5155,7206950
2025-08-08,305.8754,2622369
2025-08-11,304.3055,5297912
2025-08-12,301.64,3440070
2025-08-13,305.0855,5998668
2025-08-14,308.95,4699435
2025-08-15,308.9455,3416604
2025-08-18,308.7,3272917
2025-08-19,310.93,2893574
2025-08-20,313.08,3880218
2025-08-21,313.22,4564888
2025-08-22,313.3638,2796930
2025-08-25,313.44,2944405
2025-08-26,312.94,2807730
2025-08-27,311.43,3234836
2025-08-28,312.22,3471683
2025-08-29,313.5155,2492471
2025-08-29,313.8855,2492471
2025-09-02,315.3655,6457302
2025-09-03,316.1655,6439466
2025-09-04,317.8493,5763056
2025-09-05,313.7323,2533259
2025-09-08,312.6155,5747594
2025-09-09,312.52,2310842
2025-09-10,305.94,3479927
2025-09-11,308.43,2761496
2025-09-12,306.0155,2072848
2025-09-15,302.07,3584545
2025-09-16,303.29,3578515
2025-09-17,304.97,2681606
2025-09-18,301.14,4654057
2025-09-19,302.3955,5696853
2025-09-19,302.9955,5696853
2025-09-22,302.99,3657877
2025-09-23,303.19,2976905
2025-09-24,304.33,2427617
2025-09-25,302.3,5116706
2025-09-26,305.24,2284795
2025-09-29,302.99,6147670
2025-09-30,303.89,5280872
2025-10-01,300.52,3055347
2025-10-02,299.88,2690402
2025-10-03,300.8355,2599053
2025-10-03,300.9155,2599053
2025-10-06,296.04,3814151
2025-10-07,296.32,2516057
2025-10-08,294.5255,4929132
2025-10-09,293.81,2802739
2025-10-10,295.8155,4016226
2025-10-10,296.0155,4016226
2025-10-13,300.11,3369584
2025-10-14,304.56,2992849
2025-10-15,305.25,2522103
2025-10-16,304.0155,4043216
2025-10-17,307.5155,2194185
2025-10-20,307.77,2329755
2025-10-21,307.48,2461407
2025-10-22,310.11,2735723
2025-10-23,307.7355,4163054
2025-10-24,305.8555,1994545
2025-10-27,310.0,2139674
2025-10-28,306.4,2336495
2025-10-29,301.6855,5004522
2025-10-30,301.5255,6256796
2025-10-31,299.3822,7165438
2025-10-31,298.4855,3582719
2025-11-03,296.37,3899313
2025-11-04,299.1455,8302518
2025-11-05,305.8055,12140668
2025-11-06,299.0655,7089738
2025-11-07,299.66,3250197
2025-11-07,300.3655,3250197
2025-11-10,298.9155,7648668
2025-11-11,306.5455,5511598
2025-11-12,306.94,2818642
2025-11-13,307.58,2294288
2025-11-14,307.2455,6225148
2025-11-14,307.4862,3112574
2025-11-17,304.9,2435713
2025-11-18,304.59,2774197
2025-11-19,301.5355,4017042
2025-11-20,304.8455,8410266
2025-11-21,309.35,3348908
2025-11-24,305.5361,7374660
2025-11-25,310.1835,8379830
2025-11-26,312.4,2786843
2025-11-26,312.3155,2786843
2025-11-28,311.82,3701374
2025-12-01,303.8855,6708162
2025-12-02,300.72,3947816
2025-12-03,307.71,4986897
2025-12-04,308.2155,9264738
2025-12-05,311.23,3147587
2025-12-08,309.79,3575017
2025-12-09,310.79,2355256
2025-12-10,310.53,4104201
2025-12-11,309.71,4844183
2025-12-12,316.5055,7543870
2025-12-15,317.9539,7629720
2025-12-16,314.5155,5945046
2025-12-17,319.0155,6658004
2025-12-18,319.8318,6670442
2025-12-19,316.0655,14257410
2025-12-22,316.22,2514579
2025-12-23,310.84,2922808
2025-12-24,313.33,2022966
2025-12-26,310.68,1308854
2025-12-26,310.9931,1308854
2025-12-29,308.53,2148502
2025-12-30,308.0355,3357484
2025-12-31,305.5405,3807402
2026-01-02,303.0155,6248974
2026-01-05,299.86,4573300
2026-01-06,304.4855,7538204
2026-01-07,304.1755,8201072
2026-01-08,308.88,3268280
2026-01-09,307.3485,5943946
2026-01-12,306.75,3206608
2026-01-13,309.44,2967887
2026-01-14,308.13,2949126
2026-01-15,308.4952,6379240
2026-01-16,307.3527,5181186
2026-01-20,302.84,3017998
2026-01-21,305.69,3630850
2026-01-22,306.0455,5618712
2026-01-23,308.6107,4700894
2026-01-23,308.3355,2350447
2026-01-26,312.95,3385352
2026-01-27,314.1455,5013660
2026-01-28,312.8,2184937
2026-01-29,315.1855,6422518
2026-01-30,314.7155,5966554
2026-01-30,314.9155,2983277
2026-02-02,318.53,3309834
2026-02-03,319.5655,8087164
2026-02-04,323.69,4805925
2026-02-05,323.5155,7873550
2026-02-06,327.16,2831866
2026-02-09,325.6,2674131
2026-02-10,326.3049,7005856
2026-02-11,322.0775,9106362
2026-02-12,331.5155,12999462
2026-02-13,327.58,3587877
2026-02-17,327.62,3367458
2026-02-18,327.5155,7323666
2026-02-19,327.11,4032263
2026-02-20,329.23,3862815
2026-02-20,328.7455,3862815
2026-02-23,334.56,3806208
2026-02-24,333.05,2757122
2026-02-25,333.0255,5625358
2026-02-26,334.53,2425874
2026-02-27,341.06,8538236
2026-03-02,334.82,4555391
2026-03-03,332.17,2901086
2026-03-04,331.74,2455855
2026-03-05,327.45,8648753
2026-03-06,328.06,3341442
2026-03-07,329.5055,0
2026-03-09,330.8,3407455
2026-03-10,327.94,2391384
2026-03-11,323.7655,4404059
2026-03-12,323.5155,5279896
2026-03-13,326.46,2449753
2026-03-13,326.3955,2449753
2026-03-16,327.0055,5169262
2026-03-16,326.3,5022446
2026-03-17,315.73,5476169
2026-03-19,309.58,6724534
2026-03-20,310.8455,9816195
2026-03-20,310.5055,6436566
2026-03-23,308.47,3003247
2026-03-24,309.0055,5910622
2026-03-25,311.7,3714396
2026-03-26,309.0255,6051430
2026-03-27,305.9,3137153
2026-03-27,305.7655,3137152
2026-03-30,308.53,3569617
2026-03-31,310.79,3021254
2026-04-01,307.29,3887414
2026-04-02,307.14,2649054
2026-04-02,307.14,2649053
2026-04-06,309.76,1815978
2026-04-07,304.85,3849725
2026-04-08,307.01,4155111
2026-04-09,309.55,2483944
2026-04-10,305.68,2708367
2026-04-13,304.51,2871817
2026-04-14,303.22,3150078
2026-04-15,306.26,2976506
2026-04-16,306.96,2334796
2026-04-17,311.36,3225454
2026-04-20,306.94,2394850
2026-04-21,301.84,2707651
2026-04-22,300.07,2845611
2026-04-23,302.53,3064345
2026-04-24,299.36,3847762
2026-04-27,290.21,4984980
2026-04-28,292.39,4087067
2026-04-29,290.08,3492958
2026-04-30,293.59,4137679
2026-05-01,286.64,3761819
2026-05-04,284.1,3750501
2026-05-05,285.1700134277344,4007100
2026-05-06,284.1000061035156,4807900
2026-05-07,283.70001220703125,6613800
2026-05-08,275.75,6044100
2026-05-11,274.6000061035156,5849000
2026-05-12,274.8399963378906,4366600
2026-05-13,275.70001220703125,3444800
2026-05-14,274.9700012207031,3421260
2026-05-15,276.3900146484375,3866400
2026-05-18,282.4700012207031,3969300
2026-05-19,280.79998779296875,3508711
2026-05-20,279.0199890136719,955395
2026-05-21,282.3949890136719,861335
2026-05-22,281.239990234375,789810
2026-05-26,279.9035949707031,965766
2026-05-27,282.5,922027
2026-05-28,278.3599853515625,954187
2026-05-29,279.1549987792969,855941
2026-06-01,274.8299865722656,1166980
2026-06-02,275.46978759765625,856414
2026-06-03,275.0299987792969,929599
2026-06-04,274.8949890136719,878747
2026-06-05,277.7099914550781,1183458
2026-06-08,277.7799987792969,3842300
2026-06-09,282.25,5424400
2026-06-10,286.0350036621094,1220513
2026-06-11,282.04998779296875,848406
2026-06-12,286.8800048828125,1111446
2026-06-15,286.3500061035156,1051451
2026-06-16,287.6664123535156,1336920
2026-06-17,285.82501220703125,507055
2026-06-18,281.20001220703125,1801447
2026-06-22,274.5,1220753
2026-06-23,271.6600036621094,3781600
2026-06-24,273.8800048828125,3892213
2026-06-25,264.5400085449219,4819246
2026-06-26,269.760009765625,4493553
2026-06-29,266.30999755859375,1598115
2026-06-30,270.30999755859375,3546517
2026-07-01,269.42999267578125,2943242
2026-07-02,280.6300048828125,6774189
2026-07-06,274.4100036621094,1944162
2026-07-07,282.2099914550781,3024855
2026-07-08,278.17498779296875,256581
2026-07-09,276.489990234375,3537245
2026-07-10,274.6000061035156,2423393
2026-07-13,271.7699890136719,1139630
2026-07-14,268.94000244140625,3828332
2026-07-15,264.95001220703125,6033786
2026-07-16,273.4599914550781,4803700
2026-07-17,267.7099914550781,3570781
2026-07-20,267.6400146484375,3686575
2026-07-21,263.9100036621094,3531900
2026-07-22,263.57000732421875,4521500
2026-07-23,262.79998779296875,3661917
2026-07-27,269.5299987792969,1415728
2026-07-29,271.9049987792969,1013268
2026-07-30,268.44000244140625,4040200
2026-07-31,270.6400146484375,4411629
2026-08-03,265.2300109863281,7418100
2026-08-04,268.29998779296875,3436817
2026-08-05,272.9049987792969,2480144
2026-08-06,276.260009765625,4007645
2026-08-07,274.4800109863281,4906500
2026-08-10,272.2850036621094,2479966
2026-08-11,274.1499938964844,3029200
2026-08-12,275.70001220703125,4304988
2026-08-13,272.25,4016800
2026-08-14,272.8299865722656,2733300
2026-08-18,269.7799987792969,1065921
2026-08-19,269.7550048828125,1591223
2026-08-20,269.1300048828125,2829706
2026-08-21,270.95001220703125,3774172
2026-08-24,272.4800109863281,1155107
2026-08-25,268.1000061035156,3192700
2026-08-26,266.92999267578125,4172227
2026-08-27,262.0202941894531,2522893
2026-08-28,263.7850036621094,1291817
2026-08-31,264.8900146484375,1185538
2026-09-01,261.1099853515625,3701000
2026-09-02,260.95001220703125,5087715
2026-09-03,259.6300048828125,4467930
2026-09-04,256.70001220703125,1762965
2026-09-08,255.3000030517578,1362229
2026-09-09,253.47999572753906,4371287
2026-09-10,253.61500549316406,1654385
2026-09-11,253.11500549316406,1702077
2026-09-14,257.7349853515625,1677558
2026-09-15,255.26499938964844,1129359
2026-09-16,250.19000244140625,2953808
2026-09-17,248.47999572753906,4880315
2026-09-18,248.17999267578125,1155069
2026-09-21,247.64500427246094,2460990
2026-09-22,251.14500427246094,1798883
2026-09-23,238.32000732421875,16508084
2026-09-24,237.02000427246094,7211680
2026-09-25,236.5,6530000
2026-09-28,234.72000122070312,1678376
2026-09-29,233.97999572753906,5212070
2026-09-30,230.94000244140625,5559400
