date,close,volume
2014-01-02,47.22328186035156,8265052
2014-01-03,47.45228958129883,6743880
2014-01-06,47.461830139160156,10408107
2014-01-07,47.814884185791016,10475598
2014-01-08,47.50954055786133,14353094
2014-01-09,47.25190734863281,9771447
2014-01-10,47.595420837402344,8533969
2014-01-13,50.6870231628418,39081282
2014-01-14,50.57251739501953,22207854
2014-01-15,50.114505767822266,10991424
2014-01-16,50.095420837402344,8142541
2014-01-17,49.57061004638672,17563222
2014-01-21,49.45610809326172,11565204
2014-01-22,48.99809265136719,11164973
2014-01-23,49.23664093017578,16639934
2014-01-24,49.59923553466797,19137842
2014-01-27,50.124046325683594,32490096
2014-01-28,50.4484748840332,15801954
2014-01-29,49.818702697753906,20274713
2014-01-30,51.05915832519531,18205646
2014-01-31,50.54389190673828,17071920
2014-02-03,49.69465637207031,16232053
2014-02-04,51.05915832519531,19054631
2014-02-05,51.078243255615234,25682602
2014-02-06,51.3072509765625,12832550
2014-02-07,52.261451721191406,15192961
2014-02-10,52.375953674316406,11118861
2014-02-11,53.14885330200195,16089525
2014-02-12,52.48091506958008,14283926
2014-02-13,52.57633590698242,10735083
2014-02-14,52.90076446533203,9098631
2014-02-18,53.139312744140625,11738753
2014-02-19,52.51908493041992,10791361
2014-02-20,53.25381851196289,10619489
2014-02-21,53.463741302490234,12226597
2014-02-24,53.606868743896484,11541100
2014-02-25,53.34923553466797,8923196
2014-02-26,53.6927490234375,10626196
2014-02-27,54.064884185791016,9490164
2014-02-28,54.3797721862793,12457157
2014-03-03,53.83587646484375,10293246
2014-03-04,54.446563720703125,11523703
2014-03-05,54.274810791015625,9476330
2014-03-06,54.63740539550781,11114774
2014-03-07,54.83778762817383,11144642
2014-03-10,54.69465637207031,7737594
2014-03-11,54.093509674072266,11408004
2014-03-12,54.20801544189453,9954218
2014-03-13,53.23473358154297,10605760
2014-03-14,53.14885330200195,12699454
2014-03-17,53.683204650878906,9965851
2014-03-18,53.77862548828125,7410303
2014-03-19,53.42557144165039,10530723
2014-03-20,53.04389190673828,8866918
2014-03-21,52.156490325927734,24549295
2014-03-24,51.316795349121094,16244838
2014-03-25,52.66221237182617,14793254
2014-03-26,53.45419692993164,13701133
2014-03-27,53.17748260498047,11657742
2014-03-28,53.41603088378906,9390394
2014-03-31,54.16984558105469,14861898
2014-04-01,53.788169860839844,8085739
2014-04-02,53.874046325683594,7398880
2014-04-03,53.635494232177734,8712129
2014-04-04,53.549617767333984,10912614
2014-04-07,52.66221237182617,11974762
2014-04-08,52.51908493041992,11283606
2014-04-09,54.48473358154297,16881708
2014-04-10,53.29198455810547,18883388
2014-04-11,53.35877990722656,14286022
2014-04-14,53.024810791015625,11304776
2014-04-15,53.48282241821289,11677759
2014-04-16,53.683204650878906,10098004
2014-04-17,53.88358688354492,11804358
2014-04-21,54.627864837646484,6530088
2014-04-22,55.124046325683594,14642866
2014-04-23,54.86641311645508,8107433
2014-04-24,54.89503860473633,7037110
2014-04-25,54.61832046508789,6526630
2014-04-28,54.08396911621094,17807826
2014-04-29,56.03053283691406,14317252
2014-04-30,55.877864837646484,14211299
2014-05-01,56.889312744140625,12287276
2014-05-02,55.553436279296875,12659106
2014-05-05,55.94465637207031,8525480
2014-05-06,54.4942741394043,14502538
2014-05-07,53.28244400024414,24009575
2014-05-08,52.318702697753906,15061227
2014-05-09,52.681297302246094,12979480
2014-05-12,52.757633209228516,8473080
2014-05-13,53.196563720703125,9389032
2014-05-14,53.788169860839844,8171780
2014-05-15,53.33015441894531,9346588
2014-05-16,53.31106948852539,9496976
2014-05-19,53.76908493041992,7880226
2014-05-20,53.435115814208984,8232983
2014-05-21,53.988548278808594,6970143
2014-05-22,53.902671813964844,7522544
2014-05-23,54.20801544189453,6343544
2014-05-27,54.093509674072266,7652286
2014-05-28,53.816795349121094,7171569
2014-05-29,55.0572509765625,8922358
2014-05-30,55.209922790527344,12071912
2014-06-02,55.27671813964844,6733924
2014-06-03,55.257633209228516,7417849
2014-06-04,55.27671813964844,7205419
2014-06-05,55.43893051147461,8007349
2014-06-06,55.200382232666016,7024954
2014-06-09,55.286258697509766,8470879
2014-06-10,55.81106948852539,8031558
2014-06-11,56.11641311645508,12258246
2014-06-12,55.6297721862793,10022967
2014-06-13,55.57251739501953,8801628
2014-06-16,55.41030502319336,8102612
2014-06-17,55.40076446533203,6567502
2014-06-18,55.73473358154297,8213176
2014-06-19,55.6297721862793,6300471
2014-06-20,56.22137451171875,15110064
2014-06-23,55.82061004638672,7393011
2014-06-24,55.26717758178711,8550108
2014-06-25,56.16412353515625,13911466
2014-06-26,55.84923553466797,7585738
2014-06-27,54.89503860473633,18115414
2014-06-30,55.200382232666016,9154280
2014-07-01,55.83015441894531,9262224
2014-07-02,56.345420837402344,7274168
2014-07-03,56.488548278808594,5470665
2014-07-07,55.83969497680664,9721458
2014-07-08,55.5057258605957,8667065
2014-07-09,55.86832046508789,7271758
2014-07-10,55.89694595336914,5851718
2014-07-11,55.76335906982422,6399926
2014-07-14,55.51526641845703,8781297
2014-07-15,55.257633209228516,10645689
2014-07-16,55.48664093017578,7131640
2014-07-17,54.961830139160156,6968886
2014-07-18,55.667938232421875,7789470
2014-07-21,55.343509674072266,7436294
2014-07-22,55.75381851196289,6821642
2014-07-23,55.4484748840332,6594435
2014-07-24,55.54389190673828,10547282
2014-07-25,55.48664093017578,5790305
2014-07-28,55.314884185791016,9013534
2014-07-29,55.89694595336914,10823744
2014-07-30,55.41984558105469,8438286
2014-07-31,54.14122009277344,10604712
2014-08-01,54.1984748840332,10627768
2014-08-04,54.446563720703125,9064676
2014-08-05,53.463741302490234,9464698
2014-08-06,53.36832046508789,12865038
2014-08-07,53.09160232543945,7561844
2014-08-08,53.959922790527344,7421412
2014-08-11,54.064884185791016,5763057
2014-08-12,54.417938232421875,7430530
2014-08-13,55.200382232666016,11172414
2014-08-14,56.08778762817383,8313050
2014-08-15,55.92557144165039,9481046
2014-08-18,55.7442741394043,9897207
2014-08-19,56.211830139160156,7791880
2014-08-20,56.7557258605957,7376243
2014-08-21,56.154579162597656,8013846
2014-08-22,56.459922790527344,5436605
2014-08-25,56.9942741394043,5418998
2014-08-26,57.4427490234375,9663189
2014-08-27,57.51908493041992,6860942
2014-08-28,57.25190734863281,5492568
2014-08-29,57.356868743896484,5990158
2014-09-02,57.0515251159668,6345116
2014-09-03,57.709922790527344,9532818
2014-09-04,57.328243255615234,11327832
2014-09-05,58.377864837646484,11259922
2014-09-08,58.25381851196289,8824579
2014-09-09,57.786258697509766,7800998
2014-09-10,57.97710037231445,9655014
2014-09-11,57.347328186035156,8158890
2014-09-12,56.82251739501953,7358846
2014-09-15,56.79389190673828,8110367
2014-09-16,57.242366790771484,9479579
2014-09-17,57.13740539550781,10764218
2014-09-18,57.54771041870117,8388297
2014-09-19,57.71946716308594,15175774
2014-09-22,57.80534362792969,9767884
2014-09-23,57.51908493041992,8396681
2014-09-24,57.595420837402344,12015949
2014-09-25,56.90839767456055,9109006
2014-09-26,56.66984558105469,11303938
2014-09-29,56.68893051147461,9137722
2014-09-30,56.564884185791016,9691170
2014-10-01,56.020992279052734,9525167
2014-10-02,56.154579162597656,8499070
2014-10-03,57.156490325927734,9056606
2014-10-06,56.85114669799805,7456101
2014-10-07,55.78244400024414,9977065
2014-10-08,57.42366409301758,12909474
2014-10-09,56.49809265136719,9008398
2014-10-10,55.97328186035156,11826890
2014-10-13,53.568702697753906,15518470
2014-10-14,53.75,11460718
2014-10-15,52.22328186035156,19687518
2014-10-16,50.98282241821289,22905298
2014-10-17,51.54580307006836,20664569
2014-10-20,51.57442855834961,12643177
2014-10-21,52.60496139526367,18119815
2014-10-22,52.96755599975586,13520982
2014-10-23,54.036258697509766,12419953
2014-10-24,54.97137451171875,8966059
2014-10-27,53.864505767822266,15111007
2014-10-28,53.29198455810547,25111338
2014-10-29,53.625953674316406,13092559
2014-10-30,54.685115814208984,13484197
2014-10-31,55.286258697509766,14741273
2014-11-03,56.22137451171875,10667487
2014-11-04,56.65076446533203,11882643
2014-11-05,56.84160232543945,13287382
2014-11-06,56.54580307006836,14003481
2014-11-07,56.622135162353516,11122424
2014-11-10,56.11641311645508,15299228
2014-11-11,56.65076446533203,13942173
2014-11-12,56.593509674072266,6988902
2014-11-13,56.8129768371582,6965951
2014-11-14,56.364505767822266,7472869
2014-11-17,56.73664093017578,8982722
2014-11-18,57.14694595336914,8030824
2014-11-19,56.90839767456055,7655011
2014-11-20,56.66030502319336,7064673
2014-11-21,56.92748260498047,11800899
2014-11-24,56.536258697509766,8895424
2014-11-25,56.622135162353516,10824373
2014-11-26,57.01335906982422,6582069
2014-11-28,57.63358688354492,6505355
2014-12-01,57.74809265136719,8671257
2014-12-02,57.99618148803711,6755408
2014-12-03,57.80534362792969,10197564
2014-12-04,58.1297721862793,7456101
2014-12-05,58.67366409301758,11708046
2014-12-08,59.04580307006836,11941646
2014-12-09,57.261451721191406,19679554
2014-12-10,57.23282241821289,13889878
2014-12-11,56.622135162353516,11857177
2014-12-12,55.07633590698242,12702179
2014-12-15,54.34160232543945,12759610
2014-12-16,54.1984748840332,11752272
2014-12-17,54.99045944213867,13271662
2014-12-18,56.27862548828125,14000651
2014-12-19,56.85114669799805,18208162
2014-12-22,56.25954055786133,10491004
2014-12-23,54.58969497680664,14845339
2014-12-24,54.828243255615234,5293448
2014-12-26,55.13358688354492,4897094
2014-12-29,55.08587646484375,6291982
2014-12-30,55.00954055786133,5486070
2014-12-31,54.18893051147461,7842813
2015-01-02,54.57061004638672,7415962
2015-01-05,55.38167953491211,16727338
2015-01-06,57.5572509765625,25453510
2015-01-07,58.788169860839844,19528956
2015-01-08,59.97137451171875,20038808
2015-01-09,59.69465637207031,13245358
2015-01-12,59.446563720703125,12124312
2015-01-13,59.34160232543945,10516890
2015-01-14,59.770992279052734,10331289
2015-01-15,59.04580307006836,10023701
2015-01-16,60.143131256103516,11917018
2015-01-20,59.742366790771484,13734983
2015-01-21,59.3129768371582,9517307
2015-01-22,59.72328186035156,8902131
2015-01-23,59.627864837646484,6528097
2015-01-26,59.9427490234375,7036901
2015-01-27,59.69465637207031,8347425
2015-01-28,58.635494232177734,9293769
2015-01-29,59.24618148803711,9527682
2015-01-30,57.51908493041992,12667071
2015-02-02,58.09160232543945,9711502
2015-02-03,58.225189208984375,12028420
2015-02-04,56.345420837402344,20380142
2015-02-05,56.459922790527344,13268099
2015-02-06,56.097328186035156,10338310
2015-02-09,55.65839767456055,10494777
2015-02-10,56.154579162597656,9997291
2015-02-11,56.049617767333984,10987127
2015-02-12,56.183204650878906,7553670
2015-02-13,56.11641311645508,8278466
2015-02-17,56.097328186035156,10676290
2015-02-18,56.106868743896484,11039842
2015-02-19,55.6297721862793,10308338
2015-02-20,55.67748260498047,12161830
2015-02-23,55.6297721862793,9002215
2015-02-24,55.6870231628418,8084377
2015-02-25,55.81106948852539,8861050
2015-02-26,56.25954055786133,12040577
2015-02-27,55.85877990722656,13686775
2015-03-02,55.89694595336914,10131226
2015-03-03,55.667938232421875,8647362
2015-03-04,55.229007720947266,13975290
2015-03-05,55.32442855834961,12087737
2015-03-06,54.23664093017578,11595806
2015-03-09,54.63740539550781,8742416
2015-03-10,53.988548278808594,13755000
2015-03-11,53.492366790771484,16417234
2015-03-12,53.597328186035156,13576106
2015-03-13,53.625953674316406,13700399
2015-03-16,54.50381851196289,12073798
2015-03-17,53.88358688354492,10479371
2015-03-18,55.00954055786133,15645068
2015-03-19,55.54389190673828,15149783
2015-03-20,55.89694595336914,27367472
2015-03-23,56.040077209472656,11170108
2015-03-24,55.94465637207031,13692434
2015-03-25,55.59160232543945,14712243
2015-03-26,54.961830139160156,11090879
2015-03-27,55.10496139526367,8932628
2015-03-30,55.667938232421875,8582072
2015-03-31,54.847328186035156,10960718
2015-04-01,54.2557258605957,13322386
2015-04-02,54.48473358154297,7947508
2015-04-06,54.56106948852539,13256362
2015-04-07,54.799617767333984,9723658
2015-04-08,54.53244400024414,14210566
2015-04-09,54.799617767333984,12582288
2015-04-10,54.627864837646484,16251860
2015-04-13,54.13167953491211,10983983
2015-04-14,55.114505767822266,15359698
2015-04-15,55.77289962768555,12690022
2015-04-16,55.19084167480469,6717051
2015-04-17,54.274810791015625,12223243
2015-04-20,54.97137451171875,10439547
2015-04-21,55.01908493041992,9699764
2015-04-22,55.04771041870117,8294501
2015-04-23,54.875953674316406,8742416
2015-04-24,54.961830139160156,8244092
2015-04-27,54.48473358154297,11108381
2015-04-28,57.23282241821289,36398298
2015-04-29,56.946563720703125,18017216
2015-04-30,56.832061767578125,13636995
2015-05-01,57.11832046508789,9806660
2015-05-04,57.86259460449219,9484819
2015-05-05,57.71946716308594,12662041
2015-05-06,57.5,12126303
2015-05-07,57.538169860839844,9433048
2015-05-08,57.95801544189453,10630283
2015-05-11,57.25190734863281,10185407
2015-05-12,56.71755599975586,13825111
2015-05-13,56.46946716308594,7672303
2015-05-14,57.04198455810547,7469410
2015-05-15,57.47137451171875,8033654
2015-05-18,57.261451721191406,7535539
2015-05-19,57.74809265136719,8518878
2015-05-20,57.69084167480469,6324575
2015-05-21,57.347328186035156,8424872
2015-05-22,56.66030502319336,9421939
2015-05-26,56.26908493041992,11378870
2015-05-27,56.73664093017578,10193582
2015-05-28,56.96564865112305,9987545
2015-05-29,58.10114669799805,20976349
2015-06-01,57.96755599975586,12374155
2015-06-02,57.48091506958008,9424664
2015-06-03,57.624046325683594,9078195
2015-06-04,56.74618148803711,11350154
2015-06-05,56.288169860839844,11404126
2015-06-08,56.17366409301758,8434094
2015-06-09,56.14503860473633,6754570
2015-06-10,56.8797721862793,10713914
2015-06-11,56.211830139160156,12199034
2015-06-12,55.21946716308594,16571290
2015-06-15,54.50381851196289,10591612
2015-06-16,55.066795349121094,7303407
2015-06-17,55.257633209228516,8297330
2015-06-18,55.906490325927734,7797644
2015-06-19,55.38167953491211,13218948
2015-06-22,56.135494232177734,8763900
2015-06-23,56.32633590698242,8772808
2015-06-24,55.57251739501953,8288003
2015-06-25,55.24809265136719,10428858
2015-06-26,55.81106948852539,13711718
2015-06-29,54.66603088378906,10062058
2015-06-30,54.32251739501953,12415970
2015-07-01,54.961830139160156,9830345
2015-07-02,55.02862548828125,8927283
2015-07-06,54.91412353515625,8440697
2015-07-07,55.33396911621094,9467946
2015-07-08,54.72328186035156,9548957
2015-07-09,54.75190734863281,9094334
2015-07-10,55.29580307006836,8433675
2015-07-13,55.21946716308594,9572222
2015-07-14,55.524810791015625,7582385
2015-07-15,55.553436279296875,6024533
2015-07-16,56.125953674316406,5580286
2015-07-17,56.125953674316406,7324367
2015-07-20,56.29771041870117,5970666
2015-07-21,55.98282241821289,7265574
2015-07-22,55.46755599975586,9031454
2015-07-23,55.41030502319336,6750797
2015-07-24,54.78053283691406,8223761
2015-07-27,54.3797721862793,15601576
2015-07-28,54.885494232177734,17173681
2015-07-29,55.85877990722656,13494048
2015-07-30,55.83969497680664,7324996
2015-07-31,56.25954055786133,9172620
2015-08-03,56.345420837402344,7133736
2015-08-04,56.011451721191406,7268718
2015-08-05,56.393131256103516,5976325
2015-08-06,55.75381851196289,7356646
2015-08-07,55.314884185791016,10178595
2015-08-10,55.73473358154297,5294915
2015-08-11,55.114505767822266,7418058
2015-08-12,55.59160232543945,7886514
2015-08-13,56.27862548828125,11483146
2015-08-14,56.46946716308594,9920787
2015-08-17,56.975189208984375,6407158
2015-08-18,56.92748260498047,7123675
2015-08-19,56.92748260498047,8369642
2015-08-20,54.34160232543945,24831731
2015-08-21,53.21564865112305,18478860
2015-08-24,51.51717758178711,26030853
2015-08-25,48.82633590698242,23946590
2015-08-26,51.92748260498047,23989978
2015-08-27,52.433204650878906,16910109
2015-08-28,52.83396911621094,13411256
2015-08-31,51.38358688354492,13537121
2015-09-01,50.124046325683594,16503275
2015-09-02,50.553436279296875,13761078
2015-09-03,50.238548278808594,12732257
2015-09-04,49.22710037231445,15186882
2015-09-08,50.27671813964844,15679233
2015-09-09,49.5515251159668,11650302
2015-09-10,50.30534362792969,14740539
2015-09-11,49.70419692993164,12671158
2015-09-14,49.9427490234375,9213387
2015-09-15,51.097328186035156,12358226
2015-09-16,51.402671813964844,9098107
2015-09-17,51.488548278808594,23894295
2015-09-18,49.742366790771484,30389799
2015-09-21,48.64503860473633,18070978
2015-09-22,48.41603088378906,13409789
2015-09-23,48.6927490234375,10538164
2015-09-24,48.27289962768555,11012698
2015-09-25,47.328243255615234,16058190
2015-09-28,46.20228958129883,21117724
2015-09-29,46.421756744384766,13417439
2015-09-30,47.127864837646484,13287697
2015-10-01,47.10877990722656,15100213
2015-10-02,47.843509674072266,25453719
2015-10-05,48.88358688354492,16643917
2015-10-06,47.51908493041992,17285188
2015-10-07,48.61641311645508,15204594
2015-10-08,48.683204650878906,13144016
2015-10-09,48.61641311645508,11445627
2015-10-12,48.38740539550781,12212658
2015-10-13,47.20419692993164,15621383
2015-10-14,47.270992279052734,14390298
2015-10-15,48.39694595336914,14711300
2015-10-16,49.122135162353516,11624940
2015-10-19,49.04580307006836,8847111
2015-10-20,48.082061767578125,10422255
2015-10-21,48.27289962768555,11810855
2015-10-22,49.627864837646484,19335181
2015-10-23,50.45801544189453,16457268
2015-10-26,50.48664093017578,11502010
2015-10-27,51.020992279052734,14626831
2015-10-28,52.57633590698242,15416080
2015-10-29,52.356868743896484,9334850
2015-10-30,52.156490325927734,11546235
2015-11-02,52.58587646484375,11065937
2015-11-03,52.58587646484375,9658578
2015-11-04,52.98664093017578,8121162
2015-11-05,52.52862548828125,9481046
2015-11-06,52.10877990722656,11237704
2015-11-09,51.7557258605957,9578930
2015-11-10,51.9370231628418,7820490
2015-11-11,51.25954055786133,8954741
2015-11-12,50.60114669799805,8989220
2015-11-13,50.60114669799805,11941436
2015-11-16,51.24045944213867,7239374
2015-11-17,51.25,7468677
2015-11-18,51.74618148803711,11330347
2015-11-19,51.79389190673828,7167482
2015-11-20,51.622135162353516,9362098
2015-11-23,51.536258697509766,9105129
2015-11-24,51.03053283691406,11011546
2015-11-25,51.25954055786133,6370687
2015-11-27,51.488548278808594,3124717
2015-11-30,50.582061767578125,14004634
2015-12-01,52.07061004638672,13620646
2015-12-02,51.35496139526367,10584066
2015-12-03,50.181297302246094,14247665
2015-12-04,51.183204650878906,14343976
2015-12-07,51.22137451171875,9113408
2015-12-08,51.020992279052734,7936714
2015-12-09,50.40076446533203,10854346
2015-12-10,51.23091506958008,12001591
2015-12-11,49.761451721191406,10896999
2015-12-14,49.80915832519531,12575162
2015-12-15,50.47710037231445,12142023
2015-12-16,51.54580307006836,10494986
2015-12-17,50.24809265136719,14165921
2015-12-18,49.274810791015625,22114686
2015-12-21,49.4942741394043,12194633
2015-12-22,49.713741302490234,13830351
2015-12-23,50.553436279296875,7469515
2015-12-24,50.42938995361328,3123145
2015-12-28,50.41984558105469,5068442
2015-12-29,50.89694595336914,6925708
2015-12-30,50.81106948852539,5827194
2015-12-31,50.40076446533203,8690959
2016-01-04,50.07633590698242,17998981
2016-01-05,50.71564865112305,11607124
2016-01-06,50.01908493041992,13064263
2016-01-07,49.58015441894531,13330560
2016-01-08,48.74045944213867,14835698
2016-01-11,48.902671813964844,15057035
2016-01-12,49.389312744140625,11864408
2016-01-13,48.33969497680664,17340837
2016-01-14,49.42748260498047,14219788
2016-01-15,48.79771041870117,16233939
2016-01-19,48.988548278808594,11454116
2016-01-20,48.23473358154297,16684579
2016-01-21,48.58778762817383,12499706
2016-01-22,48.99809265136719,11331814
2016-01-25,48.58778762817383,9725964
2016-01-26,49.093509674072266,9450340
2016-01-27,48.0629768371582,13748817
2016-01-28,46.946563720703125,18996991
2016-01-29,48.34923553466797,17734990
2016-02-01,48.42557144165039,11979898
2016-02-02,48.10114669799805,15614466
2016-02-03,47.757633209228516,20507893
2016-02-04,46.364505767822266,21598442
2016-02-05,47.11832046508789,17693384
2016-02-08,46.593509674072266,13985665
2016-02-09,46.90839767456055,11160257
2016-02-10,47.261451721191406,11565833
2016-02-11,46.61259460449219,11620643
2016-02-12,46.78435134887695,14251018
2016-02-16,47.5,11964178
2016-02-17,48.28244400024414,9770818
2016-02-18,48.01526641845703,10074319
2016-02-19,47.82442855834961,9394482
2016-02-22,48.44465637207031,8143274
2016-02-23,48.225189208984375,8278676
2016-02-24,48.2442741394043,7936190
2016-02-25,48.66412353515625,9110998
2016-02-26,48.32061004638672,9695362
2016-02-29,47.91030502319336,13507358
2016-03-01,49.3797721862793,12686774
2016-03-02,49.875953674316406,12548857
2016-03-03,49.713741302490234,10279622
2016-03-04,49.69465637207031,9521918
2016-03-07,50.229007720947266,7824682
2016-03-08,50.04771041870117,8665912
2016-03-09,49.961830139160156,9589829
2016-03-10,50.610687255859375,12856340
2016-03-11,50.76335906982422,16277955
2016-03-14,50.64885330200195,6846479
2016-03-15,50.01908493041992,9495614
2016-03-16,49.56106948852539,10460402
2016-03-17,49.16984558105469,10038163
2016-03-18,49.856868743896484,15116666
2016-03-21,50.38167953491211,8014161
2016-03-22,50.60114669799805,9748810
2016-03-23,50.64885330200195,10424980
2016-03-24,50.639312744140625,7929378
2016-03-28,50.41030502319336,6337046
2016-03-29,50.877864837646484,7730782
2016-03-30,50.78244400024414,6711287
2016-03-31,50.48664093017578,8735080
2016-04-01,51.24045944213867,9099889
2016-04-04,51.90839767456055,10741581
2016-04-05,51.7557258605957,9432838
2016-04-06,53.082061767578125,13079459
2016-04-07,52.88167953491211,11042566
2016-04-08,52.82442855834961,7322795
2016-04-11,52.52862548828125,7404749
2016-04-12,52.80534362792969,6221976
2016-04-13,53.39694595336914,8849836
2016-04-14,53.864505767822266,8757822
2016-04-15,53.568702697753906,8839251
2016-04-18,53.921756744384766,8168322
2016-04-19,54.2557258605957,8011122
2016-04-20,53.988548278808594,8929903
2016-04-21,54.007633209228516,11040994
2016-04-22,54.14122009277344,7433988
2016-04-25,53.64503860473633,8677650
2016-04-26,53.47328186035156,7573477
2016-04-27,53.73091506958008,7274587
2016-04-28,53.1870231628418,9531246
2016-04-29,52.328243255615234,13862944
2016-05-02,52.76717758178711,10143487
2016-05-03,52.5572509765625,7966058
2016-05-04,52.299617767333984,8075888
2016-05-05,51.61259460449219,11764010
2016-05-06,51.14503860473633,11031562
2016-05-09,51.622135162353516,8358219
2016-05-10,52.17557144165039,6797538
2016-05-11,51.82251739501953,6888399
2016-05-12,51.64122009277344,8640026
2016-05-13,51.41221237182617,7467210
2016-05-16,52.14694595336914,6968257
2016-05-17,51.832061767578125,12360112
2016-05-18,52.16603088378906,7745978
2016-05-19,52.08015441894531,9153127
2016-05-20,52.58587646484375,9047489
2016-05-23,52.404579162597656,5837674
2016-05-24,53.053436279296875,6614138
2016-05-25,53.979007720947266,10052626
2016-05-26,53.8072509765625,5995084
2016-05-27,53.893131256103516,7869222
2016-05-31,53.683204650878906,9922988
2016-06-01,53.75,7012168
2016-06-02,54.21755599975586,7645684
2016-06-03,54.04580307006836,5697871
2016-06-06,54.5515251159668,7235392
2016-06-07,54.389312744140625,6552515
2016-06-08,54.98091506958008,8164025
2016-06-09,54.56106948852539,9670630
2016-06-10,54.20801544189453,9989222
2016-06-13,53.540077209472656,6502630
2016-06-14,53.67366409301758,9006722
2016-06-15,53.520992279052734,8015942
2016-06-16,54.86641311645508,23110706
2016-06-17,53.33015441894531,18323651
2016-06-20,53.568702697753906,9116238
2016-06-21,53.67366409301758,6710344
2016-06-22,54.42748260498047,13076420
2016-06-23,55.038169860839844,7302883
2016-06-24,53.32061004638672,18087013
2016-06-27,52.77671813964844,13721778
2016-06-28,53.03435134887695,13372585
2016-06-29,54.4370231628418,10284862
2016-06-30,54.97137451171875,9723030
2016-07-01,55.286258697509766,8245978
2016-07-05,55.343509674072266,7749017
2016-07-06,56.450382232666016,15015430
2016-07-07,56.08778762817383,9800791
2016-07-08,56.63167953491211,9934411
2016-07-11,56.622135162353516,7688862
2016-07-12,56.8702278137207,8804562
2016-07-13,56.82251739501953,7119274
2016-07-14,56.917938232421875,7698084
2016-07-15,56.89885330200195,8554510
2016-07-18,56.316795349121094,9190122
2016-07-19,55.97328186035156,9307602
2016-07-20,56.097328186035156,6786848
2016-07-21,56.097328186035156,6337361
2016-07-22,56.125953674316406,6570436
2016-07-25,55.877864837646484,8422986
2016-07-26,55.6870231628418,7494038
2016-07-27,55.91603088378906,8267462
2016-07-28,55.75381851196289,7639606
2016-07-29,55.97328186035156,8898778
2016-08-01,55.97328186035156,9297018
2016-08-02,55.65839767456055,7153962
2016-08-03,55.00954055786133,10099890
2016-08-04,55.19084167480469,5807387
2016-08-05,60.935115814208984,76374048
2016-08-08,59.98091506958008,26248103
2016-08-09,59.627864837646484,12821651
2016-08-10,59.770992279052734,9259499
2016-08-11,60.71564865112305,10862520
2016-08-12,60.4484748840332,6544026
2016-08-15,60.41984558105469,6969305
2016-08-16,60.152671813964844,5952745
2016-08-17,60.39122009277344,8668532
2016-08-18,60.71564865112305,7259077
2016-08-19,60.45801544189453,8887040
2016-08-22,60.639312744140625,6756666
2016-08-23,60.667938232421875,6076723
2016-08-24,59.856868743896484,7842079
2016-08-25,59.46564865112305,8329190
2016-08-26,59.97137451171875,8167902
2016-08-29,60.124046325683594,5843438
2016-08-30,59.83778762817383,6474544
2016-08-31,59.91412353515625,9285804
2016-09-01,60.01908493041992,6858846
2016-09-02,60.095420837402344,7978634
2016-09-06,60.343509674072266,8310954
2016-09-07,59.99045944213867,9084169
2016-09-08,60.343509674072266,9627242
2016-09-09,59.627864837646484,13191700
2016-09-12,60.29580307006836,11139716
2016-09-13,58.979007720947266,10714123
2016-09-14,58.540077209472656,10922046
2016-09-15,59.52289962768555,9429694
2016-09-16,59.42748260498047,13029050
2016-09-19,58.520992279052734,11829510
2016-09-20,59.10305404663086,9653757
2016-09-21,59.828243255615234,7565512
2016-09-22,60.13358688354492,8853294
2016-09-23,60.07633590698242,8048430
2016-09-26,59.303436279296875,7319022
2016-09-27,59.70419692993164,7693158
2016-09-28,60.40076446533203,12361160
2016-09-29,59.07442855834961,11454640
2016-09-30,59.5515251159668,14258354
2016-10-03,59.656490325927734,7881065
2016-10-04,59.59923553466797,8276475
2016-10-05,59.92366409301758,8249122
2016-10-06,59.790077209472656,11979164
2016-10-07,59.89503860473633,11292410
2016-10-10,60.97328186035156,21322503
2016-10-11,59.093509674072266,14625259
2016-10-12,58.83587646484375,10607751
2016-10-13,59.64694595336914,15239492
2016-10-14,59.29389190673828,12790002
2016-10-17,58.70228958129883,13681221
2016-10-18,59.24618148803711,10467424
2016-10-19,59.036258697509766,5850670
2016-10-20,59.08396911621094,6626923
2016-10-21,58.39694595336914,7762222
2016-10-24,57.96755599975586,10420264
2016-10-25,59.11259460449219,15917548
2016-10-26,58.082061767578125,10435774
2016-10-27,58.48282241821289,10847534
2016-10-28,56.14503860473633,21335603
2016-10-31,56.03053283691406,14939030
2016-11-01,56.58396911621094,15036075
2016-11-02,56.14503860473633,11239486
2016-11-03,55.75381851196289,11866504
2016-11-04,56.125953674316406,11861893
2016-11-07,57.299617767333984,10981258
2016-11-08,57.738548278808594,8323321
2016-11-09,61.24045944213867,29187953
2016-11-10,61.98473358154297,18719690
2016-11-11,61.020992279052734,14734566
2016-11-14,60.6202278137207,10610476
2016-11-15,60.73473358154297,7640339
2016-11-16,59.761451721191406,11297650
2016-11-17,59.828243255615234,8762642
2016-11-18,59.036258697509766,8066351
2016-11-21,59.446563720703125,7164862
2016-11-22,58.874046325683594,10052626
2016-11-23,58.816795349121094,9588152
2016-11-25,59.360687255859375,3669362
2016-11-28,58.96946716308594,7806971
2016-11-29,59.34160232543945,10516575
2016-11-30,58.38740539550781,13132174
2016-12-01,57.97710037231445,8802047
2016-12-02,58.33015441894531,8376769
2016-12-05,57.49045944213867,13608490
2016-12-06,57.51908493041992,11171261
2016-12-07,57.30915832519531,14723981
2016-12-08,57.36641311645508,8998757
2016-12-09,58.42557144165039,11021187
2016-12-12,58.893131256103516,8641808
2016-12-13,58.959922790527344,8218626
2016-12-14,58.96946716308594,11612574
2016-12-15,59.51335906982422,8917851
2016-12-16,59.58015441894531,18406758
2016-12-19,58.33969497680664,12512072
2016-12-20,57.729007720947266,10875201
2016-12-21,56.70801544189453,12630706
2016-12-22,56.85114669799805,10584800
2016-12-23,56.832061767578125,7955892
2016-12-27,57.0515251159668,6094749
2016-12-28,56.55534362792969,6470981
2016-12-29,56.33587646484375,6833065
2016-12-30,56.17366409301758,11289685
2017-01-03,57.39503860473633,12564158
2017-01-04,57.375953674316406,9863671
2017-01-05,57.356868743896484,10581446
2017-01-06,57.50954055786133,10730053
2017-01-09,58.3015251159668,10201861
2017-01-10,57.17557144165039,16036706
2017-01-11,58.8072509765625,34281862
2017-01-12,59.360687255859375,26079899
2017-01-13,59.48473358154297,10447617
2017-01-17,58.66412353515625,11101150
2017-01-18,58.36832046508789,8522022
2017-01-19,57.566795349121094,11944999
2017-01-20,59.66603088378906,26451834
2017-01-23,58.979007720947266,10691382
2017-01-24,58.406490325927734,10990900
2017-01-25,58.28244400024414,15255736
2017-01-26,58.39694595336914,13317460
2017-01-27,58.921756744384766,6972554
2017-01-30,58.61641311645508,8230573
2017-01-31,59.15076446533203,10292513
2017-02-01,59.2557258605957,11547702
2017-02-02,61.24045944213867,19901730
2017-02-03,61.345420837402344,12209724
2017-02-06,61.96564865112305,9598422
2017-02-07,61.25954055786133,8840194
2017-02-08,61.374046325683594,6190326
2017-02-09,61.44084167480469,7391439
2017-02-10,61.211830139160156,8940907
2017-02-13,61.803436279296875,7494353
2017-02-14,62.652671813964844,10629550
2017-02-15,62.17557144165039,18662050
2017-02-16,62.270992279052734,12938922
2017-02-17,62.39503860473633,9482618
2017-02-21,62.48091506958008,7740633
2017-02-22,62.299617767333984,9096221
2017-02-23,62.83396911621094,7184669
2017-02-24,63.1297721862793,8849626
2017-02-27,62.83396911621094,7476222
2017-02-28,62.85305404663086,8112044
2017-03-01,63.17748260498047,11193374
2017-03-02,63.053436279296875,9062790
2017-03-03,63.53053283691406,8716111
2017-03-06,63.42557144165039,9104500
2017-03-07,62.93893051147461,8728478
2017-03-08,62.786258697509766,8821645
2017-03-09,62.872135162353516,8106280
2017-03-10,62.595420837402344,9247447
2017-03-13,61.211830139160156,14880133
2017-03-14,61.25954055786133,8271759
2017-03-15,61.73664093017578,9458200
2017-03-16,61.24045944213867,10074634
2017-03-17,60.97328186035156,15142762
2017-03-20,61.17366409301758,13593818
2017-03-21,60.98282241821289,11057134
2017-03-22,60.59160232543945,10007352
2017-03-23,60.38167953491211,9915128
2017-03-24,60.286258697509766,9575052
2017-03-27,60.29580307006836,8400663
2017-03-28,60.43893051147461,10673880
2017-03-29,60.725189208984375,8525794
2017-03-30,60.54389190673828,5577456
2017-03-31,60.6297721862793,7979472
2017-04-03,60.5629768371582,6962493
2017-04-04,60.75381851196289,6650189
2017-04-05,60.65839767456055,8083538
2017-04-06,60.343509674072266,7915125
2017-04-07,60.238548278808594,8091713
2017-04-10,59.685115814208984,7595590
2017-04-11,59.713741302490234,6858950
2017-04-12,60.16221237182617,9965642
2017-04-13,59.742366790771484,6217260
2017-04-17,59.92366409301758,5590242
2017-04-18,59.417938232421875,7749436
2017-04-19,59.770992279052734,10845857
2017-04-20,59.685115814208984,9392490
2017-04-21,59.05534362792969,11002323
2017-04-24,59.29389190673828,9270922
2017-04-25,59.446563720703125,11205006
2017-04-26,59.828243255615234,9284546
2017-04-27,59.713741302490234,6920258
2017-04-28,59.475189208984375,9915862
2017-05-01,59.52289962768555,10707521
2017-05-02,59.828243255615234,13647580
2017-05-03,60.71564865112305,11978430
2017-05-04,60.47710037231445,9023280
2017-05-05,61.040077209472656,9795237
2017-05-08,61.078243255615234,11684676
2017-05-09,60.39122009277344,10712970
2017-05-10,61.011451721191406,10094126
2017-05-11,61.479007720947266,19404663
2017-05-12,60.65839767456055,10838521
2017-05-15,60.60114669799805,8710347
2017-05-16,60.86832046508789,8248494
2017-05-17,60.114505767822266,8296911
2017-05-18,60.963741302490234,12528316
2017-05-19,60.85877990722656,9739798
2017-05-22,61.106868743896484,6525372
2017-05-23,61.593509674072266,6009861
2017-05-24,61.95610809326172,7289259
2017-05-25,62.06106948852539,7436503
2017-05-26,61.946563720703125,3862614
2017-05-30,61.90839767456055,5120109
2017-05-31,62.127864837646484,8162138
2017-06-01,62.270992279052734,7923404
2017-06-02,62.47137451171875,6600933
2017-06-05,62.08969497680664,6254988
2017-06-06,61.70801544189453,8218206
2017-06-07,61.125953674316406,7971717
2017-06-08,60.30534362792969,19411056
2017-06-09,61.44084167480469,11266419
2017-06-12,61.44084167480469,9851514
2017-06-13,60.372135162353516,12631544
2017-06-14,60.46755599975586,10834853
2017-06-15,60.29580307006836,8244406
2017-06-16,60.08587646484375,15617296
2017-06-19,60.76335906982422,8831391
2017-06-20,61.57442855834961,10755624
2017-06-21,62.461830139160156,11679960
2017-06-22,62.99618148803711,14087111
2017-06-23,63.1297721862793,14769988
2017-06-26,62.90076446533203,7940067
2017-06-27,62.538169860839844,8511437
2017-06-28,62.17557144165039,7056498
2017-06-29,61.393131256103516,8751114
2017-06-30,61.154579162597656,8762223
2017-07-03,61.32633590698242,4895627
2017-07-05,61.22137451171875,6820174
2017-07-06,60.209922790527344,11887150
2017-07-07,60.26717758178711,7591083
2017-07-10,59.95228958129883,7036062
2017-07-11,59.48473358154297,7207620
2017-07-12,59.904579162597656,8610368
2017-07-13,60.00954055786133,7125562
2017-07-14,60.171756744384766,6309903
2017-07-17,59.742366790771484,7741890
2017-07-18,59.5515251159668,6408415
2017-07-19,59.75190734863281,5972657
2017-07-20,60.0572509765625,6974545
2017-07-21,59.761451721191406,7237907
2017-07-24,59.70419692993164,8157318
2017-07-25,59.50381851196289,6241783
2017-07-26,58.96946716308594,9816302
2017-07-27,60.77289962768555,22894922
2017-07-28,61.17366409301758,13982521
2017-07-31,60.95419692993164,12277215
2017-08-01,60.992366790771484,6802463
2017-08-02,60.53435134887695,7372575
2017-08-03,60.610687255859375,7355702
2017-08-04,60.209922790527344,5597368
2017-08-07,59.961830139160156,7018246
2017-08-08,59.46564865112305,8048745
2017-08-09,59.627864837646484,6866810
2017-08-10,59.332061767578125,8137825
2017-08-11,59.52289962768555,6341448
2017-08-14,59.799617767333984,5771860
2017-08-15,59.63740539550781,6619168
2017-08-16,59.828243255615234,6352138
2017-08-17,59.007633209228516,9589305
2017-08-18,58.67366409301758,8825942
2017-08-21,59.13167953491211,7542666
2017-08-22,59.56106948852539,5779930
2017-08-23,59.303436279296875,6743775
2017-08-24,59.83778762817383,8122105
2017-08-25,60.0572509765625,5528095
2017-08-28,60.41984558105469,7858114
2017-08-29,60.229007720947266,6879806
2017-08-30,60.229007720947266,5263580
2017-08-31,60.935115814208984,13522344
2017-09-01,60.906490325927734,6481985
2017-09-05,60.70610809326172,7583538
2017-09-06,61.068702697753906,7491838
2017-09-07,61.374046325683594,7185507
2017-09-08,61.32633590698242,7719358
2017-09-11,62.14694595336914,10785597
2017-09-12,62.461830139160156,7707202
2017-09-13,62.45228958129883,5898878
2017-09-14,63.09160232543945,10437137
2017-09-15,63.1297721862793,15390718
2017-09-18,62.96755599975586,11049274
2017-09-19,62.92938995361328,7345746
2017-09-20,62.77671813964844,9903600
2017-09-21,62.595420837402344,6255198
2017-09-22,62.14694595336914,7824263
2017-09-25,62.19465637207031,5840923
2017-09-26,61.79389190673828,7311058
2017-09-27,61.61259460449219,7013111
2017-09-28,61.345420837402344,7359894
2017-09-29,61.097328186035156,11999181
2017-10-02,61.593509674072266,7067083
2017-10-03,61.421756744384766,6819441
2017-10-04,61.64122009277344,6722606
2017-10-05,61.64122009277344,9589200
2017-10-06,61.593509674072266,7847843
2017-10-09,61.38358688354492,5712962
2017-10-10,61.507633209228516,5157208
2017-10-11,60.85877990722656,10586477
2017-10-12,60.906490325927734,6454108
2017-10-13,60.48664093017578,7693787
2017-10-16,60.43893051147461,7806762
2017-10-17,60.32442855834961,7365868
2017-10-18,60.60114669799805,8265471
2017-10-19,60.83015441894531,10554618
2017-10-20,60.95419692993164,10798802
2017-10-23,60.49618148803711,12137936
2017-10-24,60.21946716308594,10711713
2017-10-25,59.58969497680664,11545502
2017-10-26,59.15076446533203,11260026
2017-10-27,55.57251739501953,30980242
2017-10-30,52.20419692993164,40860891
2017-10-31,52.566795349121094,19313802
2017-11-01,52.80534362792969,17206483
2017-11-02,52.83396911621094,12909788
2017-11-03,53.492366790771484,10281718
2017-11-06,53.32061004638672,9136988
2017-11-07,53.04389190673828,15008513
2017-11-08,53.988548278808594,15859279
2017-11-09,53.635494232177734,14818825
2017-11-10,52.93893051147461,17547607
2017-11-13,52.57633590698242,14135738
2017-11-14,52.47137451171875,13315678
2017-11-15,52.290077209472656,12290315
2017-11-16,52.643131256103516,12572122
2017-11-17,52.671756744384766,10358537
2017-11-20,51.622135162353516,18003278
2017-11-21,51.78435134887695,14369442
2017-11-22,51.8797721862793,7730258
2017-11-24,51.860687255859375,4549682
2017-11-27,52.0515251159668,10584905
2017-11-28,52.41412353515625,13446783
2017-11-29,52.82442855834961,10980525
2017-11-30,52.738548278808594,16139619
2017-12-01,53.31106948852539,12672835
2017-12-04,53.64503860473633,14085120
2017-12-05,53.21564865112305,12405386
2017-12-06,51.860687255859375,21217703
2017-12-07,52.261451721191406,17250604
2017-12-08,53.024810791015625,10923723
2017-12-11,53.75954055786133,10239170
2017-12-12,54.45610809326172,14454750
2017-12-13,54.303436279296875,13982940
2017-12-14,53.44465637207031,10623890
2017-12-15,53.66412353515625,23664574
2017-12-18,53.64503860473633,12151560
2017-12-19,53.654579162597656,9921521
2017-12-20,53.540077209472656,13766423
2017-12-21,54.007633209228516,10439966
2017-12-22,53.77862548828125,11890608
2017-12-26,53.75954055786133,4616754
2017-12-27,53.75954055786133,5931994
2017-12-28,54.007633209228516,6061108
2017-12-29,53.6927490234375,8841557
2018-01-02,53.64503860473633,10556504
2018-01-03,53.568702697753906,11090460
2018-01-04,54.4370231628418,15751650
2018-01-05,54.3797721862793,9955057
2018-01-08,54.064884185791016,11642546
2018-01-09,54.1984748840332,11142022
2018-01-10,54.67557144165039,9497395
2018-01-11,54.961830139160156,7447402
2018-01-12,55.97328186035156,12935569
2018-01-16,59.22710037231445,50399682
2018-01-17,59.18893051147461,22940615
2018-01-18,58.33015441894531,20861278
2018-01-19,58.47328186035156,12745671
2018-01-22,58.44465637207031,12835380
2018-01-23,58.874046325683594,11718212
2018-01-24,58.377864837646484,14129241
2018-01-25,58.492366790771484,9853610
2018-01-26,59.1984748840332,11060278
2018-01-29,58.8072509765625,9198191
2018-01-30,57.872135162353516,13666654
2018-01-31,56.536258697509766,15582712
2018-02-01,57.11832046508789,14009664
2018-02-02,55.877864837646484,12852777
2018-02-05,53.816795349121094,20546774
2018-02-06,52.91984558105469,32494498
2018-02-07,53.32061004638672,14349740
2018-02-08,52.22328186035156,21871760
2018-02-09,52.356868743896484,19472364
2018-02-12,52.89122009277344,13259506
2018-02-13,52.385494232177734,17857291
2018-02-14,52.385494232177734,11996142
2018-02-15,53.42557144165039,10584695
2018-02-16,53.711830139160156,12294402
2018-02-20,52.461830139160156,14113416
2018-02-21,52.0515251159668,11244935
2018-02-22,52.07061004638672,11334958
2018-02-23,52.356868743896484,9499177
2018-02-26,53.492366790771484,12725026
2018-02-27,52.213741302490234,9734453
2018-02-28,51.73664093017578,11807606
2018-03-01,51.24045944213867,13648523
2018-03-02,51.8702278137207,9355706
2018-03-05,51.90839767456055,13743577
2018-03-06,51.8129768371582,9716951
2018-03-07,51.975189208984375,12817564
2018-03-08,52.25190734863281,7705001
2018-03-09,52.614505767822266,9240006
2018-03-12,52.82442855834961,11269039
2018-03-13,52.83396911621094,12272080
2018-03-14,52.290077209472656,11692222
2018-03-15,52.71946716308594,10560277
2018-03-16,53.1202278137207,22010620
2018-03-19,52.127864837646484,12391762
2018-03-20,52.13740539550781,8153440
2018-03-21,52.185115814208984,10489746
2018-03-22,51.64122009277344,13387990
2018-03-23,50.963741302490234,12408634
2018-03-26,51.564884185791016,10448770
2018-03-27,51.288169860839844,16956535
2018-03-28,52.566795349121094,13302788
2018-03-29,51.975189208984375,10218524
2018-04-02,50.83015441894531,14041104
2018-04-03,51.61259460449219,9688341
2018-04-04,52.04198455810547,9330030
2018-04-05,52.03244400024414,13074638
2018-04-06,50.91603088378906,13100838
2018-04-09,53.58778762817383,24352376
2018-04-10,53.902671813964844,13481891
2018-04-11,53.625953674316406,9445834
2018-04-12,54.14122009277344,12511967
2018-04-13,54.5515251159668,10536278
2018-04-16,55.963741302490234,23627998
2018-04-17,56.55534362792969,16070451
2018-04-18,56.22137451171875,11779730
2018-04-19,55.95419692993164,11041204
2018-04-20,56.135494232177734,10109951
2018-04-23,57.49045944213867,20767587
2018-04-24,57.33778762817383,13974975
2018-04-25,56.89885330200195,14057034
2018-04-26,56.68893051147461,14148105
2018-04-27,56.74618148803711,8034073
2018-04-30,56.17366409301758,13730267
2018-05-01,55.32442855834961,13756782
2018-05-02,54.67557144165039,10921837
2018-05-03,54.89503860473633,11864932
2018-05-04,55.10496139526367,9149983
2018-05-07,54.75190734863281,10513955
2018-05-08,54.16030502319336,10749546
2018-05-09,55.29580307006836,8684042
2018-05-10,55.40076446533203,8624097
2018-05-11,56.95610809326172,13344498
2018-05-14,56.946563720703125,9942062
2018-05-15,56.488548278808594,7148932
2018-05-16,57.01335906982422,8941222
2018-05-17,56.364505767822266,8222398
2018-05-18,56.431297302246094,10151242
2018-05-21,55.88740539550781,8882219
2018-05-22,55.77289962768555,9357068
2018-05-23,56.459922790527344,10375619
2018-05-24,56.421756744384766,7261382
2018-05-25,56.38358688354492,6985339
2018-05-29,55.725189208984375,9228269
2018-05-30,56.98473358154297,11572016
2018-05-31,56.803436279296875,12786019
2018-06-01,57.786258697509766,11556925
2018-06-04,59.17938995361328,20410534
2018-06-05,58.578243255615234,13098218
2018-06-06,59.093509674072266,7912190
2018-06-07,59.15076446533203,7910933
2018-06-08,59.713741302490234,10142754
2018-06-11,59.475189208984375,7542666
2018-06-12,59.58015441894531,8308230
2018-06-13,59.72328186035156,9873732
2018-06-14,58.74045944213867,12528211
2018-06-15,59.18893051147461,17246517
2018-06-18,58.196563720703125,9990270
2018-06-19,58.23473358154297,10501589
2018-06-20,58.47328186035156,12757094
2018-06-21,58.377864837646484,9336527
2018-06-22,58.654579162597656,12885998
2018-06-25,58.28244400024414,11057238
2018-06-26,57.93893051147461,12571913
2018-06-27,57.13740539550781,10948770
2018-06-28,57.538169860839844,10691591
2018-06-29,57.91984558105469,14956951
2018-07-02,57.69084167480469,9546337
2018-07-03,57.92938995361328,5106590
2018-07-05,58.816795349121094,9517098
2018-07-06,59.35114669799805,8543191
2018-07-09,59.17938995361328,8724600
2018-07-10,59.446563720703125,11266524
2018-07-11,59.064884185791016,6055344
2018-07-12,59.790077209472656,8424453
2018-07-13,60.00954055786133,7705106
2018-07-16,59.72328186035156,4729938
2018-07-17,59.66603088378906,5292086
2018-07-18,60.0572509765625,6645578
2018-07-19,59.64694595336914,7631641
2018-07-20,59.656490325927734,7204686
2018-07-23,59.818702697753906,7266413
2018-07-24,60.51526641845703,9931058
2018-07-25,61.536258697509766,11023598
2018-07-26,61.078243255615234,11677235
2018-07-27,60.582061767578125,8815357
2018-07-30,61.84160232543945,10129130
2018-07-31,62.85305404663086,16184683
2018-08-01,62.49045944213867,7949604
2018-08-02,62.23282241821289,7226379
2018-08-03,62.91030502319336,7333066
2018-08-06,63.1870231628418,8600202
2018-08-07,63.53053283691406,8471298
2018-08-08,63.635494232177734,6821746
2018-08-09,62.97710037231445,7495086
2018-08-10,63.04389190673828,7796806
2018-08-13,63.66412353515625,9973606
2018-08-14,63.41603088378906,6912608
2018-08-15,64.28434753417969,11413873
2018-08-16,65.69656372070312,19378358
2018-08-17,65.8969497680664,8223761
2018-08-20,66.95610809326172,10919426
2018-08-21,66.00190734863281,10285701
2018-08-22,65.87786102294922,6176178
2018-08-23,65.81106567382812,5806654
2018-08-24,65.87786102294922,5194098
2018-08-27,65.83015441894531,5327822
2018-08-28,65.48664093017578,6219251
2018-08-29,65.65839385986328,5753206
2018-08-30,65.40076446533203,4972341
2018-08-31,65.44847106933594,6018978
2018-09-04,64.83778381347656,6045178
2018-09-05,65.47709655761719,6664337
2018-09-06,66.2022933959961,10099995
2018-09-07,66.47901153564453,9971930
2018-09-10,66.3740463256836,7616759
2018-09-11,65.91603088378906,6094644
2018-09-12,66.6603012084961,6382320
2018-09-13,67.58587646484375,10750594
2018-09-14,66.77481079101562,7792928
2018-09-17,67.19465637207031,7018770
2018-09-18,67.19465637207031,7126819
2018-09-19,66.77481079101562,8325522
2018-09-20,67.53816986083984,6435454
2018-09-21,67.84351348876953,17850689
2018-09-24,67.53816986083984,6747862
2018-09-25,67.41412353515625,6770499
2018-09-26,67.10877990722656,7260963
2018-09-27,67.48091888427734,6315458
2018-09-28,67.69084167480469,7135622
2018-10-01,68.25381469726562,7994668
2018-10-02,68.46373748779297,10894589
2018-10-03,68.10114288330078,10037325
2018-10-04,67.95801544189453,10837054
2018-10-05,67.77671813964844,7790308
2018-10-08,68.18701934814453,9279830
2018-10-09,69.02671813964844,8249122
2018-10-10,67.22328186035156,13259191
2018-10-11,65.2385482788086,13491952
2018-10-12,66.61259460449219,10648938
2018-10-15,66.27862548828125,6896783
2018-10-16,67.95801544189453,10719992
2018-10-17,68.53053283691406,9793036
2018-10-18,68.90267181396484,12812848
2018-10-19,69.03626251220703,15210043
2018-10-22,69.24618530273438,12486186
2018-10-23,68.7977066040039,12116871
2018-10-24,67.30915832519531,15348170
2018-10-25,66.75572204589844,21553692
2018-10-26,67.17557525634766,17764229
2018-10-29,68.17748260498047,19743901
2018-10-30,69.53244018554688,19845976
2018-10-31,70.2385482788086,16624529
2018-11-01,69.77098846435547,14507988
2018-11-02,68.95992279052734,13517838
2018-11-05,69.77098846435547,12922364
2018-11-06,69.9522933959961,10737913
2018-11-07,71.64122009277344,19566684
2018-11-08,72.02290344238281,13634690
2018-11-09,71.4312973022461,15359802
2018-11-12,71.26908111572266,14679022
2018-11-13,71.1927490234375,16587430
2018-11-14,70.69656372070312,9936193
2018-11-15,71.41221618652344,12549171
2018-11-16,72.57633972167969,14384010
2018-11-19,72.8530502319336,17210675
2018-11-20,71.35496520996094,14240014
2018-11-21,71.364501953125,9489116
2018-11-23,71.25,3690846
2018-11-26,71.98473358154297,11407061
2018-11-27,72.84351348876953,15325533
2018-11-28,73.6927490234375,12625675
2018-11-29,74.34160614013672,11429174
2018-11-30,75.70610809326172,22380669
2018-12-03,75.59160614013672,13183106
2018-12-04,74.62786102294922,15482942
2018-12-06,74.78053283691406,17329518
2018-12-07,73.20610809326172,13228799
2018-12-10,73.8740463256836,16163618
2018-12-11,73.5782470703125,13867660
2018-12-12,74.43701934814453,11219678
2018-12-13,75.39122009277344,11272498
2018-12-14,72.97709655761719,13896375
2018-12-17,71.78434753417969,15831822
2018-12-18,70.92557525634766,16163828
2018-12-19,70.39122009277344,19765594
2018-12-20,70.1240463256836,20321454
2018-12-21,69.56106567382812,37919994
2018-12-24,67.89122009277344,11565833
2018-12-26,70.61068725585938,14074011
2018-12-27,71.92748260498047,13577154
2018-12-28,71.91793823242188,13180696
2018-12-31,72.9103012084961,9687502
2019-01-02,72.12786102294922,15120125
2019-01-03,70.64885711669922,13910628
2019-01-04,72.77671813964844,14753115
2019-01-07,71.97518920898438,15795142
2019-01-08,72.5095443725586,11896686
2019-01-09,71.95610809326172,11916284
2019-01-10,71.0687026977539,19134070
2019-01-11,71.46946716308594,9878029
2019-01-14,70.0095443725586,15669486
2019-01-15,71.08778381347656,13102096
2019-01-16,71.1927490234375,15272504
2019-01-17,72.13740539550781,16969321
2019-01-18,72.39503479003906,14980741
2019-01-22,72.35687255859375,10568766
2019-01-23,71.98473358154297,14369233
2019-01-24,69.8187026977539,21986621
2019-01-25,69.60877990722656,14054099
2019-01-28,69.58015441894531,13376672
2019-01-29,69.8759536743164,11966693
2019-01-30,70.0095443725586,13941230
2019-01-31,71.02098846435547,16797658
2019-02-01,72.94847106933594,15941757
2019-02-04,73.34923553466797,11824165
2019-02-05,73.61640930175781,12955690
2019-02-06,73.84542083740234,8375721
2019-02-07,73.30152893066406,9661407
2019-02-08,73.96946716308594,9266940
2019-02-11,73.19656372070312,13803942
2019-02-12,74.92366027832031,13676086
2019-02-13,75.40076446533203,10980106
2019-02-14,75.32442474365234,8577042
2019-02-15,76.15457916259766,10886100
2019-02-19,75.61068725585938,9653547
2019-02-20,75.79198455810547,8993517
2019-02-21,76.17366027832031,7740633
2019-02-22,77.07061004638672,8337469
2019-02-25,76.69847106933594,9741265
2019-02-26,77.04198455810547,8927912
2019-02-27,76.92748260498047,7852978
2019-02-28,77.5667953491211,11588365
2019-03-01,77.9103012084961,10624205
2019-03-04,77.64312744140625,8522755
2019-03-05,77.95801544189453,8698190
2019-03-06,77.06106567382812,8167169
2019-03-07,76.76526641845703,10925505
2019-03-08,76.14503479003906,11716326
2019-03-11,77.16603088378906,9126613
2019-03-12,77.5095443725586,9261281
2019-03-13,77.86259460449219,8059749
2019-03-14,77.75763702392578,8530406
2019-03-15,77.83396911621094,17341046
2019-03-18,77.6240463256836,14357914
2019-03-19,78.15839385986328,10224393
2019-03-20,78.32061004638672,11894590
2019-03-21,79.15076446533203,9473291
2019-03-22,78.52098846435547,10639191
2019-03-25,78.5782470703125,7878654
2019-03-26,79.12213897705078,9242731
2019-03-27,78.52098846435547,10020766
2019-03-28,78.84542083740234,7161298
2019-03-29,79.36068725585938,10147994
2019-04-01,79.48473358154297,8820282
2019-04-02,79.39885711669922,5875088
2019-04-03,79.37023162841797,6550734
2019-04-04,78.10114288330078,10257719
2019-04-05,77.4332046508789,10324162
2019-04-08,77.24236297607422,10586267
2019-04-09,77.09923553466797,10785282
2019-04-10,77.11832427978516,6894268
2019-04-11,76.1832046508789,10410518
2019-04-12,75.79198455810547,10164762
2019-04-15,74.9332046508789,13822491
2019-04-16,74.00763702392578,12531250
2019-04-17,70.53434753417969,34181463
2019-04-18,69.83778381347656,32768445
2019-04-22,70.09542083740234,14548441
2019-04-23,71.1832046508789,19281523
2019-04-24,71.3072509765625,12779102
2019-04-25,72.84351348876953,13994154
2019-04-26,73.12023162841797,8888193
2019-04-29,73.26335906982422,7395317
2019-04-30,75.10496520996094,11269039
2019-05-01,75.114501953125,15288643
2019-05-02,75.87786102294922,11579142
2019-05-03,76.33587646484375,7942582
2019-05-06,75.8396987915039,9906534
2019-05-07,74.33206176757812,10523387
2019-05-08,74.59923553466797,10567508
2019-05-09,74.74236297607422,8105861
2019-05-10,74.60877990722656,9027158
2019-05-13,73.635498046875,9641705
2019-05-14,73.8740463256836,8113826
2019-05-15,73.99809265136719,7284543
2019-05-16,75.50572204589844,9910831
2019-05-17,75.114501953125,8259707
2019-05-20,75.26717376708984,8281191
2019-05-21,75.85877990722656,10873734
2019-05-22,77.27098846435547,13491847
2019-05-23,77.30915832519531,9831498
2019-05-24,77.4522933959961,6071588
2019-05-28,76.58396911621094,13779733
2019-05-29,75.72518920898438,11278890
2019-05-30,76.03053283691406,7483768
2019-05-31,75.58206176757812,7142749
2019-06-03,76.58396911621094,9218103
2019-06-04,77.36640930175781,9368806
2019-06-05,77.94847106933594,9821961
2019-06-06,77.70992279052734,11393961
2019-06-07,78.6832046508789,8797436
2019-06-10,78.7022933959961,7536273
2019-06-11,79.17938995361328,7789679
2019-06-12,79.8759536743164,11057762
2019-06-13,79.1030502319336,10194001
2019-06-14,78.9885482788086,7989952
2019-06-17,79.48473358154297,6427279
2019-06-18,80.62023162841797,11425086
2019-06-19,81.45037841796875,9825419
2019-06-20,80.72518920898438,12490483
2019-06-21,80.69656372070312,15034294
2019-06-24,81.59351348876953,7891440
2019-06-25,81.33587646484375,9348894
2019-06-26,79.71373748779297,12604401
2019-06-27,79.9904556274414,11721670
2019-06-28,80.0095443725586,46684837
2019-07-01,80.86832427978516,10260863
2019-07-02,81.59351348876953,10381593
2019-07-03,82.91984558105469,6533232
2019-07-05,81.67938995361328,8767358
2019-07-08,80.19084167480469,13693273
2019-07-09,80.97328186035156,8490791
2019-07-10,80.93511199951172,5996132
2019-07-11,77.29007720947266,22146126
2019-07-12,76.0782470703125,18910636
2019-07-15,77.25190734863281,10922570
2019-07-16,77.8530502319336,8448662
2019-07-17,78.16793823242188,9848999
2019-07-18,78.90267181396484,8472661
2019-07-19,77.66221618652344,12053782
2019-07-22,77.4904556274414,7261697
2019-07-23,78.27290344238281,7420469
2019-07-24,78.00572204589844,7720197
2019-07-25,78.00572204589844,9670106
2019-07-26,77.70037841796875,7638977
2019-07-29,78.71183013916016,11123682
2019-07-30,79.45610809326172,14286965
2019-07-31,79.18893432617188,12443428
2019-08-01,79.85687255859375,10550006
2019-08-02,80.60114288330078,10913767
2019-08-05,79.31298065185547,11885578
2019-08-06,80.48664093017578,11025274
2019-08-07,80.39122009277344,11509660
2019-08-08,80.84923553466797,8699762
2019-08-09,81.6030502319336,8968260
2019-08-12,81.1259536743164,8761909
2019-08-13,82.13740539550781,8413658
2019-08-14,79.58015441894531,11411148
2019-08-15,79.63740539550781,9543612
2019-08-16,81.16412353515625,9156271
2019-08-19,82.24236297607422,7655221
2019-08-20,81.72709655761719,6176598
2019-08-21,82.92938995361328,6486072
2019-08-22,82.74809265136719,6588776
2019-08-23,81.04962158203125,10608694
2019-08-26,81.94656372070312,6041825
2019-08-27,81.6030502319336,6527049
2019-08-28,82.51908111572266,6159934
2019-08-29,82.74809265136719,6321012
2019-08-30,82.5095443725586,6795127
2019-09-03,82.6812973022461,6695882
2019-09-04,82.10877990722656,7868070
2019-09-05,82.15648651123047,7524954
2019-09-06,82.60496520996094,7047695
2019-09-09,79.6469497680664,12040786
2019-09-10,77.94847106933594,18087432
2019-09-11,79.12213897705078,10602197
2019-09-12,79.49427795410156,8416698
2019-09-13,78.82633972167969,7521496
2019-09-16,78.27290344238281,6191270
2019-09-17,78.73091888427734,7375405
2019-09-18,79.21755981445312,6943734
2019-09-19,80.1240463256836,6922774
2019-09-20,81.2595443725586,23631247
2019-09-23,80.49618530273438,8909572
2019-09-24,79.77098846435547,9377085
2019-09-25,79.29389190673828,7290936
2019-09-26,80.03816986083984,8104918
2019-09-27,79.11259460449219,7827093
2019-09-30,80.32442474365234,9806974
2019-10-01,79.78053283691406,7050001
2019-10-02,77.88167572021484,8762433
2019-10-03,78.95037841796875,5790095
2019-10-04,81.10687255859375,7504518
2019-10-07,80.52481079101562,5086154
2019-10-08,79.47518920898438,6416694
2019-10-09,80.32442474365234,4660875
2019-10-10,79.92366027832031,8580290
2019-10-11,80.47709655761719,6229626
2019-10-14,80.81106567382812,5513214
2019-10-15,81.14503479003906,5205102
2019-10-16,80.58206176757812,5686134
2019-10-17,79.96183013916016,7178486
2019-10-18,80.80152893066406,7883056
2019-10-21,80.64885711669922,5352136
2019-10-22,77.57633972167969,18629038
2019-10-23,79.07442474365234,8511961
2019-10-24,78.7977066040039,5232769
2019-10-25,78.49236297607422,7868384
2019-10-28,78.43511199951172,15557665
2019-10-29,81.2022933959961,17371019
2019-10-30,82.27098846435547,10026845
2019-10-31,82.69084167480469,12419429
2019-11-01,81.04962158203125,9281298
2019-11-04,80.0572509765625,8947195
2019-11-05,79.12213897705078,9937974
2019-11-06,79.43701934814453,9735606
2019-11-07,79.08396911621094,9251325
2019-11-08,79.7614517211914,6653123
2019-11-11,79.46565246582031,3725221
2019-11-12,80.26717376708984,8616656
2019-11-13,80.93511199951172,6516883
2019-11-14,80.67748260498047,7911247
2019-11-15,81.0114517211914,9675870
2019-11-18,80.27671813964844,10701757
2019-11-19,80.77290344238281,9691380
2019-11-20,81.364501953125,8160147
2019-11-21,81.5457992553711,7195568
2019-11-22,81.53626251220703,7800159
2019-11-25,81.77481079101562,9021289
2019-11-26,83.3396987915039,19233420
2019-11-27,83.59732818603516,6037318
2019-11-29,83.18701934814453,4880222
2019-12-02,83.05343627929688,5597997
2019-12-03,83.37786102294922,7466162
2019-12-04,84.60877990722656,7293766
2019-12-05,84.68511199951172,8267462
2019-12-06,84.78053283691406,7245872
2019-12-09,84.65648651123047,8054823
2019-12-10,85.01908111572266,8663711
2019-12-11,84.90457916259766,6821746
2019-12-12,85.46755981445312,6863876
2019-12-13,85.10496520996094,7571800
2019-12-16,85.20037841796875,10355183
2019-12-17,84.9427490234375,11690545
2019-12-18,85.51526641845703,11578199
2019-12-19,85.86832427978516,7602716
2019-12-20,87.385498046875,17849641
2019-12-23,87.53816986083984,7895946
2019-12-24,87.25190734863281,2343223
2019-12-26,87.15648651123047,3062675
2019-12-27,87.30915832519531,3758966
2019-12-30,86.86068725585938,3932934
2019-12-31,86.78434753417969,4710760
2020-01-02,87.82442474365234,8251428
2020-01-03,87.07061004638672,5903698
2020-01-06,87.4427490234375,7522963
2020-01-07,85.114501953125,11132275
2020-01-08,84.54198455810547,15200506
2020-01-09,85.28626251220703,9714750
2020-01-10,85.42938995361328,5945304
2020-01-13,85.4103012084961,10261492
2020-01-14,85.81106567382812,8625669
2020-01-15,87.34732818603516,9614038
2020-01-16,87.00381469726562,7252474
2020-01-17,86.80343627929688,10131226
2020-01-21,85.84923553466797,10022129
2020-01-22,85.54389190673828,7800474
2020-01-23,84.50381469726562,13198093
2020-01-24,82.04198455810547,14954960
2020-01-27,82.15648651123047,10847534
2020-01-28,82.29962158203125,9496347
2020-01-29,83.24427795410156,8511227
2020-01-30,82.53816986083984,11016471
2020-01-31,81.52671813964844,9621583
2020-02-03,83.3396987915039,9729318
2020-02-04,84.31298065185547,15091305
2020-02-05,81.89885711669922,29290133
2020-02-06,81.75572204589844,16110170
2020-02-07,81.1832046508789,11419427
2020-02-10,81.73664093017578,10590983
2020-02-11,81.34542083740234,10252689
2020-02-12,79.43701934814453,19630926
2020-02-13,78.21565246582031,19388734
2020-02-14,78.864501953125,8743464
2020-02-18,78.6832046508789,10017308
2020-02-19,78.24427795410156,11740220
2020-02-20,78.71183013916016,10941330
2020-02-21,78.5687026977539,9295970
2020-02-24,77.60496520996094,13734145
2020-02-25,76.59351348876953,13171683
2020-02-26,76.27862548828125,11940283
2020-02-27,74.50381469726562,15734253
2020-02-28,73.05343627929688,29246117
2020-03-02,77.64312744140625,18840525
2020-03-03,75.50572204589844,17394599
2020-03-04,79.16984558105469,20224199
2020-03-05,77.84351348876953,15017840
2020-03-06,78.43511199951172,14208574
2020-03-09,75.34351348876953,18942810
2020-03-10,78.26335906982422,17527486
2020-03-11,75.62023162841797,14274179
2020-03-12,71.04007720947266,22664782
2020-03-13,73.23473358154297,25857094
2020-03-16,66.71755981445312,20808354
2020-03-17,71.0687026977539,24745795
2020-03-18,68.34923553466797,18558508
2020-03-19,67.4904556274414,19268738
2020-03-20,68.09160614013672,23075912
2020-03-23,63.35877990722656,18375003
2020-03-24,65.88740539550781,19901939
2020-03-25,65.09542083740234,18311494
2020-03-26,70.16221618652344,18052848
2020-03-27,68.44465637207031,12467218
2020-03-30,73.42557525634766,15803316
2020-03-31,73.41603088378906,15079672
2020-04-01,70.41984558105469,11665288
2020-04-02,73.34923553466797,12843345
2020-04-03,72.75763702392578,10039211
2020-04-06,76.63167572021484,14314108
2020-04-07,74.96183013916016,10657950
2020-04-08,77.88167572021484,11481888
2020-04-09,78.71183013916016,13876568
2020-04-13,76.85114288330078,7706678
2020-04-14,79.0457992553711,12155333
2020-04-15,78.31106567382812,10809072
2020-04-16,79.19847106933594,9145058
2020-04-17,79.63740539550781,15433162
2020-04-20,79.29389190673828,11675768
2020-04-21,74.96183013916016,17876574
2020-04-22,76.3167953491211,11933890
2020-04-23,77.17557525634766,8152497
2020-04-24,77.70037841796875,7686451
2020-04-27,80.13359069824219,12786753
2020-04-28,77.46183013916016,20273560
2020-04-29,77.07061004638672,13687194
2020-04-30,75.70610809326172,11638878
2020-05-01,74.11259460449219,9518565
2020-05-04,73.3396987915039,8850255
2020-05-05,74.43701934814453,7401395
2020-05-06,73.58778381347656,12414922
2020-05-07,72.13740539550781,12602410
2020-05-08,72.90076446533203,8791672
2020-05-11,74.34160614013672,10622528
2020-05-12,73.65457916259766,9544660
2020-05-13,74.32251739501953,10935146
2020-05-14,76.38359069824219,11407585
2020-05-15,76.1259536743164,9367234
2020-05-18,76.0687026977539,12552630
2020-05-19,73.99809265136719,10591822
2020-05-20,73.36832427978516,11027685
2020-05-21,73.04389190673828,9000329
2020-05-22,72.87213897705078,6357482
2020-05-26,73.72137451171875,19146017
2020-05-27,73.99809265136719,12828987
2020-05-28,75.41984558105469,13180906
2020-05-29,77.02290344238281,13517104
2020-06-01,75.91603088378906,6269241
2020-06-02,77.13740539550781,11352984
2020-06-03,78.30152893066406,13675457
2020-06-04,77.81488800048828,9292930
2020-06-05,78.49236297607422,10413347
2020-06-08,79.1030502319336,9956838
2020-06-09,78.49236297607422,8846168
2020-06-10,78.02481079101562,9080920
2020-06-11,73.8072509765625,14303838
2020-06-12,72.80534362792969,17000656
2020-06-15,70.62976837158203,17684162
2020-06-16,73.44465637207031,21437050
2020-06-17,72.7957992553711,13983045
2020-06-18,72.72901153564453,7750903
2020-06-19,74.33206176757812,17691393
2020-06-22,73.23473358154297,7474231
2020-06-23,73.58778381347656,11428650
2020-06-24,72.39503479003906,8084901
2020-06-25,73.06298065185547,7583328
2020-06-26,71.74618530273438,12328882
2020-06-29,72.63359069824219,7230990
2020-06-30,73.78816986083984,9940804
2020-07-01,74.54198455810547,9948769
2020-07-02,75.1717529296875,6827825
2020-07-06,75.93511199951172,8058282
2020-07-07,75.114501953125,6956414
2020-07-08,74.35114288330078,8211394
2020-07-09,73.17748260498047,7966058
2020-07-10,73.21565246582031,5161400
2020-07-13,73.8072509765625,8114245
2020-07-14,74.66603088378906,8397100
2020-07-15,75.80152893066406,7709717
2020-07-16,75.76335906982422,5850774
2020-07-17,76.21183013916016,8191378
2020-07-20,75.77290344238281,5434194
2020-07-21,75.27671813964844,8967526
2020-07-22,75.1717529296875,12362103
2020-07-23,74.48473358154297,11558916
2020-07-24,73.5687026977539,9068763
2020-07-27,75.31488800048828,10958307
2020-07-28,76.04007720947266,8494564
2020-07-29,75.71565246582031,6398040
2020-07-30,75.37213897705078,7152600
2020-07-31,76.56488800048828,12291154
2020-08-03,78.7595443725586,10601463
2020-08-04,77.92938995361328,7218729
2020-08-05,77.90076446533203,6492465
2020-08-06,77.33778381347656,7256562
2020-08-07,77.30915832519531,6977584
2020-08-10,77.2042007446289,5782445
2020-08-11,77.2042007446289,7636671
2020-08-12,78.89312744140625,7295652
2020-08-13,79.71373748779297,7455262
2020-08-14,79.65648651123047,7390496
2020-08-17,80.87786102294922,8764319
2020-08-18,80.68701934814453,6551572
2020-08-19,81.135498046875,6896050
2020-08-20,81.135498046875,6380434
2020-08-21,81.08778381347656,6890495
2020-08-24,81.50763702392578,7582280
2020-08-25,81.75572204589844,10245982
2020-08-26,81.62213897705078,7844175
2020-08-27,81.88931274414062,6464902
2020-08-28,81.72709655761719,6134049
2020-08-31,81.364501953125,7929273
2020-09-01,80.56298065185547,6797433
2020-09-02,82.94847106933594,11571597
2020-09-03,81.57442474365234,12983672
2020-09-04,81.33587646484375,9359688
2020-09-08,79.51335906982422,9095592
2020-09-09,80.99236297607422,8862307
2020-09-10,79.74236297607422,6907578
2020-09-11,80.61068725585938,7171254
2020-09-14,80.30534362792969,8575994
2020-09-15,80.3530502319336,10826678
2020-09-16,81.65076446533203,10380230
2020-09-17,81.71755981445312,8090455
2020-09-18,81.87976837158203,12308446
2020-09-21,79.32251739501953,10445311
2020-09-22,79.14122009277344,8143170
2020-09-23,78.84542083740234,7085842
2020-09-24,79.34160614013672,7844280
2020-09-25,79.13167572021484,6932101
2020-09-28,78.96946716308594,6123674
2020-09-29,78.14885711669922,6742413
2020-09-30,79.15076446533203,11593605
2020-10-01,77.90076446533203,8410305
2020-10-02,77.09923553466797,5255406
2020-10-05,77.51908111572266,8807182
2020-10-06,75.98282623291016,10273230
2020-10-07,76.3740463256836,9845226
2020-10-08,76.79389190673828,9217160
2020-10-09,76.67938995361328,5956098
2020-10-12,76.67938995361328,8276370
2020-10-13,77.01335906982422,9125774
2020-10-14,76.82251739501953,9166122
2020-10-15,75.43893432617188,9151974
2020-10-16,76.17366027832031,7903492
2020-10-19,75.0667953491211,8614455
2020-10-20,74.68511199951172,11144746
2020-10-21,74.49427795410156,9689808
2020-10-22,75.58206176757812,6075990
2020-10-23,76.17366027832031,7309381
2020-10-26,75.22901153564453,9122840
2020-10-27,74.41793823242188,12241374
2020-10-28,72.69084167480469,8989954
2020-10-29,72.41412353515625,9314310
2020-10-30,71.76526641845703,11096748
2020-11-02,73.19656372070312,8145475
2020-11-03,73.3969497680664,7693578
2020-11-04,76.92748260498047,14731422
2020-11-05,76.77481079101562,9277210
2020-11-06,76.67938995361328,6945515
2020-11-09,76.81298065185547,11184046
2020-11-10,77.39503479003906,8593914
2020-11-11,77.34732818603516,5741678
2020-11-12,76.2022933959961,7464799
2020-11-13,77.3759536743164,7694206
2020-11-16,76.50763702392578,9503474
2020-11-17,77.76717376708984,9509133
2020-11-18,76.57442474365234,8678174
2020-11-19,76.70801544189453,7037110
2020-11-20,76.76526641845703,8415440
2020-11-23,76.6030502319336,9498548
2020-11-24,76.46946716308594,12790840
2020-11-25,76.39312744140625,6023590
2020-11-27,76.2022933959961,5644528
2020-11-30,76.70801544189453,14501910
2020-12-01,77.81488800048828,10166543
2020-12-02,78.08206176757812,7165805
2020-12-03,77.71946716308594,7085109
2020-12-04,78.18701934814453,8651554
2020-12-07,78.73091888427734,8829190
2020-12-08,79.37023162841797,8664969
2020-12-09,79.6469497680664,7168320
2020-12-10,79.18893432617188,7349205
2020-12-11,79.1603012084961,7979158
2020-12-14,76.64122009277344,13139300
2020-12-15,76.79389190673828,10087838
2020-12-16,76.17366027832031,9487649
2020-12-17,76.16412353515625,11710038
2020-12-18,75.88740539550781,33161759
2020-12-21,75.65839385986328,11140764
2020-12-22,75.78244018554688,9052414
2020-12-23,76.10687255859375,6056078
2020-12-24,76.46946716308594,2957456
2020-12-28,76.76526641845703,4804242
2020-12-29,77.69084167480469,5708037
2020-12-30,76.89885711669922,5933357
2020-12-31,78.05343627929688,5511118
2021-01-04,77.25190734863281,10502637
2021-01-05,77.385498046875,10956526
2021-01-06,78.60687255859375,10521396
2021-01-07,80.1717529296875,10447931
2021-01-08,79.22709655761719,9563105
2021-01-11,81.10687255859375,13488179
2021-01-12,79.28434753417969,10128606
2021-01-13,78.5687026977539,10093812
2021-01-14,78.40648651123047,11366398
2021-01-15,79.56106567382812,10203538
2021-01-19,79.37976837158203,8467316
2021-01-20,78.6832046508789,11097901
2021-01-21,77.46183013916016,9043716
2021-01-22,77.27098846435547,9436926
2021-01-25,77.4332046508789,9957677
2021-01-26,76.57442474365234,7748283
2021-01-27,73.54007720947266,16230376
2021-01-28,74.35114288330078,12972039
2021-01-29,73.54007720947266,10671470
2021-02-01,73.8167953491211,8224599
2021-02-02,74.20801544189453,9866710
2021-02-03,73.77862548828125,10034810
2021-02-04,72.5477066040039,18867563
2021-02-05,72.3282470703125,13901825
2021-02-08,71.6030502319336,16718534
2021-02-09,71.6030502319336,13484616
2021-02-10,71.45992279052734,11721566
2021-02-11,71.3167953491211,8780982
2021-02-12,71.56488800048828,6738116
2021-02-16,70.84923553466797,9734453
2021-02-17,72.08015441894531,13876463
2021-02-18,71.95610809326172,10004627
2021-02-19,70.90648651123047,12388198
2021-02-22,71.49809265136719,8612464
2021-02-23,71.1259536743164,10900458
2021-02-24,71.15457916259766,9838834
2021-02-25,71.2022933959961,10906955
2021-02-26,69.29389190673828,17644862
2021-03-01,69.06488800048828,12594864
2021-03-02,69.51335906982422,16047290
2021-03-03,69.9427490234375,13939972
2021-03-04,68.864501953125,15975188
2021-03-05,69.78053283691406,12241164
2021-03-08,70.77290344238281,15391347
2021-03-09,70.74427795410156,14189920
2021-03-10,71.33587646484375,12827310
2021-03-11,71.21183013916016,13205324
2021-03-12,71.1832046508789,11493940
2021-03-15,72.7385482788086,17999295
2021-03-16,73.29198455810547,15697887
2021-03-17,73.7595443725586,17533878
2021-03-18,73.73091888427734,14274179
2021-03-19,73.95992279052734,58225203
2021-03-22,73.95992279052734,11352879
2021-03-23,72.77671813964844,11651245
2021-03-24,72.74809265136719,9135416
2021-03-25,72.58587646484375,10700918
2021-03-26,73.84542083740234,10389767
2021-03-29,74.71373748779297,11448562
2021-03-30,73.43511199951172,10123366
2021-03-31,73.55915832519531,13598219
2021-04-01,73.55915832519531,9121373
2021-04-05,73.47328186035156,9828144
2021-04-06,72.3187026977539,13394698
2021-04-07,72.63359069824219,8970566
2021-04-08,72.03244018554688,12007984
2021-04-09,72.81488800048828,8177439
2021-04-12,72.72901153564453,9970672
2021-04-13,72.92938995361328,8627346
2021-04-14,72.90076446533203,8415545
2021-04-15,73.14885711669922,14541734
2021-04-16,73.9217529296875,12512806
2021-04-19,74.1030502319336,8536903
2021-04-20,74.97137451171875,11009345
2021-04-21,75.60114288330078,11817248
2021-04-22,74.38931274414062,13330560
2021-04-23,74.31298065185547,8598840
2021-04-26,73.97901153564453,7834219
2021-04-27,73.8167953491211,9095802
2021-04-28,73.55915832519531,11628398
2021-04-29,70.30534362792969,30602753
2021-04-30,71.08778381347656,18052114
2021-05-03,72.5,12543302
2021-05-04,72.5095443725586,10418587
2021-05-05,74.14122009277344,16795143
2021-05-06,74.21755981445312,12871641
2021-05-07,74.8187026977539,12237496
2021-05-10,74.5896987915039,10939758
2021-05-11,73.91221618652344,12148102
2021-05-12,74.42748260498047,13379711
2021-05-13,75.08587646484375,10830451
2021-05-14,74.7042007446289,8273122
2021-05-17,76.21183013916016,12532508
2021-05-18,75.74427795410156,7943106
2021-05-19,75.72518920898438,9132796
2021-05-20,76.0114517211914,7345222
2021-05-21,75.55343627929688,10863987
2021-05-24,75.4103012084961,8737910
2021-05-25,73.95037841796875,14331714
2021-05-26,73.6927490234375,9686454
2021-05-27,72.4427490234375,17675149
2021-05-28,72.41412353515625,13969735
2021-06-01,71.73664093017578,15798914
2021-06-02,72.39503479003906,11830453
2021-06-03,73.91000366210938,15974400
2021-06-04,74.11000061035156,12728500
2021-06-07,72.80000305175781,16794400
2021-06-08,72.4000015258789,13657700
2021-06-09,74.04000091552734,12258700
2021-06-10,76.13999938964844,17236700
2021-06-11,76.2699966430664,13928400
2021-06-14,75.44999694824219,7841400
2021-06-15,75.69999694824219,14185700
2021-06-16,76.61000061035156,17576900
2021-06-17,77.2300033569336,14233200
2021-06-18,76.61000061035156,19351900
2021-06-21,76.75,10880800
2021-06-22,76.19000244140625,10957500
2021-06-23,75.58000183105469,9539100
2021-06-24,76.36000061035156,8601900
2021-06-25,77.19999694824219,50285200
2021-06-28,76.86000061035156,8796200
2021-06-29,77.20999908447266,7696600
2021-06-30,77.7699966430664,13811900
2021-07-01,77.98999786376953,9212000
2021-07-02,78.5999984741211,7668000
2021-07-06,78.11000061035156,6720500
2021-07-07,78.55999755859375,8275100
2021-07-08,78.12000274658203,8400400
2021-07-09,77.98999786376953,6006500
2021-07-12,77.55000305175781,11087900
2021-07-13,77.61000061035156,6465800
2021-07-14,77.62000274658203,7163200
2021-07-15,77.9000015258789,7041300
2021-07-16,78.0199966430664,7638200
2021-07-19,77.05000305175781,9830600
2021-07-20,76.16999816894531,11627600
2021-07-21,76.38999938964844,7429300
2021-07-22,76.52999877929688,8708900
2021-07-23,77.54000091552734,6560800
2021-07-26,77.23999786376953,5071800
2021-07-27,77.8499984741211,8136000
2021-07-28,78.33000183105469,11037900
2021-07-29,76.93000030517578,11583000
2021-07-30,76.87000274658203,13004500
2021-08-02,76.18000030517578,9083400
2021-08-03,76.41000366210938,9952400
2021-08-04,75.4800033569336,10893400
2021-08-05,75.58999633789062,8701600
2021-08-06,75.44000244140625,8670700
2021-08-09,75.31999969482422,7867000
2021-08-10,75.19000244140625,11243100
2021-08-11,75.20999908447266,6952200
2021-08-12,76.04000091552734,6077100
2021-08-13,76.72000122070312,6810400
2021-08-16,77.93000030517578,9368400
2021-08-17,78.83000183105469,10311600
2021-08-18,77.79000091552734,7459100
2021-08-19,78.45999908447266,8865400
2021-08-20,78.68000030517578,6284200
2021-08-23,78.37999725341797,6492600
2021-08-24,77.72000122070312,8698100
2021-08-25,77.06999969482422,7045800
2021-08-26,76.56999969482422,6640400
2021-08-27,76.30000305175781,6010000
2021-08-30,76.5,7339700
2021-08-31,76.29000091552734,10949500
2021-09-01,76.18000030517578,9187200
2021-09-02,77.12000274658203,6559400
2021-09-03,77.26000213623047,6629800
2021-09-07,75.9800033569336,13979500
2021-09-08,75.36000061035156,8243000
2021-09-09,73.81999969482422,14628700
2021-09-10,73.44999694824219,11084500
2021-09-13,73.18000030517578,11245200
2021-09-14,72.11000061035156,15202800
2021-09-15,72.80999755859375,12555900
2021-09-16,71.97000122070312,14818900
2021-09-17,71.68000030517578,43406600
2021-09-20,71.93000030517578,15989400
2021-09-21,71.97000122070312,11995900
2021-09-22,72.04000091552734,9028700
2021-09-23,73.05000305175781,12813500
2021-09-24,73.61000061035156,14714700
2021-09-27,73.36000061035156,8630600
2021-09-28,73.31999969482422,11836200
2021-09-29,75.08999633789062,16054500
2021-09-30,75.11000061035156,16248600
2021-10-01,81.4000015258789,102497300
2021-10-04,83.0999984741211,53553300
2021-10-05,81.5999984741211,28977800
2021-10-06,80.66000366210938,17608000
2021-10-07,81.94000244140625,14190500
2021-10-08,80.62999725341797,12121100
2021-10-11,79.93000030517578,11279700
2021-10-12,79.58999633789062,10945000
2021-10-13,78.94999694824219,9462600
2021-10-14,78.33000183105469,14607900
2021-10-15,78.33000183105469,12866800
2021-10-18,77.1500015258789,13075500
2021-10-19,79.48999786376953,15577100
2021-10-20,81.06999969482422,11465500
2021-10-21,81.16999816894531,9893600
2021-10-22,81.1500015258789,7543600
2021-10-25,81.66000366210938,9365900
2021-10-26,82.25,9352500
2021-10-27,81.54000091552734,8465400
2021-10-28,86.55000305175781,28854700
2021-10-29,88.05000305175781,18678600
2021-11-01,87.83999633789062,10943900
2021-11-02,89.0199966430664,14671400
2021-11-03,88.68000030517578,10883900
2021-11-04,90.54000091552734,19519800
2021-11-05,81.61000061035156,37623900
2021-11-08,82.68000030517578,18655700
2021-11-09,82.72000122070312,10512000
2021-11-10,84.01000213623047,9855900
2021-11-11,84.0199966430664,5761500
2021-11-12,84.0,8206700
2021-11-15,83.69000244140625,7108200
2021-11-16,84.11000061035156,10565200
2021-11-17,82.5999984741211,10286300
2021-11-18,83.05000305175781,9833600
2021-11-19,80.69999694824219,17581100
2021-11-22,81.63999938964844,10880200
2021-11-23,82.80000305175781,12130800
2021-11-24,82.27999877929688,8537000
2021-11-26,79.16000366210938,18022000
2021-11-29,74.88999938964844,34192400
2021-11-30,74.91000366210938,30179900
2021-12-01,74.44000244140625,21435900
2021-12-02,73.88999938964844,15345300
2021-12-03,73.33999633789062,14508900
2021-12-06,73.41999816894531,13506800
2021-12-07,72.27999877929688,17635100
2021-12-08,73.20999908447266,14331400
2021-12-09,72.86000061035156,11938000
2021-12-10,72.62000274658203,11398800
2021-12-13,73.41999816894531,17486100
2021-12-14,73.72000122070312,18949700
2021-12-15,75.29000091552734,14263400
2021-12-16,75.91000366210938,16601700
2021-12-17,75.69000244140625,28040600
2021-12-20,76.41000366210938,11818800
2021-12-21,75.54000091552734,14947800
2021-12-22,76.16000366210938,9256000
2021-12-23,75.7300033569336,9894900
2021-12-27,76.56999969482422,6334700
2021-12-28,76.80999755859375,5727100
2021-12-29,76.94999694824219,5926100
2021-12-30,77.13999938964844,5859100
2021-12-31,76.63999938964844,6019500
2022-01-03,76.87000274658203,9441200
2022-01-04,77.01000213623047,11981700
2022-01-05,78.87999725341797,17447900
2022-01-06,78.83000183105469,11359200
2022-01-07,80.30000305175781,15212000
2022-01-10,82.37000274658203,19636800
2022-01-11,81.66999816894531,11585100
2022-01-12,81.19999694824219,13057000
2022-01-13,81.31999969482422,9678100
2022-01-14,81.37999725341797,9478000
2022-01-18,81.54000091552734,14493100
2022-01-19,81.29000091552734,11448200
2022-01-20,80.75,12069600
2022-01-21,79.9800033569336,18461700
2022-01-24,78.83000183105469,17289000
2022-01-25,79.45999908447266,13662400
2022-01-26,79.13999938964844,13046600
2022-01-27,80.58000183105469,20187200
2022-01-28,80.9000015258789,13915300
2022-01-31,81.4800033569336,13035000
2022-02-01,81.91999816894531,10803300
2022-02-02,82.01000213623047,13988200
2022-02-03,79.01000213623047,19181400
2022-02-04,78.55999755859375,10716200
2022-02-07,77.58000183105469,23615300
2022-02-08,76.91000366210938,17486500
2022-02-09,76.52999877929688,15183100
2022-02-10,76.55999755859375,12437600
2022-02-11,76.63999938964844,9342300
2022-02-14,76.47000122070312,9881100
2022-02-15,77.80999755859375,11425600
2022-02-16,77.22000122070312,9981300
2022-02-17,76.36000061035156,8889300
2022-02-18,76.37000274658203,8780500
2022-02-22,75.94999694824219,9052500
2022-02-23,75.83999633789062,9659100
2022-02-24,73.51000213623047,21135600
2022-02-25,76.31999969482422,13665900
2022-02-28,76.58000183105469,14126100
2022-03-01,76.33999633789062,9807300
2022-03-02,76.66999816894531,9697500
2022-03-03,77.1500015258789,8191100
2022-03-04,77.83000183105469,12216300
2022-03-07,77.7300033569336,14008400
2022-03-08,76.94999694824219,10184100
2022-03-09,77.79000091552734,9746000
2022-03-10,77.88999938964844,8972200
2022-03-11,78.26000213623047,9424500
2022-03-14,77.77999877929688,10085400
2022-03-15,78.63999938964844,11403000
2022-03-16,78.12000274658203,10944000
2022-03-17,78.94000244140625,10279400
2022-03-18,79.11000061035156,21064800
2022-03-21,79.05999755859375,10478300
2022-03-22,79.30000305175781,10016600
2022-03-23,79.7300033569336,8470400
2022-03-24,80.41000366210938,7605000
2022-03-25,81.33999633789062,7125600
2022-03-28,81.20999908447266,7071900
2022-03-29,81.56999969482422,7398700
2022-03-30,82.4000015258789,9326600
2022-03-31,82.05000305175781,12466800
2022-04-01,83.5199966430664,10086700
2022-04-04,83.48999786376953,9039600
2022-04-05,83.72000122070312,12040900
2022-04-06,84.97000122070312,13924300
2022-04-07,86.80000305175781,13104300
2022-04-08,87.68000030517578,11409300
2022-04-11,86.62999725341797,14381000
2022-04-12,85.62999725341797,12543000
2022-04-13,86.12999725341797,12743800
2022-04-14,86.91000366210938,22096100
2022-04-18,86.06999969482422,7995100
2022-04-19,85.79000091552734,8494700
2022-04-20,86.45999908447266,8719400
2022-04-21,86.2300033569336,8562400
2022-04-22,84.58999633789062,7914000
2022-04-25,85.44000244140625,10573400
2022-04-26,84.4800033569336,9009600
2022-04-27,84.41000366210938,10781300
2022-04-28,88.58000183105469,21092300
2022-04-29,88.69000244140625,15914200
2022-05-02,87.6500015258789,12124900
2022-05-03,87.0999984741211,8425600
2022-05-04,88.5199966430664,10763500
2022-05-05,88.01000213623047,9548300
2022-05-06,88.38999938964844,12227400
2022-05-09,87.63999938964844,11901500
2022-05-10,87.80999755859375,12370800
2022-05-11,89.19000244140625,16338600
2022-05-12,90.83000183105469,14210200
2022-05-13,90.41000366210938,10308100
2022-05-16,92.31999969482422,13999000
2022-05-17,93.0,17582800
2022-05-18,92.0999984741211,12717600
2022-05-19,92.08999633789062,11121600
2022-05-20,93.55000305175781,11757100
2022-05-23,93.83000183105469,9067000
2022-05-24,94.63999938964844,9021000
2022-05-25,93.75,11177700
2022-05-26,92.30999755859375,17249500
2022-05-27,93.08000183105469,9802000
2022-05-31,92.02999877929688,22860800
2022-06-01,91.13999938964844,10492500
2022-06-02,90.0,11066200
2022-06-03,89.91000366210938,7051600
2022-06-06,89.83999633789062,8336900
2022-06-07,90.4800033569336,10243300
2022-06-08,89.4800033569336,10266000
2022-06-09,88.0,7381100
2022-06-10,87.18000030517578,8861600
2022-06-13,85.0,12016100
2022-06-14,84.5,11226900
2022-06-15,84.62999725341797,11357100
2022-06-16,84.88999938964844,12925200
2022-06-17,84.62000274658203,32989100
2022-06-21,88.02999877929688,11778600
2022-06-22,89.16000366210938,11935400
2022-06-23,92.0,14718400
2022-06-24,93.12999725341797,25248400
2022-06-27,94.41000366210938,11949000
2022-06-28,91.88999938964844,13523300
2022-06-29,92.51000213623047,8657100
2022-06-30,91.16999816894531,18551400
2022-07-01,92.41999816894531,11413800
2022-07-05,92.63999938964844,9574400
2022-07-06,93.12999725341797,10455300
2022-07-07,93.01000213623047,8140100
2022-07-08,92.77999877929688,7161500
2022-07-11,94.30000305175781,9507700
2022-07-12,93.5999984741211,7826500
2022-07-13,93.7699966430664,6415600
2022-07-14,93.87999725341797,6271000
2022-07-15,94.95999908447266,9731900
2022-07-18,92.33999633789062,8653700
2022-07-19,92.36000061035156,8233600
2022-07-20,89.6500015258789,11844000
2022-07-21,90.13999938964844,8197000
2022-07-22,90.11000061035156,6354500
2022-07-25,90.52999877929688,6364500
2022-07-26,91.29000091552734,6414100
2022-07-27,91.2300033569336,6966300
2022-07-28,89.94000244140625,13909800
2022-07-29,89.33999633789062,14938600
2022-08-01,88.52999877929688,7343300
2022-08-02,87.61000061035156,7443000
2022-08-03,87.62000274658203,8187600
2022-08-04,86.81999969482422,7993800
2022-08-05,87.41000366210938,8801200
2022-08-08,88.48999786376953,8149400
2022-08-09,89.5199966430664,13215500
2022-08-10,89.19000244140625,8140200
2022-08-11,88.93000030517578,7396800
2022-08-12,91.0199966430664,12317300
2022-08-15,90.5999984741211,6339800
2022-08-16,90.58999633789062,5661200
2022-08-17,91.04000091552734,6486000
2022-08-18,91.4000015258789,6111600
2022-08-19,92.08000183105469,8828700
2022-08-22,91.16000366210938,6652100
2022-08-23,90.19999694824219,5208800
2022-08-24,90.01000213623047,5553300
2022-08-25,90.2699966430664,5884300
2022-08-26,89.26000213623047,5695300
2022-08-29,87.58999633789062,7850200
2022-08-30,86.87999725341797,6754000
2022-08-31,85.36000061035156,11602000
2022-09-01,87.1500015258789,7528600
2022-09-02,86.2300033569336,6997500
2022-09-06,86.41999816894531,8244300
2022-09-07,86.87000274658203,6121700
2022-09-08,87.41999816894531,8109200
2022-09-09,87.33999633789062,7480100
2022-09-12,88.16000366210938,6351500
2022-09-13,86.27999877929688,7650000
2022-09-14,86.94999694824219,9418700
2022-09-15,86.75,8006800
2022-09-16,87.72000122070312,14842500
2022-09-19,86.63999938964844,7748600
2022-09-20,86.0,5454800
2022-09-21,84.52999877929688,7190800
2022-09-22,87.51000213623047,12329700
2022-09-23,86.77999877929688,9038500
2022-09-26,86.18000030517578,8841000
2022-09-27,85.83999633789062,6532100
2022-09-28,86.77999877929688,6840000
2022-09-29,86.63999938964844,6601300
2022-09-30,86.12000274658203,9035600
2022-10-03,87.55000305175781,9186900
2022-10-04,88.38999938964844,7373000
2022-10-05,88.38999938964844,6065700
2022-10-06,87.44000244140625,8055500
2022-10-07,87.5999984741211,8837400
2022-10-10,90.4800033569336,14485000
2022-10-11,91.05000305175781,9743500
2022-10-12,90.41999816894531,8522200
2022-10-13,92.48999786376953,9382800
2022-10-14,92.18000030517578,9847600
2022-10-17,94.12000274658203,12139700
2022-10-18,94.61000061035156,9530400
2022-10-19,93.26000213623047,8546100
2022-10-20,92.94000244140625,7626000
2022-10-21,95.66999816894531,10297200
2022-10-24,97.37000274658203,11414900
2022-10-25,97.70999908447266,8747900
2022-10-26,98.41000366210938,10374700
2022-10-27,99.73999786376953,12218400
2022-10-28,100.7699966430664,11228000
2022-10-31,101.19999694824219,11043800
2022-11-01,99.76000213623047,11079300
2022-11-02,99.4000015258789,9503500
2022-11-03,98.75,9912700
2022-11-04,99.19999694824219,8877600
2022-11-07,100.06999969482422,8644500
2022-11-08,101.5,8503900
2022-11-09,101.58999633789062,10602900
2022-11-10,101.88999938964844,9556000
2022-11-11,97.95999908447266,13342800
2022-11-14,100.3499984741211,8958200
2022-11-15,99.5999984741211,7965900
2022-11-16,99.93000030517578,8757700
2022-11-17,102.30999755859375,8496800
2022-11-18,104.2300033569336,11626300
2022-11-21,105.61000061035156,8899300
2022-11-22,106.9000015258789,8295700
2022-11-23,106.81999969482422,5749600
2022-11-25,107.5,3163700
2022-11-28,108.44999694824219,9524500
2022-11-29,108.83999633789062,9352400
2022-11-30,110.12000274658203,20305800
2022-12-01,109.80000305175781,10110500
2022-12-02,110.04000091552734,6943600
2022-12-05,110.01000213623047,6961900
2022-12-06,108.93000030517578,7458700
2022-12-07,110.08999633789062,8270400
2022-12-08,110.8499984741211,7354800
2022-12-09,108.77999877929688,9667800
2022-12-12,108.97000122070312,10956600
2022-12-13,110.91000366210938,15836900
2022-12-14,111.55000305175781,10788300
2022-12-15,109.62999725341797,9871400
2022-12-16,109.19999694824219,29465900
2022-12-19,109.44000244140625,6949500
2022-12-20,109.70999908447266,8022000
2022-12-21,111.11000061035156,6640900
2022-12-22,111.23999786376953,8373700
2022-12-23,111.86000061035156,4547400
2022-12-27,112.12000274658203,5125800
2022-12-28,111.08000183105469,5107800
2022-12-29,110.81999969482422,4467200
2022-12-30,110.94999694824219,5498600
2023-01-03,111.13999938964844,8062500
2023-01-04,112.08000183105469,8698600
2023-01-05,113.63999938964844,9578900
2023-01-06,114.83999633789062,8632300
2023-01-09,110.37999725341797,12858800
2023-01-10,110.80999755859375,12122800
2023-01-11,111.06999969482422,8626500
2023-01-12,111.7699966430664,8914800
2023-01-13,112.25,5757800
2023-01-17,110.44999694824219,10241100
2023-01-18,108.79000091552734,8799500
2023-01-19,109.9000015258789,6772900
2023-01-20,109.94000244140625,9216500
2023-01-23,109.87999725341797,8998800
2023-01-24,108.5199966430664,7424200
2023-01-25,108.58999633789062,6168000
2023-01-26,106.87000274658203,9672700
2023-01-27,105.37999725341797,7784900
2023-01-30,106.08999633789062,6476600
2023-01-31,107.41000366210938,7938900
2023-02-01,106.9800033569336,10103200
2023-02-02,103.45999908447266,16229900
2023-02-03,102.94000244140625,11210800
2023-02-06,104.02999877929688,9054500
2023-02-07,105.68000030517578,7904700
2023-02-08,106.63999938964844,8596300
2023-02-09,106.72000122070312,7976800
2023-02-10,108.56999969482422,7609600
2023-02-13,109.55000305175781,7383100
2023-02-14,108.73999786376953,6983900
2023-02-15,107.68000030517578,6416600
2023-02-16,106.51000213623047,5959300
2023-02-17,109.5199966430664,9474600
2023-02-21,109.06999969482422,6741500
2023-02-22,109.16000366210938,7213900
2023-02-23,110.58999633789062,6922800
2023-02-24,109.88999938964844,5787900
2023-02-27,109.36000061035156,5654800
2023-02-28,106.23999786376953,10209900
2023-03-01,106.6500015258789,6099000
2023-03-02,107.01000213623047,5097500
2023-03-03,106.87999725341797,6124300
2023-03-06,111.0999984741211,17776600
2023-03-07,111.2699966430664,13805300
2023-03-08,108.27999877929688,8440800
2023-03-09,107.5999984741211,5842500
2023-03-10,107.69000244140625,9738500
2023-03-13,105.7300033569336,10687100
2023-03-14,106.97000122070312,9806900
2023-03-15,107.62999725341797,10942700
2023-03-16,107.33999633789062,9441500
2023-03-17,104.0999984741211,26402100
2023-03-20,105.8499984741211,12865800
2023-03-21,105.54000091552734,11571800
2023-03-22,104.4000015258789,5705800
2023-03-23,104.2300033569336,6801700
2023-03-24,104.80000305175781,6661800
2023-03-27,106.93000030517578,7563100
2023-03-28,105.52999877929688,6679500
2023-03-29,104.91999816894531,6310200
2023-03-30,105.91999816894531,5017400
2023-03-31,106.38999938964844,7184300
2023-04-03,108.87000274658203,6964100
2023-04-04,108.83000183105469,6108200
2023-04-05,111.91000366210938,8006100
2023-04-06,112.33000183105469,6894500
2023-04-10,112.61000061035156,6446500
2023-04-11,112.48999786376953,5639800
2023-04-12,113.75,6136700
2023-04-13,115.58000183105469,7332300
2023-04-14,115.30999755859375,5005100
2023-04-17,115.01000213623047,6575500
2023-04-18,114.83000183105469,5454500
2023-04-19,114.12999725341797,4683400
2023-04-20,114.16999816894531,4657900
2023-04-21,115.37000274658203,6554600
2023-04-24,115.94000244140625,4299100
2023-04-25,116.52999877929688,5662800
2023-04-26,113.43000030517578,6607900
2023-04-27,115.16000366210938,9975200
2023-04-28,115.47000122070312,8050400
2023-05-01,116.33999633789062,5238900
2023-05-02,117.88999938964844,8175600
2023-05-03,118.22000122070312,6738600
2023-05-04,117.37000274658203,6490200
2023-05-05,117.68000030517578,4534000
2023-05-08,118.37999725341797,5157300
2023-05-09,117.43000030517578,4933100
2023-05-10,117.9000015258789,5605400
2023-05-11,117.55000305175781,5596700
2023-05-12,117.13999938964844,5233100
2023-05-15,116.37000274658203,5697200
2023-05-16,116.08000183105469,4278200
2023-05-17,114.76000213623047,7210400
2023-05-18,114.0,6437100
2023-05-19,115.48999786376953,7647000
2023-05-22,114.48999786376953,5607400
2023-05-23,113.2699966430664,7733000
2023-05-24,113.5999984741211,4509500
2023-05-25,112.30000305175781,7037500
2023-05-26,111.06999969482422,6378200
2023-05-30,109.16999816894531,7768100
2023-05-31,110.41000366210938,14563500
2023-06-01,110.93000030517578,6959900
2023-06-02,112.5199966430664,5792800
2023-06-05,113.11000061035156,5185500
2023-06-06,110.01000213623047,6960200
2023-06-07,108.61000061035156,12420500
2023-06-08,110.31999969482422,8352700
2023-06-09,110.70999908447266,6521900
2023-06-12,109.86000061035156,7468500
2023-06-13,109.98999786376953,7304200
2023-06-14,108.66000366210938,6137300
2023-06-15,109.4000015258789,7305700
2023-06-16,109.31999969482422,15844300
2023-06-20,110.2300033569336,7744400
2023-06-21,111.16000366210938,6854800
2023-06-22,113.72000122070312,7884100
2023-06-23,114.5999984741211,16407900
2023-06-26,113.08000183105469,7685100
2023-06-27,113.31999969482422,7093900
2023-06-28,112.44000244140625,8173800
2023-06-29,113.54000091552734,6281800
2023-06-30,115.38999938964844,8090600
2023-07-03,114.33000183105469,2834600
2023-07-05,113.69999694824219,5861500
2023-07-06,111.75,7257400
2023-07-07,109.0,11316600
2023-07-10,109.95999908447266,5949200
2023-07-11,108.69999694824219,6084400
2023-07-12,107.47000122070312,8376700
2023-07-13,106.31999969482422,9764400
2023-07-14,107.33999633789062,7209900
2023-07-17,105.56999969482422,7376400
2023-07-18,105.94999694824219,7499100
2023-07-19,105.94999694824219,6608600
2023-07-20,108.45999908447266,8073000
2023-07-21,110.38999938964844,8194000
2023-07-24,108.79000091552734,6045500
2023-07-25,107.52999877929688,6498700
2023-07-26,107.13999938964844,7042700
2023-07-27,105.2699966430664,9813100
2023-07-28,106.33999633789062,6903800
2023-07-31,106.6500015258789,7397500
2023-08-01,105.27999877929688,10009200
2023-08-02,105.69999694824219,10873500
2023-08-03,105.7300033569336,6039300
2023-08-04,105.0,6700700
2023-08-07,106.08999633789062,8259100
2023-08-08,106.41000366210938,10152200
2023-08-09,106.0999984741211,6479500
2023-08-10,105.56999969482422,6525700
2023-08-11,107.44000244140625,5904300
2023-08-14,108.91000366210938,8427200
2023-08-15,108.66000366210938,5118700
2023-08-16,108.7300033569336,5332900
2023-08-17,108.91999816894531,6457800
2023-08-18,109.19999694824219,6711400
2023-08-21,109.63999938964844,6012500
2023-08-22,107.2300033569336,6026000
2023-08-23,111.30000305175781,10588200
2023-08-24,109.44999694824219,6487700
2023-08-25,110.20999908447266,4839100
2023-08-28,108.93000030517578,4335600
2023-08-29,109.98999786376953,5673100
2023-08-30,110.20999908447266,4785000
2023-08-31,108.9800033569336,9212000
2023-09-01,109.83999633789062,4941300
2023-09-05,107.51000213623047,6379900
2023-09-06,106.48999786376953,7926100
2023-09-07,107.94000244140625,8532600
2023-09-08,109.05000305175781,6807500
2023-09-11,108.5999984741211,5069300
2023-09-12,109.0199966430664,4605400
2023-09-13,107.80999755859375,6761500
2023-09-14,108.23999786376953,6872400
2023-09-15,107.5199966430664,9639000
2023-09-18,107.81999969482422,3911300
2023-09-19,107.36000061035156,5818300
2023-09-20,107.30999755859375,4593600
2023-09-21,106.7300033569336,5856600
2023-09-22,106.33999633789062,5027200
2023-09-25,105.83999633789062,6052200
2023-09-26,105.38999938964844,5400500
2023-09-27,103.94000244140625,5635500
2023-09-28,104.30000305175781,4758800
2023-09-29,102.94999694824219,7232700
2023-10-02,102.55000305175781,7079700
2023-10-03,101.7699966430664,5924000
2023-10-04,102.16999816894531,6720500
2023-10-05,103.5999984741211,6449100
2023-10-06,103.87999725341797,6854900
2023-10-09,104.5,5061100
2023-10-10,103.61000061035156,7177200
2023-10-11,103.45999908447266,5375100
2023-10-12,103.58999633789062,5124000
2023-10-13,104.01000213623047,5787500
2023-10-16,104.13999938964844,6473500
2023-10-17,104.16999816894531,5827200
2023-10-18,101.98999786376953,7136400
2023-10-19,100.43000030517578,7647600
2023-10-20,102.66999816894531,12467500
2023-10-23,103.3499984741211,8493000
2023-10-24,103.02999877929688,6347900
2023-10-25,103.62999725341797,7849200
2023-10-26,105.55000305175781,11335700
2023-10-27,102.81999969482422,8933800
2023-10-30,102.68000030517578,6915500
2023-10-31,102.69999694824219,7522600
2023-11-01,102.8499984741211,5838100
2023-11-02,102.8499984741211,5379100
2023-11-03,103.37999725341797,6005900
2023-11-06,104.33999633789062,5951200
2023-11-07,104.0,6616400
2023-11-08,104.4000015258789,8152100
2023-11-09,102.37999725341797,7377000
2023-11-10,101.38999938964844,7627100
2023-11-13,102.47000122070312,5878200
2023-11-14,102.16999816894531,6944400
2023-11-15,101.3499984741211,7392600
2023-11-16,101.98999786376953,7889700
2023-11-17,101.75,6767000
2023-11-20,102.68000030517578,7449900
2023-11-21,102.20999908447266,7403500
2023-11-22,101.68000030517578,5724000
2023-11-24,101.87000274658203,3168000
2023-11-27,101.43000030517578,7356500
2023-11-28,100.18000030517578,8738500
2023-11-29,101.12999725341797,10286800
2023-11-30,102.4800033569336,29299700
2023-12-01,103.45999908447266,6863400
2023-12-04,105.05999755859375,10169900
2023-12-05,106.2300033569336,10789100
2023-12-06,105.62999725341797,9954800
2023-12-07,103.87999725341797,9602200
2023-12-08,103.75,7530300
2023-12-11,104.37000274658203,7429700
2023-12-12,104.36000061035156,7933500
2023-12-13,107.11000061035156,10995000
2023-12-14,105.87999725341797,10723000
2023-12-15,105.11000061035156,26393300
2023-12-18,106.04000091552734,12805600
2023-12-19,106.48999786376953,8043100
2023-12-20,105.36000061035156,8441600
2023-12-21,106.38999938964844,5919400
2023-12-22,107.69999694824219,6028700
2023-12-26,107.62999725341797,4727700
2023-12-27,107.9800033569336,5387000
2023-12-28,108.7699966430664,5530400
2023-12-29,109.0199966430664,5889200
2024-01-02,113.23999786376953,11920100
2024-01-03,114.7699966430664,10721900
2024-01-04,117.01000213623047,11492200
2024-01-05,117.22000122070312,6861500
2024-01-08,117.37999725341797,8193100
2024-01-09,118.43000030517578,8822300
2024-01-10,118.86000061035156,7129100
2024-01-11,118.43000030517578,5754400
2024-01-12,118.62999725341797,6823300
2024-01-16,118.48999786376953,6832300
2024-01-17,118.12999725341797,5591400
2024-01-18,118.54000091552734,10524700
2024-01-19,118.88999938964844,7605600
2024-01-22,119.43000030517578,8786200
2024-01-23,119.83999633789062,6501400
2024-01-24,118.87999725341797,5859900
2024-01-25,120.12999725341797,6689800
2024-01-26,120.81999969482422,8300300
2024-01-29,121.27999877929688,9138200
2024-01-30,121.66000366210938,7469500
2024-01-31,120.77999877929688,10779000
2024-02-01,126.37999725341797,11650700
2024-02-02,126.41000366210938,10175600
2024-02-05,126.18000030517578,8027700
2024-02-06,126.87999725341797,6153000
2024-02-07,127.47000122070312,6742800
2024-02-08,126.61000061035156,6308300
2024-02-09,125.44999694824219,7891200
2024-02-12,125.33999633789062,5257400
2024-02-13,125.43000030517578,7273400
2024-02-14,125.81999969482422,6622400
2024-02-15,126.54000091552734,5756700
2024-02-16,127.79000091552734,6266800
2024-02-20,127.37000274658203,6952800
2024-02-21,128.1199951171875,4849200
2024-02-22,129.25999450683594,6517400
2024-02-23,129.4499969482422,5177400
2024-02-26,128.83999633789062,5158400
2024-02-27,129.02999877929688,4780200
2024-02-28,128.19000244140625,5697200
2024-02-29,127.1500015258789,11246100
2024-03-01,126.95999908447266,6023400
2024-03-04,124.05000305175781,12706200
2024-03-05,122.83000183105469,8277800
2024-03-06,123.75,8251400
2024-03-07,123.98999786376953,8982200
2024-03-08,123.5,9822700
2024-03-11,122.7699966430664,7769300
2024-03-12,122.66000366210938,11621800
2024-03-13,122.16000366210938,9186000
2024-03-14,120.51000213623047,10132500
2024-03-15,121.5199966430664,46477400
2024-03-18,121.44000244140625,8311900
2024-03-19,122.19999694824219,11696600
2024-03-20,123.8499984741211,9793200
2024-03-21,123.62000274658203,8156300
2024-03-22,123.8499984741211,7022500
2024-03-25,125.30999755859375,7605800
2024-03-26,125.5199966430664,8864400
2024-03-27,131.75,16061600
2024-03-28,131.9499969482422,10189700
2024-04-01,130.99000549316406,5377600
2024-04-02,130.35000610351562,6584200
2024-04-03,129.89999389648438,7741400
2024-04-04,127.66000366210938,6753200
2024-04-05,127.98999786376953,5692900
2024-04-08,126.55999755859375,6282500
2024-04-09,126.70999908447266,4696600
2024-04-10,126.75,5787700
2024-04-11,126.1500015258789,6187200
2024-04-12,125.73999786376953,7370000
2024-04-15,126.19000244140625,6241000
2024-04-16,125.05999755859375,5587300
2024-04-17,125.37000274658203,6122800
2024-04-18,125.2300033569336,5992700
2024-04-19,125.77999877929688,8404300
2024-04-22,126.94000244140625,7805800
2024-04-23,126.87999725341797,7744000
2024-04-24,127.0,7128300
2024-04-25,130.72000122070312,12750100
2024-04-26,131.1999969482422,7758200
2024-04-29,130.1199951171875,6788000
2024-04-30,129.22000122070312,6945000
2024-05-01,128.8000030517578,5895700
2024-05-02,128.25999450683594,7422500
2024-05-03,127.51000213623047,6221900
2024-05-06,127.56999969482422,6552000
2024-05-07,130.3800048828125,6682300
2024-05-08,129.5500030517578,6659100
2024-05-09,130.22999572753906,9216700
2024-05-10,130.05999755859375,5722600
2024-05-13,129.2899932861328,7109700
2024-05-14,128.66000366210938,6154300
2024-05-15,131.72999572753906,7237100
2024-05-16,130.8800048828125,5518100
2024-05-17,131.19000244140625,8281600
2024-05-20,130.99000549316406,4860400
2024-05-21,130.75999450683594,6254700
2024-05-22,131.10000610351562,4407500
2024-05-23,131.08999633789062,6830900
2024-05-24,129.49000549316406,5983800
2024-05-28,126.08999633789062,10263400
2024-05-29,125.9000015258789,8527800
2024-05-30,124.52999877929688,13000300
2024-05-31,125.54000091552734,18150500
2024-06-03,128.4199981689453,7702500
2024-06-04,128.7100067138672,6440100
2024-06-05,129.4499969482422,5009400
2024-06-06,130.52000427246094,8088500
2024-06-07,130.6699981689453,4945600
2024-06-10,131.49000549316406,6033700
2024-06-11,131.83999633789062,11453200
2024-06-12,130.1999969482422,5822000
2024-06-13,129.3699951171875,5004200
2024-06-14,129.47999572753906,7338500
2024-06-17,127.5,8524000
2024-06-18,127.98999786376953,6532400
2024-06-20,129.6699981689453,10348400
2024-06-21,130.72000122070312,17170800
2024-06-24,132.9600067138672,8553800
2024-06-25,132.9199981689453,6750600
2024-06-26,131.5,8492100
2024-06-27,129.82000732421875,11927600
2024-06-28,123.80000305175781,57055500
2024-07-01,127.9000015258789,11533000
2024-07-02,127.72000122070312,5645400
2024-07-03,125.8499984741211,4002100
2024-07-05,126.44999694824219,6786700
2024-07-08,125.77999877929688,5743400
2024-07-09,126.04000091552734,6339000
2024-07-10,127.30000305175781,4588500
2024-07-11,128.97000122070312,7048800
2024-07-12,127.76000213623047,7022300
2024-07-15,128.1199951171875,6918500
2024-07-16,125.44000244140625,8194400
2024-07-17,125.88999938964844,7628000
2024-07-18,124.25,9501400
2024-07-19,125.7699966430664,6848800
2024-07-22,125.69000244140625,4341800
2024-07-23,124.37999725341797,4285400
2024-07-24,125.91999816894531,6338500
2024-07-25,125.8499984741211,7357100
2024-07-26,125.26000213623047,6467000
2024-07-29,127.77999877929688,9139500
2024-07-30,115.25,35509400
2024-07-31,113.12999725341797,22733000
2024-08-01,113.81999969482422,14117500
2024-08-02,115.19999694824219,16562300
2024-08-05,112.30999755859375,13334000
2024-08-06,111.1500015258789,9761900
2024-08-07,112.48999786376953,9756500
2024-08-08,113.91999816894531,8278200
2024-08-09,114.55000305175781,5914100
2024-08-12,113.4800033569336,6536000
2024-08-13,114.38999938964844,9040300
2024-08-14,113.58000183105469,11029400
2024-08-15,113.30999755859375,9685100
2024-08-16,113.66999816894531,10102300
2024-08-19,114.41999816894531,6177500
2024-08-20,115.13999938964844,5392300
2024-08-21,116.02999877929688,8144100
2024-08-22,116.55000305175781,8201200
2024-08-23,116.5999984741211,8368200
2024-08-26,116.2699966430664,6518700
2024-08-27,116.5,5502600
2024-08-28,117.4000015258789,5403200
2024-08-29,117.45999908447266,7202500
2024-08-30,118.44999694824219,8876500
2024-09-03,116.58000183105469,7640300
2024-09-04,115.80000305175781,7693400
2024-09-05,118.58999633789062,12009700
2024-09-06,117.83999633789062,8577300
2024-09-09,115.41000366210938,14880200
2024-09-10,115.33000183105469,12734500
2024-09-11,114.70999908447266,7836600
2024-09-12,115.25,8330900
2024-09-13,115.86000061035156,6709600
2024-09-16,117.95999908447266,7846100
2024-09-17,118.29000091552734,7914900
2024-09-18,118.63999938964844,11135600
2024-09-19,117.2300033569336,9963000
2024-09-20,117.16999816894531,21200900
2024-09-23,115.62999725341797,6665300
2024-09-24,114.95999908447266,9840400
2024-09-25,114.7300033569336,7902300
2024-09-26,113.08999633789062,11132100
2024-09-27,113.69000244140625,11920100
2024-09-30,113.55999755859375,10936900
2024-10-01,114.73999786376953,7715500
2024-10-02,112.08000183105469,9041800
2024-10-03,110.18000030517578,10280600
2024-10-04,109.7699966430664,9704700
2024-10-07,108.58999633789062,8654800
2024-10-08,108.5199966430664,8832400
2024-10-09,110.2699966430664,8627800
2024-10-10,109.4000015258789,6006700
2024-10-11,109.7300033569336,8578400
2024-10-14,109.69000244140625,8130700
2024-10-15,111.52999877929688,9109500
2024-10-16,110.41999816894531,8729200
2024-10-17,109.75,8541700
2024-10-18,108.69999694824219,9523000
2024-10-21,106.33999633789062,11444900
2024-10-22,106.63999938964844,11576100
2024-10-23,106.37999725341797,8271700
2024-10-24,105.87999725341797,8295900
2024-10-25,103.9800033569336,9625500
2024-10-28,104.2300033569336,6968900
2024-10-29,103.7300033569336,9296200
2024-10-30,104.83000183105469,13897200
2024-10-31,102.31999969482422,17413100
2024-11-01,101.87999725341797,10180600
2024-11-04,101.87000274658203,9182600
2024-11-05,101.6500015258789,6741400
2024-11-06,100.7300033569336,9551300
2024-11-07,101.16999816894531,8676100
2024-11-08,102.91999816894531,9208000
2024-11-11,100.7300033569336,10075300
2024-11-12,98.58000183105469,12282900
2024-11-13,98.5,8869700
2024-11-14,98.36000061035156,8704500
2024-11-15,96.30999755859375,16464500
2024-11-18,96.55999755859375,14139900
2024-11-19,96.54000091552734,13093100
2024-11-20,97.44000244140625,12136800
2024-11-21,99.86000061035156,15670300
2024-11-22,99.18000030517578,14031200
2024-11-25,101.16000366210938,34659100
2024-11-26,101.62000274658203,9324100
2024-11-27,103.12000274658203,9802200
2024-11-29,101.63999938964844,6081200
2024-12-02,100.61000061035156,13703100
2024-12-03,101.8499984741211,11395600
2024-12-04,101.37000274658203,11315000
2024-12-05,103.55000305175781,11062700
2024-12-06,103.08999633789062,11470700
2024-12-09,103.79000091552734,19162500
2024-12-10,101.0,11359400
2024-12-11,99.75,21613000
2024-12-12,101.25,9554400
2024-12-13,102.0,10118200
2024-12-16,100.05999755859375,11701100
2024-12-17,100.05999755859375,13975100
2024-12-18,98.33999633789062,11993400
2024-12-19,99.5199966430664,12110800
2024-12-20,98.05000305175781,29289700
2024-12-23,99.37000274658203,8460500
2024-12-24,99.44999694824219,3713500
2024-12-26,99.87000274658203,4760300
2024-12-27,99.69999694824219,6173600
2024-12-30,98.37000274658203,6848700
2024-12-31,99.4800033569336,6598200
2025-01-02,99.17,12306561
2025-01-03,99.14,12142851
2025-01-06,99.72,20222244
2025-01-07,101.02,21781790
2025-01-08,99.85,17309422
2025-01-10,99.25,22646470
2025-01-13,100.98,16336181
2025-01-14,99.65,21852500
2025-01-15,100.09,18340635
2025-01-16,100.7,15499242
2025-01-17,97.92,32143960
2025-01-21,96.24,35512156
2025-01-22,95.68,26141781
2025-01-23,96.63,23045611
2025-01-24,95.55,24489590
2025-01-27,97.94,30186781
2025-01-28,97.45,25681848
2025-01-29,98.28,20450977
2025-01-30,98.95,20329420
2025-01-31,98.82,22841821
2025-02-03,99.79,26727788
2025-02-04,90.74,101675158
2025-02-05,89.67,43341199
2025-02-06,88.05,39019401
2025-02-07,87.28,31629967
2025-02-10,86.4,42424153
2025-02-11,86.54,41844643
2025-02-12,85.67,29570556
2025-02-13,84.42,40830158
2025-02-14,83.01,53557993
2025-02-18,83.29,51795572
2025-02-19,85.6,34856160
2025-02-20,87.68,29703049
2025-02-21,89.5,31357792
2025-02-24,91.27,38904596
2025-02-25,91.43,36834572
2025-02-26,89.38,27068425
2025-02-27,90.58,21434972
2025-02-28,92.25,30964179
2025-03-03,93.15,27272157
2025-03-04,92.56,30145992
2025-03-05,93.19,26234229
2025-03-06,94.0,22600377
2025-03-07,94.65,48201765
2025-03-10,95.23,41795209
2025-03-11,94.73,43469593
2025-03-12,93.35,23792007
2025-03-13,94.71,33134242
2025-03-14,94.57,25362225
2025-03-17,94.79,24475806
2025-03-18,94.72,17340407
2025-03-19,94.02,22711780
2025-03-20,94.73,25940365
2025-03-21,93.11,136871589
2025-03-24,92.31,33900215
2025-03-25,87.87,41242216
2025-03-26,88.11,27618872
2025-03-27,87.6,25863836
2025-03-28,89.23,24786980
2025-03-31,89.76,30005990
2025-04-01,87.12,27844205
2025-04-02,86.6,21181643
2025-04-03,86.39,25368230
2025-04-04,81.47000122070312,22965700
2025-04-07,81.18,53163980
2025-04-08,78.95,41143173
2025-04-09,81.91,45856559
2025-04-10,77.55,38933763
2025-04-11,79.18000030517578,16194400
2025-04-14,79.17,31593386
2025-04-15,78.39,32084988
2025-04-16,76.46,33102593
2025-04-17,78.0,42832985
2025-04-21,77.85,22019959
2025-04-22,78.97,25836369
2025-04-23,78.74,35871444
2025-04-24,79.84,36943042
2025-04-25,82.73999786376953,28378000
2025-04-28,83.19,28481982
2025-04-29,84.71,37605799
2025-04-30,85.2,27650217
2025-05-01,83.26,20072827
2025-05-02,83.18000030517578,11755600
2025-05-05,82.84,17376011
2025-05-06,79.04,33982168
2025-05-07,79.12,24444079
2025-05-08,77.65,30118151
2025-05-09,75.97000122070312,15614500
2025-05-12,80.43,43522168
2025-05-13,76.63,46706378
2025-05-14,73.47,47443601
2025-05-15,74.8,30549581
2025-05-16,76.05999755859375,15021800
2025-05-19,77.23,23365218
2025-05-20,77.97,26524833
2025-05-21,76.98,23758967
2025-05-22,77.84,23599978
2025-05-23,77.58000183105469,10902200
2025-05-27,77.59,23769017
2025-05-28,76.17,24586350
2025-05-29,76.4,21572484
2025-05-30,76.83999633789062,20641500
2025-06-02,76.25,22543632
2025-06-03,77.14,36278384
2025-06-04,78.27,26018626
2025-06-05,77.62,27980270
2025-06-06,78.97000122070312,9863100
2025-06-09,79.33,36611564
2025-06-10,81.35,26508193
2025-06-11,80.32,23606641
2025-06-12,81.82,26338379
2025-06-13,81.70999908447266,14550500
2025-06-16,80.96,25138840
2025-06-17,78.28,28081188
2025-06-18,79.29,47606830
2025-06-20,79.05999755859375,34052300
2025-06-23,80.16,37107609
2025-06-24,80.32,31812841
2025-06-25,79.67,25506381
2025-06-26,78.83,27520198
2025-06-27,79.0999984741211,60202500
2025-06-30,79.16,27790383
2025-07-01,81.81,43601590
2025-07-02,82.39,32105401
2025-07-03,80.93,15468939
2025-07-07,80.9,31554753
2025-07-08,81.37,25505807
2025-07-09,83.71,36789220
2025-07-10,84.02,29454200
2025-07-11,83.36000061035156,9717400
2025-07-14,83.67,20737447
2025-07-15,81.52,21653957
2025-07-16,82.43,23035592
2025-07-17,81.52,17969597
2025-07-18,79.95999908447266,11823600
2025-07-21,79.31,23241644
2025-07-22,81.61,21141988
2025-07-23,83.98,23084191
2025-07-24,84.11,16033647
2025-07-25,84.70999908447266,10058800
2025-07-28,84.06,25763971
2025-07-29,82.63,55652819
2025-07-30,81.75,26110390
2025-07-31,78.12,39626603
2025-08-01,79.29000091552734,11900300
2025-08-04,79.86,26761421
2025-08-05,80.79,19968572
2025-08-06,79.44,26057388
2025-08-07,80.37,21660175
2025-08-08,80.69000244140625,6882900
2025-08-11,80.03,16421402
2025-08-12,80.3,15709820
2025-08-13,82.71,22087594
2025-08-14,82.76,20435202
2025-08-15,84.20999908447266,10481400
2025-08-18,84.22,16547173
2025-08-19,84.93,28615413
2025-08-20,84.66,17809438
2025-08-21,86.08,27778005
2025-08-22,87.37000274658203,11977400
2025-08-25,85.31,18835359
2025-08-26,84.99,28125390
2025-08-27,84.07,21176186
2025-08-28,83.21,28970603
2025-08-29,84.12000274658203,10872900
2025-09-02,85.48,23285413
2025-09-03,84.18,25428792
2025-09-04,84.05,25109644
2025-09-05,84.70999908447266,13231100
2025-09-08,84.09,26222365
2025-09-09,84.61,19534968
2025-09-10,84.03,26146568
2025-09-11,85.15,19334374
2025-09-12,82.80999755859375,9939500
2025-09-15,81.02,20459554
2025-09-16,81.09,20131801
2025-09-17,81.14,25284200
2025-09-18,81.53,20917776
2025-09-19,81.51000213623047,25627800
2025-09-22,80.4,23972848
2025-09-23,79.96,26290594
2025-09-24,79.67,23608376
2025-09-25,77.6,29847585
2025-09-26,78.55999755859375,12205400
2025-09-29,78.58,25478025
2025-09-30,83.93,43273233
2025-10-01,90.13,66921775
2025-10-02,89.51,29150777
2025-10-03,89.19000244140625,12970600
2025-10-06,88.8,23296598
2025-10-07,87.61,18898185
2025-10-08,86.4,19392400
2025-10-09,87.5,21876396
2025-10-10,85.98999786376953,11230700
2025-10-13,85.7,13107842
2025-10-14,84.7,19350036
2025-10-15,84.11,18337405
2025-10-16,83.92,23418157
2025-10-17,84.79000091552734,10758900
2025-10-20,86.32,17223582
2025-10-21,87.62,19704803
2025-10-22,87.61,21852643
2025-10-23,87.18,15374950
2025-10-24,87.48999786376953,7902100
2025-10-27,88.0,14453155
2025-10-28,87.03,16691843
2025-10-29,86.58,21843808
2025-10-30,86.28,33357644
2025-10-31,85.98,24769986
2025-11-03,82.49,27751606
2025-11-04,83.86,25692187
2025-11-05,84.39,18880357
2025-11-06,85.78,21202845
2025-11-07,86.28,18428601
2025-11-10,86.75,16638973
2025-11-11,90.95,30871939
2025-11-12,91.45,26437833
2025-11-13,92.93,32172182
2025-11-14,92.92,39264021
2025-11-17,92.86,28691622
2025-11-18,96.43,56307049
2025-11-19,95.05,29282608
2025-11-20,94.97,25108417
2025-11-21,97.76,46366584
2025-11-24,100.4,56641835
2025-11-25,105.66,44450931
2025-11-26,104.63,25248017
2025-11-28,104.83,12309008
2025-12-01,101.83,28356608
2025-12-02,101.03,23589980
2025-12-03,102.27,25083241
2025-12-04,100.89,25541412
2025-12-05,99.72,32860788
2025-12-08,98.93,25805187
2025-12-09,96.89,32567845
2025-12-10,97.62,36131829
2025-12-11,99.01,23616378
2025-12-12,100.3,23621588
2025-12-15,100.26,33461290
2025-12-16,98.27,33327214
2025-12-17,99.18,26361592
2025-12-18,100.69,28602061
2025-12-19,101.09,89935845
2025-12-22,104.72,34272447
2025-12-23,105.04,27174956
2025-12-24,106.45,10670048
2025-12-26,106.78,12561401
2025-12-29,106.62,16173790
2025-12-30,106.06,12996203
2025-12-31,105.26,15114625
2026-01-02,106.45,19984835
2026-01-05,107.44,31726619
2026-01-06,108.87,28957957
2026-01-07,108.6,32644645
2026-01-08,110.99,40557630
2026-01-09,110.53,22081598
2026-01-12,109.19,21343810
2026-01-13,108.26,18677179
2026-01-14,111.01,23929225
2026-01-15,110.97,23551644
2026-01-16,108.83,29704169
2026-01-20,109.45,30482238
2026-01-21,111.11,25688783
2026-01-22,109.18,18725185
2026-01-23,108.18,20978992
2026-01-26,107.4,19806440
2026-01-27,107.92,15814188
2026-01-28,106.9,14983391
2026-01-29,108.34,27145613
2026-01-30,110.27,38121204
2026-02-02,113.37,36000206
2026-02-03,115.84,51587163
2026-02-04,118.33,43909163
2026-02-05,119.75,48021154
2026-02-06,121.93,26166623
2026-02-09,117.65,32317427
2026-02-10,117.15,23699045
2026-02-11,119.31,21770594
2026-02-12,119.24,26906571
2026-02-13,121.41,20204624
2026-02-17,121.57,19799561
2026-02-18,121.66,15606818
2026-02-19,121.86,17866609
2026-02-20,122.26,18885355
2026-02-23,123.82,19322195
2026-02-24,123.93,16920999
2026-02-25,122.46,22164962
2026-02-26,119.3,20654588
2026-02-27,123.82,35272840
2026-03-02,121.41,23128986
2026-03-03,119.83,18668239
2026-03-04,120.28,13401811
2026-03-05,116.07,29040746
2026-03-06,115.79,25618613
2026-03-09,117.11,16643171
2026-03-10,117.09,19478558
2026-03-11,116.21,13530331
2026-03-12,115.91,16698380
2026-03-13,115.61,14222035
2026-03-16,115.43,17570605
2026-03-17,115.87,15904190
2026-03-18,114.5,13472569
2026-03-19,114.2,16767561
2026-03-20,114.18,72709946
2026-03-23,115.68,18192768
2026-03-24,116.37,14823778
2026-03-25,119.37,20440615
2026-03-26,118.93,12994439
2026-03-27,119.63,16691563
2026-03-30,118.1,22167961
2026-03-31,120.29,21426635
2026-04-01,120.84,12703379
2026-04-02,120.87,12775789
2026-04-06,120.85,9780676
2026-04-07,119.28,22752766
2026-04-08,123.18,18513757
2026-04-09,122.68,17332072
2026-04-10,121.41999816894531,9707000
2026-04-13,120.15,12713129
2026-04-14,119.96,24898839
2026-04-15,117.9,15378771
2026-04-16,115.46,22799787
2026-04-17,119.06999969482422,16194900
2026-04-20,117.1,14783725
2026-04-21,112.56,25536161
2026-04-22,112.89,16074315
2026-04-23,114.62,6826250
2026-04-24,111.9,7060014
2026-04-27,110.23,9133638
2026-04-28,110.03,7157568
2026-04-29,110.95,9769880
2026-04-30,109.18,17131229
2026-05-01,112.16,11953718
2026-05-04,113.11,7659084
2026-05-05,113.1500015258789,7910400
2026-05-06,113.55999755859375,7256100
2026-05-07,112.30000305175781,7329000
2026-05-08,111.37999725341797,5725100
2026-05-11,111.27999877929688,7750600
2026-05-12,112.37000274658203,9117400
2026-05-13,113.44999694824219,8097036
2026-05-14,113.41000366210938,3605960
2026-05-15,111.37999725341797,10028900
2026-05-18,112.55999755859375,8047200
2026-05-19,114.23999786376953,5209075
2026-05-20,114.0250015258789,1607640
2026-05-21,114.56500244140625,1005113
2026-05-22,121.29499816894531,4443264
2026-05-26,120.69000244140625,2260003
2026-05-27,121.62000274658203,1589603
2026-05-28,120.48500061035156,1556883
2026-05-29,118.71499633789062,1605229
2026-06-01,115.04000091552734,2355807
2026-06-02,115.61000061035156,1237132
2026-06-03,115.78500366210938,993632
2026-06-04,118.37999725341797,2399389
2026-06-05,122.05000305175781,2098809
2026-06-08,119.5199966430664,12312200
2026-06-09,119.5999984741211,9668500
2026-06-10,117.72000122070312,2659939
2026-06-11,120.97000122070312,2288952
2026-06-12,120.9749984741211,1743309
2026-06-15,116.1500015258789,3269085
2026-06-16,114.11000061035156,2392453
2026-06-17,115.31999969482422,1360705
2026-06-18,112.0999984741211,4897822
2026-06-22,113.56500244140625,2313943
2026-06-23,119.5999984741211,9789499
2026-06-24,120.5999984741211,6849731
2026-06-25,125.44999694824219,13339563
2026-06-26,128.66000366210938,18469862
2026-06-29,128.72000122070312,2963945
2026-06-30,128.5,11649590
2026-07-01,125.37000274658203,6844973
2026-07-02,129.55999755859375,5209580
2026-07-06,126.50499725341797,2168167
2026-07-07,128.86000061035156,8730161
2026-07-08,127.0999984741211,690057
2026-07-09,125.06999969482422,5375469
2026-07-10,123.54000091552734,8195889
2026-07-13,123.63999938964844,1572309
2026-07-14,120.77999877929688,9082133
2026-07-15,123.61000061035156,8756674
2026-07-16,127.62999725341797,13029600
2026-07-17,127.5,10691155
2026-07-20,124.4000015258789,7725698
2026-07-21,126.26000213623047,7343100
2026-07-22,127.47000122070312,7790200
2026-07-23,130.47999572753906,5980266
2026-07-27,131.97000122070312,1537326
2026-07-29,131.2949981689453,1513735
2026-07-30,129.7899932861328,7832900
2026-07-31,130.1999969482422,4649106
2026-08-03,127.7699966430664,11151700
2026-08-04,129.19000244140625,4048650
2026-08-05,128.6750030517578,4974791
2026-08-06,128.3699951171875,7047719
2026-08-07,128.5800018310547,7347500
2026-08-10,130.4300994873047,1654219
2026-08-11,130.4199981689453,6341600
2026-08-12,132.9199981689453,10069667
2026-08-13,135.5500030517578,8893600
2026-08-14,135.83999633789062,6867800
2026-08-18,136.52000427246094,2453226
2026-08-19,149.82220458984375,18535810
2026-08-20,148.99000549316406,15773335
2026-08-21,152.5500030517578,11433963
2026-08-24,150.67999267578125,4045181
2026-08-25,156.4499969482422,28008566
2026-08-26,153.10000610351562,8622014
2026-08-27,151.49000549316406,2957071
2026-08-28,147.64999389648438,2829611
2026-08-31,147.88999938964844,1345336
2026-09-01,149.86000061035156,9865600
2026-09-02,151.63999938964844,8170832
2026-09-03,152.33999633789062,6230136
2026-09-04,150.8000030517578,1430888
2026-09-07,150.5,4
2026-09-08,148.13999938964844,1892086
2026-09-09,147.52999877929688,7757964
2026-09-10,144.89999389648438,2129779
2026-09-11,145.11000061035156,2771408
2026-09-14,145.14999389648438,2791348
2026-09-15,143.3699951171875,1769560
2026-09-16,143.86000061035156,1407325
2026-09-17,147.14999389648438,9546313
2026-09-18,147.24000549316406,1734484
2026-09-21,149.1300048828125,1693910
2026-09-22,153.05349731445312,2316819
2026-09-23,148.0800018310547,9630737
2026-09-24,147.97999572753906,10305137
2026-09-25,148.77999877929688,8288800
2026-09-28,148.53160095214844,2039894
2026-09-29,149.27999877929688,7269759
2026-09-30,145.30999755859375,10223500
