date,close,volume
2014-01-02,21.059999465942,9716216
2014-01-03,21.090000152588,6606388
2014-01-06,21.10000038147,6763900
2014-01-07,21.25,7368692
2014-01-08,21.319999694824,12345176
2014-01-09,21.5,8269208
2014-01-10,21.809999465942,9096612
2014-01-13,21.670000076294,5863156
2014-01-14,21.680000305176,5017084
2014-01-15,21.700000762939,6562444
2014-01-16,21.889999389648,4086004
2014-01-17,21.909999847412,6518644
2014-01-21,22.260000228882,7664712
2014-01-22,22.209999084473,9068568
2014-01-23,22.200000762939,5835100
2014-01-24,21.770000457764,14785656
2014-01-27,21.719999313354,10423276
2014-01-28,22.200000762939,14769260
2014-01-29,22.190000534058,9388952
2014-01-30,22.739999771118,11595708
2014-01-31,22.979999542236,13709824
2014-02-03,22.799999237061,12937884
2014-02-04,22.540000915527,9729872
2014-02-05,22.340000152588,9333316
2014-02-06,22.450000762939,9128680
2014-02-07,22.64999961853,10500496
2014-02-10,22.840000152588,6074596
2014-02-11,23.0,9695356
2014-02-12,23.049999237061,7545500
2014-02-13,23.209999084473,5091580
2014-02-14,23.319999694824,5823424
2014-02-18,23.340000152588,7306140
2014-02-19,23.110000610352,6845784
2014-02-20,23.110000610352,8828724
2014-02-21,23.139999389648,6498564
2014-02-24,22.950000762939,10504556
2014-02-25,22.909999847412,8844504
2014-02-26,22.610000610352,9083484
2014-02-27,22.639999389648,8284560
2014-02-28,22.85000038147,8697048
2014-03-03,22.569999694824,8192956
2014-03-04,22.909999847412,10514608
2014-03-05,22.659999847412,6534700
2014-03-06,22.680000305176,6531124
2014-03-07,22.950000762939,7906156
2014-03-10,22.799999237061,7166384
2014-03-11,22.739999771118,8612204
2014-03-12,23.049999237061,7140152
2014-03-13,23.450000762939,12414272
2014-03-14,23.569999694824,8628396
2014-03-17,23.700000762939,7286912
2014-03-18,23.620000839233,4907696
2014-03-19,23.319999694824,9307028
2014-03-20,23.389999389648,7648164
2014-03-21,23.639999389648,16615444
2014-03-24,23.520000457764,7062296
2014-03-25,23.639999389648,6966284
2014-03-26,23.469999313354,6751516
2014-03-27,23.64999961853,6370544
2014-03-28,23.680000305176,5883416
2014-03-31,23.909999847412,6475380
2014-04-01,23.709999084473,4655460
2014-04-02,23.510000228882,8390848
2014-04-03,23.64999961853,5133668
2014-04-04,23.75,7119028
2014-04-07,23.479999542236,8385340
2014-04-08,24.120000839233,9181884
2014-04-09,24.110000610352,9735672
2014-04-10,23.940000534058,11208292
2014-04-11,23.790000915527,8565516
2014-04-14,24.030000686646,4405564
2014-04-15,24.309999465942,6876240
2014-04-16,24.479999542236,5566044
2014-04-17,24.14999961853,10360076
2014-04-21,24.170000076294,6175236
2014-04-22,24.090000152588,6027344
2014-04-23,24.120000839233,7808784
2014-04-24,24.170000076294,8761100
2014-04-25,24.420000076294,8541616
2014-04-28,24.319999694824,10296284
2014-04-29,24.489999771118,8036560
2014-04-30,24.959999084473,17561764
2014-05-01,24.989999771118,10697716
2014-05-02,24.5,11998892
2014-05-05,24.489999771118,8512128
2014-05-06,24.459999084473,7484740
2014-05-07,24.819999694824,8660104
2014-05-08,24.620000839233,7035280
2014-05-09,24.229999542236,9920932
2014-05-12,23.950000762939,14765924
2014-05-13,24.020000457764,9678080
2014-05-14,24.14999961853,7531488
2014-05-15,24.069999694824,10644216
2014-05-16,24.14999961853,8820868
2014-05-19,23.680000305176,6962828
2014-05-20,24.079999923706,14346104
2014-05-21,24.069999694824,10085760
2014-05-22,24.159999847412,5287108
2014-05-23,24.110000610352,5570084
2014-05-27,24.129999160767,7059232
2014-05-28,24.340000152588,7644944
2014-05-29,24.139999389648,5985148
2014-05-30,24.340000152588,8406912
2014-06-02,24.299999237061,5817880
2014-06-03,24.290000915527,8154176
2014-06-04,24.329999923706,5860784
2014-06-05,24.440000534058,4711820
2014-06-06,24.360000610352,4673500
2014-06-09,24.090000152588,7072264
2014-06-10,23.950000762939,5416668
2014-06-11,23.729999542236,8631228
2014-06-12,23.909999847412,10333220
2014-06-13,24.200000762939,9081960
2014-06-16,24.290000915527,8977804
2014-06-17,24.440000534058,10715908
2014-06-18,24.920000076294,11128792
2014-06-19,25.040000915527,14156680
2014-06-20,25.0,14815104
2014-06-23,24.909999847412,7590040
2014-06-24,25.180000305176,9926692
2014-06-25,25.440000534058,10850300
2014-06-26,25.35000038147,7843080
2014-06-27,25.39999961853,12988240
2014-06-30,25.620000839233,14700440
2014-07-01,25.360000610352,10018236
2014-07-02,24.930000305176,11482916
2014-07-03,24.549999237061,5822916
2014-07-07,24.620000839233,7442600
2014-07-08,24.729999542236,9006784
2014-07-09,24.709999084473,6863300
2014-07-10,24.85000038147,6121416
2014-07-11,24.739999771118,4873524
2014-07-14,24.360000610352,7315304
2014-07-15,24.579999923706,7042204
2014-07-16,24.680000305176,5634232
2014-07-17,24.389999389648,6427484
2014-07-18,24.700000762939,7634948
2014-07-21,24.670000076294,3590972
2014-07-22,24.590000152588,5530204
2014-07-23,24.620000839233,5868792
2014-07-24,24.680000305176,4232388
2014-07-25,24.610000610352,5139856
2014-07-28,24.889999389648,6571872
2014-07-29,24.60000038147,7770120
2014-07-30,24.090000152588,11376296
2014-07-31,23.469999313354,10900680
2014-08-01,23.450000762939,10057488
2014-08-04,23.510000228882,14931112
2014-08-05,23.14999961853,9751360
2014-08-06,23.090000152588,18081132
2014-08-07,23.489999771118,11370196
2014-08-08,23.860000610352,6989432
2014-08-11,23.719999313354,5694312
2014-08-12,23.729999542236,5224740
2014-08-13,23.940000534058,4276388
2014-08-14,24.049999237061,3857804
2014-08-15,24.090000152588,5073120
2014-08-18,24.040000915527,4392952
2014-08-19,24.329999923706,5167380
2014-08-20,24.430000305176,4126792
2014-08-21,24.5,5141824
2014-08-22,24.409999847412,3965812
2014-08-25,24.540000915527,3442788
2014-08-26,24.180000305176,5576932
2014-08-27,24.219999313354,5651776
2014-08-28,24.379999160767,3776808
2014-08-29,24.610000610352,5545404
2014-09-02,24.309999465942,7494880
2014-09-03,24.39999961853,5694968
2014-09-04,24.309999465942,8405912
2014-09-05,24.479999542236,6244604
2014-09-08,24.309999465942,4204160
2014-09-09,23.930000305176,7663812
2014-09-10,23.909999847412,6813812
2014-09-11,24.040000915527,6723804
2014-09-12,23.520000457764,7306552
2014-09-15,23.549999237061,5386860
2014-09-16,23.780000686646,9126796
2014-09-17,23.819999694824,8331968
2014-09-18,23.639999389648,7399468
2014-09-19,23.790000915527,8563272
2014-09-22,23.659999847412,5724612
2014-09-23,23.639999389648,5600452
2014-09-24,23.549999237061,4321792
2014-09-25,23.290000915527,7019756
2014-09-26,23.360000610352,5567568
2014-09-29,23.39999961853,5062376
2014-09-30,23.469999313354,6962536
2014-10-01,23.569999694824,6366792
2014-10-02,23.440000534058,6722716
2014-10-03,23.559999465942,6414440
2014-10-06,23.409999847412,6099052
2014-10-07,23.25,7222460
2014-10-08,23.829999923706,8414592
2014-10-09,23.39999961853,9544804
2014-10-10,23.409999847412,10166580
2014-10-13,23.200000762939,8679404
2014-10-14,23.340000152588,12520516
2014-10-15,22.950000762939,12108008
2014-10-16,23.340000152588,13299216
2014-10-17,23.559999465942,9721336
2014-10-20,23.780000686646,5567948
2014-10-21,23.879999160767,7061928
2014-10-22,24.129999160767,9524800
2014-10-23,24.450000762939,9416072
2014-10-24,24.590000152588,6602852
2014-10-27,24.520000457764,5413248
2014-10-28,24.780000686646,7673376
2014-10-29,24.64999961853,7285584
2014-10-30,24.979999542236,11395828
2014-10-31,25.049999237061,10083816
2014-11-03,25.200000762939,8978756
2014-11-04,25.239999771118,7965848
2014-11-05,26.219999313354,22010260
2014-11-06,25.989999771118,14479516
2014-11-07,26.180000305176,8307296
2014-11-10,26.39999961853,5880960
2014-11-11,26.200000762939,7382748
2014-11-12,25.770000457764,10216144
2014-11-13,25.569999694824,7060056
2014-11-14,25.459999084473,7465292
2014-11-17,25.799999237061,5439800
2014-11-18,25.840000152588,6457204
2014-11-19,25.930000305176,7040228
2014-11-20,25.770000457764,5271224
2014-11-21,25.930000305176,7893760
2014-11-24,25.799999237061,5617744
2014-11-25,25.709999084473,7394704
2014-11-26,25.799999237061,5331048
2014-11-28,26.10000038147,3952144
2014-12-01,26.200000762939,7597564
2014-12-02,26.280000686646,5775672
2014-12-03,26.10000038147,6425888
2014-12-04,25.870000839233,14621280
2014-12-05,25.729999542236,7071416
2014-12-08,25.920000076294,7192472
2014-12-09,26.14999961853,6654076
2014-12-10,25.360000610352,21496252
2014-12-11,25.620000839233,9354784
2014-12-12,25.200000762939,10321492
2014-12-15,25.159999847412,11302320
2014-12-16,25.270000457764,10598192
2014-12-17,25.780000686646,11038960
2014-12-18,26.360000610352,8826400
2014-12-19,26.469999313354,13945624
2014-12-22,26.479999542236,6576212
2014-12-23,26.579999923706,5086308
2014-12-24,27.0,4615332
2014-12-26,27.319999694824,8804112
2014-12-29,27.620000839233,7808820
2014-12-30,26.959999084473,5746556
2014-12-31,26.569999694824,5991180
2015-01-02,26.670000076294,6465468
2015-01-05,26.389999389648,8161336
2015-01-06,26.489999771118,10624368
2015-01-07,26.729999542236,7291952
2015-01-08,26.89999961853,7620460
2015-01-09,26.659999847412,6123064
2015-01-12,26.590000152588,5827948
2015-01-13,26.700000762939,6757292
2015-01-14,26.860000610352,7327408
2015-01-15,26.760000228882,17298832
2015-01-16,27.049999237061,7869816
2015-01-20,27.229999542236,7399636
2015-01-21,27.469999313354,12105572
2015-01-22,27.389999389648,9290468
2015-01-23,27.370000839233,6740676
2015-01-26,27.440000534058,5528624
2015-01-27,27.799999237061,8527568
2015-01-28,27.479999542236,8128968
2015-01-29,27.909999847412,6823780
2015-01-30,27.309999465942,7745764
2015-02-02,27.520000457764,7203248
2015-02-03,27.559999465942,8642212
2015-02-04,27.360000610352,6255116
2015-02-05,27.430000305176,5231704
2015-02-06,26.450000762939,8789388
2015-02-09,26.129999160767,8292608
2015-02-10,26.959999084473,13585392
2015-02-11,26.270000457764,8520420
2015-02-12,26.340000152588,9439252
2015-02-13,25.909999847412,9948948
2015-02-17,25.860000610352,11423468
2015-02-18,26.620000839233,9637868
2015-02-19,26.360000610352,13082464
2015-02-20,26.39999961853,6803776
2015-02-23,26.5,6257168
2015-02-24,26.520000457764,7481952
2015-02-25,25.950000762939,8103520
2015-02-26,25.870000839233,6974596
2015-02-27,25.860000610352,6523468
2015-03-02,25.389999389648,9909372
2015-03-03,25.479999542236,8036544
2015-03-04,25.35000038147,11915152
2015-03-05,25.530000686646,7867328
2015-03-06,24.680000305176,12492572
2015-03-09,24.729999542236,9764696
2015-03-10,24.5,13715780
2015-03-11,24.5,9078348
2015-03-12,25.129999160767,12999308
2015-03-13,25.14999961853,13275072
2015-03-16,25.739999771118,13684308
2015-03-17,25.819999694824,8612312
2015-03-18,26.729999542236,15167756
2015-03-19,26.370000839233,11399148
2015-03-20,26.5,27418180
2015-03-23,26.430000305176,9677760
2015-03-24,26.209999084473,8434616
2015-03-25,25.860000610352,6805256
2015-03-26,25.680000305176,6851460
2015-03-27,25.889999389648,6068084
2015-03-30,26.180000305176,6351664
2015-03-31,26.010000228882,9165316
2015-04-01,26.190000534058,7568448
2015-04-02,26.190000534058,5280620
2015-04-06,26.389999389648,6706804
2015-04-07,26.069999694824,4168044
2015-04-08,26.010000228882,5710592
2015-04-09,26.0,5282592
2015-04-10,26.229999542236,3734096
2015-04-13,25.940000534058,4787360
2015-04-14,26.090000152588,4171484
2015-04-15,26.049999237061,6437208
2015-04-16,25.940000534058,6770788
2015-04-17,25.790000915527,5973796
2015-04-20,26.120000839233,9675848
2015-04-21,25.85000038147,7843148
2015-04-22,25.819999694824,7294156
2015-04-23,26.069999694824,6742420
2015-04-24,26.260000228882,6124052
2015-04-27,25.950000762939,7215328
2015-04-28,26.020000457764,8059076
2015-04-29,25.680000305176,9267620
2015-04-30,25.229999542236,15061860
2015-05-01,25.469999313354,9091796
2015-05-04,25.690000534058,12277236
2015-05-05,25.040000915527,12636448
2015-05-06,25.010000228882,12165028
2015-05-07,25.14999961853,8713180
2015-05-08,25.299999237061,9937916
2015-05-11,25.0,8073300
2015-05-12,24.979999542236,8227784
2015-05-13,25.049999237061,9204340
2015-05-14,25.270000457764,7293512
2015-05-15,25.540000915527,11760736
2015-05-18,25.569999694824,7813604
2015-05-19,25.629999160767,6118152
2015-05-20,25.629999160767,7885064
2015-05-21,25.540000915527,5361128
2015-05-22,25.559999465942,5525384
2015-05-26,25.260000228882,13742684
2015-05-27,25.209999084473,8504732
2015-05-28,25.569999694824,10481428
2015-05-29,25.590000152588,11191840
2015-06-01,25.879999160767,12547144
2015-06-02,25.549999237061,9636588
2015-06-03,25.049999237061,11419052
2015-06-04,25.090000152588,8868020
2015-06-05,24.690000534058,9624144
2015-06-08,24.530000686646,7328056
2015-06-09,24.549999237061,5774492
2015-06-10,24.780000686646,10831424
2015-06-11,24.920000076294,5803648
2015-06-12,24.809999465942,4722968
2015-06-15,24.780000686646,6126164
2015-06-16,24.879999160767,5038864
2015-06-17,25.180000305176,8509844
2015-06-18,25.569999694824,8681464
2015-06-19,25.239999771118,8404936
2015-06-22,25.190000534058,4985308
2015-06-23,24.819999694824,6798896
2015-06-24,24.629999160767,6317528
2015-06-25,24.5,5919232
2015-06-26,24.680000305176,6910792
2015-06-29,24.540000915527,8041492
2015-06-30,24.510000228882,10800848
2015-07-01,24.610000610352,7578616
2015-07-02,25.049999237061,8877944
2015-07-06,25.110000610352,6876852
2015-07-07,25.719999313354,12375744
2015-07-08,25.489999771118,10838572
2015-07-09,25.299999237061,11294588
2015-07-10,25.409999847412,6037056
2015-07-13,25.489999771118,5685128
2015-07-14,25.5,4930908
2015-07-15,25.690000534058,5037340
2015-07-16,26.110000610352,9913208
2015-07-17,25.909999847412,6275300
2015-07-20,25.790000915527,8994544
2015-07-21,25.530000686646,8643208
2015-07-22,25.700000762939,8381772
2015-07-23,25.520000457764,7789812
2015-07-24,25.569999694824,4232052
2015-07-27,25.879999160767,5823356
2015-07-28,26.020000457764,11233516
2015-07-29,26.14999961853,8348956
2015-07-30,26.219999313354,7009344
2015-07-31,26.299999237061,10186136
2015-08-03,26.930000305176,18270152
2015-08-04,26.639999389648,12734892
2015-08-05,26.489999771118,7557716
2015-08-06,26.440000534058,11786468
2015-08-07,26.75,6700928
2015-08-10,26.629999160767,12003316
2015-08-11,26.659999847412,7881892
2015-08-12,27.10000038147,14127756
2015-08-13,27.229999542236,7236248
2015-08-14,27.260000228882,5754032
2015-08-17,27.379999160767,5935504
2015-08-18,27.379999160767,7287476
2015-08-19,27.270000457764,9688496
2015-08-20,27.059999465942,8223672
2015-08-21,26.739999771118,11028056
2015-08-24,25.760000228882,19775416
2015-08-25,25.129999160767,15192964
2015-08-26,25.409999847412,13412180
2015-08-27,25.569999694824,12068632
2015-08-28,25.450000762939,9229956
2015-08-31,24.60000038147,20435188
2015-09-01,23.840000152588,14461592
2015-09-02,23.760000228882,13195552
2015-09-03,23.790000915527,10100560
2015-09-04,23.659999847412,11545716
2015-09-08,24.270000457764,11686160
2015-09-09,23.819999694824,9558088
2015-09-10,23.840000152588,9980372
2015-09-11,23.959999084473,18495680
2015-09-14,24.030000686646,12264504
2015-09-15,24.059999465942,13068388
2015-09-16,24.379999160767,11133468
2015-09-17,24.680000305176,11973920
2015-09-18,24.319999694824,25546080
2015-09-21,24.510000228882,7882792
2015-09-22,24.260000228882,10011788
2015-09-23,24.25,6479640
2015-09-24,24.379999160767,11708296
2015-09-25,24.64999961853,7595888
2015-09-28,24.389999389648,8861136
2015-09-29,24.200000762939,13321876
2015-09-30,24.389999389648,15191412
2015-10-01,24.139999389648,12829736
2015-10-02,24.639999389648,11294492
2015-10-05,25.180000305176,10323424
2015-10-06,24.959999084473,7887896
2015-10-07,24.979999542236,6829472
2015-10-08,25.209999084473,7006572
2015-10-09,25.260000228882,6959120
2015-10-12,25.360000610352,7199116
2015-10-13,25.309999465942,5058776
2015-10-14,25.229999542236,4806612
2015-10-15,25.799999237061,7179088
2015-10-16,25.909999847412,6507032
2015-10-19,25.940000534058,5101868
2015-10-20,25.979999542236,5550136
2015-10-21,26.049999237061,4666220
2015-10-22,26.430000305176,6707996
2015-10-23,26.139999389648,6844272
2015-10-26,25.959999084473,9527096
2015-10-27,26.020000457764,8413660
2015-10-28,25.739999771118,7738440
2015-10-29,25.450000762939,6790276
2015-10-30,25.659999847412,8811300
2015-11-02,25.559999465942,6752236
2015-11-03,25.579999923706,5094964
2015-11-04,25.799999237061,6002820
2015-11-05,25.520000457764,6332408
2015-11-06,24.709999084473,12281320
2015-11-09,24.729999542236,8559584
2015-11-10,24.75,6746584
2015-11-11,24.930000305176,6978624
2015-11-12,25.180000305176,13194052
2015-11-13,25.110000610352,9647132
2015-11-16,25.530000686646,6516684
2015-11-17,25.190000534058,9685780
2015-11-18,24.930000305176,19225204
2015-11-19,25.25,9278224
2015-11-20,25.25,7048244
2015-11-23,25.120000839233,7030848
2015-11-24,24.85000038147,6792908
2015-11-25,24.719999313354,4389112
2015-11-27,24.840000152588,2899424
2015-11-30,24.959999084473,9397828
2015-12-01,25.139999389648,7769020
2015-12-02,24.5,11379720
2015-12-03,24.110000610352,10691320
2015-12-04,24.540000915527,14047996
2015-12-07,24.639999389648,11292300
2015-12-08,24.840000152588,10963336
2015-12-09,24.690000534058,13261248
2015-12-10,24.39999961853,7224680
2015-12-11,24.35000038147,7646828
2015-12-14,24.5,12201240
2015-12-15,24.680000305176,10292048
2015-12-16,25.909999847412,17483556
2015-12-17,25.85000038147,9756984
2015-12-18,25.530000686646,18991008
2015-12-21,25.569999694824,9479244
2015-12-22,25.729999542236,6698628
2015-12-23,26.0,6444676
2015-12-24,25.979999542236,2211048
2015-12-28,26.0,6536864
2015-12-29,26.159999847412,4445364
2015-12-30,26.229999542236,5638508
2015-12-31,25.969999313354,5744840
2016-01-04,25.889999389648,7716356
2016-01-05,26.139999389648,8915316
2016-01-06,26.059999465942,6983288
2016-01-07,26.180000305176,12870656
2016-01-08,26.290000915527,14382116
2016-01-11,26.389999389648,16397796
2016-01-12,26.340000152588,8618884
2016-01-13,26.159999847412,10292772
2016-01-14,26.420000076294,9981780
2016-01-15,26.319999694824,15259912
2016-01-19,26.950000762939,15298492
2016-01-20,26.329999923706,13865912
2016-01-21,26.260000228882,8786384
2016-01-22,26.64999961853,9400584
2016-01-25,26.610000610352,8533112
2016-01-26,26.639999389648,12272760
2016-01-27,26.680000305176,10999668
2016-01-28,27.069999694824,14685932
2016-01-29,27.930000305176,24626408
2016-02-01,28.25,15117152
2016-02-02,28.479999542236,11020452
2016-02-03,28.690000534058,13531948
2016-02-04,28.379999160767,11712924
2016-02-05,28.39999961853,11007064
2016-02-08,28.540000915527,10296824
2016-02-09,28.840000152588,13775472
2016-02-10,28.430000305176,13795428
2016-02-11,27.979999542236,13052680
2016-02-12,27.920000076294,11447212
2016-02-16,28.090000152588,9395160
2016-02-17,27.860000610352,10793160
2016-02-18,28.579999923706,13084932
2016-02-19,28.690000534058,13488024
2016-02-22,28.930000305176,10462164
2016-02-23,29.030000686646,9229396
2016-02-24,29.0,13355292
2016-02-25,28.959999084473,8776372
2016-02-26,28.129999160767,9756944
2016-02-29,28.200000762939,10503580
2016-03-01,28.14999961853,9832720
2016-03-02,28.090000152588,11023708
2016-03-03,27.909999847412,13735608
2016-03-04,28.569999694824,11726464
2016-03-07,28.610000610352,8543212
2016-03-08,28.860000610352,8272212
2016-03-09,29.069999694824,7436412
2016-03-10,28.920000076294,6362480
2016-03-11,28.950000762939,6350412
2016-03-14,28.959999084473,6013600
2016-03-15,28.89999961853,9315428
2016-03-16,29.280000686646,7541992
2016-03-17,29.579999923706,8162680
2016-03-18,29.620000839233,21650792
2016-03-21,29.389999389648,6316692
2016-03-22,29.260000228882,5931952
2016-03-23,29.420000076294,6684060
2016-03-24,29.620000839233,9832008
2016-03-28,29.389999389648,5526452
2016-03-29,29.75,5559236
2016-03-30,29.620000839233,5168032
2016-03-31,29.590000152588,8025408
2016-04-01,29.680000305176,8320680
2016-04-04,29.680000305176,5240156
2016-04-05,29.090000152588,8802724
2016-04-06,29.180000305176,6557000
2016-04-07,29.049999237061,5359576
2016-04-08,29.200000762939,4269008
2016-04-11,29.059999465942,4226184
2016-04-12,29.260000228882,5726408
2016-04-13,29.120000839233,4754556
2016-04-14,29.040000915527,6167940
2016-04-15,29.360000610352,6431440
2016-04-18,29.440000534058,5816056
2016-04-19,29.520000457764,7351988
2016-04-20,28.879999160767,5898720
2016-04-21,28.229999542236,9754668
2016-04-22,28.610000610352,6966672
2016-04-25,28.620000839233,4530776
2016-04-26,28.879999160767,7878860
2016-04-27,29.219999313354,10262472
2016-04-28,29.120000839233,8615392
2016-04-29,29.389999389648,9361100
2016-05-02,29.520000457764,7651604
2016-05-03,29.610000610352,5263052
2016-05-04,29.860000610352,6705656
2016-05-05,29.709999084473,8386592
2016-05-06,29.620000839233,5848812
2016-05-09,29.719999313354,4924948
2016-05-10,29.89999961853,4637332
2016-05-11,29.920000076294,5758748
2016-05-12,30.290000915527,7977380
2016-05-13,30.190000534058,5877336
2016-05-16,30.370000839233,5292664
2016-05-17,29.950000762939,8535396
2016-05-18,29.5,9230576
2016-05-19,29.60000038147,8242620
2016-05-20,29.829999923706,8964464
2016-05-23,29.5,4948448
2016-05-24,29.969999313354,7465972
2016-05-25,29.770000457764,5687908
2016-05-26,29.950000762939,4618908
2016-05-27,29.959999084473,4369160
2016-05-31,30.030000686646,13375552
2016-06-01,30.040000915527,6607572
2016-06-02,29.950000762939,5515588
2016-06-03,30.450000762939,7846408
2016-06-06,30.440000534058,5638992
2016-06-07,30.280000686646,6731684
2016-06-08,30.729999542236,7323528
2016-06-09,31.0,5551560
2016-06-10,30.959999084473,5889676
2016-06-13,30.89999961853,4682628
2016-06-14,31.25,6342332
2016-06-15,30.959999084473,7671224
2016-06-16,31.209999084473,6134708
2016-06-17,31.270000457764,11624420
2016-06-20,31.059999465942,6513800
2016-06-21,31.069999694824,7440524
2016-06-22,30.909999847412,5466824
2016-06-23,30.950000762939,5585660
2016-06-24,30.950000762939,16309416
2016-06-27,31.969999313354,13679096
2016-06-28,32.119998931885,10236504
2016-06-29,31.940000534058,9655136
2016-06-30,32.599998474121,12484844
2016-07-01,32.430000305176,6346724
2016-07-05,32.720001220703,10086000
2016-07-06,32.720001220703,9991716
2016-07-07,32.080001831055,7687672
2016-07-08,32.479999542236,7956504
2016-07-11,32.419998168945,5507796
2016-07-12,31.829999923706,9178572
2016-07-13,32.040000915527,8285488
2016-07-14,31.809999465942,9823100
2016-07-15,31.889999389648,5396020
2016-07-18,32.060001373291,8186280
2016-07-19,32.020000457764,6388752
2016-07-20,31.799999237061,6747108
2016-07-21,32.060001373291,6620736
2016-07-22,32.450000762939,6754040
2016-07-25,32.369998931885,5101588
2016-07-26,32.110000610352,7141960
2016-07-27,31.790000915527,9643952
2016-07-28,31.860000610352,7392668
2016-07-29,32.069999694824,9339844
2016-08-01,32.119998931885,8235716
2016-08-02,31.909999847412,6613148
2016-08-03,32.020000457764,20291440
2016-08-04,31.860000610352,9085872
2016-08-05,31.5,7072648
2016-08-08,31.5,7976504
2016-08-09,31.520000457764,6861432
2016-08-10,31.590000152588,4592484
2016-08-11,31.75,6036188
2016-08-12,31.700000762939,6001484
2016-08-15,31.329999923706,4743268
2016-08-16,31.0,6435244
2016-08-17,31.450000762939,8079876
2016-08-18,31.739999771118,10607616
2016-08-19,31.270000457764,9796200
2016-08-22,31.260000228882,6145260
2016-08-23,31.069999694824,4941612
2016-08-24,31.040000915527,4933292
2016-08-25,31.129999160767,4957528
2016-08-26,30.409999847412,7512452
2016-08-29,30.590000152588,8560372
2016-08-30,30.299999237061,6803652
2016-08-31,30.229999542236,8193928
2016-09-01,30.25,8328688
2016-09-02,30.780000686646,9425856
2016-09-06,31.319999694824,9724148
2016-09-07,31.270000457764,9802216
2016-09-08,31.340000152588,6993448
2016-09-09,30.209999084473,10747116
2016-09-12,30.819999694824,10173948
2016-09-13,30.389999389648,7679084
2016-09-14,30.520000457764,7883572
2016-09-15,30.680000305176,5186672
2016-09-16,30.829999923706,13406008
2016-09-19,31.180000305176,4990332
2016-09-20,31.270000457764,8329668
2016-09-21,31.959999084473,7809476
2016-09-22,32.009998321533,6233048
2016-09-23,31.690000534058,9808536
2016-09-26,31.559999465942,5540716
2016-09-27,31.700000762939,9823148
2016-09-28,31.620000839233,6843108
2016-09-29,30.930000305176,11084988
2016-09-30,30.579999923706,12255176
2016-10-03,30.280000686646,6773620
2016-10-04,29.729999542236,9205392
2016-10-05,29.639999389648,8269264
2016-10-06,29.510000228882,10979668
2016-10-07,30.430000305176,19343944
2016-10-10,30.700000762939,8225748
2016-10-11,30.290000915527,7655512
2016-10-12,30.75,7682472
2016-10-13,31.159999847412,8133068
2016-10-14,31.010000228882,5538056
2016-10-17,31.020000457764,4531708
2016-10-18,31.280000686646,5262996
2016-10-19,31.139999389648,6226296
2016-10-20,31.030000686646,7426140
2016-10-21,30.930000305176,4504608
2016-10-24,31.090000152588,5947996
2016-10-25,31.379999160767,5546656
2016-10-26,31.549999237061,5263996
2016-10-27,31.280000686646,6072260
2016-10-28,31.430000305176,7975220
2016-10-31,32.0,12201296
2016-11-01,31.469999313354,6615384
2016-11-02,30.920000076294,24144324
2016-11-03,30.959999084473,8894096
2016-11-04,30.799999237061,8741744
2016-11-07,31.159999847412,11381440
2016-11-08,31.290000915527,8491844
2016-11-09,29.370000839233,28179304
2016-11-10,28.770000457764,29856156
2016-11-11,28.389999389648,16961944
2016-11-14,28.610000610352,26612140
2016-11-15,28.760000228882,17999608
2016-11-16,28.569999694824,16989844
2016-11-17,28.700000762939,8694412
2016-11-18,28.520000457764,12270512
2016-11-21,28.590000152588,9200168
2016-11-22,28.459999084473,10324836
2016-11-23,28.360000610352,9498916
2016-11-25,28.690000534058,4609304
2016-11-28,29.069999694824,18561144
2016-11-29,29.319999694824,12683284
2016-11-30,28.559999465942,13353136
2016-12-01,28.239999771118,12088920
2016-12-02,28.60000038147,8462948
2016-12-05,28.75,10162764
2016-12-06,28.690000534058,11771440
2016-12-07,29.420000076294,10788620
2016-12-08,29.219999313354,8990096
2016-12-09,29.120000839233,11915900
2016-12-12,29.360000610352,16726004
2016-12-13,29.75,9606744
2016-12-14,29.010000228882,10513412
2016-12-15,29.260000228882,10830816
2016-12-16,29.729999542236,15695140
2016-12-19,29.799999237061,5144564
2016-12-20,29.819999694824,6165960
2016-12-21,29.64999961853,6073016
2016-12-22,29.729999542236,5002844
2016-12-23,29.809999465942,3570516
2016-12-27,29.809999465942,2621748
2016-12-28,29.659999847412,5213352
2016-12-29,30.049999237061,4047848
2016-12-30,29.860000610352,5695860
2017-01-03,29.680000305176,6103188
2017-01-04,29.770000457764,8541796
2017-01-05,29.75,6155272
2017-01-06,29.659999847412,8810168
2017-01-09,29.590000152588,6063312
2017-01-10,29.639999389648,6372976
2017-01-11,29.85000038147,5600180
2017-01-12,29.879999160767,6533924
2017-01-13,29.760000228882,5775140
2017-01-17,30.049999237061,6961884
2017-01-18,30.010000228882,5786364
2017-01-19,29.819999694824,4725704
2017-01-20,29.819999694824,5105984
2017-01-23,29.700000762939,9114712
2017-01-24,29.700000762939,4850540
2017-01-25,29.75,6880480
2017-01-26,29.690000534058,5509596
2017-01-27,30.340000152588,12540408
2017-01-30,30.610000610352,11280128
2017-01-31,30.930000305176,8781240
2017-02-01,30.659999847412,8220860
2017-02-02,30.860000610352,5004968
2017-02-03,31.049999237061,8227232
2017-02-06,30.959999084473,4192608
2017-02-07,31.079999923706,6258892
2017-02-08,31.569999694824,8594420
2017-02-09,31.159999847412,6425800
2017-02-10,31.370000839233,4823828
2017-02-13,31.5,3544452
2017-02-14,31.5,6451012
2017-02-15,31.319999694824,7062156
2017-02-16,31.549999237061,4989976
2017-02-17,31.709999084473,9354416
2017-02-21,32.060001373291,6306632
2017-02-22,32.110000610352,8544256
2017-02-23,32.290000915527,7606364
2017-02-24,32.740001678467,10271772
2017-02-27,32.470001220703,7332956
2017-02-28,32.75,8994320
2017-03-01,32.349998474121,9072000
2017-03-02,32.729999542236,6120576
2017-03-03,32.700000762939,5288340
2017-03-06,32.659999847412,8208200
2017-03-07,32.659999847412,7964576
2017-03-08,32.360000610352,6330196
2017-03-09,32.189998626709,5044268
2017-03-10,32.520000457764,5925120
2017-03-13,32.619998931885,5837260
2017-03-14,32.639999389648,5369724
2017-03-15,32.979999542236,8121220
2017-03-16,32.479999542236,10442676
2017-03-17,32.560001373291,18648388
2017-03-20,32.470001220703,7566784
2017-03-21,32.959999084473,9536512
2017-03-22,33.099998474121,5535036
2017-03-23,33.020000457764,6200924
2017-03-24,33.200000762939,5727936
2017-03-27,32.770000457764,8160312
2017-03-28,32.810001373291,5511096
2017-03-29,32.639999389648,4426788
2017-03-30,32.029998779297,13592296
2017-03-31,32.090000152588,9346148
2017-04-03,32.180000305176,6970164
2017-04-04,32.380001068115,5439760
2017-04-05,32.659999847412,7146236
2017-04-06,32.439998626709,6117872
2017-04-07,32.229999542236,7067332
2017-04-10,32.360000610352,4207756
2017-04-11,32.330001831055,4214200
2017-04-12,32.630001068115,5874924
2017-04-13,32.689998626709,7746504
2017-04-17,32.729999542236,4508232
2017-04-18,32.979999542236,7822440
2017-04-19,32.880001068115,8320032
2017-04-20,32.720001220703,8054648
2017-04-21,33.259998321533,10480648
2017-04-24,33.189998626709,9744580
2017-04-25,33.229999542236,5167340
2017-04-26,33.209999084473,5967096
2017-04-27,33.380001068115,5624944
2017-04-28,33.389999389648,6652636
2017-05-01,33.259998321533,7204240
2017-05-02,33.509998321533,6858844
2017-05-03,33.340000152588,6576744
2017-05-04,33.590000152588,7013172
2017-05-05,33.580001831055,7312356
2017-05-08,33.740001678467,5804772
2017-05-09,33.439998626709,6189884
2017-05-10,33.540000915527,7498908
2017-05-11,33.659999847412,3581368
2017-05-12,33.889999389648,6115028
2017-05-15,34.029998779297,7712524
2017-05-16,33.979999542236,5438044
2017-05-17,34.110000610352,7484704
2017-05-18,34.229999542236,8878000
2017-05-19,34.319999694824,6914860
2017-05-22,34.590000152588,8549528
2017-05-23,34.740001678467,7788684
2017-05-24,35.040000915527,6256492
2017-05-25,35.169998168945,4765256
2017-05-26,35.180000305176,4430032
2017-05-30,35.159999847412,11000520
2017-05-31,35.360000610352,13267652
2017-06-01,35.479999542236,6446368
2017-06-02,35.680000305176,7339492
2017-06-05,35.459999084473,4325672
2017-06-06,35.479999542236,8223784
2017-06-07,35.650001525879,5715024
2017-06-08,35.360000610352,6776308
2017-06-09,35.060001373291,7173028
2017-06-12,34.849998474121,8946256
2017-06-13,34.990001678467,6944848
2017-06-14,35.290000915527,5691132
2017-06-15,35.470001220703,11065568
2017-06-16,35.709999084473,10408868
2017-06-19,35.599998474121,9268236
2017-06-20,35.490001678467,8612920
2017-06-21,35.270000457764,6520652
2017-06-22,35.400001525879,7685620
2017-06-23,35.779998779297,11007452
2017-06-26,36.060001373291,7911256
2017-06-27,35.569999694824,9663316
2017-06-28,35.259998321533,8363564
2017-06-29,34.990001678467,11583820
2017-06-30,35.029998779297,8531568
2017-07-03,34.909999847412,4121116
2017-07-05,34.700000762939,7705792
2017-07-06,34.889999389648,6964508
2017-07-07,35.119998931885,5514196
2017-07-10,35.259998321533,6750404
2017-07-11,35.189998626709,7596636
2017-07-12,35.200000762939,6771448
2017-07-13,35.150001525879,5557028
2017-07-14,35.409999847412,5052948
2017-07-17,35.240001678467,11244560
2017-07-18,35.369998931885,5471432
2017-07-19,35.450000762939,3773640
2017-07-20,35.869998931885,6280028
2017-07-21,36.090000152588,5413660
2017-07-24,35.790000915527,8410336
2017-07-25,35.779998779297,5401376
2017-07-26,36.369998931885,7041564
2017-07-27,36.159999847412,5680008
2017-07-28,36.279998779297,4625152
2017-07-31,36.520000457764,6780568
2017-08-01,36.639999389648,6041872
2017-08-02,36.689998626709,6687832
2017-08-03,36.880001068115,5674424
2017-08-04,36.689998626709,5915792
2017-08-07,36.770000457764,4819388
2017-08-08,36.840000152588,4754008
2017-08-09,36.810001373291,11041940
2017-08-10,36.930000305176,5367468
2017-08-11,36.799999237061,5085916
2017-08-14,37.020000457764,3907876
2017-08-15,37.259998321533,4777080
2017-08-16,37.490001678467,5415172
2017-08-17,37.150001525879,5450768
2017-08-18,37.479999542236,5754804
2017-08-21,37.610000610352,3897920
2017-08-22,37.709999084473,5402352
2017-08-23,37.409999847412,5781312
2017-08-24,37.330001831055,5164460
2017-08-25,37.520000457764,5036428
2017-08-28,37.720001220703,3499740
2017-08-29,37.680000305176,5597004
2017-08-30,37.659999847412,4246252
2017-08-31,37.630001068115,6826060
2017-09-01,37.540000915527,4287048
2017-09-05,37.560001373291,4300688
2017-09-06,37.060001373291,9138340
2017-09-07,37.369998931885,7742252
2017-09-08,37.060001373291,11796684
2017-09-11,37.849998474121,9117800
2017-09-12,37.279998779297,7717072
2017-09-13,37.049999237061,5824756
2017-09-14,37.389999389648,4587808
2017-09-15,37.520000457764,9065484
2017-09-18,37.080001831055,6561976
2017-09-19,36.979999542236,7026812
2017-09-20,36.689998626709,5489728
2017-09-21,36.700000762939,5647448
2017-09-22,36.590000152588,4904712
2017-09-25,36.700000762939,6024988
2017-09-26,36.919998168945,5562168
2017-09-27,36.560001373291,6888716
2017-09-28,36.75,5398588
2017-09-29,36.639999389648,5267040
2017-10-02,36.689998626709,4581328
2017-10-03,36.720001220703,4010112
2017-10-04,37.139999389648,4392664
2017-10-05,36.939998626709,6817584
2017-10-06,36.869998931885,5112112
2017-10-09,36.979999542236,4397856
2017-10-10,37.259998321533,3511864
2017-10-11,37.470001220703,5319416
2017-10-12,37.669998168945,5221480
2017-10-13,37.639999389648,4463220
2017-10-16,37.880001068115,5396252
2017-10-17,38.169998168945,5164300
2017-10-18,38.130001068115,4298644
2017-10-19,38.470001220703,5249744
2017-10-20,38.540000915527,5750948
2017-10-23,38.590000152588,4873144
2017-10-24,38.549999237061,5718216
2017-10-25,38.470001220703,7509336
2017-10-26,38.349998474121,5893912
2017-10-27,38.959999084473,5807344
2017-10-30,38.840000152588,5415896
2017-10-31,38.770000457764,5310608
2017-11-01,38.340000152588,5747592
2017-11-02,37.470001220703,15917252
2017-11-03,38.159999847412,12340204
2017-11-06,37.970001220703,5631520
2017-11-07,38.869998931885,7872144
2017-11-08,38.729999542236,7970968
2017-11-09,38.810001373291,4779680
2017-11-10,38.790000915527,5143296
2017-11-13,39.200000762939,4000028
2017-11-14,39.599998474121,6055000
2017-11-15,39.340000152588,5320076
2017-11-16,39.319999694824,5458944
2017-11-17,39.009998321533,4311916
2017-11-20,38.979999542236,5789716
2017-11-21,39.049999237061,5328536
2017-11-22,38.799999237061,7773684
2017-11-24,39.009998321533,2544508
2017-11-27,39.25,6070688
2017-11-28,39.450000762939,4949084
2017-11-29,39.439998626709,8354300
2017-11-30,39.509998321533,13614720
2017-12-01,39.369998931885,5712400
2017-12-04,38.990001678467,5603724
2017-12-05,38.909999847412,6810088
2017-12-06,39.450000762939,7935520
2017-12-07,39.549999237061,5808424
2017-12-08,39.759998321533,5247812
2017-12-11,39.810001373291,6435536
2017-12-12,39.270000457764,7954932
2017-12-13,39.119998931885,14412020
2017-12-14,39.490001678467,8907876
2017-12-15,39.610000610352,13972036
2017-12-18,39.090000152588,7763184
2017-12-19,38.520000457764,6259876
2017-12-20,38.409999847412,8841952
2017-12-21,38.619998931885,7148652
2017-12-22,38.630001068115,4315068
2017-12-26,38.5,2894004
2017-12-27,38.819999694824,4305292
2017-12-28,39.090000152588,3426900
2017-12-29,39.049999237061,4746380
2018-01-02,38.770000457764,4766556
2018-01-03,37.950000762939,11008124
2018-01-04,37.759998321533,13629312
2018-01-05,37.930000305176,10318168
2018-01-08,38.240001678467,7225052
2018-01-09,37.959999084473,6527576
2018-01-10,37.650001525879,7042620
2018-01-11,37.619998931885,7550588
2018-01-12,37.580001831055,6386308
2018-01-16,37.630001068115,7471552
2018-01-17,37.970001220703,9304592
2018-01-18,37.700000762939,7951136
2018-01-19,37.540000915527,8987896
2018-01-22,37.509998321533,7438800
2018-01-23,38.180000305176,10592356
2018-01-24,37.709999084473,7874200
2018-01-25,38.270000457764,9845032
2018-01-26,39.419998168945,14587276
2018-01-29,38.919998168945,10057100
2018-01-30,38.770000457764,7823316
2018-01-31,39.599998474121,12930740
2018-02-01,39.090000152588,8848032
2018-02-02,38.979999542236,9291124
2018-02-05,38.569999694824,14612396
2018-02-06,37.389999389648,16941320
2018-02-07,37.020000457764,11514900
2018-02-08,36.319999694824,9683572
2018-02-09,37.020000457764,9090780
2018-02-12,37.5,8123172
2018-02-13,37.770000457764,6312328
2018-02-14,37.520000457764,6436816
2018-02-15,38.610000610352,8742116
2018-02-16,39.009998321533,6546852
2018-02-20,38.450000762939,7791988
2018-02-21,37.939998626709,8582064
2018-02-22,38.080001831055,5802468
2018-02-23,39.060001373291,7286876
2018-02-26,38.659999847412,7758860
2018-02-27,37.919998168945,8176516
2018-02-28,38.040000915527,10905308
2018-03-01,38.310001373291,12315404
2018-03-02,38.209999084473,8696808
2018-03-05,38.759998321533,6870860
2018-03-06,38.310001373291,10504876
2018-03-07,38.259998321533,8303976
2018-03-08,38.580001831055,6678984
2018-03-09,38.700000762939,6500924
2018-03-12,38.599998474121,8162472
2018-03-13,38.669998168945,6522392
2018-03-14,39.5,12254108
2018-03-15,39.529998779297,9372860
2018-03-16,40.259998321533,31719896
2018-03-19,39.979999542236,9596140
2018-03-20,40.099998474121,6401500
2018-03-21,40.020000457764,6814876
2018-03-22,40.470001220703,14222212
2018-03-23,39.869998931885,12314432
2018-03-26,40.360000610352,6941880
2018-03-27,40.650001525879,9727784
2018-03-28,40.569999694824,13329076
2018-03-29,40.830001831055,7818668
2018-04-02,40.590000152588,8113332
2018-04-03,40.5,9571344
2018-04-04,40.580001831055,6724400
2018-04-05,41.0,6187072
2018-04-06,40.689998626709,5771032
2018-04-09,40.529998779297,7316016
2018-04-10,40.450000762939,7812232
2018-04-11,40.259998321533,5022412
2018-04-12,39.770000457764,6236276
2018-04-13,40.049999237061,5483104
2018-04-16,40.529998779297,6602876
2018-04-17,40.799999237061,5316568
2018-04-18,40.720001220703,4332936
2018-04-19,40.630001068115,6535668
2018-04-20,40.200000762939,6915200
2018-04-23,40.279998779297,6576000
2018-04-24,40.540000915527,11651908
2018-04-25,40.080001831055,7904256
2018-04-26,40.799999237061,7402544
2018-04-27,40.990001678467,5681804
2018-04-30,40.979999542236,9057528
2018-05-01,40.799999237061,5028508
2018-05-02,40.860000610352,10693952
2018-05-03,40.770000457764,10460252
2018-05-04,41.020000457764,6463608
2018-05-07,40.840000152588,7877012
2018-05-08,39.979999542236,8817416
2018-05-09,39.569999694824,8864792
2018-05-10,40.060001373291,7849648
2018-05-11,40.189998626709,4292624
2018-05-14,40.049999237061,4741540
2018-05-15,39.709999084473,6076356
2018-05-16,39.290000915527,6155200
2018-05-17,39.099998474121,5956588
2018-05-18,39.110000610352,6256736
2018-05-21,40.049999237061,8385188
2018-05-22,39.860000610352,6550040
2018-05-23,40.069999694824,9017192
2018-05-24,40.299999237061,6408600
2018-05-25,40.599998474121,6497844
2018-05-29,40.930000305176,7674072
2018-05-30,41.319999694824,8811792
2018-05-31,41.450000762939,10659956
2018-06-01,40.770000457764,7797260
2018-06-04,40.290000915527,7173716
2018-06-05,39.830001831055,8493336
2018-06-06,39.029998779297,10116932
2018-06-07,39.090000152588,7104576
2018-06-08,39.200000762939,7227572
2018-06-11,38.849998474121,6425876
2018-06-12,39.349998474121,7450760
2018-06-13,39.279998779297,6272064
2018-06-14,39.700000762939,8845928
2018-06-15,39.880001068115,16681852
2018-06-18,40.099998474121,6415636
2018-06-19,40.75,9922344
2018-06-20,40.669998168945,5251636
2018-06-21,40.840000152588,7037892
2018-06-22,41.080001831055,9208340
2018-06-25,41.599998474121,7033312
2018-06-26,41.689998626709,7905196
2018-06-27,42.020000457764,8845900
2018-06-28,41.700000762939,7838520
2018-06-29,41.759998321533,6784412
2018-07-02,42.25,6444260
2018-07-03,42.139999389648,5366336
2018-07-05,42.130001068115,9321080
2018-07-06,42.580001831055,6277524
2018-07-09,41.330001831055,9356088
2018-07-10,41.860000610352,7404480
2018-07-11,42.099998474121,5583184
2018-07-12,42.119998931885,7370092
2018-07-13,42.380001068115,6308920
2018-07-16,42.380001068115,5545492
2018-07-17,42.549999237061,5195304
2018-07-18,42.349998474121,4843432
2018-07-19,42.560001373291,6447264
2018-07-20,42.490001678467,4946972
2018-07-23,42.209999084473,6605464
2018-07-24,42.549999237061,9323808
2018-07-25,41.939998626709,10594872
2018-07-26,42.040000915527,7826696
2018-07-27,41.740001678467,6894780
2018-07-30,41.560001373291,6059192
2018-07-31,41.880001068115,6672304
2018-08-01,41.979999542236,8429536
2018-08-02,42.360000610352,7048932
2018-08-03,42.790000915527,5184088
2018-08-06,42.75,3531256
2018-08-07,42.659999847412,4073836
2018-08-08,42.520000457764,3776076
2018-08-09,42.709999084473,3419568
2018-08-10,42.729999542236,4484156
2018-08-13,42.830001831055,6452100
2018-08-14,42.979999542236,4366604
2018-08-15,43.189998626709,6485464
2018-08-16,43.700000762939,6614408
2018-08-17,43.790000915527,5126084
2018-08-20,43.580001831055,4678732
2018-08-21,43.159999847412,4931492
2018-08-22,42.930000305176,5132964
2018-08-23,42.909999847412,4972332
2018-08-24,43.169998168945,5074964
2018-08-27,42.869998931885,5547448
2018-08-28,42.639999389648,6960952
2018-08-29,42.630001068115,5860176
2018-08-30,42.709999084473,6477052
2018-08-31,42.520000457764,7193580
2018-09-04,42.509998321533,6797148
2018-09-05,42.909999847412,7756408
2018-09-06,43.450000762939,8914760
2018-09-07,43.020000457764,7581812
2018-09-10,43.009998321533,6013732
2018-09-11,43.040000915527,8125292
2018-09-12,43.119998931885,7225912
2018-09-13,43.650001525879,8164676
2018-09-14,43.409999847412,6674620
2018-09-17,43.470001220703,6198864
2018-09-18,43.360000610352,4172516
2018-09-19,42.290000915527,9292128
2018-09-20,42.319999694824,8137032
2018-09-21,42.689998626709,16923328
2018-09-24,42.200000762939,8995412
2018-09-25,41.709999084473,7246556
2018-09-26,41.110000610352,8836924
2018-09-27,41.400001525879,9672596
2018-09-28,41.900001525879,9424972
2018-10-01,41.75,5196072
2018-10-02,42.340000152588,5572576
2018-10-03,42.060001373291,9156084
2018-10-04,42.310001373291,9447860
2018-10-05,43.090000152588,8373120
2018-10-08,43.330001831055,6803776
2018-10-09,43.430000305176,5881292
2018-10-10,43.189998626709,7882988
2018-10-11,42.270000457764,8445844
2018-10-12,42.340000152588,6944256
2018-10-15,42.409999847412,6965076
2018-10-16,42.819999694824,4700452
2018-10-17,42.700000762939,3537508
2018-10-18,42.889999389648,4088536
2018-10-19,43.369998931885,7297052
2018-10-22,43.159999847412,5971704
2018-10-23,42.659999847412,8898976
2018-10-24,43.900001525879,8558644
2018-10-25,43.299999237061,8854488
2018-10-26,42.470001220703,8519700
2018-10-29,43.200000762939,6566652
2018-10-30,43.389999389648,7572932
2018-10-31,43.119998931885,9051464
2018-11-01,42.619998931885,9389172
2018-11-02,42.040000915527,11806272
2018-11-05,42.680000305176,8273892
2018-11-06,42.869998931885,5963764
2018-11-07,43.380001068115,6529904
2018-11-08,43.490001678467,6676436
2018-11-09,44.139999389648,8160536
2018-11-12,44.619998931885,8538964
2018-11-13,44.659999847412,7297616
2018-11-14,44.200000762939,12377960
2018-11-15,44.799999237061,10935584
2018-11-16,45.099998474121,7947864
2018-11-19,45.5,7018464
2018-11-20,44.689998626709,9752612
2018-11-21,44.049999237061,5978852
2018-11-23,44.330001831055,4360684
2018-11-26,44.259998321533,7455228
2018-11-27,44.5,9084712
2018-11-28,44.509998321533,7868940
2018-11-29,44.279998779297,6867276
2018-11-30,45.430000305176,15807232
2018-12-03,45.619998931885,9724636
2018-12-04,45.540000915527,10024644
2018-12-06,45.659999847412,11354548
2018-12-07,45.720001220703,10121684
2018-12-10,45.650001525879,10441668
2018-12-11,45.740001678467,12055256
2018-12-12,45.330001831055,11912456
2018-12-13,45.549999237061,12916356
2018-12-14,45.310001373291,9227520
2018-12-17,43.909999847412,13147696
2018-12-18,44.0,11763940
2018-12-19,43.630001068115,13437872
2018-12-20,43.729999542236,13112212
2018-12-21,43.529998779297,24148368
2018-12-24,42.020000457764,6629840
2018-12-26,42.590000152588,8393952
2018-12-27,43.040000915527,9961444
2018-12-28,43.180000305176,6923988
2018-12-31,43.450000762939,6417476
2019-01-02,42.459999084473,10549448
2019-01-03,42.349998474121,9260996
2019-01-04,43.130001068115,10848816
2019-01-07,43.069999694824,9478176
2019-01-08,43.380001068115,10599772
2019-01-09,43.200000762939,7047736
2019-01-10,43.849998474121,11384872
2019-01-11,43.930000305176,8860052
2019-01-14,42.810001373291,15355428
2019-01-15,43.680000305176,9261360
2019-01-16,43.669998168945,7059064
2019-01-17,43.869998931885,8200704
2019-01-18,44.020000457764,7414524
2019-01-22,44.340000152588,8654204
2019-01-23,44.840000152588,9089080
2019-01-24,45.069999694824,9813508
2019-01-25,43.549999237061,15585108
2019-01-28,43.119998931885,11976900
2019-01-29,43.220001220703,7924456
2019-01-30,43.400001525879,8345400
2019-01-31,44.740001678467,12519476
2019-02-01,44.450000762939,8934184
2019-02-04,44.520000457764,11301984
2019-02-05,44.540000915527,7956620
2019-02-06,44.520000457764,6647216
2019-02-07,45.340000152588,8517028
2019-02-08,45.75,7322520
2019-02-11,45.75,7404240
2019-02-12,45.819999694824,7004656
2019-02-13,45.709999084473,5726576
2019-02-14,45.650001525879,6407928
2019-02-15,46.009998321533,8813244
2019-02-19,46.340000152588,9774124
2019-02-20,46.409999847412,10203152
2019-02-21,46.639999389648,8274852
2019-02-22,47.029998779297,6735120
2019-02-25,46.970001220703,7555432
2019-02-26,47.060001373291,7644280
2019-02-27,46.700000762939,7288176
2019-02-28,46.930000305176,12454088
2019-03-01,46.889999389648,6865668
2019-03-04,47.060001373291,8609052
2019-03-05,47.080001831055,7666836
2019-03-06,46.889999389648,7155788
2019-03-07,46.979999542236,9411248
2019-03-08,47.169998168945,6972812
2019-03-11,47.380001068115,7136508
2019-03-12,47.720001220703,7140584
2019-03-13,47.740001678467,4916036
2019-03-14,47.740001678467,5816604
2019-03-15,47.810001373291,14402168
2019-03-18,47.720001220703,7469300
2019-03-19,47.119998931885,8080660
2019-03-20,47.470001220703,8669116
2019-03-21,47.979999542236,7499044
2019-03-22,48.479999542236,9486680
2019-03-25,48.400001525879,7038596
2019-03-26,48.75,6093136
2019-03-27,48.479999542236,6116984
2019-03-28,47.979999542236,9323972
2019-03-29,48.330001831055,12039160
2019-04-01,47.619998931885,9640280
2019-04-02,47.369998931885,9960680
2019-04-03,47.330001831055,8202988
2019-04-04,47.099998474121,7106772
2019-04-05,47.520000457764,6452692
2019-04-08,47.159999847412,5772888
2019-04-09,47.430000305176,6617812
2019-04-10,47.159999847412,5291696
2019-04-11,47.509998321533,5738284
2019-04-12,47.709999084473,4768568
2019-04-15,47.790000915527,5872772
2019-04-16,47.380001068115,6523228
2019-04-17,47.409999847412,8045580
2019-04-18,47.340000152588,6670700
2019-04-22,47.590000152588,7304704
2019-04-23,47.450000762939,8818464
2019-04-24,47.520000457764,6187308
2019-04-25,47.619998931885,5898200
2019-04-26,47.930000305176,5653548
2019-04-29,47.939998626709,7094576
2019-04-30,48.610000610352,10643756
2019-05-01,48.319999694824,8541308
2019-05-02,47.930000305176,10035528
2019-05-03,48.099998474121,6694724
2019-05-06,47.729999542236,6730324
2019-05-07,47.439998626709,7748500
2019-05-08,46.970001220703,7887644
2019-05-09,47.150001525879,6872448
2019-05-10,47.939998626709,6419932
2019-05-13,48.729999542236,10632936
2019-05-14,48.729999542236,8954652
2019-05-15,48.720001220703,7072100
2019-05-16,49.279998779297,8465600
2019-05-17,49.740001678467,6821680
2019-05-20,49.840000152588,5464572
2019-05-21,49.729999542236,6069376
2019-05-22,50.479999542236,6706640
2019-05-23,50.880001068115,8215984
2019-05-24,50.840000152588,5559256
2019-05-28,50.290000915527,7048292
2019-05-29,49.680000305176,7215780
2019-05-30,49.729999542236,6462968
2019-05-31,49.549999237061,9161532
2019-06-03,49.900001525879,6806120
2019-06-04,49.840000152588,7811664
2019-06-05,51.159999847412,7546708
2019-06-06,51.439998626709,5614528
2019-06-07,51.099998474121,6242848
2019-06-10,50.849998474121,7104620
2019-06-11,50.490001678467,4606812
2019-06-12,51.139999389648,5237340
2019-06-13,51.189998626709,6806444
2019-06-14,51.740001678467,5525216
2019-06-17,51.590000152588,6233544
2019-06-18,51.349998474121,6576228
2019-06-19,51.560001373291,6602672
2019-06-20,51.590000152588,8883408
2019-06-21,51.889999389648,12560808
2019-06-24,52.049999237061,6009332
2019-06-25,51.549999237061,6954172
2019-06-26,50.770000457764,7394440
2019-06-27,51.139999389648,7529232
2019-06-28,51.220001220703,11647700
2019-07-01,51.009998321533,8538088
2019-07-02,51.909999847412,6696132
2019-07-03,52.180000305176,5654408
2019-07-05,52.029998779297,4196592
2019-07-08,52.279998779297,4322444
2019-07-09,52.040000915527,7276232
2019-07-10,52.369998931885,5922860
2019-07-11,52.599998474121,5830528
2019-07-12,52.180000305176,6283312
2019-07-15,52.209999084473,8714000
2019-07-16,51.970001220703,4281704
2019-07-17,52.479999542236,6556724
2019-07-18,53.090000152588,4413220
2019-07-19,52.430000305176,5843476
2019-07-22,52.340000152588,6547736
2019-07-23,51.830001831055,6337260
2019-07-24,52.520000457764,6080364
2019-07-25,51.909999847412,7009844
2019-07-26,52.290000915527,4324684
2019-07-29,52.840000152588,5273832
2019-07-30,52.349998474121,6450440
2019-07-31,51.790000915527,8447708
2019-08-01,52.560001373291,7508148
2019-08-02,52.849998474121,6912676
2019-08-05,52.009998321533,8838332
2019-08-06,52.849998474121,7171456
2019-08-07,53.220001220703,6892764
2019-08-08,53.799999237061,5971580
2019-08-09,54.119998931885,5828736
2019-08-12,53.860000610352,3922216
2019-08-13,53.909999847412,7562780
2019-08-14,53.740001678467,9557960
2019-08-15,54.290000915527,7865536
2019-08-16,54.380001068115,10488428
2019-08-19,54.740001678467,5632476
2019-08-20,54.779998779297,8316128
2019-08-21,55.310001373291,7483400
2019-08-22,55.409999847412,9160244
2019-08-23,55.479999542236,10485952
2019-08-26,55.909999847412,7455472
2019-08-27,56.0,9541344
2019-08-28,55.299999237061,11356664
2019-08-29,55.279998779297,8511824
2019-08-30,54.770000457764,11787864
2019-09-03,56.389999389648,9718596
2019-09-04,56.029998779297,8913200
2019-09-05,54.950000762939,17662356
2019-09-06,55.029998779297,9130828
2019-09-09,54.970001220703,8297580
2019-09-10,54.529998779297,11094976
2019-09-11,55.020000457764,8817896
2019-09-12,55.189998626709,8671044
2019-09-13,54.619998931885,8213196
2019-09-16,54.580001831055,5033560
2019-09-17,55.549999237061,7706524
2019-09-18,55.979999542236,7688560
2019-09-19,56.229999542236,5946144
2019-09-20,56.430000305176,19179312
2019-09-23,56.319999694824,6746816
2019-09-24,57.130001068115,8847020
2019-09-25,57.340000152588,8473612
2019-09-26,57.930000305176,8727848
2019-09-27,57.810001373291,7501172
2019-09-30,58.25,8961688
2019-10-01,58.009998321533,6731760
2019-10-02,57.279998779297,8891736
2019-10-03,57.540000915527,10032628
2019-10-04,58.400001525879,6633428
2019-10-07,58.139999389648,6375888
2019-10-08,57.490001678467,7595084
2019-10-09,58.340000152588,6014092
2019-10-10,58.0,7550976
2019-10-11,57.380001068115,8303988
2019-10-14,57.229999542236,4718920
2019-10-15,56.880001068115,5939792
2019-10-16,57.479999542236,7698920
2019-10-17,57.770000457764,5567476
2019-10-18,58.119998931885,8784292
2019-10-21,58.200000762939,6955080
2019-10-22,59.060001373291,12978520
2019-10-23,59.0,8950576
2019-10-24,59.389999389648,6518180
2019-10-25,59.220001220703,6072392
2019-10-28,58.310001373291,7164220
2019-10-29,58.150001525879,6861336
2019-10-30,58.869998931885,4959028
2019-10-31,59.590000152588,8228544
2019-11-01,58.930000305176,8017964
2019-11-04,57.400001525879,13459664
2019-11-05,56.779998779297,9502220
2019-11-06,56.869998931885,6976372
2019-11-07,55.770000457764,12473360
2019-11-08,55.520000457764,6431684
2019-11-11,55.549999237061,6142952
2019-11-12,55.799999237061,5798412
2019-11-13,56.979999542236,7216052
2019-11-14,57.470001220703,6346572
2019-11-15,57.849998474121,7382488
2019-11-18,58.040000915527,7011552
2019-11-19,58.159999847412,6522472
2019-11-20,58.799999237061,8506160
2019-11-21,58.779998779297,4990032
2019-11-22,58.340000152588,5016120
2019-11-25,58.139999389648,7456224
2019-11-26,58.729999542236,15634816
2019-11-27,58.270000457764,8584076
2019-11-29,58.450000762939,3557788
2019-12-02,57.810001373291,7118524
2019-12-03,58.060001373291,9601004
2019-12-04,58.560001373291,6699084
2019-12-05,58.639999389648,6184328
2019-12-06,58.599998474121,6196064
2019-12-09,58.569999694824,4618392
2019-12-10,58.610000610352,4345640
2019-12-11,58.950000762939,6212832
2019-12-12,58.479999542236,6970264
2019-12-13,59.240001678467,8345068
2019-12-16,59.869998931885,14284932
2019-12-17,59.950000762939,10374164
2019-12-18,60.069999694824,8585444
2019-12-19,60.159999847412,6882884
2019-12-20,60.680000305176,16197852
2019-12-23,59.700000762939,9487848
2019-12-24,60.130001068115,2739516
2019-12-26,60.490001678467,5813252
2019-12-27,60.630001068115,4319460
2019-12-30,60.319999694824,4450200
2019-12-31,60.540000915527,6909972
2020-01-02,59.659999847412,7272424
2020-01-03,60.080001831055,7097176
2020-01-06,60.380001068115,5518992
2020-01-07,60.330001831055,6737932
2020-01-08,60.299999237061,5936160
2020-01-09,60.770000457764,6958988
2020-01-10,60.889999389648,5125500
2020-01-13,61.599998474121,5879784
2020-01-14,61.930000305176,8252852
2020-01-15,62.900001525879,6397296
2020-01-16,63.069999694824,7914316
2020-01-17,63.349998474121,9354120
2020-01-21,64.220001220703,11486412
2020-01-22,64.970001220703,7066372
2020-01-23,65.019996643066,10213960
2020-01-24,65.930000305176,10310856
2020-01-27,66.690002441406,8678916
2020-01-28,66.449996948242,8262972
2020-01-29,66.440002441406,6008696
2020-01-30,67.480003356934,6329752
2020-01-31,67.050003051758,7537132
2020-02-03,66.699996948242,11041464
2020-02-04,66.139999389648,10482852
2020-02-05,66.680000305176,8666788
2020-02-06,67.080001831055,7874456
2020-02-07,67.389999389648,6410064
2020-02-10,67.940002441406,7667060
2020-02-11,68.040000915527,7850920
2020-02-12,67.559997558594,5836544
2020-02-13,68.870002746582,7500848
2020-02-14,69.629997253418,7354956
2020-02-18,70.51000213623,9809232
2020-02-19,68.669998168945,21135372
2020-02-20,69.26000213623,10731452
2020-02-21,69.400001525879,11030736
2020-02-24,68.480003356934,9093044
2020-02-25,67.580001831055,10285576
2020-02-26,67.370002746582,9552512
2020-02-27,63.959999084473,14604044
2020-02-28,63.189998626709,27474784
2020-03-02,67.089996337891,19306940
2020-03-03,66.290000915527,15636992
2020-03-04,70.559997558594,14713152
2020-03-05,69.040000915527,12412628
2020-03-06,67.949996948242,14556776
2020-03-09,65.319999694824,15565080
2020-03-10,63.930000305176,23744404
2020-03-11,60.310001373291,19631744
2020-03-12,52.220001220703,31668272
2020-03-13,55.389999389648,31586708
2020-03-16,50.340000152588,20240468
2020-03-17,55.439998626709,21538120
2020-03-18,52.659999847412,22197816
2020-03-19,51.770000457764,17442404
2020-03-20,47.939998626709,22482388
2020-03-23,45.409999847412,23661572
2020-03-24,51.630001068115,17900644
2020-03-25,52.569999694824,17794784
2020-03-26,57.770000457764,14655684
2020-03-27,57.990001678467,16184520
2020-03-30,61.5,16375208
2020-03-31,60.159999847412,18907616
2020-04-01,54.560001373291,13692428
2020-04-02,56.610000610352,9234484
2020-04-03,55.409999847412,8756752
2020-04-06,58.630001068115,13267648
2020-04-07,57.119998931885,10507776
2020-04-08,58.380001068115,18290716
2020-04-09,61.319999694824,19587652
2020-04-13,59.049999237061,10757888
2020-04-14,60.590000152588,11673780
2020-04-15,59.299999237061,9990652
2020-04-16,59.369998931885,10331208
2020-04-17,61.560001373291,10953432
2020-04-20,59.400001525879,8714536
2020-04-21,58.849998474121,10622464
2020-04-22,61.790000915527,11760200
2020-04-23,60.279998779297,9360620
2020-04-24,59.919998168945,8029576
2020-04-27,60.900001525879,8458012
2020-04-28,59.830001831055,8465072
2020-04-29,58.779998779297,9901856
2020-04-30,57.779998779297,17935888
2020-05-01,56.759998321533,9168400
2020-05-04,57.520000457764,9077132
2020-05-05,57.520000457764,8041996
2020-05-06,55.659999847412,7378876
2020-05-07,56.119998931885,8692248
2020-05-08,57.430000305176,11310372
2020-05-11,56.840000152588,7854612
2020-05-12,56.979999542236,9565308
2020-05-13,57.529998779297,14076960
2020-05-14,58.060001373291,11596060
2020-05-15,56.959999084473,20232904
2020-05-18,58.860000610352,9123776
2020-05-19,57.619998931885,6532932
2020-05-20,58.200000762939,5847716
2020-05-21,57.229999542236,8308472
2020-05-22,58.459999084473,5990352
2020-05-26,58.580001831055,7659548
2020-05-27,60.279998779297,12343488
2020-05-28,62.840000152588,12416348
2020-05-29,63.889999389648,15309664
2020-06-01,63.909999847412,6657248
2020-06-02,64.150001525879,10640596
2020-06-03,64.889999389648,7303340
2020-06-04,62.970001220703,12012488
2020-06-05,63.590000152588,12370852
2020-06-08,65.120002746582,8149344
2020-06-09,64.669998168945,7990400
2020-06-10,64.199996948242,6674556
2020-06-11,62.080001831055,9719352
2020-06-12,61.729999542236,8356660
2020-06-15,62.139999389648,8405032
2020-06-16,62.040000915527,8057180
2020-06-17,62.25,6768688
2020-06-18,62.229999542236,6386752
2020-06-19,60.549999237061,14437900
2020-06-22,61.759998321533,7191032
2020-06-23,60.799999237061,9306140
2020-06-24,60.419998168945,6901228
2020-06-25,59.790000915527,7825092
2020-06-26,59.049999237061,10107056
2020-06-29,59.560001373291,5793208
2020-06-30,60.040000915527,9532448
2020-07-01,61.560001373291,6024588
2020-07-02,61.599998474121,5981432
2020-07-06,61.740001678467,6257252
2020-07-07,61.680000305176,6017324
2020-07-08,63.319999694824,9634960
2020-07-09,63.0,6818800
2020-07-10,64.900001525879,10079088
2020-07-13,64.059997558594,9600600
2020-07-14,65.639999389648,12154340
2020-07-15,64.75,8444728
2020-07-16,67.089996337891,10142192
2020-07-17,68.839996337891,12462528
2020-07-20,68.580001831055,6368800
2020-07-21,69.080001831055,5958396
2020-07-22,70.110000610352,6369500
2020-07-23,70.23999786377,8150880
2020-07-24,70.059997558594,7716268
2020-07-27,69.410003662109,8909828
2020-07-28,70.01000213623,6547616
2020-07-29,70.360000610352,5381712
2020-07-30,70.580001831055,4235424
2020-07-31,70.169998168945,8030404
2020-08-03,69.400001525879,8624864
2020-08-04,71.26000213623,9142624
2020-08-05,70.940002441406,6670980
2020-08-06,70.699996948242,4587952
2020-08-07,71.940002441406,4369004
2020-08-10,70.910003662109,7240040
2020-08-11,69.449996948242,6826552
2020-08-12,71.150001525879,6124292
2020-08-13,71.099998474121,3680032
2020-08-14,70.120002746582,4912984
2020-08-17,70.75,4801520
2020-08-18,70.76000213623,4764720
2020-08-19,70.580001831055,5481728
2020-08-20,70.529998779297,3631048
2020-08-21,70.599998474121,5686356
2020-08-24,70.660003662109,3549744
2020-08-25,70.330001831055,4052220
2020-08-26,69.75,5239988
2020-08-27,69.720001220703,4555868
2020-08-28,69.889999389648,4618528
2020-08-31,69.790000915527,6013632
2020-09-01,69.279998779297,5730836
2020-09-02,72.059997558594,9754220
2020-09-03,70.150001525879,7856908
2020-09-04,69.330001831055,7247412
2020-09-08,69.480003356934,7158300
2020-09-09,70.589996337891,4781788
2020-09-10,69.230003356934,4362992
2020-09-11,69.540000915527,3932812
2020-09-14,70.480003356934,3916248
2020-09-15,73.919998168945,10827732
2020-09-16,70.089996337891,19506696
2020-09-17,69.879997253418,9385624
2020-09-18,69.230003356934,14386372
2020-09-21,69.050003051758,7559692
2020-09-22,69.519996643066,7192788
2020-09-23,68.330001831055,5855096
2020-09-24,69.389999389648,7478556
2020-09-25,70.449996948242,5456916
2020-09-28,71.029998779297,6918668
2020-09-29,70.779998779297,7101512
2020-09-30,69.389999389648,23239708
2020-10-01,70.690002441406,10018944
2020-10-02,70.290000915527,8306860
2020-10-05,71.980003356934,6599620
2020-10-06,72.569999694824,7288464
2020-10-07,74.279998779297,10131804
2020-10-08,75.26000213623,5694224
2020-10-09,75.730003356934,6473504
2020-10-12,76.419998168945,5816732
2020-10-13,75.370002746582,8597788
2020-10-14,75.160003662109,5503208
2020-10-15,74.610000610352,5739420
2020-10-16,76.400001525879,7450228
2020-10-19,74.889999389648,7711220
2020-10-20,75.25,6005188
2020-10-21,74.419998168945,7796076
2020-10-22,75.569999694824,8463980
2020-10-23,75.769996643066,5617628
2020-10-26,75.660003662109,5708924
2020-10-27,75.779998779297,4834201
2020-10-28,74.459999084473,7508864
2020-10-29,74.01000213623,7753112
2020-10-30,73.209999084473,8791013
2020-11-02,75.129997253418,9233583
2020-11-03,76.019996643066,6887858
2020-11-04,73.319999694824,12128771
2020-11-05,74.75,8644098
2020-11-06,75.720001220703,6076444
2020-11-09,75.51000213623,12864453
2020-11-10,75.98999786377,8649193
2020-11-11,77.540000915527,6903309
2020-11-12,76.669998168945,5902718
2020-11-13,77.190002441406,6235962
2020-11-16,77.75,7667558
2020-11-17,76.610000610352,5866315
2020-11-18,75.790000915527,6502247
2020-11-19,75.129997253418,7392277
2020-11-20,75.550003051758,5891530
2020-11-23,74.569999694824,7637177
2020-11-24,74.980003356934,6701691
2020-11-25,75.970001220703,6443469
2020-11-27,75.129997253418,3669268
2020-11-30,73.589996337891,13120298
2020-12-01,74.150001525879,8100241
2020-12-02,74.309997558594,5129023
2020-12-03,73.349998474121,7660479
2020-12-04,72.519996643066,7763769
2020-12-07,73.269996643066,6752167
2020-12-08,73.680000305176,8255351
2020-12-09,73.669998168945,6683654
2020-12-10,73.279998779297,6204647
2020-12-11,73.800003051758,6022483
2020-12-14,73.550003051758,5759933
2020-12-15,74.910003662109,6860174
2020-12-16,74.440002441406,7787687
2020-12-17,75.059997558594,9384348
2020-12-18,74.51000213623,13298306
2020-12-21,74.400001525879,7251495
2020-12-22,74.709999084473,5335517
2020-12-23,74.330001831055,4626573
2020-12-24,74.980003356934,1387544
2020-12-28,75.48999786377,3753720
2020-12-29,75.330001831055,3775012
2020-12-30,75.910003662109,3805046
2020-12-31,77.150001525879,4119379
2021-01-04,74.220001220703,9388405
2021-01-05,75.040000915527,7339802
2021-01-06,78.559997558594,12155705
2021-01-07,79.459999084473,8816007
2021-01-08,81.169998168945,8376215
2021-01-11,79.440002441406,7065973
2021-01-12,79.419998168945,7669321
2021-01-13,81.589996337891,8542550
2021-01-14,81.849998474121,8898982
2021-01-15,82.540000915527,10561594
2021-01-19,82.650001525879,8142683
2021-01-20,83.690002441406,8576777
2021-01-21,83.71,27810099
2021-01-22,84.21,19115265
2021-01-25,86.87,52862528
2021-01-26,85.16,24953736
2021-01-27,85.23,16893290
2021-01-28,82.46,17082680
2021-01-29,80.87,26379356
2021-02-01,81.7,16768635
2021-02-02,82.93,26581456
2021-02-03,83.05,23884744
2021-02-04,83.0,25593400
2021-02-05,83.6,11491540
2021-02-08,83.4,20376843
2021-02-09,83.83,20035456
2021-02-10,83.91,24804544
2021-02-11,83.95,13251723
2021-02-12,83.95,5787194
2021-02-16,83.13,8312572
2021-02-17,81.19,8667217
2021-02-18,80.68,5379458
2021-02-19,80.73,9660915
2021-02-22,78.1,13190294
2021-02-23,75.1,12719014
2021-02-24,74.71,12302195
2021-02-25,73.76,11747113
2021-02-26,73.48,50332848
2021-03-01,75.91,36817788
2021-03-02,75.54,26215530
2021-03-03,72.52,35246712
2021-03-04,71.29,35996058
2021-03-05,70.7,46529742
2021-03-08,70.86,49917488
2021-03-09,74.02,37454840
2021-03-10,74.46,32988628
2021-03-11,74.86,19808148
2021-03-12,75.67,18339426
2021-03-15,75.52,21389679
2021-03-16,75.38,19537977
2021-03-17,72.96,31029780
2021-03-18,71.13,42596289
2021-03-19,70.84,68420175
2021-03-22,71.69,30174135
2021-03-23,74.02,32171262
2021-03-24,72.83,43613148
2021-03-25,73.42,20471151
2021-03-26,74.06,30317880
2021-03-29,74.79,25933638
2021-03-30,74.22,17893884
2021-03-31,75.61,28291434
2021-04-01,75.77,19646748
2021-04-05,75.77,7328654
2021-04-06,76.78,6570483
2021-04-07,77.56,6761608
2021-04-08,77.41,7454597
2021-04-09,77.76,4969701
2021-04-12,77.94,6052897
2021-04-13,77.64,6319042
2021-04-14,79.23,8956498
2021-04-15,80.18,10025124
2021-04-16,80.18,15124110
2021-04-19,80.94,7658207
2021-04-20,79.79,7192059
2021-04-21,77.751,17130140
2021-04-22,78.32,33046664
2021-04-23,78.24,24141388
2021-04-26,77.93,14850108
2021-04-27,77.28,23487748
2021-04-28,77.09,22088856
2021-04-29,77.22,5558949
2021-04-30,77.51,8024682
2021-05-03,76.7,6075961
2021-05-04,75.69,9178252
2021-05-05,73.78,10643169
2021-05-06,74.01,7069184
2021-05-07,74.53,5677354
2021-05-10,74.8,6210497
2021-05-11,74.07,10515089
2021-05-12,71.54,9093240
2021-05-13,72.63,5469529
2021-05-14,73.12,5446234
2021-05-17,71.9,10369308
2021-05-18,72.29,8195146
2021-05-19,72.66,8486579
2021-05-20,74.29,10798647
2021-05-21,74.44,8689543
2021-05-24,74.03,6746870
2021-05-25,73.37,7440920
2021-05-26,73.47,7409048
2021-05-27,73.0,10956059
2021-05-28,73.22,9178572
2021-06-01,72.12,9056101
2021-06-02,72.71,6421068
2021-06-03,72.37,8871512
2021-06-04,72.34,6586274
2021-06-07,72.47,5988535
2021-06-08,72.14,5803236
2021-06-09,72.45,6660486
2021-06-10,73.51,8203306
2021-06-11,73.49,4548519
2021-06-14,73.31,4991867
2021-06-15,73.43,7770482
2021-06-16,73.3,9646321
2021-06-17,74.58,10553812
2021-06-18,73.28,17538955
2021-06-21,74.33,6499819
2021-06-22,74.11,5513307
2021-06-23,73.35,6079658
2021-06-24,72.88,7925541
2021-06-25,73.86,6677085
2021-06-28,75.15,8444305
2021-06-29,74.08,6477528
2021-06-30,73.28,8672907
2021-07-01,74.19,6423169
2021-07-02,74.28,4282376
2021-07-06,75.13,6957513
2021-07-07,75.33,5661844
2021-07-08,75.13,5881384
2021-07-09,74.99,5592806
2021-07-12,75.09,5743608
2021-07-13,74.86,5165670
2021-07-14,75.7,6956113
2021-07-15,76.82,7638248
2021-07-16,77.92,9087965
2021-07-19,76.99,9891840
2021-07-20,77.17,6562396
2021-07-21,75.88,8931948
2021-07-22,76.12,5534769
2021-07-23,77.2,4953605
2021-07-26,76.91,6014052
2021-07-27,77.86,7592122
2021-07-28,77.85,5177503
2021-07-29,78.16,4141909
2021-07-30,77.9,5489214
2021-08-02,78.81,7520735
2021-08-03,79.42,6249519
2021-08-04,79.87,8050180
2021-08-05,80.49,6283837
2021-08-06,80.61,4634514
2021-08-09,80.56,5621878
2021-08-10,80.53,4506801
2021-08-11,82.37,9419301
2021-08-12,83.0,6763081
2021-08-13,83.45,3999620
2021-08-16,83.95,8579942
2021-08-17,83.96,5257074
2021-08-18,84.42,9511749
2021-08-19,84.55,6968132
2021-08-20,86.28,7589673
2021-08-23,84.4,8837088
2021-08-24,84.14,5786105
2021-08-25,84.53,5930314
2021-08-26,83.81,5294036
2021-08-27,83.41,5974286
2021-08-30,83.95,6001736
2021-08-31,83.99,6844079
2021-09-01,85.34,5862467
2021-09-02,86.48,5222042
2021-09-03,85.69,4621683
2021-09-07,85.03,6791395
2021-09-08,86.44,6230117
2021-09-09,85.84,4108268
2021-09-10,84.93,5508194
2021-09-13,84.58,6498792
2021-09-14,84.64,4658308
2021-09-15,84.61,5707060
2021-09-16,84.0,5380677
2021-09-17,81.64,15398326
2021-09-20,81.69,8994275
2021-09-21,81.92,6450728
2021-09-22,81.9,5662292
2021-09-23,81.27,6414328
2021-09-24,80.7,6114089
2021-09-27,78.76,8600913
2021-09-28,77.27,9257726
2021-09-29,78.35,7496134
2021-09-30,78.52,10188218
2021-10-01,79.21,7961191
2021-10-04,79.36,6027836
2021-10-05,79.48,5434634
2021-10-06,81.18,6876164
2021-10-07,80.92,5753531
2021-10-08,80.21,3593132
2021-10-11,77.83,8798686
2021-10-12,78.87,7791238
2021-10-13,80.19,6262681
2021-10-14,81.46,6485984
2021-10-15,81.67,14634321
2021-10-18,80.99,4942093
2021-10-19,82.03,5717490
2021-10-20,83.92,6942573
2021-10-21,83.81,4945087
2021-10-22,84.42,4732452
2021-10-25,84.29,3987335
2021-10-26,85.47,6969242
2021-10-27,85.01,4356891
2021-10-28,86.42,6568440
2021-10-29,85.33,7792641
2021-11-01,85.59,5135356
2021-11-02,85.42,7266589
2021-11-03,85.24,5723226
2021-11-04,84.76,6593952
2021-11-05,85.53,4885446
2021-11-08,84.59,5391028
2021-11-09,84.94,3917872
2021-11-10,85.2,5192569
2021-11-11,85.37,5370538
2021-11-12,86.31,6467097
2021-11-15,87.34,5543270
2021-11-16,86.98,5497172
2021-11-17,87.78,6203092
2021-11-18,87.6,5537871
2021-11-19,88.31,6765477
2021-11-22,87.36,5214530
2021-11-23,87.31,7407983
2021-11-24,87.21,4553877
2021-11-26,86.09,4340680
2021-11-29,88.66,8712519
2021-11-30,86.78,16328315
2021-12-01,87.84,10063584
2021-12-02,88.62,8303507
2021-12-03,88.03,11191047
2021-12-06,89.15,8946614
2021-12-07,90.41,7909730
2021-12-08,90.32,5356519
2021-12-09,89.91,5731213
2021-12-10,90.28,4996753
2021-12-13,91.74,6446514
2021-12-14,90.03,11022619
2021-12-15,92.0,9590049
2021-12-16,92.23,7623333
2021-12-17,90.94,15343328
2021-12-20,89.94,10167716
2021-12-21,90.45,6287882
2021-12-22,90.8,4143104
2021-12-23,90.7,5845630
2021-12-27,91.32,5410410
2021-12-28,91.88,3097581
2021-12-29,91.99,2945412
2021-12-30,92.77,3716396
2021-12-31,93.36,4811867
2022-01-03,91.66,7865567
2022-01-04,90.68,8379249
2022-01-05,89.73,6722525
2022-01-06,85.77,12658587
2022-01-07,86.41,13359257
2022-01-10,84.29,11378664
2022-01-11,84.79,8395893
2022-01-12,85.09,6484042
2022-01-13,84.9,7203060
2022-01-14,83.2,11084270
2022-01-18,81.25,10848139
2022-01-19,82.59,9673853
2022-01-20,83.51,12028922
2022-01-21,82.6,12809062
2022-01-24,81.92,14694976
2022-01-25,75.1,22925034
2022-01-26,72.64,24721667
2022-01-27,72.51,21252747
2022-01-28,72.5,25537084
2022-01-31,78.12,21787787
2022-02-01,77.23,12082915
2022-02-02,77.73,8397670
2022-02-03,75.77,7960725
2022-02-04,76.01,12132129
2022-02-07,75.68,8184500
2022-02-08,75.46,6758461
2022-02-09,76.66,7390923
2022-02-10,75.45,9673297
2022-02-11,74.96,8999327
2022-02-14,74.92,8329188
2022-02-15,75.09,9102501
2022-02-16,75.23,7505070
2022-02-17,75.38,10093093
2022-02-18,74.15,9558597
2022-02-22,73.78,8233368
2022-02-23,72.32,7837056
2022-02-24,75.44,15750419
2022-02-25,77.16,12609479
2022-02-28,78.27,16345678
2022-03-01,77.44,13930444
2022-03-02,77.55,6988696
2022-03-03,78.79,10075522
2022-03-04,80.21,8996514
2022-03-07,84.18,19948914
2022-03-08,81.95,14717621
2022-03-09,80.32,12710001
2022-03-10,80.16,9554345
2022-03-11,79.3,7230646
2022-03-14,79.28,7133771
2022-03-15,81.98,9567041
2022-03-16,82.51,8261224
2022-03-17,82.69,6341919
2022-03-18,82.37,13470785
2022-03-21,81.8,7181684
2022-03-22,82.85,8516858
2022-03-23,82.57,6125879
2022-03-24,83.7,5498108
2022-03-25,83.94,5482368
2022-03-28,84.43,6177702
2022-03-29,84.62,8954273
2022-03-30,85.5,6829267
2022-03-31,84.71,10082909
2022-04-01,85.71,6453765
2022-04-04,85.62,6465738
2022-04-05,86.33,7203263
2022-04-06,86.49,7621879
2022-04-07,87.08,7817509
2022-04-08,86.09,5731579
2022-04-11,84.58,6745351
2022-04-12,83.89,8714757
2022-04-13,83.55,7858452
2022-04-14,82.81,7164130
2022-04-18,81.71,6279188
2022-04-19,81.83,8104770
2022-04-20,81.51,8457127
2022-04-21,76.18,17712832
2022-04-22,73.95,15284830
2022-04-25,74.04,15697920
2022-04-26,73.57,10971638
2022-04-27,73.27,10989630
2022-04-28,73.49,11325720
2022-04-29,71.02,14912851
2022-05-02,69.87,14338301
2022-05-03,70.76,10419989
2022-05-04,73.06,10859583
2022-05-05,71.84,10382390
2022-05-06,72.47,9364858
2022-05-09,70.71,10442845
2022-05-10,69.99,14731906
2022-05-11,70.2,11129155
2022-05-12,68.51,15364934
2022-05-13,69.8,8010789
2022-05-16,70.12,7339495
2022-05-17,72.02,8889290
2022-05-18,71.0,10316932
2022-05-19,70.46,9593613
2022-05-20,71.22,9747755
2022-05-23,72.55,10378702
2022-05-24,74.67,11133491
2022-05-25,74.79,11192148
2022-05-26,75.04,9431312
2022-05-27,77.43,9435316
2022-05-31,75.69,29712072
2022-06-01,76.17,7994137
2022-06-02,78.52,9640582
2022-06-03,78.69,9293717
2022-06-06,80.19,12716926
2022-06-07,79.78,7405617
2022-06-08,78.49,5198031
2022-06-09,77.34,8354816
2022-06-10,75.91,8598729
2022-06-13,72.41,11882262
2022-06-14,71.48,11412712
2022-06-15,74.19,12085296
2022-06-16,70.87,12729160
2022-06-17,70.81,15918974
2022-06-21,72.73,8466948
2022-06-22,74.69,12687573
2022-06-23,77.2,12502551
2022-06-24,78.02,9320546
2022-06-27,77.89,6557215
2022-06-28,76.44,6140782
2022-06-29,76.0,7082185
2022-06-30,77.46,8872992
2022-07-01,80.56,7718439
2022-07-05,79.11,11279200
2022-07-06,79.57,7918440
2022-07-07,80.38,5498179
2022-07-08,80.25,5708363
2022-07-11,80.68,6100477
2022-07-12,79.95,7554112
2022-07-13,80.26,7552499
2022-07-14,80.13,6124510
2022-07-15,78.71,8780599
2022-07-18,77.51,6610894
2022-07-19,78.93,6403986
2022-07-20,78.32,6323732
2022-07-21,78.87,7847605
2022-07-22,80.25,11517226
2022-07-25,80.98,5035636
2022-07-26,79.91,6740940
2022-07-27,80.38,6056151
2022-07-28,84.54,13561456
2022-07-29,84.49,11474865
2022-08-01,85.31,7004481
2022-08-02,85.67,7664259
2022-08-03,86.46,7640608
2022-08-04,87.98,8679156
2022-08-05,87.98,8643274
2022-08-08,87.52,7243316
2022-08-09,88.92,5154122
2022-08-10,89.78,5693721
2022-08-11,89.43,7525833
2022-08-12,90.47,5262780
2022-08-15,91.0,5032686
2022-08-16,90.53,5250574
2022-08-17,90.2,4177991
2022-08-18,90.24,5090664
2022-08-19,89.71,5542923
2022-08-22,88.54,5783453
2022-08-23,87.98,3473741
2022-08-24,88.71,5669340
2022-08-25,89.39,5595183
2022-08-26,88.06,7990147
2022-08-29,87.02,5827891
2022-08-30,85.7,7394279
2022-08-31,85.06,6830948
2022-09-01,86.26,5896345
2022-09-02,85.11,5785696
2022-09-06,87.37,11077348
2022-09-07,90.24,11366639
2022-09-08,90.27,8852494
2022-09-09,90.68,5701551
2022-09-12,90.81,5573784
2022-09-13,88.86,5624836
2022-09-14,88.75,7281493
2022-09-15,86.01,18680967
2022-09-16,84.79,19190742
2022-09-19,86.84,8820990
2022-09-20,85.69,6242074
2022-09-21,83.97,6706453
2022-09-22,83.54,6748710
2022-09-23,82.52,6719672
2022-09-26,81.15,7702927
2022-09-27,81.08,9247037
2022-09-28,82.62,8713365
2022-09-29,79.97,8291549
2022-09-30,78.41,12854294
2022-10-03,81.19,8115199
2022-10-04,82.82,8193853
2022-10-05,81.3596,5468664
2022-10-06,80.26,8374624
2022-10-07,77.81,7697379
2022-10-10,76.74,6118014
2022-10-11,76.03,9143163
2022-10-12,72.75,9715274
2022-10-13,73.09,13644012
2022-10-14,71.77,8735692
2022-10-17,73.65,7563540
2022-10-18,75.06,6998542
2022-10-19,73.64,8579687
2022-10-20,70.64,13023814
2022-10-21,71.65,11161269
2022-10-24,73.28,9989846
2022-10-25,75.86,9216900
2022-10-26,75.6,6247194
2022-10-27,75.47,7163308
2022-10-28,79.03,9123339
2022-10-31,77.5,8273667
2022-11-01,77.71,5410269
2022-11-02,77.28,7119075
2022-11-03,78.18,6920481
2022-11-04,78.8,7758947
2022-11-07,77.29,7008635
2022-11-08,78.27,5518358
2022-11-09,78.2,4940236
2022-11-10,83.2,9315878
2022-11-11,83.31,5730882
2022-11-14,81.66,7904057
2022-11-15,82.91,5594983
2022-11-16,84.32,8444892
2022-11-17,82.35,8334511
2022-11-18,83.2,6664774
2022-11-21,83.6,6593861
2022-11-22,84.11,4105654
2022-11-23,84.92,4259871
2022-11-25,85.34,3622249
2022-11-28,83.73,6464225
2022-11-29,82.49,5398297
2022-11-30,84.7,9739222
2022-12-01,84.83,5830713
2022-12-02,85.2,6316947
2022-12-05,85.15,5511867
2022-12-06,85.18,5027803
2022-12-07,85.29,5108818
2022-12-08,85.76,4281909
2022-12-09,84.51,4460299
2022-12-12,86.55,5348953
2022-12-13,87.15,7179494
2022-12-14,87.05,6111627
2022-12-15,85.81,6469095
2022-12-16,84.14,16949482
2022-12-19,83.52,5681098
2022-12-20,83.52,4812075
2022-12-21,84.65,5356209
2022-12-22,83.34,4491039
2022-12-23,84.17,3254730
2022-12-27,84.0,4726551
2022-12-28,83.16,3536487
2022-12-29,84.08,3378421
2022-12-30,83.6,4266918
2023-01-03,83.83,5535451
2023-01-04,84.49,4831342
2023-01-05,82.63,5472659
2023-01-06,83.65,5235338
2023-01-09,84.07,4749024
2023-01-10,84.54,4921129
2023-01-11,85.0,6153716
2023-01-12,85.07,4648571
2023-01-13,84.68,4943170
2023-01-17,85.74,8410165
2023-01-18,83.8,6107756
2023-01-19,82.59,7099850
2023-01-20,81.82,9429170
2023-01-23,82.67,6864386
2023-01-24,83.9,6652336
2023-01-25,76.59,28527407
2023-01-26,76.4,18508679
2023-01-27,75.58,13243239
2023-01-30,75.05,10669821
2023-01-31,74.63,19020415
2023-02-01,74.24,15188692
2023-02-02,75.6,18604062
2023-02-03,74.67,11671472
2023-02-06,75.51,9343358
2023-02-07,76.08,10855798
2023-02-08,75.03,9082151
2023-02-09,73.27,13163460
2023-02-10,74.74,9883033
2023-02-13,75.62,8114222
2023-02-14,76.03,7089389
2023-02-15,76.94,9345468
2023-02-16,75.69,7795625
2023-02-17,76.07,9436331
2023-02-21,73.66,11915626
2023-02-22,73.68,9351183
2023-02-23,72.87,9049874
2023-02-24,72.92,9127811
2023-02-27,71.86,7029663
2023-02-28,71.03,11276725
2023-03-01,69.87,11809198
2023-03-02,72.21,16067195
2023-03-03,73.83,10724778
2023-03-06,74.4,6888875
2023-03-07,73.75,7308906
2023-03-08,74.25,5913550
2023-03-09,73.76,7678060
2023-03-10,73.01,10167054
2023-03-13,73.29,8388885
2023-03-14,74.55,8635793
2023-03-15,75.52,12030326
2023-03-16,76.23,8896527
2023-03-17,75.67,14137395
2023-03-20,75.97,7140296
2023-03-21,75.36,6222390
2023-03-22,74.13,7038158
2023-03-23,73.81,7541396
2023-03-24,75.69,5294109
2023-03-27,75.44,5516054
2023-03-28,75.24,5935605
2023-03-29,76.11,5680646
2023-03-30,76.59,6187023
2023-03-31,77.08,10124428
2023-04-03,76.67,5778653
2023-04-04,77.16,6165648
2023-04-05,78.33,8200436
2023-04-06,78.97,5427720
2023-04-10,78.43,5647541
2023-04-11,78.34,6019632
2023-04-12,78.59,6786576
2023-04-13,78.85,4928608
2023-04-14,78.02,4920866
2023-04-17,78.54,4393358
2023-04-18,78.3,8147618
2023-04-19,78.94,3813305
2023-04-20,78.75,4350401
2023-04-21,78.99,5192615
2023-04-24,79.04,5725790
2023-04-25,77.82,8399806
2023-04-26,74.07,12656655
2023-04-27,75.85,8155578
2023-04-28,76.63,10005852
2023-05-01,76.8,5214783
2023-05-02,75.94,7674164
2023-05-03,75.39,6265933
2023-05-04,75.51,6042464
2023-05-05,75.51,6215614
2023-05-08,76.06,6751748
2023-05-09,75.58,5588127
2023-05-10,76.89,5696014
2023-05-11,76.1,6542687
2023-05-12,77.96,8315032
2023-05-15,77.54,5430028
2023-05-16,75.84,6216026
2023-05-17,75.34,5408735
2023-05-18,75.1,6970597
2023-05-19,74.48,6338617
2023-05-22,74.58,4272571
2023-05-23,74.16,8751256
2023-05-24,74.24,6879457
2023-05-25,73.39,7716369
2023-05-26,73.92,7174042
2023-05-30,72.69,6873997
2023-05-31,73.46,11112208
2023-06-01,72.96,6738779
2023-06-02,73.85,14350760
2023-06-05,73.59,5571117
2023-06-06,73.38,5653068
2023-06-07,74.17,6488121
2023-06-08,74.9,9988095
2023-06-09,74.07,6012161
2023-06-12,73.98,7564700
2023-06-13,74.35,8579415
2023-06-14,73.4,8893648
2023-06-15,74.36,10098262
2023-06-16,75.59,23053579
2023-06-20,74.76,7802048
2023-06-21,75.78,7176113
2023-06-22,75.13,6976575
2023-06-23,74.17,9080057
2023-06-26,74.29,5670176
2023-06-27,73.91,5979167
2023-06-28,73.44,8735091
2023-06-29,72.81,7193155
2023-06-30,74.2,9259959
2023-07-03,74.38,2484462
2023-07-05,74.95,8450272
2023-07-06,73.02,7271407
2023-07-07,72.05,7511673
2023-07-10,71.71,7704747
2023-07-11,72.19,6623380
2023-07-12,73.47,9710524
2023-07-13,73.71,6058553
2023-07-14,73.2,6463743
2023-07-17,72.66,5149275
2023-07-18,72.05,7239505
2023-07-19,72.1,7464792
2023-07-20,74.1,9221590
2023-07-21,75.9,11878441
2023-07-24,75.5,8609665
2023-07-25,75.44,8847806
2023-07-26,74.37,7244567
2023-07-27,73.27,10185625
2023-07-28,72.85,6231189
2023-07-31,73.3,10877534
2023-08-01,72.17,6725407
2023-08-02,71.91,6590418
2023-08-03,70.1,9075969
2023-08-04,69.17,9140539
2023-08-07,68.64,8397223
2023-08-08,68.71,8889954
2023-08-09,68.92,7452963
2023-08-10,68.29,7959864
2023-08-11,68.92,6524199
2023-08-14,68.56,8021137
2023-08-15,67.35,7704092
2023-08-16,67.56,6433500
2023-08-17,67.51,6677561
2023-08-18,67.83,6291293
2023-08-21,67.08,6856055
2023-08-22,67.52,7370570
2023-08-23,67.89,7721840
2023-08-24,67.22,9242494
2023-08-25,67.96,10114247
2023-08-28,68.02,7152597
2023-08-29,67.51,11209664
2023-08-30,67.09,7461489
2023-08-31,66.8,11797763
2023-09-01,66.87,8296631
2023-09-05,66.2,10002869
2023-09-06,65.69,9250260
2023-09-07,66.25,9981143
2023-09-08,66.83,7485845
2023-09-11,67.53,7981595
2023-09-12,67.73,7171538
2023-09-13,68.43,8925740
2023-09-14,69.28,7944919
2023-09-15,68.64,18391418
2023-09-18,68.24,7534094
2023-09-19,67.59,8215771
2023-09-20,67.35,5804231
2023-09-21,66.91,9460787
2023-09-22,67.7,11796662
2023-09-25,67.47,8656485
2023-09-26,65.34,9042592
2023-09-27,59.96,25606209
2023-09-28,57.08,31153829
2023-09-29,57.29,19047604
2023-10-02,52.15,54022781
2023-10-03,52.78,36257520
2023-10-04,50.9,28467449
2023-10-05,49.45,29911393
2023-10-06,50.24,24718494
2023-10-09,49.32,20644625
2023-10-10,51.58,23164336
2023-10-11,53.54,22401370
2023-10-12,53.0,27972802
2023-10-13,54.49,22321197
2023-10-16,54.38,17089370
2023-10-17,54.17,13365487
2023-10-18,53.24,13593319
2023-10-19,52.39,11580434
2023-10-20,51.96,17798909
2023-10-23,51.52,15200697
2023-10-24,55.12,20060327
2023-10-25,56.46,19262374
2023-10-26,57.57,17357826
2023-10-27,56.24,11921203
2023-10-30,57.2,11017782
2023-10-31,58.3,19978336
2023-11-01,58.43,13428915
2023-11-02,59.91,15076477
2023-11-03,59.38,13938037
2023-11-06,59.04,9293798
2023-11-07,58.46,9615549
2023-11-08,57.5,12781790
2023-11-09,54.72,17147940
2023-11-10,55.14,12777604
2023-11-13,54.5,8951803
2023-11-14,57.55,13399476
2023-11-15,57.0,11295036
2023-11-16,56.6,11155372
2023-11-17,57.37,10136475
2023-11-20,57.34,8405713
2023-11-21,57.98,11952633
2023-11-22,57.47,9626942
2023-11-24,57.55,4629432
2023-11-27,57.58,9779081
2023-11-28,58.16,9473579
2023-11-29,58.36,17019118
2023-11-30,58.51,15381853
2023-12-01,59.17,10510223
2023-12-04,58.67,10239553
2023-12-05,58.23,12545000
2023-12-06,60.2,13235707
2023-12-07,59.85,12230501
2023-12-08,59.7,9408385
2023-12-11,59.71,11005787
2023-12-12,59.52,9931191
2023-12-13,62.51,13013429
2023-12-14,62.78,16809075
2023-12-15,61.5,28901537
2023-12-18,61.0,10755842
2023-12-19,61.57,11509563
2023-12-20,59.84,10091167
2023-12-21,59.6,12604172
2023-12-22,59.75,9799434
2023-12-26,60.21,6791580
2023-12-27,60.58,6787475
2023-12-28,61.02,5981881
2023-12-29,60.74,13629280
2024-01-02,61.57,10064315
2024-01-03,61.99,10306315
2024-01-04,61.8,10568090
2024-01-05,62.08,7803807
2024-01-08,62.92,7766698
2024-01-09,62.01,6921586
2024-01-10,62.28,8100055
2024-01-11,60.72,10686040
2024-01-12,61.04,7796869
2024-01-16,60.35,11633089
2024-01-17,58.27,11543135
2024-01-18,57.65,9626481
2024-01-19,57.26,12762602
2024-01-22,56.85,12979897
2024-01-23,57.38,16080950
2024-01-24,57.01,14471412
2024-01-25,57.98,15702617
2024-01-26,58.48,11649977
2024-01-29,59.57,10102831
2024-01-30,59.28,15615656
2024-01-31,58.63,11124878
2024-02-01,59.75,8687613
2024-02-02,58.15,14952859
2024-02-05,55.97,14293578
2024-02-06,56.23,10306853
2024-02-07,56.38,7761335
2024-02-08,56.29,8143193
2024-02-09,56.58,8003540
2024-02-12,57.55,9622014
2024-02-13,55.25,12759748
2024-02-14,56.01,8831274
2024-02-15,57.27,9880017
2024-02-16,57.03,9943508
2024-02-20,56.61,13014554
2024-02-21,57.1,9322699
2024-02-22,56.67,10425984
2024-02-23,56.78,10563931
2024-02-26,55.15,12753830
2024-02-27,55.56,12421768
2024-02-28,55.04,13240400
2024-02-29,55.19,19993610
2024-03-01,55.21,15398190
2024-03-04,54.97,11674600
2024-03-05,55.4,16026132
2024-03-06,55.53,22149816
2024-03-07,56.25,10227276
2024-03-08,57.81,12735605
2024-03-11,57.87,9681500
2024-03-12,57.15,9634415
2024-03-13,59.54,17495264
2024-03-14,59.54,16996067
2024-03-15,60.08,32424620
2024-03-18,60.17,17073650
2024-03-19,61.27,11433881
2024-03-20,62.2,14564496
2024-03-21,61.36,18090251
2024-03-22,61.78,10046337
2024-03-25,62.61,11423473
2024-03-26,61.43,13829574
2024-03-27,63.79,13409037
2024-03-28,63.91,12830842
2024-04-01,63.38,13175188
2024-04-02,62.88,9905331
2024-04-03,62.55,10551443
2024-04-04,63.73,10690083
2024-04-05,64.1801,10278085
2024-04-08,64.86,8054868
2024-04-09,65.38,9188529
2024-04-10,64.01,10783388
2024-04-11,63.94,12145604
2024-04-12,63.08,9039494
2024-04-15,62.75,11147113
2024-04-16,61.7,11594124
2024-04-17,63.79,15653741
2024-04-18,64.01,10134983
2024-04-19,64.3,13419416
2024-04-22,65.31,14747195
2024-04-23,66.2,14349197
2024-04-24,66.56,12149626
2024-04-25,66.9,11418536
2024-04-26,65.99,9982762
2024-04-29,67.42,9911004
2024-04-30,66.97,10042563
2024-05-01,68.61,13992995
2024-05-02,68.85,10815915
2024-05-03,70.14,12687503
2024-05-06,71.25,14042124
2024-05-07,71.95,13621059
2024-05-08,72.85,9914979
2024-05-09,74.58,16627899
2024-05-10,73.79,12046747
2024-05-13,74.58,7685511
2024-05-14,75.42,8176616
2024-05-15,77.05,12470580
2024-05-16,76.41,10414248
2024-05-17,76.09,9490319
2024-05-20,75.87,7179699
2024-05-21,76.95,6420057
2024-05-22,76.32,8773558
2024-05-23,75.32,9097766
2024-05-24,76.61,7601101
2024-05-28,77.53,11986997
2024-05-29,76.68,6896342
2024-05-30,78.19,21764693
2024-05-31,80.02,16196032
2024-06-03,77.71,15410519
2024-06-04,77.15,8484305
2024-06-05,77.05,9264742
2024-06-06,76.7,6550584
2024-06-07,75.39,10059493
2024-06-10,76.97,11218858
2024-06-11,72.74,22781516
2024-06-12,72.26,13930465
2024-06-13,73.18,10023179
2024-06-14,73.06,6568564
2024-06-17,72.31,8445308
2024-06-18,70.44,29169776
2024-06-20,72.46,14857201
2024-06-21,72.81,19465802
2024-06-24,73.85,12063922
2024-06-25,72.98,11011768
2024-06-26,73.37,11481516
2024-06-27,73.72,9824715
2024-06-28,70.81,23935557
2024-07-01,69.9,11036448
2024-07-02,70.47,9415185
2024-07-03,71.83,4487233
2024-07-05,72.09,7689004
2024-07-08,72.11,5368723
2024-07-09,72.12,6220183
2024-07-10,72.9,6741131
2024-07-11,74.7,12189473
2024-07-12,76.0,11099386
2024-07-15,70.97,19575363
2024-07-16,71.9,10551758
2024-07-17,70.9,11878855
2024-07-18,71.67,10212366
2024-07-19,72.0,7752092
2024-07-22,72.9,9034733
2024-07-23,72.11,7027548
2024-07-24,75.41,17813675
2024-07-25,73.44,13934194
2024-07-26,74.26,7076174
2024-07-29,74.34,5977542
2024-07-30,74.28,8505519
2024-07-31,76.39,15618059
2024-08-01,78.39,11136569
2024-08-02,79.2,14513109
2024-08-05,76.68,11877571
2024-08-06,76.97,9050972
2024-08-07,77.56,8193227
2024-08-08,77.54,6935882
2024-08-09,77.46,5041288
2024-08-12,77.58,5955633
2024-08-13,78.12,5108864
2024-08-14,78.01,4620863
2024-08-15,77.41,5946540
2024-08-16,78.57,6344213
2024-08-19,79.35,5616992
2024-08-20,78.98,5967470
2024-08-21,79.64,5125298
2024-08-22,78.92,8006561
2024-08-23,79.66,5052935
2024-08-26,80.64,5378679
2024-08-27,79.61,5086035
2024-08-28,79.41,5462405
2024-08-29,80.03,5179197
2024-08-30,80.51,6808205
2024-09-03,79.93,9883868
2024-09-04,81.08,7517703
2024-09-05,80.33,8494898
2024-09-06,79.98,8181470
2024-09-09,81.19,6917950
2024-09-10,82.3,9588045
2024-09-11,83.43,10216517
2024-09-12,83.46,7857125
2024-09-13,84.65,6734402
2024-09-16,84.64,8791397
2024-09-17,84.97,7415059
2024-09-18,84.28,9286154
2024-09-19,82.29,13965216
2024-09-20,82.76,26032280
2024-09-23,84.82,7915992
2024-09-24,84.29,8205325
2024-09-25,84.62,8354739
2024-09-26,83.46,8462456
2024-09-27,84.54,8200940
2024-09-30,84.53,13884706
2024-10-01,85.27,9112611
2024-10-02,85.43,8403754
2024-10-03,85.05,7031487
2024-10-04,83.85,8341913
2024-10-07,80.29,11971568
2024-10-08,80.5,10098327
2024-10-09,80.58,10102451
2024-10-10,80.94,7928446
2024-10-11,81.86,7057095
2024-10-14,82.91,5814827
2024-10-15,82.79,15825034
2024-10-16,84.39,8061561
2024-10-17,83.78,6153217
2024-10-18,84.38,8595305
2024-10-21,84.03,7053832
2024-10-22,83.7,8358531
2024-10-23,84.96,10825057
2024-10-24,82.81,9705333
2024-10-25,81.43,6581101
2024-10-28,82.87,8679617
2024-10-29,79.56,19232884
2024-10-30,79.09,11650482
2024-10-31,79.25,13034688
2024-11-01,77.35,14615297
2024-11-04,78.37,11759135
2024-11-05,78.65,9051659
2024-11-06,74.52,28637812
2024-11-07,74.62,16311251
2024-11-08,76.97,14657144
2024-11-11,75.91,10275680
2024-11-12,74.26,12569787
2024-11-13,74.945,12451785
2024-11-14,75.28,13780486
2024-11-15,76.35,12930527
2024-11-18,76.39,9044451
2024-11-19,77.08,7942453
2024-11-20,76.88,7065237
2024-11-21,77.36,8908942
2024-11-22,76.0,8165408
2024-11-25,76.64,20803127
2024-11-26,77.49,10563815
2024-11-27,78.52,8689888
2024-11-29,78.67,6186543
2024-12-02,77.07,11361507
2024-12-03,76.29,9806907
2024-12-04,75.74,8310426
2024-12-05,76.2,6487534
2024-12-06,75.24,7079516
2024-12-09,74.7,9269802
2024-12-10,74.14,8619649
2024-12-11,73.98,7472931
2024-12-12,73.22,6969872
2024-12-13,73.62,7671173
2024-12-16,72.79,9767445
2024-12-17,72.27,7723138
2024-12-18,70.52,12495978
2024-12-19,69.77,13731900
2024-12-20,71.67,27547621
2024-12-23,72.49,7509001
2024-12-24,72.91,3001825
2024-12-26,72.37,4505047
2024-12-27,72.11,5458151
2024-12-30,71.76,8398953
2024-12-31,71.69,6216657
2025-01-02,71.61,10689976
2025-01-03,71.99,10178088
2025-01-06,71.24,14051934
2025-01-07,70.43,17950806
2025-01-08,70.66,15861230
2025-01-10,67.38,32523534
2025-01-13,66.96,34113176
2025-01-14,67.98,21398640
2025-01-15,69.29,24832926
2025-01-16,71.37,22938902
2025-01-17,70.76,25329240
2025-01-21,70.85,24307650
2025-01-22,68.49,28830314
2025-01-23,69.23,21560156
2025-01-24,72.83,49177018
2025-01-27,73.83,38257790
2025-01-28,70.54,33260970
2025-01-29,70.89,18993304
2025-01-30,71.3,17278420
2025-01-31,71.56,21419196
2025-02-03,71.05,18257492
2025-02-04,69.9,21149452
2025-02-05,69.2,18052276
2025-02-06,69.27,18290618
2025-02-07,68.27,18640750
2025-02-10,69.7,18242624
2025-02-11,70.33,14040288
2025-02-12,69.28,17148718
2025-02-13,68.6,30345958
2025-02-14,68.06,28369232
2025-02-18,68.5,24181824
2025-02-19,69.06,17686702
2025-02-20,70.14,18681084
2025-02-21,71.58,33485040
2025-02-24,70.8,23942218
2025-02-25,71.28,28126872
2025-02-26,71.01,16021054
2025-02-27,69.38,18759624
2025-02-28,70.17,22495934
2025-03-03,71.62,18984400
2025-03-04,70.85,35739380
2025-03-05,70.48,15445146
2025-03-06,70.01,14964644
2025-03-07,72.83,26939446
2025-03-10,76.16,50527380
2025-03-11,74.03,29673664
2025-03-12,72.92,24221852
2025-03-13,72.73,22505996
2025-03-14,73.55,17399424
2025-03-17,72.11,29907924
2025-03-18,70.7,30424122
2025-03-19,70.5,18914780
2025-03-20,71.15,23632022
2025-03-21,70.88,15781998
2025-03-21,70.9055,15781998
2025-03-24,70.0155,24770790
2025-03-25,68.8055,25237660
2025-03-26,68.9079,18312052
2025-03-27,70.4455,17497510
2025-03-28,70.4648,15693712
2025-03-28,70.3155,7846856
2025-03-31,70.89,13347211
2025-04-01,70.92,8715835
2025-04-02,70.1255,16960188
2025-04-03,71.9855,27305328
2025-04-04,66.9255,20993502
2025-04-04,67.0955,20993502
2025-04-07,65.6155,38989796
2025-04-08,64.0712,28465122
2025-04-09,67.3155,46415520
2025-04-10,66.72,12801864
2025-04-11,65.9355,14856876
2025-04-11,65.8655,14856876
2025-04-14,67.69,11588862
2025-04-15,67.66,7851961
2025-04-16,65.8655,22712252
2025-04-17,66.3655,22425108
2025-04-17,66.4655,11212554
2025-04-21,64.68,11568661
2025-04-22,67.3154,28704034
2025-04-23,67.27,19476236
2025-04-24,66.3455,27449322
2025-04-25,66.1055,9640220
2025-04-25,66.0255,9640220
2025-04-28,66.19,7123541
2025-04-29,67.25,8891809
2025-04-30,66.88,13763464
2025-05-01,66.0655,22975890
2025-05-02,66.3155,13333454
2025-05-05,66.0155,14236330
2025-05-06,66.54,7943024
2025-05-07,67.36,9961743
2025-05-08,68.5955,26060226
2025-05-09,70.4055,17326215
2025-05-09,70.5958,17326215
2025-05-12,69.6455,37887618
2025-05-13,72.11,22962507
2025-05-14,72.19,15238936
2025-05-15,74.7255,35579860
2025-05-16,74.5055,12829838
2025-05-16,74.1855,12829838
2025-05-19,73.86,14438389
2025-05-20,74.4555,16093390
2025-05-21,71.3955,32266148
2025-05-22,67.0055,80415206
2025-05-23,67.7154,17161105
2025-05-23,67.7641,17161105
2025-05-27,67.7913,21821414
2025-05-28,67.1355,15671478
2025-05-29,68.99,11571348
2025-05-30,70.5755,18802728
2025-05-30,70.5855,18802728
2025-06-02,70.15,9366900
2025-06-03,70.8327,22028656
2025-06-04,69.9655,21789858
2025-06-05,71.0155,21936628
2025-06-06,71.5455,9286003
2025-06-06,72.2555,9286003
2025-06-09,71.9,14125618
2025-06-10,72.81,9887954
2025-06-11,73.1155,24000404
2025-06-12,73.8555,22044902
2025-06-13,74.7955,13213697
2025-06-16,73.1155,29091924
2025-06-17,72.6595,25942590
2025-06-18,71.57,7203391
2025-06-20,71.6755,15182943
2025-06-23,70.73,8671288
2025-06-24,71.4,9001465
2025-06-25,70.34,12839260
2025-06-26,70.99,8011224
2025-06-27,70.6555,14275024
2025-06-27,70.9155,14275024
2025-06-30,69.3155,41789070
2025-07-01,73.0055,47682242
2025-07-02,73.0155,22481002
2025-07-03,73.88,17121841
2025-07-07,74.3555,22736598
2025-07-08,72.46,19550843
2025-07-09,73.65,8818666
2025-07-10,74.4155,13912630
2025-07-11,74.6655,8094493
2025-07-11,74.6655,8094493
2025-07-14,75.04,10420522
2025-07-15,75.3155,17760240
2025-07-16,74.7655,17812550
2025-07-17,75.18,7174822
2025-07-18,75.9655,7986274
2025-07-18,76.2455,7986274
2025-07-21,76.1855,16699844
2025-07-22,77.3855,18065190
2025-07-23,72.82,21219490
2025-07-24,71.97,11166118
2025-07-25,72.1625,8074767
2025-07-25,72.1255,8074767
2025-07-28,71.34,16314492
2025-07-29,71.95,15176920
2025-07-30,70.99,13880678
2025-07-31,71.06,17690440
2025-08-01,70.4,6628715
2025-08-04,70.53,6543554
2025-08-05,71.18,7178889
2025-08-06,70.5655,15440436
2025-08-07,72.5155,14837128
2025-08-08,72.5155,5575995
2025-08-08,72.2655,5575995
2025-08-11,72.9155,16840062
2025-08-12,71.86,8671482
2025-08-13,72.3,8122597
2025-08-14,72.24,6780960
2025-08-15,75.2855,23398404
2025-08-15,75.2955,23398404
2025-08-18,75.72,12568355
2025-08-19,76.51,8047317
2025-08-20,76.3155,22024072
2025-08-21,76.08,8637112
2025-08-22,76.3255,13129288
2025-08-22,75.8629,13129288
2025-08-25,75.32,6338079
2025-08-26,75.2055,14325322
2025-08-27,73.89,10119019
2025-08-28,72.0344,21834440
2025-08-29,72.0155,11280520
2025-08-29,72.0655,11280520
2025-09-02,72.65,8661508
2025-09-03,71.8755,15444598
2025-09-04,70.9055,29193686
2025-09-05,70.8855,10067583
2025-09-05,70.8828,10067583
2025-09-08,69.9055,25193058
2025-09-09,70.07,7294486
2025-09-10,71.1255,18508826
2025-09-11,71.32,7418268
2025-09-12,71.7655,9345589
2025-09-12,72.1846,9345589
2025-09-15,71.5,10399059
2025-09-16,70.0155,15860424
2025-09-17,70.5755,21599186
2025-09-18,71.0855,16976906
2025-09-19,71.0155,14819314
2025-09-19,71.4155,14819314
2025-09-22,72.5155,19713442
2025-09-23,72.1455,15591710
2025-09-24,73.8955,22563504
2025-09-24,74.65,37114810
2025-09-26,75.85,8271468
2025-09-29,76.21,20731934
2025-09-30,75.49,18785420
2025-10-01,78.67,15044766
2025-10-02,78.4155,18533104
2025-10-03,80.0855,12116576
2025-10-03,80.0755,12116576
2025-10-06,82.4893,31535278
2025-10-07,83.4455,32219378
2025-10-08,84.04,13775573
2025-10-09,84.1236,14972230
2025-10-10,82.7855,10285599
2025-10-10,82.7298,10285599
2025-10-13,84.3155,16848628
2025-10-14,84.64,8912866
2025-10-15,85.8655,18537256
2025-10-16,84.9055,16667488
2025-10-17,84.5455,9142163
2025-10-17,84.5455,9142163
2025-10-20,84.77,5225666
2025-10-21,83.99,7282198
2025-10-22,83.0155,18417770
2025-10-23,83.25,5630797
2025-10-24,84.4155,6249998
2025-10-27,88.2655,37482072
2025-10-28,83.7155,27996140
2025-10-29,81.5655,23362944
2025-10-30,81.4855,15240290
2025-10-31,81.4,9407303
2025-10-31,81.6055,9407303
2025-11-03,81.78,8508152
2025-11-04,81.8655,12949090
2025-11-05,82.14,7290988
2025-11-06,81.9955,12425448
2025-11-07,84.2755,18334210
2025-11-07,84.1155,9167105
2025-11-10,84.77,11701677
2025-11-11,85.9155,23467724
2025-11-12,85.7255,15209558
2025-11-13,83.6855,23718530
2025-11-14,83.88,8352489
2025-11-17,85.75,11607949
2025-11-18,84.64,11061206
2025-11-19,84.7655,22277460
2025-11-20,84.3155,21933980
2025-11-21,83.5855,27860152
2025-11-24,84.23,13291464
2025-11-25,84.8755,15833692
2025-11-26,85.54,6550698
2025-11-28,86.29,8246646
2025-12-01,84.8655,15973914
2025-12-02,84.58,7086954
2025-12-03,85.1155,19230228
2025-12-04,83.39,12489644
2025-12-05,83.13,8194564
2025-12-05,83.1455,8194564
2025-12-08,80.55,18136393
2025-12-09,79.7255,27499180
2025-12-10,81.27,13341138
2025-12-11,81.2855,18988104
2025-12-12,81.65,7783135
2025-12-15,81.65,9489842
2025-12-16,80.7683,13233146
2025-12-17,80.5555,20423810
2025-12-18,80.85,9201309
2025-12-19,79.7855,60984552
2025-12-22,80.04,7136210
2025-12-23,79.79,7874966
2025-12-24,80.45,3011338
2025-12-26,80.41,3636427
2025-12-29,80.27,5854642
2025-12-30,80.53,4075907
2025-12-31,80.28,5036195
2026-01-02,81.1155,17705714
2026-01-02,81.0155,8852857
2026-01-05,81.2255,16603804
2026-01-06,81.05,7254482
2026-01-07,78.6879,19719814
2026-01-08,79.6155,17393470
2026-01-09,80.4844,11684460
2026-01-12,80.5283,22176182
2026-01-13,81.64,8542992
2026-01-14,81.98,10282419
2026-01-15,82.19,7419269
2026-01-16,82.5655,25749742
2026-01-20,83.9155,20109580
2026-01-21,83.8655,16593196
2026-01-22,85.0324,19604638
2026-01-23,84.81,13302140
2026-01-23,84.3155,13302140
2026-01-26,85.6811,21981210
2026-01-27,86.6455,30944594
2026-01-28,87.57,8200027
2026-01-29,88.18,11202426
2026-01-30,87.9,10205296
2026-02-02,86.33,9423138
2026-02-03,88.8929,19200334
2026-02-04,89.6955,24365490
2026-02-05,89.6655,19598786
2026-02-06,89.5955,16450308
2026-02-09,89.48,6529158
2026-02-10,90.83,7213672
2026-02-11,91.36,7304978
2026-02-12,92.4355,18363166
2026-02-13,94.7155,20805544
2026-02-13,94.0155,10402772
2026-02-17,92.71,9455448
2026-02-18,91.22,9064757
2026-02-19,92.0155,16967096
2026-02-20,92.3555,14351136
2026-02-20,92.2955,7175568
2026-02-23,94.06,8433556
2026-02-24,95.68,11597576
2026-02-25,95.11,9025534
2026-02-26,91.99,20015713
2026-02-27,93.77,50277073
2026-03-02,92.71,10147784
2026-03-03,92.59,11307701
2026-03-04,92.6,9384335
2026-03-05,91.13,24187261
2026-03-06,91.02,9745150
2026-03-07,91.2255,0
2026-03-09,92.01,9563641
2026-03-10,91.1397,17221670
2026-03-11,91.6755,19471536
2026-03-12,91.9076,17460055
2026-03-13,92.78,7504417
2026-03-16,92.8355,16932132
2026-03-16,92.53,13962673
2026-03-17,90.96,12550345
2026-03-19,92.41,21076814
2026-03-20,90.7655,32398023
2026-03-20,90.2655,21860767
2026-03-23,90.2455,20568621
2026-03-24,92.0655,17615993
2026-03-25,91.16,8639930
2026-03-26,91.16,6537755
2026-03-27,90.9555,15499269
2026-03-27,91.0662,7749634
2026-03-30,92.05,9362133
2026-03-31,92.88,13914182
2026-04-01,92.85,7759368
2026-04-02,93.15,10419040
2026-04-02,93.3149,10419039
2026-04-06,92.73,4790084
2026-04-06,93.67,10915494
2026-04-08,94.17,6935422
2026-04-09,94.48,7348371
2026-04-10,94.08,5322545
2026-04-13,92.3,6111399
2026-04-14,91.31,9370599
2026-04-15,91.24,9144767
2026-04-16,91.83,7734271
2026-04-17,91.98,8148845
2026-04-20,92.01,7734339
2026-04-21,90.6,8625490
2026-04-22,90.0,9477067
2026-04-23,96.25,17524921
2026-04-24,95.28,9761925
2026-04-27,94.83,7773759
2026-04-28,96.51,7245138
2026-04-29,94.17,9091706
2026-04-30,97.88,17551235
2026-05-01,96.95,7106182
2026-05-04,95.51,6806640
2026-05-05,96.27999877929688,7187400
2026-05-06,95.38999938964844,8242900
2026-05-07,93.31999969482422,9681800
2026-05-08,93.0999984741211,6230100
2026-05-11,94.83999633789062,7233800
2026-05-12,94.58999633789062,6922400
2026-05-13,94.8499984741211,4875358
2026-05-14,95.68000030517578,4039994
2026-05-15,93.36000061035156,11418400
2026-05-18,89.04000091552734,39950600
2026-05-19,90.05999755859375,21071696
2026-05-20,89.26499938964844,3295848
2026-05-21,88.77999877929688,2343049
2026-05-22,88.30000305175781,2262921
2026-05-26,87.8499984741211,3849370
2026-05-27,87.0999984741211,2841080
2026-05-28,87.8949966430664,2271543
2026-05-29,86.4749984741211,2588289
2026-06-01,84.79499816894531,3176219
2026-06-02,85.46009826660156,3128031
2026-06-03,85.4749984741211,2122285
2026-06-04,84.51000213623047,2215396
2026-06-05,85.19000244140625,2123923
2026-06-08,84.01000213623047,9541700
2026-06-09,84.83000183105469,12215700
2026-06-10,84.80000305175781,2552739
2026-06-11,85.3499984741211,1621852
2026-06-12,85.77999877929688,3170076
2026-06-15,85.81999969482422,2530007
2026-06-16,86.98999786376953,1784487
2026-06-17,86.43000030517578,1391167
2026-06-18,87.21009826660156,5088612
2026-06-22,87.12999725341797,4037680
2026-06-23,86.43000030517578,9645377
2026-06-24,87.62000274658203,7429149
2026-06-25,87.69999694824219,12403492
2026-06-26,88.55999755859375,14490205
2026-06-29,87.875,3648367
2026-06-30,87.7699966430664,8758462
2026-07-01,86.37000274658203,9611063
2026-07-02,88.33999633789062,11423165
2026-07-06,87.4800033569336,1643941
2026-07-07,88.47000122070312,9020382
2026-07-08,88.08999633789062,375190
2026-07-09,87.0999984741211,7084195
2026-07-10,87.95999908447266,11104006
2026-07-13,88.28500366210938,1960011
2026-07-14,89.54000091552734,9760816
2026-07-15,89.0999984741211,10247012
2026-07-16,89.3499984741211,8335700
2026-07-17,88.80000305175781,9445172
2026-07-20,88.0,8413920
2026-07-21,87.93000030517578,7093700
2026-07-22,89.41000366210938,8706700
2026-07-23,89.79000091552734,7445164
2026-07-27,89.2699966430664,1887990
2026-07-29,88.875,2210198
2026-07-30,87.93000030517578,11687700
2026-07-31,86.91999816894531,10969870
2026-08-03,86.55000305175781,11861200
2026-08-04,86.44000244140625,3029701
2026-08-05,85.76000213623047,6922688
2026-08-06,84.5999984741211,15646725
2026-08-07,84.6500015258789,9322000
2026-08-10,84.16999816894531,3008224
2026-08-11,85.73999786376953,6666900
2026-08-12,85.77999877929688,7372942
2026-08-13,86.01000213623047,8871100
2026-08-14,86.19000244140625,7237000
2026-08-18,87.04499816894531,3807780
2026-08-19,85.73999786376953,2461514
2026-08-20,85.02999877929688,10432454
2026-08-21,83.6500015258789,11885047
2026-08-24,83.43000030517578,2516570
2026-08-25,84.22000122070312,7679100
2026-08-26,84.22000122070312,5682590
2026-08-27,83.12000274658203,3576976
2026-08-28,81.8550033569336,3876989
2026-08-31,82.02999877929688,2307051
2026-09-01,82.93000030517578,11158400
2026-09-02,83.0999984741211,11714248
2026-09-03,84.05999755859375,11280003
2026-09-04,83.6050033569336,2090475
2026-09-08,83.93000030517578,1606073
2026-09-09,82.6500015258789,8837148
2026-09-10,82.50499725341797,3316840
2026-09-11,82.86499786376953,3888392
2026-09-14,81.93000030517578,3596776
2026-09-15,81.41000366210938,3097432
2026-09-16,81.26499938964844,1727615
2026-09-17,81.27999877929688,8932564
2026-09-18,80.63999938964844,2949228
2026-09-21,80.1449966430664,2249471
2026-09-22,79.68000030517578,2625364
2026-09-23,77.0199966430664,12615955
2026-09-24,75.62000274658203,15055903
2026-09-25,76.08000183105469,16460500
2026-09-28,75.21720123291016,3317248
2026-09-29,75.88999938964844,11326167
2026-09-30,75.73999786376953,13461500
