date,close,volume
2014-01-02,37.84000015258789,18162100
2014-01-03,37.619998931884766,11693900
2014-01-06,37.470001220703125,15329400
2014-01-07,37.849998474121094,16792200
2014-01-08,37.720001220703125,16111600
2014-01-09,37.650001525878906,13623500
2014-01-10,38.11000061035156,15402900
2014-01-13,37.75,20848300
2014-01-14,38.209999084472656,13486400
2014-01-15,38.40999984741211,17010900
2014-01-16,38.290000915527344,13463000
2014-01-17,38.209999084472656,14051100
2014-01-21,38.11000061035156,13540000
2014-01-22,37.97999954223633,14006300
2014-01-23,38.150001525878906,14174200
2014-01-24,37.11000061035156,26815600
2014-01-27,36.4900016784668,19073800
2014-01-28,37.099998474121094,13899900
2014-01-29,36.970001220703125,16553600
2014-01-30,37.400001525878906,12975500
2014-01-31,36.900001525878906,17039700
2014-02-03,35.84000015258789,21272600
2014-02-04,35.959999084472656,16228000
2014-02-05,35.95000076293945,11458400
2014-02-06,36.720001220703125,14762200
2014-02-07,37.189998626708984,13114700
2014-02-10,37.29999923706055,10976900
2014-02-11,37.84000015258789,12066100
2014-02-12,38.06999969482422,12343200
2014-02-13,38.41999816894531,11683200
2014-02-14,37.97999954223633,15641400
2014-02-18,37.970001220703125,10560300
2014-02-19,37.869998931884766,12491400
2014-02-20,38.27000045776367,11786000
2014-02-21,38.099998474121094,13243600
2014-02-24,38.13999938964844,10388100
2014-02-25,38.25,11766400
2014-02-26,38.5,11482900
2014-02-27,38.95000076293945,14055700
2014-02-28,39.11000061035156,19257800
2014-03-03,38.5099983215332,13293700
2014-03-04,39.40999984741211,13682100
2014-03-05,39.5,11929200
2014-03-06,39.459999084472656,13081900
2014-03-07,38.83000183105469,13821500
2014-03-10,38.86000061035156,8670300
2014-03-11,38.900001525878906,12841500
2014-03-12,38.52000045776367,13226200
2014-03-13,37.650001525878906,15361200
2014-03-14,37.599998474121094,14308300
2014-03-17,38.220001220703125,14981300
2014-03-18,38.84000015258789,29707200
2014-03-19,38.54999923706055,45154900
2014-03-20,38.369998931884766,18960200
2014-03-21,37.5,33897900
2014-03-24,38.18000030517578,22539000
2014-03-25,38.400001525878906,19750600
2014-03-26,39.08000183105469,31357500
2014-03-27,39.2400016784668,26283600
2014-03-28,39.56999969482422,18405100
2014-03-31,40.90999984741211,48340300
2014-04-01,41.4900016784668,35431800
2014-04-02,41.130001068115234,22754900
2014-04-03,40.369998931884766,22497000
2014-04-04,39.97999954223633,23836200
2014-04-07,39.470001220703125,27311900
2014-04-08,40.2400016784668,22197600
2014-04-09,40.880001068115234,20314000
2014-04-10,39.790000915527344,26397800
2014-04-11,38.97999954223633,18655800
2014-04-14,39.56999969482422,16022000
2014-04-15,39.72999954223633,14553400
2014-04-16,40.130001068115234,13614800
2014-04-17,40.08000183105469,14644100
2014-04-21,40.2400016784668,8593600
2014-04-22,40.459999084472656,10396100
2014-04-23,39.790000915527344,10048500
2014-04-24,39.75,13966400
2014-04-25,39.45000076293945,11647800
2014-04-28,40.130001068115234,20141200
2014-04-29,40.11000061035156,14996300
2014-04-30,40.880001068115234,16480900
2014-05-01,40.970001220703125,13945500
2014-05-02,40.810001373291016,10710100
2014-05-05,41.209999084472656,13722700
2014-05-06,41.0099983215332,12647500
2014-05-07,41.060001373291016,12570400
2014-05-08,40.869998931884766,10212900
2014-05-09,41.040000915527344,10262400
2014-05-12,41.95000076293945,18751400
2014-05-13,41.88999938964844,10319200
2014-05-14,41.880001068115234,14015200
2014-05-15,41.93000030517578,19267000
2014-05-16,41.689998626708984,15497400
2014-05-19,42.15999984741211,11929700
2014-05-20,41.560001373291016,10580200
2014-05-21,41.68000030517578,11151700
2014-05-22,41.52000045776367,12276200
2014-05-23,42.150001525878906,12044200
2014-05-27,41.90999984741211,12680200
2014-05-28,41.56999969482422,11308800
2014-05-29,42.20000076293945,9629500
2014-05-30,42.02000045776367,13496500
2014-06-02,41.970001220703125,11284900
2014-06-03,41.810001373291016,10968400
2014-06-04,41.70000076293945,8936300
2014-06-05,42.099998474121094,10647800
2014-06-06,42.630001068115234,11447800
2014-06-09,42.70000076293945,10307400
2014-06-10,42.65999984741211,13457200
2014-06-11,42.560001373291016,9622700
2014-06-12,42.0,11060900
2014-06-13,42.13999938964844,10324600
2014-06-16,42.150001525878906,8150200
2014-06-17,42.31999969482422,12792400
2014-06-18,42.810001373291016,10307000
2014-06-19,42.5099983215332,27255800
2014-06-20,40.81999969482422,65103700
2014-06-23,41.099998474121094,16956600
2014-06-24,40.7599983215332,16459200
2014-06-25,40.459999084472656,13889400
2014-06-26,40.150001525878906,16642500
2014-06-27,40.529998779296875,15320500
2014-06-30,40.529998779296875,14098200
2014-07-01,40.77000045776367,13147000
2014-07-02,40.95000076293945,13400200
2014-07-03,41.34000015258789,7863600
2014-07-07,40.88999938964844,11959400
2014-07-08,40.560001373291016,12350600
2014-07-09,40.2599983215332,14711600
2014-07-10,40.31999969482422,9566900
2014-07-11,40.130001068115234,11942300
2014-07-14,40.4900016784668,13586800
2014-07-15,40.540000915527344,11813800
2014-07-16,40.2599983215332,14722600
2014-07-17,39.90999984741211,24447800
2014-07-18,40.0,19123500
2014-07-21,40.0099983215332,15864700
2014-07-22,40.43000030517578,13728100
2014-07-23,40.310001373291016,9191700
2014-07-24,40.470001220703125,10797700
2014-07-25,40.33000183105469,7483800
2014-07-28,40.54999923706055,9658200
2014-07-29,40.630001068115234,9450400
2014-07-30,40.959999084472656,11406300
2014-07-31,40.38999938964844,13689500
2014-08-01,39.61000061035156,15074700
2014-08-04,40.099998474121094,12356200
2014-08-05,39.959999084472656,8806600
2014-08-06,40.15999984741211,8184800
2014-08-07,39.66999816894531,9180500
2014-08-08,39.939998626708984,8862000
2014-08-11,39.91999816894531,10292800
2014-08-12,39.900001525878906,6704300
2014-08-13,40.2400016784668,10629700
2014-08-14,40.220001220703125,9707000
2014-08-15,40.279998779296875,13418800
2014-08-18,40.63999938964844,7633600
2014-08-19,41.40999984741211,14378600
2014-08-20,41.25,9627100
2014-08-21,41.58000183105469,9569200
2014-08-22,41.630001068115234,9260700
2014-08-25,41.7400016784668,8856700
2014-08-26,41.84000015258789,7320800
2014-08-27,41.63999938964844,8440000
2014-08-28,41.27000045776367,8737100
2014-08-29,41.529998779296875,8970900
2014-09-02,41.65999984741211,8538600
2014-09-03,41.900001525878906,10041600
2014-09-04,41.54999923706055,12248100
2014-09-05,41.27000045776367,15155600
2014-09-08,40.63999938964844,19658500
2014-09-09,40.709999084472656,14044100
2014-09-10,40.709999084472656,9134500
2014-09-11,40.68000030517578,12389100
2014-09-12,40.5,11912300
2014-09-15,40.65999984741211,14018100
2014-09-16,41.189998626708984,13220100
2014-09-17,41.13999938964844,14083300
2014-09-18,41.54999923706055,26454500
2014-09-19,39.79999923706055,86679100
2014-09-22,39.58000183105469,24572600
2014-09-23,38.83000183105469,34353300
2014-09-24,39.41999816894531,18937000
2014-09-25,38.7599983215332,13287800
2014-09-26,38.95000076293945,16006400
2014-09-29,38.439998626708984,16586000
2014-09-30,38.279998779296875,21143300
2014-10-01,38.09000015258789,17452400
2014-10-02,38.27000045776367,14808100
2014-10-03,38.88999938964844,15289500
2014-10-06,39.08000183105469,14168000
2014-10-07,38.459999084472656,14309200
2014-10-08,39.02000045776367,16005500
2014-10-09,38.7400016784668,15004900
2014-10-10,38.099998474121094,18234100
2014-10-13,38.22999954223633,20723700
2014-10-14,38.459999084472656,19508500
2014-10-15,38.29999923706055,24561500
2014-10-16,37.560001373291016,21419300
2014-10-17,37.869998931884766,21122700
2014-10-20,37.79999923706055,16654100
2014-10-21,38.349998474121094,15381900
2014-10-22,37.63999938964844,16810200
2014-10-23,38.22999954223633,9659100
2014-10-24,38.72999954223633,8975900
2014-10-27,38.43000030517578,7525300
2014-10-28,38.650001525878906,11631800
2014-10-29,38.58000183105469,10923800
2014-10-30,38.5,9644400
2014-10-31,39.04999923706055,16142800
2014-11-03,38.9900016784668,10318600
2014-11-04,39.130001068115234,12671000
2014-11-05,39.290000915527344,12280300
2014-11-06,39.810001373291016,11603400
2014-11-07,39.939998626708984,13728500
2014-11-10,40.45000076293945,11058100
2014-11-11,40.470001220703125,7061000
2014-11-12,40.13999938964844,10965100
2014-11-13,40.720001220703125,11868700
2014-11-14,40.84000015258789,11476500
2014-11-17,41.15999984741211,11987600
2014-11-18,41.2599983215332,9328200
2014-11-19,40.91999816894531,9202600
2014-11-20,40.91999816894531,9062200
2014-11-21,41.439998626708984,12641400
2014-11-24,41.43000030517578,9542100
2014-11-25,41.150001525878906,12404200
2014-11-26,41.869998931884766,11590000
2014-11-28,42.40999984741211,11890100
2014-12-01,42.08000183105469,10802400
2014-12-02,42.18000030517578,9083200
2014-12-03,42.060001373291016,10326000
2014-12-04,41.88999938964844,9177100
2014-12-05,41.93000030517578,8925300
2014-12-08,41.369998931884766,12766500
2014-12-09,41.869998931884766,13897500
2014-12-10,40.91999816894531,12547600
2014-12-11,40.7599983215332,12395800
2014-12-12,39.95000076293945,14108200
2014-12-15,41.11000061035156,22343100
2014-12-16,40.630001068115234,16424500
2014-12-17,41.15999984741211,18151000
2014-12-18,45.349998474121094,54495600
2014-12-19,46.0,41782200
2014-12-22,45.650001525878906,21264400
2014-12-23,46.0099983215332,14042400
2014-12-24,46.22999954223633,10238200
2014-12-26,46.099998474121094,6901500
2014-12-29,45.61000061035156,9701400
2014-12-30,45.34000015258789,9968400
2014-12-31,44.970001220703125,13269200
2015-01-02,44.33000183105469,15070200
2015-01-05,43.59000015258789,18369400
2015-01-06,43.13999938964844,19229500
2015-01-07,43.150001525878906,13502200
2015-01-08,43.40999984741211,17516900
2015-01-09,43.38999938964844,15957500
2015-01-12,43.27000045776367,16055700
2015-01-13,42.93000030517578,12878200
2015-01-14,43.060001373291016,12707400
2015-01-15,42.630001068115234,13431000
2015-01-16,43.5099983215332,17786700
2015-01-20,43.900001525878906,16308400
2015-01-21,43.4900016784668,15876600
2015-01-22,44.04999923706055,17969100
2015-01-23,44.189998626708984,14150300
2015-01-26,43.900001525878906,12059500
2015-01-27,43.400001525878906,14984100
2015-01-28,42.689998626708984,15132500
2015-01-29,42.86000061035156,12805100
2015-01-30,41.88999938964844,22590000
2015-02-02,42.68000030517578,16889500
2015-02-03,43.040000915527344,12657100
2015-02-04,42.41999816894531,12912000
2015-02-05,43.15999984741211,9630300
2015-02-06,42.97999954223633,9522100
2015-02-09,43.400001525878906,12705700
2015-02-10,43.9900016784668,12714800
2015-02-11,43.36000061035156,12836900
2015-02-12,43.88999938964844,12519700
2015-02-13,43.93000030517578,10155700
2015-02-17,43.84000015258789,10118600
2015-02-18,44.099998474121094,8661100
2015-02-19,44.11000061035156,8465700
2015-02-20,43.77000045776367,14731200
2015-02-23,43.779998779296875,10995500
2015-02-24,43.880001068115234,10522500
2015-02-25,43.72999954223633,11785400
2015-02-26,43.88999938964844,8519300
2015-02-27,43.81999969482422,9549500
2015-03-02,44.029998779296875,11091000
2015-03-03,43.380001068115234,10058700
2015-03-04,43.61000061035156,14697600
2015-03-05,43.79999923706055,10983500
2015-03-06,42.380001068115234,15086600
2015-03-09,42.689998626708984,11474200
2015-03-10,41.81999969482422,13960700
2015-03-11,41.470001220703125,11108800
2015-03-12,41.619998931884766,13716700
2015-03-13,42.380001068115234,18405400
2015-03-16,43.40999984741211,17423200
2015-03-17,42.869998931884766,21509000
2015-03-18,44.130001068115234,37900300
2015-03-19,44.15999984741211,15729600
2015-03-20,44.40999984741211,20724700
2015-03-23,44.25,10749200
2015-03-24,43.709999084472656,14913400
2015-03-25,42.93000030517578,17491000
2015-03-26,42.9900016784668,14065600
2015-03-27,42.63999938964844,18030800
2015-03-30,43.439998626708984,12730100
2015-03-31,43.150001525878906,13264200
2015-04-01,42.939998626708984,12050900
2015-04-02,42.619998931884766,11183900
2015-04-06,42.959999084472656,9766500
2015-04-07,42.959999084472656,8075400
2015-04-08,43.11000061035156,6947100
2015-04-09,43.20000076293945,9399500
2015-04-10,43.5099983215332,12542800
2015-04-13,43.08000183105469,10943400
2015-04-14,42.72999954223633,10510500
2015-04-15,43.9900016784668,18188700
2015-04-16,43.459999084472656,11960800
2015-04-17,43.0,12473500
2015-04-20,43.31999969482422,10426300
2015-04-21,43.41999816894531,9312900
2015-04-22,43.54999923706055,7343900
2015-04-23,43.38999938964844,11311000
2015-04-24,43.08000183105469,17767100
2015-04-27,43.61000061035156,12916000
2015-04-28,44.5,18287700
2015-04-29,44.72999954223633,36608700
2015-04-30,43.619998931884766,20196300
2015-05-01,44.369998931884766,11942000
2015-05-04,44.59000015258789,9168200
2015-05-05,43.91999816894531,11410200
2015-05-06,43.2599983215332,12732100
2015-05-07,43.47999954223633,8787100
2015-05-08,44.0099983215332,9582900
2015-05-11,43.84000015258789,7429400
2015-05-12,43.56999969482422,8515100
2015-05-13,43.790000915527344,7451200
2015-05-14,44.380001068115234,7293000
2015-05-15,44.150001525878906,9369500
2015-05-18,44.2400016784668,6070900
2015-05-19,44.31999969482422,8640000
2015-05-20,44.290000915527344,9055700
2015-05-21,44.279998779296875,8036400
2015-05-22,43.93000030517578,7484300
2015-05-26,43.33000183105469,10440400
2015-05-27,44.13999938964844,11096800
2015-05-28,43.86000061035156,7273200
2015-05-29,43.4900016784668,10358700
2015-06-01,43.790000915527344,9764300
2015-06-02,43.70000076293945,8275900
2015-06-03,43.970001220703125,9220900
2015-06-04,43.77000045776367,13783100
2015-06-05,43.810001373291016,12850700
2015-06-08,43.099998474121094,9112200
2015-06-09,43.06999969482422,7634200
2015-06-10,43.939998626708984,15518400
2015-06-11,44.279998779296875,12519300
2015-06-12,44.34000015258789,11742300
2015-06-15,43.720001220703125,16727800
2015-06-16,44.63999938964844,18271600
2015-06-17,44.90999984741211,27080800
2015-06-18,42.7400016784668,79138400
2015-06-19,41.59000015258789,37430200
2015-06-22,41.4900016784668,22368300
2015-06-23,41.709999084472656,17394300
2015-06-24,41.20000076293945,17768200
2015-06-25,41.060001373291016,13587200
2015-06-26,40.9900016784668,39687300
2015-06-29,40.41999816894531,18195500
2015-06-30,40.29999923706055,16691500
2015-07-01,40.2400016784668,13948600
2015-07-02,40.36000061035156,11644100
2015-07-06,40.150001525878906,12434100
2015-07-07,40.15999984741211,16437100
2015-07-08,39.77000045776367,14598700
2015-07-09,40.18000030517578,13348300
2015-07-10,40.36000061035156,10470900
2015-07-13,40.79999923706055,10717000
2015-07-14,40.779998779296875,9298800
2015-07-15,40.790000915527344,9326700
2015-07-16,40.959999084472656,14861000
2015-07-17,40.400001525878906,14574400
2015-07-20,39.93000030517578,17488100
2015-07-21,39.56999969482422,14679100
2015-07-22,39.41999816894531,16797000
2015-07-23,39.0,18083800
2015-07-24,39.0,12030300
2015-07-27,38.5099983215332,15756800
2015-07-28,39.279998779296875,14289200
2015-07-29,39.790000915527344,13016400
2015-07-30,39.650001525878906,13634200
2015-07-31,39.939998626708984,13706100
2015-08-03,39.709999084472656,12444500
2015-08-04,39.65999984741211,9697300
2015-08-05,39.63999938964844,11982000
2015-08-06,39.31999969482422,10613000
2015-08-07,39.560001373291016,10655100
2015-08-10,39.88999938964844,9525800
2015-08-11,39.16999816894531,10600500
2015-08-12,39.279998779296875,11062300
2015-08-13,39.310001373291016,7785700
2015-08-14,39.40999984741211,7185000
2015-08-17,39.720001220703125,7631200
2015-08-18,39.83000183105469,9950600
2015-08-19,39.529998779296875,11112900
2015-08-20,38.630001068115234,13071200
2015-08-21,37.54999923706055,19411300
2015-08-24,36.08000183105469,32522300
2015-08-25,35.45000076293945,21393600
2015-08-26,36.90999984741211,20554300
2015-08-27,36.81999969482422,28218200
2015-08-28,37.459999084472656,21559100
2015-08-31,37.09000015258789,15352800
2015-09-01,36.0099983215332,19948700
2015-09-02,36.75,15049300
2015-09-03,36.900001525878906,11787800
2015-09-04,36.27000045776367,13147900
2015-09-08,37.68000030517578,18949600
2015-09-09,37.09000015258789,14710200
2015-09-10,37.61000061035156,16930600
2015-09-11,37.91999816894531,12948600
2015-09-14,37.560001373291016,15021500
2015-09-15,37.9900016784668,14877900
2015-09-16,38.27000045776367,19574000
2015-09-17,36.7400016784668,37299000
2015-09-18,36.380001068115234,34919800
2015-09-21,36.83000183105469,14964400
2015-09-22,36.189998626708984,19979700
2015-09-23,35.9900016784668,16991600
2015-09-24,36.060001373291016,18059500
2015-09-25,36.04999923706055,19387000
2015-09-28,35.439998626708984,21742700
2015-09-29,35.5099983215332,19785900
2015-09-30,36.119998931884766,16215000
2015-10-01,36.2400016784668,18331300
2015-10-02,36.88999938964844,18772800
2015-10-05,37.59000015258789,12741700
2015-10-06,37.72999954223633,12427300
2015-10-07,37.65999984741211,16335700
2015-10-08,37.88999938964844,13247600
2015-10-09,38.099998474121094,14656400
2015-10-12,38.040000915527344,11022500
2015-10-13,37.81999969482422,11575600
2015-10-14,37.2599983215332,14069700
2015-10-15,37.54999923706055,12205500
2015-10-16,37.369998931884766,19694700
2015-10-19,36.869998931884766,18100500
2015-10-20,36.86000061035156,13678100
2015-10-21,36.619998931884766,11062600
2015-10-22,37.790000915527344,14701400
2015-10-23,38.06999969482422,16469100
2015-10-26,38.369998931884766,12330600
2015-10-27,38.34000015258789,14110500
2015-10-28,38.880001068115234,14020000
2015-10-29,38.86000061035156,11432900
2015-10-30,38.84000015258789,16471500
2015-11-02,39.75,19789700
2015-11-03,40.20000076293945,17153100
2015-11-04,40.47999954223633,16863300
2015-11-05,40.349998474121094,16358800
2015-11-06,40.619998931884766,16481800
2015-11-09,40.099998474121094,14604900
2015-11-10,39.91999816894531,11294000
2015-11-11,39.040000915527344,18861500
2015-11-12,38.630001068115234,14591600
2015-11-13,37.29999923706055,23987600
2015-11-16,38.119998931884766,16741000
2015-11-17,38.130001068115234,14820000
2015-11-18,38.70000076293945,11958900
2015-11-19,39.02000045776367,12306100
2015-11-20,39.34000015258789,12023200
2015-11-23,39.13999938964844,9111900
2015-11-24,39.459999084472656,13766300
2015-11-25,39.2599983215332,8014700
2015-11-27,39.18000030517578,6869900
2015-11-30,38.970001220703125,18969800
2015-12-01,39.22999954223633,12718200
2015-12-02,38.70000076293945,13694200
2015-12-03,37.810001373291016,20322500
2015-12-04,39.15999984741211,18206600
2015-12-07,38.81999969482422,13798500
2015-12-08,38.72999954223633,15219700
2015-12-09,38.58000183105469,17516100
2015-12-10,38.189998626708984,18358300
2015-12-11,37.209999084472656,20346800
2015-12-14,37.650001525878906,20142700
2015-12-15,38.209999084472656,19262900
2015-12-16,38.90999984741211,23478000
2015-12-17,36.93000030517578,42879900
2015-12-18,36.349998474121094,28726800
2015-12-21,36.41999816894531,15042300
2015-12-22,36.59000015258789,13924800
2015-12-23,36.93000030517578,12832300
2015-12-24,37.0099983215332,4953900
2015-12-28,36.790000915527344,10921900
2015-12-29,37.040000915527344,10708600
2015-12-30,36.91999816894531,9585600
2015-12-31,36.529998779296875,10332400
2016-01-04,35.75,18784400
2016-01-05,35.63999938964844,25340700
2016-01-06,35.81999969482422,18165700
2016-01-07,35.040000915527344,22591400
2016-01-08,34.650001525878906,21962200
2016-01-11,34.939998626708984,18726600
2016-01-12,35.369998931884766,18457300
2016-01-13,34.08000183105469,28322900
2016-01-14,34.790000915527344,19523600
2016-01-15,34.119998931884766,25425000
2016-01-19,34.54999923706055,21423100
2016-01-20,33.939998626708984,25278700
2016-01-21,34.119998931884766,20380300
2016-01-22,34.79999923706055,15892700
2016-01-25,34.34000015258789,16793600
2016-01-26,35.22999954223633,19728900
2016-01-27,34.90999984741211,20567600
2016-01-28,35.33000183105469,15472800
2016-01-29,36.310001373291016,19059300
2016-02-01,36.31999969482422,14144000
2016-02-02,35.349998474121094,17404500
2016-02-03,35.689998626708984,13855300
2016-02-04,36.45000076293945,16925900
2016-02-05,35.70000076293945,17312200
2016-02-08,35.61000061035156,20118800
2016-02-09,35.08000183105469,17819800
2016-02-10,35.20000076293945,13368700
2016-02-11,34.84000015258789,18889700
2016-02-12,35.540000915527344,15837900
2016-02-16,35.70000076293945,19676300
2016-02-17,36.630001068115234,13186500
2016-02-18,36.630001068115234,12866600
2016-02-19,36.779998779296875,13203400
2016-02-22,37.11000061035156,10109900
2016-02-23,36.54999923706055,9417100
2016-02-24,36.630001068115234,10978200
2016-02-25,37.290000915527344,11566000
2016-02-26,36.959999084472656,16551100
2016-02-29,36.779998779296875,22300200
2016-03-01,37.9900016784668,13030800
2016-03-02,37.7599983215332,12791200
2016-03-03,37.88999938964844,8832200
2016-03-04,37.88999938964844,10638400
2016-03-07,38.36000061035156,13011000
2016-03-08,38.150001525878906,12384400
2016-03-09,38.47999954223633,16786500
2016-03-10,38.04999923706055,17620600
2016-03-11,38.95000076293945,13143300
2016-03-14,38.70000076293945,14704500
2016-03-15,38.7400016784668,17502900
2016-03-16,40.220001220703125,49082300
2016-03-17,40.61000061035156,22163500
2016-03-18,41.47999954223633,34354000
2016-03-21,41.61000061035156,17275100
2016-03-22,41.380001068115234,11970500
2016-03-23,40.75,13666800
2016-03-24,40.970001220703125,11956200
2016-03-28,40.619998931884766,14647000
2016-03-29,40.70000076293945,15159200
2016-03-30,40.970001220703125,9803600
2016-03-31,40.90999984741211,10196500
2016-04-01,41.15999984741211,9574100
2016-04-04,41.06999969482422,10243500
2016-04-05,40.529998779296875,9111300
2016-04-06,40.75,12516200
2016-04-07,39.970001220703125,12838600
2016-04-08,40.36000061035156,8011000
2016-04-11,40.38999938964844,10399600
2016-04-12,40.41999816894531,9245000
2016-04-13,41.310001373291016,12752300
2016-04-14,41.2400016784668,9150500
2016-04-15,41.02000045776367,10340300
2016-04-18,41.2400016784668,8849300
2016-04-19,41.060001373291016,9884400
2016-04-20,41.099998474121094,8481200
2016-04-21,40.9900016784668,11954100
2016-04-22,40.70000076293945,15003300
2016-04-25,40.779998779296875,10876200
2016-04-26,40.650001525878906,8365800
2016-04-27,40.849998474121094,8742100
2016-04-28,40.33000183105469,9233800
2016-04-29,39.86000061035156,12883300
2016-05-02,40.29999923706055,10454200
2016-05-03,39.68000030517578,11439600
2016-05-04,39.290000915527344,9046200
2016-05-05,39.22999954223633,8962700
2016-05-06,39.40999984741211,7587400
2016-05-09,39.36000061035156,7949400
2016-05-10,40.02000045776367,9290200
2016-05-11,39.650001525878906,7180100
2016-05-12,39.81999969482422,10006700
2016-05-13,39.61000061035156,9392600
2016-05-16,39.970001220703125,7797100
2016-05-17,39.599998474121094,9483700
2016-05-18,39.470001220703125,10379700
2016-05-19,38.84000015258789,15124400
2016-05-20,39.40999984741211,16153200
2016-05-23,39.18000030517578,8904800
2016-05-24,39.900001525878906,11329800
2016-05-25,40.130001068115234,7972200
2016-05-26,39.95000076293945,7574000
2016-05-27,40.06999969482422,8240600
2016-05-31,40.20000076293945,12567400
2016-06-01,40.2599983215332,9268800
2016-06-02,38.65999984741211,51063400
2016-06-03,39.099998474121094,20740000
2016-06-06,39.439998626708984,16116900
2016-06-07,39.130001068115234,20009500
2016-06-08,39.279998779296875,11671000
2016-06-09,39.04999923706055,12316100
2016-06-10,38.7400016784668,10441700
2016-06-13,38.619998931884766,13036300
2016-06-14,38.83000183105469,12092200
2016-06-15,38.439998626708984,14476100
2016-06-16,38.63999938964844,17916500
2016-06-17,39.68000030517578,34512400
2016-06-20,39.72999954223633,17149200
2016-06-21,39.9900016784668,20111100
2016-06-22,40.0099983215332,12643400
2016-06-23,40.83000183105469,15430000
2016-06-24,39.22999954223633,44204500
2016-06-27,38.47999954223633,22506100
2016-06-28,39.130001068115234,14750900
2016-06-29,40.54999923706055,23009700
2016-06-30,40.93000030517578,20100900
2016-07-01,40.86000061035156,11381600
2016-07-05,40.400001525878906,12501400
2016-07-06,40.529998779296875,12124300
2016-07-07,40.529998779296875,11676700
2016-07-08,40.869998931884766,14235600
2016-07-11,40.779998779296875,12912000
2016-07-12,41.41999816894531,13321000
2016-07-13,41.459999084472656,9612700
2016-07-14,41.66999816894531,9259800
2016-07-15,41.77000045776367,11666300
2016-07-18,41.63999938964844,8738900
2016-07-19,41.08000183105469,12723000
2016-07-20,41.25,11409700
2016-07-21,41.06999969482422,11424700
2016-07-22,41.08000183105469,10426300
2016-07-25,41.15999984741211,8974400
2016-07-26,40.939998626708984,11031900
2016-07-27,40.93000030517578,9566900
2016-07-28,41.189998626708984,17048600
2016-07-29,41.040000915527344,13230800
2016-08-01,41.150001525878906,12435400
2016-08-02,40.709999084472656,10268200
2016-08-03,40.709999084472656,12350500
2016-08-04,40.900001525878906,9142100
2016-08-05,41.130001068115234,9615300
2016-08-08,41.15999984741211,11427800
2016-08-09,41.099998474121094,9533700
2016-08-10,41.09000015258789,11077400
2016-08-11,41.279998779296875,9473700
2016-08-12,41.09000015258789,6301200
2016-08-15,41.38999938964844,12774900
2016-08-16,41.31999969482422,8109100
2016-08-17,41.209999084472656,9876400
2016-08-18,41.13999938964844,8544600
2016-08-19,41.31999969482422,9109900
2016-08-22,41.220001220703125,9834700
2016-08-23,41.5,10631800
2016-08-24,41.06999969482422,9830300
2016-08-25,41.099998474121094,7567200
2016-08-26,41.2599983215332,9228200
2016-08-29,41.310001373291016,9168500
2016-08-30,41.310001373291016,6840300
2016-08-31,41.220001220703125,9694700
2016-09-01,41.15999984741211,10652500
2016-09-02,41.25,9020200
2016-09-06,41.25,8308300
2016-09-07,41.25,10415300
2016-09-08,40.720001220703125,16732100
2016-09-09,40.029998779296875,14477500
2016-09-12,40.68000030517578,14927200
2016-09-13,40.18000030517578,13395200
2016-09-14,40.25,11626900
2016-09-15,40.86000061035156,18403700
2016-09-16,38.91999816894531,50703500
2016-09-19,39.22999954223633,19801900
2016-09-20,39.06999969482422,12121300
2016-09-21,39.5099983215332,10994000
2016-09-22,39.5099983215332,9679300
2016-09-23,39.22999954223633,14017300
2016-09-26,39.029998779296875,9840900
2016-09-27,39.29999923706055,10644600
2016-09-28,39.439998626708984,8103500
2016-09-29,39.119998931884766,8795200
2016-09-30,39.279998779296875,12861900
2016-10-03,38.9900016784668,10403500
2016-10-04,38.869998931884766,9199300
2016-10-05,39.150001525878906,8269200
2016-10-06,38.869998931884766,9789100
2016-10-07,38.709999084472656,11442000
2016-10-10,38.619998931884766,9475400
2016-10-11,38.0099983215332,14964000
2016-10-12,38.04999923706055,8944900
2016-10-13,38.029998779296875,14117600
2016-10-14,38.40999984741211,11601200
2016-10-17,38.290000915527344,9419000
2016-10-18,38.41999816894531,7121900
2016-10-19,38.349998474121094,8310900
2016-10-20,38.09000015258789,11197000
2016-10-21,37.93000030517578,13413400
2016-10-24,38.27000045776367,13550500
2016-10-25,38.36000061035156,11627100
2016-10-26,38.310001373291016,9723100
2016-10-27,38.220001220703125,7588900
2016-10-28,38.16999816894531,7803300
2016-10-31,38.41999816894531,10485300
2016-11-01,38.459999084472656,12018200
2016-11-02,38.029998779296875,9488400
2016-11-03,38.310001373291016,12393100
2016-11-04,38.279998779296875,14288900
2016-11-07,39.09000015258789,9506900
2016-11-08,39.130001068115234,7574700
2016-11-09,39.54999923706055,19497300
2016-11-10,39.58000183105469,26707200
2016-11-11,39.45000076293945,12217700
2016-11-14,39.29999923706055,15417100
2016-11-15,39.16999816894531,13594300
2016-11-16,39.70000076293945,12597000
2016-11-17,40.25,13316600
2016-11-18,39.86000061035156,12890600
2016-11-21,39.88999938964844,8073100
2016-11-22,40.09000015258789,10993100
2016-11-23,40.099998474121094,11070100
2016-11-25,40.27000045776367,4013100
2016-11-28,40.29999923706055,12118300
2016-11-29,40.54999923706055,10157400
2016-11-30,40.189998626708984,14374600
2016-12-01,38.70000076293945,22740200
2016-12-02,38.5,19120300
2016-12-05,38.970001220703125,13681500
2016-12-06,39.470001220703125,13524700
2016-12-07,40.31999969482422,15170600
2016-12-08,40.349998474121094,10109700
2016-12-09,40.52000045776367,11219100
2016-12-12,40.5099983215332,10891400
2016-12-13,40.7599983215332,12493100
2016-12-14,40.880001068115234,25102400
2016-12-15,40.86000061035156,17783500
2016-12-16,39.099998474121094,46224200
2016-12-19,38.900001525878906,15135100
2016-12-20,39.0,14006400
2016-12-21,38.83000183105469,11966400
2016-12-22,38.959999084472656,11226300
2016-12-23,38.779998779296875,8143600
2016-12-27,38.81999969482422,5073700
2016-12-28,38.68000030517578,8264100
2016-12-29,38.689998626708984,5711800
2016-12-30,38.45000076293945,10820200
2017-01-03,38.54999923706055,11051300
2017-01-04,38.7400016784668,9545500
2017-01-05,38.63999938964844,12064700
2017-01-06,38.45000076293945,14829700
2017-01-09,39.029998779296875,15587900
2017-01-10,38.65999984741211,11316600
2017-01-11,39.11000061035156,10403100
2017-01-12,39.20000076293945,11526900
2017-01-13,39.2599983215332,9455300
2017-01-17,39.099998474121094,11081400
2017-01-18,39.189998626708984,10394000
2017-01-19,39.209999084472656,12232400
2017-01-20,39.869998931884766,25439100
2017-01-23,39.68000030517578,13251200
2017-01-24,40.099998474121094,12216500
2017-01-25,40.150001525878906,13164800
2017-01-26,40.130001068115234,10556500
2017-01-27,40.22999954223633,9232700
2017-01-30,40.22999954223633,10589600
2017-01-31,40.11000061035156,10766700
2017-02-01,39.84000015258789,11837000
2017-02-02,39.97999954223633,10120300
2017-02-03,40.43000030517578,12941200
2017-02-06,40.099998474121094,7871300
2017-02-07,40.06999969482422,8848700
2017-02-08,40.02000045776367,8883300
2017-02-09,40.22999954223633,10977100
2017-02-10,40.790000915527344,13168700
2017-02-13,41.09000015258789,12779800
2017-02-14,41.099998474121094,9623000
2017-02-15,41.40999984741211,9243600
2017-02-16,41.59000015258789,10132700
2017-02-17,42.060001373291016,18545300
2017-02-21,42.27000045776367,12394700
2017-02-22,42.5099983215332,11602800
2017-02-23,42.959999084472656,15484000
2017-02-24,43.16999816894531,11426700
2017-02-27,42.70000076293945,13876500
2017-02-28,42.59000015258789,14450300
2017-03-01,42.91999816894531,11402200
2017-03-02,42.88999938964844,9431600
2017-03-03,42.689998626708984,8917100
2017-03-06,42.56999969482422,9196000
2017-03-07,42.599998474121094,9492900
2017-03-08,42.61000061035156,9217100
2017-03-09,42.439998626708984,10308400
2017-03-10,42.68000030517578,12244500
2017-03-13,42.58000183105469,12440800
2017-03-14,42.790000915527344,10291000
2017-03-15,43.04999923706055,18393200
2017-03-16,45.72999954223633,67535400
2017-03-17,45.65999984741211,31688700
2017-03-20,45.22999954223633,21452600
2017-03-21,44.84000015258789,21974500
2017-03-22,44.790000915527344,14339700
2017-03-23,44.95000076293945,16190500
2017-03-24,44.650001525878906,13110200
2017-03-27,44.84000015258789,8933100
2017-03-28,44.689998626708984,14008800
2017-03-29,44.52000045776367,10636200
2017-03-30,44.68000030517578,7792500
2017-03-31,44.61000061035156,10652800
2017-04-03,44.61000061035156,16044300
2017-04-04,44.59000015258789,9161300
2017-04-05,44.4900016784668,9445100
2017-04-06,44.18000030517578,11557800
2017-04-07,44.290000915527344,13446600
2017-04-10,44.0,11668600
2017-04-11,44.16999816894531,15422400
2017-04-12,44.18000030517578,8457000
2017-04-13,44.0,11838300
2017-04-17,44.290000915527344,10999300
2017-04-18,44.52000045776367,10446700
2017-04-19,44.189998626708984,10712000
2017-04-20,44.529998779296875,10880900
2017-04-21,44.43000030517578,11556000
2017-04-24,44.84000015258789,10848900
2017-04-25,44.720001220703125,12436800
2017-04-26,44.689998626708984,10122400
2017-04-27,44.77000045776367,8221000
2017-04-28,44.959999084472656,12962700
2017-05-01,45.04999923706055,9118300
2017-05-02,45.130001068115234,11649600
2017-05-03,44.88999938964844,10695900
2017-05-04,45.470001220703125,15505200
2017-05-05,45.58000183105469,8443400
2017-05-08,45.560001373291016,7559600
2017-05-09,45.47999954223633,6530600
2017-05-10,45.529998779296875,6906100
2017-05-11,45.15999984741211,8996400
2017-05-12,45.08000183105469,7965100
2017-05-15,45.31999969482422,9694000
2017-05-16,45.290000915527344,7944500
2017-05-17,44.22999954223633,18489200
2017-05-18,44.16999816894531,12777600
2017-05-19,44.310001373291016,11519200
2017-05-22,44.630001068115234,9805800
2017-05-23,44.560001373291016,6873700
2017-05-24,44.83000183105469,7653600
2017-05-25,45.20000076293945,7597600
2017-05-26,45.2599983215332,6899700
2017-05-30,45.41999816894531,10769800
2017-05-31,45.38999938964844,14757600
2017-06-01,45.790000915527344,8138900
2017-06-02,45.65999984741211,11794600
2017-06-05,45.91999816894531,8617300
2017-06-06,45.61000061035156,7449500
2017-06-07,45.400001525878906,7688700
2017-06-08,45.41999816894531,12889500
2017-06-09,45.029998779296875,12188400
2017-06-12,44.849998474121094,16189900
2017-06-13,44.97999954223633,10705800
2017-06-14,44.810001373291016,12024600
2017-06-15,44.68000030517578,10394600
2017-06-16,45.09000015258789,15930900
2017-06-19,45.72999954223633,12787700
2017-06-20,45.84000015258789,15299600
2017-06-21,46.33000183105469,30757300
2017-06-22,50.29999923706055,63193900
2017-06-23,50.95000076293945,42812500
2017-06-26,50.86000061035156,29453400
2017-06-27,50.75,17876400
2017-06-28,50.869998931884766,15981600
2017-06-29,50.20000076293945,13929100
2017-06-30,50.13999938964844,13146400
2017-07-03,49.36000061035156,10883200
2017-07-05,49.459999084472656,15775300
2017-07-06,48.849998474121094,14411900
2017-07-07,49.349998474121094,10889400
2017-07-10,49.619998931884766,10098500
2017-07-11,49.880001068115234,9751100
2017-07-12,50.45000076293945,14461400
2017-07-13,50.349998474121094,11959900
2017-07-14,50.560001373291016,9875900
2017-07-17,50.439998626708984,8093600
2017-07-18,50.45000076293945,14104800
2017-07-19,51.0,13312800
2017-07-20,51.130001068115234,8772500
2017-07-21,50.79999923706055,8791900
2017-07-24,50.7599983215332,7639100
2017-07-25,51.16999816894531,10536200
2017-07-26,51.16999816894531,5724500
2017-07-27,50.45000076293945,16508800
2017-07-28,50.29999923706055,8996400
2017-07-31,49.93000030517578,10066600
2017-08-01,50.15999984741211,6066200
2017-08-02,49.77000045776367,8720700
2017-08-03,50.22999954223633,9490100
2017-08-04,49.959999084472656,7025300
2017-08-07,49.63999938964844,8280300
2017-08-08,49.099998474121094,14684300
2017-08-09,49.060001373291016,15872400
2017-08-10,48.099998474121094,13391100
2017-08-11,48.2400016784668,11704600
2017-08-14,48.849998474121094,9229100
2017-08-15,48.83000183105469,10663500
2017-08-16,49.25,9881200
2017-08-17,48.54999923706055,9661600
2017-08-18,48.619998931884766,10248400
2017-08-21,48.900001525878906,7293400
2017-08-22,49.2599983215332,9233000
2017-08-23,49.06999969482422,6895400
2017-08-24,49.189998626708984,7365500
2017-08-25,49.2400016784668,7853300
2017-08-28,49.2400016784668,6211300
2017-08-29,49.45000076293945,7245900
2017-08-30,49.79999923706055,6957400
2017-08-31,50.33000183105469,12958100
2017-09-01,50.619998931884766,8716800
2017-09-05,50.93000030517578,15610700
2017-09-06,51.0099983215332,15615600
2017-09-07,51.72999954223633,11516800
2017-09-08,51.58000183105469,10356500
2017-09-11,52.4900016784668,16526300
2017-09-12,52.77000045776367,13352400
2017-09-13,52.79999923706055,14463000
2017-09-14,52.790000915527344,21901600
2017-09-15,48.7400016784668,66367900
2017-09-18,48.33000183105469,29434700
2017-09-19,48.040000915527344,23070700
2017-09-20,47.970001220703125,21257300
2017-09-21,47.970001220703125,15656300
2017-09-22,48.15999984741211,15341900
2017-09-25,47.970001220703125,15663600
2017-09-26,47.91999816894531,18679900
2017-09-27,48.15999984741211,14499200
2017-09-28,48.08000183105469,12997700
2017-09-29,48.349998474121094,44896600
2017-10-02,48.79999923706055,26097300
2017-10-03,48.689998626708984,12710800
2017-10-04,48.900001525878906,15204500
2017-10-05,48.90999984741211,13886100
2017-10-06,48.400001525878906,16340400
2017-10-09,48.36000061035156,10173000
2017-10-10,48.209999084472656,15630500
2017-10-11,48.279998779296875,12588300
2017-10-12,48.22999954223633,11715600
2017-10-13,48.61000061035156,10142300
2017-10-16,48.86000061035156,9378100
2017-10-17,49.189998626708984,14191300
2017-10-18,49.58000183105469,12064100
2017-10-19,49.349998474121094,10048600
2017-10-20,49.25,15501500
2017-10-23,49.310001373291016,14633400
2017-10-24,49.97999954223633,17562400
2017-10-25,49.70000076293945,20635800
2017-10-26,50.150001525878906,16952900
2017-10-27,50.880001068115234,15099500
2017-10-30,50.68000030517578,9049800
2017-10-31,50.900001525878906,14453100
2017-11-01,50.63999938964844,10128000
2017-11-02,50.279998779296875,10389800
2017-11-03,50.18000030517578,15814500
2017-11-06,50.400001525878906,9678000
2017-11-07,50.4900016784668,6796500
2017-11-08,50.540000915527344,7977900
2017-11-09,49.2400016784668,16195400
2017-11-10,49.31999969482422,9944200
2017-11-13,49.400001525878906,6566700
2017-11-14,49.20000076293945,8498900
2017-11-15,48.81999969482422,9425100
2017-11-16,49.20000076293945,11738500
2017-11-17,48.939998626708984,10035100
2017-11-20,49.02000045776367,11525100
2017-11-21,48.630001068115234,18313300
2017-11-22,48.58000183105469,10618900
2017-11-24,49.0099983215332,6008300
2017-11-27,48.880001068115234,13395600
2017-11-28,49.0099983215332,13930600
2017-11-29,48.52000045776367,14377600
2017-11-30,49.060001373291016,24701100
2017-12-01,49.61000061035156,15899500
2017-12-04,48.400001525878906,13473900
2017-12-05,47.9900016784668,17858900
2017-12-06,48.41999816894531,12974500
2017-12-07,48.52000045776367,13482800
2017-12-08,49.599998474121094,14732300
2017-12-11,50.470001220703125,15852800
2017-12-12,50.38999938964844,17464000
2017-12-13,50.04999923706055,17196900
2017-12-14,50.189998626708984,22259300
2017-12-15,48.29999923706055,75176000
2017-12-18,47.709999084472656,25156800
2017-12-19,47.81999969482422,28664300
2017-12-20,47.900001525878906,11432200
2017-12-21,47.279998779296875,18396800
2017-12-22,47.36000061035156,11197300
2017-12-26,47.43000030517578,7650200
2017-12-27,47.380001068115234,8132200
2017-12-28,47.52000045776367,7777600
2017-12-29,47.279998779296875,9750000
2018-01-02,46.630001068115234,25380000
2018-01-03,47.709999084472656,24165000
2018-01-04,48.18000030517578,19815100
2018-01-05,48.470001220703125,14496400
2018-01-08,48.97999954223633,15075000
2018-01-09,49.060001373291016,14153700
2018-01-10,48.79999923706055,13476600
2018-01-11,48.95000076293945,11687800
2018-01-12,49.5099983215332,15978200
2018-01-16,49.59000015258789,17152600
2018-01-17,50.27000045776367,23183100
2018-01-18,50.22999954223633,17119200
2018-01-19,50.58000183105469,14011500
2018-01-22,50.709999084472656,16840000
2018-01-23,51.119998931884766,14141400
2018-01-24,51.45000076293945,17205600
2018-01-25,51.599998474121094,13904300
2018-01-26,52.75,14909200
2018-01-29,51.939998626708984,12234900
2018-01-30,50.959999084472656,16863500
2018-01-31,51.59000015258789,16806800
2018-02-01,51.630001068115234,11674100
2018-02-02,50.130001068115234,17562200
2018-02-05,48.09000015258789,19725800
2018-02-06,49.400001525878906,25921200
2018-02-07,48.869998931884766,15138000
2018-02-08,46.84000015258789,21255400
2018-02-09,47.72999954223633,23191000
2018-02-12,48.150001525878906,16261600
2018-02-13,48.4900016784668,12633100
2018-02-14,49.45000076293945,14271400
2018-02-15,50.63999938964844,14132500
2018-02-16,50.709999084472656,11098800
2018-02-20,49.88999938964844,14144900
2018-02-21,49.43000030517578,13050800
2018-02-22,49.59000015258789,9513200
2018-02-23,50.5,8866800
2018-02-26,51.16999816894531,12956000
2018-02-27,50.72999954223633,14339600
2018-02-28,50.66999816894531,14947900
2018-03-01,49.709999084472656,16539800
2018-03-02,50.31999969482422,17291000
2018-03-05,51.290000915527344,18771500
2018-03-06,51.5,13907100
2018-03-07,51.720001220703125,11727300
2018-03-08,52.130001068115234,15864400
2018-03-09,52.970001220703125,16218600
2018-03-12,52.900001525878906,14108400
2018-03-13,52.58000183105469,12864400
2018-03-14,52.31999969482422,10885500
2018-03-15,52.369998931884766,14155200
2018-03-16,52.27000045776367,21011500
2018-03-19,51.95000076293945,25777400
2018-03-20,47.04999923706055,68601000
2018-03-21,47.02000045776367,34597700
2018-03-22,45.88999938964844,25610100
2018-03-23,44.790000915527344,21398900
2018-03-26,46.47999954223633,20754800
2018-03-27,45.380001068115234,18925300
2018-03-28,44.97999954223633,22156900
2018-03-29,45.75,14256400
2018-04-02,45.0099983215332,15343300
2018-04-03,44.88999938964844,15734600
2018-04-04,45.5099983215332,18505900
2018-04-05,45.959999084472656,12313000
2018-04-06,44.83000183105469,13893600
2018-04-09,44.900001525878906,15200000
2018-04-10,45.81999969482422,14868900
2018-04-11,45.61000061035156,14911400
2018-04-12,45.880001068115234,13970300
2018-04-13,46.08000183105469,12493600
2018-04-16,46.04999923706055,11639000
2018-04-17,46.65999984741211,10762700
2018-04-18,47.08000183105469,11312900
2018-04-19,46.81999969482422,8563200
2018-04-20,46.22999954223633,15675600
2018-04-23,45.79999923706055,14904400
2018-04-24,45.529998779296875,13357000
2018-04-25,45.75,12637500
2018-04-26,45.959999084472656,12175800
2018-04-27,45.529998779296875,14420800
2018-04-30,45.66999816894531,13896600
2018-05-01,45.95000076293945,8838000
2018-05-02,45.5099983215332,10715200
2018-05-03,45.060001373291016,15370200
2018-05-04,45.709999084472656,10571800
2018-05-07,46.06999969482422,9006000
2018-05-08,45.939998626708984,9830600
2018-05-09,46.58000183105469,11822400
2018-05-10,46.93000030517578,10974200
2018-05-11,46.81999969482422,9498100
2018-05-14,46.81999969482422,9689500
2018-05-15,46.810001373291016,11304900
2018-05-16,46.72999954223633,9874200
2018-05-17,46.540000915527344,10162300
2018-05-18,46.31999969482422,13517300
2018-05-21,47.209999084472656,13416300
2018-05-22,46.369998931884766,18505100
2018-05-23,46.900001525878906,9204400
2018-05-24,46.459999084472656,12497700
2018-05-25,47.0,11354300
2018-05-29,46.2599983215332,12427800
2018-05-30,47.04999923706055,11906500
2018-05-31,46.720001220703125,13062400
2018-06-01,47.349998474121094,10863200
2018-06-04,47.31999969482422,12178400
2018-06-05,47.130001068115234,13430900
2018-06-06,47.75,13299100
2018-06-07,47.68000030517578,13714100
2018-06-08,48.18000030517578,14515400
2018-06-11,48.189998626708984,12521100
2018-06-12,48.45000076293945,14713600
2018-06-13,48.27000045776367,18053300
2018-06-14,45.900001525878906,37001300
2018-06-15,46.279998779296875,28120400
2018-06-18,46.52000045776367,21474100
2018-06-19,46.27000045776367,22764900
2018-06-20,42.81999969482422,59129000
2018-06-21,43.099998474121094,32635100
2018-06-22,44.099998474121094,29735100
2018-06-25,44.279998779296875,24640500
2018-06-26,44.40999984741211,20717500
2018-06-27,43.45000076293945,26360100
2018-06-28,43.84000015258789,20918400
2018-06-29,44.060001373291016,22144900
2018-07-02,44.95000076293945,20655500
2018-07-03,44.720001220703125,16783300
2018-07-05,45.40999984741211,21916200
2018-07-06,46.0,20764300
2018-07-09,46.72999954223633,25125700
2018-07-10,46.9900016784668,27422000
2018-07-11,47.63999938964844,22802600
2018-07-12,48.150001525878906,24857900
2018-07-13,48.630001068115234,25771400
2018-07-16,48.459999084472656,22949600
2018-07-17,48.900001525878906,18823100
2018-07-18,48.63999938964844,19234700
2018-07-19,48.439998626708984,16656500
2018-07-20,48.52000045776367,17232900
2018-07-23,48.66999816894531,17990200
2018-07-24,48.66999816894531,19885500
2018-07-25,48.95000076293945,16354900
2018-07-26,48.869998931884766,15229900
2018-07-27,48.630001068115234,14856100
2018-07-30,47.72999954223633,20167300
2018-07-31,47.68000030517578,18808100
2018-08-01,47.349998474121094,22933600
2018-08-02,47.900001525878906,14227400
2018-08-03,48.470001220703125,14295800
2018-08-06,48.66999816894531,13529300
2018-08-07,48.47999954223633,11608000
2018-08-08,48.38999938964844,10849400
2018-08-09,48.540000915527344,14708000
2018-08-10,48.31999969482422,10502200
2018-08-13,48.0099983215332,12152100
2018-08-14,48.22999954223633,11513700
2018-08-15,47.84000015258789,14091000
2018-08-16,48.099998474121094,11874300
2018-08-17,48.36000061035156,11412000
2018-08-20,48.41999816894531,11936700
2018-08-21,48.40999984741211,10187600
2018-08-22,48.79999923706055,11639400
2018-08-23,48.959999084472656,11026700
2018-08-24,49.2599983215332,14011700
2018-08-27,49.33000183105469,12253300
2018-08-28,48.63999938964844,15475700
2018-08-29,48.88999938964844,17307700
2018-08-30,48.380001068115234,15154900
2018-08-31,48.58000183105469,17844100
2018-09-04,48.58000183105469,17289000
2018-09-05,48.040000915527344,16437700
2018-09-06,47.709999084472656,18456100
2018-09-07,47.810001373291016,20513900
2018-09-10,48.86000061035156,20390600
2018-09-11,48.91999816894531,14877200
2018-09-12,49.34000015258789,17058700
2018-09-13,48.959999084472656,22124400
2018-09-14,49.25,20066100
2018-09-17,49.18000030517578,29225000
2018-09-18,49.029998779296875,33451100
2018-09-19,49.43000030517578,20904800
2018-09-20,50.43000030517578,26973500
2018-09-21,51.099998474121094,50751900
2018-09-24,51.2400016784668,23906100
2018-09-25,51.720001220703125,18665800
2018-09-26,51.630001068115234,18131000
2018-09-27,51.689998626708984,17993500
2018-09-28,51.560001373291016,16234200
2018-10-01,51.79999923706055,19217800
2018-10-02,50.22999954223633,22406800
2018-10-03,49.75,21207600
2018-10-04,49.470001220703125,19034000
2018-10-05,49.349998474121094,16900200
2018-10-08,49.36000061035156,16295800
2018-10-09,48.869998931884766,19009800
2018-10-10,47.400001525878906,20885400
2018-10-11,46.779998779296875,26387600
2018-10-12,47.380001068115234,23152800
2018-10-15,47.119998931884766,15693400
2018-10-16,48.22999954223633,13600200
2018-10-17,47.86000061035156,15071100
2018-10-18,47.380001068115234,15084800
2018-10-19,47.59000015258789,17768400
2018-10-22,47.939998626708984,16480200
2018-10-23,47.9900016784668,18921500
2018-10-24,46.7599983215332,20028200
2018-10-25,47.959999084472656,19349300
2018-10-26,47.31999969482422,23088700
2018-10-29,47.02000045776367,19248700
2018-10-30,48.56999969482422,24438200
2018-10-31,48.84000015258789,21082900
2018-11-01,48.59000015258789,17764900
2018-11-02,48.83000183105469,17289300
2018-11-05,49.02000045776367,13125800
2018-11-06,49.25,12362700
2018-11-07,50.2599983215332,14329800
2018-11-08,50.43000030517578,11966600
2018-11-09,50.61000061035156,15316100
2018-11-12,49.220001220703125,14374400
2018-11-13,49.5099983215332,13550600
2018-11-14,48.84000015258789,16094000
2018-11-15,50.630001068115234,24922800
2018-11-16,51.16999816894531,20929600
2018-11-19,49.54999923706055,19520500
2018-11-20,48.33000183105469,19389600
2018-11-21,48.619998931884766,13859500
2018-11-23,48.70000076293945,7807300
2018-11-26,48.2599983215332,21603800
2018-11-27,47.439998626708984,28054600
2018-11-28,48.189998626708984,29352900
2018-11-29,47.900001525878906,17052100
2018-11-30,48.7599983215332,22884500
2018-12-03,49.83000183105469,21966600
2018-12-04,48.75,24643500
2018-12-06,46.68000030517578,39877000
2018-12-07,46.0,23978000
2018-12-10,46.66999816894531,26375500
2018-12-11,46.459999084472656,22680200
2018-12-12,47.31999969482422,21404000
2018-12-13,47.22999954223633,23295400
2018-12-14,46.599998474121094,21434300
2018-12-17,45.72999954223633,30441100
2018-12-18,45.849998474121094,42855600
2018-12-19,46.45000076293945,34397300
2018-12-20,46.2400016784668,35165200
2018-12-21,44.0,58768400
2018-12-24,42.689998626708984,17230400
2018-12-26,44.59000015258789,21428900
2018-12-27,44.970001220703125,19048700
2018-12-28,44.81999969482422,39141200
2018-12-31,45.150001525878906,14932600
2019-01-02,45.220001220703125,14320400
2019-01-03,44.779998779296875,19868700
2019-01-04,46.709999084472656,20984000
2019-01-07,47.45000076293945,17967900
2019-01-08,47.880001068115234,16255700
2019-01-09,47.779998779296875,19100200
2019-01-10,47.81999969482422,16652700
2019-01-11,48.290000915527344,16397400
2019-01-14,48.18000030517578,14869400
2019-01-15,48.380001068115234,12142100
2019-01-16,48.060001373291016,14114000
2019-01-17,48.58000183105469,12711200
2019-01-18,49.27000045776367,15930600
2019-01-22,48.939998626708984,13318700
2019-01-23,49.2400016784668,15551200
2019-01-24,49.20000076293945,11442200
2019-01-25,49.79999923706055,16656600
2019-01-28,49.52000045776367,11799100
2019-01-29,49.61000061035156,10838600
2019-01-30,50.36000061035156,13483800
2019-01-31,50.22999954223633,20403600
2019-02-01,50.810001373291016,14849600
2019-02-04,51.029998779296875,12221200
2019-02-05,51.2400016784668,13345500
2019-02-06,51.2599983215332,9220900
2019-02-07,50.220001220703125,14905000
2019-02-08,51.029998779296875,11535600
2019-02-11,51.22999954223633,9714500
2019-02-12,51.220001220703125,14188500
2019-02-13,51.41999816894531,11342600
2019-02-14,51.47999954223633,11155300
2019-02-15,51.720001220703125,13822200
2019-02-19,52.02000045776367,12357500
2019-02-20,51.77000045776367,13440900
2019-02-21,52.11000061035156,14759500
2019-02-22,52.47999954223633,11689700
2019-02-25,52.560001373291016,14722200
2019-02-26,52.599998474121094,12041300
2019-02-27,52.380001068115234,10674200
2019-02-28,52.130001068115234,31856900
2019-03-01,52.5099983215332,15757700
2019-03-04,52.040000915527344,14850100
2019-03-05,52.36000061035156,16291900
2019-03-06,52.349998474121094,12389300
2019-03-07,52.58000183105469,16624100
2019-03-08,52.77000045776367,15071100
2019-03-11,52.65999984741211,20027700
2019-03-12,52.79999923706055,18048500
2019-03-13,53.060001373291016,19490800
2019-03-14,53.04999923706055,24000300
2019-03-15,52.939998626708984,43340200
2019-03-18,53.459999084472656,21953600
2019-03-19,54.040000915527344,19214000
2019-03-20,52.63999938964844,24111600
2019-03-21,54.040000915527344,16686300
2019-03-22,52.77000045776367,16201500
2019-03-25,52.7400016784668,11755900
2019-03-26,53.279998779296875,11657600
2019-03-27,52.810001373291016,12636000
2019-03-28,53.189998626708984,9103100
2019-03-29,53.709999084472656,11485700
2019-04-01,54.58000183105469,15191700
2019-04-02,54.150001525878906,10812100
2019-04-03,54.060001373291016,12853400
2019-04-04,53.81999969482422,9978800
2019-04-05,53.93000030517578,10016300
2019-04-08,53.720001220703125,10126700
2019-04-09,53.83000183105469,9789000
2019-04-10,53.970001220703125,8477300
2019-04-11,53.790000915527344,8147600
2019-04-12,54.5,9014000
2019-04-15,54.630001068115234,7694900
2019-04-16,54.59000015258789,7265200
2019-04-17,54.47999954223633,7792200
2019-04-18,54.52000045776367,8233000
2019-04-22,54.619998931884766,6088100
2019-04-23,54.939998626708984,10923400
2019-04-24,55.18000030517578,8769800
2019-04-25,55.0099983215332,8226100
2019-04-26,55.40999984741211,7101600
2019-04-29,55.08000183105469,6443000
2019-04-30,55.33000183105469,10562300
2019-05-01,54.880001068115234,7792700
2019-05-02,54.599998474121094,9652200
2019-05-03,54.790000915527344,11066500
2019-05-06,54.849998474121094,9305400
2019-05-07,54.0,11712400
2019-05-08,53.9900016784668,10729800
2019-05-09,54.25,10711800
2019-05-10,54.650001525878906,11200300
2019-05-13,53.43000030517578,10664700
2019-05-14,54.130001068115234,11520800
2019-05-15,54.560001373291016,8573000
2019-05-16,54.63999938964844,10013800
2019-05-17,54.5,9057100
2019-05-20,53.65999984741211,9820200
2019-05-21,54.16999816894531,8482000
2019-05-22,54.20000076293945,8389700
2019-05-23,53.08000183105469,11213900
2019-05-24,52.77000045776367,9090700
2019-05-28,51.75,28230400
2019-05-29,51.689998626708984,12448700
2019-05-30,51.720001220703125,8569500
2019-05-31,50.599998474121094,11847100
2019-06-03,50.2400016784668,17434400
2019-06-04,52.02000045776367,17073200
2019-06-05,52.099998474121094,15855300
2019-06-06,52.59000015258789,10266900
2019-06-07,53.2599983215332,11591800
2019-06-10,54.0099983215332,12984600
2019-06-11,53.939998626708984,11288400
2019-06-12,53.619998931884766,10235400
2019-06-13,53.84000015258789,11289100
2019-06-14,53.279998779296875,12973000
2019-06-17,53.130001068115234,15207900
2019-06-18,52.900001525878906,20999700
2019-06-19,52.68000030517578,35449500
2019-06-20,56.9900016784668,54173900
2019-06-21,56.119998931884766,45169000
2019-06-24,56.7400016784668,19544200
2019-06-25,56.06999969482422,25462100
2019-06-26,56.65999984741211,15045200
2019-06-27,56.77000045776367,12605800
2019-06-28,56.970001220703125,42570500
2019-07-01,58.0099983215332,20413000
2019-07-02,58.459999084472656,17569600
2019-07-03,58.86000061035156,9989100
2019-07-05,59.279998779296875,13838900
2019-07-08,59.529998779296875,16105600
2019-07-09,59.599998474121094,14348600
2019-07-10,60.150001525878906,16059100
2019-07-11,59.9900016784668,11150200
2019-07-12,59.810001373291016,11234300
2019-07-15,59.529998779296875,10721600
2019-07-16,58.61000061035156,9698900
2019-07-17,57.9900016784668,9090900
2019-07-18,58.119998931884766,11882300
2019-07-19,57.540000915527344,11663500
2019-07-22,57.599998474121094,8761700
2019-07-23,57.45000076293945,8141100
2019-07-24,58.11000061035156,10778700
2019-07-25,58.290000915527344,8175900
2019-07-26,58.5,6057200
2019-07-29,58.060001373291016,7439300
2019-07-30,57.4900016784668,6367200
2019-07-31,56.29999923706055,11966700
2019-08-01,55.880001068115234,10215200
2019-08-02,55.84000015258789,12644400
2019-08-05,53.7599983215332,16204600
2019-08-06,53.959999084472656,13149500
2019-08-07,53.34000015258789,16344100
2019-08-08,54.650001525878906,12460700
2019-08-09,53.900001525878906,8471300
2019-08-12,53.25,6580100
2019-08-13,53.970001220703125,11014800
2019-08-14,52.31999969482422,12489200
2019-08-15,52.59000015258789,11257000
2019-08-16,53.59000015258789,9913100
2019-08-19,53.869998931884766,8273100
2019-08-20,52.97999954223633,7577800
2019-08-21,53.2400016784668,6113100
2019-08-22,53.189998626708984,6744900
2019-08-23,51.58000183105469,11374500
2019-08-26,52.130001068115234,8582300
2019-08-27,52.38999938964844,13853100
2019-08-28,51.95000076293945,7499000
2019-08-29,52.15999984741211,6858000
2019-08-30,52.060001373291016,7920000
2019-09-03,51.88999938964844,10128000
2019-09-04,52.970001220703125,10558300
2019-09-05,53.84000015258789,10414500
2019-09-06,53.15999984741211,11636100
2019-09-09,54.540000915527344,17803800
2019-09-10,55.470001220703125,19976400
2019-09-11,56.290000915527344,16749400
2019-09-12,53.88999938964844,28184400
2019-09-13,53.75,14736700
2019-09-16,53.13999938964844,15204200
2019-09-17,52.869998931884766,11111400
2019-09-18,52.560001373291016,8911800
2019-09-19,53.369998931884766,14855000
2019-09-20,53.470001220703125,59517000
2019-09-23,54.02000045776367,13863100
2019-09-24,53.349998474121094,15354800
2019-09-25,53.84000015258789,11607200
2019-09-26,53.959999084472656,13324300
2019-09-27,54.09000015258789,12391100
2019-09-30,55.029998779296875,17445100
2019-10-01,53.79999923706055,16443200
2019-10-02,53.150001525878906,15923700
2019-10-03,53.86000061035156,11268500
2019-10-04,55.13999938964844,13659500
2019-10-07,54.79999923706055,12352100
2019-10-08,54.04999923706055,14771500
2019-10-09,54.529998779296875,12803100
2019-10-10,55.4900016784668,13789000
2019-10-11,56.88999938964844,18675200
2019-10-14,56.459999084472656,11079600
2019-10-15,56.349998474121094,9150100
2019-10-16,55.880001068115234,8912300
2019-10-17,55.060001373291016,9917700
2019-10-18,54.54999923706055,12562900
2019-10-21,55.130001068115234,8256600
2019-10-22,54.11000061035156,7777100
2019-10-23,54.130001068115234,10491000
2019-10-24,54.2599983215332,6449200
2019-10-25,54.16999816894531,6307000
2019-10-28,54.63999938964844,7280200
2019-10-29,54.79999923706055,8333900
2019-10-30,54.849998474121094,6284900
2019-10-31,54.4900016784668,8260600
2019-11-01,55.0,7313600
2019-11-04,55.45000076293945,8757000
2019-11-05,55.66999816894531,10759300
2019-11-06,55.70000076293945,10572100
2019-11-07,55.97999954223633,9677700
2019-11-08,56.4900016784668,5869600
2019-11-11,56.43000030517578,5018000
2019-11-12,56.59000015258789,6184900
2019-11-13,56.209999084472656,6802300
2019-11-14,56.09000015258789,9056100
2019-11-15,56.41999816894531,7216900
2019-11-18,56.189998626708984,6923300
2019-11-19,56.27000045776367,7199500
2019-11-20,56.2400016784668,9117000
2019-11-21,56.22999954223633,8067100
2019-11-22,56.38999938964844,6346900
2019-11-25,56.560001373291016,7977700
2019-11-26,56.5099983215332,12076900
2019-11-27,56.61000061035156,5790000
2019-11-29,56.13999938964844,6479400
2019-12-02,55.43000030517578,14314000
2019-12-03,54.59000015258789,11963700
2019-12-04,54.40999984741211,11436800
2019-12-05,54.68000030517578,10557400
2019-12-06,54.83000183105469,9088600
2019-12-09,55.310001373291016,11996700
2019-12-10,55.81999969482422,10719700
2019-12-11,56.310001373291016,12159600
2019-12-12,56.470001220703125,15413200
2019-12-13,54.5099983215332,21427700
2019-12-16,53.9900016784668,19951000
2019-12-17,52.84000015258789,19778400
2019-12-18,53.38999938964844,14123100
2019-12-19,53.2400016784668,11910100
2019-12-20,53.599998474121094,27423700
2019-12-23,53.709999084472656,10591500
2019-12-24,53.439998626708984,3331700
2019-12-26,53.56999969482422,6702000
2019-12-27,53.459999084472656,7262000
2019-12-30,52.70000076293945,5936100
2019-12-31,52.97999954223633,7094500
2020-01-02,53.95000076293945,13899600
2020-01-03,53.7599983215332,11026700
2020-01-06,54.040000915527344,10982400
2020-01-07,54.15999984741211,12015400
2020-01-08,54.130001068115234,11856700
2020-01-09,54.380001068115234,10671000
2020-01-10,54.45000076293945,9734800
2020-01-13,54.58000183105469,10858900
2020-01-14,54.880001068115234,12627200
2020-01-15,54.7599983215332,9090800
2020-01-16,55.43000030517578,9866000
2020-01-17,55.130001068115234,11166600
2020-01-21,55.220001220703125,8773000
2020-01-22,54.720001220703125,6380500
2020-01-23,54.97999954223633,6583200
2020-01-24,54.06999969482422,6426000
2020-01-27,52.689998626708984,8259100
2020-01-28,53.459999084472656,8620300
2020-01-29,53.20000076293945,6332500
2020-01-30,53.310001373291016,7176200
2020-01-31,52.45000076293945,8884700
2020-02-03,53.09000015258789,8892500
2020-02-04,54.040000915527344,9769800
2020-02-05,54.7400016784668,9612900
2020-02-06,54.709999084472656,8832000
2020-02-07,54.720001220703125,7864800
2020-02-10,54.9900016784668,7198200
2020-02-11,55.150001525878906,8466600
2020-02-12,55.72999954223633,7541100
2020-02-13,55.310001373291016,8480100
2020-02-14,55.470001220703125,7496800
2020-02-18,55.45000076293945,7185700
2020-02-19,55.439998626708984,6819200
2020-02-20,55.5099983215332,6114600
2020-02-21,54.68000030517578,9078600
2020-02-24,52.650001525878906,10992500
2020-02-25,50.959999084472656,12202600
2020-02-26,52.04999923706055,16413100
2020-02-27,50.779998779296875,16161100
2020-02-28,49.459999084472656,24426000
2020-03-02,50.900001525878906,17328500
2020-03-03,48.849998474121094,21830500
2020-03-04,50.540000915527344,14813700
2020-03-05,48.0,15843000
2020-03-06,47.369998931884766,24581400
2020-03-09,46.0099983215332,25949300
2020-03-10,48.58000183105469,27067700
2020-03-11,44.720001220703125,24139200
2020-03-12,39.79999923706055,24123800
2020-03-13,47.93000030517578,28339400
2020-03-16,42.720001220703125,27493700
2020-03-17,46.86000061035156,25588900
2020-03-18,47.27000045776367,29557000
2020-03-19,45.06999969482422,20159100
2020-03-20,45.650001525878906,26340800
2020-03-23,44.189998626708984,23063700
2020-03-24,47.84000015258789,19323700
2020-03-25,45.939998626708984,25625800
2020-03-26,50.47999954223633,22417900
2020-03-27,49.83000183105469,20025300
2020-03-30,50.36000061035156,20611900
2020-03-31,48.33000183105469,15802000
2020-04-01,48.709999084472656,17918200
2020-04-02,49.79999923706055,16434400
2020-04-03,49.400001525878906,13362500
2020-04-06,51.4900016784668,13845800
2020-04-07,50.7599983215332,14063000
2020-04-08,52.130001068115234,15710700
2020-04-09,53.18000030517578,15521200
2020-04-13,52.970001220703125,12694800
2020-04-14,54.0,11674600
2020-04-15,53.15999984741211,10398100
2020-04-16,53.70000076293945,14098300
2020-04-17,54.619998931884766,13608800
2020-04-20,53.90999984741211,10358900
2020-04-21,51.310001373291016,14111700
2020-04-22,52.27000045776367,9668300
2020-04-23,51.970001220703125,10330200
2020-04-24,53.0099983215332,9403500
2020-04-27,53.369998931884766,9123200
2020-04-28,53.20000076293945,8350500
2020-04-29,53.880001068115234,9064100
2020-04-30,52.970001220703125,11808800
2020-05-01,51.790000915527344,8702400
2020-05-04,51.75,7567900
2020-05-05,52.04999923706055,7271800
2020-05-06,51.86000061035156,7050000
2020-05-07,52.599998474121094,7154700
2020-05-08,53.56999969482422,8130800
2020-05-11,53.529998779296875,8138600
2020-05-12,52.27000045776367,8598800
2020-05-13,51.650001525878906,10274300
2020-05-14,52.90999984741211,13794000
2020-05-15,52.91999816894531,39055700
2020-05-18,53.150001525878906,9901900
2020-05-19,52.34000015258789,9805100
2020-05-20,52.900001525878906,9115900
2020-05-21,52.220001220703125,7464000
2020-05-22,52.619998931884766,7211700
2020-05-26,52.779998779296875,11200600
2020-05-27,53.20000076293945,9228100
2020-05-28,53.619998931884766,9465400
2020-05-29,53.77000045776367,14734800
2020-06-01,53.060001373291016,7363200
2020-06-02,53.279998779296875,8756300
2020-06-03,53.4900016784668,9188700
2020-06-04,52.849998474121094,9696000
2020-06-05,53.97999954223633,12210100
2020-06-08,55.099998474121094,11519500
2020-06-09,54.18000030517578,8852500
2020-06-10,54.11000061035156,7436700
2020-06-11,51.310001373291016,12805700
2020-06-12,51.86000061035156,11537200
2020-06-15,53.25,16038100
2020-06-16,54.59000015258789,19380200
2020-06-17,51.52000045776367,28692600
2020-06-18,53.689998626708984,19259500
2020-06-19,54.400001525878906,33051200
2020-06-22,55.119998931884766,16705900
2020-06-23,55.189998626708984,18695000
2020-06-24,54.439998626708984,18287400
2020-06-25,54.529998779296875,16008700
2020-06-26,54.18000030517578,17969400
2020-06-29,54.7599983215332,14366900
2020-06-30,55.27000045776367,18885900
2020-07-01,55.4900016784668,17856800
2020-07-02,55.939998626708984,15478900
2020-07-06,56.599998474121094,15309700
2020-07-07,56.310001373291016,13232100
2020-07-08,56.65999984741211,12582200
2020-07-09,57.529998779296875,15692600
2020-07-10,57.38999938964844,12615800
2020-07-13,57.0099983215332,15965600
2020-07-14,57.20000076293945,15510300
2020-07-15,56.619998931884766,10570800
2020-07-16,55.81999969482422,8779300
2020-07-17,54.900001525878906,14344800
2020-07-20,55.400001525878906,11469300
2020-07-21,55.90999984741211,11875100
2020-07-22,56.0099983215332,13842400
2020-07-23,55.7599983215332,12576000
2020-07-24,55.650001525878906,8939700
2020-07-27,55.34000015258789,10319600
2020-07-28,55.349998474121094,13030100
2020-07-29,55.70000076293945,7242700
2020-07-30,55.25,7633200
2020-07-31,55.45000076293945,9355800
2020-08-03,55.97999954223633,9164900
2020-08-04,56.0,6364300
2020-08-05,55.5,6629000
2020-08-06,55.279998779296875,8169600
2020-08-07,55.22999954223633,8772300
2020-08-10,54.939998626708984,10046900
2020-08-11,54.27000045776367,8075100
2020-08-12,54.16999816894531,9068200
2020-08-13,54.02000045776367,8260300
2020-08-14,54.20000076293945,5454400
2020-08-17,53.9900016784668,9523700
2020-08-18,55.18000030517578,21102600
2020-08-19,56.20000076293945,16751500
2020-08-20,55.2599983215332,10974800
2020-08-21,55.189998626708984,9552000
2020-08-24,56.0099983215332,7892100
2020-08-25,56.09000015258789,7427000
2020-08-26,57.4900016784668,11597600
2020-08-27,57.18000030517578,15834700
2020-08-28,57.880001068115234,8613800
2020-08-31,57.220001220703125,18683500
2020-09-01,57.65999984741211,10169500
2020-09-02,59.029998779296875,14342800
2020-09-03,57.099998474121094,15387400
2020-09-04,55.72999954223633,14697200
2020-09-08,55.31999969482422,16472800
2020-09-09,56.95000076293945,13993200
2020-09-10,57.33000183105469,20500900
2020-09-11,57.0,40220600
2020-09-14,59.459999084472656,50107400
2020-09-15,60.939998626708984,30385600
2020-09-16,60.43000030517578,21223300
2020-09-17,60.18000030517578,22831200
2020-09-18,59.75,49311700
2020-09-21,60.81999969482422,32560400
2020-09-22,60.619998931884766,13306000
2020-09-23,58.959999084472656,15513500
2020-09-24,59.29999923706055,9560500
2020-09-25,59.79999923706055,9371900
2020-09-28,59.58000183105469,9356300
2020-09-29,59.470001220703125,6340600
2020-09-30,59.70000076293945,11001500
2020-10-01,59.68000030517578,7357700
2020-10-02,58.83000183105469,7329800
2020-10-05,59.560001373291016,6899200
2020-10-06,59.5099983215332,9743600
2020-10-07,60.59000015258789,8690900
2020-10-08,60.88999938964844,7202800
2020-10-09,61.150001525878906,7355700
2020-10-12,61.459999084472656,8275000
2020-10-13,60.970001220703125,8896300
2020-10-14,60.959999084472656,6651100
2020-10-15,60.52000045776367,6251600
2020-10-16,60.290000915527344,6070800
2020-10-19,59.619998931884766,8311000
2020-10-20,59.75,9241200
2020-10-21,59.66999816894531,10114900
2020-10-22,59.689998626708984,11900600
2020-10-23,59.900001525878906,9739300
2020-10-26,57.4900016784668,18876900
2020-10-27,57.08000183105469,10806500
2020-10-28,55.59000015258789,13910600
2020-10-29,56.02000045776367,13573700
2020-10-30,56.11000061035156,12602300
2020-11-02,56.45000076293945,11413200
2020-11-03,56.79999923706055,8911200
2020-11-04,56.4900016784668,12054900
2020-11-05,56.65999984741211,9017100
2020-11-06,56.79999923706055,7510400
2020-11-09,56.84000015258789,11486600
2020-11-10,56.66999816894531,9015900
2020-11-11,57.20000076293945,7724400
2020-11-12,56.45000076293945,7324000
2020-11-13,56.90999984741211,5870300
2020-11-16,57.150001525878906,6309200
2020-11-17,57.119998931884766,5569700
2020-11-18,56.25,8998800
2020-11-19,56.45000076293945,9643100
2020-11-20,55.70000076293945,8395800
2020-11-23,56.08000183105469,8235900
2020-11-24,57.56999969482422,10427200
2020-11-25,57.40999984741211,6848900
2020-11-27,57.7599983215332,5627000
2020-11-30,57.720001220703125,26676900
2020-12-01,58.7400016784668,11855300
2020-12-02,59.08000183105469,9330400
2020-12-03,59.27000045776367,9783900
2020-12-04,59.959999084472656,10872700
2020-12-07,59.79999923706055,14922900
2020-12-08,59.029998779296875,15237800
2020-12-09,59.72999954223633,12204100
2020-12-10,59.47999954223633,14219900
2020-12-11,60.61000061035156,16209900
2020-12-14,60.7599983215332,16193600
2020-12-15,61.86000061035156,15506700
2020-12-16,62.779998779296875,16119900
2020-12-17,63.61000061035156,15320500
2020-12-18,65.05999755859375,33728700
2020-12-21,64.4800033569336,18210200
2020-12-22,65.1500015258789,17136000
2020-12-23,65.30000305175781,13075200
2020-12-24,64.95999908447266,3796500
2020-12-28,64.87000274658203,6463500
2020-12-29,64.45999908447266,7770200
2020-12-30,64.4000015258789,6192000
2020-12-31,64.69000244140625,6928600
2021-01-04,63.75,11249900
2021-01-05,62.959999084472656,11005700
2021-01-06,62.56999969482422,8685400
2021-01-07,63.06999969482422,7382800
2021-01-08,63.380001068115234,7751700
2021-01-11,63.029998779296875,6284700
2021-01-12,62.41999816894531,7758200
2021-01-13,62.060001373291016,8298000
2021-01-14,61.599998474121094,10258600
2021-01-15,61.779998779296875,7532600
2021-01-19,61.290000915527344,8903400
2021-01-20,61.560001373291016,7025000
2021-01-21,61.209999084472656,6943600
2021-01-22,60.36000061035156,9896700
2021-01-25,60.900001525878906,8524700
2021-01-26,61.79999923706055,8186500
2021-01-27,62.54999923706055,14789000
2021-01-28,61.220001220703125,11166400
2021-01-29,60.43000030517578,11451800
2021-02-01,61.5099983215332,10553500
2021-02-02,62.369998931884766,10528000
2021-02-03,62.16999816894531,9933500
2021-02-04,63.349998474121094,9928700
2021-02-05,63.599998474121094,9170200
2021-02-08,63.11000061035156,7003400
2021-02-09,63.66999816894531,5437400
2021-02-10,63.27000045776367,9577500
2021-02-11,62.70000076293945,7690800
2021-02-12,63.08000183105469,6663400
2021-02-16,62.13999938964844,7526000
2021-02-17,62.09000015258789,6244500
2021-02-18,62.06999969482422,6262400
2021-02-19,61.130001068115234,10905100
2021-02-22,64.44999694824219,20940300
2021-02-23,64.5,18175400
2021-02-24,64.69999694824219,10609300
2021-02-25,65.30000305175781,15356100
2021-02-26,64.51000213623047,20512600
2021-03-01,66.16999816894531,11758900
2021-03-02,66.66000366210938,13282000
2021-03-03,66.91000366210938,15827600
2021-03-04,65.61000061035156,19951100
2021-03-05,69.97000122070312,34211500
2021-03-08,72.16000366210938,23300500
2021-03-09,72.63999938964844,17296400
2021-03-10,72.12000274658203,21378600
2021-03-11,67.41000366210938,38095400
2021-03-12,67.16000366210938,11606300
2021-03-15,67.7300033569336,8919600
2021-03-16,66.8499984741211,14512500
2021-03-17,66.22000122070312,11892400
2021-03-18,66.73999786376953,13750300
2021-03-19,66.26000213623047,30963600
2021-03-22,66.31999969482422,10263700
2021-03-23,67.2699966430664,12390100
2021-03-24,66.83000183105469,11391100
2021-03-25,68.62999725341797,14844700
2021-03-26,70.25,12617000
2021-03-29,71.12999725341797,15183700
2021-03-30,70.55000305175781,12000200
2021-03-31,70.16999816894531,9971700
2021-04-01,71.80999755859375,13228700
2021-04-05,74.16000366210938,25010200
2021-04-06,74.27999877929688,14699800
2021-04-07,74.06999969482422,12356800
2021-04-08,75.27999877929688,13507700
2021-04-09,75.58000183105469,13285700
2021-04-12,76.12000274658203,10634900
2021-04-13,76.66999816894531,13142400
2021-04-14,76.81999969482422,12730700
2021-04-15,78.29000091552734,13604200
2021-04-16,78.94999694824219,13334100
2021-04-19,78.75,19967200
2021-04-20,79.23999786376953,12562300
2021-04-21,76.66000366210938,18672800
2021-04-22,74.87000274658203,16769300
2021-04-23,74.97000122070312,10664700
2021-04-26,74.5,9402200
2021-04-27,75.22000122070312,9300200
2021-04-28,74.7699966430664,6107800
2021-04-29,75.87000274658203,7940400
2021-04-30,75.79000091552734,7825300
2021-05-03,77.33000183105469,15319600
2021-05-04,78.52999877929688,15316500
2021-05-05,79.19000244140625,12271900
2021-05-06,79.73999786376953,14089700
2021-05-07,80.4000015258789,14073400
2021-05-10,80.1500015258789,17356700
2021-05-11,77.69000244140625,12980400
2021-05-12,76.75,12302600
2021-05-13,78.13999938964844,11399300
2021-05-14,78.88999938964844,9033400
2021-05-17,79.08000183105469,6637900
2021-05-18,78.69000244140625,6643100
2021-05-19,78.73999786376953,8165000
2021-05-20,78.72000122070312,8802700
2021-05-21,79.02999877929688,8629000
2021-05-24,79.37999725341797,7044700
2021-05-25,78.83000183105469,7160600
2021-05-26,79.26000213623047,12851100
2021-05-27,78.9800033569336,12867800
2021-05-28,78.73999786376953,6929700
2021-06-01,79.56999969482422,10485300
2021-06-02,80.2699966430664,12249300
2021-06-03,81.08999633789062,12038700
2021-06-04,82.88999938964844,14502900
2021-06-07,83.94000244140625,10445600
2021-06-08,84.61000061035156,10726800
2021-06-09,84.5199966430664,9720300
2021-06-10,82.30000305175781,16680800
2021-06-11,82.9000015258789,11066500
2021-06-14,82.62000274658203,10173200
2021-06-15,81.63999938964844,17298000
2021-06-16,77.08000183105469,36560600
2021-06-17,77.55999755859375,14836100
2021-06-18,76.2300033569336,22521200
2021-06-21,77.98999786376953,8924300
2021-06-22,78.68000030517578,9845800
2021-06-23,78.0999984741211,7295900
2021-06-24,77.73999786376953,9624000
2021-06-25,78.45999908447266,12845000
2021-06-28,78.5,5605400
2021-06-29,78.0999984741211,5392900
2021-06-30,77.83999633789062,7899800
2021-07-01,79.54000091552734,13108000
2021-07-02,81.81999969482422,15258100
2021-07-06,83.08000183105469,14200400
2021-07-07,86.08999633789062,20976600
2021-07-08,85.58999633789062,16383300
2021-07-09,87.76000213623047,15685300
2021-07-12,87.08000183105469,16076800
2021-07-13,87.06999969482422,12789300
2021-07-14,88.27999877929688,13330500
2021-07-15,86.23999786376953,18306300
2021-07-16,87.48999786376953,14617500
2021-07-19,86.9800033569336,15619900
2021-07-20,88.66000366210938,12813900
2021-07-21,89.69000244140625,13108100
2021-07-22,90.69000244140625,13638900
2021-07-23,87.69000244140625,12680900
2021-07-26,87.86000061035156,10454100
2021-07-27,87.80000305175781,8465200
2021-07-28,87.18000030517578,6396800
2021-07-29,87.62999725341797,6201400
2021-07-30,87.13999938964844,7962800
2021-08-02,87.5999984741211,5579100
2021-08-03,89.73999786376953,9889800
2021-08-04,90.05000305175781,7509900
2021-08-05,89.43000030517578,8231300
2021-08-06,89.5199966430664,6513900
2021-08-09,89.9000015258789,5798700
2021-08-10,89.63999938964844,5473300
2021-08-11,89.62999725341797,8009800
2021-08-12,89.80999755859375,5687200
2021-08-13,90.37999725341797,6640400
2021-08-16,90.81999969482422,7122800
2021-08-17,90.94999694824219,6738500
2021-08-18,88.94000244140625,7666300
2021-08-19,88.70999908447266,8099400
2021-08-20,88.94000244140625,8716400
2021-08-23,89.12000274658203,7147300
2021-08-24,88.55000305175781,6320100
2021-08-25,88.62000274658203,5748500
2021-08-26,88.72000122070312,9093200
2021-08-27,89.3499984741211,5426800
2021-08-30,89.44999694824219,5357000
2021-08-31,89.12999725341797,8113300
2021-09-01,89.94999694824219,8208000
2021-09-02,89.80000305175781,7717400
2021-09-03,90.0,8456900
2021-09-07,88.72000122070312,11046000
2021-09-08,89.47000122070312,8851200
2021-09-09,89.54000091552734,11034700
2021-09-10,89.68000030517578,10547400
2021-09-13,88.88999938964844,18883400
2021-09-14,86.38999938964844,22714200
2021-09-15,87.7300033569336,14951100
2021-09-16,87.25,12410500
2021-09-17,86.38999938964844,58069000
2021-09-20,86.16999816894531,13897700
2021-09-21,86.91999816894531,11124400
2021-09-22,88.44000244140625,9908000
2021-09-23,89.41999816894531,9720200
2021-09-24,89.94000244140625,7617800
2021-09-27,91.04000091552734,11533000
2021-09-28,90.48999786376953,15041800
2021-09-29,91.25,12007300
2021-09-30,87.12999725341797,15649900
2021-10-01,89.73999786376953,13320900
2021-10-04,89.26000213623047,10853900
2021-10-05,91.48999786376953,9788600
2021-10-06,91.33999633789062,10268300
2021-10-07,92.30999755859375,9124400
2021-10-08,94.38999938964844,13202300
2021-10-11,95.29000091552734,12959300
2021-10-12,95.56999969482422,9964100
2021-10-13,96.4000015258789,9453900
2021-10-14,95.27999877929688,7911200
2021-10-15,95.33000183105469,7422800
2021-10-18,96.51000213623047,7344100
2021-10-19,97.05999755859375,5616500
2021-10-20,96.63999938964844,6574100
2021-10-21,96.30000305175781,6224400
2021-10-22,98.25,6819600
2021-10-25,97.88999938964844,5083100
2021-10-26,96.9800033569336,7089700
2021-10-27,96.02999877929688,5941200
2021-10-28,96.2300033569336,5177200
2021-10-29,95.94000244140625,7578600
2021-11-01,94.37999725341797,7327600
2021-11-02,95.87000274658203,6229600
2021-11-03,96.1500015258789,5746400
2021-11-04,95.62999725341797,5857500
2021-11-05,94.94999694824219,6160200
2021-11-08,95.13999938964844,5056400
2021-11-09,94.58999633789062,6102600
2021-11-10,93.83000183105469,5828800
2021-11-11,94.04000091552734,3620600
2021-11-12,93.54000091552734,6435300
2021-11-15,94.0199966430664,5700900
2021-11-16,95.61000061035156,7392900
2021-11-17,95.33000183105469,6257600
2021-11-18,94.66000366210938,5725300
2021-11-19,93.97000122070312,8936600
2021-11-22,94.61000061035156,6488200
2021-11-23,92.94000244140625,8905500
2021-11-24,93.58000183105469,10908500
2021-11-26,92.33000183105469,4519300
2021-11-29,92.94000244140625,9552500
2021-11-30,90.73999786376953,23271200
2021-12-01,89.75,12084900
2021-12-02,89.98999786376953,7089800
2021-12-03,88.23999786376953,10808600
2021-12-06,88.94000244140625,8398500
2021-12-07,90.05000305175781,6803700
2021-12-08,88.94000244140625,7695800
2021-12-09,88.7699966430664,8615800
2021-12-10,102.62999725341797,45824600
2021-12-13,100.88999938964844,16317600
2021-12-14,99.88999938964844,9511600
2021-12-15,103.6500015258789,14452200
2021-12-16,103.22000122070312,9053200
2021-12-17,96.62000274658203,28872300
2021-12-20,91.63999938964844,17205400
2021-12-21,91.51000213623047,15823000
2021-12-22,89.86000061035156,10539000
2021-12-23,89.72000122070312,9655400
2021-12-27,89.54000091552734,7666200
2021-12-28,88.6500015258789,5610500
2021-12-29,88.20999908447266,5628500
2021-12-30,88.01000213623047,7382400
2021-12-31,87.20999908447266,5908200
2022-01-03,87.9000015258789,10644400
2022-01-04,88.83999633789062,11959000
2022-01-05,86.45999908447266,11236700
2022-01-06,86.33999633789062,7918400
2022-01-07,87.51000213623047,9836800
2022-01-10,89.27999877929688,11025500
2022-01-11,88.4800033569336,7249800
2022-01-12,88.30999755859375,5840300
2022-01-13,87.79000091552734,6044300
2022-01-14,87.69000244140625,6054800
2022-01-18,85.55000305175781,6824700
2022-01-19,83.37999725341797,10501800
2022-01-20,82.72000122070312,10836900
2022-01-21,82.22000122070312,11609000
2022-01-24,82.41999816894531,16770400
2022-01-25,81.06999969482422,13469900
2022-01-26,79.58999633789062,13971300
2022-01-27,79.77999877929688,10331900
2022-01-28,80.4800033569336,7854700
2022-01-31,81.16000366210938,10594200
2022-02-01,81.04000091552734,8016900
2022-02-02,82.5,9287600
2022-02-03,81.94000244140625,8207200
2022-02-04,82.11000061035156,5570200
2022-02-07,80.73999786376953,6292200
2022-02-08,80.79000091552734,6585300
2022-02-09,83.44999694824219,8755900
2022-02-10,81.8499984741211,6336300
2022-02-11,79.75,7670500
2022-02-14,78.94999694824219,5389800
2022-02-15,79.7699966430664,5712800
2022-02-16,79.19000244140625,6227000
2022-02-17,75.52999877929688,9247100
2022-02-18,74.56999969482422,7790100
2022-02-22,74.12000274658203,8039000
2022-02-23,72.47000122070312,6807100
2022-02-24,74.80999755859375,11240500
2022-02-25,76.3499984741211,8291800
2022-02-28,75.97000122070312,9234400
2022-03-01,76.01000213623047,8752100
2022-03-02,78.27999877929688,8527200
2022-03-03,78.25,8203000
2022-03-04,76.48999786376953,8841300
2022-03-07,74.31999969482422,11110100
2022-03-08,73.33000183105469,9134100
2022-03-09,76.0999984741211,8959500
2022-03-10,76.6500015258789,13812600
2022-03-11,77.81999969482422,22795800
2022-03-14,77.06999969482422,13306200
2022-03-15,80.5999984741211,16847200
2022-03-16,79.95999908447266,14071300
2022-03-17,80.5999984741211,10462400
2022-03-18,81.68000030517578,24176000
2022-03-21,80.95999908447266,8131300
2022-03-22,81.80000305175781,9292300
2022-03-23,80.38999938964844,7451100
2022-03-24,82.23999786376953,7025700
2022-03-25,81.7300033569336,5682300
2022-03-28,83.5999984741211,6626700
2022-03-29,84.29000091552734,5762000
2022-03-30,83.36000061035156,5533100
2022-03-31,82.7300033569336,9433300
2022-04-01,82.01000213623047,6147500
2022-04-04,84.06999969482422,7882400
2022-04-05,82.94000244140625,5143400
2022-04-06,82.12000274658203,5492400
2022-04-07,81.54000091552734,7112200
2022-04-08,80.94000244140625,6182500
2022-04-11,79.76000213623047,5738400
2022-04-12,79.33000183105469,6174700
2022-04-13,79.75,4728600
2022-04-14,79.44999694824219,5590400
2022-04-18,78.22000122070312,4955900
2022-04-19,79.55999755859375,5412400
2022-04-20,80.29000091552734,9472600
2022-04-21,79.4800033569336,5616100
2022-04-22,76.20999908447266,9357100
2022-04-25,76.9800033569336,7305900
2022-04-26,74.51000213623047,7555200
2022-04-27,74.76000213623047,7279200
2022-04-28,76.13999938964844,6177900
2022-04-29,73.4000015258789,7946900
2022-05-02,74.0,7379900
2022-05-03,73.29000091552734,5211500
2022-05-04,75.20999908447266,6759900
2022-05-05,72.80000305175781,7197200
2022-05-06,72.48999786376953,6222500
2022-05-09,71.54000091552734,7019700
2022-05-10,72.52999877929688,8129000
2022-05-11,71.02999877929688,6932100
2022-05-12,70.7300033569336,11698900
2022-05-13,71.16999816894531,6700100
2022-05-16,69.70999908447266,6942100
2022-05-17,71.87999725341797,5952500
2022-05-18,68.30000305175781,7977300
2022-05-19,67.04000091552734,9451600
2022-05-20,68.62999725341797,7531100
2022-05-23,70.04000091552734,7370200
2022-05-24,69.02999877929688,6644100
2022-05-25,69.83000183105469,7103300
2022-05-26,71.66000366210938,6758900
2022-05-27,72.77999877929688,6566700
2022-05-31,71.91999816894531,16890300
2022-06-01,71.5999984741211,5804700
2022-06-02,73.13999938964844,6200400
2022-06-03,71.79000091552734,8169500
2022-06-06,72.97000122070312,5274700
2022-06-07,72.69000244140625,5675700
2022-06-08,71.37999725341797,5253500
2022-06-09,69.22000122070312,6824900
2022-06-10,67.13999938964844,10256100
2022-06-13,64.05000305175781,16547200
2022-06-14,70.72000122070312,29661300
2022-06-15,69.69999694824219,11765500
2022-06-16,68.70999908447266,10686000
2022-06-17,67.72000122070312,16445600
2022-06-21,67.68000030517578,10047700
2022-06-22,66.52999877929688,8219900
2022-06-23,67.62999725341797,8775800
2022-06-24,70.69999694824219,20132600
2022-06-27,70.41000366210938,8840600
2022-06-28,68.58000183105469,7252100
2022-06-29,69.20999908447266,8077900
2022-06-30,69.87000274658203,9888600
2022-07-01,70.87000274658203,7805600
2022-07-05,71.98999786376953,9040400
2022-07-06,71.66000366210938,6043700
2022-07-07,71.83000183105469,7814500
2022-07-08,71.87000274658203,4927300
2022-07-11,71.56999969482422,4543300
2022-07-12,70.41000366210938,7140800
2022-07-13,70.02999877929688,6454800
2022-07-14,69.44999694824219,4915500
2022-07-15,70.73999786376953,5134100
2022-07-18,70.20999908447266,4642300
2022-07-19,72.23999786376953,7160300
2022-07-20,72.58999633789062,5655700
2022-07-21,74.54000091552734,7005100
2022-07-22,74.9000015258789,6659800
2022-07-25,74.86000061035156,5721600
2022-07-26,74.02999877929688,7284400
2022-07-27,75.87000274658203,6677200
2022-07-28,77.04000091552734,5688100
2022-07-29,77.83999633789062,5926600
2022-08-01,77.44000244140625,5227500
2022-08-02,76.3499984741211,6403400
2022-08-03,77.37000274658203,6127800
2022-08-04,77.4000015258789,3656200
2022-08-05,77.3499984741211,4858100
2022-08-08,76.47000122070312,4733500
2022-08-09,76.7699966430664,4243700
2022-08-10,77.54000091552734,5258500
2022-08-11,77.16000366210938,5554600
2022-08-12,79.1500015258789,6692300
2022-08-15,79.11000061035156,3733500
2022-08-16,79.5199966430664,6185100
2022-08-17,79.25,5185100
2022-08-18,79.31999969482422,4120500
2022-08-19,78.66000366210938,4679000
2022-08-22,76.45999908447266,5757700
2022-08-23,76.41000366210938,4432300
2022-08-24,76.16999816894531,3876400
2022-08-25,76.88999938964844,3523400
2022-08-26,74.6500015258789,4904100
2022-08-29,74.19000244140625,4295500
2022-08-30,74.13999938964844,5099100
2022-08-31,74.1500015258789,8612900
2022-09-01,75.30000305175781,8139800
2022-09-02,74.68000030517578,11027700
2022-09-06,73.83000183105469,7090100
2022-09-07,74.48999786376953,5792600
2022-09-08,74.6500015258789,6897100
2022-09-09,75.91000366210938,7762400
2022-09-12,77.08000183105469,15628900
2022-09-13,76.04000091552734,29476500
2022-09-14,72.12000274658203,21601400
2022-09-15,70.23999786376953,12478100
2022-09-16,68.83000183105469,23412000
2022-09-19,69.06999969482422,8364000
2022-09-20,68.11000061035156,8624300
2022-09-21,66.75,6768200
2022-09-22,66.02999877929688,7190700
2022-09-23,64.55000305175781,9282500
2022-09-26,63.45000076293945,6897800
2022-09-27,62.41999816894531,9284800
2022-09-28,63.06999969482422,8549900
2022-09-29,61.400001525878906,8882100
2022-09-30,61.06999969482422,9794400
2022-10-03,63.08000183105469,9661400
2022-10-04,65.69000244140625,9892600
2022-10-05,66.63999938964844,9201600
2022-10-06,65.30000305175781,6992000
2022-10-07,63.290000915527344,7137900
2022-10-10,62.56999969482422,6407200
2022-10-11,62.40999984741211,7376900
2022-10-12,63.779998779296875,9008600
2022-10-13,65.19999694824219,10147100
2022-10-14,64.30999755859375,8044500
2022-10-17,67.0199966430664,11368300
2022-10-18,67.02999877929688,6688600
2022-10-19,66.30000305175781,5506000
2022-10-20,69.25,17600500
2022-10-21,72.69999694824219,15652600
2022-10-24,72.91999816894531,11489400
2022-10-25,73.13999938964844,9137700
2022-10-26,74.81999969482422,10693600
2022-10-27,75.1500015258789,7053000
2022-10-28,77.36000061035156,8758100
2022-10-31,78.06999969482422,12349000
2022-11-01,77.11000061035156,7753000
2022-11-02,75.12000274658203,7524300
2022-11-03,75.02999877929688,6761200
2022-11-04,76.0,7219000
2022-11-07,76.73999786376953,5394300
2022-11-08,75.63999938964844,9104200
2022-11-09,75.66000366210938,6013700
2022-11-10,77.16999816894531,10437300
2022-11-11,77.73999786376953,7712900
2022-11-14,78.52999877929688,7153000
2022-11-15,79.18000030517578,7618500
2022-11-16,79.88999938964844,6011900
2022-11-17,79.19999694824219,5717300
2022-11-18,79.7300033569336,6107000
2022-11-21,79.81999969482422,5235400
2022-11-22,82.12000274658203,8796200
2022-11-23,82.55999755859375,6347900
2022-11-25,82.72000122070312,2754900
2022-11-28,81.38999938964844,5112200
2022-11-29,80.8499984741211,4928200
2022-11-30,83.02999877929688,9610300
2022-12-01,84.11000061035156,6127200
2022-12-02,83.3499984741211,4798900
2022-12-05,79.43000030517578,9102900
2022-12-06,78.91000366210938,7656100
2022-12-07,78.77999877929688,5105500
2022-12-08,80.06999969482422,5918700
2022-12-09,79.86000061035156,6850800
2022-12-12,81.27999877929688,15807600
2022-12-13,80.55999755859375,22812200
2022-12-14,81.81999969482422,11183100
2022-12-15,80.06999969482422,8196800
2022-12-16,79.58000183105469,19200700
2022-12-19,80.5,7738800
2022-12-20,80.94000244140625,6390200
2022-12-21,81.5,5932400
2022-12-22,80.48999786376953,8181400
2022-12-23,80.8499984741211,4129100
2022-12-27,80.9800033569336,4290700
2022-12-28,80.33000183105469,3794000
2022-12-29,81.4000015258789,3867800
2022-12-30,81.73999786376953,5375700
2023-01-03,83.72000122070312,8997500
2023-01-04,84.4800033569336,7836200
2023-01-05,84.30999755859375,7643800
2023-01-06,85.66000366210938,8641600
2023-01-09,86.41999816894531,7519700
2023-01-10,86.5,5703300
2023-01-11,88.5999984741211,8359700
2023-01-12,88.77999877929688,6071100
2023-01-13,89.19999694824219,5090800
2023-01-17,88.5999984741211,6550400
2023-01-18,86.70999908447266,6397700
2023-01-19,85.94000244140625,5597000
2023-01-20,87.25,5567300
2023-01-23,88.97000122070312,7390200
2023-01-24,89.69999694824219,7004600
2023-01-25,89.63999938964844,5896800
2023-01-26,89.83000183105469,7302800
2023-01-27,88.98999786376953,5676800
2023-01-30,87.3499984741211,6255300
2023-01-31,88.45999908447266,6200400
2023-02-01,90.05000305175781,6141300
2023-02-02,89.37999725341797,8269200
2023-02-03,89.62000274658203,5671800
2023-02-06,88.52999877929688,4097200
2023-02-07,87.73999786376953,9226000
2023-02-08,86.69000244140625,7624400
2023-02-09,86.6500015258789,4960300
2023-02-10,87.13999938964844,5318400
2023-02-13,89.41999816894531,5560900
2023-02-14,89.08999633789062,7484800
2023-02-15,88.33999633789062,4329900
2023-02-16,87.72000122070312,5942500
2023-02-17,87.27999877929688,6398400
2023-02-21,86.19999694824219,5260300
2023-02-22,86.31999969482422,5840100
2023-02-23,88.58000183105469,8637100
2023-02-24,88.66000366210938,7659200
2023-02-27,87.95999908447266,6748800
2023-02-28,87.4000015258789,7468000
2023-03-01,86.33999633789062,5119800
2023-03-02,86.97000122070312,5293600
2023-03-03,89.25,5498500
2023-03-06,89.73999786376953,7424800
2023-03-07,88.36000061035156,5382400
2023-03-08,88.48999786376953,5159200
2023-03-09,86.87000274658203,10572300
2023-03-10,84.06999969482422,16029300
2023-03-13,84.93000030517578,10299800
2023-03-14,84.55999755859375,8732200
2023-03-15,82.9800033569336,11463000
2023-03-16,84.81999969482422,10148100
2023-03-17,85.26000213623047,13065800
2023-03-20,86.95999908447266,9177300
2023-03-21,87.58000183105469,6683700
2023-03-22,87.9000015258789,7233700
2023-03-23,87.77999877929688,10747100
2023-03-24,88.01000213623047,5852100
2023-03-27,90.13999938964844,8170100
2023-03-28,89.8499984741211,6378900
2023-03-29,90.62000274658203,5233600
2023-03-30,90.51000213623047,5640700
2023-03-31,92.91999816894531,10476300
2023-04-03,93.91999816894531,8410900
2023-04-04,94.0,6651500
2023-04-05,94.88999938964844,7478800
2023-04-06,95.91999816894531,9146200
2023-04-10,93.76000213623047,8681500
2023-04-11,93.97000122070312,8196000
2023-04-12,93.9000015258789,8040300
2023-04-13,95.55000305175781,6240200
2023-04-14,95.70999908447266,6485100
2023-04-17,95.58999633789062,4772400
2023-04-18,96.47000122070312,7219400
2023-04-19,95.80999755859375,4766200
2023-04-20,94.83000183105469,5815500
2023-04-21,95.1500015258789,7335800
2023-04-24,95.44000244140625,4901700
2023-04-25,94.05999755859375,5768800
2023-04-26,93.70999908447266,6395500
2023-04-27,95.04000091552734,5615700
2023-04-28,94.72000122070312,8498500
2023-05-01,94.87000274658203,5459800
2023-05-02,94.80000305175781,5995100
2023-05-03,94.77999877929688,6744800
2023-05-04,94.97000122070312,5038200
2023-05-05,96.97000122070312,8068600
2023-05-08,96.79000091552734,5314800
2023-05-09,96.13999938964844,6333500
2023-05-10,97.5199966430664,5935300
2023-05-11,97.44000244140625,5144500
2023-05-12,97.8499984741211,4994700
2023-05-15,97.26000213623047,4443700
2023-05-16,98.25,6896500
2023-05-17,99.7699966430664,9436000
2023-05-18,102.33999633789062,10005700
2023-05-19,102.83999633789062,8560300
2023-05-22,101.7699966430664,5890500
2023-05-23,98.54000091552734,10047300
2023-05-24,98.31999969482422,6815900
2023-05-25,104.29000091552734,16729600
2023-05-26,104.08000183105469,13994100
2023-05-30,105.1500015258789,10296700
2023-05-31,105.94000244140625,13713500
2023-06-01,105.98999786376953,7835900
2023-06-02,105.88999938964844,8652400
2023-06-05,106.93000030517578,7442000
2023-06-06,107.0999984741211,7023000
2023-06-07,105.25,9842500
2023-06-08,107.4800033569336,9526700
2023-06-09,109.8499984741211,12597100
2023-06-12,116.43000030517578,39081500
2023-06-13,116.68000030517578,39190900
2023-06-14,122.2699966430664,26264200
2023-06-15,126.55000305175781,27476700
2023-06-16,125.45999908447266,19514700
2023-06-20,122.04000091552734,16273000
2023-06-21,122.0999984741211,17583000
2023-06-22,120.58000183105469,12203400
2023-06-23,118.63999938964844,19734300
2023-06-26,116.77999877929688,8987000
2023-06-27,117.83999633789062,6970400
2023-06-28,116.52999877929688,9240500
2023-06-29,117.77999877929688,9234300
2023-06-30,119.08999633789062,13703100
2023-07-03,117.1500015258789,4284700
2023-07-05,115.95999908447266,8466500
2023-07-06,115.44999694824219,7982800
2023-07-07,114.61000061035156,7001600
2023-07-10,114.37999725341797,6931000
2023-07-11,114.87999725341797,6117100
2023-07-12,116.0199966430664,11011600
2023-07-13,117.44999694824219,9359600
2023-07-14,119.2699966430664,7723800
2023-07-17,118.88999938964844,6735900
2023-07-18,120.7699966430664,8903600
2023-07-19,118.69000244140625,7609000
2023-07-20,115.87999725341797,12913000
2023-07-21,117.6500015258789,9159600
2023-07-24,118.06999969482422,6200400
2023-07-25,117.94999694824219,6266300
2023-07-26,115.5,8160000
2023-07-27,116.4000015258789,7843000
2023-07-28,115.98999786376953,6910400
2023-07-31,117.2300033569336,6703100
2023-08-01,117.91000366210938,5246000
2023-08-02,115.70999908447266,6387800
2023-08-03,114.55000305175781,5193800
2023-08-04,114.44000244140625,5579300
2023-08-07,116.0999984741211,7347000
2023-08-08,115.2300033569336,4694800
2023-08-09,113.0999984741211,6542400
2023-08-10,112.98999786376953,6004100
2023-08-11,113.05999755859375,5288900
2023-08-14,115.56999969482422,6494200
2023-08-15,117.29000091552734,10412200
2023-08-16,115.33999633789062,5722000
2023-08-17,114.87999725341797,6183900
2023-08-18,116.45999908447266,9412800
2023-08-21,116.58999633789062,5811200
2023-08-22,116.54000091552734,4960300
2023-08-23,117.83999633789062,16517300
2023-08-24,112.91000366210938,11995900
2023-08-25,116.05999755859375,8758100
2023-08-28,116.83999633789062,4514800
2023-08-29,120.6500015258789,11920500
2023-08-30,121.12000274658203,5601800
2023-08-31,120.38999938964844,9109800
2023-09-01,120.93000030517578,6189900
2023-09-05,123.9800033569336,11089600
2023-09-06,124.33000183105469,8728500
2023-09-07,125.08999633789062,11864400
2023-09-08,126.31999969482422,10595500
2023-09-11,126.70999908447266,22155600
2023-09-12,109.61000061035156,68605700
2023-09-13,111.83999633789062,27171000
2023-09-14,113.66000366210938,19849700
2023-09-15,113.91000366210938,23215000
2023-09-18,112.20999908447266,11744100
2023-09-19,112.7699966430664,9536100
2023-09-20,112.87000274658203,8777100
2023-09-21,109.43000030517578,12645800
2023-09-22,109.02999877929688,11150000
2023-09-25,108.30000305175781,8410000
2023-09-26,104.87999725341797,13209000
2023-09-27,104.62000274658203,8916400
2023-09-28,106.1500015258789,7373600
2023-09-29,105.91999816894531,7299100
2023-10-02,106.70999908447266,5963500
2023-10-03,104.5199966430664,8783300
2023-10-04,107.08000183105469,8842700
2023-10-05,108.3499984741211,7651500
2023-10-06,109.95999908447266,8247000
2023-10-09,110.31999969482422,6012400
2023-10-10,109.70999908447266,6910400
2023-10-11,109.63999938964844,5641700
2023-10-12,109.11000061035156,6598500
2023-10-13,108.25,5879400
2023-10-16,108.70999908447266,5488000
2023-10-17,109.04000091552734,5261800
2023-10-18,108.25,5123900
2023-10-19,108.33999633789062,7989200
2023-10-20,101.8499984741211,21831400
2023-10-23,103.66000366210938,10722600
2023-10-24,103.19999694824219,6174000
2023-10-25,101.43000030517578,7081700
2023-10-26,100.4000015258789,7565600
2023-10-27,100.98999786376953,5207900
2023-10-30,101.6500015258789,5433700
2023-10-31,103.4000015258789,6258400
2023-11-01,105.75,8602400
2023-11-02,106.87000274658203,5918300
2023-11-03,108.05000305175781,7280000
2023-11-06,109.11000061035156,6062800
2023-11-07,108.98999786376953,7412600
2023-11-08,112.33000183105469,10994900
2023-11-09,112.18000030517578,6853900
2023-11-10,113.06999969482422,5233900
2023-11-13,114.1500015258789,5740500
2023-11-14,116.0999984741211,6733700
2023-11-15,114.05999755859375,7386200
2023-11-16,114.66999816894531,7476100
2023-11-17,115.36000061035156,4791300
2023-11-20,116.91999816894531,5728300
2023-11-21,116.08000183105469,5995300
2023-11-22,116.23999786376953,4343700
2023-11-24,116.25,2168200
2023-11-27,116.47000122070312,5165300
2023-11-28,116.23999786376953,4892600
2023-11-29,116.20999908447266,6127200
2023-11-30,116.20999908447266,11075600
2023-12-01,117.16000366210938,5739800
2023-12-04,115.77999877929688,5587500
2023-12-05,114.52999877929688,5913600
2023-12-06,112.02999877929688,7815700
2023-12-07,112.87000274658203,6772800
2023-12-08,113.61000061035156,7766000
2023-12-11,115.12999725341797,19544200
2023-12-12,100.80999755859375,57666500
2023-12-13,102.98999786376953,29392200
2023-12-14,100.30999755859375,22865200
2023-12-15,103.31999969482422,30212300
2023-12-18,105.0,13473100
2023-12-19,106.25,10108500
2023-12-20,104.1500015258789,9242000
2023-12-21,105.86000061035156,8168000
2023-12-22,106.19999694824219,5680000
2023-12-26,106.19000244140625,5767400
2023-12-27,105.94000244140625,5627400
2023-12-28,106.25,5689100
2023-12-29,105.43000030517578,6899700
2024-01-02,104.05999755859375,9597500
2024-01-03,102.45999908447266,9455600
2024-01-04,102.58999633789062,6822300
2024-01-05,102.7300033569336,6133800
2024-01-08,104.66000366210938,7038700
2024-01-09,103.62999725341797,6725200
2024-01-10,103.91999816894531,7270500
2024-01-11,104.7699966430664,6119000
2024-01-12,106.5999984741211,9703800
2024-01-16,106.56999969482422,7547200
2024-01-17,106.43000030517578,7771500
2024-01-18,108.69999694824219,10362300
2024-01-19,109.66999816894531,11163800
2024-01-22,110.0999984741211,7485300
2024-01-23,111.83000183105469,9185900
2024-01-24,114.30999755859375,11702700
2024-01-25,115.0,8877200
2024-01-26,114.63999938964844,5541800
2024-01-29,113.75,7014400
2024-01-30,114.16000366210938,8231900
2024-01-31,111.69999694824219,7386700
2024-02-01,115.52999877929688,7882200
2024-02-02,115.79000091552734,6499400
2024-02-05,116.38999938964844,8084500
2024-02-06,115.30000305175781,4637500
2024-02-07,117.2699966430664,7672900
2024-02-08,116.68000030517578,4472800
2024-02-09,116.63999938964844,5787100
2024-02-12,115.83999633789062,5439600
2024-02-13,113.68000030517578,8171700
2024-02-14,114.26000213623047,5946100
2024-02-15,112.77999877929688,8455600
2024-02-16,111.30999755859375,8936000
2024-02-20,108.44999694824219,10975600
2024-02-21,108.16000366210938,7865300
2024-02-22,111.01000213623047,8957800
2024-02-23,111.94999694824219,7504500
2024-02-26,110.97000122070312,6342900
2024-02-27,111.37999725341797,6593100
2024-02-28,111.68000030517578,5278300
2024-02-29,111.68000030517578,12193900
2024-03-01,113.77999877929688,7605100
2024-03-04,114.05999755859375,6588100
2024-03-05,110.94000244140625,8242000
2024-03-06,112.2699966430664,6706400
2024-03-07,114.54000091552734,7670100
2024-03-08,112.41999816894531,8312900
2024-03-11,114.12999725341797,20438300
2024-03-12,127.54000091552734,48536100
2024-03-13,125.5199966430664,15870300
2024-03-14,125.52999877929688,10965900
2024-03-15,125.54000091552734,17844900
2024-03-18,127.80000305175781,12231400
2024-03-19,129.19000244140625,10221000
2024-03-20,129.24000549316406,8373300
2024-03-21,129.00999450683594,17842400
2024-03-22,127.79000091552734,6660000
2024-03-25,126.08000183105469,7446100
2024-03-26,126.47000122070312,7063900
2024-03-27,125.2699966430664,8115900
2024-03-28,125.61000061035156,6587400
2024-04-01,125.4800033569336,4133600
2024-04-02,124.33999633789062,4862400
2024-04-03,126.23999786376953,7430000
2024-04-04,124.19000244140625,7588300
2024-04-05,124.9000015258789,4899500
2024-04-08,124.3499984741211,6119200
2024-04-09,123.2300033569336,5564100
2024-04-10,121.75,4509900
2024-04-11,123.23999786376953,7315200
2024-04-12,121.11000061035156,6196900
2024-04-15,119.87999725341797,5101500
2024-04-16,120.62000274658203,7000000
2024-04-17,118.66999816894531,5366600
2024-04-18,116.0,6662400
2024-04-19,114.87999725341797,8251500
2024-04-22,114.52999877929688,7125500
2024-04-23,115.08999633789062,5494800
2024-04-24,115.33999633789062,5791800
2024-04-25,114.88999938964844,6796600
2024-04-26,117.20999908447266,8355100
2024-04-29,116.48999786376953,4994100
2024-04-30,113.75,6234700
2024-05-01,114.62999725341797,5583600
2024-05-02,114.95999908447266,5001000
2024-05-03,115.80000305175781,4485000
2024-05-06,118.33999633789062,6052400
2024-05-07,117.93000030517578,6437700
2024-05-08,117.38999938964844,4636000
2024-05-09,116.63999938964844,3236200
2024-05-10,116.66999816894531,4122500
2024-05-13,116.37000274658203,4140000
2024-05-14,120.87000274658203,17811200
2024-05-15,121.62999725341797,6604600
2024-05-16,122.16000366210938,5159300
2024-05-17,123.5,6179400
2024-05-20,124.5199966430664,5989000
2024-05-21,124.62999725341797,5549500
2024-05-22,124.5999984741211,5705000
2024-05-23,124.08999633789062,6108600
2024-05-24,122.91000366210938,7173400
2024-05-28,124.48999786376953,6911400
2024-05-29,123.73999786376953,4735100
2024-05-30,117.08999633789062,10839600
2024-05-31,117.19000244140625,12755600
2024-06-03,119.27999877929688,7256300
2024-06-04,120.06999969482422,7368000
2024-06-05,122.62999725341797,5973700
2024-06-06,123.5,7347200
2024-06-07,125.91999816894531,11545000
2024-06-10,124.5,10164700
2024-06-11,123.87999725341797,18373900
2024-06-12,140.3800048828125,40871300
2024-06-13,139.85000610351562,13733200
2024-06-14,138.1300048828125,11330800
2024-06-17,141.30999755859375,11232800
2024-06-18,144.63999938964844,11629400
2024-06-20,142.91000366210938,8940000
2024-06-21,141.5,14844100
2024-06-24,139.88999938964844,7793300
2024-06-25,139.1699981689453,8205500
2024-06-26,138.22999572753906,8036300
2024-06-27,140.17999267578125,7518200
2024-06-28,141.1999969482422,25814800
2024-07-01,143.08999633789062,6552400
2024-07-02,143.27999877929688,5920500
2024-07-03,144.3800048828125,3560800
2024-07-05,144.8300018310547,5365500
2024-07-08,145.02999877929688,8622600
2024-07-09,140.67999267578125,14334200
2024-07-10,142.07000732421875,6350300
2024-07-11,142.75999450683594,5245100
2024-07-12,144.77000427246094,7361800
2024-07-15,143.07000732421875,8687800
2024-07-16,142.61000061035156,7181500
2024-07-17,139.25999450683594,9157000
2024-07-18,138.02999877929688,5998700
2024-07-19,138.55999755859375,6111900
2024-07-22,140.1699981689453,5387200
2024-07-23,143.11000061035156,6697400
2024-07-24,138.77000427246094,8018800
2024-07-25,137.82000732421875,7654600
2024-07-26,139.00999450683594,5139400
2024-07-29,138.30999755859375,4054600
2024-07-30,135.6699981689453,6505700
2024-07-31,139.4499969482422,7188000
2024-08-01,137.50999450683594,5906800
2024-08-02,133.27999877929688,8251600
2024-08-05,127.86000061035156,10355000
2024-08-06,128.2100067138672,8373900
2024-08-07,125.9000015258789,8617700
2024-08-08,128.9600067138672,6243200
2024-08-09,132.05999755859375,5597300
2024-08-12,132.5800018310547,5600800
2024-08-13,134.25999450683594,4324000
2024-08-14,135.60000610351562,4044600
2024-08-15,136.92999267578125,4698100
2024-08-16,137.47000122070312,4893800
2024-08-19,137.9199981689453,3641600
2024-08-20,139.1699981689453,3738300
2024-08-21,140.1999969482422,3776800
2024-08-22,138.0800018310547,5162200
2024-08-23,139.19000244140625,4544600
2024-08-26,138.89999389648438,2729600
2024-08-27,138.47999572753906,3872200
2024-08-28,137.8800048828125,3022600
2024-08-29,139.4199981689453,4588400
2024-08-30,141.2899932861328,7980700
2024-09-03,139.5,6831200
2024-09-04,140.75,6243300
2024-09-05,142.61000061035156,8733200
2024-09-06,141.80999755859375,11154800
2024-09-09,139.88999938964844,20233400
2024-09-10,155.88999938964844,37374200
2024-09-11,157.17999267578125,12630100
2024-09-12,161.3800048828125,16161300
2024-09-13,162.02999877929688,25727800
2024-09-16,170.3300018310547,27384400
2024-09-17,167.47000122070312,12580100
2024-09-18,164.52999877929688,12274400
2024-09-19,167.58999633789062,10075900
2024-09-20,168.0,12187700
2024-09-23,165.9499969482422,7916100
2024-09-24,165.8000030517578,6155100
2024-09-25,166.27999877929688,7142400
2024-09-26,168.10000610351562,7096800
2024-09-27,168.74000549316406,8974400
2024-09-30,170.39999389648438,10210300
2024-10-01,167.16000366210938,7595100
2024-10-02,167.7100067138672,7073000
2024-10-03,166.86000061035156,4735700
2024-10-04,170.86000061035156,6386900
2024-10-07,169.97000122070312,6791000
2024-10-08,174.3699951171875,7845400
2024-10-09,178.2899932861328,8120900
2024-10-10,175.41000366210938,7115900
2024-10-11,175.77000427246094,5869400
2024-10-14,176.1199951171875,4688700
2024-10-15,174.08999633789062,5848600
2024-10-16,174.77000427246094,6383000
2024-10-17,175.67999267578125,5474000
2024-10-18,174.69000244140625,5001300
2024-10-21,173.75999450683594,4198400
2024-10-22,175.30999755859375,5510100
2024-10-23,173.10000610351562,4830400
2024-10-24,174.3800048828125,3488000
2024-10-25,173.52000427246094,3674700
2024-10-28,172.4199981689453,4330000
2024-10-29,173.42999267578125,4122900
2024-10-30,174.55999755859375,5822500
2024-10-31,167.83999633789062,9477500
2024-11-01,170.02000427246094,5680600
2024-11-04,169.58999633789062,4804400
2024-11-05,171.77999877929688,5456800
2024-11-06,181.24000549316406,11085000
2024-11-07,186.3699951171875,7759400
2024-11-08,189.25,8520400
2024-11-11,189.1300048828125,5973600
2024-11-12,189.5800018310547,6629900
2024-11-13,189.6300048828125,5695400
2024-11-14,187.0500030517578,7804300
2024-11-15,183.74000549316406,8986300
2024-11-18,185.72999572753906,6289400
2024-11-19,188.89999389648438,8117000
2024-11-20,190.75,4860200
2024-11-21,192.42999267578125,11394300
2024-11-22,192.2899932861328,6879400
2024-11-25,187.99000549316406,15138500
2024-11-26,190.3699951171875,6427200
2024-11-27,182.6999969482422,8368800
2024-11-29,184.83999633789062,4628000
2024-12-02,181.41000366210938,8859700
2024-12-03,182.88999938964844,8917100
2024-12-04,188.19000244140625,8906300
2024-12-05,186.24000549316406,6398100
2024-12-06,191.69000244140625,10503400
2024-12-09,190.4499969482422,20158000
2024-12-10,177.74000549316406,26502000
2024-12-11,178.5800018310547,13188700
2024-12-12,175.32000732421875,8154200
2024-12-13,173.38999938964844,8351100
2024-12-16,171.22999572753906,9572000
2024-12-17,169.7100067138672,8940200
2024-12-18,165.41000366210938,8817900
2024-12-19,168.7899932861328,8386400
2024-12-20,169.66000366210938,13810500
2024-12-23,169.13999938964844,6518200
2024-12-24,171.41000366210938,2451500
2024-12-26,171.67999267578125,4100100
2024-12-27,168.9600067138672,4344300
2024-12-30,166.91000366210938,5254800
2024-12-31,166.63999938964844,4307500
2025-01-02,166.03,10726467
2025-01-03,166.32,11754052
2025-01-06,165.69,13690773
2025-01-07,162.03,15424422
2025-01-08,163.14,15192414
2025-01-10,154.5,27099782
2025-01-13,153.92,17656992
2025-01-14,156.31,14820442
2025-01-15,158.31,21402434
2025-01-16,159.54,18421155
2025-01-17,161.03,23236583
2025-01-21,172.57,60464048
2025-01-22,184.22,96057018
2025-01-23,186.47,34629245
2025-01-24,183.6,24294380
2025-01-27,158.28,84403192
2025-01-28,164.0,40638600
2025-01-29,162.02,19733183
2025-01-30,170.38,29963406
2025-01-31,170.06,17427070
2025-02-03,168.6,16501188
2025-02-04,167.89,13553982
2025-02-05,171.66,15729150
2025-02-06,172.35,14073808
2025-02-07,174.46,19982597
2025-02-10,178.92,15251800
2025-02-11,177.19,13057566
2025-02-12,172.22,14909641
2025-02-13,173.86,12843373
2025-02-14,174.16,14521751
2025-02-18,179.8,22848697
2025-02-19,181.52,17377000
2025-02-20,176.0,17474035
2025-02-21,167.81,19261883
2025-02-24,169.96,21278153
2025-02-25,168.54,16632185
2025-02-26,172.47,13830215
2025-02-27,164.76,14873610
2025-02-28,166.06,25686586
2025-03-03,162.02,16163640
2025-03-04,157.47,26343797
2025-03-05,161.56,14281996
2025-03-06,150.94,24629446
2025-03-07,155.16,25292988
2025-03-10,148.79,42972152
2025-03-11,144.18,54400433
2025-03-12,150.89,30747753
2025-03-13,147.66,28375362
2025-03-14,149.27,18659964
2025-03-17,154.01,19769994
2025-03-18,149.45,18805008
2025-03-19,152.45,13819004
2025-03-20,152.72,14103215
2025-03-21,152.23,35240424
2025-03-24,154.87,15696632
2025-03-25,153.93,17042449
2025-03-26,147.8,26432521
2025-03-27,145.78,18296621
2025-03-28,140.87,26288986
2025-03-31,139.81,31019823
2025-04-01,141.94,19036957
2025-04-02,145.86,23188832
2025-04-03,137.23,28867568
2025-04-04,128.27000427246094,14986900
2025-04-07,127.16,38965352
2025-04-08,124.5,23900577
2025-04-09,139.69,35523994
2025-04-10,133.35,24803162
2025-04-11,132.35000610351562,10190200
2025-04-14,134.64,16435440
2025-04-15,133.94,17259959
2025-04-16,129.76,16590376
2025-04-17,128.62,17851022
2025-04-21,122.82,24402431
2025-04-22,127.24,22467402
2025-04-23,131.4,19057773
2025-04-24,137.51,14611787
2025-04-25,138.49000549316406,5476400
2025-04-28,140.14,13970202
2025-04-29,140.79,9702958
2025-04-30,140.72,18887038
2025-05-01,145.49,23051551
2025-05-02,150.72999572753906,11346000
2025-05-05,149.29,10374849
2025-05-06,147.7,10217195
2025-05-07,149.37,12101537
2025-05-08,150.3,12227212
2025-05-09,150.33999633789062,4707100
2025-05-12,157.22,15750961
2025-05-13,162.27,23910357
2025-05-14,162.95,14998792
2025-05-15,159.4,20338417
2025-05-16,160.49000549316406,8515500
2025-05-19,159.64,20537817
2025-05-20,160.31,15152818
2025-05-21,157.18,12022038
2025-05-22,157.31,15206561
2025-05-23,155.97000122070312,6527500
2025-05-27,161.91,13953613
2025-05-28,163.85,16181352
2025-05-29,162.9,13990531
2025-05-30,165.52999877929688,17547900
2025-06-02,166.57,14331969
2025-06-03,169.14,14310581
2025-06-04,168.1,12751593
2025-06-05,171.14,15418084
2025-06-06,174.02000427246094,6833700
2025-06-09,177.15,19337811
2025-06-10,177.48,22113416
2025-06-11,176.38,36005810
2025-06-12,199.86,109219995
2025-06-13,215.22000122070312,53707400
2025-06-16,211.1,45330599
2025-06-17,208.18,35638362
2025-06-18,210.87,30110790
2025-06-20,205.1699981689453,20879100
2025-06-23,207.04,26836793
2025-06-24,215.27,38061217
2025-06-25,210.72,23609204
2025-06-26,212.82,21062212
2025-06-27,210.24000549316406,14127500
2025-06-30,218.63,63688431
2025-07-01,218.96,33924396
2025-07-02,229.98,44653800
2025-07-03,237.32,36882544
2025-07-07,232.26,33168566
2025-07-08,234.5,40803577
2025-07-09,235.81,21743229
2025-07-10,235.0,22972645
2025-07-11,230.55999755859375,10208200
2025-07-14,229.28,22673967
2025-07-15,234.96,21457595
2025-07-16,241.3,25194952
2025-07-17,248.75,35262628
2025-07-18,245.4499969482422,9678100
2025-07-21,243.54,14696762
2025-07-22,238.11,22761766
2025-07-23,241.9,14511597
2025-07-24,242.83,16475751
2025-07-25,245.1199951171875,7149600
2025-07-28,247.71,13513575
2025-07-29,249.98,16830624
2025-07-30,250.6,16882778
2025-07-31,253.77,31097426
2025-08-01,244.4199981689453,12718200
2025-08-04,252.53,17229584
2025-08-05,255.67,22394587
2025-08-06,256.43,19860422
2025-08-07,249.39,23908423
2025-08-08,250.0500030517578,8313300
2025-08-11,252.68,18024212
2025-08-12,253.86,20000112
2025-08-13,244.18,28364178
2025-08-14,244.96,20571155
2025-08-15,248.27999877929688,11554000
2025-08-18,249.07,13519821
2025-08-19,234.62,33638550
2025-08-20,235.06,22512817
2025-08-21,233.16,14806228
2025-08-22,236.3699951171875,9343600
2025-08-25,235.41,12617225
2025-08-26,234.21,23610397
2025-08-27,235.81,11275190
2025-08-28,240.32,17383048
2025-08-29,226.1300048828125,16618600
2025-09-02,225.3,20923803
2025-09-03,223.45,17801613
2025-09-04,223.0,20606169
2025-09-05,232.8000030517578,15386100
2025-09-08,238.48,37606046
2025-09-09,241.51,82357397
2025-09-10,328.33,263236185
2025-09-11,307.86,139972027
2025-09-12,292.17999267578125,51781900
2025-09-15,302.14,80008004
2025-09-16,306.65,103846568
2025-09-17,301.41,55415849
2025-09-18,296.62,49346216
2025-09-19,308.6600036621094,40776200
2025-09-22,328.15,88875049
2025-09-23,313.83,70560399
2025-09-24,308.46,67530579
2025-09-25,291.33,78549783
2025-09-26,283.4599914550781,25990700
2025-09-29,282.76,51557008
2025-09-30,281.24,47761610
2025-10-01,289.01,46756624
2025-10-02,288.78,32430960
2025-10-03,286.1400146484375,13688400
2025-10-06,291.59,28153595
2025-10-07,284.24,63446784
2025-10-08,288.63,37964222
2025-10-09,296.96,52959633
2025-10-10,292.9599914550781,28895300
2025-10-13,308.01,43407425
2025-10-14,299.0,34692386
2025-10-15,303.62,27397838
2025-10-16,313.0,65001763
2025-10-17,291.30999755859375,37653000
2025-10-20,277.18,65621448
2025-10-21,275.15,36741606
2025-10-22,272.66,32948016
2025-10-23,280.07,33744358
2025-10-24,283.3299865722656,13194900
2025-10-27,281.4,27711536
2025-10-28,280.83,24897023
2025-10-29,275.3,36014249
2025-10-30,256.89,55908397
2025-10-31,262.61,33797393
2025-11-03,257.85,31418414
2025-11-04,248.17,39545193
2025-11-05,250.31,23982959
2025-11-06,243.8,37356469
2025-11-07,239.26,41938560
2025-11-10,240.83,33397416
2025-11-11,236.15,41373207
2025-11-12,226.99,48389992
2025-11-13,217.57,60017998
2025-11-14,222.85,72107607
2025-11-17,219.86,32287479
2025-11-18,220.49,42196591
2025-11-19,225.53,43358990
2025-11-20,210.69,54919200
2025-11-21,198.76,89667931
2025-11-24,200.28,62289406
2025-11-25,197.03,59189953
2025-11-26,204.96,53088248
2025-11-28,201.95,27696979
2025-12-01,200.94,26922404
2025-12-02,201.1,39328971
2025-12-03,207.73,38120828
2025-12-04,214.33,46633837
2025-12-05,217.58,48417387
2025-12-08,220.54,49422321
2025-12-09,221.53,35287243
2025-12-10,223.01,95855873
2025-12-11,198.85,201224396
2025-12-12,189.97,110402682
2025-12-15,184.92,87794849
2025-12-16,188.65,64867025
2025-12-17,178.46,100443998
2025-12-18,180.03,72594585
2025-12-19,191.97,154017047
2025-12-22,198.38,54295837
2025-12-23,195.34,36603088
2025-12-24,197.49,18565433
2025-12-26,197.99,22524030
2025-12-29,195.38,29496225
2025-12-30,197.21,28394759
2025-12-31,194.91,20682953
2026-01-02,195.71,29081357
2026-01-05,192.59,45271016
2026-01-06,193.75,32948964
2026-01-07,192.84,22342398
2026-01-08,189.65,38937004
2026-01-09,198.52,52305442
2026-01-12,204.68,50857045
2026-01-13,202.29,31714826
2026-01-14,193.61,44946359
2026-01-15,189.85,32837226
2026-01-16,191.09,38449405
2026-01-20,179.92,58258992
2026-01-21,173.88,76379995
2026-01-22,178.18,42283807
2026-01-23,177.16,46022638
2026-01-26,182.44,42200778
2026-01-27,174.9,54187364
2026-01-28,172.8,71765368
2026-01-29,169.01,74509011
2026-01-30,164.58,54724778
2026-02-02,160.06,94842032
2026-02-03,154.67,86520201
2026-02-04,146.67,84646790
2026-02-05,136.48,85577953
2026-02-06,142.82,59924814
2026-02-09,156.59,99872990
2026-02-10,159.89,80184448
2026-02-11,157.16,49077754
2026-02-12,156.48,46570799
2026-02-13,160.14,37193959
2026-02-17,153.97,39221600
2026-02-18,156.17,29602181
2026-02-19,156.54,29952623
2026-02-20,148.08,59243789
2026-02-23,141.31,63499582
2026-02-24,146.14,42673225
2026-02-25,147.89,54607829
2026-02-26,150.31,41304424
2026-02-27,145.4,72850396
2026-03-02,149.25,44837583
2026-03-03,149.01,40241590
2026-03-04,152.37,35170794
2026-03-05,154.79,48189580
2026-03-06,152.96,76001192
2026-03-09,151.56,62346968
2026-03-10,149.4,103089224
2026-03-11,163.12,166494985
2026-03-12,159.16,74267419
2026-03-13,155.11,52700775
2026-03-16,155.97,43215389
2026-03-17,154.69,47858642
2026-03-18,152.9,36102176
2026-03-19,155.52,44092214
2026-03-20,149.68,75239628
2026-03-23,154.34,39855845
2026-03-24,147.09,52244241
2026-03-25,146.02,41367574
2026-03-26,142.81,33923785
2026-03-27,139.66,35859188
2026-03-30,138.8,40251435
2026-03-31,147.11,48983953
2026-04-01,145.23,40991768
2026-04-02,146.38,28763766
2026-04-06,145.54,25113428
2026-04-07,143.17,34500846
2026-04-08,143.66,47054035
2026-04-09,137.86,61033732
2026-04-10,138.08999633789062,26171800
2026-04-13,155.62,99994693
2026-04-14,163.0,119559644
2026-04-15,169.81,86021622
2026-04-16,178.34,93994579
2026-04-17,175.05999755859375,45282600
2026-04-20,177.58,44657066
2026-04-21,181.17,79270270
2026-04-22,187.5,64785989
2026-04-23,176.28,37084242
2026-04-24,173.28,33214989
2026-04-27,172.96,21616574
2026-04-28,165.96,33716456
2026-04-29,163.83,20587497
2026-04-30,161.39,21016368
2026-05-01,171.83,26318018
2026-05-04,180.29,33503048
2026-05-05,185.35000610351562,23497200
2026-05-06,194.02999877929688,27685500
2026-05-07,194.58999633789062,31803200
2026-05-08,195.9499969482422,21158300
2026-05-11,193.83999633789062,16890600
2026-05-12,186.8300018310547,22123400
2026-05-13,189.75999450683594,15509370
2026-05-14,195.61000061035156,20540617
2026-05-15,192.9499969482422,15747100
2026-05-18,186.61000061035156,19114300
2026-05-19,181.4600067138672,16651219
2026-05-20,184.09010314941406,5661249
2026-05-21,189.72000122070312,4492351
2026-05-22,192.9656982421875,4709366
2026-05-26,194.125,4043474
2026-05-27,190.41000366210938,3843178
2026-05-28,202.4700927734375,9243917
2026-05-29,218.84500122070312,15804244
2026-06-01,238.52749633789062,16142804
2026-06-02,240.62399291992188,14531286
2026-06-03,231.05999755859375,9250584
2026-06-04,235.12010192871094,8650221
2026-06-05,223.0449981689453,7185153
2026-06-08,211.82000732421875,17227200
2026-06-09,205.80999755859375,25930700
2026-06-10,205.68499755859375,13598135
2026-06-11,177.63999938964844,27034770
2026-06-12,183.31500244140625,10056118
2026-06-15,192.68589782714844,8523595
2026-06-16,189.1750030517578,6342399
2026-06-17,187.0449981689453,4251470
2026-06-18,184.27499389648438,8511822
2026-06-22,178.7550048828125,6223555
2026-06-23,165.16000366210938,31927307
2026-06-24,157.52999877929688,34307301
2026-06-25,152.4600067138672,36128668
2026-06-26,148.52999877929688,27310401
2026-06-29,148.44000244140625,17059509
2026-06-30,146.5500030517578,26772138
2026-07-01,142.5,39898488
2026-07-02,140.27000427246094,37244580
2026-07-06,142.11500549316406,11586759
2026-07-07,141.60000610351562,36909614
2026-07-08,141.1750030517578,2616410
2026-07-09,144.22000122070312,31592040
2026-07-10,140.63999938964844,26601250
2026-07-13,135.1300048828125,20430712
2026-07-14,127.94000244140625,45418183
2026-07-15,132.49000549316406,48263565
2026-07-16,124.20999908447266,54474300
2026-07-17,126.41000366210938,33592043
2026-07-20,121.37999725341797,36384270
2026-07-21,127.05000305175781,27596900
2026-07-22,125.83999633789062,21024200
2026-07-23,120.04000091552734,29283290
2026-07-27,120.70999908447266,13993334
2026-07-29,118.0199966430664,7464636
2026-07-30,127.55999755859375,41094800
2026-07-31,129.8699951171875,28967333
2026-08-03,141.85000610351562,49540400
2026-08-04,146.50999450683594,19649043
2026-08-05,144.93499755859375,14378230
2026-08-06,143.47000122070312,21903163
2026-08-07,147.02000427246094,22808500
2026-08-10,150.19000244140625,11513963
2026-08-11,145.47999572753906,28678300
2026-08-12,153.27999877929688,43399366
2026-08-13,156.22000122070312,25652000
2026-08-14,150.52000427246094,21832100
2026-08-18,143.56500244140625,7618901
2026-08-19,143.15499877929688,12013429
2026-08-20,142.07000732421875,13269007
2026-08-21,146.47000122070312,16685495
2026-08-24,143.77879333496094,6894988
2026-08-25,144.75999450683594,26583679
2026-08-26,148.8699951171875,18073128
2026-08-27,147.85000610351562,9651837
2026-08-28,152.00999450683594,6749353
2026-08-31,150.08749389648438,4430056
2026-09-01,141.32000732421875,25389400
2026-09-02,145.75,21573428
2026-09-03,154.0399932861328,24472086
2026-09-04,157.5399932861328,13258673
2026-09-08,164.24000549316406,19174512
2026-09-09,161.6300048828125,26415990
2026-09-10,158.51499938964844,14848903
2026-09-11,151.86000061035156,56474486
2026-09-14,143.49000549316406,20684899
2026-09-15,143.4600067138672,12537447
2026-09-16,143.72000122070312,14925754
2026-09-17,150.58999633789062,26281873
2026-09-18,146.92979431152344,3179522
2026-09-21,149.25,10296984
2026-09-22,150.1300048828125,14296142
2026-09-23,144.55999755859375,22280238
2026-09-24,139.5399932861328,56188977
2026-09-25,137.10000610351562,23549400
2026-09-28,131.89999389648438,13744893
2026-09-29,137.7899932861328,45396386
2026-09-30,137.3000030517578,22263000
