date,close,volume
2014-01-02,30.459999084473,17438787
2014-01-03,30.520000457764,15036749
2014-01-06,30.549999237061,23963087
2014-01-07,30.739999771118,22233771
2014-01-08,30.950000762939,22925752
2014-01-09,30.930000305176,20581507
2014-01-10,30.690000534058,21723998
2014-01-13,30.540000915527,23992314
2014-01-14,31.0,32988558
2014-01-15,31.180000305176,28821285
2014-01-16,31.170000076294,18576035
2014-01-17,31.090000152588,21624008
2014-01-21,31.229999542236,24056887
2014-01-22,31.270000457764,22361112
2014-01-23,31.010000228882,25017107
2014-01-24,30.090000152588,36245903
2014-01-27,29.659999847412,33107687
2014-01-28,30.420000076294,34099780
2014-01-29,30.110000610352,29228410
2014-01-30,30.819999694824,32113452
2014-01-31,30.39999961853,41415729
2014-02-03,30.60000038147,61312704
2014-02-04,31.440000534058,47307645
2014-02-05,30.64999961853,37160317
2014-02-06,30.840000152588,23571095
2014-02-07,31.219999313354,27925229
2014-02-10,31.469999313354,22592138
2014-02-11,31.879999160767,24751159
2014-02-12,31.610000610352,21258791
2014-02-13,31.700000762939,18908053
2014-02-14,31.940000534058,18916233
2014-02-18,31.879999160767,19688059
2014-02-19,31.479999542236,27748274
2014-02-20,31.549999237061,22456010
2014-02-21,31.459999084473,18471924
2014-02-24,31.989999771118,38786380
2014-02-25,31.889999389648,27197243
2014-02-26,31.989999771118,25023439
2014-02-27,32.229999542236,22754494
2014-02-28,32.110000610352,27517571
2014-03-03,31.979999542236,23792904
2014-03-04,32.689998626709,26342366
2014-03-05,32.75,22451734
2014-03-06,32.459999084473,20551400
2014-03-07,32.430000305176,17610815
2014-03-10,32.389999389648,15958700
2014-03-11,32.419998168945,24165672
2014-03-12,31.979999542236,32518265
2014-03-13,31.120000839233,45895720
2014-03-14,31.229999542236,27112901
2014-03-17,31.420000076294,21264210
2014-03-18,31.930000305176,23080384
2014-03-19,31.709999084473,23082990
2014-03-20,31.909999847412,22696147
2014-03-21,32.180000305176,62719258
2014-03-24,31.489999771118,41807065
2014-03-25,31.819999694824,21139199
2014-03-26,32.180000305176,31579480
2014-03-27,32.099998474121,27743994
2014-03-28,31.879999160767,21969901
2014-03-31,32.119998931885,18473249
2014-04-01,31.950000762939,21836775
2014-04-02,32.290000915527,21615821
2014-04-03,32.400001525879,20036574
2014-04-04,32.159999847412,26276720
2014-04-07,31.200000762939,54582482
2014-04-08,30.870000839233,34572690
2014-04-09,31.229999542236,38686954
2014-04-10,30.610000610352,30444904
2014-04-11,29.860000610352,40821080
2014-04-14,29.870000839233,28833929
2014-04-15,29.889999389648,30079681
2014-04-16,30.090000152588,29506945
2014-04-17,30.25,26536813
2014-04-21,30.860000610352,30336778
2014-04-22,31.0,25974867
2014-04-23,30.920000076294,20493333
2014-04-24,30.709999084473,24963923
2014-04-25,30.75,18669530
2014-04-28,32.040000915527,71421571
2014-04-29,31.760000228882,39659341
2014-04-30,31.280000686646,36534514
2014-05-01,31.14999961853,41507996
2014-05-02,30.75,41708460
2014-05-05,29.959999084473,54908732
2014-05-06,29.430000305176,54719820
2014-05-07,29.020000457764,49056067
2014-05-08,29.170000076294,36094515
2014-05-09,29.030000686646,38996257
2014-05-12,29.129999160767,21658093
2014-05-13,29.200000762939,26287428
2014-05-14,29.10000038147,26782297
2014-05-15,29.059999465942,26836907
2014-05-16,29.120000839233,35704300
2014-05-19,29.280000686646,40994909
2014-05-20,29.25,24872164
2014-05-21,29.569999694824,21444759
2014-05-22,29.659999847412,21451982
2014-05-23,29.489999771118,18933462
2014-05-27,29.610000610352,26930669
2014-05-28,29.610000610352,27369551
2014-05-29,29.60000038147,24470229
2014-05-30,29.629999160767,26239799
2014-06-02,29.709999084473,19999906
2014-06-03,29.590000152588,24202687
2014-06-04,29.639999389648,23406829
2014-06-05,29.760000228882,19358977
2014-06-06,29.420000076294,26817064
2014-06-09,29.35000038147,24414475
2014-06-10,29.5,18212310
2014-06-11,29.430000305176,18743566
2014-06-12,29.450000762939,24118677
2014-06-13,29.530000686646,19604327
2014-06-16,29.610000610352,25028485
2014-06-17,29.479999542236,18283381
2014-06-18,29.709999084473,19338165
2014-06-19,29.590000152588,20308232
2014-06-20,29.780000686646,31303024
2014-06-23,29.450000762939,25188458
2014-06-24,29.299999237061,23354055
2014-06-25,29.799999237061,31517974
2014-06-26,29.590000152588,19472797
2014-06-27,29.670000076294,30672693
2014-06-30,29.680000305176,20566300
2014-07-01,30.079999923706,25600160
2014-07-02,30.370000839233,18501691
2014-07-03,30.530000686646,14852913
2014-07-07,30.489999771118,17593378
2014-07-08,30.14999961853,22440385
2014-07-09,30.049999237061,20680419
2014-07-10,30.0,20114399
2014-07-11,30.069999694824,18359599
2014-07-14,30.239999771118,20483726
2014-07-15,30.409999847412,30883159
2014-07-16,30.959999084473,35413297
2014-07-17,30.549999237061,32682232
2014-07-18,30.729999542236,24403174
2014-07-21,30.35000038147,22763367
2014-07-22,30.489999771118,18742272
2014-07-23,30.389999389648,21115436
2014-07-24,30.340000152588,14838961
2014-07-25,30.190000534058,14504702
2014-07-28,30.10000038147,27297106
2014-07-29,29.729999542236,37913591
2014-07-30,29.260000228882,33990600
2014-07-31,28.700000762939,38357296
2014-08-01,28.860000610352,31341919
2014-08-04,28.75,24144726
2014-08-05,28.409999847412,27686952
2014-08-06,28.280000686646,23380186
2014-08-07,28.040000915527,30515280
2014-08-08,28.340000152588,30110284
2014-08-11,28.25,22055839
2014-08-12,28.079999923706,20433209
2014-08-13,28.209999084473,17455327
2014-08-14,28.729999542236,19994969
2014-08-15,28.639999389648,21736655
2014-08-18,28.840000152588,22969591
2014-08-19,28.940000534058,18851434
2014-08-20,28.889999389648,15032899
2014-08-21,28.819999694824,24371476
2014-08-22,28.920000076294,16348816
2014-08-25,28.909999847412,16919958
2014-08-26,29.209999084473,17192390
2014-08-27,29.489999771118,23188549
2014-08-28,29.379999160767,20604008
2014-08-29,29.389999389648,16784494
2014-09-02,29.260000228882,20718884
2014-09-03,29.39999961853,21118570
2014-09-04,29.370000839233,22374102
2014-09-05,29.64999961853,17570111
2014-09-08,29.39999961853,14627107
2014-09-09,29.229999542236,21640035
2014-09-10,29.440000534058,19433442
2014-09-11,29.629999160767,18643671
2014-09-12,29.430000305176,18226112
2014-09-15,29.920000076294,24320580
2014-09-16,30.049999237061,19603611
2014-09-17,30.35000038147,26216479
2014-09-18,30.579999923706,26425808
2014-09-19,30.39999961853,35022166
2014-09-22,30.180000305176,24880231
2014-09-23,30.049999237061,29182583
2014-09-24,30.309999465942,22080475
2014-09-25,29.979999542236,22601559
2014-09-26,29.719999313354,23789557
2014-09-29,29.770000457764,19969777
2014-09-30,29.569999694824,25670326
2014-10-01,29.14999961853,35887859
2014-10-02,29.059999465942,28201985
2014-10-03,29.219999313354,24079246
2014-10-06,29.170000076294,16506250
2014-10-07,28.790000915527,24686621
2014-10-08,29.379999160767,29529138
2014-10-09,28.989999771118,22839126
2014-10-10,29.129999160767,32065292
2014-10-13,28.469999313354,34089392
2014-10-14,28.459999084473,23260406
2014-10-15,28.190000534058,41183731
2014-10-16,27.700000762939,37803059
2014-10-17,27.829999923706,32572812
2014-10-20,27.930000305176,38925417
2014-10-21,28.280000686646,36483573
2014-10-22,28.299999237061,30788550
2014-10-23,28.60000038147,30775083
2014-10-24,29.110000610352,28424946
2014-10-27,29.030000686646,22967053
2014-10-28,29.090000152588,32386317
2014-10-29,29.489999771118,27338685
2014-10-30,29.840000152588,21097190
2014-10-31,29.950000762939,25196027
2014-11-03,30.190000534058,21736423
2014-11-04,30.280000686646,24386112
2014-11-05,30.040000915527,19808464
2014-11-06,30.040000915527,16517411
2014-11-07,29.920000076294,17267966
2014-11-10,30.200000762939,22840409
2014-11-11,30.319999694824,15729781
2014-11-12,30.420000076294,23469625
2014-11-13,30.420000076294,14352896
2014-11-14,30.340000152588,18133000
2014-11-17,30.319999694824,26236768
2014-11-18,30.590000152588,20237580
2014-11-19,30.440000534058,15876908
2014-11-20,30.440000534058,16476903
2014-11-21,30.450000762939,27597836
2014-11-24,30.219999313354,32752575
2014-11-25,30.469999313354,25506926
2014-11-26,31.10000038147,27477104
2014-11-28,31.14999961853,20278707
2014-12-01,31.260000228882,22951443
2014-12-02,31.569999694824,25387559
2014-12-03,31.75,31455565
2014-12-04,31.670000076294,19351291
2014-12-05,31.989999771118,24854324
2014-12-08,31.969999313354,26867219
2014-12-09,31.950000762939,26384360
2014-12-10,31.860000610352,30217179
2014-12-11,31.64999961853,26365205
2014-12-12,30.950000762939,27514327
2014-12-15,30.860000610352,31734557
2014-12-16,30.670000076294,23675663
2014-12-17,31.120000839233,24657025
2014-12-18,31.969999313354,35926961
2014-12-19,31.940000534058,44949818
2014-12-22,32.090000152588,18395036
2014-12-23,31.450000762939,34796486
2014-12-24,31.420000076294,10823030
2014-12-26,31.64999961853,8606413
2014-12-29,31.389999389648,12675451
2014-12-30,31.379999160767,11033191
2014-12-31,31.14999961853,14930021
2015-01-02,31.329999923706,15532779
2015-01-05,31.159999847412,23516456
2015-01-06,31.420000076294,27958896
2015-01-07,31.85000038147,19211423
2015-01-08,32.5,46650416
2015-01-09,32.650001525879,24746690
2015-01-12,32.770000457764,23593788
2015-01-13,32.439998626709,34145654
2015-01-14,32.479999542236,30646817
2015-01-15,32.400001525879,25625776
2015-01-16,32.799999237061,23858305
2015-01-20,33.099998474121,42172145
2015-01-21,32.639999389648,33233188
2015-01-22,32.810001373291,29780871
2015-01-23,32.450000762939,25975881
2015-01-26,32.799999237061,26836355
2015-01-27,32.599998474121,40542996
2015-01-28,31.950000762939,32044149
2015-01-29,31.829999923706,29161207
2015-01-30,31.25,43070750
2015-02-02,31.64999961853,23292241
2015-02-03,32.020000457764,33003081
2015-02-04,32.069999694824,36690113
2015-02-05,32.990001678467,59443731
2015-02-06,33.169998168945,34979601
2015-02-09,33.069999694824,30584788
2015-02-10,34.150001525879,59424427
2015-02-11,34.25,39444633
2015-02-12,34.869998931885,43656765
2015-02-13,34.639999389648,23389565
2015-02-17,34.580001831055,22867208
2015-02-18,34.479999542236,21626152
2015-02-19,34.409999847412,26658421
2015-02-20,34.560001373291,26285645
2015-02-23,34.389999389648,23134620
2015-02-24,34.340000152588,19357523
2015-02-25,34.659999847412,37219997
2015-02-26,34.590000152588,19902776
2015-02-27,34.319999694824,24388891
2015-03-02,34.770000457764,21352030
2015-03-03,34.560001373291,24045228
2015-03-04,34.639999389648,19387742
2015-03-05,34.470001220703,23451015
2015-03-06,33.970001220703,39924646
2015-03-09,34.029998779297,31174589
2015-03-10,33.779998779297,38277674
2015-03-11,33.630001068115,25613667
2015-03-12,34.0,28177510
2015-03-13,34.0,28080492
2015-03-16,34.439998626709,29047073
2015-03-17,34.169998168945,20632621
2015-03-18,34.380001068115,33133937
2015-03-19,34.150001525879,20437408
2015-03-20,34.25,59160691
2015-03-23,35.049999237061,50805972
2015-03-24,34.520000457764,33163124
2015-03-25,34.299999237061,29206066
2015-03-26,34.159999847412,24826881
2015-03-27,34.529998779297,22840401
2015-03-30,35.0,25512725
2015-03-31,34.790000915527,26506614
2015-04-01,34.330001831055,32242944
2015-04-02,34.380001068115,25111848
2015-04-06,34.479999542236,21480465
2015-04-07,34.540000915527,14331227
2015-04-08,34.639999389648,22974476
2015-04-09,35.029998779297,29283243
2015-04-10,35.439998626709,24353692
2015-04-13,35.090000152588,34303193
2015-04-14,35.029998779297,15981680
2015-04-15,35.209999084473,29576121
2015-04-16,35.189998626709,19580445
2015-04-17,35.040000915527,28714998
2015-04-20,35.009998321533,22402767
2015-04-21,34.889999389648,22065411
2015-04-22,34.930000305176,14566264
2015-04-23,35.360000610352,22705857
2015-04-24,35.270000457764,22801318
2015-04-27,34.590000152588,42492058
2015-04-28,34.479999542236,46166849
2015-04-29,34.290000915527,37545364
2015-04-30,33.930000305176,27709137
2015-05-01,34.080001831055,21543362
2015-05-04,34.319999694824,23590434
2015-05-05,34.119998931885,22382158
2015-05-06,33.459999084473,26859481
2015-05-07,33.580001831055,21508469
2015-05-08,34.020000457764,20411756
2015-05-11,33.959999084473,26469509
2015-05-12,33.779998779297,17889918
2015-05-13,33.529998779297,23762495
2015-05-14,33.939998626709,17894537
2015-05-15,33.990001678467,16886762
2015-05-18,33.979999542236,24619161
2015-05-19,34.209999084473,20854707
2015-05-20,34.299999237061,15316889
2015-05-21,34.360000610352,18112198
2015-05-22,34.279998779297,12973502
2015-05-26,34.110000610352,18863608
2015-05-27,34.299999237061,22041415
2015-05-28,34.439998626709,15817238
2015-05-29,34.75,50083281
2015-06-01,34.560001373291,27551643
2015-06-02,34.490001678467,18666242
2015-06-03,34.409999847412,17201219
2015-06-04,34.240001678467,20659114
2015-06-05,34.090000152588,23067781
2015-06-08,33.979999542236,17670265
2015-06-09,34.009998321533,23211089
2015-06-10,34.310001373291,23674000
2015-06-11,34.459999084473,20155476
2015-06-12,34.209999084473,21685532
2015-06-15,34.040000915527,20933597
2015-06-16,34.040000915527,20668868
2015-06-17,33.979999542236,20993535
2015-06-18,34.369998931885,24510771
2015-06-19,34.180000305176,28878959
2015-06-22,34.310001373291,14041005
2015-06-23,34.5,18452412
2015-06-24,34.229999542236,23080402
2015-06-25,34.020000457764,23025334
2015-06-26,33.919998168945,35670284
2015-06-29,33.590000152588,28839453
2015-06-30,33.529998779297,35018708
2015-07-01,33.689998626709,28218521
2015-07-02,33.369998931885,22627197
2015-07-06,33.25,20992420
2015-07-07,33.729999542236,25852788
2015-07-08,33.450000762939,20209854
2015-07-09,33.860000610352,22112005
2015-07-10,34.360000610352,21146375
2015-07-13,34.819999694824,18226226
2015-07-14,35.080001831055,18496477
2015-07-15,34.979999542236,19466157
2015-07-16,35.099998474121,15311782
2015-07-17,35.069999694824,16775621
2015-07-20,35.240001678467,14772177
2015-07-21,35.139999389648,17658558
2015-07-22,34.880001068115,17624916
2015-07-23,34.779998779297,12718083
2015-07-24,34.259998321533,21428146
2015-07-27,34.340000152588,31323719
2015-07-28,35.349998474121,36671126
2015-07-29,35.759998321533,45343528
2015-07-30,35.729999542236,21501902
2015-07-31,36.060001373291,29004377
2015-08-03,36.150001525879,17096397
2015-08-04,36.110000610352,25733256
2015-08-05,35.819999694824,24247752
2015-08-06,35.169998168945,24471370
2015-08-07,35.189998626709,14653781
2015-08-10,35.360000610352,15619269
2015-08-11,35.119998931885,19234841
2015-08-12,35.369998931885,27984632
2015-08-13,35.360000610352,19540577
2015-08-14,35.319999694824,18067339
2015-08-17,35.5,13881656
2015-08-18,35.520000457764,13343611
2015-08-19,35.270000457764,17835440
2015-08-20,34.549999237061,18764789
2015-08-21,33.540000915527,33488851
2015-08-24,32.130001068115,52259907
2015-08-25,31.340000152588,42299709
2015-08-26,32.430000305176,43645667
2015-08-27,33.259998321533,38592990
2015-08-28,32.659999847412,33491832
2015-08-31,32.220001220703,32034626
2015-09-01,31.360000610352,39136107
2015-09-02,31.969999313354,31423678
2015-09-03,31.889999389648,21587915
2015-09-04,31.370000839233,22562960
2015-09-08,32.529998779297,25972815
2015-09-09,31.959999084473,21397708
2015-09-10,32.619998931885,31311517
2015-09-11,32.970001220703,22379477
2015-09-14,32.709999084473,15585448
2015-09-15,33.169998168945,20923890
2015-09-16,33.180000305176,21409982
2015-09-17,33.479999542236,25334971
2015-09-18,32.849998474121,36750754
2015-09-21,32.419998168945,23705054
2015-09-22,32.259998321533,24288653
2015-09-23,32.619998931885,26123994
2015-09-24,32.700000762939,30464060
2015-09-25,31.889999389648,34523959
2015-09-28,30.819999694824,42582903
2015-09-29,31.020000457764,31037197
2015-09-30,31.409999847412,32109276
2015-10-01,31.840000152588,29950597
2015-10-02,33.080001831055,41704691
2015-10-05,33.479999542236,31996488
2015-10-06,32.790000915527,36590273
2015-10-07,33.290000915527,29635898
2015-10-08,33.090000152588,30068206
2015-10-09,33.240001678467,20406537
2015-10-12,33.220001220703,14840981
2015-10-13,32.979999542236,19446103
2015-10-14,33.040000915527,17728981
2015-10-15,34.080001831055,26383132
2015-10-16,34.409999847412,19202040
2015-10-19,34.5,15780809
2015-10-20,34.0,17491641
2015-10-21,33.459999084473,33194128
2015-10-22,33.330001831055,41366018
2015-10-23,34.049999237061,27534633
2015-10-26,34.159999847412,23291113
2015-10-27,34.990001678467,40077755
2015-10-28,35.450000762939,34862861
2015-10-29,34.770000457764,72026827
2015-10-30,33.819999694824,57128862
2015-11-02,35.060001373291,39500573
2015-11-03,34.970001220703,29542772
2015-11-04,34.139999389648,30876985
2015-11-05,34.150001525879,20492714
2015-11-06,33.930000305176,31249384
2015-11-09,33.650001525879,27015140
2015-11-10,33.790000915527,20968209
2015-11-11,33.740001678467,20503311
2015-11-12,33.389999389648,18000269
2015-11-13,33.270000457764,18065881
2015-11-16,33.159999847412,25637126
2015-11-17,32.869998931885,29692177
2015-11-18,33.310001373291,35963308
2015-11-19,32.290000915527,90712689
2015-11-20,32.180000305176,64599569
2015-11-23,31.329999923706,124645606
2015-11-24,31.969999313354,84025972
2015-11-25,32.869998931885,79382953
2015-11-27,32.790000915527,16119593
2015-11-30,32.770000457764,42912825
2015-12-01,33.619998931885,49301003
2015-12-02,32.900001525879,31828441
2015-12-03,32.389999389648,47352572
2015-12-04,32.799999237061,31613799
2015-12-07,32.659999847412,20968224
2015-12-08,32.529998779297,25734405
2015-12-09,32.290000915527,39558235
2015-12-10,32.360000610352,52793848
2015-12-11,32.060001373291,40275230
2015-12-14,32.180000305176,38288349
2015-12-15,32.259998321533,47339338
2015-12-16,32.580001831055,44432034
2015-12-17,32.330001831055,38326977
2015-12-18,31.989999771118,66616172
2015-12-21,32.459999084473,30623374
2015-12-22,32.520000457764,25504927
2015-12-23,32.560001373291,20969414
2015-12-24,32.619998931885,7927657
2015-12-28,32.419998168945,26335651
2015-12-29,32.830001831055,17036188
2015-12-30,32.75,16335430
2015-12-31,32.279998779297,21103875
2016-01-04,31.950000762939,37307849
2016-01-05,32.180000305176,27303637
2016-01-06,31.610000610352,25846580
2016-01-07,31.39999961853,37213616
2016-01-08,31.0,33055316
2016-01-11,31.069999694824,38631767
2016-01-12,31.0,38830184
2016-01-13,30.370000839233,40571977
2016-01-14,31.110000610352,38522829
2016-01-15,30.809999465942,46773503
2016-01-19,30.690000534058,32740269
2016-01-20,30.659999847412,49470839
2016-01-21,30.579999923706,36554638
2016-01-22,30.709999084473,31444403
2016-01-25,30.5,28760238
2016-01-26,30.670000076294,25959033
2016-01-27,30.520000457764,28519054
2016-01-28,30.200000762939,48785513
2016-01-29,30.489999771118,56730809
2016-02-01,30.170000076294,47473256
2016-02-02,30.139999389648,48212138
2016-02-03,29.670000076294,44974694
2016-02-04,29.0,56934604
2016-02-05,29.030000686646,38931602
2016-02-08,28.559999465942,47516490
2016-02-09,29.10000038147,57129774
2016-02-10,29.489999771118,44707153
2016-02-11,29.129999160767,39640150
2016-02-12,29.360000610352,32543171
2016-02-16,29.809999465942,32570542
2016-02-17,29.629999160767,39112238
2016-02-18,29.549999237061,48186895
2016-02-19,29.489999771118,39724859
2016-02-22,30.049999237061,39334413
2016-02-23,29.959999084473,31970661
2016-02-24,30.020000457764,31615008
2016-02-25,30.590000152588,52040085
2016-02-26,30.229999542236,42926045
2016-02-29,29.670000076294,35191529
2016-03-01,30.040000915527,31417662
2016-03-02,29.979999542236,34288226
2016-03-03,29.889999389648,36889916
2016-03-04,29.709999084473,36838592
2016-03-07,29.790000915527,32196325
2016-03-08,29.360000610352,32795865
2016-03-09,29.739999771118,76901930
2016-03-10,29.590000152588,58125407
2016-03-11,30.5,60378126
2016-03-14,30.10000038147,46764282
2016-03-15,29.540000915527,54670155
2016-03-16,29.040000915527,91225370
2016-03-17,29.340000152588,66872413
2016-03-18,29.450000762939,81904920
2016-03-21,30.069999694824,35222287
2016-03-22,30.379999160767,40683750
2016-03-23,30.190000534058,40783393
2016-03-24,30.079999923706,31944691
2016-03-28,29.780000686646,31167480
2016-03-29,30.049999237061,34596245
2016-03-30,30.069999694824,32091605
2016-03-31,29.639999389648,56794821
2016-04-01,30.040000915527,48363680
2016-04-04,30.719999313354,51956937
2016-04-05,31.360000610352,284468054
2016-04-06,32.930000305176,150396010
2016-04-07,32.759998321533,61377971
2016-04-08,32.5,52749519
2016-04-11,31.889999389648,83240779
2016-04-12,31.959999084473,42864282
2016-04-13,32.540000915527,36460342
2016-04-14,32.650001525879,31956813
2016-04-15,32.5,35274322
2016-04-18,32.610000610352,36999336
2016-04-19,32.889999389648,28420327
2016-04-20,33.229999542236,35086859
2016-04-21,33.240001678467,34179594
2016-04-22,33.270000457764,26137321
2016-04-25,33.209999084473,24259539
2016-04-26,33.049999237061,28741271
2016-04-27,33.0,26094478
2016-04-28,32.909999847412,33035072
2016-04-29,32.709999084473,34213618
2016-05-02,32.799999237061,38066813
2016-05-03,33.700000762939,71533580
2016-05-04,33.400001525879,36073395
2016-05-05,33.569999694824,23764159
2016-05-06,33.580001831055,23170974
2016-05-09,33.819999694824,31482720
2016-05-10,33.799999237061,24787046
2016-05-11,33.159999847412,30395992
2016-05-12,33.189998626709,25376203
2016-05-13,33.189998626709,20514662
2016-05-16,33.380001068115,22048594
2016-05-17,33.029998779297,31475505
2016-05-18,33.169998168945,19957157
2016-05-19,33.380001068115,26656342
2016-05-20,33.740001678467,34571121
2016-05-23,33.669998168945,23839518
2016-05-24,34.099998474121,28359406
2016-05-25,34.349998474121,21036679
2016-05-26,34.430000305176,25290595
2016-05-27,34.610000610352,20464005
2016-05-31,34.700000762939,32777281
2016-06-01,34.75,23113119
2016-06-02,34.869998931885,30178076
2016-06-03,34.689998626709,26923708
2016-06-06,34.930000305176,20423941
2016-06-07,34.840000152588,23507519
2016-06-08,35.25,22488810
2016-06-09,35.310001373291,24136766
2016-06-10,35.290000915527,20536448
2016-06-13,34.740001678467,29692587
2016-06-14,34.990001678467,31698717
2016-06-15,34.790000915527,20277743
2016-06-16,34.75,22334530
2016-06-17,34.220001220703,33608565
2016-06-20,34.5,22594776
2016-06-21,34.75,25356674
2016-06-22,34.470001220703,25157102
2016-06-23,34.590000152588,23824757
2016-06-24,33.970001220703,44000223
2016-06-27,33.799999237061,29846683
2016-06-28,34.439998626709,23784246
2016-06-29,35.009998321533,24864130
2016-06-30,35.209999084473,26993796
2016-07-01,35.569999694824,19327637
2016-07-05,35.810001373291,20847146
2016-07-06,35.860000610352,25832015
2016-07-07,35.770000457764,18103472
2016-07-08,36.119998931885,17792142
2016-07-11,36.150001525879,16515071
2016-07-12,36.240001678467,16192018
2016-07-13,36.310001373291,13862889
2016-07-14,36.919998168945,27661388
2016-07-15,36.770000457764,25090491
2016-07-18,36.639999389648,16914164
2016-07-19,36.639999389648,16712509
2016-07-20,36.680000305176,12274287
2016-07-21,36.709999084473,13212689
2016-07-22,36.740001678467,13481509
2016-07-25,36.779998779297,12175764
2016-07-26,36.830001831055,12119508
2016-07-27,36.849998474121,15064000
2016-07-28,36.669998168945,16256954
2016-07-29,36.889999389648,21513828
2016-08-01,37.310001373291,28378613
2016-08-02,36.389999389648,33125741
2016-08-03,35.290000915527,42638656
2016-08-04,35.150001525879,25125802
2016-08-05,35.439998626709,27196405
2016-08-08,34.930000305176,30540494
2016-08-09,35.080001831055,17129391
2016-08-10,35.130001068115,14124597
2016-08-11,35.150001525879,13384075
2016-08-12,34.979999542236,15029166
2016-08-15,35.110000610352,12354034
2016-08-16,34.790000915527,15127343
2016-08-17,35.139999389648,17040893
2016-08-18,35.189998626709,16131301
2016-08-19,34.979999542236,19568121
2016-08-22,34.840000152588,26042442
2016-08-23,35.090000152588,16957910
2016-08-24,34.819999694824,22538088
2016-08-25,34.770000457764,18105382
2016-08-26,34.819999694824,18771960
2016-08-29,35.110000610352,15124885
2016-08-30,34.880001068115,14492181
2016-08-31,34.799999237061,20796612
2016-09-01,34.680000305176,15921155
2016-09-02,34.770000457764,14435849
2016-09-06,34.770000457764,16965863
2016-09-07,34.840000152588,14815540
2016-09-08,34.720001220703,18231711
2016-09-09,34.099998474121,22386204
2016-09-12,34.650001525879,19423820
2016-09-13,34.040000915527,20757597
2016-09-14,33.939998626709,18904147
2016-09-15,34.139999389648,20852944
2016-09-16,33.939998626709,25615509
2016-09-19,33.650001525879,17542252
2016-09-20,33.810001373291,14113245
2016-09-21,34.279998779297,15557394
2016-09-22,34.150001525879,16737398
2016-09-23,34.259998321533,12937101
2016-09-26,33.639999389648,29525632
2016-09-27,33.830001831055,15610585
2016-09-28,33.990001678467,14307758
2016-09-29,33.319999694824,25043991
2016-09-30,33.869998931885,28593974
2016-10-03,33.680000305176,17895999
2016-10-04,33.720001220703,20901129
2016-10-05,33.900001525879,13945331
2016-10-06,33.650001525879,15948590
2016-10-07,33.560001373291,14819706
2016-10-10,33.610000610352,16383660
2016-10-11,33.130001068115,17332125
2016-10-12,33.069999694824,15138764
2016-10-13,32.759998321533,24182290
2016-10-14,32.659999847412,15569339
2016-10-17,32.5,16923468
2016-10-18,32.689998626709,14823626
2016-10-19,32.599998474121,16363791
2016-10-20,32.540000915527,19292363
2016-10-21,32.180000305176,18834961
2016-10-24,32.130001068115,19586374
2016-10-25,32.279998779297,19336056
2016-10-26,32.400001525879,17102660
2016-10-27,32.479999542236,18253037
2016-10-28,31.930000305176,28508651
2016-10-31,31.709999084473,35949424
2016-11-01,31.069999694824,54350118
2016-11-02,30.629999160767,36084519
2016-11-03,29.889999389648,36329216
2016-11-04,30.0,35028231
2016-11-07,30.379999160767,30877493
2016-11-08,30.0,35451303
2016-11-09,32.119998931885,118753768
2016-11-10,33.490001678467,67275205
2016-11-11,32.590000152588,35803589
2016-11-14,32.380001068115,30568352
2016-11-15,32.229999542236,29614279
2016-11-16,31.959999084473,22641562
2016-11-17,31.729999542236,26093494
2016-11-18,31.479999542236,24156427
2016-11-21,31.569999694824,21872759
2016-11-22,31.329999923706,26434849
2016-11-23,31.420000076294,21270415
2016-11-25,31.690000534058,10452948
2016-11-28,31.540000915527,17735150
2016-11-29,31.920000076294,21642215
2016-11-30,32.139999389648,38519485
2016-12-01,31.459999084473,30606411
2016-12-02,31.629999160767,19007839
2016-12-05,31.590000152588,19300328
2016-12-06,31.559999465942,17706806
2016-12-07,31.190000534058,44053675
2016-12-08,30.940000534058,35493010
2016-12-09,31.700000762939,29350843
2016-12-12,32.400001525879,32255700
2016-12-13,32.830001831055,28760300
2016-12-14,32.819999694824,36347068
2016-12-15,32.75,20877122
2016-12-16,32.840000152588,37585369
2016-12-19,32.830001831055,24930729
2016-12-20,32.849998474121,25074289
2016-12-21,32.400001525879,18739717
2016-12-22,32.340000152588,18613336
2016-12-23,32.479999542236,10804464
2016-12-27,32.529998779297,11220427
2016-12-28,32.349998474121,13938755
2016-12-29,32.490001678467,14067567
2016-12-30,32.479999542236,18866618
2017-01-03,33.0,22193434
2017-01-04,33.290000915527,21588216
2017-01-05,33.610000610352,20003366
2017-01-06,33.479999542236,17474593
2017-01-09,33.470001220703,20455302
2017-01-10,33.439998626709,19397333
2017-01-11,32.830001831055,40439412
2017-01-12,32.599998474121,31760852
2017-01-13,32.520000457764,20291186
2017-01-17,32.060001373291,32104523
2017-01-18,32.029998779297,21469733
2017-01-19,31.700000762939,26144122
2017-01-20,31.770000457764,30159695
2017-01-23,31.459999084473,24760966
2017-01-24,31.14999961853,29625416
2017-01-25,31.290000915527,32168240
2017-01-26,31.280000686646,27185453
2017-01-27,31.420000076294,24054743
2017-01-30,31.309999465942,27464839
2017-01-31,31.729999542236,37450039
2017-02-01,31.670000076294,28493260
2017-02-02,31.729999542236,23372299
2017-02-03,32.090000152588,35991724
2017-02-06,32.229999542236,24534376
2017-02-07,32.080001831055,23512005
2017-02-08,32.139999389648,19160070
2017-02-09,32.380001068115,23816348
2017-02-10,32.349998474121,21907167
2017-02-13,32.610000610352,20620122
2017-02-14,32.75,22965351
2017-02-15,33.509998321533,45574488
2017-02-16,33.619998931885,38332300
2017-02-17,33.619998931885,34992707
2017-02-21,33.619998931885,24090742
2017-02-22,33.590000152588,27207299
2017-02-23,34.060001373291,30477129
2017-02-24,34.259998321533,24711954
2017-02-27,34.279998779297,21830284
2017-02-28,34.119998931885,27480705
2017-03-01,34.419998168945,32291229
2017-03-02,34.509998321533,25572123
2017-03-03,34.520000457764,18837249
2017-03-06,34.349998474121,18191883
2017-03-07,33.990001678467,29206226
2017-03-08,33.909999847412,22647434
2017-03-09,34.049999237061,19164707
2017-03-10,34.110000610352,19179038
2017-03-13,34.110000610352,18964029
2017-03-14,34.220001220703,14766085
2017-03-15,34.630001068115,23035916
2017-03-16,34.430000305176,20698492
2017-03-17,34.319999694824,43392929
2017-03-20,34.380001068115,17490950
2017-03-21,34.25,31388495
2017-03-22,34.470001220703,26117870
2017-03-23,34.290000915527,20283431
2017-03-24,34.0,27118654
2017-03-27,34.180000305176,17886174
2017-03-28,34.159999847412,18337464
2017-03-29,34.330001831055,17281021
2017-03-30,34.349998474121,14993815
2017-03-31,34.209999084473,18611785
2017-04-03,34.240001678467,18088044
2017-04-04,34.340000152588,19282949
2017-04-05,34.189998626709,19280079
2017-04-06,34.110000610352,16285254
2017-04-07,34.099998474121,13973510
2017-04-10,34.040000915527,15989255
2017-04-11,33.930000305176,19123012
2017-04-12,33.919998168945,24689361
2017-04-13,33.880001068115,12865826
2017-04-17,34.0,15145568
2017-04-18,33.840000152588,21151220
2017-04-19,33.610000610352,23913011
2017-04-20,33.740001678467,18348503
2017-04-21,33.639999389648,24243076
2017-04-24,33.740001678467,21288924
2017-04-25,33.759998321533,18744026
2017-04-26,33.849998474121,19814537
2017-04-27,33.860000610352,14832197
2017-04-28,33.919998168945,15979173
2017-05-01,33.779998779297,22685809
2017-05-02,33.610000610352,40764439
2017-05-03,33.470001220703,24815663
2017-05-04,33.450000762939,25519830
2017-05-05,33.479999542236,21821633
2017-05-08,33.450000762939,23511940
2017-05-09,33.380001068115,17104601
2017-05-10,33.029998779297,33045403
2017-05-11,33.040000915527,25067891
2017-05-12,33.009998321533,17636786
2017-05-15,33.119998931885,19478614
2017-05-16,32.599998474121,40263569
2017-05-17,32.229999542236,28397788
2017-05-18,32.220001220703,23600353
2017-05-19,32.459999084473,28354336
2017-05-22,32.119998931885,25356699
2017-05-23,32.139999389648,17568656
2017-05-24,32.049999237061,22486949
2017-05-25,32.159999847412,17293352
2017-05-26,32.139999389648,11699041
2017-05-30,32.130001068115,16047050
2017-05-31,32.650001525879,29018501
2017-06-01,32.709999084473,23894513
2017-06-02,32.540000915527,20858188
2017-06-05,32.349998474121,14226613
2017-06-06,32.069999694824,17866356
2017-06-07,32.0,16584142
2017-06-08,31.75,33795781
2017-06-09,32.770000457764,30137170
2017-06-12,32.700000762939,28876207
2017-06-13,32.580001831055,17166939
2017-06-14,32.689998626709,13821775
2017-06-15,32.810001373291,18929889
2017-06-16,32.970001220703,31878571
2017-06-19,33.220001220703,20799046
2017-06-20,33.560001373291,26066194
2017-06-21,33.880001068115,25744254
2017-06-22,34.060001373291,22156066
2017-06-23,34.169998168945,30046310
2017-06-26,34.040000915527,14172264
2017-06-27,33.770000457764,15265637
2017-06-28,33.75,14795086
2017-06-29,33.630001068115,14919173
2017-06-30,33.590000152588,13512482
2017-07-03,33.819999694824,8512300
2017-07-05,33.639999389648,16197580
2017-07-06,33.220001220703,13924394
2017-07-07,33.349998474121,16996728
2017-07-10,33.409999847412,13526294
2017-07-11,33.169998168945,12214478
2017-07-12,33.220001220703,13831109
2017-07-13,33.279998779297,13389024
2017-07-14,33.430000305176,12500755
2017-07-17,33.25,16825293
2017-07-18,33.360000610352,14569448
2017-07-19,33.619998931885,18810217
2017-07-20,33.540000915527,16954528
2017-07-21,33.479999542236,12024404
2017-07-24,33.319999694824,14761837
2017-07-25,33.099998474121,19787519
2017-07-26,32.889999389648,15723616
2017-07-27,33.0,16661472
2017-07-28,33.150001525879,16239229
2017-07-31,33.159999847412,21982573
2017-08-01,33.080001831055,26634264
2017-08-02,32.919998168945,28854037
2017-08-03,33.430000305176,27267488
2017-08-04,33.639999389648,25790667
2017-08-07,33.310001373291,12512569
2017-08-08,33.279998779297,16116151
2017-08-09,33.450000762939,14997801
2017-08-10,33.419998168945,18085881
2017-08-11,33.25,12928473
2017-08-14,33.310001373291,12791545
2017-08-15,33.380001068115,17124142
2017-08-16,33.360000610352,10558641
2017-08-17,32.950000762939,14858762
2017-08-18,32.669998168945,15490145
2017-08-21,32.759998321533,16934286
2017-08-22,33.150001525879,13452221
2017-08-23,33.240001678467,16119454
2017-08-24,33.229999542236,11518441
2017-08-25,33.389999389648,14393883
2017-08-28,33.470001220703,12365346
2017-08-29,33.5,12224026
2017-08-30,33.450000762939,11759928
2017-08-31,33.919998168945,25901790
2017-09-01,33.959999084473,18179055
2017-09-05,33.799999237061,14296598
2017-09-06,33.990001678467,13212295
2017-09-07,33.990001678467,17867050
2017-09-08,34.099998474121,15442446
2017-09-11,34.319999694824,16379498
2017-09-12,35.369998931885,37256492
2017-09-13,35.060001373291,20982433
2017-09-14,35.729999542236,27426839
2017-09-15,35.360000610352,28871059
2017-09-18,35.549999237061,16936220
2017-09-19,35.450000762939,15692161
2017-09-20,35.990001678467,25680077
2017-09-21,35.970001220703,15731081
2017-09-22,35.959999084473,14605376
2017-09-25,35.509998321533,22181960
2017-09-26,35.299999237061,17559784
2017-09-27,35.450000762939,14708470
2017-09-28,35.599998474121,18062655
2017-09-29,35.700000762939,16003652
2017-10-02,36.069999694824,16642649
2017-10-03,36.139999389648,13594288
2017-10-04,35.959999084473,10849382
2017-10-05,36.0,13605723
2017-10-06,36.049999237061,12060086
2017-10-09,36.139999389648,9751519
2017-10-10,36.400001525879,17739464
2017-10-11,36.450000762939,17233093
2017-10-12,36.349998474121,13994415
2017-10-13,36.340000152588,12769294
2017-10-16,35.979999542236,13581579
2017-10-17,36.200000762939,14019661
2017-10-18,35.830001831055,14418003
2017-10-19,36.240001678467,19789423
2017-10-20,36.419998168945,17502245
2017-10-23,36.400001525879,15159383
2017-10-24,36.270000457764,15015341
2017-10-25,36.159999847412,16625693
2017-10-26,35.740001678467,17432863
2017-10-27,35.599998474121,14940121
2017-10-30,35.150001525879,25312745
2017-10-31,35.060001373291,23523848
2017-11-01,35.259998321533,15709246
2017-11-02,35.459999084473,13168905
2017-11-03,35.549999237061,8878821
2017-11-06,35.319999694824,10626680
2017-11-07,35.360000610352,10892660
2017-11-08,35.340000152588,13569440
2017-11-09,35.200000762939,13366877
2017-11-10,35.180000305176,15046120
2017-11-13,35.299999237061,23788112
2017-11-14,35.380001068115,16393325
2017-11-15,35.360000610352,12946990
2017-11-16,35.560001373291,12927777
2017-11-17,35.369998931885,14847477
2017-11-20,35.349998474121,11817430
2017-11-21,35.540000915527,12649953
2017-11-22,35.430000305176,10553135
2017-11-24,35.490001678467,6397307
2017-11-27,35.490001678467,10292760
2017-11-28,35.849998474121,12985786
2017-11-29,36.209999084473,15296837
2017-11-30,36.259998321533,22830776
2017-12-01,36.349998474121,18584945
2017-12-04,36.060001373291,14086848
2017-12-05,35.630001068115,22320611
2017-12-06,35.560001373291,17379224
2017-12-07,35.5,15807772
2017-12-08,35.740001678467,14901108
2017-12-11,36.209999084473,14362928
2017-12-12,36.580001831055,22485913
2017-12-13,36.639999389648,15787247
2017-12-14,36.459999084473,14786943
2017-12-15,37.200000762939,37779932
2017-12-18,37.130001068115,16765145
2017-12-19,36.939998626709,14058532
2017-12-20,36.459999084473,15099152
2017-12-21,36.240001678467,14769378
2017-12-22,36.139999389648,8599248
2017-12-26,36.209999084473,10892371
2017-12-27,36.330001831055,8319672
2017-12-28,36.369998931885,6583899
2017-12-29,36.220001220703,11421487
2018-01-02,36.439998626709,16185764
2018-01-03,36.709999084473,13456505
2018-01-04,36.790000915527,12378079
2018-01-05,36.860000610352,12492890
2018-01-08,36.450000762939,18941521
2018-01-09,36.409999847412,16011637
2018-01-10,36.470001220703,17794887
2018-01-11,36.560001373291,14328844
2018-01-12,36.540000915527,19203657
2018-01-16,36.599998474121,28972241
2018-01-17,37.180000305176,24034478
2018-01-18,36.990001678467,18924552
2018-01-19,36.939998626709,29538600
2018-01-22,36.930000305176,20285144
2018-01-23,36.819999694824,17578034
2018-01-24,36.930000305176,17716499
2018-01-25,37.229999542236,18015415
2018-01-26,39.009998321533,48805858
2018-01-29,39.020000457764,34894666
2018-01-30,37.799999237061,45999703
2018-01-31,37.040000915527,34022734
2018-02-01,36.830001831055,28176379
2018-02-02,36.610000610352,24277891
2018-02-05,34.669998168945,40288128
2018-02-06,35.279998779297,53164235
2018-02-07,34.979999542236,29370002
2018-02-08,33.630001068115,43501709
2018-02-09,34.159999847412,47297681
2018-02-12,34.659999847412,36758689
2018-02-13,34.939998626709,20454978
2018-02-14,35.189998626709,23239837
2018-02-15,35.709999084473,21431059
2018-02-16,36.259998321533,26242465
2018-02-20,36.009998321533,25808704
2018-02-21,35.759998321533,24546750
2018-02-22,35.740001678467,22754704
2018-02-23,36.259998321533,17020895
2018-02-26,37.090000152588,24105629
2018-02-27,36.799999237061,22336909
2018-02-28,36.310001373291,26907899
2018-03-01,35.630001068115,28731400
2018-03-02,35.950000762939,21130333
2018-03-05,36.119998931885,21176053
2018-03-06,35.880001068115,17081100
2018-03-07,35.930000305176,22239404
2018-03-08,36.5,20537588
2018-03-09,36.770000457764,18311855
2018-03-12,36.610000610352,25210277
2018-03-13,36.75,28046226
2018-03-14,36.349998474121,22180728
2018-03-15,36.580001831055,19457602
2018-03-16,36.779998779297,32376925
2018-03-19,36.330001831055,18978917
2018-03-20,36.330001831055,19255999
2018-03-21,36.270000457764,18094250
2018-03-22,35.599998474121,20962742
2018-03-23,34.490001678467,27880166
2018-03-26,35.040000915527,23649364
2018-03-27,35.009998321533,27357878
2018-03-28,35.299999237061,24999735
2018-03-29,35.490001678467,23533906
2018-04-02,35.049999237061,26872193
2018-04-03,35.680000305176,20254152
2018-04-04,36.130001068115,20882990
2018-04-05,35.729999542236,24460903
2018-04-06,35.169998168945,21146274
2018-04-09,35.459999084473,19409229
2018-04-10,35.950000762939,19884249
2018-04-11,35.790000915527,13168781
2018-04-12,36.319999694824,22597698
2018-04-13,36.319999694824,16863666
2018-04-16,36.529998779297,15116082
2018-04-17,36.330001831055,16769973
2018-04-18,36.490001678467,13901830
2018-04-19,36.529998779297,15784274
2018-04-20,36.630001068115,21225750
2018-04-23,36.799999237061,24080746
2018-04-24,37.060001373291,25717648
2018-04-25,36.680000305176,26309450
2018-04-26,36.849998474121,19360179
2018-04-27,37.0,13686126
2018-04-30,36.610000610352,26846133
2018-05-01,35.400001525879,48650997
2018-05-02,34.889999389648,28036345
2018-05-03,34.759998321533,22312983
2018-05-04,34.840000152588,18781706
2018-05-07,34.930000305176,20474368
2018-05-08,34.979999542236,26821265
2018-05-09,35.169998168945,19383496
2018-05-10,35.040000915527,29323229
2018-05-11,35.5,20512293
2018-05-14,35.860000610352,20384294
2018-05-15,35.689998626709,18354536
2018-05-16,35.680000305176,20750225
2018-05-17,35.709999084473,12354300
2018-05-18,35.639999389648,14928519
2018-05-21,35.799999237061,16890829
2018-05-22,35.720001220703,13735575
2018-05-23,35.970001220703,19315552
2018-05-24,35.889999389648,16625330
2018-05-25,35.680000305176,14236565
2018-05-29,35.700000762939,26735896
2018-05-30,36.049999237061,27603229
2018-05-31,35.930000305176,29341995
2018-06-01,36.25,21200222
2018-06-04,36.450000762939,18041056
2018-06-05,36.439998626709,20375797
2018-06-06,36.380001068115,18375821
2018-06-07,36.490001678467,16208120
2018-06-08,36.669998168945,15610786
2018-06-11,36.299999237061,18506278
2018-06-12,36.299999237061,15533095
2018-06-13,36.220001220703,15207986
2018-06-14,36.159999847412,18936803
2018-06-15,36.360000610352,46638490
2018-06-18,36.159999847412,22906545
2018-06-19,36.220001220703,17537628
2018-06-20,36.459999084473,20260245
2018-06-21,36.299999237061,16027644
2018-06-22,36.509998321533,26613610
2018-06-25,36.380001068115,19378054
2018-06-26,36.380001068115,24131903
2018-06-27,36.209999084473,27890386
2018-06-28,36.360000610352,15660460
2018-06-29,36.279998779297,19934906
2018-07-02,36.330001831055,13810581
2018-07-03,36.349998474121,9115864
2018-07-05,36.869998931885,19346445
2018-07-06,37.110000610352,22547897
2018-07-09,37.159999847412,21185382
2018-07-10,37.430000305176,19216190
2018-07-11,37.209999084473,16883598
2018-07-12,37.520000457764,16105203
2018-07-13,37.529998779297,14456705
2018-07-16,37.380001068115,16972210
2018-07-17,37.650001525879,14933586
2018-07-18,37.659999847412,19737628
2018-07-19,37.360000610352,15746527
2018-07-20,37.330001831055,14793271
2018-07-23,37.209999084473,19784700
2018-07-24,37.700000762939,16892601
2018-07-25,37.990001678467,16266376
2018-07-26,38.159999847412,23567896
2018-07-27,38.409999847412,21018251
2018-07-30,38.590000152588,20855309
2018-07-31,39.930000305176,48232784
2018-08-01,40.270000457764,31057499
2018-08-02,39.650001525879,30246188
2018-08-03,40.540000915527,25966165
2018-08-06,41.040000915527,26071725
2018-08-07,40.840000152588,17958832
2018-08-08,41.409999847412,24513719
2018-08-09,41.0,19090378
2018-08-10,40.930000305176,17261979
2018-08-13,40.810001373291,18843100
2018-08-14,40.709999084473,16448577
2018-08-15,41.159999847412,21279365
2018-08-16,41.419998168945,15614269
2018-08-17,42.090000152588,24583231
2018-08-20,42.330001831055,21367175
2018-08-21,42.159999847412,17678607
2018-08-22,42.069999694824,14233143
2018-08-23,42.200000762939,19954610
2018-08-24,42.400001525879,20552243
2018-08-27,41.580001831055,23231398
2018-08-28,41.5,18854039
2018-08-29,41.5,14976323
2018-08-30,41.5,15194858
2018-08-31,41.520000457764,19908467
2018-09-04,41.369998931885,14492231
2018-09-05,41.849998474121,20702043
2018-09-06,41.779998779297,17416277
2018-09-07,42.200000762939,20134401
2018-09-10,42.060001373291,20381623
2018-09-11,42.310001373291,18651629
2018-09-12,42.409999847412,16611205
2018-09-13,42.849998474121,17709787
2018-09-14,42.959999084473,15939852
2018-09-17,43.009998321533,16038234
2018-09-18,43.509998321533,19416509
2018-09-19,43.259998321533,22564634
2018-09-20,43.75,17476185
2018-09-21,44.060001373291,35192233
2018-09-24,43.930000305176,17163134
2018-09-25,43.790000915527,14533656
2018-09-26,43.680000305176,17442871
2018-09-27,43.900001525879,14124737
2018-09-28,44.069999694824,14662793
2018-10-01,44.270000457764,16008053
2018-10-02,44.220001220703,17236862
2018-10-03,44.810001373291,22730183
2018-10-04,44.700000762939,17989207
2018-10-05,44.909999847412,17184608
2018-10-08,45.279998779297,23415164
2018-10-09,45.470001220703,20386178
2018-10-10,44.509998321533,32017319
2018-10-11,42.810001373291,42029578
2018-10-12,43.779998779297,28858723
2018-10-15,43.119998931885,22773043
2018-10-16,43.930000305176,21208405
2018-10-17,44.569999694824,21967908
2018-10-18,44.0,21345724
2018-10-19,44.5,18562548
2018-10-22,44.369998931885,17103310
2018-10-23,44.099998474121,21890987
2018-10-24,42.479999542236,35035292
2018-10-25,43.409999847412,36623024
2018-10-26,42.599998474121,28743182
2018-10-29,43.229999542236,30215917
2018-10-30,42.889999389648,33609272
2018-10-31,43.060001373291,26748787
2018-11-01,43.669998168945,23034261
2018-11-02,42.930000305176,22982040
2018-11-05,43.520000457764,20520313
2018-11-06,43.009998321533,21057074
2018-11-07,44.400001525879,34910149
2018-11-08,43.849998474121,24380017
2018-11-09,44.279998779297,24708399
2018-11-12,44.110000610352,20734237
2018-11-13,43.520000457764,19126232
2018-11-14,42.909999847412,26943898
2018-11-15,43.209999084473,24607466
2018-11-16,43.509998321533,23343969
2018-11-19,44.180000305176,22458796
2018-11-20,43.529998779297,21791753
2018-11-21,43.099998474121,18658355
2018-11-23,43.139999389648,8390899
2018-11-26,43.340000152588,19115673
2018-11-27,44.069999694824,18753278
2018-11-28,44.900001525879,18873503
2018-11-29,45.509998321533,24729884
2018-11-30,46.229999542236,42746243
2018-12-03,45.990001678467,25397211
2018-12-04,45.139999389648,27233298
2018-12-06,44.979999542236,30539392
2018-12-07,43.919998168945,26531218
2018-12-10,44.400001525879,24846171
2018-12-11,44.009998321533,22680157
2018-12-12,44.159999847412,19147119
2018-12-13,44.569999694824,22404113
2018-12-14,43.799999237061,31333031
2018-12-17,43.110000610352,36672032
2018-12-18,42.400001525879,29531122
2018-12-19,41.970001220703,35045483
2018-12-20,41.950000762939,32727427
2018-12-21,41.930000305176,58755356
2018-12-24,40.549999237061,18764895
2018-12-26,42.189998626709,24133940
2018-12-27,42.849998474121,27414303
2018-12-28,42.959999084473,24175496
2018-12-31,43.650001525879,19481951
2019-01-02,43.25,25076212
2019-01-03,42.040000915527,27043208
2019-01-04,43.0,25754634
2019-01-07,43.229999542236,19919838
2019-01-08,43.430000305176,18669087
2019-01-09,43.340000152588,19077393
2019-01-10,42.310001373291,37695611
2019-01-11,42.880001068115,19985293
2019-01-14,42.369998931885,16703162
2019-01-15,42.729999542236,24540172
2019-01-16,42.110000610352,28623739
2019-01-17,42.470001220703,22938626
2019-01-18,42.529998779297,36639882
2019-01-22,42.270000457764,27935618
2019-01-23,42.159999847412,23209663
2019-01-24,40.950000762939,32631942
2019-01-25,40.639999389648,34029811
2019-01-28,39.529998779297,37314660
2019-01-29,40.770000457764,48744552
2019-01-30,41.580001831055,34220034
2019-01-31,42.450000762939,38830562
2019-02-01,42.880001068115,25844214
2019-02-04,42.439998626709,18431233
2019-02-05,42.110000610352,20045245
2019-02-06,42.330001831055,15607570
2019-02-07,41.700000762939,23005696
2019-02-08,42.229999542236,26091645
2019-02-11,41.680000305176,25713635
2019-02-12,41.869998931885,28975461
2019-02-13,41.700000762939,23488812
2019-02-14,41.970001220703,18847247
2019-02-15,42.400001525879,18186859
2019-02-19,42.599998474121,23181303
2019-02-20,42.200000762939,25953408
2019-02-21,42.139999389648,18607063
2019-02-22,42.959999084473,23510009
2019-02-25,43.080001831055,23979889
2019-02-26,43.020000457764,15701050
2019-02-27,42.930000305176,15631014
2019-02-28,43.349998474121,37004223
2019-03-01,43.360000610352,25301489
2019-03-04,43.069999694824,21637448
2019-03-05,42.889999389648,25170612
2019-03-06,41.860000610352,21262526
2019-03-07,41.389999389648,27557956
2019-03-08,40.889999389648,29702195
2019-03-11,41.5,27667468
2019-03-12,41.729999542236,22932195
2019-03-13,42.009998321533,22500347
2019-03-14,41.189998626709,30473983
2019-03-15,41.779998779297,70938023
2019-03-18,41.810001373291,18021218
2019-03-19,42.299999237061,25050546
2019-03-20,42.169998168945,22295088
2019-03-21,42.349998474121,23019526
2019-03-22,41.849998474121,18614890
2019-03-25,41.889999389648,18808072
2019-03-26,42.419998168945,19781073
2019-03-27,42.020000457764,18458296
2019-03-28,42.290000915527,16048895
2019-03-29,42.470001220703,20571118
2019-04-01,42.840000152588,19302651
2019-04-02,42.909999847412,17670906
2019-04-03,42.840000152588,15370795
2019-04-04,42.740001678467,12325356
2019-04-05,42.990001678467,14761894
2019-04-08,43.139999389648,14620975
2019-04-09,42.840000152588,17860595
2019-04-10,42.729999542236,12526176
2019-04-11,42.270000457764,19179152
2019-04-12,41.709999084473,20245333
2019-04-15,42.090000152588,17421965
2019-04-16,40.919998168945,26097727
2019-04-17,39.880001068115,40239196
2019-04-18,39.380001068115,47988381
2019-04-22,38.979999542236,29429714
2019-04-23,39.419998168945,25305608
2019-04-24,39.369998931885,20110959
2019-04-25,39.610000610352,17201238
2019-04-26,39.970001220703,19025763
2019-04-29,39.590000152588,22038880
2019-04-30,40.610000610352,32600041
2019-05-01,40.770000457764,19642677
2019-05-02,41.009998321533,19422375
2019-05-03,41.389999389648,17708528
2019-05-06,41.650001525879,24643086
2019-05-07,40.830001831055,26189630
2019-05-08,40.950000762939,22592124
2019-05-09,40.639999389648,18721469
2019-05-10,40.720001220703,16500823
2019-05-13,40.569999694824,26575851
2019-05-14,40.659999847412,25401053
2019-05-15,41.150001525879,31803418
2019-05-16,41.639999389648,24201579
2019-05-17,41.470001220703,27692390
2019-05-20,41.590000152588,23009069
2019-05-21,41.669998168945,27310300
2019-05-22,41.990001678467,23979958
2019-05-23,41.919998168945,24189995
2019-05-24,41.950000762939,14595227
2019-05-28,41.900001525879,46907903
2019-05-29,41.720001220703,25517868
2019-05-30,41.900001525879,16455664
2019-05-31,41.520000457764,21479471
2019-06-03,41.919998168945,21483017
2019-06-04,42.229999542236,17508282
2019-06-05,42.479999542236,20321549
2019-06-06,42.709999084473,23239278
2019-06-07,42.919998168945,18997933
2019-06-10,43.069999694824,14493063
2019-06-11,42.669998168945,17849362
2019-06-12,43.080001831055,15462133
2019-06-13,42.5,13723002
2019-06-14,42.759998321533,12521887
2019-06-17,42.880001068115,13372836
2019-06-18,43.069999694824,21663638
2019-06-19,43.5,20639147
2019-06-20,43.599998474121,22296624
2019-06-21,43.669998168945,36187091
2019-06-24,43.759998321533,23362711
2019-06-25,43.759998321533,26972684
2019-06-26,42.990001678467,38908279
2019-06-27,43.430000305176,20868067
2019-06-28,43.319999694824,37690857
2019-07-01,43.770000457764,20261720
2019-07-02,44.220001220703,15694439
2019-07-03,44.400001525879,9770042
2019-07-05,43.919998168945,17357985
2019-07-08,43.299999237061,22728000
2019-07-09,43.369998931885,13494603
2019-07-10,44.060001373291,14514760
2019-07-11,42.979999542236,36416967
2019-07-12,42.400001525879,31860489
2019-07-15,42.75,19320588
2019-07-16,42.849998474121,18551648
2019-07-17,42.740001678467,15504260
2019-07-18,43.060001373291,13025669
2019-07-19,42.770000457764,22345912
2019-07-22,42.819999694824,11909043
2019-07-23,43.090000152588,18583350
2019-07-24,42.889999389648,17189555
2019-07-25,42.669998168945,16617532
2019-07-26,43.090000152588,19983201
2019-07-29,41.450000762939,61251565
2019-07-30,38.790000915527,90834604
2019-07-31,38.840000152588,53424454
2019-08-01,38.25,48979979
2019-08-02,38.0,27659958
2019-08-05,36.959999084473,43671852
2019-08-06,36.950000762939,30347061
2019-08-07,36.580001831055,30376864
2019-08-08,36.869998931885,22159757
2019-08-09,36.349998474121,24090753
2019-08-12,35.389999389648,41947528
2019-08-13,35.200000762939,43252419
2019-08-14,34.240001678467,36654089
2019-08-15,34.479999542236,29140094
2019-08-16,34.650001525879,28474674
2019-08-19,35.180000305176,20870280
2019-08-20,34.610000610352,18911765
2019-08-21,34.869998931885,18226251
2019-08-22,35.080001831055,16066548
2019-08-23,34.340000152588,26344200
2019-08-26,34.840000152588,16575364
2019-08-27,34.340000152588,23450022
2019-08-28,35.080001831055,24719580
2019-08-29,35.330001831055,18608615
2019-08-30,35.549999237061,17907306
2019-09-03,36.119998931885,25260981
2019-09-04,35.830001831055,19609207
2019-09-05,36.340000152588,20965748
2019-09-06,36.5,19804036
2019-09-09,36.830001831055,23411395
2019-09-10,37.380001068115,30598397
2019-09-11,37.409999847412,16094094
2019-09-12,37.279998779297,15837117
2019-09-13,36.909999847412,22864873
2019-09-16,36.830001831055,18858707
2019-09-17,36.5,21245862
2019-09-18,36.380001068115,18700048
2019-09-19,36.509998321533,16879321
2019-09-20,36.689998626709,43916806
2019-09-23,36.240001678467,16436348
2019-09-24,36.009998321533,22995225
2019-09-25,35.900001525879,19297115
2019-09-26,35.779998779297,16196048
2019-09-27,36.220001220703,16682904
2019-09-30,35.930000305176,16339376
2019-10-01,35.430000305176,20926777
2019-10-02,34.700000762939,21354495
2019-10-03,35.450000762939,21141346
2019-10-04,35.930000305176,17168058
2019-10-07,35.830001831055,11169115
2019-10-08,35.430000305176,14043173
2019-10-09,35.689998626709,12954607
2019-10-10,35.790000915527,11720794
2019-10-11,36.110000610352,17523655
2019-10-14,36.299999237061,8417230
2019-10-15,36.5,14419744
2019-10-16,36.340000152588,13722064
2019-10-17,36.459999084473,14561579
2019-10-18,36.459999084473,13491206
2019-10-21,36.459999084473,12584652
2019-10-22,36.430000305176,13811980
2019-10-23,36.770000457764,13301356
2019-10-24,36.389999389648,19023140
2019-10-25,36.770000457764,16601235
2019-10-28,37.279998779297,24478530
2019-10-29,38.209999084473,30561662
2019-10-30,38.479999542236,20891284
2019-10-31,38.369998931885,23282647
2019-11-01,38.389999389648,18276265
2019-11-04,38.029998779297,16802447
2019-11-05,37.479999542236,20577304
2019-11-06,37.610000610352,17796685
2019-11-07,36.909999847412,21562924
2019-11-08,37.049999237061,25263680
2019-11-11,36.930000305176,11901530
2019-11-12,36.970001220703,12655832
2019-11-13,36.599998474121,24656692
2019-11-14,36.549999237061,23902490
2019-11-15,37.279998779297,34515591
2019-11-18,37.220001220703,17168329
2019-11-19,37.659999847412,25119176
2019-11-20,37.049999237061,18925725
2019-11-21,37.740001678467,19869702
2019-11-22,38.330001831055,24235311
2019-11-25,38.680000305176,29975885
2019-11-26,38.290000915527,32848095
2019-11-27,38.630001068115,18217970
2019-11-29,38.520000457764,9292076
2019-12-02,38.290000915527,14847393
2019-12-03,38.049999237061,19840010
2019-12-04,38.139999389648,13759216
2019-12-05,38.029998779297,12427323
2019-12-06,38.290000915527,12213372
2019-12-09,38.319999694824,14971279
2019-12-10,38.479999542236,18189079
2019-12-11,38.220001220703,14771736
2019-12-12,38.540000915527,12727846
2019-12-13,38.330001831055,15824101
2019-12-16,39.139999389648,22961941
2019-12-17,38.900001525879,27551725
2019-12-18,38.889999389648,25940186
2019-12-19,38.970001220703,22294742
2019-12-20,39.229999542236,55218402
2019-12-23,39.319999694824,16560687
2019-12-24,39.290000915527,4921941
2019-12-26,39.380001068115,8905914
2019-12-27,39.319999694824,9599858
2019-12-30,38.909999847412,10963330
2019-12-31,39.180000305176,14398894
2020-01-02,39.139999389648,15668508
2020-01-03,38.930000305176,14160525
2020-01-06,38.880001068115,14964445
2020-01-07,38.75,19106673
2020-01-08,39.060001373291,15563492
2020-01-09,38.889999389648,20846670
2020-01-10,39.490001678467,20453122
2020-01-13,39.409999847412,14603987
2020-01-14,40.069999694824,19848824
2020-01-15,40.669998168945,22700038
2020-01-16,40.610000610352,15385561
2020-01-17,40.509998321533,21901267
2020-01-21,40.340000152588,21931425
2020-01-22,40.189998626709,17171029
2020-01-23,40.709999084473,25757788
2020-01-24,39.819999694824,32394393
2020-01-27,40.159999847412,30326362
2020-01-28,38.139999389648,66605677
2020-01-29,37.580001831055,32428430
2020-01-30,37.069999694824,30660865
2020-01-31,37.240001678467,32157496
2020-02-03,37.509998321533,19806426
2020-02-04,37.689998626709,29554945
2020-02-05,38.169998168945,27935394
2020-02-06,38.259998321533,19969440
2020-02-07,38.049999237061,20781404
2020-02-10,37.810001373291,18973817
2020-02-11,38.090000152588,15206157
2020-02-12,37.740001678467,21768829
2020-02-13,36.930000305176,20967453
2020-02-14,36.509998321533,19930518
2020-02-18,36.319999694824,17076732
2020-02-19,36.229999542236,16841537
2020-02-20,35.849998474121,40752452
2020-02-21,35.720001220703,30763978
2020-02-24,34.669998168945,36023998
2020-02-25,33.930000305176,39733261
2020-02-26,34.720001220703,45468733
2020-02-27,34.099998474121,52604246
2020-02-28,33.419998168945,62686926
2020-03-02,34.880001068115,39880883
2020-03-03,34.299999237061,43808820
2020-03-04,36.400001525879,36728840
2020-03-05,35.459999084473,33298157
2020-03-06,35.020000457764,38834135
2020-03-09,33.759998321533,40971383
2020-03-10,34.590000152588,38470901
2020-03-11,32.169998168945,62040667
2020-03-12,30.020000457764,59517498
2020-03-13,32.709999084473,57450721
2020-03-16,30.180000305176,48382415
2020-03-17,32.159999847412,51442678
2020-03-18,32.360000610352,41636580
2020-03-19,30.420000076294,56756052
2020-03-20,29.010000228882,49799762
2020-03-23,28.489999771118,50145209
2020-03-24,29.700000762939,42188606
2020-03-25,29.75,42316195
2020-03-26,31.75,41062990
2020-03-27,30.89999961853,36328620
2020-03-30,32.669998168945,28409427
2020-03-31,32.639999389648,27959542
2020-04-01,31.75,25341170
2020-04-02,32.869998931885,25794016
2020-04-03,33.639999389648,31154953
2020-04-06,34.569999694824,38428056
2020-04-07,33.610000610352,22985142
2020-04-08,34.599998474121,24216276
2020-04-09,35.389999389648,29141342
2020-04-13,35.139999389648,17334099
2020-04-14,36.439998626709,20726118
2020-04-15,35.970001220703,20220325
2020-04-16,35.880001068115,19599069
2020-04-17,36.909999847412,23154488
2020-04-20,36.080001831055,21376250
2020-04-21,35.619998931885,22746948
2020-04-22,36.25,19151903
2020-04-23,36.689998626709,19151219
2020-04-24,37.380001068115,16470036
2020-04-27,38.330001831055,22195482
2020-04-28,37.909999847412,33839412
2020-04-29,38.119998931885,25159860
2020-04-30,38.360000610352,27942069
2020-05-01,37.639999389648,21517923
2020-05-04,37.619998931885,18874290
2020-05-05,38.509998321533,22887973
2020-05-06,38.509998321533,22815411
2020-05-07,36.959999084473,31827424
2020-05-08,37.220001220703,18881725
2020-05-11,38.099998474121,24307817
2020-05-12,37.360000610352,18344693
2020-05-13,37.049999237061,23336671
2020-05-14,37.919998168945,21216779
2020-05-15,37.759998321533,24155585
2020-05-18,38.069999694824,21479177
2020-05-19,37.680000305176,18478352
2020-05-20,37.630001068115,16607435
2020-05-21,37.259998321533,16747793
2020-05-22,37.5,14972724
2020-05-26,37.490001678467,22068379
2020-05-27,37.409999847412,24576965
2020-05-28,38.180000305176,21371034
2020-05-29,38.189998626709,46146287
2020-06-01,35.459999084473,73005888
2020-06-02,36.159999847412,40503656
2020-06-03,36.159999847412,36766624
2020-06-04,36.009998321533,25629391
2020-06-05,35.990001678467,34825149
2020-06-08,36.590000152588,28647209
2020-06-09,36.209999084473,20564604
2020-06-10,35.919998168945,28042861
2020-06-11,33.299999237061,59930390
2020-06-12,33.75,35960616
2020-06-15,33.360000610352,34390398
2020-06-16,33.400001525879,52767542
2020-06-17,33.560001373291,26100377
2020-06-18,33.240001678467,30625130
2020-06-19,33.419998168945,41677037
2020-06-22,33.110000610352,22137128
2020-06-23,32.770000457764,35759420
2020-06-24,32.189998626709,29238789
2020-06-25,32.319999694824,26013893
2020-06-26,32.040000915527,39994343
2020-06-29,32.639999389648,22728941
2020-06-30,32.700000762939,24147738
2020-07-01,33.740001678467,69737244
2020-07-02,34.509998321533,42951533
2020-07-06,34.509998321533,25759949
2020-07-07,34.029998779297,23859570
2020-07-08,33.75,23013834
2020-07-09,33.459999084473,19320445
2020-07-10,33.830001831055,23205943
2020-07-13,35.209999084473,53670893
2020-07-14,35.229999542236,31170910
2020-07-15,35.720001220703,24947343
2020-07-16,35.599998474121,17478027
2020-07-17,36.25,22169382
2020-07-20,36.5,34929465
2020-07-21,36.689998626709,22435437
2020-07-22,38.560001373291,86058379
2020-07-23,38.409999847412,56584040
2020-07-24,37.659999847412,32135188
2020-07-27,37.540000915527,26224224
2020-07-28,39.020000457764,53504653
2020-07-29,39.259998321533,35136308
2020-07-30,38.740001678467,30620341
2020-07-31,38.479999542236,27042691
2020-08-03,38.349998474121,29446336
2020-08-04,38.389999389648,27939806
2020-08-05,38.450000762939,23344231
2020-08-06,38.270000457764,19850154
2020-08-07,38.450000762939,21913899
2020-08-10,38.389999389648,18941735
2020-08-11,37.790000915527,20234243
2020-08-12,38.330001831055,18942911
2020-08-13,38.169998168945,14554052
2020-08-14,38.060001373291,12240278
2020-08-17,38.349998474121,16597946
2020-08-18,38.360000610352,10290720
2020-08-19,38.259998321533,14886179
2020-08-20,38.720001220703,20832543
2020-08-21,38.880001068115,24162380
2020-08-24,38.840000152588,23730486
2020-08-25,38.409999847412,24877806
2020-08-26,38.049999237061,22849789
2020-08-27,37.860000610352,21021429
2020-08-28,37.909999847412,31148500
2020-08-31,37.790000915527,28493795
2020-09-01,36.880001068115,34308752
2020-09-02,37.200000762939,27579439
2020-09-03,36.400001525879,34114583
2020-09-04,36.360000610352,25495483
2020-09-08,35.930000305176,25366951
2020-09-09,36.180000305176,26082113
2020-09-10,35.650001525879,20541458
2020-09-11,36.069999694824,22874071
2020-09-14,37.009998321533,28050836
2020-09-15,36.959999084473,20876431
2020-09-16,36.779998779297,21105953
2020-09-17,36.819999694824,16977605
2020-09-18,36.630001068115,30070827
2020-09-21,36.020000457764,25245657
2020-09-22,36.25,21562861
2020-09-23,36.0,21918884
2020-09-24,35.759998321533,19791158
2020-09-25,36.049999237061,13629626
2020-09-28,36.389999389648,14273515
2020-09-29,36.169998168945,12837608
2020-09-30,36.700000762939,21469909
2020-10-01,36.369998931885,21366561
2020-10-02,36.380001068115,20362165
2020-10-05,36.75,18406105
2020-10-06,36.169998168945,23940632
2020-10-07,36.470001220703,21024705
2020-10-08,36.889999389648,16942533
2020-10-09,36.790000915527,22454877
2020-10-12,36.819999694824,18419235
2020-10-13,36.900001525879,20439462
2020-10-14,36.860000610352,20991127
2020-10-15,36.549999237061,15272507
2020-10-16,37.950000762939,40790772
2020-10-19,37.799999237061,30295368
2020-10-20,37.490001678467,21238009
2020-10-21,37.080001831055,18012247
2020-10-22,37.430000305176,18257717
2020-10-23,38.180000305176,28992325
2020-10-26,37.919998168945,32052303
2020-10-27,37.430000305176,34963528
2020-10-28,35.450000762939,32122867
2020-10-29,35.279998779297,26134103
2020-10-30,35.479999542236,24334779
2020-11-02,36.229999542236,20332670
2020-11-03,36.189998626709,20528078
2020-11-04,37.330001831055,38776606
2020-11-05,36.389999389648,32188804
2020-11-06,36.400001525879,22647720
2020-11-09,39.200000762939,218362348
2020-11-10,38.680000305176,75988336
2020-11-11,38.5,55959195
2020-11-12,37.549999237061,44422022
2020-11-13,38.619998931885,38254927
2020-11-16,37.330001831055,71660458
2020-11-17,36.040000915527,46984500
2020-11-18,36.319999694824,63442680
2020-11-19,36.189998626709,43261829
2020-11-20,36.700000762939,60633847
2020-11-23,36.520000457764,43673118
2020-11-24,36.599998474121,42485263
2020-11-25,36.529998779297,26955795
2020-11-27,37.229999542236,25276957
2020-11-30,38.310001373291,65425877
2020-12-01,39.409999847412,72660817
2020-12-02,40.799999237061,84347479
2020-12-03,40.090000152588,68570055
2020-12-04,40.340000152588,35368133
2020-12-07,41.25,48253744
2020-12-08,42.560001373291,87039307
2020-12-09,41.849998474121,86118487
2020-12-10,41.729999542236,57749197
2020-12-11,41.119998931885,60737026
2020-12-14,39.209999084473,94809746
2020-12-15,38.709999084473,66003269
2020-12-16,37.840000152588,56515268
2020-12-17,38.029998779297,52036392
2020-12-18,37.680000305176,60259175
2020-12-21,37.380001068115,40891838
2020-12-22,36.740001678467,34103903
2020-12-23,37.439998626709,36181989
2020-12-24,37.270000457764,14790136
2020-12-28,36.819999694824,26993685
2020-12-29,37.049999237061,23152070
2020-12-30,36.740001678467,24889848
2020-12-31,36.810001373291,30796516
2021-01-04,36.810001373291,33565683
2021-01-05,36.720001220703,29909381
2021-01-06,37.270000457764,34962509
2021-01-07,37.060001373291,27809480
2021-01-08,37.069999694824,33462370
2021-01-11,37.279998779297,47326586
2021-01-12,37.029998779297,47831077
2021-01-13,36.779998779297,31027868
2021-01-14,36.779998779297,30271992
2021-01-15,36.490001678467,34287816
2021-01-19,36.810001373291,33451275
2021-01-20,36.590000152588,35400057
2021-01-21,36.48,169320525
2021-01-22,36.55,78813489
2021-01-25,37.28,126913820
2021-01-26,37.45,55437392
2021-01-27,37.31,50561180
2021-01-28,35.86,78933420
2021-01-29,35.9,120503718
2021-02-01,35.8,121187415
2021-02-02,34.99,420312210
2021-02-03,34.84,154096928
2021-02-04,34.89,137139612
2021-02-05,34.92,63499188
2021-02-08,34.82,63267800
2021-02-09,34.97,120680704
2021-02-10,34.74,116159424
2021-02-11,34.43,92655495
2021-02-12,34.43,25578646
2021-02-16,34.72,28730342
2021-02-17,34.69,26501081
2021-02-18,34.89,24052519
2021-02-19,34.56,28145263
2021-02-22,34.44,34322488
2021-02-23,34.26,37624172
2021-02-24,33.91,30686122
2021-02-25,33.75,37506087
2021-02-26,33.49,165851000
2021-03-01,33.69,91223316
2021-03-02,33.51,83011176
2021-03-03,34.39,138060492
2021-03-04,34.2,136348677
2021-03-05,34.39,91769793
2021-03-08,34.35,97409196
2021-03-09,34.45,100668384
2021-03-10,34.93,134007136
2021-03-11,34.71,73673586
2021-03-12,34.94,49027311
2021-03-15,35.41,65778159
2021-03-16,35.83,50044786
2021-03-17,35.79,127620246
2021-03-18,35.77,74189295
2021-03-19,35.53,145046634
2021-03-22,36.0,76282377
2021-03-23,35.36,83911443
2021-03-24,35.61,68650173
2021-03-25,35.67,99501212
2021-03-26,36.25,111777832
2021-03-29,36.62,108019088
2021-03-30,36.11,105213192
2021-03-31,36.23,79748082
2021-04-01,36.3,63959565
2021-04-05,36.3,22096894
2021-04-06,36.28,20722933
2021-04-07,36.05,21933833
2021-04-08,35.91,18129440
2021-04-09,35.96,31686712
2021-04-12,36.6,29944902
2021-04-13,36.97,33967419
2021-04-14,37.17,47685782
2021-04-15,37.6,49891578
2021-04-16,37.6,52829481
2021-04-19,38.57,30905057
2021-04-20,38.93,26459374
2021-04-21,39.53,88094973
2021-04-22,38.64,133494436
2021-04-23,38.66,97559280
2021-04-26,38.68,79093452
2021-04-27,38.45,76245828
2021-04-28,38.81,87853288
2021-04-29,38.6,23569405
2021-04-30,38.65,28413183
2021-05-03,39.83,46638581
2021-05-04,39.95,52802169
2021-05-05,39.97,76627500
2021-05-06,39.19,54944943
2021-05-07,39.58,33807757
2021-05-10,39.86,30831871
2021-05-11,39.35,30568572
2021-05-12,39.69,26208608
2021-05-13,40.1,25423778
2021-05-14,40.02,18041053
2021-05-17,40.11,18095031
2021-05-18,40.05,15805529
2021-05-19,39.83,20209530
2021-05-20,40.12,18621084
2021-05-21,39.95,21144784
2021-05-24,39.81,16922321
2021-05-25,39.33,25916296
2021-05-26,38.92,28036454
2021-05-27,38.65,38471248
2021-05-28,38.73,16160964
2021-06-01,38.5,23642432
2021-06-02,38.79,19629039
2021-06-03,38.97,17376288
2021-06-04,39.15,19375318
2021-06-07,38.99,24110727
2021-06-08,38.85,18880307
2021-06-09,39.81,29823964
2021-06-10,40.68,42613731
2021-06-11,40.15,21386922
2021-06-14,39.63,23408340
2021-06-15,39.59,20206867
2021-06-16,39.3,19177546
2021-06-17,39.48,19580121
2021-06-18,38.81,37775909
2021-06-21,39.42,19488052
2021-06-22,39.61,15975947
2021-06-23,39.05,22025355
2021-06-24,39.19,13436549
2021-06-25,38.98,22774347
2021-06-28,39.12,19225691
2021-06-29,39.1,14516570
2021-06-30,39.16,21248067
2021-07-01,39.56,20035910
2021-07-02,39.73,16595888
2021-07-06,39.29,18931874
2021-07-07,39.35,17665154
2021-07-08,39.25,23021184
2021-07-09,39.61,21578734
2021-07-12,39.76,24512950
2021-07-13,39.65,12222049
2021-07-14,39.95,15888556
2021-07-15,40.09,20250796
2021-07-16,40.35,24270381
2021-07-19,40.15,29818359
2021-07-20,41.05,48804134
2021-07-21,41.02,27530234
2021-07-22,41.47,18913310
2021-07-23,41.68,21609212
2021-07-26,41.81,23720028
2021-07-27,42.1,32544072
2021-07-28,43.45,53822449
2021-07-29,42.79,29015020
2021-07-30,42.81,24763344
2021-08-02,43.96,43066940
2021-08-03,45.68,45643262
2021-08-04,45.19,43391242
2021-08-05,45.06,23505417
2021-08-06,45.07,20413038
2021-08-09,45.98,32374261
2021-08-10,48.19,81189410
2021-08-11,46.31,50878190
2021-08-12,47.24,29710226
2021-08-13,48.48,35379185
2021-08-16,48.91,38098084
2021-08-17,50.42,68816994
2021-08-18,49.31,88597980
2021-08-19,48.8,57741571
2021-08-20,48.72,35157544
2021-08-23,49.93,88652378
2021-08-24,48.38,52624054
2021-08-25,47.51,51036771
2021-08-26,47.38,29029316
2021-08-27,46.6,32924523
2021-08-30,46.76,25774352
2021-08-31,46.07,34547833
2021-09-01,46.04,32900114
2021-09-02,46.84,26149357
2021-09-03,46.84,20834762
2021-09-07,46.75,26236854
2021-09-08,46.51,15839626
2021-09-09,46.03,21695324
2021-09-10,45.59,20801502
2021-09-13,44.58,37086226
2021-09-14,44.71,24100217
2021-09-15,44.77,28674628
2021-09-16,44.47,22424169
2021-09-17,43.89,56420686
2021-09-20,44.2,41873015
2021-09-21,43.92,23645594
2021-09-22,43.95,22616743
2021-09-23,44.19,19719166
2021-09-24,43.94,16150746
2021-09-27,43.57,19955901
2021-09-28,43.04,28512222
2021-09-29,43.53,18037241
2021-09-30,43.01,21112583
2021-10-01,42.93,38482996
2021-10-04,42.42,28906548
2021-10-05,42.32,19342555
2021-10-06,42.02,30483844
2021-10-07,42.74,19778304
2021-10-08,42.45,12778598
2021-10-11,42.06,11984161
2021-10-12,41.85,16222295
2021-10-13,41.42,28205715
2021-10-14,41.67,17590308
2021-10-15,41.49,23550344
2021-10-18,41.32,21732991
2021-10-19,42.09,17159787
2021-10-20,42.8,22788277
2021-10-21,42.86,22142324
2021-10-22,43.16,17183013
2021-10-25,43.15,22846241
2021-10-26,43.56,29729051
2021-10-27,42.97,22317476
2021-10-28,43.18,18023407
2021-10-29,43.74,30307485
2021-11-01,43.64,32681515
2021-11-02,45.45,69247983
2021-11-03,44.82,44593137
2021-11-04,43.85,38172536
2021-11-05,48.61,173959104
2021-11-08,48.33,57423266
2021-11-09,47.3,29920438
2021-11-10,49.02,42696195
2021-11-11,50.18,42370388
2021-11-12,49.73,27780566
2021-11-15,49.65,27763215
2021-11-16,49.6,31297220
2021-11-17,50.87,36889765
2021-11-18,51.41,32872570
2021-11-19,50.8,47966183
2021-11-22,51.2,27287943
2021-11-23,51.08,24952593
2021-11-24,50.89,18556753
2021-11-26,54.0,66561304
2021-11-29,52.4,72660758
2021-11-30,53.73,64598388
2021-12-01,54.68,59849358
2021-12-02,53.04,46361744
2021-12-03,54.27,37574769
2021-12-06,51.48,53723978
2021-12-07,51.72,41575442
2021-12-08,51.4,37429199
2021-12-09,52.08,38325661
2021-12-10,52.78,26079361
2021-12-13,55.2,54923236
2021-12-14,55.54,48685674
2021-12-15,58.8,75202914
2021-12-16,61.25,75183647
2021-12-17,59.48,104320166
2021-12-20,61.02,55712217
2021-12-21,58.95,63877877
2021-12-22,59.55,62594917
2021-12-23,58.71,39203203
2021-12-27,59.2,27362581
2021-12-28,58.01,36901704
2021-12-29,57.58,26170224
2021-12-30,58.4,24559004
2021-12-31,59.05,28579621
2022-01-03,56.65,57253148
2022-01-04,54.53,66993082
2022-01-05,55.63,52956422
2022-01-06,54.84,37000392
2022-01-07,55.72,27703374
2022-01-10,56.24,34044653
2022-01-11,56.69,33576632
2022-01-12,56.65,27608533
2022-01-13,55.54,28117937
2022-01-14,54.95,27072545
2022-01-18,54.11,35607017
2022-01-19,53.54,27300373
2022-01-20,54.05,35105321
2022-01-21,52.79,41058973
2022-01-24,51.54,59080740
2022-01-25,52.54,43983174
2022-01-26,53.01,39644846
2022-01-27,53.37,36957197
2022-01-28,54.33,28590397
2022-01-31,52.69,38644575
2022-02-01,53.07,27883325
2022-02-02,53.86,32039345
2022-02-03,53.38,22635803
2022-02-04,53.0,24932162
2022-02-07,53.21,32358536
2022-02-08,51.7,67921966
2022-02-09,51.47,38522207
2022-02-10,50.6,34200602
2022-02-11,50.78,34997790
2022-02-14,49.8,42973119
2022-02-15,49.79,29161056
2022-02-16,49.68,27672592
2022-02-17,48.9,21231671
2022-02-18,48.53,26955313
2022-02-22,47.53,34814811
2022-02-23,46.87,25792980
2022-02-24,45.96,44227348
2022-02-25,47.72,31199192
2022-02-28,46.94,35296050
2022-03-01,45.75,29854506
2022-03-02,47.7,36516150
2022-03-03,47.83,30553340
2022-03-04,48.65,33222898
2022-03-07,47.98,33171300
2022-03-08,47.44,32913298
2022-03-09,48.75,24718917
2022-03-10,49.2,24542343
2022-03-11,50.27,33701925
2022-03-14,52.25,42314540
2022-03-15,52.21,30172127
2022-03-16,52.92,29891423
2022-03-17,54.24,30598584
2022-03-18,54.51,51814974
2022-03-21,54.19,34592463
2022-03-22,53.04,32253610
2022-03-23,52.19,29183686
2022-03-24,52.59,25177484
2022-03-25,52.78,17435470
2022-03-28,53.28,21863713
2022-03-29,52.74,39970032
2022-03-30,52.44,27599649
2022-03-31,51.77,26055234
2022-04-01,51.57,19073138
2022-04-04,50.94,20491535
2022-04-05,51.24,21176708
2022-04-06,52.87,31717523
2022-04-07,55.16,36305670
2022-04-08,55.17,24612246
2022-04-11,53.93,22054311
2022-04-12,53.11,22810733
2022-04-13,53.1,15777806
2022-04-14,53.12,17240120
2022-04-18,51.84,17065045
2022-04-19,50.18,33441510
2022-04-20,49.75,24751803
2022-04-21,49.11,19105575
2022-04-22,48.13,22156801
2022-04-25,48.95,27390591
2022-04-26,49.03,25366482
2022-04-27,49.74,25819237
2022-04-28,50.51,28227723
2022-04-29,49.07,28343298
2022-05-02,48.34,36228410
2022-05-03,49.29,33716935
2022-05-04,49.66,28613655
2022-05-05,48.45,28333001
2022-05-06,49.04,19891434
2022-05-09,48.64,25012347
2022-05-10,49.49,27335888
2022-05-11,49.45,29699499
2022-05-12,50.39,33468441
2022-05-13,49.92,22423685
2022-05-16,50.67,19435565
2022-05-17,51.34,19918199
2022-05-18,50.4,22275985
2022-05-19,50.65,19865522
2022-05-20,52.47,31250361
2022-05-23,52.88,24035842
2022-05-24,53.41,26729783
2022-05-25,53.71,24003920
2022-05-26,53.99,23516309
2022-05-27,53.91,21407507
2022-05-31,53.04,66058201
2022-06-01,52.37,17430568
2022-06-02,52.68,21903359
2022-06-03,53.2,18124958
2022-06-06,53.26,16544398
2022-06-07,53.96,15091194
2022-06-08,53.47,12789802
2022-06-09,51.78,17578108
2022-06-10,49.97,23832187
2022-06-13,47.91,26988989
2022-06-14,47.92,23290327
2022-06-15,48.51,25747996
2022-06-16,47.48,20424508
2022-06-17,46.53,45047693
2022-06-21,48.11,19622147
2022-06-22,49.07,20384884
2022-06-23,50.09,20061654
2022-06-24,51.59,24343179
2022-06-27,51.88,16154272
2022-06-28,50.66,16458770
2022-06-29,50.94,13925665
2022-06-30,52.43,33495729
2022-07-01,52.31,16143272
2022-07-05,51.64,18407846
2022-07-06,52.75,21305527
2022-07-07,53.42,17847629
2022-07-08,53.17,11322704
2022-07-11,52.89,12924938
2022-07-12,52.04,14633528
2022-07-13,51.79,12927324
2022-07-14,51.39,14023836
2022-07-15,51.75,19885710
2022-07-18,50.75,15742859
2022-07-19,51.37,13402113
2022-07-20,50.82,12774396
2022-07-21,51.12,15103832
2022-07-22,51.23,10932118
2022-07-25,51.77,12995817
2022-07-26,52.3,16632506
2022-07-27,51.95,19203522
2022-07-28,50.72,38984890
2022-07-29,50.51,25037899
2022-08-01,50.61,19709862
2022-08-02,49.69,17802024
2022-08-03,49.86,16500076
2022-08-04,49.86,17026274
2022-08-05,49.27,16376601
2022-08-08,49.57,16077441
2022-08-09,49.78,12095585
2022-08-10,49.95,17355136
2022-08-11,48.29,44048790
2022-08-12,50.11,25835465
2022-08-15,49.75,15797763
2022-08-16,49.86,12874773
2022-08-17,49.27,13607173
2022-08-18,48.58,18916324
2022-08-19,49.15,15350198
2022-08-22,48.9,13601214
2022-08-23,48.01,16248857
2022-08-24,47.43,15551472
2022-08-25,47.9,14460001
2022-08-26,46.82,16546733
2022-08-29,46.23,13400450
2022-08-30,45.85,16303015
2022-08-31,45.23,26416771
2022-09-01,46.63,19947618
2022-09-02,45.7,14667687
2022-09-06,45.76,17153474
2022-09-07,46.13,15378914
2022-09-08,47.08,18271038
2022-09-09,47.7452,17509282
2022-09-12,47.76,13744796
2022-09-13,46.19,16603176
2022-09-14,46.15,17162514
2022-09-15,45.94,15801972
2022-09-16,46.03,30629508
2022-09-19,45.44,16256161
2022-09-20,44.77,15368999
2022-09-21,43.92,17505210
2022-09-22,44.57,18508104
2022-09-23,44.08,18871669
2022-09-26,43.83,18680218
2022-09-27,44.09,21562666
2022-09-28,44.485,16532559
2022-09-29,44.16,13559863
2022-09-30,43.76,22962293
2022-10-03,44.14,22834282
2022-10-04,44.46,28198847
2022-10-05,43.76,15673442
2022-10-06,43.4286,22068158
2022-10-07,42.3891,20095005
2022-10-10,41.75,17888002
2022-10-11,41.92,20981150
2022-10-12,42.03,18803628
2022-10-13,42.98,23135226
2022-10-14,42.86,16983573
2022-10-17,43.65,16678396
2022-10-18,44.09,18442763
2022-10-19,43.11,23054685
2022-10-20,42.91,17714964
2022-10-21,44.95,36575713
2022-10-24,45.54,24971991
2022-10-25,45.59,23126979
2022-10-26,46.06,21413029
2022-10-27,45.74,20377727
2022-10-28,47.43,27854043
2022-10-31,46.55,29961713
2022-11-01,48.01,30614537
2022-11-02,47.07,25813065
2022-11-03,46.57,20124634
2022-11-04,47.22,24528468
2022-11-07,47.09,20304409
2022-11-08,47.35,18054518
2022-11-09,46.72,15348092
2022-11-10,47.38,20480615
2022-11-11,47.6,20909838
2022-11-14,49.24,25876172
2022-11-15,48.57,25440490
2022-11-16,48.05,15822201
2022-11-17,48.33,13237454
2022-11-18,48.23,20666479
2022-11-21,48.18,14735974
2022-11-22,49.08,16358550
2022-11-23,48.85,10710793
2022-11-25,49.21,6760162
2022-11-28,49.57,20704896
2022-11-29,49.49,17160870
2022-11-30,50.13,35572670
2022-12-01,51.08,23592586
2022-12-02,50.91,16881642
2022-12-05,50.73,17959788
2022-12-06,49.71,21787073
2022-12-07,50.24,15929936
2022-12-08,51.78,26116792
2022-12-09,51.72,19933540
2022-12-12,52.16,18532230
2022-12-13,53.07,29461763
2022-12-14,54.48,36260307
2022-12-15,53.61,21630297
2022-12-16,51.4,65689492
2022-12-19,51.36,16081888
2022-12-20,51.32,12433844
2022-12-21,51.66,12925025
2022-12-22,51.64,14824093
2022-12-23,51.83,10666541
2022-12-27,51.13,12033763
2022-12-28,50.8,10053917
2022-12-29,51.33,8971290
2022-12-30,51.24,11396189
2023-01-03,51.26,15603793
2023-01-04,50.13,21808425
2023-01-05,49.66,20057412
2023-01-06,50.92,29635946
2023-01-09,48.39,30839126
2023-01-10,47.62,29212004
2023-01-11,47.45,23022229
2023-01-12,47.71,23345252
2023-01-13,47.85,18737546
2023-01-17,46.08,29391409
2023-01-18,45.0,33834985
2023-01-19,44.96,26614860
2023-01-20,45.11,25197558
2023-01-23,44.98,19398550
2023-01-24,44.71,18853127
2023-01-25,45.07,20827990
2023-01-26,44.25,38465463
2023-01-27,43.79,23798610
2023-01-30,43.55,24402234
2023-01-31,44.16,49722474
2023-02-01,43.97,24482321
2023-02-02,44.34,35279247
2023-02-03,44.06,23741990
2023-02-06,43.76,18071239
2023-02-07,43.59,22999453
2023-02-08,43.98,19362311
2023-02-09,43.34,20809245
2023-02-10,43.88,18619569
2023-02-13,43.99,17878022
2023-02-14,43.72,17506900
2023-02-15,43.32,18999277
2023-02-16,42.95,17832042
2023-02-17,43.21,18293446
2023-02-21,42.7,17356574
2023-02-22,42.38,17394203
2023-02-23,42.3,21104327
2023-02-24,41.75,16806099
2023-02-27,40.78,26370306
2023-02-28,40.57,31086883
2023-03-01,40.18,21104422
2023-03-02,40.62,19112801
2023-03-03,41.15,20922034
2023-03-06,41.11,19434763
2023-03-07,40.34,23205788
2023-03-08,40.12,16756134
2023-03-09,39.46,18585103
2023-03-10,39.39,26328104
2023-03-13,39.86,35299377
2023-03-14,39.9,24583595
2023-03-15,40.28,25498384
2023-03-16,40.37,21100883
2023-03-17,40.1,57457785
2023-03-20,40.81,20825382
2023-03-21,40.66,19981978
2023-03-22,40.01,15444160
2023-03-23,40.18,16958146
2023-03-24,40.39,17221115
2023-03-27,40.22,20262829
2023-03-28,39.99,13537518
2023-03-29,40.25,14429511
2023-03-30,40.38,12634521
2023-03-31,40.8,23393576
2023-04-03,41.35,20817194
2023-04-04,40.9,19514531
2023-04-05,41.55,29697621
2023-04-06,41.5,25931833
2023-04-10,41.73,15137290
2023-04-11,41.79,15304123
2023-04-12,41.37,17035066
2023-04-13,41.47,22880859
2023-04-14,41.19,20627484
2023-04-17,41.18,17608635
2023-04-18,40.55,18541480
2023-04-19,40.24,17214344
2023-04-20,39.85,20131599
2023-04-21,40.21,19227109
2023-04-24,39.91,17633652
2023-04-25,39.33,24492373
2023-04-26,38.63,22401426
2023-04-27,38.74,22434048
2023-04-28,38.89,21015333
2023-05-01,39.21,23917757
2023-05-02,39.06,38834136
2023-05-03,38.45,27721928
2023-05-04,38.23,23675132
2023-05-05,38.49,19225050
2023-05-08,38.67,20101723
2023-05-09,38.48,15987904
2023-05-10,38.3,15858223
2023-05-11,37.58,28566365
2023-05-12,37.35,16541294
2023-05-15,37.16,16650412
2023-05-16,37.01,25451711
2023-05-17,36.75,23206392
2023-05-18,36.48,27772415
2023-05-19,36.77,33068322
2023-05-22,38.75,85718553
2023-05-23,39.64,75379535
2023-05-24,38.63,39326373
2023-05-25,37.83,30266597
2023-05-26,37.6,20234632
2023-05-30,37.01,24371098
2023-05-31,38.02,46166333
2023-06-01,38.02,20256137
2023-06-02,38.36,45472706
2023-06-05,38.65,19785267
2023-06-06,38.37,19508225
2023-06-07,38.89,25295133
2023-06-08,39.09,17353721
2023-06-09,38.97,19777462
2023-06-12,39.9,28340776
2023-06-13,40.28,26533763
2023-06-14,39.36,22056424
2023-06-15,39.75,19905906
2023-06-16,40.06,60338565
2023-06-20,39.34,26881166
2023-06-21,38.9,17982944
2023-06-22,38.73,18047000
2023-06-23,38.3,23492234
2023-06-26,36.89,56135475
2023-06-27,36.42,32414946
2023-06-28,36.29,30061996
2023-06-29,36.12,26284883
2023-06-30,36.68,30867939
2023-07-03,36.65,14115809
2023-07-05,36.46,26829419
2023-07-06,35.63,30214368
2023-07-07,35.53,22903336
2023-07-10,35.68,17777495
2023-07-11,36.02,17731329
2023-07-12,35.99,17229687
2023-07-13,36.06,16664403
2023-07-14,36.32,17915147
2023-07-17,35.86,20557295
2023-07-18,36.24,22817333
2023-07-19,36.44,18589659
2023-07-20,36.77,22358414
2023-07-21,37.4,24149716
2023-07-24,37.51,19414708
2023-07-25,37.06,21770959
2023-07-26,37.21,20983650
2023-07-27,36.2,25346304
2023-07-28,36.07,24054065
2023-07-31,36.06,40265244
2023-08-01,35.61,40951967
2023-08-02,35.35,34301638
2023-08-03,35.0,25687701
2023-08-04,35.02,25746459
2023-08-07,35.68,31069113
2023-08-08,35.64,25225525
2023-08-09,35.84,17210484
2023-08-10,35.72,18955150
2023-08-11,36.04,16609378
2023-08-14,36.07,20295465
2023-08-15,35.39,20484289
2023-08-16,35.48,22215607
2023-08-17,36.51,31113553
2023-08-18,36.66,24145117
2023-08-21,37.01,28496536
2023-08-22,36.84,18536903
2023-08-23,36.66,19370897
2023-08-24,36.16,19380831
2023-08-25,36.38,16421292
2023-08-28,36.21,15101949
2023-08-29,36.15,21076488
2023-08-30,35.9,16833018
2023-08-31,35.38,27919464
2023-09-01,35.78,17522542
2023-09-05,35.38,25856123
2023-09-06,34.37,35370154
2023-09-07,34.28,26777739
2023-09-08,34.25,19483285
2023-09-11,33.94,27574391
2023-09-12,34.15,17987155
2023-09-13,34.08,23853307
2023-09-14,34.15,23759867
2023-09-15,34.07,58063842
2023-09-18,33.64,25421949
2023-09-19,33.99,30323329
2023-09-20,33.62,24651414
2023-09-21,32.85,26988901
2023-09-22,32.69,28570752
2023-09-25,32.98,19443664
2023-09-26,32.4,26015472
2023-09-27,32.1,26430113
2023-09-28,32.09,28197588
2023-09-29,33.17,42421449
2023-10-02,33.94,44620596
2023-10-03,33.9,31059924
2023-10-04,33.6188,23722342
2023-10-05,33.47,21279407
2023-10-06,33.13,23760440
2023-10-09,33.2,17468112
2023-10-10,33.17,19212104
2023-10-11,33.11,24221176
2023-10-12,32.92,21809858
2023-10-13,32.11,32675093
2023-10-16,33.27,63317432
2023-10-17,32.75,40015849
2023-10-18,31.41,30307588
2023-10-19,31.19,26880287
2023-10-20,30.65,39407902
2023-10-23,30.84,29412071
2023-10-24,30.43,26923788
2023-10-25,30.73,28857900
2023-10-26,31.16,27162701
2023-10-27,30.11,33877106
2023-10-30,30.55,33063533
2023-10-31,30.56,42648188
2023-11-01,30.51,23568309
2023-11-02,30.5,29640886
2023-11-03,31.26,28071015
2023-11-06,31.18,27381163
2023-11-07,31.25,18086421
2023-11-08,30.82,29398346
2023-11-09,29.68,28737696
2023-11-10,29.48,33860227
2023-11-13,28.98,35519914
2023-11-14,29.26,40084331
2023-11-15,30.19,43614636
2023-11-16,29.77,32407186
2023-11-17,29.92,27082355
2023-11-20,29.98,26346186
2023-11-21,30.3,25988736
2023-11-22,30.32,19230183
2023-11-24,30.5,11129739
2023-11-27,30.14,26066748
2023-11-28,29.69,29497713
2023-11-29,30.08,26185160
2023-11-30,30.47,45356593
2023-12-01,28.91,103624040
2023-12-04,29.28,47410449
2023-12-05,29.09,39853005
2023-12-06,28.79,33410517
2023-12-07,28.63,35782909
2023-12-08,28.78,31890740
2023-12-11,28.64,37833862
2023-12-12,28.58,48587531
2023-12-13,26.66,158100678
2023-12-14,26.13,101889806
2023-12-15,26.63,138388401
2023-12-18,27.06,63329379
2023-12-19,28.16,70094663
2023-12-20,27.63,56184326
2023-12-21,28.31,51056623
2023-12-22,28.4,35162307
2023-12-26,28.41,30119121
2023-12-27,28.61,35000664
2023-12-28,28.79,30472890
2023-12-29,28.79,60726158
2024-01-02,29.73,57948706
2024-01-03,29.73,43426495
2024-01-04,29.09,45558159
2024-01-05,29.47,33612838
2024-01-08,29.58,32972133
2024-01-09,29.4,39856903
2024-01-10,28.99,37413289
2024-01-11,28.4,46884712
2024-01-12,28.7,30373486
2024-01-16,28.32,38825982
2024-01-17,28.15,33312583
2024-01-18,28.09,50321148
2024-01-19,28.28,35549293
2024-01-22,28.31,41663945
2024-01-23,28.43,33466651
2024-01-24,28.33,42720738
2024-01-25,27.47,47605546
2024-01-26,27.47,47073756
2024-01-29,27.48,67082715
2024-01-30,27.02,172144858
2024-01-31,27.08,81192099
2024-02-01,27.29,53882960
2024-02-02,26.93,51718525
2024-02-05,26.57,42633401
2024-02-06,27.5,56994489
2024-02-07,27.56,36843007
2024-02-08,27.57,29048353
2024-02-09,27.56,29062706
2024-02-12,27.66,30323717
2024-02-13,26.97,37927457
2024-02-14,27.11,25270224
2024-02-15,27.51,36111622
2024-02-16,27.62,35935327
2024-02-20,27.59,34232007
2024-02-21,27.67,27370649
2024-02-22,27.55,31957507
2024-02-23,27.76,33182554
2024-02-26,27.18,45685477
2024-02-27,26.89,38598363
2024-02-28,27.04,31010175
2024-02-29,26.56,54643160
2024-03-01,26.59,46392099
2024-03-04,25.89,86777724
2024-03-05,26.08,73646090
2024-03-06,27.19,169838912
2024-03-07,26.79,46423824
2024-03-08,27.22,45906630
2024-03-11,28.37,52600145
2024-03-12,28.01,48758226
2024-03-13,28.22,39272983
2024-03-14,28.13,36427957
2024-03-15,27.94,75727854
2024-03-18,27.72,36226501
2024-03-19,27.63,29026578
2024-03-20,27.7,34467959
2024-03-21,27.66,29633710
2024-03-22,27.36,28830115
2024-03-25,27.43,31110645
2024-03-26,27.59,38220263
2024-03-27,27.78,34247616
2024-03-28,27.75,40466657
2024-04-01,27.72,26596621
2024-04-02,27.55,32451485
2024-04-03,27.22,36828630
2024-04-04,26.65,41922711
2024-04-05,26.66,39880542
2024-04-08,26.58,24431352
2024-04-09,26.78,45193644
2024-04-10,26.32,44541594
2024-04-11,26.34,32814471
2024-04-12,25.86,43034056
2024-04-15,25.91,35660191
2024-04-16,25.69,28885313
2024-04-17,25.42,43828892
2024-04-18,25.39,35788351
2024-04-19,26.0,38372801
2024-04-22,26.26,35678657
2024-04-23,26.32,24297821
2024-04-24,26.27,24547780
2024-04-25,25.26,47661411
2024-04-26,25.4,46526457
2024-04-29,25.64,41674405
2024-04-30,25.62,38017739
2024-05-01,27.18,97521564
2024-05-02,27.7,69649012
2024-05-03,27.81,60568852
2024-05-06,28.16,59899707
2024-05-07,27.77,65606379
2024-05-08,28.27,39087790
2024-05-09,28.18,47831087
2024-05-10,28.01,25849775
2024-05-13,28.44,39609758
2024-05-14,28.38,23530856
2024-05-15,28.82,38376257
2024-05-16,28.92,40077782
2024-05-17,28.64,26106406
2024-05-20,28.53,22423283
2024-05-21,28.56,28119948
2024-05-22,29.6,46987481
2024-05-23,28.69,42031325
2024-05-24,28.88,22589127
2024-05-28,28.3,32371217
2024-05-29,27.82,24241730
2024-05-30,28.2,23330710
2024-05-31,28.66,78290055
2024-06-03,29.31,38177233
2024-06-04,29.49,46309529
2024-06-05,29.55,27346747
2024-06-06,28.8,35360443
2024-06-07,28.58,27526200
2024-06-10,28.07,37003192
2024-06-11,28.03,29573536
2024-06-12,27.66,32507942
2024-06-13,27.65,33945218
2024-06-14,27.53,29461921
2024-06-17,26.98,32194647
2024-06-18,27.41,29817777
2024-06-20,27.74,29693363
2024-06-21,27.74,52561555
2024-06-24,28.36,35414112
2024-06-25,27.99,26300713
2024-06-26,27.42,30745779
2024-06-27,27.8,28399596
2024-06-28,27.98,33189215
2024-07-01,28.22,26208992
2024-07-02,27.83,21989831
2024-07-03,27.7,15180087
2024-07-05,28.05,17268657
2024-07-08,27.93,25694361
2024-07-09,27.72,36876747
2024-07-10,28.35,29873573
2024-07-11,28.66,47322551
2024-07-12,28.92,28396983
2024-07-15,29.1,30534363
2024-07-16,29.5,26912145
2024-07-17,30.03,45394967
2024-07-18,29.71,47279678
2024-07-19,29.97,30021169
2024-07-22,29.6,46483174
2024-07-23,29.5,25528288
2024-07-24,29.98,29579444
2024-07-25,30.18,42296212
2024-07-26,30.77,35657080
2024-07-29,30.72,41713675
2024-07-30,31.39,89857470
2024-07-31,30.54,40978684
2024-08-01,30.65,39753104
2024-08-02,30.43,42364712
2024-08-05,29.74,37837997
2024-08-06,29.32,29031810
2024-08-07,28.85,32866117
2024-08-08,28.76,32094449
2024-08-09,28.55,25795602
2024-08-12,28.45,21141557
2024-08-13,28.85,34620731
2024-08-14,28.88,23677681
2024-08-15,28.71,28676776
2024-08-16,28.3,50332917
2024-08-19,28.8,26382519
2024-08-20,28.9,21301283
2024-08-21,29.03,16729667
2024-08-22,28.78,20241538
2024-08-23,28.9,21885329
2024-08-26,28.92,16506017
2024-08-27,28.82,16184631
2024-08-28,28.75,19874145
2024-08-29,28.72,19229826
2024-08-30,29.01,37137599
2024-09-03,28.3,44499554
2024-09-04,28.39,23510502
2024-09-05,28.51,25927159
2024-09-06,28.56,31214484
2024-09-09,29.41,36558420
2024-09-10,29.74,32378822
2024-09-11,29.66,31943123
2024-09-12,29.16,32535891
2024-09-13,29.27,19987683
2024-09-16,30.07,29224561
2024-09-17,29.83,27055292
2024-09-18,29.75,25812847
2024-09-19,29.66,22653157
2024-09-20,29.42,56877421
2024-09-23,29.31,23126233
2024-09-24,29.5,21446185
2024-09-25,28.93,30712714
2024-09-26,28.97,32310409
2024-09-27,29.09,25013039
2024-09-30,28.94,27481214
2024-10-01,28.67,30725106
2024-10-02,28.61,24957182
2024-10-03,28.34,25678869
2024-10-04,28.58,28786884
2024-10-07,29.2,51426586
2024-10-08,29.18,29126564
2024-10-09,30.19,44244836
2024-10-10,29.34,34347730
2024-10-11,29.16,29617610
2024-10-14,29.08,23594180
2024-10-15,29.44,29009879
2024-10-16,29.67,28414754
2024-10-17,29.27,23779153
2024-10-18,29.22,24244872
2024-10-21,28.93,23395658
2024-10-22,28.84,29036388
2024-10-23,28.86,22217569
2024-10-24,28.64,31473587
2024-10-25,28.45,26091111
2024-10-28,28.86,37922530
2024-10-29,28.46,102266959
2024-10-30,28.52,47104024
2024-10-31,28.3,37909602
2024-11-01,28.09,46894562
2024-11-04,27.76,41347818
2024-11-05,27.99,44175835
2024-11-06,27.36,65749517
2024-11-07,27.46,48484777
2024-11-08,26.72,55951315
2024-11-11,26.24,54329259
2024-11-12,26.19,53035233
2024-11-13,26.325,47983088
2024-11-14,26.02,45262223
2024-11-15,24.8,131074383
2024-11-18,24.86,64261280
2024-11-19,25.1,52381212
2024-11-20,24.94,46170786
2024-11-21,25.13,45048363
2024-11-22,25.65,41896988
2024-11-25,26.17,57707647
2024-11-26,25.77,33001020
2024-11-27,25.83,28242085
2024-11-29,26.21,22023022
2024-12-02,25.82,43866360
2024-12-03,25.56,49064298
2024-12-04,25.23,42541528
2024-12-05,25.7,43647885
2024-12-06,25.73,31830727
2024-12-09,26.1,37464823
2024-12-10,25.57,43280545
2024-12-11,25.23,39569365
2024-12-12,25.37,38705092
2024-12-13,25.58,29043563
2024-12-16,25.25,40193951
2024-12-17,26.43,71440271
2024-12-18,25.89,47575127
2024-12-19,25.77,50324678
2024-12-20,26.36,116340073
2024-12-23,26.71,35350374
2024-12-24,26.74,19716416
2024-12-26,26.56,31513727
2024-12-27,26.62,35218279
2024-12-30,26.42,32859114
2024-12-31,26.53,27085473
2025-01-02,26.61,65798458
2025-01-03,26.59,66833972
2025-01-06,26.89,87901942
2025-01-07,27.13,69767414
2025-01-08,26.86,70861448
2025-01-10,26.72,65673724
2025-01-13,26.8,56719200
2025-01-14,26.41,51713826
2025-01-15,26.22,71899388
2025-01-16,26.49,59962274
2025-01-17,26.3,70760660
2025-01-21,26.64,79491174
2025-01-22,26.01,83780830
2025-01-23,26.44,81974092
2025-01-24,26.09,62600368
2025-01-27,26.86,101297116
2025-01-28,26.75,81179116
2025-01-29,26.62,68836364
2025-01-30,26.91,64553140
2025-01-31,26.52,73276302
2025-02-03,26.2,99232432
2025-02-04,25.87,137496684
2025-02-05,26.44,100853560
2025-02-06,25.83,90364026
2025-02-07,25.74,73025648
2025-02-10,25.87,79265420
2025-02-11,25.53,73186560
2025-02-12,25.47,63343226
2025-02-13,25.64,61225066
2025-02-14,25.53,66429226
2025-02-18,25.56,80957607
2025-02-19,25.89,74584746
2025-02-20,25.9,71777914
2025-02-21,26.3,109221958
2025-02-24,26.65,87646664
2025-02-25,26.74,87120284
2025-02-26,26.42,60206550
2025-02-27,26.1,56536560
2025-02-28,26.43,103063494
2025-03-03,26.25,108097208
2025-03-04,25.75,102630066
2025-03-05,25.94,74124712
2025-03-06,26.24,93996622
2025-03-07,26.73,108578760
2025-03-10,26.64,106026914
2025-03-11,25.99,89682820
2025-03-12,25.71,74662072
2025-03-13,25.6,73404218
2025-03-14,25.72,60596684
2025-03-17,26.05,65353704
2025-03-18,26.31,65917440
2025-03-19,26.21,85045414
2025-03-20,26.19,70757872
2025-03-21,26.28,349976420
2025-03-21,26.155,349996520
2025-03-24,26.0651,75888720
2025-03-25,25.625,95215174
2025-03-26,25.195,99157788
2025-03-27,25.0744,102604044
2025-03-28,25.145,64685092
2025-03-28,25.1258,32352546
2025-03-31,25.315,106996226
2025-04-01,24.595,108888400
2025-04-02,24.5452,83929930
2025-04-03,24.305,106991678
2025-04-04,23.0149,80002585
2025-04-04,22.9748,80002585
2025-04-07,22.63,86106057
2025-04-08,21.845,144812038
2025-04-09,22.4551,191908752
2025-04-10,21.6449,145921366
2025-04-11,21.9352,55078087
2025-04-11,21.9055,55078087
2025-04-14,22.125,123801798
2025-04-15,22.445,103629338
2025-04-16,22.085,75282324
2025-04-17,22.245,108147366
2025-04-17,22.2335,54073683
2025-04-21,22.1033,64042012
2025-04-22,22.515,72105204
2025-04-23,22.425,101562016
2025-04-24,22.785,70019244
2025-04-25,22.9621,35847676
2025-04-25,22.975,35847676
2025-04-28,23.075,111777754
2025-04-29,23.775,197080374
2025-04-30,24.3249,107883440
2025-05-01,23.9647,93783480
2025-05-02,24.165,41685764
2025-05-02,24.185,41685764
2025-05-05,23.895,81623622
2025-05-06,22.88,60872639
2025-05-07,22.565,96739778
2025-05-08,22.975,111339644
2025-05-09,22.295,39059757
2025-05-09,22.315,39059757
2025-05-12,22.905,154961864
2025-05-13,22.87,41193234
2025-05-14,22.045,118787922
2025-05-15,22.6,51800092
2025-05-16,22.7552,37786787
2025-05-16,22.715,37786787
2025-05-19,22.945,63027376
2025-05-20,23.52,114095002
2025-05-21,23.145,85969442
2025-05-22,23.095,77205672
2025-05-23,23.385,35405386
2025-05-23,23.375,35405386
2025-05-27,23.615,72310764
2025-05-28,23.1959,73474350
2025-05-29,23.45,26210104
2025-05-30,23.5051,56618550
2025-05-30,23.5348,56618550
2025-06-02,23.425,60887854
2025-06-03,23.3751,75774204
2025-06-04,23.425,49000238
2025-06-05,23.1064,66399748
2025-06-06,23.3452,30426242
2025-06-06,23.405,30426242
2025-06-09,23.97,85085288
2025-06-10,24.355,80878412
2025-06-11,24.335,77117334
2025-06-12,24.84,42465423
2025-06-13,24.5552,46368359
2025-06-13,24.545,46368359
2025-06-16,24.435,70204270
2025-06-17,23.9549,80817558
2025-06-18,23.895,74152412
2025-06-18,23.8751,37076206
2025-06-20,23.995,63098137
2025-06-20,24.005,63098137
2025-06-23,24.055,63918164
2025-06-24,24.2851,68808318
2025-06-25,24.265,51206632
2025-06-26,24.2749,63670680
2025-06-27,24.195,39528753
2025-06-27,24.225,39528753
2025-06-30,24.215,89461820
2025-07-01,25.045,118519714
2025-07-02,25.215,73544186
2025-07-03,25.38,27104495
2025-07-07,25.275,69811848
2025-07-08,25.555,102551618
2025-07-09,25.5051,76724460
2025-07-10,25.805,78998484
2025-07-11,25.655,34864397
2025-07-11,25.665,34864397
2025-07-14,25.365,51836098
2025-07-15,24.635,108915928
2025-07-16,24.615,88436428
2025-07-17,24.58,47393884
2025-07-18,24.495,36309403
2025-07-18,24.505,36309403
2025-07-21,24.335,67326758
2025-07-22,25.125,96183158
2025-07-23,25.335,84146572
2025-07-24,25.435,51344758
2025-07-25,24.7749,35643442
2025-07-25,24.8028,35643442
2025-07-28,24.31,62193250
2025-07-29,24.3,76999650
2025-07-30,23.81,71299090
2025-07-31,23.29,125536656
2025-08-01,23.49,51332709
2025-08-04,23.53,57010739
2025-08-05,24.6949,227910126
2025-08-06,23.995,131378358
2025-08-07,24.2923,90988718
2025-08-08,24.555,36376966
2025-08-08,24.5751,36376966
2025-08-11,24.6051,76231424
2025-08-12,24.625,68825258
2025-08-13,25.105,80352986
2025-08-14,25.11,32513972
2025-08-15,25.135,31844848
2025-08-15,25.105,31844848
2025-08-18,25.0649,71246674
2025-08-19,25.275,58341008
2025-08-20,25.365,76222046
2025-08-21,25.74,37068082
2025-08-22,25.915,34560471
2025-08-22,25.865,34560471
2025-08-25,25.195,65368424
2025-08-26,24.955,87877442
2025-08-27,25.085,63680610
2025-08-28,24.635,88613690
2025-08-29,24.795,37029976
2025-08-29,24.775,37029976
2025-09-02,24.965,89449952
2025-09-03,24.765,61915150
2025-09-04,24.5056,83391010
2025-09-05,24.855,34613225
2025-09-05,24.865,34613225
2025-09-08,24.565,98485732
2025-09-09,24.7032,65502610
2025-09-10,24.57,32975897
2025-09-11,24.86,36784139
2025-09-12,23.9551,81378229
2025-09-12,23.955,81378229
2025-09-15,23.975,101520348
2025-09-16,23.925,114021584
2025-09-17,24.095,92703226
2025-09-18,24.175,68837952
2025-09-19,24.025,86577634
2025-09-19,24.045,86577634
2025-09-22,24.145,135726620
2025-09-23,24.13,38955246
2025-09-24,24.075,79338716
2025-09-24,23.6,153145882
2025-09-26,23.76,33374526
2025-09-29,23.85,78368696
2025-09-30,25.48,329734590
2025-10-01,27.105,301759794
2025-10-02,27.0852,139368146
2025-10-03,27.365,70524014
2025-10-03,27.3351,70524014
2025-10-06,26.455,125891226
2025-10-07,26.275,95488388
2025-10-08,25.6975,97386688
2025-10-09,25.255,94557342
2025-10-10,24.595,64963949
2025-10-10,24.6447,64963949
2025-10-13,24.775,90713234
2025-10-14,24.585,84554070
2025-10-15,24.425,95459598
2025-10-16,24.245,88779982
2025-10-17,24.5157,40101861
2025-10-17,24.545,40101861
2025-10-20,24.69,35856842
2025-10-21,24.835,81453844
2025-10-22,24.72,48653555
2025-10-23,24.705,68439008
2025-10-24,24.7849,27429169
2025-10-24,24.795,27429169
2025-10-27,24.755,69949718
2025-10-28,24.545,100297293
2025-10-29,24.305,130871765
2025-10-30,24.3256,314924023
2025-10-31,24.6949,265394882
2025-10-31,24.7049,132697441
2025-11-03,24.735,281729310
2025-11-04,24.3352,332276988
2025-11-05,24.6051,214481848
2025-11-06,24.885,248274344
2025-11-07,24.4051,235571968
2025-11-10,24.395,297903784
2025-11-11,25.455,279328097
2025-11-12,25.785,192014946
2025-11-13,25.79,123055175
2025-11-14,25.0938,193014196
2025-11-17,25.085,176069696
2025-11-18,25.415,133012493
2025-11-19,24.845,123985080
2025-11-20,24.3851,103948805
2025-11-21,25.095,146115634
2025-11-24,25.195,126144159
2025-11-25,25.72,39117945
2025-11-26,25.715,66916864
2025-11-28,25.74,22624741
2025-12-01,25.335,106386112
2025-12-02,25.165,87646882
2025-12-03,25.57,56109513
2025-12-04,25.7,35448032
2025-12-05,26.005,94881229
2025-12-08,25.805,90412799
2025-12-09,25.345,86956133
2025-12-10,25.7866,87262141
2025-12-11,25.8345,71132490
2025-12-12,25.885,103189221
2025-12-15,26.385,120709808
2025-12-16,25.465,223357922
2025-12-17,25.0748,122499365
2025-12-18,25.0665,94114792
2025-12-19,25.2549,175168890
2025-12-22,25.2338,77511784
2025-12-23,24.915,87383492
2025-12-24,25.03,19323043
2025-12-26,25.095,43235628
2025-12-29,25.035,66135340
2025-12-30,25.015,57643480
2025-12-31,24.915,58818476
2026-01-02,25.195,71953338
2026-01-05,25.135,105241800
2026-01-06,25.385,101954564
2026-01-07,25.245,102791512
2026-01-08,25.315,85954666
2026-01-09,25.475,68380364
2026-01-12,25.285,100512614
2026-01-13,25.15,47656110
2026-01-14,25.545,107476180
2026-01-15,25.815,110526422
2026-01-16,25.675,118941140
2026-01-20,25.5352,110850788
2026-01-21,25.8649,94528248
2026-01-22,26.1449,99767840
2026-01-23,25.605,90804668
2026-01-26,25.755,82883732
2026-01-27,26.4157,151150774
2026-01-28,25.805,89953388
2026-01-29,26.105,88747606
2026-01-30,26.3605,103198878
2026-02-02,26.625,104259032
2026-02-03,25.825,183929824
2026-02-04,26.615,166051678
2026-02-05,26.445,145301462
2026-02-06,27.13,101383150
2026-02-09,27.075,98576350
2026-02-10,27.565,87521200
2026-02-11,27.705,83398660
2026-02-12,27.515,117610210
2026-02-13,27.585,73973454
2026-02-17,27.385,64239720
2026-02-18,27.305,49559548
2026-02-19,26.845,80633572
2026-02-20,26.6388,89573852
2026-02-23,27.06,34166079
2026-02-24,27.14,34686061
2026-02-25,27.09,32680323
2026-02-26,27.1,30508282
2026-02-27,27.65,83759386
2026-03-02,27.26,41321690
2026-03-03,26.58,41486090
2026-03-04,26.62,30893515
2026-03-05,26.61,77817232
2026-03-06,26.9953,106363697
2026-03-07,26.865,0
2026-03-09,26.81,42789543
2026-03-10,27.035,83374732
2026-03-11,27.245,81120264
2026-03-12,26.925,77085665
2026-03-13,26.625,68541623
2026-03-13,26.645,34270811
2026-03-16,26.61,28551477
2026-03-16,27.45,88648279
2026-03-17,27.32,107575747
2026-03-19,27.41,95879101
2026-03-20,26.9955,114742303
2026-03-20,27.0323,66805681
2026-03-23,26.815,85890446
2026-03-24,27.025,71210542
2026-03-25,27.4227,75207722
2026-03-26,27.565,57959562
2026-03-27,27.045,58249202
2026-03-27,27.035,29124601
2026-03-30,27.77,46696030
2026-03-31,28.08,44841499
2026-04-01,28.55,44208493
2026-04-02,28.32,30920609
2026-04-02,28.28,30920609
2026-04-06,27.825,50338511
2026-04-07,27.1,71789768
2026-04-08,27.47,33789069
2026-04-09,27.22,27046877
2026-04-10,26.92,27880096
2026-04-13,27.34,44154298
2026-04-14,27.11,24558930
2026-04-15,27.19,29648942
2026-04-16,27.22,21905298
2026-04-17,27.56,30080405
2026-04-20,27.52,25023029
2026-04-21,27.31,29828830
2026-04-22,26.8,35246788
2026-04-23,26.67,38718407
2026-04-24,27.0,42500212
2026-04-27,26.79,34764213
2026-04-28,26.48,58079040
2026-04-29,26.26,29969700
2026-04-30,26.7,39082929
2026-05-01,26.33,29318724
2026-05-04,26.3,34581897
2026-05-05,26.450000762939453,57656100
2026-05-06,26.530000686645508,40357100
2026-05-07,26.479999542236328,48346000
2026-05-08,25.68000030517578,38903400
2026-05-11,25.809999465942383,43558000
2026-05-12,25.8700008392334,26819500
2026-05-13,25.959999084472656,39366374
2026-05-14,25.75,19664781
2026-05-15,25.329999923706055,37110100
2026-05-18,25.329999923706055,34111300
2026-05-19,25.65999984741211,29168277
2026-05-20,25.875,8876514
2026-05-21,25.80500030517578,4362897
2026-05-22,25.76889991760254,5964834
2026-05-26,25.799999237060547,7338014
2026-05-27,26.424999237060547,14484620
2026-05-28,26.17099952697754,5718197
2026-05-29,26.030099868774414,6892863
2026-06-01,25.4950008392334,11384958
2026-06-02,25.434999465942383,8564820
2026-06-03,25.395000457763672,8578837
2026-06-04,25.7549991607666,7420593
2026-06-05,25.996000289916992,8559506
2026-06-08,25.6200008392334,42028800
2026-06-09,25.700000762939453,35242400
2026-06-10,25.700000762939453,10820193
2026-06-11,26.320100784301758,17255141
2026-06-12,26.385000228881836,9810643
2026-06-15,26.3700008392334,7489346
2026-06-16,25.980199813842773,8825039
2026-06-17,26.184999465942383,6164868
2026-06-18,25.020000457763672,30997652
2026-06-22,25.02750015258789,11926749
2026-06-23,24.719999313354492,81943195
2026-06-24,24.040000915527344,65229875
2026-06-25,23.670000076293945,48843096
2026-06-26,24.290000915527344,36033387
2026-06-29,24.170000076293945,18989619
2026-06-30,24.079999923706055,46411485
2026-07-01,23.8799991607666,37049754
2026-07-02,24.31999969482422,51809215
2026-07-06,23.729999542236328,23646292
2026-07-07,24.06999969482422,43966684
2026-07-08,24.014999389648438,2453114
2026-07-09,24.25,28720544
2026-07-10,24.170000076293945,26810606
2026-07-13,24.469999313354492,16593163
2026-07-14,24.25,25036825
2026-07-15,24.81999969482422,32083706
2026-07-16,25.139999389648438,49940200
2026-07-17,25.049999237060547,40127278
2026-07-20,24.75,28462717
2026-07-21,24.940000534057617,27253600
2026-07-22,24.81999969482422,32959700
2026-07-23,25.010000228881836,30693261
2026-07-27,24.815000534057617,9226891
2026-07-29,25.2549991607666,7165275
2026-07-30,24.90999984741211,44924600
2026-07-31,25.010000228881836,33906387
2026-08-03,25.030000686645508,40585000
2026-08-04,25.614999771118164,24893424
2026-08-05,25.514999389648438,22590687
2026-08-06,26.200000762939453,44206171
2026-08-07,26.760000228881836,42717100
2026-08-10,27.065000534057617,23914446
2026-08-11,26.6200008392334,37922300
2026-08-12,26.309999465942383,27522142
2026-08-13,26.799999237060547,35339700
2026-08-14,26.790000915527344,23167800
2026-08-18,27.229999542236328,12007051
2026-08-19,28.084999084472656,31848901
2026-08-20,27.790000915527344,29227569
2026-08-21,28.06999969482422,37066560
2026-08-24,27.93000030517578,7973246
2026-08-25,28.56999969482422,31915700
2026-08-26,28.299999237060547,35017573
2026-08-27,28.155000686645508,10681580
2026-08-28,27.934999465942383,7890926
2026-08-31,28.295000076293945,11092118
2026-09-01,28.549999237060547,42480500
2026-09-02,29.020000457763672,39024616
2026-09-03,28.809999465942383,25234347
2026-09-04,28.635000228881836,8545818
2026-09-08,27.815000534057617,9309920
2026-09-09,27.780000686645508,28599468
2026-09-10,27.545000076293945,10910650
2026-09-11,27.565000534057617,11930520
2026-09-14,27.854999542236328,10849840
2026-09-15,27.549999237060547,10941565
2026-09-16,27.533899307250977,5777515
2026-09-17,27.639999389648438,28438263
2026-09-18,27.5049991607666,4008338
2026-09-21,27.6200008392334,8638840
2026-09-22,27.924999237060547,8617176
2026-09-23,28.18000030517578,32613293
2026-09-24,28.40999984741211,32782056
2026-09-25,28.670000076293945,27755200
2026-09-28,28.625,7763333
2026-09-29,28.719999313354492,32682214
2026-09-30,28.520000457763672,33629100
