date,close,volume
2014-01-02,80.540000915527,6985476
2014-01-03,80.449996948242,6925922
2014-01-06,80.639999389648,7209873
2014-01-07,81.419998168945,7158171
2014-01-08,80.23999786377,13462911
2014-01-09,80.419998168945,10839420
2014-01-10,80.300003051758,8452355
2014-01-13,80.01000213623,9366118
2014-01-14,80.870002746582,8737186
2014-01-15,80.790000915527,8223578
2014-01-16,80.559997558594,11673888
2014-01-17,79.879997253418,13633468
2014-01-21,80.180000305176,13216873
2014-01-22,79.230003356934,8455602
2014-01-23,78.23999786377,12674650
2014-01-24,79.180000305176,20190733
2014-01-27,78.470001220703,10396538
2014-01-28,79.110000610352,10061868
2014-01-29,77.639999389648,13443126
2014-01-30,76.870002746582,9462515
2014-01-31,76.620002746582,12996679
2014-02-03,75.699996948242,14304728
2014-02-04,76.089996337891,15598441
2014-02-05,76.449996948242,9734258
2014-02-06,76.900001525879,7821991
2014-02-07,77.309997558594,7301419
2014-02-10,78.029998779297,8964308
2014-02-11,78.839996337891,10516106
2014-02-12,77.48999786377,11035220
2014-02-13,77.800003051758,7422665
2014-02-14,79.400001525879,10819496
2014-02-18,77.970001220703,15763668
2014-02-19,78.139999389648,8740119
2014-02-20,77.919998168945,8275272
2014-02-21,77.970001220703,8095885
2014-02-24,77.860000610352,7838896
2014-02-25,78.120002746582,8182444
2014-02-26,77.860000610352,7772528
2014-02-27,78.190002441406,6549833
2014-02-28,78.660003662109,8489944
2014-03-03,77.480003356934,8609593
2014-03-04,78.449996948242,8306976
2014-03-05,77.819999694824,8542659
2014-03-06,78.059997558594,6475573
2014-03-07,78.379997253418,5865449
2014-03-10,78.529998779297,5233421
2014-03-11,78.949996948242,6599692
2014-03-12,79.23999786377,7470100
2014-03-13,79.190002441406,9676644
2014-03-14,78.980003356934,14850696
2014-03-17,79.839996337891,8452219
2014-03-18,79.769996643066,7703150
2014-03-19,78.779998779297,8607176
2014-03-20,78.319999694824,8659509
2014-03-21,77.879997253418,21250203
2014-03-24,79.300003051758,11221570
2014-03-25,79.809997558594,8892450
2014-03-26,79.5,8270011
2014-03-27,79.650001525879,8134097
2014-03-28,79.76000213623,6413509
2014-03-31,80.599998474121,8493091
2014-04-01,80.339996337891,8222389
2014-04-02,80.129997253418,6741754
2014-04-03,80.099998474121,5647193
2014-04-04,79.769996643066,8649667
2014-04-07,80.48999786377,13228988
2014-04-08,81.349998474121,11886367
2014-04-09,81.48999786377,11555284
2014-04-10,81.089996337891,12202694
2014-04-11,80.76000213623,11831591
2014-04-14,80.809997558594,7105587
2014-04-15,80.839996337891,9007674
2014-04-16,81.650001525879,8301006
2014-04-17,81.76000213623,8374713
2014-04-21,81.559997558594,6395150
2014-04-22,81.25,9260267
2014-04-23,80.360000610352,9580599
2014-04-24,81.150001525879,9528562
2014-04-25,81.410003662109,7497404
2014-04-28,82.940002441406,11595127
2014-04-29,82.440002441406,7214281
2014-04-30,82.550003051758,6253243
2014-05-01,82.339996337891,5312492
2014-05-02,81.919998168945,6629371
2014-05-05,81.699996948242,4563610
2014-05-06,81.129997253418,4591267
2014-05-07,82.089996337891,6639614
2014-05-08,82.160003662109,4631207
2014-05-09,82.389999389648,7303502
2014-05-12,81.730003356934,7859053
2014-05-13,81.610000610352,6540218
2014-05-14,81.169998168945,6872657
2014-05-15,80.529998779297,9402103
2014-05-16,80.330001831055,11559255
2014-05-19,79.930000305176,6073538
2014-05-20,80.230003356934,7057232
2014-05-21,80.48999786377,6339794
2014-05-22,80.650001525879,5561257
2014-05-23,80.519996643066,4472635
2014-05-27,80.080001831055,7004714
2014-05-28,80.099998474121,4201377
2014-05-29,80.400001525879,3886779
2014-05-30,80.790000915527,7432199
2014-06-02,80.360000610352,4331701
2014-06-03,79.930000305176,6970914
2014-06-04,79.860000610352,5427687
2014-06-05,80.110000610352,5788203
2014-06-06,80.029998779297,5521710
2014-06-09,80.089996337891,6352506
2014-06-10,80.150001525879,5658366
2014-06-11,80.059997558594,7453733
2014-06-12,79.76000213623,6526949
2014-06-13,79.639999389648,5214278
2014-06-16,79.690002441406,5334617
2014-06-17,79.580001831055,5337668
2014-06-18,79.790000915527,9618007
2014-06-19,80.23999786377,12493024
2014-06-20,79.930000305176,11664486
2014-06-23,79.519996643066,6947701
2014-06-24,79.01000213623,8157305
2014-06-25,79.319999694824,12569262
2014-06-26,78.620002746582,7262067
2014-06-27,79.019996643066,8975304
2014-06-30,78.589996337891,10303230
2014-07-01,79.279998779297,8426276
2014-07-02,79.559997558594,6282586
2014-07-03,79.980003356934,5501056
2014-07-07,80.190002441406,6674885
2014-07-08,80.559997558594,9150185
2014-07-09,81.669998168945,12120399
2014-07-10,81.610000610352,8786489
2014-07-11,81.160003662109,7519293
2014-07-14,81.319999694824,6806097
2014-07-15,81.26000213623,9638650
2014-07-16,80.940002441406,8946279
2014-07-17,80.400001525879,5853408
2014-07-18,80.550003051758,6507017
2014-07-21,80.279998779297,4439218
2014-07-22,80.099998474121,6073192
2014-07-23,79.98999786377,5891317
2014-07-24,80.26000213623,6273126
2014-07-25,79.559997558594,6293364
2014-07-28,79.26000213623,6757259
2014-07-29,78.650001525879,6425591
2014-07-30,78.160003662109,8296537
2014-07-31,77.319999694824,11239379
2014-08-01,79.650001525879,18110864
2014-08-04,79.220001220703,12075293
2014-08-05,79.410003662109,7995884
2014-08-06,81.089996337891,12839049
2014-08-07,80.139999389648,7912807
2014-08-08,80.949996948242,6215609
2014-08-11,81.480003356934,8188008
2014-08-12,81.419998168945,6591201
2014-08-13,81.480003356934,5472198
2014-08-14,81.949996948242,5930709
2014-08-15,81.779998779297,7422986
2014-08-18,82.440002441406,8450531
2014-08-19,82.690002441406,6873612
2014-08-20,82.809997558594,4581835
2014-08-21,83.279998779297,7106490
2014-08-22,83.389999389648,6978890
2014-08-25,83.540000915527,5586758
2014-08-26,83.379997253418,5188357
2014-08-27,83.309997558594,4248518
2014-08-28,83.029998779297,4283148
2014-08-29,83.110000610352,4901408
2014-09-02,82.980003356934,5528875
2014-09-03,82.900001525879,5851788
2014-09-04,83.699996948242,7444413
2014-09-05,83.769996643066,5889038
2014-09-08,83.319999694824,4899613
2014-09-09,82.98999786377,5206752
2014-09-10,83.639999389648,6722192
2014-09-11,83.48999786377,6345118
2014-09-12,83.26000213623,6367223
2014-09-15,83.870002746582,7008544
2014-09-16,84.080001831055,7146245
2014-09-17,84.160003662109,8277298
2014-09-18,84.190002441406,5309232
2014-09-19,84.470001220703,11380809
2014-09-22,84.809997558594,8397142
2014-09-23,84.440002441406,7723459
2014-09-24,85.23999786377,11694662
2014-09-25,84.330001831055,8212325
2014-09-26,84.580001831055,5482722
2014-09-29,84.440002441406,6362241
2014-09-30,83.73999786377,8080639
2014-10-01,83.139999389648,9029128
2014-10-02,83.050003051758,8858502
2014-10-03,83.790000915527,6702043
2014-10-06,83.569999694824,5656495
2014-10-07,83.160003662109,7386318
2014-10-08,84.180000305176,8110994
2014-10-09,83.660003662109,7765706
2014-10-10,84.690002441406,13733453
2014-10-13,83.370002746582,10073580
2014-10-14,83.550003051758,8210923
2014-10-15,82.949996948242,13288831
2014-10-16,82.23999786377,11310285
2014-10-17,83.269996643066,11786627
2014-10-20,84.180000305176,8558072
2014-10-21,84.610000610352,12389590
2014-10-22,84.230003356934,9755005
2014-10-23,83.230003356934,14292357
2014-10-24,85.160003662109,13465590
2014-10-27,85.949996948242,10316563
2014-10-28,86.470001220703,9444204
2014-10-29,86.540000915527,6881448
2014-10-30,86.940002441406,5560308
2014-10-31,87.269996643066,9359840
2014-11-03,87.379997253418,7782249
2014-11-04,88.639999389648,10594790
2014-11-05,89.0,8462015
2014-11-06,88.900001525879,6628881
2014-11-07,89.129997253418,5975737
2014-11-10,89.449996948242,5927052
2014-11-11,89.669998168945,6346785
2014-11-12,89.480003356934,6298672
2014-11-13,88.599998474121,10191559
2014-11-14,88.110000610352,7559371
2014-11-17,87.839996337891,9475799
2014-11-18,87.949996948242,6419641
2014-11-19,88.730003356934,6570396
2014-11-20,88.470001220703,5527565
2014-11-21,88.599998474121,8984113
2014-11-24,88.110000610352,5569245
2014-11-25,88.800003051758,6439699
2014-11-26,88.879997253418,4419983
2014-11-28,90.430000305176,7661778
2014-12-01,90.080001831055,6745137
2014-12-02,91.069999694824,7432863
2014-12-03,90.0,6465627
2014-12-04,90.580001831055,6410706
2014-12-05,90.379997253418,6383401
2014-12-08,90.76000213623,4723879
2014-12-09,90.709999084473,5703953
2014-12-10,90.0,6293332
2014-12-11,90.410003662109,6468676
2014-12-12,89.550003051758,6574629
2014-12-15,89.199996948242,6511895
2014-12-16,89.360000610352,8776495
2014-12-17,90.699996948242,7415365
2014-12-18,92.0,8724454
2014-12-19,92.050003051758,14037813
2014-12-22,92.599998474121,7157130
2014-12-23,93.290000915527,5610590
2014-12-24,93.139999389648,2408140
2014-12-26,93.459999084473,3148746
2014-12-29,92.639999389648,4657706
2014-12-30,92.400001525879,4730012
2014-12-31,91.089996337891,5712139
2015-01-02,90.440002441406,7255494
2015-01-05,90.01000213623,8626143
2015-01-06,89.599998474121,7791195
2015-01-07,90.069999694824,5986899
2015-01-08,91.099998474121,6831617
2015-01-09,90.25,4873097
2015-01-12,89.919998168945,5250893
2015-01-13,90.300003051758,6730752
2015-01-14,89.98999786377,6418158
2015-01-15,89.860000610352,6768180
2015-01-16,91.25,8815713
2015-01-20,91.190002441406,9874638
2015-01-21,90.730003356934,6974533
2015-01-22,91.620002746582,7211231
2015-01-23,90.080001831055,6745741
2015-01-26,89.580001831055,9371693
2015-01-27,86.48999786377,14417363
2015-01-28,85.150001525879,14033420
2015-01-29,85.669998168945,12054601
2015-01-30,84.290000915527,14685250
2015-02-02,85.120002746582,10278739
2015-02-03,85.949996948242,10747897
2015-02-04,85.790000915527,9212785
2015-02-05,86.699996948242,6531298
2015-02-06,85.610000610352,8429773
2015-02-09,85.050003051758,8811512
2015-02-10,85.389999389648,7059632
2015-02-11,85.639999389648,7184577
2015-02-12,86.029998779297,6074566
2015-02-13,85.900001525879,6272049
2015-02-17,85.48999786377,10310422
2015-02-18,86.26000213623,8132286
2015-02-19,85.209999084473,7271618
2015-02-20,84.870002746582,9581338
2015-02-23,85.389999389648,7919155
2015-02-24,85.5,6502170
2015-02-25,85.459999084473,5975834
2015-02-26,85.169998168945,7964477
2015-02-27,85.129997253418,7685024
2015-03-02,85.410003662109,7235172
2015-03-03,85.160003662109,6095591
2015-03-04,84.349998474121,7369986
2015-03-05,84.629997253418,5914196
2015-03-06,82.660003662109,11338662
2015-03-09,83.089996337891,7326705
2015-03-10,81.540000915527,9681416
2015-03-11,81.389999389648,10066594
2015-03-12,82.089996337891,6951122
2015-03-13,81.830001831055,7492548
2015-03-16,83.559997558594,15618256
2015-03-17,82.849998474121,7509338
2015-03-18,83.75,12607899
2015-03-19,83.379997253418,9257503
2015-03-20,84.73999786377,22580280
2015-03-23,84.860000610352,9891106
2015-03-24,83.919998168945,7478791
2015-03-25,83.01000213623,8482161
2015-03-26,82.150001525879,7311649
2015-03-27,82.309997558594,6441403
2015-03-30,82.720001220703,6416848
2015-03-31,81.940002441406,8649658
2015-04-01,82.319999694824,7395287
2015-04-02,82.430000305176,6169838
2015-04-06,83.040000915527,6856344
2015-04-07,82.389999389648,6330163
2015-04-08,82.769996643066,6523404
2015-04-09,82.889999389648,6184986
2015-04-10,83.349998474121,7001674
2015-04-13,83.430000305176,8290458
2015-04-14,83.599998474121,6792597
2015-04-15,83.51000213623,7006392
2015-04-16,83.5,7615906
2015-04-17,82.529998779297,9533805
2015-04-20,82.870002746582,7415988
2015-04-21,83.080001831055,7696424
2015-04-22,83.089996337891,6753101
2015-04-23,80.949996948242,14569488
2015-04-24,81.0,8785471
2015-04-27,80.599998474121,9192250
2015-04-28,80.419998168945,8395450
2015-04-29,79.849998474121,11858459
2015-04-30,79.51000213623,9409334
2015-05-01,80.290000915527,8192966
2015-05-04,80.349998474121,7203759
2015-05-05,80.069999694824,6589434
2015-05-06,80.400001525879,7335742
2015-05-07,80.199996948242,7224338
2015-05-08,80.959999084473,6929376
2015-05-11,80.269996643066,5237754
2015-05-12,79.949996948242,6305837
2015-05-13,79.699996948242,6459854
2015-05-14,80.569999694824,5634158
2015-05-15,81.050003051758,7454848
2015-05-18,80.73999786377,5590781
2015-05-19,80.830001831055,5729453
2015-05-20,80.480003356934,5486969
2015-05-21,80.410003662109,6055727
2015-05-22,79.949996948242,6003623
2015-05-26,79.139999389648,6698256
2015-05-27,79.389999389648,8094560
2015-05-28,79.330001831055,5803445
2015-05-29,78.389999389648,12551704
2015-06-01,78.849998474121,7588036
2015-06-02,78.540000915527,7380764
2015-06-03,78.559997558594,5985813
2015-06-04,78.150001525879,7714574
2015-06-05,77.430000305176,9439700
2015-06-08,77.709999084473,10916201
2015-06-09,78.900001525879,11528875
2015-06-10,79.540000915527,9483534
2015-06-11,79.410003662109,7633332
2015-06-12,78.870002746582,6508632
2015-06-15,78.120002746582,7527947
2015-06-16,79.099998474121,8285671
2015-06-17,80.080001831055,9305776
2015-06-18,80.819999694824,10712462
2015-06-19,80.540000915527,15598811
2015-06-22,80.449996948242,6907940
2015-06-23,79.790000915527,7190628
2015-06-24,79.51000213623,8843732
2015-06-25,79.389999389648,5855728
2015-06-26,79.339996337891,7703191
2015-06-29,78.319999694824,7966240
2015-06-30,78.23999786377,8451427
2015-07-01,79.720001220703,8868020
2015-07-02,79.930000305176,6602521
2015-07-06,80.050003051758,6601218
2015-07-07,81.720001220703,11690399
2015-07-08,80.98999786377,6724685
2015-07-09,80.660003662109,10419811
2015-07-10,80.949996948242,6892498
2015-07-13,81.910003662109,7332927
2015-07-14,82.040000915527,6119504
2015-07-15,82.150001525879,6673662
2015-07-16,82.300003051758,6623418
2015-07-17,82.23999786377,5827266
2015-07-20,82.190002441406,5012932
2015-07-21,81.629997253418,7512386
2015-07-22,80.830001831055,6106378
2015-07-23,80.699996948242,5380856
2015-07-24,80.290000915527,5660786
2015-07-27,79.970001220703,8613558
2015-07-28,80.230003356934,8649935
2015-07-29,80.620002746582,8921525
2015-07-30,77.389999389648,22067809
2015-07-31,76.699996948242,11877236
2015-08-03,76.400001525879,9511261
2015-08-04,75.910003662109,13369071
2015-08-05,75.769996643066,10895393
2015-08-06,75.73999786377,9353287
2015-08-07,75.480003356934,10045380
2015-08-10,76.379997253418,9165893
2015-08-11,76.220001220703,7491871
2015-08-12,76.389999389648,10484495
2015-08-13,75.779998779297,5948007
2015-08-14,75.620002746582,5586878
2015-08-17,75.529998779297,8683913
2015-08-18,75.129997253418,7445886
2015-08-19,74.120002746582,9865255
2015-08-20,73.910003662109,10696535
2015-08-21,71.839996337891,15763874
2015-08-24,69.139999389648,23696285
2015-08-25,68.419998168945,21476897
2015-08-26,70.900001525879,17464681
2015-08-27,71.480003356934,13433988
2015-08-28,71.209999084473,10019999
2015-08-31,70.669998168945,9520912
2015-09-01,68.900001525879,15437707
2015-09-02,69.809997558594,8903666
2015-09-03,69.930000305176,8468332
2015-09-04,68.76000213623,11497510
2015-09-08,69.980003356934,9182282
2015-09-09,68.480003356934,11070555
2015-09-10,68.319999694824,12591110
2015-09-11,68.419998168945,11291401
2015-09-14,68.059997558594,9712806
2015-09-15,69.449996948242,11043655
2015-09-16,70.099998474121,8704237
2015-09-17,70.23999786377,11029573
2015-09-18,69.940002441406,18210249
2015-09-21,70.650001525879,7742846
2015-09-22,70.190002441406,10207785
2015-09-23,70.26000213623,6294153
2015-09-24,71.360000610352,13423500
2015-09-25,72.669998168945,15080707
2015-09-28,71.769996643066,9207321
2015-09-29,72.279998779297,9033283
2015-09-30,71.940002441406,11041913
2015-10-01,71.949996948242,8547591
2015-10-02,72.419998168945,9085580
2015-10-05,73.220001220703,9187673
2015-10-06,73.400001525879,8851535
2015-10-07,73.720001220703,8073977
2015-10-08,74.400001525879,6856553
2015-10-09,74.480003356934,6880132
2015-10-12,74.330001831055,6255896
2015-10-13,74.110000610352,8390248
2015-10-14,74.209999084473,8479170
2015-10-15,74.269996643066,8607447
2015-10-16,74.900001525879,9578893
2015-10-19,75.160003662109,7292177
2015-10-20,74.430000305176,8531907
2015-10-21,73.589996337891,8320783
2015-10-22,74.849998474121,14080942
2015-10-23,77.029998779297,16451170
2015-10-26,77.48999786377,11464659
2015-10-27,77.290000915527,9423405
2015-10-28,76.51000213623,10178363
2015-10-29,77.019996643066,8230732
2015-10-30,76.379997253418,9547693
2015-11-02,76.599998474121,7152929
2015-11-03,77.050003051758,8013214
2015-11-04,77.059997558594,6376267
2015-11-05,76.389999389648,6860925
2015-11-06,75.569999694824,9483466
2015-11-09,75.400001525879,8607162
2015-11-10,75.769996643066,6551032
2015-11-11,75.959999084473,5295876
2015-11-12,74.660003662109,7678611
2015-11-13,73.959999084473,8468836
2015-11-16,75.300003051758,7410647
2015-11-17,75.069999694824,8761835
2015-11-18,75.900001525879,6447106
2015-11-19,76.220001220703,7899486
2015-11-20,75.819999694824,9533187
2015-11-23,75.970001220703,9421321
2015-11-24,76.449996948242,7086758
2015-11-25,75.900001525879,4266529
2015-11-27,75.699996948242,2390080
2015-11-30,74.839996337891,8935677
2015-12-01,75.940002441406,8391666
2015-12-02,75.790000915527,8104185
2015-12-03,75.73999786377,11178640
2015-12-04,77.830001831055,11960991
2015-12-07,78.370002746582,9459974
2015-12-08,77.75,8312746
2015-12-09,77.699996948242,10081941
2015-12-10,77.790000915527,8984191
2015-12-11,77.779998779297,12280492
2015-12-14,78.290000915527,12178954
2015-12-15,79.680000305176,14113427
2015-12-16,80.98999786377,14102635
2015-12-17,80.290000915527,9864248
2015-12-18,78.129997253418,21342066
2015-12-21,78.949996948242,9105763
2015-12-22,79.599998474121,9872157
2015-12-23,79.919998168945,8254573
2015-12-24,79.790000915527,2498020
2015-12-28,79.919998168945,4149999
2015-12-29,80.360000610352,4406098
2015-12-30,80.069999694824,3793159
2015-12-31,79.410003662109,5077736
2016-01-04,78.370002746582,11529780
2016-01-05,78.620002746582,8133650
2016-01-06,77.860000610352,9551003
2016-01-07,77.180000305176,11973854
2016-01-08,75.970001220703,9676382
2016-01-11,76.669998168945,10209239
2016-01-12,76.51000213623,8774696
2016-01-13,75.849998474121,9310123
2016-01-14,76.150001525879,12835116
2016-01-15,74.980003356934,17023856
2016-01-19,76.730003356934,13457281
2016-01-20,75.830001831055,17795006
2016-01-21,76.720001220703,12712854
2016-01-22,77.360000610352,9465794
2016-01-25,76.849998474121,9870407
2016-01-26,78.809997558594,16374750
2016-01-27,78.800003051758,10816070
2016-01-28,79.819999694824,9895146
2016-01-29,81.690002441406,19894992
2016-02-01,81.120002746582,9657184
2016-02-02,80.220001220703,9116414
2016-02-03,81.099998474121,10149588
2016-02-04,80.699996948242,8295082
2016-02-05,81.199996948242,9957618
2016-02-08,82.620002746582,16530181
2016-02-09,82.639999389648,14308930
2016-02-10,81.620002746582,10585437
2016-02-11,79.900001525879,12343863
2016-02-12,80.98999786377,9306055
2016-02-16,81.470001220703,9352604
2016-02-17,82.449996948242,10892940
2016-02-18,81.980003356934,7702583
2016-02-19,81.790000915527,7709648
2016-02-22,82.129997253418,6916454
2016-02-23,81.809997558594,5840568
2016-02-24,81.559997558594,6759818
2016-02-25,82.339996337891,6789653
2016-02-26,81.099998474121,9281110
2016-02-29,80.290000915527,11065303
2016-03-01,81.230003356934,9483939
2016-03-02,82.550003051758,12096642
2016-03-03,82.839996337891,8747057
2016-03-04,83.48999786377,9406722
2016-03-07,83.099998474121,6792402
2016-03-08,83.059997558594,7788361
2016-03-09,82.959999084473,8954849
2016-03-10,82.279998779297,10385568
2016-03-11,81.75,11109536
2016-03-14,81.169998168945,12389311
2016-03-15,81.309997558594,9297842
2016-03-16,81.339996337891,9490276
2016-03-17,82.75,12061500
2016-03-18,83.150001525879,33635172
2016-03-21,83.319999694824,8625579
2016-03-22,82.73999786377,7205943
2016-03-23,82.819999694824,5594556
2016-03-24,82.889999389648,6645743
2016-03-28,82.620002746582,4988467
2016-03-29,82.800003051758,6731392
2016-03-30,82.680000305176,6925360
2016-03-31,82.309997558594,6819225
2016-04-01,83.529998779297,8028606
2016-04-04,83.209999084473,5593417
2016-04-05,83.160003662109,5259066
2016-04-06,83.809997558594,6292095
2016-04-07,83.23999786377,6655914
2016-04-08,83.199996948242,5452988
2016-04-11,82.730003356934,7081525
2016-04-12,82.830001831055,7081592
2016-04-13,82.459999084473,11738639
2016-04-14,82.01000213623,6904390
2016-04-15,82.300003051758,7299299
2016-04-18,82.830001831055,5628014
2016-04-19,83.279998779297,6606143
2016-04-20,81.550003051758,9124197
2016-04-21,80.800003051758,8802123
2016-04-22,80.949996948242,8027651
2016-04-25,81.410003662109,7672811
2016-04-26,79.550003051758,13742264
2016-04-27,79.889999389648,7689688
2016-04-28,79.76000213623,7615948
2016-04-29,80.120002746582,9390964
2016-05-02,80.970001220703,7862625
2016-05-03,81.099998474121,7617524
2016-05-04,81.599998474121,7365945
2016-05-05,81.300003051758,6399874
2016-05-06,82.129997253418,6297747
2016-05-09,82.120002746582,6718753
2016-05-10,82.480003356934,6223170
2016-05-11,82.150001525879,5974962
2016-05-12,82.410003662109,4925007
2016-05-13,81.230003356934,6578964
2016-05-16,81.629997253418,6497236
2016-05-17,80.620002746582,10188233
2016-05-18,79.849998474121,8344069
2016-05-19,80.190002441406,6242522
2016-05-20,80.019996643066,6526805
2016-05-23,80.199996948242,5620561
2016-05-24,80.970001220703,6293252
2016-05-25,81.480003356934,6050617
2016-05-26,81.220001220703,4622328
2016-05-27,81.430000305176,4322195
2016-05-31,81.040000915527,6705032
2016-06-01,81.790000915527,6184108
2016-06-02,81.949996948242,5186323
2016-06-03,82.470001220703,6306719
2016-06-06,82.769996643066,5292348
2016-06-07,82.319999694824,6327475
2016-06-08,82.650001525879,4712567
2016-06-09,83.169998168945,6144895
2016-06-10,83.199996948242,6840768
2016-06-13,82.569999694824,6167444
2016-06-14,83.349998474121,6868619
2016-06-15,82.949996948242,7082203
2016-06-16,83.410003662109,6630088
2016-06-17,83.129997253418,11741742
2016-06-20,83.040000915527,6164326
2016-06-21,83.410003662109,6594737
2016-06-22,83.569999694824,4940053
2016-06-23,84.209999084473,7361265
2016-06-24,82.26000213623,12401053
2016-06-27,81.230003356934,9619036
2016-06-28,82.459999084473,9257100
2016-06-29,83.910003662109,7927516
2016-06-30,84.669998168945,10969296
2016-07-01,84.779998779297,9531106
2016-07-05,85.440002441406,11403103
2016-07-06,85.029998779297,8356546
2016-07-07,84.830001831055,7905843
2016-07-08,85.769996643066,6827349
2016-07-11,85.75,6156824
2016-07-12,85.75,6649847
2016-07-13,85.889999389648,7572148
2016-07-14,85.870002746582,11342573
2016-07-15,86.01000213623,8491347
2016-07-18,85.930000305176,4781778
2016-07-19,86.169998168945,6078231
2016-07-20,85.319999694824,6289008
2016-07-21,85.26000213623,5471194
2016-07-22,85.720001220703,6165618
2016-07-25,85.800003051758,5605314
2016-07-26,85.269996643066,5379332
2016-07-27,84.459999084473,7744663
2016-07-28,84.809997558594,5911575
2016-07-29,85.589996337891,7520867
2016-08-01,86.410003662109,10420628
2016-08-02,86.76000213623,13083211
2016-08-03,85.970001220703,8192124
2016-08-04,86.050003051758,5564060
2016-08-05,85.779998779297,6729690
2016-08-08,85.76000213623,5388194
2016-08-09,85.98999786377,4158784
2016-08-10,86.309997558594,5981436
2016-08-11,86.730003356934,7387106
2016-08-12,87.040000915527,8063375
2016-08-15,87.019996643066,6871164
2016-08-16,86.580001831055,8071056
2016-08-17,86.959999084473,6762059
2016-08-18,87.440002441406,7082804
2016-08-19,87.309997558594,6199917
2016-08-22,86.849998474121,5921119
2016-08-23,87.400001525879,5420109
2016-08-24,87.309997558594,5713285
2016-08-25,87.900001525879,10595473
2016-08-26,87.580001831055,16408187
2016-08-29,88.300003051758,8934474
2016-08-30,87.540000915527,11619392
2016-08-31,87.309997558594,11407806
2016-09-01,88.309997558594,29793308
2016-09-02,88.199996948242,17470433
2016-09-06,88.639999389648,14472067
2016-09-07,87.949996948242,17556418
2016-09-08,87.779998779297,23465734
2016-09-09,86.23999786377,21954951
2016-09-12,88.25,16105710
2016-09-13,87.050003051758,19682706
2016-09-14,87.01000213623,25397922
2016-09-15,88.059997558594,13891454
2016-09-16,88.050003051758,23518263
2016-09-19,88.370002746582,19173907
2016-09-20,88.580001831055,33986484
2016-09-21,87.800003051758,55409813
2016-09-22,88.98999786377,52692665
2016-09-23,87.76000213623,48281375
2016-09-26,87.849998474121,60276563
2016-09-27,88.360000610352,65150794
2016-09-28,89.459999084473,89805967
2016-09-29,88.230003356934,74587460
2016-09-30,89.75,123735748
2016-10-03,88.660003662109,26789542
2016-10-04,88.349998474121,23317644
2016-10-05,88.849998474121,64580261
2016-10-06,89.220001220703,61462771
2016-10-07,90.0,20518765
2016-10-10,89.059997558594,15492383
2016-10-11,88.540000915527,11723100
2016-10-12,88.569999694824,17118011
2016-10-13,88.23999786377,11158075
2016-10-14,88.430000305176,7368968
2016-10-17,87.830001831055,7610568
2016-10-18,87.449996948242,10749527
2016-10-19,85.540000915527,12788794
2016-10-20,84.930000305176,10175116
2016-10-21,84.330001831055,13974139
2016-10-24,84.099998474121,10573198
2016-10-25,86.970001220703,20761155
2016-10-26,87.400001525879,8464058
2016-10-27,86.580001831055,6598279
2016-10-28,86.839996337891,7021059
2016-10-31,86.800003051758,8207137
2016-11-01,86.849998474121,8564471
2016-11-02,86.73999786377,7773237
2016-11-03,86.599998474121,6899931
2016-11-04,85.080001831055,9378118
2016-11-07,86.559997558594,8878455
2016-11-08,87.459999084473,7674604
2016-11-09,85.930000305176,11972512
2016-11-10,82.959999084473,22095710
2016-11-11,83.580001831055,8905669
2016-11-14,83.0,12862496
2016-11-15,83.620002746582,9464037
2016-11-16,83.190002441406,8542909
2016-11-17,83.069999694824,9083724
2016-11-18,82.0,14565456
2016-11-21,82.639999389648,11482061
2016-11-22,82.76000213623,7426508
2016-11-23,82.680000305176,10763830
2016-11-25,83.459999084473,3883098
2016-11-28,83.069999694824,6990064
2016-11-29,82.889999389648,6183113
2016-11-30,82.459999084473,12115474
2016-12-01,81.860000610352,12516920
2016-12-02,82.400001525879,9079412
2016-12-05,82.98999786377,8597543
2016-12-06,82.910003662109,7327194
2016-12-07,84.180000305176,8567706
2016-12-08,83.5,7522799
2016-12-09,84.370002746582,8004453
2016-12-12,85.129997253418,7494115
2016-12-13,85.180000305176,11795940
2016-12-14,84.370002746582,12292170
2016-12-15,84.680000305176,8768128
2016-12-16,84.680000305176,21172420
2016-12-19,84.709999084473,6431223
2016-12-20,84.569999694824,7485433
2016-12-21,84.279998779297,6099334
2016-12-22,84.470001220703,7864796
2016-12-23,84.959999084473,5284195
2016-12-27,84.599998474121,3782582
2016-12-28,84.069999694824,4298812
2016-12-29,84.349998474121,3718306
2016-12-30,84.080001831055,6209848
2017-01-03,84.199996948242,8792706
2017-01-04,84.5,8096650
2017-01-05,85.059997558594,6852435
2017-01-06,85.029998779297,4799945
2017-01-09,84.400001525879,11000579
2017-01-10,83.48999786377,10918153
2017-01-11,83.75,9572286
2017-01-12,83.839996337891,6545444
2017-01-13,84.01000213623,6762797
2017-01-17,85.209999084473,13145073
2017-01-18,84.930000305176,10521181
2017-01-19,84.699996948242,14074464
2017-01-20,87.449996948242,22944405
2017-01-23,86.959999084473,9408904
2017-01-24,87.860000610352,8704722
2017-01-25,87.160003662109,8082874
2017-01-26,86.599998474121,6542285
2017-01-27,86.720001220703,9332303
2017-01-30,86.75,7350036
2017-01-31,87.599998474121,9712432
2017-02-01,87.330001831055,8291514
2017-02-02,87.76000213623,8997158
2017-02-03,87.410003662109,7161948
2017-02-06,87.400001525879,7482993
2017-02-07,88.01000213623,6646055
2017-02-08,88.330001831055,6815753
2017-02-09,88.669998168945,9914070
2017-02-10,87.970001220703,11057552
2017-02-13,88.309997558594,6905130
2017-02-14,87.860000610352,20123406
2017-02-15,91.120002746582,25847697
2017-02-16,90.790000915527,12408473
2017-02-17,91.089996337891,12152428
2017-02-21,91.669998168945,9018703
2017-02-22,91.440002441406,6749919
2017-02-23,91.129997253418,7611638
2017-02-24,91.050003051758,6643365
2017-02-27,90.889999389648,11840268
2017-02-28,91.069999694824,10535619
2017-03-01,91.660003662109,8792150
2017-03-02,90.910003662109,7031221
2017-03-03,90.5,8341071
2017-03-06,90.370002746582,9533795
2017-03-07,90.290000915527,5362951
2017-03-08,90.139999389648,5513405
2017-03-09,90.339996337891,5587379
2017-03-10,91.069999694824,6797792
2017-03-13,91.309997558594,7397472
2017-03-14,91.0,6686388
2017-03-15,91.400001525879,7855256
2017-03-16,91.440002441406,6601208
2017-03-17,91.0,37010081
2017-03-20,91.220001220703,7772903
2017-03-21,91.190002441406,8210951
2017-03-22,90.98999786377,7798024
2017-03-23,90.769996643066,6831401
2017-03-24,90.569999694824,9251999
2017-03-27,90.48999786377,10071996
2017-03-28,90.76000213623,11855807
2017-03-29,90.599998474121,4252782
2017-03-30,90.199996948242,3691926
2017-03-31,89.849998474121,6942356
2017-04-03,89.680000305176,6967439
2017-04-04,89.910003662109,5680764
2017-04-05,89.970001220703,6320139
2017-04-06,89.400001525879,7231506
2017-04-07,89.230003356934,4739140
2017-04-10,89.48999786377,5955986
2017-04-11,89.800003051758,5185977
2017-04-12,90.309997558594,6286312
2017-04-13,90.029998779297,5040104
2017-04-17,90.389999389648,6931678
2017-04-18,90.800003051758,7087796
2017-04-19,89.599998474121,6918993
2017-04-20,89.330001831055,6983536
2017-04-21,88.620002746582,9061218
2017-04-24,89.550003051758,8338467
2017-04-25,90.0,9088390
2017-04-26,87.73999786377,11951322
2017-04-27,87.690002441406,8517522
2017-04-28,87.330001831055,8295445
2017-05-01,87.089996337891,4546624
2017-05-02,86.220001220703,13197492
2017-05-03,86.430000305176,6121974
2017-05-04,86.449996948242,5986188
2017-05-05,86.5,4506197
2017-05-08,86.550003051758,4634623
2017-05-09,86.400001525879,9577623
2017-05-10,86.48999786377,6178549
2017-05-11,86.169998168945,6064727
2017-05-12,86.190002441406,5892430
2017-05-15,86.330001831055,5820742
2017-05-16,86.23999786377,6554454
2017-05-17,86.26000213623,7805770
2017-05-18,85.870002746582,6985567
2017-05-19,86.23999786377,7320725
2017-05-22,86.209999084473,4259955
2017-05-23,86.080001831055,4394225
2017-05-24,86.5,4902470
2017-05-25,86.860000610352,4367960
2017-05-26,87.25,4337023
2017-05-30,87.400001525879,4594514
2017-05-31,88.089996337891,10146610
2017-06-01,88.129997253418,6251292
2017-06-02,88.589996337891,6136425
2017-06-05,88.73999786377,4115288
2017-06-06,88.800003051758,6503039
2017-06-07,88.769996643066,4781587
2017-06-08,87.849998474121,7712062
2017-06-09,88.160003662109,9696915
2017-06-12,88.23999786377,7867734
2017-06-13,88.059997558594,6419319
2017-06-14,88.440002441406,6183875
2017-06-15,89.379997253418,7047471
2017-06-16,89.660003662109,13855018
2017-06-19,89.860000610352,5246246
2017-06-20,89.629997253418,5674212
2017-06-21,89.400001525879,4164473
2017-06-22,89.029998779297,4536714
2017-06-23,89.419998168945,8782097
2017-06-26,89.360000610352,4373314
2017-06-27,88.610000610352,5180391
2017-06-28,88.370002746582,4874990
2017-06-29,86.98999786377,8123516
2017-06-30,87.150001525879,6070254
2017-07-03,87.73999786377,3607447
2017-07-05,87.669998168945,4974329
2017-07-06,87.370002746582,6038851
2017-07-07,87.650001525879,5142197
2017-07-10,87.089996337891,5356392
2017-07-11,86.769996643066,5838563
2017-07-12,86.959999084473,4374171
2017-07-13,86.699996948242,5448911
2017-07-14,87.099998474121,4577701
2017-07-17,87.550003051758,5227821
2017-07-18,88.639999389648,7492306
2017-07-19,88.349998474121,6008454
2017-07-20,88.599998474121,7285004
2017-07-21,88.610000610352,5714842
2017-07-24,88.180000305176,6202019
2017-07-25,89.139999389648,6766682
2017-07-26,89.300003051758,6986999
2017-07-27,90.680000305176,11089181
2017-07-28,90.209999084473,6137534
2017-07-31,90.819999694824,7835661
2017-08-01,91.099998474121,8662108
2017-08-02,91.040000915527,7167732
2017-08-03,90.860000610352,6413176
2017-08-04,90.669998168945,5824439
2017-08-07,91.440002441406,5011336
2017-08-08,91.580001831055,5623352
2017-08-09,91.919998168945,5572843
2017-08-10,91.73999786377,6338248
2017-08-11,91.339996337891,7094246
2017-08-14,91.650001525879,5398412
2017-08-15,92.199996948242,5293433
2017-08-16,92.440002441406,7965478
2017-08-17,92.069999694824,5711411
2017-08-18,92.470001220703,6815008
2017-08-21,92.860000610352,4334337
2017-08-22,92.790000915527,4731497
2017-08-23,92.440002441406,3631851
2017-08-24,92.269996643066,5173720
2017-08-25,92.51000213623,4932978
2017-08-28,92.470001220703,5386538
2017-08-29,92.319999694824,3676277
2017-08-30,91.870002746582,4709627
2017-08-31,92.269996643066,5864440
2017-09-01,92.529998779297,4960653
2017-09-05,92.720001220703,6532090
2017-09-06,92.720001220703,6747154
2017-09-07,92.970001220703,7735387
2017-09-08,92.839996337891,6070073
2017-09-11,93.98999786377,10177267
2017-09-12,93.51000213623,5804047
2017-09-13,93.550003051758,5369293
2017-09-14,93.550003051758,5492335
2017-09-15,93.269996643066,12428828
2017-09-18,93.150001525879,6177688
2017-09-19,94.169998168945,6587152
2017-09-20,94.400001525879,5941516
2017-09-21,92.639999389648,9376655
2017-09-22,92.23999786377,6837699
2017-09-25,92.720001220703,6436162
2017-09-26,92.650001525879,4885203
2017-09-27,90.870002746582,9631240
2017-09-28,90.889999389648,4999771
2017-09-29,90.980003356934,6634464
2017-10-02,91.769996643066,7302440
2017-10-03,92.120002746582,5909908
2017-10-04,92.419998168945,6140711
2017-10-05,92.029998779297,6912759
2017-10-06,92.330001831055,5241920
2017-10-09,92.120002746582,5148962
2017-10-10,91.620002746582,17125589
2017-10-11,91.459999084473,7115398
2017-10-12,92.150001525879,5984905
2017-10-13,93.040000915527,6956656
2017-10-16,93.139999389648,4159101
2017-10-17,92.800003051758,5316062
2017-10-18,92.769996643066,7399662
2017-10-19,91.589996337891,8584972
2017-10-20,88.25,19997800
2017-10-23,87.300003051758,13358194
2017-10-24,86.980003356934,11519038
2017-10-25,86.860000610352,9024251
2017-10-26,87.5,6233848
2017-10-27,87.040000915527,7433806
2017-10-30,86.269996643066,5387086
2017-10-31,86.339996337891,7118956
2017-11-01,86.889999389648,4884052
2017-11-02,86.51000213623,5021175
2017-11-03,86.580001831055,5106470
2017-11-06,86.050003051758,5186719
2017-11-07,86.980003356934,6875128
2017-11-08,87.580001831055,6909955
2017-11-09,87.779998779297,5279995
2017-11-10,88.160003662109,7227298
2017-11-13,89.0,6873475
2017-11-14,88.870002746582,5035525
2017-11-15,88.230003356934,6688123
2017-11-16,89.25,7205106
2017-11-17,88.430000305176,5941753
2017-11-20,88.269996643066,4926181
2017-11-21,88.720001220703,6196431
2017-11-22,88.330001831055,6006917
2017-11-24,88.449996948242,2196665
2017-11-27,88.959999084473,6199673
2017-11-28,89.400001525879,4841259
2017-11-29,89.379997253418,5158905
2017-11-30,89.98999786377,9789941
2017-12-01,90.360000610352,7953239
2017-12-04,91.410003662109,9003702
2017-12-05,91.400001525879,8683018
2017-12-06,91.25,6737358
2017-12-07,90.099998474121,7274135
2017-12-08,90.370002746582,5883357
2017-12-11,90.230003356934,4855962
2017-12-12,89.849998474121,6558871
2017-12-13,90.879997253418,7141017
2017-12-14,91.0,5853524
2017-12-15,91.889999389648,15924045
2017-12-18,91.879997253418,7405735
2017-12-19,91.680000305176,5644362
2017-12-20,91.529998779297,6938546
2017-12-21,91.669998168945,4860406
2017-12-22,92.129997253418,4919406
2017-12-26,92.480003356934,3431941
2017-12-27,92.099998474121,4276664
2017-12-28,92.069999694824,3005356
2017-12-29,91.879997253418,4346675
2018-01-02,90.650001525879,7558858
2018-01-03,90.540000915527,5863605
2018-01-04,91.180000305176,6322500
2018-01-05,91.23999786377,5949697
2018-01-08,91.720001220703,4860680
2018-01-09,91.050003051758,6630066
2018-01-10,90.470001220703,6564736
2018-01-11,90.150001525879,5469665
2018-01-12,89.610000610352,8111047
2018-01-16,90.220001220703,9465330
2018-01-17,91.199996948242,8345528
2018-01-18,90.180000305176,7699760
2018-01-19,91.069999694824,9364027
2018-01-22,91.889999389648,8657987
2018-01-23,89.050003051758,18756274
2018-01-24,88.309997558594,15141949
2018-01-25,88.339996337891,11264371
2018-01-26,87.730003356934,11503083
2018-01-29,86.860000610352,11685762
2018-01-30,86.949996948242,9662856
2018-01-31,86.339996337891,11798093
2018-02-01,85.849998474121,8606301
2018-02-02,84.25,12846332
2018-02-05,81.059997558594,17462165
2018-02-06,82.379997253418,19955546
2018-02-07,81.839996337891,11851841
2018-02-08,80.220001220703,14596066
2018-02-09,79.919998168945,18838829
2018-02-12,81.330001831055,10769039
2018-02-13,81.5,9278654
2018-02-14,80.680000305176,9412000
2018-02-15,82.410003662109,8910695
2018-02-16,82.599998474121,10371710
2018-02-20,81.339996337891,7087719
2018-02-21,80.23999786377,9134548
2018-02-22,80.839996337891,10277690
2018-02-23,81.050003051758,10321844
2018-02-26,81.629997253418,9422196
2018-02-27,80.540000915527,8919599
2018-02-28,78.519996643066,16861972
2018-03-01,78.699996948242,13504231
2018-03-02,79.5,9317663
2018-03-05,80.290000915527,8177044
2018-03-06,80.019996643066,9085315
2018-03-07,79.160003662109,9089498
2018-03-08,79.970001220703,7951693
2018-03-09,80.290000915527,7662230
2018-03-12,79.860000610352,7182018
2018-03-13,79.720001220703,9620196
2018-03-14,79.0,8898116
2018-03-15,78.669998168945,6996927
2018-03-16,78.970001220703,17715447
2018-03-19,78.660003662109,8368229
2018-03-20,78.309997558594,8465499
2018-03-21,77.040000915527,9822849
2018-03-22,76.410003662109,10481577
2018-03-23,75.910003662109,11728334
2018-03-26,76.410003662109,12936967
2018-03-27,77.790000915527,11288202
2018-03-28,78.839996337891,12857821
2018-03-29,79.279998779297,10036424
2018-04-02,77.400001525879,12017213
2018-04-03,78.459999084473,11933110
2018-04-04,79.050003051758,9030792
2018-04-05,78.800003051758,7864699
2018-04-06,78.430000305176,8300813
2018-04-09,78.160003662109,9031222
2018-04-10,78.370002746582,7821824
2018-04-11,78.269996643066,7143494
2018-04-12,77.790000915527,8282297
2018-04-13,78.370002746582,6198488
2018-04-16,78.610000610352,5962236
2018-04-17,78.430000305176,6492357
2018-04-18,78.199996948242,7349372
2018-04-19,74.949996948242,16955623
2018-04-20,73.800003051758,14084970
2018-04-23,73.0,13653408
2018-04-24,72.5,16551693
2018-04-25,72.300003051758,14208831
2018-04-26,72.75,11204277
2018-04-27,72.809997558594,8144825
2018-04-30,72.339996337891,13076486
2018-05-01,71.959999084473,8103800
2018-05-02,70.940002441406,10830924
2018-05-03,71.360000610352,9386498
2018-05-04,72.430000305176,8107363
2018-05-07,71.980003356934,6633579
2018-05-08,71.440002441406,8084124
2018-05-09,72.370002746582,7528359
2018-05-10,73.150001525879,7618479
2018-05-11,73.370002746582,7586194
2018-05-14,73.279998779297,8646856
2018-05-15,72.949996948242,11502785
2018-05-16,73.529998779297,8324991
2018-05-17,73.959999084473,8053611
2018-05-18,73.449996948242,7042725
2018-05-21,74.059997558594,6428395
2018-05-22,74.029998779297,7744169
2018-05-23,74.180000305176,6592494
2018-05-24,73.769996643066,6508915
2018-05-25,74.309997558594,7546467
2018-05-29,74.050003051758,8905564
2018-05-30,74.889999389648,8128645
2018-05-31,73.169998168945,15525987
2018-06-01,73.449996948242,7209292
2018-06-04,74.180000305176,8743773
2018-06-05,73.970001220703,6910144
2018-06-06,74.349998474121,7002928
2018-06-07,75.76000213623,13476090
2018-06-08,77.180000305176,13625346
2018-06-11,77.529998779297,9049393
2018-06-12,77.23999786377,8786022
2018-06-13,76.470001220703,8022397
2018-06-14,75.98999786377,8895230
2018-06-15,77.379997253418,14943509
2018-06-18,75.839996337891,7384924
2018-06-19,76.330001831055,8514036
2018-06-20,75.849998474121,6603460
2018-06-21,76.440002441406,8691201
2018-06-22,77.430000305176,11815468
2018-06-25,77.790000915527,11300455
2018-06-26,78.0,9558489
2018-06-27,77.690002441406,7873268
2018-06-28,78.050003051758,5714437
2018-06-29,78.059997558594,7679879
2018-07-02,78.129997253418,6092868
2018-07-03,77.900001525879,5897243
2018-07-05,79.209999084473,7956147
2018-07-06,79.309997558594,7244015
2018-07-09,77.860000610352,9095947
2018-07-10,79.819999694824,12773488
2018-07-11,79.160003662109,7851585
2018-07-12,78.889999389648,8556814
2018-07-13,79.309997558594,6021695
2018-07-16,79.529998779297,6931330
2018-07-17,80.029998779297,8983374
2018-07-18,79.720001220703,9105138
2018-07-19,78.730003356934,8010597
2018-07-20,78.680000305176,8237389
2018-07-23,78.51000213623,5881617
2018-07-24,78.98999786377,8297092
2018-07-25,79.470001220703,6194526
2018-07-26,80.089996337891,9771096
2018-07-27,80.580001831055,7493298
2018-07-30,80.199996948242,7090749
2018-07-31,80.879997253418,9878263
2018-08-01,80.650001525879,7556733
2018-08-02,82.0,9261768
2018-08-03,82.330001831055,7102815
2018-08-06,82.519996643066,5669223
2018-08-07,82.639999389648,6418086
2018-08-08,82.349998474121,4891755
2018-08-09,81.400001525879,5167776
2018-08-10,81.430000305176,5566313
2018-08-13,81.519996643066,5068285
2018-08-14,81.309997558594,6226899
2018-08-15,82.300003051758,8753541
2018-08-16,83.690002441406,12367981
2018-08-17,83.690002441406,8409296
2018-08-20,83.639999389648,6795814
2018-08-21,83.900001525879,8534868
2018-08-22,83.389999389648,5132624
2018-08-23,83.23999786377,4323170
2018-08-24,83.360000610352,5356099
2018-08-27,83.440002441406,3941454
2018-08-28,83.480003356934,5405213
2018-08-29,83.48999786377,4520432
2018-08-30,83.410003662109,4549679
2018-08-31,82.949996948242,6674891
2018-09-04,82.699996948242,5800690
2018-09-05,83.290000915527,7651916
2018-09-06,82.650001525879,7541144
2018-09-07,81.910003662109,11110895
2018-09-10,82.379997253418,6782972
2018-09-11,82.01000213623,5210280
2018-09-12,83.110000610352,5925185
2018-09-13,83.449996948242,5328364
2018-09-14,83.610000610352,5004089
2018-09-17,84.25,7098812
2018-09-18,84.0,6023217
2018-09-19,84.0,6157573
2018-09-20,85.360000610352,10053006
2018-09-21,85.819999694824,17402589
2018-09-24,84.269996643066,6389359
2018-09-25,83.120002746582,5657185
2018-09-26,83.26000213623,6580987
2018-09-27,82.860000610352,6277581
2018-09-28,83.230003356934,5125835
2018-10-01,83.669998168945,4899910
2018-10-02,84.360000610352,7390851
2018-10-03,83.029998779297,7958704
2018-10-04,81.919998168945,7029859
2018-10-05,82.150001525879,5454643
2018-10-08,82.400001525879,7192260
2018-10-09,82.199996948242,6268054
2018-10-10,81.440002441406,9295840
2018-10-11,78.870002746582,12560300
2018-10-12,79.059997558594,9879145
2018-10-15,80.129997253418,9691455
2018-10-16,81.01000213623,9463022
2018-10-17,81.860000610352,10375259
2018-10-18,80.23999786377,9869509
2018-10-19,87.300003051758,30276433
2018-10-22,86.599998474121,14124062
2018-10-23,87.160003662109,16269531
2018-10-24,89.459999084473,26703538
2018-10-25,89.0,14647039
2018-10-26,87.860000610352,14335945
2018-10-29,88.23999786377,12878930
2018-10-30,89.190002441406,13844080
2018-10-31,88.680000305176,13362355
2018-11-01,89.589996337891,9732424
2018-11-02,89.809997558594,11336013
2018-11-05,91.199996948242,12270358
2018-11-06,91.51000213623,8857775
2018-11-07,91.290000915527,9019790
2018-11-08,91.360000610352,6614767
2018-11-09,92.410003662109,10713622
2018-11-12,92.699996948242,12522113
2018-11-13,93.470001220703,13438750
2018-11-14,93.48999786377,11622993
2018-11-15,93.830001831055,12505987
2018-11-16,93.819999694824,13013482
2018-11-19,93.290000915527,9458329
2018-11-20,92.099998474121,12074435
2018-11-21,91.410003662109,8912177
2018-11-23,91.540000915527,4399630
2018-11-26,91.940002441406,8171444
2018-11-27,92.720001220703,9023638
2018-11-28,93.01000213623,8093706
2018-11-29,92.819999694824,6126911
2018-11-30,94.51000213623,16291817
2018-12-03,93.319999694824,13931722
2018-12-04,93.309997558594,11123554
2018-12-06,93.550003051758,14199248
2018-12-07,92.449996948242,7996809
2018-12-10,93.029998779297,9307667
2018-12-11,93.910003662109,8743799
2018-12-12,94.029998779297,9644033
2018-12-13,96.48999786377,18541297
2018-12-14,96.639999389648,12657340
2018-12-17,92.769996643066,12427573
2018-12-18,92.48999786377,12250559
2018-12-19,91.76000213623,10825589
2018-12-20,90.980003356934,14439240
2018-12-21,90.970001220703,24029977
2018-12-24,87.360000610352,7396254
2018-12-26,90.089996337891,8630949
2018-12-27,92.019996643066,11360085
2018-12-28,91.180000305176,9611761
2018-12-31,91.919998168945,7239670
2019-01-02,91.279998779297,9843939
2019-01-03,90.639999389648,9820374
2019-01-04,92.48999786377,10565749
2019-01-07,92.120002746582,9012540
2019-01-08,92.459999084473,9551291
2019-01-09,90.949996948242,15015597
2019-01-10,91.169998168945,11102312
2019-01-11,91.769996643066,7166579
2019-01-14,91.150001525879,7952044
2019-01-15,92.01000213623,7834918
2019-01-16,91.370002746582,7964516
2019-01-17,90.639999389648,8044793
2019-01-18,91.419998168945,9100592
2019-01-22,90.440002441406,13518523
2019-01-23,94.839996337891,22868970
2019-01-24,94.300003051758,12146363
2019-01-25,93.599998474121,10618588
2019-01-28,93.519996643066,9765584
2019-01-29,93.540000915527,9769782
2019-01-30,94.519996643066,7750402
2019-01-31,96.470001220703,16044408
2019-02-01,97.470001220703,12720801
2019-02-04,98.029998779297,11887505
2019-02-05,97.440002441406,9772377
2019-02-06,97.919998168945,8693934
2019-02-07,97.139999389648,8732523
2019-02-08,97.709999084473,7483220
2019-02-11,98.269996643066,8494307
2019-02-12,99.26000213623,11238775
2019-02-13,99.23999786377,11587166
2019-02-14,98.459999084473,7930092
2019-02-15,98.480003356934,12069080
2019-02-19,99.98999786377,10098532
2019-02-20,99.279998779297,8947422
2019-02-21,99.779998779297,7444792
2019-02-22,100.25,7925568
2019-02-25,99.569999694824,7436078
2019-02-26,99.830001831055,7115354
2019-02-27,98.910003662109,6013574
2019-02-28,98.550003051758,10575392
2019-03-01,98.440002441406,7733231
2019-03-04,98.870002746582,6895292
2019-03-05,99.089996337891,6274720
2019-03-06,98.930000305176,4622256
2019-03-07,98.550003051758,8408598
2019-03-08,98.410003662109,5144467
2019-03-11,99.580001831055,7544634
2019-03-12,100.05000305176,7597455
2019-03-13,101.18000030518,9883347
2019-03-14,101.31999969482,8590299
2019-03-15,102.44000244141,30802712
2019-03-18,101.51000213623,8442771
2019-03-19,101.90000152588,7334116
2019-03-20,101.7200012207,7513966
2019-03-21,102.48999786377,8221041
2019-03-22,101.66000366211,11036296
2019-03-25,101.95999908447,6955549
2019-03-26,103.01999664307,6909519
2019-03-27,102.90000152588,6037090
2019-03-28,103.55000305176,6793681
2019-03-29,104.05000305176,7535489
2019-04-01,103.63999938965,6626516
2019-04-02,103.75,6088847
2019-04-03,103.69000244141,5226529
2019-04-04,103.43000030518,4786164
2019-04-05,103.65000152588,4281790
2019-04-08,104.9700012207,8468598
2019-04-09,104.66000366211,5820336
2019-04-10,104.65000152588,5394253
2019-04-11,104.75,5078440
2019-04-12,105.05999755859,6707889
2019-04-15,105.73000335693,5639476
2019-04-16,106.41999816895,8136106
2019-04-17,105.84999847412,6778175
2019-04-18,106.05000305176,7249033
2019-04-22,106.01000213623,9057246
2019-04-23,103.16000366211,15979844
2019-04-24,103.69000244141,10094777
2019-04-25,103.2799987793,6085314
2019-04-26,105.86000061035,7747682
2019-04-29,104.7799987793,4787561
2019-04-30,106.48000335693,8251321
2019-05-01,104.93000030518,6734075
2019-05-02,105.55999755859,6270323
2019-05-03,106.08000183105,4793454
2019-05-06,105.68000030518,4890716
2019-05-07,104.69999694824,6021728
2019-05-08,105.06999969482,5392600
2019-05-09,104.23999786377,6901721
2019-05-10,106.01000213623,5815774
2019-05-13,106.11000061035,7575536
2019-05-14,105.59999847412,7004005
2019-05-15,106.69999694824,5535601
2019-05-16,108.11000061035,9284175
2019-05-17,107.44999694824,6370167
2019-05-20,107.33000183105,6565331
2019-05-21,106.37000274658,5226391
2019-05-22,106.7200012207,4889697
2019-05-23,106.76000213623,6175566
2019-05-24,106.69000244141,4372083
2019-05-28,104.45999908447,7615505
2019-05-29,104.19000244141,7137275
2019-05-30,105.33000183105,4729193
2019-05-31,102.91000366211,10282390
2019-06-03,103.80000305176,8533213
2019-06-04,104.68000030518,6906462
2019-06-05,106.73000335693,6481709
2019-06-06,107.37999725342,6681557
2019-06-07,108.76999664307,8063464
2019-06-10,108.7200012207,4766963
2019-06-11,109.37999725342,8074439
2019-06-12,109.68000030518,7687876
2019-06-13,110.91000366211,8611441
2019-06-14,111.19999694824,6438192
2019-06-17,110.98999786377,6020025
2019-06-18,109.59999847412,7731179
2019-06-19,110.41999816895,7028013
2019-06-20,111.73999786377,7044211
2019-06-21,111.19999694824,13799392
2019-06-24,112.33000183105,5518103
2019-06-25,111.7200012207,6805592
2019-06-26,109.73000335693,7170284
2019-06-27,109.7799987793,5613266
2019-06-28,109.65000152588,12152036
2019-07-01,110.48999786377,6780298
2019-07-02,111.48000335693,6578561
2019-07-03,114.08000183105,6223327
2019-07-05,113.15000152588,8694810
2019-07-08,114.05000305176,5317783
2019-07-09,112.91000366211,7537695
2019-07-10,113.75,5600655
2019-07-11,114.37999725342,4625301
2019-07-12,114.98999786377,7058570
2019-07-15,115.48000335693,6240874
2019-07-16,115.88999938965,7644578
2019-07-17,115.94000244141,7862148
2019-07-18,115.44000244141,5828782
2019-07-19,115.01000213623,6547213
2019-07-22,115.30000305176,4018769
2019-07-23,113.84999847412,8194573
2019-07-24,112.59999847412,9636008
2019-07-25,112.76999664307,7809607
2019-07-26,114.73000335693,5559578
2019-07-29,116.0,7768672
2019-07-30,120.41000366211,18788812
2019-07-31,118.04000091553,12641806
2019-08-01,116.73000335693,11308631
2019-08-02,116.44000244141,12266112
2019-08-05,113.08000183105,12974788
2019-08-06,114.2799987793,9490555
2019-08-07,115.51999664307,9507607
2019-08-08,117.44000244141,7416622
2019-08-09,116.7799987793,6939535
2019-08-12,116.0299987793,4996161
2019-08-13,117.25,6757704
2019-08-14,115.79000091553,10148261
2019-08-15,117.38999938965,7758035
2019-08-16,119.18000030518,8302368
2019-08-19,120.23999786377,5867224
2019-08-20,118.90000152588,6744298
2019-08-21,119.19999694824,4037412
2019-08-22,119.41999816895,4558457
2019-08-23,117.31999969482,7336907
2019-08-26,119.31999969482,5661841
2019-08-27,120.55000305176,6996550
2019-08-28,121.40000152588,4606400
2019-08-29,121.18000030518,5011487
2019-08-30,120.23000335693,6007112
2019-09-03,121.36000061035,4959617
2019-09-04,123.20999908447,5602005
2019-09-05,122.76000213623,7491860
2019-09-06,122.87000274658,5307301
2019-09-09,122.16999816895,7662430
2019-09-10,119.87999725342,9582183
2019-09-11,121.26999664307,7565510
2019-09-12,122.76999664307,6194325
2019-09-13,122.12000274658,6777400
2019-09-16,119.75,9626736
2019-09-17,121.16000366211,6403020
2019-09-18,121.41000366211,5788412
2019-09-19,121.90000152588,4752602
2019-09-20,122.23999786377,15437267
2019-09-23,123.2200012207,6255907
2019-09-24,123.61000061035,7810750
2019-09-25,123.01999664307,5842298
2019-09-26,124.30999755859,7058120
2019-09-27,124.56999969482,5590415
2019-09-30,124.37999725342,5227313
2019-10-01,123.84999847412,5456228
2019-10-02,121.08000183105,6800669
2019-10-03,121.73999786377,5235240
2019-10-04,124.0,4405651
2019-10-07,122.83999633789,4783975
2019-10-08,120.93000030518,6194271
2019-10-09,121.98000335693,3793246
2019-10-10,121.94000244141,4117940
2019-10-11,121.08999633789,6301624
2019-10-14,120.05000305176,7383513
2019-10-15,117.19999694824,11176209
2019-10-16,117.5299987793,8000126
2019-10-17,116.62999725342,5994308
2019-10-18,117.4700012207,9016947
2019-10-21,119.08000183105,7232768
2019-10-22,122.18000030518,14489876
2019-10-23,123.0,8320038
2019-10-24,124.79000091553,6746318
2019-10-25,123.25,6093305
2019-10-28,123.48000335693,5459510
2019-10-29,123.59999847412,5659836
2019-10-30,124.94000244141,4734450
2019-10-31,124.51000213623,6399499
2019-11-01,123.87000274658,6010150
2019-11-04,119.06999969482,10351372
2019-11-05,118.90000152588,9239611
2019-11-06,120.31999969482,6756251
2019-11-07,119.62000274658,8909742
2019-11-08,119.69999694824,4250112
2019-11-11,119.33000183105,3850393
2019-11-12,119.26999664307,4759870
2019-11-13,120.65000152588,7279556
2019-11-14,120.5,5188323
2019-11-15,120.54000091553,7108595
2019-11-18,121.88999938965,7493702
2019-11-19,121.41999816895,5989318
2019-11-20,122.29000091553,6479982
2019-11-21,120.33999633789,7094212
2019-11-22,120.29000091553,4414949
2019-11-25,120.51000213623,5134272
2019-11-26,122.26000213623,8235886
2019-11-27,121.76000213623,3751362
2019-11-29,122.05999755859,2927290
2019-12-02,122.7200012207,6146378
2019-12-03,122.94999694824,6496162
2019-12-04,124.5299987793,6857412
2019-12-05,124.62000274658,7029456
2019-12-06,124.19000244141,7150877
2019-12-09,124.87000274658,7478083
2019-12-10,124.26999664307,4740135
2019-12-11,124.66000366211,4823359
2019-12-12,124.56999969482,5897786
2019-12-13,125.4700012207,5471590
2019-12-16,125.55999755859,8281922
2019-12-17,125.30999755859,8832197
2019-12-18,124.01000213623,8608450
2019-12-19,124.91999816895,6630198
2019-12-20,125.36000061035,16250521
2019-12-23,124.90000152588,6619662
2019-12-24,125.2200012207,2022053
2019-12-26,125.2200012207,4761436
2019-12-27,126.08999633789,5192015
2019-12-30,124.4700012207,3884445
2019-12-31,124.90000152588,4798914
2020-01-02,123.41000366211,7647890
2020-01-03,122.58000183105,7971799
2020-01-06,122.75,6674659
2020-01-07,121.98999786377,7585870
2020-01-08,122.51000213623,5385065
2020-01-09,123.84999847412,5944318
2020-01-10,123.9700012207,3927077
2020-01-13,124.87999725342,8410341
2020-01-14,124.69000244141,7829663
2020-01-15,125.95999908447,4844149
2020-01-16,126.06999969482,6234012
2020-01-17,126.41000366211,11315186
2020-01-21,126.08999633789,8553166
2020-01-22,126.30999755859,7396746
2020-01-23,124.98999786377,11096732
2020-01-24,125.13999938965,9508631
2020-01-27,125.69000244141,9338515
2020-01-28,126.0299987793,6200303
2020-01-29,125.05999755859,5271098
2020-01-30,125.94999694824,5894789
2020-01-31,124.62000274658,6612874
2020-02-03,125.11000061035,6052373
2020-02-04,125.66000366211,6512208
2020-02-05,126.80999755859,6125436
2020-02-06,127.13999938965,9102687
2020-02-07,126.08000183105,5915309
2020-02-10,126.16999816895,5216077
2020-02-11,124.16000366211,6105679
2020-02-12,123.44999694824,6031810
2020-02-13,124.95999908447,7159394
2020-02-14,126.13999938965,5889148
2020-02-18,124.87000274658,6768309
2020-02-19,125.44000244141,4734009
2020-02-20,126.58000183105,6094704
2020-02-21,126.69999694824,8724117
2020-02-24,123.30000305176,7534127
2020-02-25,121.43000030518,8903163
2020-02-26,120.16000366211,6894673
2020-02-27,113.5,13298850
2020-02-28,113.23000335693,22788576
2020-03-02,119.55999755859,12399797
2020-03-03,118.16999816895,12510899
2020-03-04,124.5,9459359
2020-03-05,121.62999725342,9363678
2020-03-06,121.66000366211,9817418
2020-03-09,116.05999755859,13116453
2020-03-10,120.55000305176,11419120
2020-03-11,111.58999633789,16460655
2020-03-12,101.83999633789,20988040
2020-03-13,114.06999969482,17378702
2020-03-16,108.5,17367428
2020-03-17,118.23999786377,19451356
2020-03-18,117.44999694824,23139241
2020-03-19,110.83000183105,16428077
2020-03-20,102.43000030518,19922936
2020-03-23,97.699996948242,17776754
2020-03-24,103.26999664307,14625482
2020-03-25,100.91999816895,13789142
2020-03-26,107.37999725342,15799423
2020-03-27,110.16999816895,16073062
2020-03-30,115.0,14571559
2020-03-31,110.0,21691678
2020-04-01,109.33000183105,11095776
2020-04-02,114.40000152588,9168803
2020-04-03,115.08000183105,7768786
2020-04-06,117.80999755859,16848431
2020-04-07,112.76999664307,14438380
2020-04-08,115.09999847412,12564949
2020-04-09,114.66000366211,12748640
2020-04-13,115.94999694824,7926690
2020-04-14,120.95999908447,10474219
2020-04-15,121.2200012207,14192867
2020-04-16,121.5,12020154
2020-04-17,124.69000244141,15899789
2020-04-20,120.59999847412,10832031
2020-04-21,119.68000030518,9465410
2020-04-22,119.40000152588,10260970
2020-04-23,119.40000152588,17277010
2020-04-24,118.7799987793,12751920
2020-04-27,117.44999694824,10635683
2020-04-28,116.88999938965,9957960
2020-04-29,117.08000183105,8707867
2020-04-30,117.87000274658,10026382
2020-05-01,116.81999969482,7366547
2020-05-04,115.76999664307,5635970
2020-05-05,116.01000213623,5425339
2020-05-06,113.09999847412,7892197
2020-05-07,112.16999816895,8764179
2020-05-08,115.94999694824,9283095
2020-05-11,115.30999755859,6947540
2020-05-12,114.55000305176,6734364
2020-05-13,113.91999816895,9312622
2020-05-14,113.80999755859,9310039
2020-05-15,114.61000061035,10695105
2020-05-18,116.20999908447,10021012
2020-05-19,112.44000244141,8047555
2020-05-20,113.2799987793,6593798
2020-05-21,111.62000274658,6552661
2020-05-22,112.59999847412,5572017
2020-05-26,112.0299987793,10432431
2020-05-27,113.88999938965,8279675
2020-05-28,116.05999755859,6593613
2020-05-29,115.91999816895,7987916
2020-06-01,117.25,5106119
2020-06-02,118.05999755859,6327940
2020-06-03,118.5299987793,6170999
2020-06-04,116.05000305176,6895854
2020-06-05,118.33000183105,7337829
2020-06-08,119.05000305176,6926693
2020-06-09,118.33999633789,5563215
2020-06-10,119.23000335693,6678195
2020-06-11,116.26000213623,8937510
2020-06-12,115.62000274658,7998614
2020-06-15,116.69000244141,8787028
2020-06-16,118.12999725342,8167289
2020-06-17,117.93000030518,6321110
2020-06-18,119.2799987793,6274391
2020-06-19,118.91999816895,17489809
2020-06-22,117.75,5695640
2020-06-23,117.73000335693,5340538
2020-06-24,116.41999816895,6547849
2020-06-25,117.88999938965,5489336
2020-06-26,115.23000335693,23201706
2020-06-29,117.66000366211,6866923
2020-06-30,119.56999969482,7818122
2020-07-01,119.98000335693,6501237
2020-07-02,120.87999725342,6150890
2020-07-06,121.62999725342,6023276
2020-07-07,122.2200012207,6866456
2020-07-08,122.88999938965,6494002
2020-07-09,122.48000335693,5341048
2020-07-10,123.88999938965,6752789
2020-07-13,124.05000305176,7681479
2020-07-14,125.08999633789,6272344
2020-07-15,124.5,8145042
2020-07-16,124.76000213623,3959345
2020-07-17,125.62999725342,4868609
2020-07-20,125.23999786377,4242084
2020-07-21,125.06999969482,5163047
2020-07-22,126.13999938965,5929208
2020-07-23,126.16000366211,6664788
2020-07-24,125.95999908447,6014523
2020-07-27,126.31999969482,6464784
2020-07-28,127.87999725342,7644674
2020-07-29,128.30999755859,6702034
2020-07-30,131.41999816895,10400727
2020-07-31,131.11999511719,8487840
2020-08-03,131.28999328613,7770344
2020-08-04,133.78999328613,7737154
2020-08-05,133.44000244141,5680385
2020-08-06,132.71000671387,3974322
2020-08-07,133.55000305176,4934948
2020-08-10,134.10000610352,5812760
2020-08-11,133.22999572754,5330012
2020-08-12,135.46000671387,5920397
2020-08-13,135.7799987793,4989503
2020-08-14,135.10000610352,5845231
2020-08-17,135.5,5603971
2020-08-18,136.50999450684,8670776
2020-08-19,135.77000427246,6827671
2020-08-20,136.85000610352,4352541
2020-08-21,137.44000244141,5706678
2020-08-24,138.50999450684,7420504
2020-08-25,139.05999755859,4718309
2020-08-26,138.38999938965,4746223
2020-08-27,138.21000671387,6156418
2020-08-28,138.77000427246,4166280
2020-08-31,138.33000183105,5597152
2020-09-01,138.17999267578,5672308
2020-09-02,140.50999450684,8384795
2020-09-03,138.25999450684,7277910
2020-09-04,137.96000671387,7437835
2020-09-08,135.94000244141,6847640
2020-09-09,138.14999389648,6002891
2020-09-10,136.69999694824,5242617
2020-09-11,138.13999938965,4398051
2020-09-14,138.63000488281,4767466
2020-09-15,138.63000488281,4046529
2020-09-16,137.69999694824,6050037
2020-09-17,137.52000427246,4648708
2020-09-18,137.36999511719,10192776
2020-09-21,136.71000671387,7092706
2020-09-22,137.96000671387,4723016
2020-09-23,136.30999755859,6374016
2020-09-24,136.91999816895,5708196
2020-09-25,137.61999511719,4970184
2020-09-28,138.00999450684,5810836
2020-09-29,137.25999450684,4493156
2020-09-30,138.99000549316,8727963
2020-10-01,139.24000549316,5713511
2020-10-02,138.11999511719,6077907
2020-10-05,139.38999938965,6333929
2020-10-06,139.61000061035,6042878
2020-10-07,140.69999694824,4640939
2020-10-08,141.64999389648,4570134
2020-10-09,142.91999816895,6551774
2020-10-12,144.49000549316,5791704
2020-10-13,144.21000671387,4509433
2020-10-14,144.03999328613,3860801
2020-10-15,143.83000183105,4997147
2020-10-16,144.38999938965,6807859
2020-10-19,141.91000366211,6427561
2020-10-20,142.47999572754,7585241
2020-10-21,143.25,5649652
2020-10-22,141.44999694824,4503323
2020-10-23,142.38000488281,4278287
2020-10-26,141.30000305176,5315562
2020-10-27,142.36000061035,6806665
2020-10-28,137.66000366211,8192153
2020-10-29,137.57000732422,5476878
2020-10-30,137.10000610352,6422103
2020-11-02,138.5,6682895
2020-11-03,141.2200012207,6244208
2020-11-04,140.63999938965,5820621
2020-11-05,142.38000488281,5673138
2020-11-06,143.22999572754,4702528
2020-11-09,137.99000549316,12664662
2020-11-10,140.25999450684,7853955
2020-11-11,142.07000732422,5554342
2020-11-12,142.14999389648,5632667
2020-11-13,144.2799987793,6467021
2020-11-16,142.42999267578,7976828
2020-11-17,141.88000488281,6396807
2020-11-18,139.69999694824,6097357
2020-11-19,139.5299987793,5284085
2020-11-20,139.30000305176,4727377
2020-11-23,138.75999450684,4771187
2020-11-24,138.30999755859,7104103
2020-11-25,138.67999267578,8411414
2020-11-27,138.61000061035,4252166
2020-11-30,138.86999511719,11640396
2020-12-01,139.36999511719,7169854
2020-12-02,138.36000061035,6963009
2020-12-03,137.33999633789,8742470
2020-12-04,137.4700012207,6617372
2020-12-07,137.67999267578,6918027
2020-12-08,138.05000305176,6493708
2020-12-09,136.41000366211,6773608
2020-12-10,135.50999450684,6800847
2020-12-11,136.50999450684,6548068
2020-12-14,135.85000610352,6485252
2020-12-15,136.64999389648,5398197
2020-12-16,137.27000427246,5382469
2020-12-17,138.25,7405252
2020-12-18,139.03999328613,19988803
2020-12-21,137.52000427246,6732371
2020-12-22,136.55000305176,5023425
2020-12-23,136.33999633789,6004252
2020-12-24,137.7200012207,2588169
2020-12-28,138.67999267578,3714683
2020-12-29,138.41999816895,5139415
2020-12-30,137.77000427246,3261417
2020-12-31,139.13999938965,4076415
2021-01-04,137.82000732422,8330985
2021-01-05,137.78999328613,6856411
2021-01-06,140.71000671387,10577952
2021-01-07,138.42999267578,7355623
2021-01-08,137.80999755859,7448475
2021-01-11,137.96000671387,7240037
2021-01-12,137.16000366211,6333531
2021-01-13,137.94000244141,6078874
2021-01-14,136.11000061035,6172796
2021-01-15,135.86999511719,7757624
2021-01-19,134.97999572754,9184920
2021-01-20,131.7799987793,12506633
2021-01-21,131.01,43828460
2021-01-22,130.0,21608511
2021-01-25,132.24,38559832
2021-01-26,132.98,11993378
2021-01-27,133.09,10826688
2021-01-28,130.36,16484504
2021-01-29,128.21,16688182
2021-02-01,128.97,19602504
2021-02-02,128.79,34128150
2021-02-03,128.95,29238624
2021-02-04,129.03,26454776
2021-02-05,129.57,10127326
2021-02-08,129.17,14022668
2021-02-09,128.67,23671132
2021-02-10,128.22,34376356
2021-02-11,128.33,18418278
2021-02-12,128.33,8407254
2021-02-16,127.62,8246039
2021-02-17,127.92,9188548
2021-02-18,128.46,6936352
2021-02-19,129.53,8277918
2021-02-22,127.12,6975470
2021-02-23,126.58,10145342
2021-02-24,127.52,7263025
2021-02-25,127.66,7790808
2021-02-26,123.53,70875148
2021-03-01,124.29,23220474
2021-03-02,123.9,30619671
2021-03-03,123.16,22610895
2021-03-04,122.15,30684348
2021-03-05,125.98,31473012
2021-03-08,127.31,36898636
2021-03-09,126.18,35438924
2021-03-10,127.34,36283580
2021-03-11,126.91,20825406
2021-03-12,128.14,19565979
2021-03-15,128.56,21518292
2021-03-16,128.94,19455492
2021-03-17,128.42,18578715
2021-03-18,128.7,20614026
2021-03-19,128.01,60786291
2021-03-22,130.18,24232890
2021-03-23,132.6,28511376
2021-03-24,132.56,24954102
2021-03-25,133.48,30069172
2021-03-26,135.45,43284960
2021-03-29,137.57,44703904
2021-03-30,135.45,32362564
2021-03-31,135.43,27608517
2021-04-01,134.28,27353535
2021-04-05,134.28,8279156
2021-04-06,136.45,6180642
2021-04-07,136.5,10244622
2021-04-08,136.74,6190528
2021-04-09,137.26,5855637
2021-04-12,136.37,6441042
2021-04-13,136.92,9161190
2021-04-14,135.6,22752102
2021-04-15,137.24,15890698
2021-04-16,137.24,7708478
2021-04-19,137.25,9149433
2021-04-20,136.61,10040612
2021-04-21,136.85,25397607
2021-04-22,134.63,29353256
2021-04-23,133.94,26834872
2021-04-26,131.33,29731707
2021-04-27,131.18,33188132
2021-04-28,131.4,25051156
2021-04-29,132.51,6786955
2021-04-30,133.42,9188831
2021-05-03,135.0,8070288
2021-05-04,134.54,9624263
2021-05-05,133.46,8295924
2021-05-06,135.14,9771262
2021-05-07,135.15,6299182
2021-05-10,137.67,8852710
2021-05-11,136.99,10973728
2021-05-12,135.54,8853733
2021-05-13,137.72,8753803
2021-05-14,138.01,5989760
2021-05-17,137.73,7690705
2021-05-18,136.32,9239099
2021-05-19,136.6,9807061
2021-05-20,138.0,8768374
2021-05-21,138.0,10160960
2021-05-24,137.96,6981325
2021-05-25,138.43,8142437
2021-05-26,138.12,8123078
2021-05-27,134.98,33095653
2021-05-28,134.85,10477732
2021-06-01,132.88,9993944
2021-06-02,133.46,8254204
2021-06-03,135.85,11249823
2021-06-04,135.95,6894439
2021-06-07,136.42,8418233
2021-06-08,134.84,6911504
2021-06-09,134.79,6200787
2021-06-10,135.79,6515559
2021-06-11,134.86,10641366
2021-06-14,134.91,6302202
2021-06-15,134.65,5543565
2021-06-16,132.78,8936432
2021-06-17,133.99,7875601
2021-06-18,132.03,13997625
2021-06-21,133.07,8014793
2021-06-22,133.12,6551072
2021-06-23,132.93,5796165
2021-06-24,133.02,6056719
2021-06-25,134.92,24504907
2021-06-28,135.32,6065743
2021-06-29,134.4,5792314
2021-06-30,134.93,5776572
2021-07-01,135.24,5922398
2021-07-02,135.9,5572412
2021-07-06,135.98,6534684
2021-07-07,137.0,5532809
2021-07-08,136.98,7585254
2021-07-09,137.03,5948720
2021-07-12,137.14,6807323
2021-07-13,136.97,5603982
2021-07-14,137.98,5903582
2021-07-15,139.16,7357063
2021-07-16,140.51,9346307
2021-07-19,140.44,9544054
2021-07-20,139.69,8136613
2021-07-21,139.2,6954651
2021-07-22,137.8,6013750
2021-07-23,139.79,7906128
2021-07-26,140.28,5925872
2021-07-27,140.85,7075685
2021-07-28,138.76,8520172
2021-07-29,139.48,5430499
2021-07-30,142.23,14394251
2021-08-02,141.88,7009458
2021-08-03,143.95,8456036
2021-08-04,142.43,6628299
2021-08-05,142.5,5363444
2021-08-06,141.41,6030208
2021-08-09,142.18,4743859
2021-08-10,142.27,5253709
2021-08-11,142.62,4205314
2021-08-12,142.95,4956225
2021-08-13,143.64,4888836
2021-08-16,144.64,6041066
2021-08-17,144.88,7577047
2021-08-18,143.3,7161992
2021-08-19,144.99,5787162
2021-08-20,145.09,5273873
2021-08-23,144.35,4522261
2021-08-24,143.18,4560484
2021-08-25,142.67,3861614
2021-08-26,142.42,4749426
2021-08-27,142.31,4741264
2021-08-30,142.93,3845772
2021-08-31,142.39,9642489
2021-09-01,143.84,6214198
2021-09-02,143.95,5393716
2021-09-03,144.05,5466418
2021-09-07,143.51,6520657
2021-09-08,144.6,6897784
2021-09-09,143.99,6354834
2021-09-10,144.13,5750027
2021-09-13,145.68,9952577
2021-09-14,145.43,5831807
2021-09-15,145.12,6237213
2021-09-16,144.11,6142295
2021-09-17,144.34,18738769
2021-09-20,142.89,10238721
2021-09-21,143.11,6651313
2021-09-22,143.6,6332653
2021-09-23,144.19,5171154
2021-09-24,143.55,5009363
2021-09-27,141.66,5749826
2021-09-28,140.59,7015310
2021-09-29,142.02,5459953
2021-09-30,139.8,6936629
2021-10-01,139.58,5587249
2021-10-04,138.79,5816040
2021-10-05,139.33,6902715
2021-10-06,141.19,5333051
2021-10-07,142.32,5334558
2021-10-08,141.73,6131852
2021-10-11,142.32,5995592
2021-10-12,142.11,6734918
2021-10-13,142.44,5689846
2021-10-14,144.05,6778788
2021-10-15,144.42,6923850
2021-10-18,142.34,9119005
2021-10-19,140.66,9555253
2021-10-20,141.21,7352748
2021-10-21,139.33,6545835
2021-10-22,140.83,5265017
2021-10-25,140.85,5382085
2021-10-26,142.85,6234859
2021-10-27,141.83,9643487
2021-10-28,142.68,4538687
2021-10-29,142.99,6239699
2021-11-01,142.64,5038861
2021-11-02,144.06,9954302
2021-11-03,145.05,7620097
2021-11-04,145.32,6402451
2021-11-05,146.04,6062769
2021-11-08,144.95,5854509
2021-11-09,145.39,4873235
2021-11-10,146.82,7334936
2021-11-11,146.4,4096274
2021-11-12,146.56,5687659
2021-11-15,147.4,5510265
2021-11-16,147.19,7603940
2021-11-17,147.1,4900232
2021-11-18,147.12,5509373
2021-11-19,146.82,6274297
2021-11-22,147.8,6625408
2021-11-23,149.44,7913048
2021-11-24,148.66,5665173
2021-11-26,147.47,6299783
2021-11-29,149.02,7113503
2021-11-30,144.58,11696448
2021-12-01,146.4,8313557
2021-12-02,147.26,9468906
2021-12-03,149.88,11200808
2021-12-06,152.15,11935078
2021-12-07,151.75,7913393
2021-12-08,152.43,8329342
2021-12-09,153.32,8334318
2021-12-10,155.46,7172321
2021-12-13,157.67,8944147
2021-12-14,158.25,8677544
2021-12-15,158.86,9152566
2021-12-16,161.11,10852862
2021-12-17,157.46,24352824
2021-12-20,157.86,9202608
2021-12-21,157.76,6946009
2021-12-22,159.32,6626414
2021-12-23,160.1,5640972
2021-12-27,161.97,4548828
2021-12-28,162.84,5929835
2021-12-29,164.19,5346427
2021-12-30,162.77,5911500
2021-12-31,163.58,5327027
2022-01-03,162.9,9317892
2022-01-04,163.47,9253754
2022-01-05,164.21,9330245
2022-01-06,162.83,7555999
2022-01-07,162.74,6098455
2022-01-10,160.52,8054984
2022-01-11,158.66,11957885
2022-01-12,159.01,7126650
2022-01-13,158.29,6551083
2022-01-14,159.81,10708197
2022-01-18,156.73,10991410
2022-01-19,162.0,14088282
2022-01-20,162.0,10799065
2022-01-21,162.62,10900398
2022-01-24,161.3,14846686
2022-01-25,159.54,9369589
2022-01-26,158.15,10707105
2022-01-27,159.13,9084347
2022-01-28,160.5,9494403
2022-01-31,160.45,8950094
2022-02-01,159.74,6284069
2022-02-02,162.6,7558750
2022-02-03,164.14,10474542
2022-02-04,161.53,8960135
2022-02-07,160.32,6430488
2022-02-08,159.96,5048797
2022-02-09,159.6,8077550
2022-02-10,157.17,7032976
2022-02-11,156.29,9341436
2022-02-14,156.74,9472171
2022-02-15,156.82,6659367
2022-02-16,158.01,9315668
2022-02-17,159.82,7925454
2022-02-18,159.9,8063159
2022-02-22,157.93,8179551
2022-02-23,155.96,6273013
2022-02-24,151.76,13145073
2022-02-25,158.24,8866983
2022-02-28,155.89,8669154
2022-03-01,153.31,8311984
2022-03-02,153.79,6111319
2022-03-03,154.36,7451233
2022-03-04,155.14,8639712
2022-03-07,152.84,8374459
2022-03-08,146.79,9517238
2022-03-09,148.77,7044122
2022-03-10,144.94,9221108
2022-03-11,143.22,7086146
2022-03-14,145.05,7964794
2022-03-15,150.27,9868370
2022-03-16,149.76,6908879
2022-03-17,150.23,6003952
2022-03-18,150.15,15570273
2022-03-21,150.72,6937482
2022-03-22,151.88,7292080
2022-03-23,150.82,5531995
2022-03-24,151.08,4203133
2022-03-25,152.83,5047710
2022-03-28,153.88,4234012
2022-03-29,155.46,5643428
2022-03-30,154.39,5779503
2022-03-31,152.8,7538629
2022-04-01,155.09,5742629
2022-04-04,154.08,5992017
2022-04-05,154.62,7653018
2022-04-06,156.83,8884737
2022-04-07,158.86,6889726
2022-04-08,160.1,6045430
2022-04-11,159.49,6158360
2022-04-12,159.01,7221479
2022-04-13,159.46,5247722
2022-04-14,158.57,7806452
2022-04-18,157.06,6034506
2022-04-19,159.41,7897048
2022-04-20,163.65,10196125
2022-04-21,162.61,9365701
2022-04-22,161.25,9394646
2022-04-25,162.55,6986760
2022-04-26,159.79,7769465
2022-04-27,159.36,6754947
2022-04-28,163.41,9308388
2022-04-29,160.55,10637046
2022-05-02,158.38,10351637
2022-05-03,156.21,10344012
2022-05-04,157.36,7770988
2022-05-05,154.46,8217145
2022-05-06,156.0,7304756
2022-05-09,155.61,8540760
2022-05-10,154.79,7447352
2022-05-11,152.61,7692196
2022-05-12,151.99,9600841
2022-05-13,153.62,5675512
2022-05-16,155.12,5970990
2022-05-17,154.68,6509118
2022-05-18,145.04,9670680
2022-05-19,141.7,9694141
2022-05-20,141.79,7786869
2022-05-23,145.05,7134483
2022-05-24,147.63,7207400
2022-05-25,145.21,8217750
2022-05-26,146.48,5702555
2022-05-27,148.72,6028846
2022-05-31,147.88,12416917
2022-06-01,145.64,7036042
2022-06-02,147.21,6480034
2022-06-03,145.89,4720680
2022-06-06,145.32,4751096
2022-06-07,146.94,4918620
2022-06-08,145.11,4369642
2022-06-09,142.49,4626787
2022-06-10,141.95,6632052
2022-06-13,138.15,8549451
2022-06-14,133.84,9980162
2022-06-15,132.51,12178070
2022-06-16,133.32,9683288
2022-06-17,132.36,17113329
2022-06-21,136.37,9017016
2022-06-22,138.5,8374622
2022-06-23,142.3,6418526
2022-06-24,144.35,19440635
2022-06-27,143.25,5618524
2022-06-28,140.92,6100267
2022-06-29,142.2,5174562
2022-06-30,143.79,7410304
2022-07-01,146.11,5937238
2022-07-05,144.7,5761117
2022-07-06,146.05,5485269
2022-07-07,146.0,6623363
2022-07-08,145.02,4294177
2022-07-11,146.04,5483189
2022-07-12,144.75,5204424
2022-07-13,145.7,5075613
2022-07-14,145.27,4867147
2022-07-15,145.07,6264592
2022-07-18,143.31,6047504
2022-07-19,144.04,5943647
2022-07-20,141.55,8635300
2022-07-21,140.77,8310202
2022-07-22,143.02,5292834
2022-07-25,143.99,5262135
2022-07-26,144.27,5375711
2022-07-27,145.64,5500030
2022-07-28,148.06,7115675
2022-07-29,138.91,18694718
2022-08-01,142.9,12590027
2022-08-02,141.95,7494999
2022-08-03,144.88,6811247
2022-08-04,144.65,6124932
2022-08-05,144.72,4580446
2022-08-08,145.27,4487261
2022-08-09,144.93,3977286
2022-08-10,146.3,4641404
2022-08-11,145.26,5954410
2022-08-12,146.67,5038748
2022-08-15,148.56,6007996
2022-08-16,149.93,7093138
2022-08-17,149.24,4834576
2022-08-18,149.77,3829152
2022-08-19,149.73,6502516
2022-08-22,149.33,6380738
2022-08-23,146.45,5268168
2022-08-24,145.82,5903163
2022-08-25,145.7,5097560
2022-08-26,142.29,6086561
2022-08-29,141.69,5272092
2022-08-30,140.18,5203706
2022-08-31,137.94,8406934
2022-09-01,139.64,7446540
2022-09-02,137.16,7077763
2022-09-06,135.63,8217219
2022-09-07,137.68,6609426
2022-09-08,137.86,7380534
2022-09-09,138.99,6434703
2022-09-12,141.1,5818761
2022-09-13,138.18,6350157
2022-09-14,138.51,6138000
2022-09-15,137.44,5320907
2022-09-16,138.28,9321466
2022-09-19,137.99,6056100
2022-09-20,137.5,5589800
2022-09-21,135.73,6413855
2022-09-22,136.21,5061761
2022-09-23,135.58,6523573
2022-09-26,135.71,7396366
2022-09-27,131.98,7722229
2022-09-28,131.64,10455120
2022-09-29,128.7,7128463
2022-09-30,126.25,9431937
2022-10-03,128.51,8477669
2022-10-04,130.1,7211561
2022-10-05,128.28,5071090
2022-10-06,128.12,5530781
2022-10-07,125.2682,6095411
2022-10-10,123.76,6923335
2022-10-11,124.23,5516175
2022-10-12,124.43,6823671
2022-10-13,126.31,6910826
2022-10-14,125.08,5520319
2022-10-17,127.34,6664569
2022-10-18,128.37,7114181
2022-10-19,129.56,9993668
2022-10-20,126.99,8167987
2022-10-21,128.58,6394604
2022-10-24,129.37,6946022
2022-10-25,130.86,6776004
2022-10-26,131.78,6613656
2022-10-27,131.88,6676715
2022-10-28,135.22,6996421
2022-10-31,134.67,8346305
2022-11-01,134.88,6428377
2022-11-02,132.94,7326827
2022-11-03,132.03,5204163
2022-11-04,134.44,5555471
2022-11-07,136.5,6746778
2022-11-08,136.81,5266204
2022-11-09,136.48,5690881
2022-11-10,141.18,8068902
2022-11-11,140.97,7175228
2022-11-14,140.98,8516206
2022-11-15,140.49,7732354
2022-11-16,141.74,6193736
2022-11-17,140.87,5189514
2022-11-18,142.57,5671628
2022-11-21,144.38,6377188
2022-11-22,145.62,5372884
2022-11-23,146.45,4296014
2022-11-25,146.72,2411113
2022-11-28,146.6,6628288
2022-11-29,145.48,5634161
2022-11-30,149.16,12396781
2022-12-01,149.25,6927461
2022-12-02,150.61,4938278
2022-12-05,149.09,5402575
2022-12-06,149.28,6866696
2022-12-07,150.24,6175459
2022-12-08,151.32,5187058
2022-12-09,150.92,5868231
2022-12-12,152.47,6142366
2022-12-13,152.24,7680599
2022-12-14,152.84,7385563
2022-12-15,151.11,7117943
2022-12-16,150.44,19966410
2022-12-19,150.4,5881793
2022-12-20,150.46,5646275
2022-12-21,151.84,5024739
2022-12-22,152.19,5905909
2022-12-23,152.62,3401860
2022-12-27,153.95,4215100
2022-12-28,151.96,4197560
2022-12-29,152.59,3809088
2022-12-30,151.56,4532157
2023-01-03,151.57,6447341
2023-01-04,152.23,7313373
2023-01-05,150.34,5373998
2023-01-06,153.92,7882208
2023-01-09,152.04,5727156
2023-01-10,151.89,4716522
2023-01-11,150.66,8691287
2023-01-12,149.81,7801586
2023-01-13,150.88,5535776
2023-01-17,150.44,9611836
2023-01-18,146.41,10461183
2023-01-19,142.42,12683743
2023-01-20,142.97,8603327
2023-01-23,141.05,7473056
2023-01-24,141.82,6822541
2023-01-25,141.72,6902580
2023-01-26,141.15,5398717
2023-01-27,140.57,6870791
2023-01-30,141.01,6369310
2023-01-31,142.38,9373412
2023-02-01,143.19,7207973
2023-02-02,142.17,6444253
2023-02-03,142.61,5993228
2023-02-06,141.4,6108342
2023-02-07,140.02,6278273
2023-02-08,138.57,7124028
2023-02-09,137.05,6547369
2023-02-10,138.26,8108919
2023-02-13,140.07,5081703
2023-02-14,139.28,5253455
2023-02-15,138.96,5530479
2023-02-16,137.14,7595656
2023-02-17,140.01,8034878
2023-02-21,139.91,6899545
2023-02-22,140.5,6126346
2023-02-23,140.05,5835448
2023-02-24,139.26,5260669
2023-02-27,139.14,5821127
2023-02-28,137.56,6709913
2023-03-01,137.66,7101801
2023-03-02,139.93,5925013
2023-03-03,140.95,5259353
2023-03-06,140.35,4943248
2023-03-07,137.56,5606803
2023-03-08,137.58,5518821
2023-03-09,136.57,4467211
2023-03-10,137.19,5928003
2023-03-13,138.14,8337075
2023-03-14,139.85,9219678
2023-03-15,141.83,8823491
2023-03-16,142.89,7063643
2023-03-17,142.93,16018761
2023-03-20,145.13,8379233
2023-03-21,144.08,7753184
2023-03-22,143.99,5729129
2023-03-23,143.79,5788459
2023-03-24,146.72,6145622
2023-03-27,145.95,5917156
2023-03-28,146.36,4213913
2023-03-29,146.81,4987741
2023-03-30,147.45,4117824
2023-03-31,148.69,7685942
2023-04-03,149.51,5721680
2023-04-04,150.23,6714506
2023-04-05,151.26,6094801
2023-04-06,152.22,5399741
2023-04-10,150.96,4891875
2023-04-11,150.66,6311997
2023-04-12,151.07,6138080
2023-04-13,151.77,5489710
2023-04-14,151.0,4478782
2023-04-17,151.05,4296401
2023-04-18,151.21,4158392
2023-04-19,151.24,3837607
2023-04-20,150.85,5370911
2023-04-21,156.07,14876934
2023-04-24,156.35,8109763
2023-04-25,156.39,8341759
2023-04-26,154.58,4843927
2023-04-27,156.47,4805563
2023-04-28,156.38,5754704
2023-05-01,156.57,3844761
2023-05-02,156.43,5262908
2023-05-03,156.23,5775009
2023-05-04,155.51,4892639
2023-05-05,156.03,3989157
2023-05-08,155.3,4950679
2023-05-09,153.71,4472097
2023-05-10,154.03,4754854
2023-05-11,154.39,3495324
2023-05-12,155.96,5252889
2023-05-15,156.01,5414904
2023-05-16,155.74,5591579
2023-05-17,155.08,4287036
2023-05-18,152.53,6997610
2023-05-19,153.17,4754120
2023-05-22,149.16,7876207
2023-05-23,147.55,6116037
2023-05-24,146.33,5755426
2023-05-25,145.39,6510519
2023-05-26,145.4,4716495
2023-05-30,143.18,5561037
2023-05-31,142.5,19854789
2023-06-01,143.96,6091064
2023-06-02,146.52,12248806
2023-06-05,145.94,5074808
2023-06-06,144.49,4636045
2023-06-07,144.8,6194620
2023-06-08,146.44,4864149
2023-06-09,146.56,5569831
2023-06-12,145.41,5354690
2023-06-13,145.06,5321204
2023-06-14,146.42,5693491
2023-06-15,148.45,5862999
2023-06-16,149.54,11244926
2023-06-20,148.16,5340854
2023-06-21,149.44,4649893
2023-06-22,149.95,6666932
2023-06-23,148.46,13843536
2023-06-26,148.61,4353067
2023-06-27,150.02,5445569
2023-06-28,149.99,6733301
2023-06-29,149.38,7343034
2023-06-30,151.74,7058273
2023-07-03,152.5,3996098
2023-07-05,152.24,8280120
2023-07-06,151.99,7958486
2023-07-07,148.8,9169548
2023-07-10,148.86,5529210
2023-07-11,148.08,5150361
2023-07-12,148.85,6764641
2023-07-13,148.95,5561424
2023-07-14,150.05,6128878
2023-07-17,148.99,4626029
2023-07-18,149.27,5355185
2023-07-19,150.29,6203584
2023-07-20,150.56,6445552
2023-07-21,152.93,9938441
2023-07-24,153.42,5549519
2023-07-25,153.78,5883845
2023-07-26,153.94,7013794
2023-07-27,152.11,7191578
2023-07-28,156.41,9397878
2023-07-31,156.3,7955343
2023-08-01,156.25,5719138
2023-08-02,156.59,5637323
2023-08-03,157.0,5792784
2023-08-04,155.28,4785929
2023-08-07,156.92,4107366
2023-08-08,157.09,4625619
2023-08-09,156.89,4293200
2023-08-10,156.11,4307834
2023-08-11,157.02,3862326
2023-08-14,155.79,4297598
2023-08-15,154.79,6921105
2023-08-16,153.21,6356849
2023-08-17,152.11,6419615
2023-08-18,152.54,5448262
2023-08-21,151.77,4504747
2023-08-22,151.83,4195967
2023-08-23,153.25,4522673
2023-08-24,152.54,4089013
2023-08-25,153.54,3541524
2023-08-28,153.78,3614733
2023-08-29,153.87,4034627
2023-08-30,154.04,3712241
2023-08-31,154.34,5451433
2023-09-01,154.51,4126437
2023-09-05,152.44,5097037
2023-09-06,152.14,3877460
2023-09-07,153.59,4825042
2023-09-08,152.93,3384760
2023-09-11,154.75,4288731
2023-09-12,152.03,4537794
2023-09-13,153.09,4040670
2023-09-14,154.77,4606909
2023-09-15,153.47,10262391
2023-09-18,154.05,3536490
2023-09-19,153.6,4704209
2023-09-20,153.47,5446571
2023-09-21,152.14,5098146
2023-09-22,151.58,6328163
2023-09-25,150.66,5527129
2023-09-26,149.32,6366545
2023-09-27,147.34,5403675
2023-09-28,146.34,6237072
2023-09-29,145.86,6683279
2023-10-02,145.19,5153808
2023-10-03,145.49,4670620
2023-10-04,145.57,4727849
2023-10-05,143.8,5205662
2023-10-06,144.09,7406682
2023-10-09,143.36,5062170
2023-10-10,144.78,5988917
2023-10-11,143.0,5469148
2023-10-12,143.32,5965604
2023-10-13,144.69,7079323
2023-10-16,146.07,6509765
2023-10-17,146.26,6160115
2023-10-18,150.03,10508470
2023-10-19,148.25,8145959
2023-10-20,148.05,7284217
2023-10-23,148.15,5981784
2023-10-24,149.9,6322218
2023-10-25,150.6,6172937
2023-10-26,149.8,7582052
2023-10-27,147.16,8131875
2023-10-30,149.26,5412866
2023-10-31,150.03,6762155
2023-11-01,149.61,5896946
2023-11-02,151.44,5859285
2023-11-03,150.07,6587879
2023-11-06,150.94,6480898
2023-11-07,150.59,6003843
2023-11-08,150.01,4832618
2023-11-09,150.35,6581536
2023-11-10,151.41,5387350
2023-11-13,152.46,6297527
2023-11-14,152.12,7982631
2023-11-15,151.42,7672848
2023-11-16,152.83,7590516
2023-11-17,151.07,8495710
2023-11-20,150.27,6857809
2023-11-21,149.61,7310387
2023-11-22,151.02,4373087
2023-11-24,151.38,2132494
2023-11-27,151.24,6021326
2023-11-28,152.29,6110455
2023-11-29,151.13,5342709
2023-11-30,153.52,9771509
2023-12-01,152.66,5685434
2023-12-04,152.06,6578318
2023-12-05,146.76,11895824
2023-12-06,146.65,7610079
2023-12-07,146.5,6119624
2023-12-08,145.15,6385269
2023-12-11,145.82,8471213
2023-12-12,145.94,6069202
2023-12-13,148.58,9055532
2023-12-14,144.66,10565171
2023-12-15,143.96,14549957
2023-12-18,146.17,8421950
2023-12-19,146.17,5233563
2023-12-20,143.91,7663841
2023-12-21,144.26,6104714
2023-12-22,145.28,4413842
2023-12-26,145.94,3634885
2023-12-27,146.06,4569442
2023-12-28,145.73,5023033
2023-12-29,146.54,10601982
2024-01-02,148.74,7238388
2024-01-03,147.84,7697534
2024-01-04,148.65,7067618
2024-01-05,147.42,5294358
2024-01-08,148.69,8255307
2024-01-09,149.3,9786934
2024-01-10,149.94,8591116
2024-01-11,150.51,6659447
2024-01-12,150.6,5684834
2024-01-16,149.79,8120101
2024-01-17,149.94,6541439
2024-01-18,148.14,6526221
2024-01-19,147.57,7848138
2024-01-22,147.86,11084134
2024-01-23,153.98,19101558
2024-01-24,152.12,11592672
2024-01-25,155.62,10352452
2024-01-26,156.14,8356819
2024-01-29,156.16,8987609
2024-01-30,157.49,15589460
2024-01-31,157.14,8870215
2024-02-01,159.18,7601144
2024-02-02,158.09,7937716
2024-02-05,158.21,6931933
2024-02-06,158.96,6185982
2024-02-07,159.12,7209276
2024-02-08,158.64,6121778
2024-02-09,157.42,5978181
2024-02-12,157.11,5482124
2024-02-13,156.27,6046869
2024-02-14,155.63,5727455
2024-02-15,157.01,6249241
2024-02-16,157.51,6617706
2024-02-20,158.51,6622058
2024-02-21,160.4,7121116
2024-02-22,160.56,6619639
2024-02-23,161.03,5486533
2024-02-26,160.22,4531936
2024-02-27,159.3,3868405
2024-02-28,160.05,3802915
2024-02-29,158.94,8348201
2024-03-01,158.85,4819929
2024-03-04,159.56,3841623
2024-03-05,159.32,4481715
2024-03-06,159.57,10811438
2024-03-07,160.62,4783943
2024-03-08,160.35,5080225
2024-03-11,161.55,5171060
2024-03-12,161.93,4229060
2024-03-13,162.3,5410679
2024-03-14,161.5,5848057
2024-03-15,161.38,10956888
2024-03-18,161.21,6086268
2024-03-19,161.83,6148240
2024-03-20,161.99,4870296
2024-03-21,161.86,5211676
2024-03-22,161.66,6393425
2024-03-25,160.19,7145692
2024-03-26,160.55,5842850
2024-03-27,162.61,6599711
2024-03-28,162.25,7191571
2024-04-01,160.58,5971857
2024-04-02,160.57,6771395
2024-04-03,156.15,9601812
2024-04-04,155.45,6801662
2024-04-05,156.1,5121197
2024-04-08,156.04,5476752
2024-04-09,156.66,4613751
2024-04-10,157.24,7785084
2024-04-11,155.84,8209765
2024-04-12,155.33,6770659
2024-04-15,155.45,5753987
2024-04-16,155.95,6103296
2024-04-17,156.96,6621906
2024-04-18,157.29,7819261
2024-04-19,158.14,12034186
2024-04-22,160.54,8926327
2024-04-23,161.5,7707250
2024-04-24,162.6,7217563
2024-04-25,162.55,7094620
2024-04-26,161.29,5659784
2024-04-29,161.66,4622164
2024-04-30,163.2,8106098
2024-05-01,163.4,7543154
2024-05-02,163.84,5647490
2024-05-03,164.46,5581692
2024-05-06,164.44,5472549
2024-05-07,165.76,6433090
2024-05-08,165.07,4579471
2024-05-09,166.04,4671126
2024-05-10,166.85,4879427
2024-05-13,165.87,5725523
2024-05-14,165.76,6009837
2024-05-15,166.51,5102897
2024-05-16,167.86,6793672
2024-05-17,167.64,4700819
2024-05-20,167.31,3804823
2024-05-21,168.35,5147065
2024-05-22,167.81,4536733
2024-05-23,165.49,4729792
2024-05-24,165.33,3820090
2024-05-28,163.11,6466193
2024-05-29,161.65,4360383
2024-05-30,162.58,4756454
2024-05-31,164.54,10341644
2024-06-03,164.65,5828442
2024-06-04,167.01,6277001
2024-06-05,166.05,5243345
2024-06-06,168.47,6302243
2024-06-07,167.06,4558190
2024-06-10,167.35,4110668
2024-06-11,167.48,3947671
2024-06-12,165.18,5474498
2024-06-13,166.41,4902180
2024-06-14,166.79,3694974
2024-06-17,167.5,6759352
2024-06-18,168.56,5112634
2024-06-20,167.67,8483606
2024-06-21,168.26,14682061
2024-06-24,168.45,7565304
2024-06-25,166.85,8323968
2024-06-26,167.45,5164046
2024-06-27,166.62,5006990
2024-06-28,164.92,9253317
2024-07-01,162.72,7638639
2024-07-02,163.9,5449219
2024-07-03,163.83,2980461
2024-07-05,165.21,6509248
2024-07-08,166.52,5144458
2024-07-09,165.66,4393179
2024-07-10,166.8,5037097
2024-07-11,165.54,5833061
2024-07-12,166.61,4684642
2024-07-15,164.58,5752513
2024-07-16,166.95,6378312
2024-07-17,169.44,7982328
2024-07-18,168.44,5926346
2024-07-19,167.96,6597090
2024-07-22,168.25,6383031
2024-07-23,166.62,4863398
2024-07-24,168.0,5906992
2024-07-25,166.9,7338521
2024-07-26,169.11,5581557
2024-07-29,169.93,6797832
2024-07-30,161.7,15746254
2024-07-31,160.76,9660902
2024-08-01,165.69,12532700
2024-08-02,170.08,11899038
2024-08-05,168.06,10338767
2024-08-06,168.09,7454869
2024-08-07,170.02,8385546
2024-08-08,170.87,6386941
2024-08-09,170.54,5377378
2024-08-12,166.81,7208103
2024-08-13,167.29,3770007
2024-08-14,168.8,5476675
2024-08-15,167.92,9491625
2024-08-16,167.89,5640925
2024-08-19,168.42,3885315
2024-08-20,170.41,4513600
2024-08-21,170.16,4082026
2024-08-22,170.15,4097382
2024-08-23,169.17,4771267
2024-08-26,170.35,6472417
2024-08-27,169.25,4456635
2024-08-28,169.06,5645040
2024-08-29,170.03,4413165
2024-08-30,171.54,7301617
2024-09-03,174.52,10101418
2024-09-04,175.9,7517526
2024-09-05,175.47,6061865
2024-09-06,175.59,5785684
2024-09-09,176.06,6450204
2024-09-10,177.79,6396311
2024-09-11,173.92,6828173
2024-09-12,173.47,4839752
2024-09-13,174.08,3917986
2024-09-16,177.24,6892335
2024-09-17,175.88,4757247
2024-09-18,173.92,5102884
2024-09-19,171.54,8692016
2024-09-20,174.22,28647462
2024-09-23,173.77,10265199
2024-09-24,173.24,5422351
2024-09-25,172.26,8916483
2024-09-26,173.21,4957367
2024-09-27,173.55,4599709
2024-09-30,173.2,6296653
2024-10-01,173.04,7130825
2024-10-02,171.92,6212890
2024-10-03,170.12,4794348
2024-10-04,168.88,6003668
2024-10-07,167.12,6325281
2024-10-08,168.16,7472965
2024-10-09,169.27,8758806
2024-10-10,168.95,6932308
2024-10-11,171.09,7036480
2024-10-14,172.51,5909158
2024-10-15,173.57,7172262
2024-10-16,172.38,6117053
2024-10-17,172.28,7045586
2024-10-18,171.28,8372536
2024-10-21,169.54,5522460
2024-10-22,169.7,7511671
2024-10-23,169.58,4837810
2024-10-24,169.62,5861303
2024-10-25,168.22,4877911
2024-10-28,169.3,5754043
2024-10-29,167.17,5681358
2024-10-30,166.16,5518085
2024-10-31,165.18,6056514
2024-11-01,165.1,5455095
2024-11-04,165.08,5130338
2024-11-05,165.76,4397441
2024-11-06,161.05,11473688
2024-11-07,163.41,9056725
2024-11-08,167.71,7506566
2024-11-11,166.03,6364403
2024-11-12,165.84,6507823
2024-11-13,166.04,5412566
2024-11-14,167.08,7444273
2024-11-15,169.54,9939416
2024-11-18,170.75,6681087
2024-11-19,170.76,5683673
2024-11-20,170.89,7081237
2024-11-21,172.75,6240403
2024-11-22,176.28,10609785
2024-11-25,177.39,19357005
2024-11-26,179.31,6276933
2024-11-27,179.36,5522912
2024-11-29,179.26,3823708
2024-12-02,179.7,5728297
2024-12-03,175.42,8127329
2024-12-04,175.11,6823659
2024-12-05,176.03,5022189
2024-12-06,173.82,5741167
2024-12-09,170.79,7164286
2024-12-10,172.28,6220088
2024-12-11,170.63,5237533
2024-12-12,170.85,4072810
2024-12-13,171.06,3884513
2024-12-16,171.14,5943680
2024-12-17,170.33,6069344
2024-12-18,169.08,7517081
2024-12-19,169.19,8585220
2024-12-20,168.06,21999342
2024-12-23,168.11,6984079
2024-12-24,168.94,2460756
2024-12-26,170.16,3629533
2024-12-27,169.53,4367879
2024-12-30,167.09,4354543
2024-12-31,167.65,3957920
2025-01-02,165.98,10803424
2025-01-03,165.13,10513614
2025-01-06,160.6,17463342
2025-01-07,161.3,16895488
2025-01-08,162.1,9949566
2025-01-10,158.56,17003050
2025-01-13,158.84,13544396
2025-01-14,159.74,11964508
2025-01-15,159.65,16118462
2025-01-16,160.5,11548858
2025-01-17,161.13,14525478
2025-01-21,161.72,27829388
2025-01-22,164.74,28713382
2025-01-23,166.15,15228616
2025-01-24,164.12,12399878
2025-01-27,169.66,18341658
2025-01-28,166.19,13432774
2025-01-29,166.23,9700590
2025-01-30,167.41,8273092
2025-01-31,165.99,10929806
2025-02-03,168.76,17337458
2025-02-04,168.13,12821876
2025-02-05,169.01,15074464
2025-02-06,168.88,9915778
2025-02-07,167.97,9071234
2025-02-10,167.53,14126334
2025-02-11,169.43,10876162
2025-02-12,169.58,12075342
2025-02-13,171.02,12656730
2025-02-14,162.89,26358956
2025-02-18,165.43,14151362
2025-02-19,166.49,15821646
2025-02-20,167.21,12315702
2025-02-21,170.23,19477440
2025-02-24,170.54,17128114
2025-02-25,172.65,14629712
2025-02-26,171.3,11038082
2025-02-27,171.97,10933930
2025-02-28,173.84,20480138
2025-03-03,175.59,15231140
2025-03-04,173.18,24236046
2025-03-05,174.61,13978172
2025-03-06,174.66,13404980
2025-03-07,175.95,19116626
2025-03-10,176.26,22094044
2025-03-11,173.12,22064570
2025-03-12,168.37,20318272
2025-03-13,168.59,13218252
2025-03-14,167.97,13581248
2025-03-17,169.76,19863356
2025-03-18,167.71,12200484
2025-03-19,168.57,15138330
2025-03-20,167.55,17578334
2025-03-21,166.6997,32054502
2025-03-21,166.695,16027251
2025-03-24,165.65,6102109
2025-03-25,162.85,8366736
2025-03-26,166.885,15514518
2025-03-27,168.71,6211735
2025-03-28,167.785,10958612
2025-03-31,170.42,11520451
2025-04-01,170.56,7021507
2025-04-02,171.135,12540846
2025-04-03,172.105,18786540
2025-04-04,163.5425,13454205
2025-04-04,163.915,13454205
2025-04-07,160.23,15708009
2025-04-08,158.39,11541114
2025-04-09,162.9049,21340424
2025-04-10,163.56,10581571
2025-04-11,166.915,8603200
2025-04-14,169.13,9877411
2025-04-15,168.47,7698478
2025-04-16,166.39,5897634
2025-04-17,170.63,7227061
2025-04-17,170.905,7227061
2025-04-21,165.75,8062360
2025-04-22,168.855,15814842
2025-04-23,164.925,18578128
2025-04-24,159.705,40155330
2025-04-25,161.005,12893200
2025-04-28,161.85,8126981
2025-04-29,162.26,8266154
2025-04-30,162.57,12475539
2025-05-01,159.905,13585630
2025-05-02,160.5068,5750165
2025-05-02,160.305,5750165
2025-05-05,158.83,7576219
2025-05-06,159.25,7703843
2025-05-07,159.29,6430156
2025-05-08,158.65,7230806
2025-05-09,157.855,6453232
2025-05-09,157.755,6453232
2025-05-12,160.995,14756760
2025-05-13,158.405,15561654
2025-05-14,158.02,5988905
2025-05-15,162.41,8727316
2025-05-16,162.595,7100784
2025-05-16,162.405,7100784
2025-05-19,164.77,8120219
2025-05-20,165.64,5576561
2025-05-21,165.43,6424153
2025-05-22,165.295,12491142
2025-05-23,166.185,5349868
2025-05-27,167.76,11423794
2025-05-28,167.36,5385942
2025-05-29,168.565,9685108
2025-05-30,169.895,12587537
2025-05-30,169.545,12587537
2025-06-02,167.78,7574428
2025-06-03,166.85,6223447
2025-06-04,165.95,4939333
2025-06-05,162.8,10352288
2025-06-06,164.1509,5697877
2025-06-09,162.56,13088398
2025-06-10,162.84,7680015
2025-06-11,161.755,11920104
2025-06-12,163.18,6509891
2025-06-13,160.285,7104547
2025-06-13,159.995,7104547
2025-06-16,160.605,12663922
2025-06-17,158.7949,13619494
2025-06-18,157.895,14422450
2025-06-18,157.945,7211225
2025-06-20,159.085,16173371
2025-06-20,159.295,16173371
2025-06-23,161.03,6588223
2025-06-24,160.055,14940104
2025-06-25,158.97,5933715
2025-06-26,158.405,14820892
2025-06-27,159.865,19256955
2025-06-27,159.7515,19256955
2025-06-30,159.2051,22476402
2025-07-01,161.005,21329782
2025-07-02,161.2,8848744
2025-07-03,160.83,6999516
2025-07-07,160.255,14451390
2025-07-08,157.905,24069528
2025-07-09,157.52,18770894
2025-07-10,158.005,14403496
2025-07-11,157.0045,8053808
2025-07-11,157.155,8053808
2025-07-14,153.76,11491688
2025-07-15,152.6839,18285230
2025-07-16,153.595,16957994
2025-07-17,155.375,16639992
2025-07-18,155.155,7337252
2025-07-18,155.455,7337252
2025-07-21,155.035,12656740
2025-07-22,158.255,16373940
2025-07-23,158.255,9609590
2025-07-24,158.915,14054784
2025-07-25,158.305,5800248
2025-07-28,157.11,15770052
2025-07-29,156.61,22932116
2025-07-30,152.88,16325776
2025-07-31,150.47,23690886
2025-08-01,150.65,8594220
2025-08-04,150.76,7679361
2025-08-05,150.6987,13340130
2025-08-06,152.505,14752426
2025-08-07,153.425,13438088
2025-08-08,153.005,5811281
2025-08-11,155.045,14663414
2025-08-12,155.094,13876672
2025-08-13,155.41,5812356
2025-08-14,153.74,6343715
2025-08-15,154.0962,7121700
2025-08-18,155.72,8274726
2025-08-19,158.505,15736258
2025-08-20,159.515,15680710
2025-08-21,158.795,12835390
2025-08-22,158.635,5797325
2025-08-22,158.755,5797325
2025-08-25,156.305,9385010
2025-08-26,155.97,6337977
2025-08-27,157.0054,9102438
2025-08-28,155.655,11715454
2025-08-29,157.005,5318179
2025-08-29,157.245,5318179
2025-09-02,157.955,12865674
2025-09-03,157.805,13184902
2025-09-04,159.19,6935245
2025-09-05,160.125,6436150
2025-09-05,160.13,6436150
2025-09-08,159.205,14356712
2025-09-09,159.015,9969872
2025-09-10,157.35,6205463
2025-09-11,158.63,5819875
2025-09-12,158.245,5957021
2025-09-12,157.905,5957021
2025-09-15,156.83,5994966
2025-09-16,158.05,6559608
2025-09-17,160.335,13528338
2025-09-18,157.355,15302974
2025-09-19,156.195,17224774
2025-09-19,156.255,17224774
2025-09-22,153.335,17425820
2025-09-23,152.5135,17706836
2025-09-24,152.465,12966528
2025-09-24,152.15,21506094
2025-09-26,152.5,5721092
2025-09-29,153.53,16279422
2025-09-30,153.65,15525218
2025-10-01,153.177,15132028
2025-10-02,152.05,6892089
2025-10-03,152.275,5212584
2025-10-03,152.5049,5212584
2025-10-06,150.675,13473920
2025-10-07,152.54,6844361
2025-10-08,150.946,10509456
2025-10-09,150.58,6134461
2025-10-10,149.405,7374046
2025-10-10,149.705,7374046
2025-10-13,147.543,15022206
2025-10-14,149.185,17170692
2025-10-15,147.505,20006146
2025-10-16,149.6,8809673
2025-10-17,151.394,8612894
2025-10-17,151.455,8612894
2025-10-20,151.96,5601287
2025-10-21,151.835,12026758
2025-10-22,152.345,12788756
2025-10-23,153.385,16410706
2025-10-24,152.485,11968491
2025-10-24,152.8095,11968491
2025-10-27,151.5478,15550646
2025-10-28,151.3065,11638514
2025-10-29,148.885,14810932
2025-10-30,148.825,13521404
2025-10-31,150.395,15860668
2025-11-03,147.875,17892766
2025-11-04,147.17,9295449
2025-11-05,145.7054,22399756
2025-11-06,145.59,20049098
2025-11-07,147.105,17000194
2025-11-10,145.5738,20416170
2025-11-11,148.275,14665080
2025-11-12,148.205,15702104
2025-11-13,147.96,7566789
2025-11-14,147.705,18302132
2025-11-17,145.82,9902310
2025-11-18,146.99,10735177
2025-11-19,146.395,12734076
2025-11-20,148.3732,18042650
2025-11-21,151.005,24035972
2025-11-24,146.98,13846906
2025-11-25,148.505,20955322
2025-11-26,148.255,18476900
2025-11-28,148.16,4707161
2025-12-01,147.44,8240689
2025-12-02,145.515,32753388
2025-12-03,146.665,18250640
2025-12-04,145.36,10479267
2025-12-05,143.6533,25583490
2025-12-08,138.455,35015008
2025-12-09,139.615,20743507
2025-12-10,140.005,27289236
2025-12-11,140.845,23595962
2025-12-12,142.745,20537536
2025-12-15,145.13,13877674
2025-12-16,145.415,20503440
2025-12-17,147.905,19666522
2025-12-18,145.525,24465657
2025-12-19,144.005,38691244
2025-12-22,142.895,23462720
2025-12-23,143.18,9531347
2025-12-24,144.49,6518018
2025-12-26,144.74,4711505
2025-12-29,144.57,7662127
2025-12-30,144.015,12012864
2025-12-31,143.355,10586440
2026-01-02,141.745,17892182
2026-01-05,140.915,24594668
2026-01-06,139.965,20843512
2026-01-07,138.355,28738284
2026-01-08,141.555,18594160
2026-01-09,141.615,19056952
2026-01-12,143.46,12812014
2026-01-13,144.24,15549150
2026-01-14,146.545,26949966
2026-01-15,144.705,20205514
2026-01-16,144.745,23458668
2026-01-20,146.795,25802860
2026-01-21,146.385,28253628
2026-01-22,149.935,37003708
2026-01-23,150.005,29125252
2026-01-23,150.4508,14562626
2026-01-26,149.49,12655663
2026-01-27,148.1327,19092000
2026-01-28,147.34,7465812
2026-01-29,149.8721,22071126
2026-01-30,151.805,25302852
2026-02-02,153.075,21109744
2026-02-03,155.215,24849480
2026-02-04,156.455,24356926
2026-02-05,158.61,13077657
2026-02-06,159.17,10441737
2026-02-09,157.2206,22879884
2026-02-10,159.1501,19820198
2026-02-11,160.005,20434618
2026-02-12,161.21,13512862
2026-02-13,160.105,27998416
2026-02-17,159.55,13319135
2026-02-18,156.86,14434308
2026-02-19,158.585,21449116
2026-02-20,160.78,11508133
2026-02-23,165.17,14772450
2026-02-24,165.28,9709848
2026-02-25,163.705,15756916
2026-02-26,163.75,7028559
2026-02-27,167.2,29756968
2026-03-02,163.51,9095500
2026-03-03,159.72,10161003
2026-03-04,158.3,8752716
2026-03-05,153.99,20120628
2026-03-06,153.456,16375810
2026-03-07,153.595,0
2026-03-09,155.22,12494929
2026-03-10,156.01,7756771
2026-03-11,153.0935,17714388
2026-03-12,150.905,16978557
2026-03-13,150.6051,14597792
2026-03-13,150.5531,7298896
2026-03-16,151.6,13888438
2026-03-17,151.48,6147336
2026-03-17,146.71,16206949
2026-03-19,145.0051,31021000
2026-03-20,145.2576,70959698
2026-03-20,145.235,60620861
2026-03-23,143.995,20631169
2026-03-24,143.915,17135216
2026-03-25,144.1207,16836178
2026-03-26,142.42,6443158
2026-03-27,142.4414,23116532
2026-03-27,142.705,11558266
2026-03-30,144.72,11616292
2026-03-31,144.44,10407548
2026-04-01,144.09,8061652
2026-04-02,143.12,5941664
2026-04-02,143.1991,5941663
2026-04-06,142.679,13646206
2026-04-07,141.3,14030607
2026-04-08,144.9,21699340
2026-04-09,146.66,13588877
2026-04-10,145.16,19580176
2026-04-13,143.58,14242605
2026-04-14,144.38,13243122
2026-04-15,143.38,15396376
2026-04-16,143.11,6947144
2026-04-17,146.93,10886017
2026-04-20,144.49,8084143
2026-04-21,142.32,11195623
2026-04-22,142.85,7236304
2026-04-23,145.71,11288762
2026-04-24,148.18,13786243
2026-04-27,148.4,9166393
2026-04-28,149.17,7965681
2026-04-29,146.46,9002423
2026-04-30,147.09,9491705
2026-05-01,147.26,6814829
2026-05-04,143.42,9642704
2026-05-05,144.89999389648438,7664300
2026-05-06,147.89999389648438,9399500
2026-05-07,146.05999755859375,9545800
2026-05-08,146.4199981689453,5741000
2026-05-11,143.36000061035156,7489500
2026-05-12,143.91000366210938,9051200
2026-05-13,142.24000549316406,6670997
2026-05-14,142.7100067138672,6333817
2026-05-15,141.57000732421875,6989400
2026-05-18,142.38999938964844,7731200
2026-05-19,141.3000030517578,4715632
2026-05-20,142.1300048828125,1438131
2026-05-21,141.8350067138672,1599543
2026-05-22,143.86500549316406,1068136
2026-05-26,143.5399932861328,1817841
2026-05-27,147.96499633789062,2712153
2026-05-28,145.77999877929688,1932712
2026-05-29,144.49000549316406,2028675
2026-06-01,139.72999572753906,3099864
2026-06-02,139.44000244140625,1811165
2026-06-03,141.4250030517578,2010669
2026-06-04,140.80499267578125,1661307
2026-06-05,143.98500061035156,2247593
2026-06-08,145.10000610351562,7200700
2026-06-09,148.6699981689453,8253100
2026-06-10,150.14999389648438,2096766
2026-06-11,148.58999633789062,1073107
2026-06-12,149.66000366210938,1085707
2026-06-15,149.69000244140625,1761333
2026-06-16,152.14999389648438,2046547
2026-06-17,152.1300048828125,1196584
2026-06-18,151.28500366210938,3745166
2026-06-22,150.25999450683594,2382210
2026-06-23,150.86000061035156,7181710
2026-06-24,152.0399932861328,5918294
2026-06-25,148.5,11015415
2026-06-26,149.02000427246094,16550056
2026-06-29,147.6699981689453,4093858
2026-06-30,146.63999938964844,9302746
2026-07-01,147.42999267578125,6318279
2026-07-02,151.41000366210938,5760357
2026-07-06,147.25999450683594,1721325
2026-07-07,152.75,7972869
2026-07-08,149.19000244140625,472947
2026-07-09,146.85000610351562,3974832
2026-07-10,147.0399932861328,8613336
2026-07-13,147.3300018310547,1989773
2026-07-14,146.0800018310547,4090409
2026-07-15,148.0500030517578,6129328
2026-07-16,151.5,6480300
2026-07-17,149.97999572753906,6615079
2026-07-20,149.1300048828125,3847236
2026-07-21,148.10000610351562,7025600
2026-07-22,149.1300048828125,5367500
2026-07-23,146.97000122070312,6496147
2026-07-27,149.10499572753906,1927843
2026-07-29,145.0050048828125,6406379
2026-07-30,143.9600067138672,9571100
2026-07-31,144.49000549316406,6781320
2026-08-03,144.97000122070312,8842500
2026-08-04,146.6240997314453,2171841
2026-08-05,146.63999938964844,5360363
2026-08-06,146.97000122070312,5647629
2026-08-07,145.7899932861328,7565000
2026-08-10,145.8083953857422,2115277
2026-08-11,145.2100067138672,7935900
2026-08-12,144.0800018310547,5458885
2026-08-13,144.25999450683594,7489600
2026-08-14,144.5500030517578,7249600
2026-08-18,144.1999969482422,2954424
2026-08-19,144.4550018310547,3090035
2026-08-20,142.97000122070312,12649759
2026-08-21,144.67999267578125,8049649
2026-08-24,145.7899932861328,1806275
2026-08-25,145.39999389648438,17953102
2026-08-26,145.0,7117785
2026-08-27,143.97000122070312,2246228
2026-08-28,143.17999267578125,1583539
2026-08-31,144.625,1798672
2026-09-01,146.2100067138672,8503800
2026-09-02,147.63999938964844,7419898
2026-09-03,146.9199981689453,6045192
2026-09-04,146.7899932861328,2108126
2026-09-08,144.60000610351562,1526519
2026-09-09,142.63999938964844,9257360
2026-09-10,142.30999755859375,2744055
2026-09-11,145.1699981689453,5302040
2026-09-14,145.98500061035156,2799982
2026-09-15,146.69000244140625,1982439
2026-09-16,147.8300018310547,1329873
2026-09-17,147.5500030517578,6187001
2026-09-18,146.25999450683594,1649613
2026-09-21,146.14430236816406,1430200
2026-09-22,147.73500061035156,1432270
2026-09-23,147.38999938964844,6566772
2026-09-24,145.67999267578125,7308560
2026-09-25,146.22999572753906,5790500
2026-09-28,147.89999389648438,2339535
2026-09-29,148.32000732421875,7211369
2026-09-30,145.27999877929688,8578400
