date,close,volume
2014-01-02,26.30333333333333,20735595
2014-01-03,26.21666666666667,14874105
2014-01-06,26.069999999999997,21845865
2014-01-07,26.150000000000002,15039942
2014-01-08,25.94333333333333,17918763
2014-01-09,26.03,17775147
2014-01-10,26.013333333333335,15574920
2014-01-13,25.83,18540327
2014-01-14,25.986666666666665,12383643
2014-01-15,25.886666666666667,14986278
2014-01-16,25.58666666666667,21626685
2014-01-17,25.396666666666665,34340211
2014-01-21,25.28,27037182
2014-01-22,25.116666666666664,17639220
2014-01-23,24.986666666666665,18057468
2014-01-24,24.80666666666667,28367964
2014-01-27,24.71666666666667,27315444
2014-01-28,24.89,18105711
2014-01-29,24.7,25322586
2014-01-30,24.916666666666668,20226156
2014-01-31,24.893333333333334,31995885
2014-02-03,24.22,31307457
2014-02-04,24.243333333333336,23296707
2014-02-05,24.290000000000003,14334144
2014-02-06,24.27333333333333,22059414
2014-02-07,24.583333333333332,21960777
2014-02-10,24.58666666666667,18710379
2014-02-11,24.933333333333334,20138115
2014-02-12,24.986666666666665,16118856
2014-02-13,25.12,15825546
2014-02-14,25.263333333333335,14761785
2014-02-18,25.11,17982912
2014-02-19,24.95,24435468
2014-02-20,24.506666666666664,39309891
2014-02-21,24.373333333333335,26913120
2014-02-24,24.45,21980037
2014-02-25,24.45,28501884
2014-02-26,24.926666666666666,27083529
2014-02-27,24.853333333333335,16369788
2014-02-28,24.900000000000002,22335948
2014-03-03,24.706666666666667,16047690
2014-03-04,25.043333333333333,22647132
2014-03-05,24.933333333333334,16578108
2014-03-06,24.959999999999997,15321603
2014-03-07,24.86,15163866
2014-03-10,24.810000000000002,14533635
2014-03-11,24.973333333333333,27108879
2014-03-12,25.176666666666666,25913988
2014-03-13,24.97666666666667,17473404
2014-03-14,24.76,19857066
2014-03-17,24.893333333333334,17351856
2014-03-18,24.923333333333332,11831415
2014-03-19,24.793333333333333,17283234
2014-03-20,25.126666666666665,25912560
2014-03-21,25.366666666666664,51542844
2014-03-24,25.58666666666667,21838998
2014-03-25,25.623333333333335,22169373
2014-03-26,25.41,23209581
2014-03-27,25.38,16789917
2014-03-28,25.33666666666667,17613318
2014-03-31,25.47666666666667,14086941
2014-04-01,25.59,17310126
2014-04-02,25.72666666666667,18234276
2014-04-03,25.819999999999997,18137973
2014-04-04,25.77,20307885
2014-04-07,25.77,23042442
2014-04-08,26.060000000000002,22496001
2014-04-09,25.99,20633475
2014-04-10,25.63,22798941
2014-04-11,25.5,23936934
2014-04-14,25.793333333333333,16127835
2014-04-15,25.626666666666665,20788005
2014-04-16,25.74,15110325
2014-04-17,25.886666666666667,20894253
2014-04-21,25.866666666666664,13785300
2014-04-22,25.853333333333335,19396413
2014-04-23,26.013333333333335,17418582
2014-04-24,26.103333333333335,13064766
2014-04-25,26.206666666666667,16189590
2014-04-28,26.58666666666667,28796055
2014-04-29,26.55666666666667,14087166
2014-04-30,26.569999999999997,18335391
2014-05-01,26.566666666666666,15294999
2014-05-02,26.373333333333335,16860117
2014-05-05,26.206666666666667,13772880
2014-05-06,26.003333333333334,16916745
2014-05-07,25.986666666666665,18258660
2014-05-08,26.23,14461929
2014-05-09,26.400000000000002,14689116
2014-05-12,26.383333333333336,17999484
2014-05-13,26.38,13091217
2014-05-14,26.246666666666666,16824873
2014-05-15,25.61,39107406
2014-05-16,25.67,21732414
2014-05-19,25.536666666666665,18393840
2014-05-20,25.23,22324086
2014-05-21,25.22,17112291
2014-05-22,25.13,15731004
2014-05-23,25.203333333333333,11110887
2014-05-27,25.19666666666667,16137918
2014-05-28,25.176666666666666,15110652
2014-05-29,25.326666666666668,12010545
2014-05-30,25.59,17922063
2014-06-02,25.58666666666667,13186032
2014-06-03,25.569999999999997,21641220
2014-06-04,25.709999999999997,18599700
2014-06-05,25.77333333333333,14087475
2014-06-06,25.736666666666665,12585231
2014-06-09,25.67,16656993
2014-06-10,25.540000000000003,10097004
2014-06-11,25.386666666666667,13389915
2014-06-12,25.243333333333336,16009803
2014-06-13,25.093333333333334,14944368
2014-06-16,25.113333333333333,11540643
2014-06-17,24.996666666666666,19632663
2014-06-18,25.233333333333334,20222106
2014-06-19,25.290000000000003,15765954
2014-06-20,25.22666666666667,34007439
2014-06-23,25.263333333333335,12828114
2014-06-24,25.323333333333334,16977603
2014-06-25,25.206666666666667,12954480
2014-06-26,24.97,20767029
2014-06-27,25.113333333333333,41882580
2014-06-30,25.02333333333333,19999962
2014-07-01,25.093333333333334,19813530
2014-07-02,25.206666666666667,13100328
2014-07-03,25.25,8621883
2014-07-07,25.356666666666666,15083997
2014-07-08,25.55,23881449
2014-07-09,25.736666666666665,18720396
2014-07-10,25.686666666666667,16117449
2014-07-11,25.606666666666666,13642641
2014-07-14,25.516666666666666,14468619
2014-07-15,25.613333333333333,14060310
2014-07-16,25.62,11230512
2014-07-17,25.536666666666665,13890768
2014-07-18,25.69666666666667,14740050
2014-07-21,25.59,10372767
2014-07-22,25.546666666666667,13149513
2014-07-23,25.66333333333333,11983056
2014-07-24,25.45,21684930
2014-07-25,25.323333333333334,11845335
2014-07-28,25.236666666666665,16529829
2014-07-29,25.146666666666665,18880479
2014-07-30,24.926666666666666,29957136
2014-07-31,24.526666666666667,28898103
2014-08-01,24.513333333333335,24673302
2014-08-04,24.513333333333335,16206558
2014-08-05,24.44666666666667,31741713
2014-08-06,24.733333333333334,23804376
2014-08-07,24.650000000000002,21159468
2014-08-08,24.89,14989053
2014-08-11,24.786666666666665,14164065
2014-08-12,24.74,11785761
2014-08-13,24.676666666666666,19857219
2014-08-14,24.796666666666667,18409350
2014-08-15,24.633333333333336,20828187
2014-08-18,24.83,12047163
2014-08-19,24.959999999999997,15143886
2014-08-20,24.986666666666665,14694810
2014-08-21,25.183333333333334,15781893
2014-08-22,25.243333333333336,12413295
2014-08-25,25.23,10180899
2014-08-26,25.173333333333332,12668652
2014-08-27,25.28333333333333,9601287
2014-08-28,25.3,8784273
2014-08-29,25.166666666666668,15241554
2014-09-02,25.25,13597278
2014-09-03,25.33666666666667,14128131
2014-09-04,25.52,15846771
2014-09-05,25.83666666666667,23525478
2014-09-08,25.51,17840622
2014-09-09,25.58,16895952
2014-09-10,25.503333333333334,20091189
2014-09-11,25.366666666666664,14955909
2014-09-12,25.256666666666664,17081340
2014-09-15,25.27,11245443
2014-09-16,25.439999999999998,12328623
2014-09-17,25.41333333333333,12717807
2014-09-18,25.406666666666666,14255145
2014-09-19,25.613333333333333,39970635
2014-09-22,25.436666666666667,13352124
2014-09-23,25.2,20151363
2014-09-24,25.69333333333333,25303791
2014-09-25,25.373333333333335,14890467
2014-09-26,25.496666666666666,11258673
2014-09-29,25.36,14877867
2014-09-30,25.49,16922247
2014-10-01,25.373333333333335,19574607
2014-10-02,25.41,14787414
2014-10-03,25.77333333333333,17459049
2014-10-06,25.78333333333333,16289046
2014-10-07,25.766666666666666,21179592
2014-10-08,26.08,24321315
2014-10-09,25.953333333333333,21218253
2014-10-10,26.096666666666668,30234111
2014-10-13,25.853333333333335,24604227
2014-10-14,25.993333333333336,23703174
2014-10-15,25.066666666666666,63173112
2014-10-16,24.606666666666666,43039971
2014-10-17,24.7,34416240
2014-10-20,25.046666666666667,21122076
2014-10-21,25.34,24899253
2014-10-22,25.343333333333334,17782875
2014-10-23,25.416666666666668,19101294
2014-10-24,25.459999999999997,13450974
2014-10-27,25.53,12322185
2014-10-28,25.45,14939964
2014-10-29,25.463333333333335,17289804
2014-10-30,25.483333333333334,14617254
2014-10-31,25.423333333333332,22712223
2014-11-03,25.426666666666666,20663643
2014-11-04,25.753333333333334,20714577
2014-11-05,25.900000000000002,17021331
2014-11-06,25.936666666666667,13865604
2014-11-07,26.256666666666664,28496373
2014-11-10,26.48,37921473
2014-11-11,26.33666666666667,16807233
2014-11-12,26.400000000000002,20373672
2014-11-13,27.646666666666665,68437134
2014-11-14,27.653333333333332,31909962
2014-11-17,27.856666666666666,23980302
2014-11-18,27.930000000000003,18289314
2014-11-19,28.33,36569574
2014-11-20,28.19333333333333,23438220
2014-11-21,28.21666666666667,19948908
2014-11-24,28.46666666666667,23986383
2014-11-25,28.316666666666666,20026371
2014-11-26,28.326666666666668,11831472
2014-11-28,29.180000000000003,23461902
2014-12-01,28.74,27422838
2014-12-02,28.8,20298948
2014-12-03,28.313333333333333,19123032
2014-12-04,28.253333333333334,20767077
2014-12-05,28.040000000000003,19710381
2014-12-08,28.076666666666668,18797988
2014-12-09,27.853333333333335,19900848
2014-12-10,27.66,20920818
2014-12-11,27.94333333333333,24098547
2014-12-12,27.936666666666667,21852405
2014-12-15,27.98,18953226
2014-12-16,27.653333333333332,22312341
2014-12-17,28.076666666666668,19923090
2014-12-18,28.646666666666665,25937811
2014-12-19,28.386666666666667,36206514
2014-12-22,28.793333333333333,13727268
2014-12-23,28.886666666666667,16657953
2014-12-24,28.810000000000002,7475373
2014-12-26,28.97,9747807
2014-12-29,28.88,10816860
2014-12-30,28.930000000000003,9796140
2014-12-31,28.626666666666665,12454170
2015-01-02,28.633333333333336,13505526
2015-01-05,28.55,20936976
2015-01-06,28.77,24615459
2015-01-07,29.53333333333333,25495308
2015-01-08,30.156666666666666,38140713
2015-01-09,29.78333333333333,25567539
2015-01-12,30.006666666666664,22117623
2015-01-13,29.77,24646242
2015-01-14,28.87,35863032
2015-01-15,29.126666666666665,28238226
2015-01-16,28.923333333333332,25226802
2015-01-20,28.896666666666665,23559216
2015-01-21,28.88,24522630
2015-01-22,29.433333333333334,21371523
2015-01-23,29.503333333333334,22697379
2015-01-26,29.543333333333333,13999992
2015-01-27,29.176666666666666,18061368
2015-01-28,28.939999999999998,17810340
2015-01-29,29.24,19568400
2015-01-30,28.326666666666668,30840690
2015-02-02,28.569999999999997,20781522
2015-02-03,28.73,24850455
2015-02-04,28.883333333333336,26796798
2015-02-05,29.093333333333334,15272346
2015-02-06,29.11,16852938
2015-02-09,28.636666666666667,16368756
2015-02-10,29.096666666666668,17196198
2015-02-11,28.78,17559219
2015-02-12,28.63,20824725
2015-02-13,28.603333333333335,16791051
2015-02-17,28.653333333333332,15261582
2015-02-18,28.763333333333335,18098115
2015-02-19,27.84,55940316
2015-02-20,28.099999999999998,41521206
2015-02-23,28.2,20191323
2015-02-24,28.189999999999998,15593238
2015-02-25,27.856666666666666,20425302
2015-02-26,27.933333333333334,17664432
2015-02-27,27.97666666666667,17632281
2015-03-02,27.986666666666665,18184503
2015-03-03,27.790000000000003,19382322
2015-03-04,27.526666666666667,18643281
2015-03-05,27.856666666666666,17992581
2015-03-06,27.53,17193039
2015-03-09,27.626666666666665,14014527
2015-03-10,27.356666666666666,18933312
2015-03-11,26.896666666666665,18482625
2015-03-12,27.3,15677493
2015-03-13,27.3,14286690
2015-03-16,27.763333333333335,19557315
2015-03-17,27.540000000000003,14405931
2015-03-18,27.51,30757038
2015-03-19,27.173333333333332,21638805
2015-03-20,27.746666666666666,37095957
2015-03-23,27.77,19517181
2015-03-24,27.683333333333334,16077456
2015-03-25,27.106666666666666,19937637
2015-03-26,27.296666666666667,24801513
2015-03-27,27.116666666666664,17152170
2015-03-30,27.51,17105103
2015-03-31,27.416666666666668,16763118
2015-04-01,26.903333333333332,24920010
2015-04-02,26.91,17387208
2015-04-06,26.996666666666666,19142178
2015-04-07,26.833333333333332,19818303
2015-04-08,27.01,20084163
2015-04-09,26.94666666666667,11770686
2015-04-10,26.883333333333336,16441869
2015-04-13,26.763333333333335,14094345
2015-04-14,26.71666666666667,16595151
2015-04-15,26.58,18601101
2015-04-16,26.41333333333333,24045288
2015-04-17,25.959999999999997,35468364
2015-04-20,26.046666666666667,26542872
2015-04-21,26.01,18600726
2015-04-22,26.143333333333334,22784070
2015-04-23,26.393333333333334,22406574
2015-04-24,26.613333333333333,20603553
2015-04-27,26.456666666666667,19349445
2015-04-28,26.366666666666664,14687640
2015-04-29,25.959999999999997,21325242
2015-04-30,26.016666666666666,26387733
2015-05-01,26.2,15000066
2015-05-04,26.393333333333334,20007648
2015-05-05,26.043333333333333,17566257
2015-05-06,25.883333333333336,16440180
2015-05-07,26.01,16614882
2015-05-08,26.176666666666666,16042203
2015-05-11,26.03333333333333,11234655
2015-05-12,26.319999999999997,25346913
2015-05-13,26.05333333333333,25263525
2015-05-14,26.24,18510756
2015-05-15,26.41333333333333,19851537
2015-05-18,26.64,24900825
2015-05-19,25.47666666666667,67375809
2015-05-20,25.3,31625658
2015-05-21,25.37,20268504
2015-05-22,25.286666666666665,20445036
2015-05-26,24.96666666666667,31720878
2015-05-27,25.063333333333333,20961222
2015-05-28,24.94666666666667,15076428
2015-05-29,24.756666666666664,19125219
2015-06-01,24.91,16938126
2015-06-02,24.843333333333334,17393517
2015-06-03,24.963333333333335,18281493
2015-06-04,24.71666666666667,26948415
2015-06-05,24.353333333333335,31905285
2015-06-08,24.203333333333333,28778901
2015-06-09,24.156666666666666,25006740
2015-06-10,24.310000000000002,33647484
2015-06-11,24.313333333333333,22259898
2015-06-12,24.143333333333334,21739788
2015-06-15,23.97666666666667,22700352
2015-06-16,24.116666666666664,18646893
2015-06-17,24.243333333333336,17111598
2015-06-18,24.326666666666668,25129887
2015-06-19,24.246666666666666,43652106
2015-06-22,24.263333333333335,19468407
2015-06-23,24.189999999999998,23628966
2015-06-24,24.126666666666665,22015074
2015-06-25,23.953333333333333,15879468
2015-06-26,24.040000000000003,20693484
2015-06-29,23.80666666666667,24563532
2015-06-30,23.643333333333334,33307710
2015-07-01,23.959999999999997,32321742
2015-07-02,23.953333333333333,19758231
2015-07-06,24.176666666666666,31609461
2015-07-07,24.596666666666668,37263927
2015-07-08,24.353333333333335,23372910
2015-07-09,24.26,26087496
2015-07-10,24.373333333333335,16737984
2015-07-13,24.626666666666665,18253512
2015-07-14,24.596666666666668,16554474
2015-07-15,24.55,13700184
2015-07-16,24.61,15695196
2015-07-17,24.463333333333335,17041719
2015-07-20,24.366666666666664,15256878
2015-07-21,24.246666666666666,19323231
2015-07-22,24.386666666666667,20884671
2015-07-23,24.17,12758799
2015-07-24,23.86,17853366
2015-07-27,23.793333333333333,18592770
2015-07-28,24.03333333333333,25776912
2015-07-29,24.076666666666668,14819022
2015-07-30,24.05333333333333,13813602
2015-07-31,23.993333333333336,23785134
2015-08-03,24.060000000000002,15395550
2015-08-04,24.083333333333332,17620128
2015-08-05,24.503333333333334,26147445
2015-08-06,24.263333333333335,19103223
2015-08-07,23.75,23392440
2015-08-10,23.826666666666668,18060279
2015-08-11,23.97666666666667,20487603
2015-08-12,24.19333333333333,26709192
2015-08-13,24.036666666666665,22957086
2015-08-14,24.126666666666665,17737530
2015-08-17,23.97,22813290
2015-08-18,23.16,63944991
2015-08-19,22.856666666666666,49000140
2015-08-20,22.810000000000002,29580399
2015-08-21,22.180000000000003,47239536
2015-08-24,21.316666666666666,66718905
2015-08-25,21.033333333333335,44403138
2015-08-26,21.61,41784948
2015-08-27,22.026666666666667,41738484
2015-08-28,21.646666666666665,42909096
2015-08-31,21.576666666666668,24525768
2015-09-01,21.273333333333333,40181886
2015-09-02,21.48,28543698
2015-09-03,21.62,25571544
2015-09-04,21.296666666666667,27697233
2015-09-08,22.126666666666665,53120388
2015-09-09,21.706666666666667,28392645
2015-09-10,21.373333333333335,43574310
2015-09-11,21.55,24187284
2015-09-14,21.426666666666666,20870040
2015-09-15,21.439999999999998,20582553
2015-09-16,21.563333333333333,16876167
2015-09-17,21.49,21399417
2015-09-18,21.113333333333333,38655648
2015-09-21,21.24,21358734
2015-09-22,21.19666666666667,26402424
2015-09-23,21.24,17629905
2015-09-24,21.276666666666667,20868696
2015-09-25,21.26,21489141
2015-09-28,21.22,28183110
2015-09-29,21.26,22920318
2015-09-30,21.613333333333333,23937630
2015-10-01,21.423333333333332,23511543
2015-10-02,21.66,21252012
2015-10-05,21.956666666666667,18900939
2015-10-06,21.893333333333334,22232784
2015-10-07,22.12,21569241
2015-10-08,22.293333333333333,17923623
2015-10-09,22.23,20262009
2015-10-12,22.310000000000002,16931625
2015-10-13,22.243333333333336,26575146
2015-10-14,20.01,242694591
2015-10-15,19.776666666666667,138760596
2015-10-16,19.63,78585465
2015-10-19,19.616666666666667,53417442
2015-10-20,19.583333333333332,31271007
2015-10-21,19.546666666666667,39414291
2015-10-22,19.633333333333333,43765629
2015-10-23,19.433333333333334,39121761
2015-10-26,19.34,32519463
2015-10-27,19.16,31534296
2015-10-28,19.213333333333335,35503986
2015-10-29,19.32,38566584
2015-10-30,19.080000000000002,47416398
2015-11-02,19.203333333333333,32157705
2015-11-03,19.37,30761781
2015-11-04,19.456666666666667,30169524
2015-11-05,19.536666666666665,26581467
2015-11-06,19.593333333333334,29932041
2015-11-09,19.496666666666666,25321260
2015-11-10,19.56,22844670
2015-11-11,19.19333333333333,26069646
2015-11-12,18.983333333333334,28654470
2015-11-13,18.80666666666667,37544763
2015-11-16,19.29,39964971
2015-11-17,19.973333333333333,74038101
2015-11-18,20.31,44633007
2015-11-19,20.233333333333334,34698297
2015-11-20,20.023333333333333,37113327
2015-11-23,20.086666666666666,31731147
2015-11-24,19.973333333333333,37361634
2015-11-25,20.080000000000002,23463105
2015-11-27,19.963333333333335,16022760
2015-11-30,19.613333333333333,44827839
2015-12-01,19.663333333333334,36612429
2015-12-02,19.45,40760670
2015-12-03,19.68,47532318
2015-12-04,19.886666666666667,31305852
2015-12-07,20.166666666666668,34787817
2015-12-08,19.87,31132890
2015-12-09,19.71,26945970
2015-12-10,19.853333333333335,34078371
2015-12-11,19.786666666666665,29234958
2015-12-14,20.13,43574838
2015-12-15,19.88,43846359
2015-12-16,20.099999999999998,29881464
2015-12-17,19.66,38928321
2015-12-18,19.616666666666667,48770223
2015-12-21,19.849999999999998,28936380
2015-12-22,20.18,27798924
2015-12-23,20.363333333333333,22559523
2015-12-24,20.276666666666667,7449369
2015-12-28,20.25,16265001
2015-12-29,20.536666666666665,23650926
2015-12-30,20.56,17150250
2015-12-31,20.433333333333334,19725444
2016-01-04,20.486666666666668,35967606
2016-01-05,20.973333333333333,39977913
2016-01-06,21.183333333333334,49693908
2016-01-07,21.676666666666666,79290093
2016-01-08,21.18,53303643
2016-01-11,21.406666666666666,37961322
2016-01-12,21.206666666666667,36587715
2016-01-13,20.64,41177259
2016-01-14,21.02,38804634
2016-01-15,20.643333333333334,45523191
2016-01-19,20.853333333333335,39153954
2016-01-20,20.28,52107267
2016-01-21,20.62666666666667,36267528
2016-01-22,20.896666666666665,27592413
2016-01-25,21.150000000000002,38470371
2016-01-26,21.333333333333332,28323705
2016-01-27,21.316666666666666,30642909
2016-01-28,21.406666666666666,33835047
2016-01-29,22.12,49317327
2016-02-01,22.5,44185116
2016-02-02,22.286666666666665,40757856
2016-02-03,22.09,36946806
2016-02-04,22.14,38500134
2016-02-05,22.333333333333332,42589647
2016-02-08,22.3,62230947
2016-02-09,21.936666666666667,43927125
2016-02-10,21.930000000000003,29127825
2016-02-11,21.77333333333333,33560073
2016-02-12,22.060000000000002,29086410
2016-02-16,21.96666666666667,34081497
2016-02-17,22.036666666666665,37280082
2016-02-18,21.373333333333335,83683983
2016-02-19,21.55333333333333,46686996
2016-02-22,21.876666666666665,31761825
2016-02-23,22.16,34296066
2016-02-24,22.373333333333335,30873714
2016-02-25,22.680000000000003,28743912
2016-02-26,22.17,32952891
2016-02-29,22.113333333333333,28035588
2016-03-01,22.153333333333332,31288425
2016-03-02,22.069999999999997,27496686
2016-03-03,22.046666666666667,35540316
2016-03-04,22.26,30031647
2016-03-07,22.63,38476323
2016-03-08,22.680000000000003,30203583
2016-03-09,22.51,23474289
2016-03-10,22.47,30677457
2016-03-11,22.39,24872754
2016-03-14,22.453333333333333,20137572
2016-03-15,22.69666666666667,22700706
2016-03-16,22.66333333333333,24654111
2016-03-17,22.483333333333334,35514267
2016-03-18,22.316666666666666,69459492
2016-03-21,22.656666666666666,28247514
2016-03-22,22.623333333333335,22543539
2016-03-23,22.486666666666665,18331959
2016-03-24,22.666666666666668,18914229
2016-03-28,22.706666666666667,16810407
2016-03-29,22.676666666666666,19473018
2016-03-30,22.933333333333334,21625650
2016-03-31,22.83,18850488
2016-04-01,23.02,19807140
2016-04-04,23.03333333333333,20470224
2016-04-05,22.88,17337129
2016-04-06,23.013333333333335,16088106
2016-04-07,22.74,18331491
2016-04-08,22.686666666666667,19547997
2016-04-11,22.46666666666667,23596332
2016-04-12,22.933333333333334,23203758
2016-04-13,23.05,18788163
2016-04-14,22.933333333333334,20931408
2016-04-15,23.02,22753500
2016-04-18,23.286666666666665,19868574
2016-04-19,23.256666666666664,24598248
2016-04-20,23.069999999999997,16237656
2016-04-21,22.823333333333334,19852866
2016-04-22,22.906666666666666,18645369
2016-04-25,23.156666666666666,17688711
2016-04-26,23.099999999999998,19945308
2016-04-27,23.14,15441855
2016-04-28,22.97,14330748
2016-04-29,22.290000000000003,36296913
2016-05-02,22.53,22829121
2016-05-03,22.333333333333332,17767692
2016-05-04,22.396666666666665,18088572
2016-05-05,22.403333333333332,24272976
2016-05-06,22.75,29476182
2016-05-09,22.983333333333334,25968711
2016-05-10,22.930000000000003,19208814
2016-05-11,22.136666666666667,43792671
2016-05-12,22.28333333333333,28600386
2016-05-13,21.646666666666665,41234175
2016-05-16,22.006666666666664,30545415
2016-05-17,21.7,27757977
2016-05-18,21.05,66767772
2016-05-19,23.066666666666666,105230175
2016-05-20,23.286666666666665,50239857
2016-05-23,23.166666666666668,30299394
2016-05-24,23.41333333333333,26483982
2016-05-25,23.493333333333336,21809310
2016-05-26,23.616666666666664,26081622
2016-05-27,23.583333333333332,17321013
2016-05-31,23.593333333333334,25170576
2016-06-01,23.5,21664398
2016-06-02,23.650000000000002,19526061
2016-06-03,23.623333333333335,19123605
2016-06-06,23.683333333333334,27053916
2016-06-07,23.676666666666666,22090143
2016-06-08,23.76,18416985
2016-06-09,23.69666666666667,18209595
2016-06-10,23.713333333333335,22534239
2016-06-13,23.51,23722707
2016-06-14,23.650000000000002,27199173
2016-06-15,23.706666666666667,24050970
2016-06-16,23.766666666666666,20115561
2016-06-17,23.650000000000002,54177945
2016-06-20,23.7,21427587
2016-06-21,23.819999999999997,20024316
2016-06-22,23.916666666666668,25372560
2016-06-23,24.03333333333333,20910564
2016-06-24,23.986666666666665,45361134
2016-06-27,23.833333333333332,34038216
2016-06-28,23.83666666666667,25683555
2016-06-29,24.153333333333332,21044145
2016-06-30,24.34,26140779
2016-07-01,24.27,22916415
2016-07-05,24.38,32245908
2016-07-06,24.606666666666666,33188232
2016-07-07,24.51,22460604
2016-07-08,24.613333333333333,27382722
2016-07-11,24.686666666666667,27120237
2016-07-12,24.423333333333332,37083561
2016-07-13,24.540000000000003,19196898
2016-07-14,24.566666666666666,19939227
2016-07-15,24.55666666666667,17984403
2016-07-18,24.613333333333333,16371954
2016-07-19,24.55333333333333,14394261
2016-07-20,24.596666666666668,15845973
2016-07-21,24.506666666666664,13296705
2016-07-22,24.516666666666666,12949911
2016-07-25,24.583333333333332,14201880
2016-07-26,24.576666666666668,15744864
2016-07-27,24.439999999999998,17333763
2016-07-28,24.41333333333333,13809513
2016-07-29,24.323333333333334,18906579
2016-08-01,24.593333333333334,17605200
2016-08-02,24.376666666666665,19539186
2016-08-03,24.313333333333333,19704417
2016-08-04,24.433333333333334,14834733
2016-08-05,24.58666666666667,16246341
2016-08-08,24.44666666666667,19731579
2016-08-09,24.513333333333335,19283643
2016-08-10,24.650000000000002,24156840
2016-08-11,24.599999999999998,18871011
2016-08-12,24.63,29982585
2016-08-15,24.439999999999998,28908375
2016-08-16,24.296666666666667,29290074
2016-08-17,24.310000000000002,43030038
2016-08-18,24.766666666666666,80575065
2016-08-19,24.27,46039323
2016-08-22,24.233333333333334,30936252
2016-08-23,23.99,28174197
2016-08-24,24.076666666666668,30152100
2016-08-25,23.74,31542639
2016-08-26,23.713333333333335,30115422
2016-08-29,23.8,22404336
2016-08-30,23.77,17322555
2016-08-31,23.813333333333333,18934926
2016-09-01,24.28,35284101
2016-09-02,24.166666666666668,24248871
2016-09-06,24.333333333333332,28712742
2016-09-07,24.02,28854843
2016-09-08,23.94333333333333,28983699
2016-09-09,23.433333333333334,36517749
2016-09-12,23.98,32592159
2016-09-13,23.819999999999997,22523766
2016-09-14,23.84,20941503
2016-09-15,24.133333333333336,21995943
2016-09-16,24.290000000000003,41807085
2016-09-19,24.03,20762049
2016-09-20,23.99,17731746
2016-09-21,24.063333333333333,20027670
2016-09-22,24.09,17615628
2016-09-23,24.116666666666664,23089368
2016-09-26,23.873333333333335,17846172
2016-09-27,24.11,19033239
2016-09-28,23.930000000000003,18554814
2016-09-29,23.576666666666668,23990322
2016-09-30,24.040000000000003,29947821
2016-10-03,24.003333333333334,17573244
2016-10-04,23.916666666666668,19707870
2016-10-05,23.89,19393344
2016-10-06,23.12,60330813
2016-10-07,22.900000000000002,37961577
2016-10-10,22.66,26965263
2016-10-11,22.463333333333335,25774506
2016-10-12,22.486666666666665,26821989
2016-10-13,22.743333333333336,27581484
2016-10-14,22.816666666666666,19248072
2016-10-17,22.74,22480176
2016-10-18,22.956666666666667,23573118
2016-10-19,22.963333333333335,21369840
2016-10-20,22.91,18882099
2016-10-21,22.78,23533770
2016-10-24,23.063333333333333,21490917
2016-10-25,23.12,22889265
2016-10-26,23.19666666666667,15151635
2016-10-27,23.276666666666667,21394860
2016-10-28,23.33,20858592
2016-10-31,23.34,19167159
2016-11-01,23.099999999999998,26515833
2016-11-02,23.150000000000002,22935846
2016-11-03,23.209999999999997,20411838
2016-11-04,23.05333333333333,21786336
2016-11-07,23.26,29266350
2016-11-08,23.263333333333335,22863906
2016-11-09,23.7,50338443
2016-11-10,23.796666666666667,42963942
2016-11-11,23.743333333333336,24671640
2016-11-14,23.496666666666666,38752458
2016-11-15,23.80666666666667,29175216
2016-11-16,23.796666666666667,33577377
2016-11-17,23.063333333333333,70321026
2016-11-18,22.846666666666668,33405828
2016-11-21,23.123333333333335,25067922
2016-11-22,23.373333333333335,32952177
2016-11-23,23.61,22328871
2016-11-25,23.743333333333336,12703161
2016-11-28,23.73,21297600
2016-11-29,23.790000000000003,21930297
2016-11-30,23.47666666666667,27978408
2016-12-01,23.55666666666667,20549427
2016-12-02,23.626666666666665,20022636
2016-12-05,23.313333333333333,31583661
2016-12-06,23.453333333333333,23334048
2016-12-07,23.53333333333333,20898765
2016-12-08,23.44666666666667,20532669
2016-12-09,23.36,32269989
2016-12-12,23.89,27252255
2016-12-13,23.933333333333334,26662554
2016-12-14,23.78,26008158
2016-12-15,23.69333333333333,21408906
2016-12-16,23.66,53534544
2016-12-19,23.86,17667999
2016-12-20,23.939999999999998,18324228
2016-12-21,23.746666666666666,15302916
2016-12-22,23.19666666666667,36320382
2016-12-23,23.180000000000003,14411853
2016-12-27,23.233333333333334,13307016
2016-12-28,23.103333333333335,14626965
2016-12-29,23.08666666666667,12895350
2016-12-30,23.040000000000003,20668482
2017-01-03,22.886666666666667,31419516
2017-01-04,23.02,23753877
2017-01-05,23.069999999999997,21297531
2017-01-06,22.753333333333334,28473372
2017-01-09,22.903333333333332,26055720
2017-01-10,22.743333333333336,30769506
2017-01-11,22.843333333333334,20092797
2017-01-12,22.656666666666666,19634586
2017-01-13,22.376666666666665,30037587
2017-01-17,22.80666666666667,39502566
2017-01-18,22.703333333333333,21964389
2017-01-19,22.540000000000003,20463252
2017-01-20,22.393333333333334,36164082
2017-01-23,22.21666666666667,23854302
2017-01-24,22.46666666666667,32131878
2017-01-25,22.296666666666667,26168589
2017-01-26,22.243333333333336,19512237
2017-01-27,21.886666666666667,40300926
2017-01-30,22.14,25924557
2017-01-31,22.246666666666666,27962667
2017-02-01,22.076666666666668,27149943
2017-02-02,22.233333333333334,26996241
2017-02-03,22.166666666666668,22876011
2017-02-06,22.133333333333336,27291741
2017-02-07,22.296666666666667,17417181
2017-02-08,22.603333333333335,22982286
2017-02-09,23.026666666666667,33241470
2017-02-10,22.673333333333332,37336935
2017-02-13,22.59,25122945
2017-02-14,22.886666666666667,25387008
2017-02-15,22.896666666666665,25689909
2017-02-16,22.956666666666667,25241385
2017-02-17,23.123333333333335,38512377
2017-02-21,23.816666666666666,67238745
2017-02-22,23.903333333333332,45728067
2017-02-23,23.77,38399136
2017-02-24,24.13,41669595
2017-02-27,23.91333333333333,27764082
2017-02-28,23.643333333333334,47857764
2017-03-01,23.483333333333334,40568190
2017-03-02,23.58666666666667,26748816
2017-03-03,23.343333333333334,27910800
2017-03-06,23.293333333333333,27547752
2017-03-07,23.290000000000003,21848604
2017-03-08,23.266666666666666,23939544
2017-03-09,23.286666666666665,22693461
2017-03-10,23.366666666666664,21296508
2017-03-13,23.316666666666666,20407551
2017-03-14,23.573333333333334,29875137
2017-03-15,23.526666666666667,26441406
2017-03-16,23.48,21182952
2017-03-17,23.296666666666667,42235101
2017-03-20,23.326666666666668,22398699
2017-03-21,23.3,26240460
2017-03-22,23.416666666666668,19366800
2017-03-23,23.286666666666665,20696340
2017-03-24,23.203333333333333,17576919
2017-03-27,23.22,17377773
2017-03-28,23.439999999999998,21756588
2017-03-29,23.58,20973156
2017-03-30,23.863333333333333,24424629
2017-03-31,24.026666666666667,29819367
2017-04-03,23.94333333333333,24873873
2017-04-04,24.003333333333334,16701966
2017-04-05,23.883333333333336,19063494
2017-04-06,23.810000000000002,17823324
2017-04-07,24.3,32304078
2017-04-10,24.353333333333335,22487865
2017-04-11,24.47666666666667,17431389
2017-04-12,24.48,19881909
2017-04-13,24.383333333333336,16009299
2017-04-17,24.496666666666666,16396239
2017-04-18,24.63,19883976
2017-04-19,24.689999999999998,17821842
2017-04-20,24.933333333333334,23043777
2017-04-21,24.98,17267088
2017-04-24,24.926666666666666,23437593
2017-04-25,25.016666666666666,17161107
2017-04-26,25.143333333333334,20845398
2017-04-27,25.146666666666665,18156675
2017-04-28,25.060000000000002,21991281
2017-05-01,25.076666666666668,18497754
2017-05-02,25.173333333333332,21955107
2017-05-03,25.253333333333334,16570887
2017-05-04,25.44666666666667,16502421
2017-05-05,25.5,16793292
2017-05-08,25.373333333333335,19536558
2017-05-09,25.573333333333334,24765870
2017-05-10,25.566666666666666,22535784
2017-05-11,25.376666666666665,25048233
2017-05-12,25.236666666666665,17678745
2017-05-15,25.430000000000003,26531643
2017-05-16,25.036666666666665,25115430
2017-05-17,25.040000000000003,32912940
2017-05-18,25.846666666666668,57500460
2017-05-19,26.256666666666664,55745205
2017-05-22,26.183333333333334,26692686
2017-05-23,26.16333333333333,22754835
2017-05-24,26.05,22511949
2017-05-25,26.103333333333335,18404874
2017-05-26,26.043333333333333,18377361
2017-05-30,26.05,16231068
2017-05-31,26.2,24605238
2017-06-01,26.603333333333335,24459321
2017-06-02,26.540000000000003,23989419
2017-06-05,26.753333333333334,30437211
2017-06-06,26.310000000000002,34577658
2017-06-07,26.383333333333336,25535157
2017-06-08,26.310000000000002,32799150
2017-06-09,26.473333333333333,28215399
2017-06-12,26.41333333333333,31231806
2017-06-13,26.506666666666664,16584105
2017-06-14,26.633333333333336,15019563
2017-06-15,26.30333333333333,33891540
2017-06-16,25.08,168699249
2017-06-19,25.166666666666668,48285267
2017-06-20,25.180000000000003,30057774
2017-06-21,25.41333333333333,27034296
2017-06-22,25.173333333333332,24333870
2017-06-23,24.94666666666667,39241029
2017-06-26,25.166666666666668,25762464
2017-06-27,25.33666666666667,19363170
2017-06-28,25.503333333333334,20966673
2017-06-29,25.310000000000002,21190605
2017-06-30,25.22666666666667,20889867
2017-07-03,25.12,14545704
2017-07-05,25.106666666666666,18113001
2017-07-06,25.156666666666666,18485553
2017-07-07,25.11,15921207
2017-07-10,24.41,45200025
2017-07-11,24.49,22597914
2017-07-12,24.646666666666665,17100486
2017-07-13,25.016666666666666,24481485
2017-07-14,25.44666666666667,27455604
2017-07-17,25.456666666666667,26506752
2017-07-18,25.400000000000002,12944571
2017-07-19,25.290000000000003,15940704
2017-07-20,25.34,14896149
2017-07-21,25.383333333333336,21459999
2017-07-24,25.63,22164126
2017-07-25,26.173333333333332,34511892
2017-07-26,26.3,20148183
2017-07-27,26.593333333333334,24157416
2017-07-28,26.603333333333335,14925660
2017-07-31,26.66333333333333,18789585
2017-08-01,26.833333333333332,17179656
2017-08-02,26.843333333333334,26019129
2017-08-03,26.956666666666667,29840871
2017-08-04,26.826666666666668,21425436
2017-08-07,27.093333333333334,16453551
2017-08-08,27.19666666666667,22144242
2017-08-09,27.203333333333333,19819542
2017-08-10,26.886666666666667,24135009
2017-08-11,26.8,23716506
2017-08-14,26.900000000000002,23376105
2017-08-15,26.923333333333332,21198195
2017-08-16,26.993333333333336,34607892
2017-08-17,26.566666666666666,51881154
2017-08-18,26.436666666666667,29258898
2017-08-21,26.569999999999997,28841811
2017-08-22,26.673333333333332,19638315
2017-08-23,26.653333333333332,23397939
2017-08-24,26.113333333333333,57384180
2017-08-25,26.209999999999997,29706594
2017-08-28,26.01,25864506
2017-08-29,26.256666666666664,22995594
2017-08-30,26.180000000000003,17489502
2017-08-31,26.02333333333333,24584274
2017-09-01,26.123333333333335,19423098
2017-09-05,26.599999999999998,36205506
2017-09-06,26.69333333333333,25278399
2017-09-07,26.706666666666667,20462274
2017-09-08,26.293333333333333,29998806
2017-09-11,26.36,21000741
2017-09-12,26.536666666666665,18014973
2017-09-13,26.62,26471262
2017-09-14,26.560000000000002,20818017
2017-09-15,26.793333333333333,39953310
2017-09-18,26.666666666666668,24528225
2017-09-19,26.683333333333334,18523092
2017-09-20,26.833333333333332,15954597
2017-09-21,26.67,19290786
2017-09-22,26.51,17265801
2017-09-25,26.383333333333336,25643448
2017-09-26,26.463333333333335,17506011
2017-09-27,26.430000000000003,18943887
2017-09-28,26.316666666666666,37118511
2017-09-29,26.046666666666667,31060113
2017-10-02,26.150000000000002,23127681
2017-10-03,26.406666666666666,23810247
2017-10-04,26.363333333333333,18520146
2017-10-05,26.47,15416028
2017-10-06,26.333333333333332,18739983
2017-10-09,26.843333333333334,40479171
2017-10-10,28.043333333333333,75371961
2017-10-11,28.576666666666668,55683069
2017-10-12,28.7,38630997
2017-10-13,28.873333333333335,28167174
2017-10-16,28.58,27901005
2017-10-17,28.66,17554653
2017-10-18,28.74,16416279
2017-10-19,28.8,21086895
2017-10-20,29.146666666666665,22853280
2017-10-23,29.55,31758129
2017-10-24,29.326666666666668,23102637
2017-10-25,29.493333333333336,19224027
2017-10-26,29.540000000000003,19454841
2017-10-27,29.39,19851018
2017-10-30,28.983333333333334,21156000
2017-10-31,29.103333333333335,18020817
2017-11-01,29.313333333333333,18528255
2017-11-02,29.599999999999998,15549282
2017-11-03,29.893333333333334,19536195
2017-11-06,29.566666666666666,15772350
2017-11-07,29.650000000000002,16048008
2017-11-08,30.08666666666667,20302647
2017-11-09,30.099999999999998,20713389
2017-11-10,30.30666666666667,22943424
2017-11-13,30.33,25474725
2017-11-14,30.363333333333333,29502426
2017-11-15,29.94333333333333,25300338
2017-11-16,33.20666666666667,114367266
2017-11-17,32.49,70726608
2017-11-20,32.49333333333333,49183020
2017-11-21,32.17333333333333,38239533
2017-11-22,32.13666666666666,26754765
2017-11-24,32.20666666666667,13488363
2017-11-27,32.20666666666667,26714694
2017-11-28,32.25666666666667,26128959
2017-11-29,32.52,34272045
2017-11-30,32.410000000000004,38564076
2017-12-01,32.449999999999996,24888618
2017-12-04,32.336666666666666,26869596
2017-12-05,32.61,27030228
2017-12-06,32.42666666666667,21422979
2017-12-07,32.26,22507827
2017-12-08,32.18333333333333,17463198
2017-12-11,32.31,26786781
2017-12-12,32.233333333333334,23431947
2017-12-13,32.586666666666666,23638170
2017-12-14,32.376666666666665,28157334
2017-12-15,32.37,48428412
2017-12-18,32.63333333333333,23893329
2017-12-19,32.93333333333333,36036540
2017-12-20,32.916666666666664,32189445
2017-12-21,32.68666666666667,22107405
2017-12-22,32.736666666666665,16436061
2017-12-26,33.053333333333335,12887685
2017-12-27,33.086666666666666,15422394
2017-12-28,33.13333333333333,29291835
2017-12-29,32.916666666666664,21432840
2018-01-02,32.86333333333334,30451500
2018-01-03,33.15,26710752
2018-01-04,33.18,20491239
2018-01-05,33.376666666666665,21851991
2018-01-08,33.87,26531640
2018-01-09,33.46333333333333,21938253
2018-01-10,33.223333333333336,23791281
2018-01-11,33.339999999999996,19613064
2018-01-12,33.623333333333335,20853552
2018-01-16,33.56333333333333,21512124
2018-01-17,34.233333333333334,26045856
2018-01-18,34.766666666666666,36923634
2018-01-19,34.86333333333334,25135764
2018-01-22,35.15,21924825
2018-01-23,35.300000000000004,24863466
2018-01-24,35.263333333333335,20469342
2018-01-25,35.53333333333333,17571423
2018-01-26,36.13,20358933
2018-01-29,36.516666666666666,25065636
2018-01-30,35.910000000000004,27541458
2018-01-31,35.53333333333333,29438535
2018-02-01,35.17333333333333,19160526
2018-02-02,34.82666666666667,27759231
2018-02-05,33.36333333333334,37684818
2018-02-06,33.63333333333333,49241439
2018-02-07,34.28333333333333,33495702
2018-02-08,33.339999999999996,41925213
2018-02-09,33.123333333333335,42553869
2018-02-12,33.18333333333333,27405459
2018-02-13,33.660000000000004,19868325
2018-02-14,33.9,21922773
2018-02-15,34.410000000000004,22484778
2018-02-16,34.92666666666667,48192978
2018-02-20,31.37,156265581
2018-02-21,30.506666666666664,148511325
2018-02-22,30.923333333333332,61095006
2018-02-23,30.963333333333335,38374416
2018-02-26,31.040000000000003,44097876
2018-02-27,30.506666666666664,40128252
2018-02-28,30.003333333333334,42431127
2018-03-01,29.69333333333333,56728767
2018-03-02,29.59,57130158
2018-03-05,29.993333333333336,40149681
2018-03-06,29.686666666666667,33164079
2018-03-07,29.246666666666666,34359135
2018-03-08,29.30666666666667,28766055
2018-03-09,29.573333333333334,29263083
2018-03-12,29.356666666666666,25422102
2018-03-13,29.433333333333334,21518973
2018-03-14,29.223333333333333,33121791
2018-03-15,29.17,49845585
2018-03-16,29.723333333333333,85188060
2018-03-19,29.150000000000002,36160131
2018-03-20,29.316666666666666,24773874
2018-03-21,29.393333333333334,35508156
2018-03-22,29.046666666666667,36744543
2018-03-23,28.473333333333333,30375180
2018-03-26,29.166666666666668,27599349
2018-03-27,28.683333333333334,19637325
2018-03-28,29.256666666666664,34728798
2018-03-29,29.656666666666666,27823722
2018-04-02,28.516666666666666,57386736
2018-04-03,28.933333333333334,29086566
2018-04-04,29.073333333333334,19609752
2018-04-05,29.27,19142829
2018-04-06,28.896666666666665,19049877
2018-04-09,28.76,25104450
2018-04-10,28.816666666666666,29184696
2018-04-11,28.636666666666667,18836973
2018-04-12,28.47666666666667,20568978
2018-04-13,28.673333333333332,22677474
2018-04-16,28.94666666666667,21062040
2018-04-17,29.3,20405754
2018-04-18,29.189999999999998,17562135
2018-04-19,29.296666666666667,19765062
2018-04-20,28.993333333333336,24974682
2018-04-23,28.7,22081419
2018-04-24,28.843333333333334,25409172
2018-04-25,29.05666666666667,20281074
2018-04-26,29.313333333333333,17347659
2018-04-27,29.096666666666668,16953330
2018-04-30,29.486666666666665,26057652
2018-05-01,29.136666666666667,20872998
2018-05-02,28.78,18248898
2018-05-03,28.743333333333336,20628333
2018-05-04,29.176666666666666,20914455
2018-05-07,28.49,32350962
2018-05-08,28.58,19654335
2018-05-09,27.686666666666667,96795795
2018-05-10,27.563333333333333,47572986
2018-05-11,27.793333333333333,29804364
2018-05-14,28.13,28497750
2018-05-15,28.173333333333332,27968796
2018-05-16,28.709999999999997,41200920
2018-05-17,28.16333333333333,89162301
2018-05-18,27.88,36129447
2018-05-21,28.17,32147253
2018-05-22,27.790000000000003,24202071
2018-05-23,27.67,28197591
2018-05-24,27.616666666666664,25728708
2018-05-25,27.486666666666665,17740626
2018-05-29,27.46666666666667,25284516
2018-05-30,28.040000000000003,27942327
2018-05-31,27.513333333333335,34406157
2018-06-01,27.66333333333333,15713607
2018-06-04,28.473333333333333,32765928
2018-06-05,28.206666666666667,24844281
2018-06-06,28.186666666666667,22088442
2018-06-07,28.316666666666666,23117151
2018-06-08,28.12,22807254
2018-06-11,28.099999999999998,18756840
2018-06-12,28.03333333333333,24185154
2018-06-13,28.03,19075278
2018-06-14,27.930000000000003,22552302
2018-06-15,27.900000000000002,37509036
2018-06-18,27.666666666666668,25507038
2018-06-19,27.87,28057581
2018-06-20,27.87,23899758
2018-06-21,28.069999999999997,24276021
2018-06-22,28.27333333333333,33017382
2018-06-25,28.823333333333334,47818488
2018-06-26,28.66,30378495
2018-06-27,28.963333333333335,30898986
2018-06-28,28.62,25400919
2018-06-29,28.55,24781011
2018-07-02,28.0,24375468
2018-07-03,28.146666666666665,13188726
2018-07-05,28.189999999999998,16102488
2018-07-06,28.17,16870797
2018-07-09,28.643333333333334,19726296
2018-07-10,29.069999999999997,18145236
2018-07-11,28.843333333333334,16787673
2018-07-12,28.84,14667018
2018-07-13,29.233333333333334,19183347
2018-07-16,29.213333333333335,13341669
2018-07-17,29.396666666666665,17734602
2018-07-18,29.356666666666666,15136608
2018-07-19,29.24,14649291
2018-07-20,29.353333333333335,14465202
2018-07-23,29.209999999999997,12449874
2018-07-24,29.319999999999997,16768524
2018-07-25,29.3,17388873
2018-07-26,29.41,19645290
2018-07-27,29.376666666666665,14039025
2018-07-30,29.626666666666665,18032235
2018-07-31,29.743333333333336,20125578
2018-08-01,29.41333333333333,15149865
2018-08-02,29.58666666666667,12919074
2018-08-03,29.866666666666664,17241600
2018-08-06,29.89,13954902
2018-08-07,29.923333333333332,13580019
2018-08-08,30.016666666666666,15125703
2018-08-09,29.67,14183625
2018-08-10,30.060000000000002,24734583
2018-08-13,29.88,17638938
2018-08-14,30.28333333333333,17510433
2018-08-15,30.073333333333334,25850724
2018-08-16,32.88,127893939
2018-08-17,32.61666666666667,49390059
2018-08-20,32.0,38037915
2018-08-21,32.026666666666664,31593837
2018-08-22,31.89,23297034
2018-08-23,31.72666666666667,18289161
2018-08-24,31.650000000000002,25783566
2018-08-27,31.513333333333335,21120795
2018-08-28,32.02333333333333,29949033
2018-08-29,31.88,23588526
2018-08-30,32.03333333333333,21176175
2018-08-31,31.953333333333333,18974457
2018-09-04,31.786666666666665,24842247
2018-09-05,32.20666666666667,28423851
2018-09-06,32.15,18452499
2018-09-07,31.94333333333333,20017365
2018-09-10,32.300000000000004,24997839
2018-09-11,32.21333333333333,19390623
2018-09-12,31.99,17700096
2018-09-13,31.706666666666667,22958784
2018-09-14,31.53,18958167
2018-09-17,31.606666666666666,15989472
2018-09-18,31.810000000000002,20280474
2018-09-19,31.746666666666666,17025420
2018-09-20,31.916666666666668,16657011
2018-09-21,31.96666666666667,28590426
2018-09-24,31.64,16010958
2018-09-25,31.7,18579690
2018-09-26,31.53,17755833
2018-09-27,31.376666666666665,16090353
2018-09-28,31.30333333333333,18918840
2018-10-01,31.46666666666667,14986410
2018-10-02,31.71666666666667,23263671
2018-10-03,31.356666666666666,18982188
2018-10-04,31.403333333333332,18135795
2018-10-05,31.103333333333335,20080326
2018-10-08,31.563333333333333,17288322
2018-10-09,32.36,34796709
2018-10-10,31.92,27008520
2018-10-11,31.30666666666667,29779674
2018-10-12,31.603333333333335,25661865
2018-10-15,31.27333333333333,24916521
2018-10-16,31.936666666666667,33725133
2018-10-17,32.18666666666667,28618185
2018-10-18,32.056666666666665,34195152
2018-10-19,32.38333333333333,26852196
2018-10-22,32.38,21368592
2018-10-23,32.6,28217499
2018-10-24,32.52,31094166
2018-10-25,33.06,32211252
2018-10-26,32.98,44776695
2018-10-29,33.266666666666666,38118375
2018-10-30,34.14,38125608
2018-10-31,33.42666666666667,37064766
2018-11-01,33.526666666666664,23205240
2018-11-02,33.78,21909648
2018-11-05,34.303333333333335,22850496
2018-11-06,34.443333333333335,19106094
2018-11-07,34.77333333333333,26017842
2018-11-08,34.96,17884281
2018-11-09,35.18666666666667,25351089
2018-11-12,34.623333333333335,26829267
2018-11-13,34.31333333333333,23870085
2018-11-14,33.843333333333334,31445631
2018-11-15,33.18,48247815
2018-11-16,32.56333333333333,42705735
2018-11-19,32.26,27643149
2018-11-20,31.386666666666667,37861710
2018-11-21,31.39,28052862
2018-11-23,31.7,14669892
2018-11-26,31.71666666666667,30103830
2018-11-27,31.680000000000003,27126864
2018-11-28,32.486666666666665,30212379
2018-11-29,32.43,18724026
2018-11-30,32.550000000000004,31992123
2018-12-03,32.916666666666664,27245490
2018-12-04,31.936666666666667,31278897
2018-12-06,31.59,31101480
2018-12-07,31.063333333333333,25489425
2018-12-10,31.313333333333333,21830736
2018-12-11,31.28333333333333,19357929
2018-12-12,31.036666666666665,28917705
2018-12-13,30.986666666666665,24126840
2018-12-14,30.616666666666664,34481541
2018-12-17,30.256666666666664,27005295
2018-12-18,30.36,28820274
2018-12-19,30.183333333333334,36695220
2018-12-20,29.093333333333334,49121550
2018-12-21,29.043333333333333,44764683
2018-12-24,28.606666666666666,18330948
2018-12-26,30.136666666666667,30084906
2018-12-27,30.53,29644545
2018-12-28,30.709999999999997,29621946
2018-12-31,31.05,21018099
2019-01-02,31.113333333333333,24458223
2019-01-03,30.953333333333333,24831891
2019-01-04,31.146666666666665,24087456
2019-01-07,31.513333333333335,23369124
2019-01-08,31.733333333333334,21602757
2019-01-09,31.63,18816897
2019-01-10,31.653333333333332,28188840
2019-01-11,31.613333333333333,16183791
2019-01-14,31.650000000000002,21255303
2019-01-15,32.083333333333336,21174711
2019-01-16,32.11666666666667,16229865
2019-01-17,32.24666666666666,16843482
2019-01-18,32.57666666666667,18361947
2019-01-22,32.49666666666666,24189630
2019-01-23,32.90333333333333,25037274
2019-01-24,32.78666666666667,22829259
2019-01-25,32.31333333333333,21666288
2019-01-28,32.35333333333333,17627358
2019-01-29,32.236666666666665,15760125
2019-01-30,31.599999999999998,35548044
2019-01-31,31.94333333333333,44169006
2019-02-01,31.286666666666665,37775802
2019-02-04,31.59,21805908
2019-02-05,31.866666666666664,18299589
2019-02-06,31.88,12794577
2019-02-07,32.24333333333333,21031125
2019-02-08,31.86,18507558
2019-02-11,32.06666666666667,16628298
2019-02-12,32.32333333333333,17643771
2019-02-13,32.64666666666667,16375611
2019-02-14,32.839999999999996,21602304
2019-02-15,33.33,28442976
2019-02-19,34.06666666666667,62091816
2019-02-20,33.29333333333333,52895421
2019-02-21,33.13,19239507
2019-02-22,33.18333333333333,24260862
2019-02-25,33.04,27704937
2019-02-26,32.89666666666667,25464288
2019-02-27,32.70333333333333,23706942
2019-02-28,32.99666666666666,34127814
2019-03-01,32.64333333333334,31057443
2019-03-04,32.61666666666667,23051532
2019-03-05,32.78,18358578
2019-03-06,32.75333333333334,14090070
2019-03-07,32.483333333333334,18379692
2019-03-08,32.53,16978047
2019-03-11,32.82666666666667,16035780
2019-03-12,32.79,15212322
2019-03-13,33.01,16446816
2019-03-14,32.74,14778372
2019-03-15,32.806666666666665,43800177
2019-03-18,33.22,17310378
2019-03-19,33.28333333333333,16243296
2019-03-20,32.88,18969384
2019-03-21,33.02,19652946
2019-03-22,32.76,20124411
2019-03-25,32.723333333333336,16222290
2019-03-26,32.77333333333333,14838879
2019-03-27,32.40333333333333,25413540
2019-03-28,32.376666666666665,24162996
2019-03-29,32.51,22319718
2019-04-01,32.60666666666666,25517292
2019-04-02,32.31333333333333,18822144
2019-04-03,32.39666666666667,17062443
2019-04-04,32.70333333333333,12078816
2019-04-05,32.943333333333335,13969284
2019-04-08,33.07666666666667,16267281
2019-04-09,32.89666666666667,13102617
2019-04-10,33.199999999999996,12273396
2019-04-11,33.6,16820598
2019-04-12,33.85333333333333,15486021
2019-04-15,34.14333333333334,15336492
2019-04-16,34.31,14485185
2019-04-17,34.38666666666666,11187654
2019-04-18,34.39333333333334,11183820
2019-04-22,34.123333333333335,15238353
2019-04-23,34.35666666666666,15152535
2019-04-24,34.51,14093439
2019-04-25,34.50666666666667,11883183
2019-04-26,33.843333333333334,24323904
2019-04-29,33.85333333333333,19140033
2019-04-30,34.28,18401226
2019-05-01,33.78666666666667,16011636
2019-05-02,33.71666666666667,15020934
2019-05-03,34.026666666666664,15951798
2019-05-06,34.15333333333333,13841022
2019-05-07,33.766666666666666,13726722
2019-05-08,33.43333333333333,17646063
2019-05-09,33.18,18720621
2019-05-10,33.97,26228106
2019-05-13,33.29666666666667,22084656
2019-05-14,33.43,19061106
2019-05-15,33.29333333333333,20221014
2019-05-16,33.77,51365994
2019-05-17,33.62,37113894
2019-05-20,33.839999999999996,21583356
2019-05-21,33.70666666666667,20667306
2019-05-22,34.07666666666667,22022646
2019-05-23,33.95333333333333,19363845
2019-05-24,34.223333333333336,13449513
2019-05-28,34.14,30815619
2019-05-29,34.04,19560705
2019-05-30,34.06333333333333,15058944
2019-05-31,33.81333333333333,17782467
2019-06-03,33.986666666666665,19844508
2019-06-04,34.18666666666667,17895036
2019-06-05,34.806666666666665,20708652
2019-06-06,35.03666666666667,24191199
2019-06-07,35.35333333333333,20428149
2019-06-10,35.839999999999996,18976974
2019-06-11,35.98,20241801
2019-06-12,36.27333333333333,13905237
2019-06-13,36.21666666666667,16454919
2019-06-14,36.35666666666666,13577661
2019-06-17,36.38666666666666,12441000
2019-06-18,36.550000000000004,14733510
2019-06-19,36.54,11774427
2019-06-20,36.77333333333333,15004644
2019-06-21,37.04333333333333,39535764
2019-06-24,37.08,18098529
2019-06-25,36.906666666666666,18316182
2019-06-26,36.72,12485115
2019-06-27,36.699999999999996,16443945
2019-06-28,36.83,19521090
2019-07-01,36.873333333333335,16548264
2019-07-02,37.199999999999996,12189639
2019-07-03,37.44,9621939
2019-07-05,37.32666666666667,10738260
2019-07-08,37.57333333333333,14146986
2019-07-09,37.626666666666665,16271112
2019-07-10,37.660000000000004,13737087
2019-07-11,37.973333333333336,11689716
2019-07-12,38.199999999999996,11230005
2019-07-15,38.32666666666667,10038237
2019-07-16,38.25333333333334,10464501
2019-07-17,38.199999999999996,8066088
2019-07-18,38.24,9674403
2019-07-19,37.96666666666667,11389491
2019-07-22,37.60666666666666,13562484
2019-07-23,37.36333333333334,17262903
2019-07-24,37.333333333333336,12532338
2019-07-25,37.406666666666666,11554635
2019-07-26,37.67333333333333,14187147
2019-07-29,37.42333333333333,11239794
2019-07-30,37.35333333333333,9105597
2019-07-31,36.79333333333333,18633849
2019-08-01,36.46,22364922
2019-08-02,36.46666666666667,16970142
2019-08-05,35.27333333333333,22709937
2019-08-06,35.75666666666667,21049305
2019-08-07,36.06666666666667,21835461
2019-08-08,36.17333333333333,13124334
2019-08-09,35.76,12580506
2019-08-12,35.07333333333333,17605119
2019-08-13,35.803333333333335,20168472
2019-08-14,35.4,27938481
2019-08-15,37.56333333333333,59438739
2019-08-16,37.663333333333334,32895672
2019-08-19,37.93666666666667,21535410
2019-08-20,37.35,18342381
2019-08-21,37.339999999999996,24472419
2019-08-22,37.303333333333335,17986476
2019-08-23,36.943333333333335,18711771
2019-08-26,37.33,17810253
2019-08-27,37.473333333333336,17201502
2019-08-28,37.57333333333333,16131204
2019-08-29,38.026666666666664,15811512
2019-08-30,38.086666666666666,17118381
2019-09-03,38.21333333333333,17827989
2019-09-04,38.63666666666666,17391777
2019-09-05,38.48,17481867
2019-09-06,38.24333333333333,13039200
2019-09-09,38.776666666666664,17922039
2019-09-10,38.68333333333333,14572272
2019-09-11,38.67333333333333,15852384
2019-09-12,38.973333333333336,13422942
2019-09-13,39.14333333333334,16915920
2019-09-16,38.52333333333333,18270927
2019-09-17,38.836666666666666,14330853
2019-09-18,39.053333333333335,12347253
2019-09-19,39.03666666666667,10187463
2019-09-20,38.99333333333333,34763004
2019-09-23,39.20666666666667,17718864
2019-09-24,39.46666666666667,23124654
2019-09-25,39.49,16019376
2019-09-26,39.43333333333333,11974242
2019-09-27,39.483333333333334,10306677
2019-09-30,39.56,10811748
2019-10-01,39.28333333333333,11224092
2019-10-02,38.70666666666667,18025590
2019-10-03,38.77,16108407
2019-10-04,39.38666666666666,14607915
2019-10-07,39.07666666666667,14259393
2019-10-08,39.193333333333335,16639320
2019-10-09,39.64333333333334,11802282
2019-10-10,39.87,13313403
2019-10-11,40.08,18449553
2019-10-14,39.723333333333336,13804593
2019-10-15,39.843333333333334,16155531
2019-10-16,39.806666666666665,12432837
2019-10-17,39.946666666666665,11882319
2019-10-18,39.71333333333333,16778682
2019-10-21,39.913333333333334,10417548
2019-10-22,39.86,7789554
2019-10-23,39.78333333333333,8606655
2019-10-24,39.699999999999996,8767827
2019-10-25,39.68,7692978
2019-10-28,39.74,10213698
2019-10-29,39.050000000000004,14373309
2019-10-30,39.36666666666667,8988618
2019-10-31,39.086666666666666,14643819
2019-11-01,39.20666666666667,11287821
2019-11-04,39.19,13938135
2019-11-05,39.62,12651309
2019-11-06,39.833333333333336,10843281
2019-11-07,40.07666666666667,13324083
2019-11-08,39.81333333333333,11501196
2019-11-11,39.68,13323441
2019-11-12,39.70666666666667,15206409
2019-11-13,40.32666666666667,24140469
2019-11-14,40.21666666666667,67534104
2019-11-15,39.623333333333335,30439551
2019-11-18,40.083333333333336,19648917
2019-11-19,39.96333333333333,11148687
2019-11-20,39.71,15233283
2019-11-21,39.95333333333333,12908547
2019-11-22,39.78666666666667,11530563
2019-11-25,39.64,17653452
2019-11-26,39.73,18880155
2019-11-27,39.586666666666666,10320726
2019-11-29,39.696666666666665,9471957
2019-12-02,39.76,17037048
2019-12-03,39.556666666666665,20282145
2019-12-04,39.56333333333333,16672563
2019-12-05,39.553333333333335,13059333
2019-12-06,39.92666666666667,13027500
2019-12-09,39.78666666666667,14506434
2019-12-10,39.71333333333333,12847986
2019-12-11,39.666666666666664,10519863
2019-12-12,39.92,12456342
2019-12-13,40.09666666666667,16099638
2019-12-16,40.18,16056249
2019-12-17,40.42666666666667,13727814
2019-12-18,39.95333333333333,15314967
2019-12-19,40.026666666666664,13392933
2019-12-20,40.09666666666667,23863674
2019-12-23,39.67666666666667,13458837
2019-12-24,39.836666666666666,6682275
2019-12-26,39.839999999999996,12684231
2019-12-27,39.86333333333334,10637433
2019-12-30,39.800000000000004,8837745
2019-12-31,39.61333333333334,14746743
2020-01-02,39.64666666666667,19978983
2020-01-03,39.29666666666667,16203513
2020-01-06,39.21666666666667,19339653
2020-01-07,38.85333333333333,20610159
2020-01-08,38.72,17641464
2020-01-09,39.12,16696911
2020-01-10,38.79333333333333,18166122
2020-01-13,38.626666666666665,18342312
2020-01-14,38.72666666666667,19761981
2020-01-15,38.42666666666667,22362549
2020-01-16,38.63333333333333,16108305
2020-01-17,38.32,30135057
2020-01-21,38.53,22061055
2020-01-22,38.699999999999996,14779167
2020-01-23,38.60333333333333,12915534
2020-01-24,38.123333333333335,13150296
2020-01-27,38.62,21055239
2020-01-28,38.86666666666667,15810921
2020-01-29,38.63,11333010
2020-01-30,38.86,13744788
2020-01-31,38.163333333333334,23327382
2020-02-03,38.089999999999996,13055598
2020-02-04,38.42333333333333,15696681
2020-02-05,38.93666666666667,17048673
2020-02-06,38.77,16058781
2020-02-07,38.81666666666667,11069925
2020-02-10,38.416666666666664,18434622
2020-02-11,38.46666666666667,17391618
2020-02-12,38.61666666666667,14206665
2020-02-13,39.14666666666667,15999576
2020-02-14,39.29666666666667,24391968
2020-02-18,39.876666666666665,34548396
2020-02-19,39.22666666666667,21563334
2020-02-20,39.23,15069996
2020-02-21,39.526666666666664,18727596
2020-02-24,38.77333333333333,19848132
2020-02-25,38.13,23293050
2020-02-26,37.92666666666667,20021148
2020-02-27,36.800000000000004,28476816
2020-02-28,35.89333333333334,52512279
2020-03-02,38.626666666666665,51222768
2020-03-03,37.63666666666666,33340965
2020-03-04,38.92333333333333,24625290
2020-03-05,38.64,25639539
2020-03-06,39.07666666666667,29411160
2020-03-09,39.053333333333335,59243586
2020-03-10,39.93,37797222
2020-03-11,38.14333333333334,31629033
2020-03-12,34.68333333333333,56323392
2020-03-13,38.03333333333333,42962166
2020-03-16,35.586666666666666,36753930
2020-03-17,39.75333333333334,52806141
2020-03-18,40.86,77355903
2020-03-19,39.81666666666667,57100494
2020-03-20,37.99,55423608
2020-03-23,38.093333333333334,39365922
2020-03-24,38.343333333333334,42705177
2020-03-25,36.46666666666667,53287554
2020-03-26,36.60666666666666,58294029
2020-03-27,36.526666666666664,36160395
2020-03-30,38.39666666666667,29212647
2020-03-31,37.873333333333335,26271564
2020-04-01,38.04666666666667,28269540
2020-04-02,39.550000000000004,29515500
2020-04-03,39.82666666666667,28625016
2020-04-06,42.02333333333333,47768739
2020-04-07,40.663333333333334,41369757
2020-04-08,40.61333333333334,27876561
2020-04-09,40.6,32833227
2020-04-13,41.766666666666666,24194013
2020-04-14,43.0,34098957
2020-04-15,42.919999999999995,22435314
2020-04-16,44.11000000000001,31882374
2020-04-17,44.04,30915303
2020-04-20,43.28333333333333,24401847
2020-04-21,43.07,27900744
2020-04-22,43.86333333333334,19455126
2020-04-23,42.843333333333334,28839918
2020-04-24,43.14666666666667,17348298
2020-04-27,42.76666666666667,17923830
2020-04-28,42.666666666666664,20732100
2020-04-29,41.199999999999996,44612016
2020-04-30,40.516666666666666,40497819
2020-05-01,40.973333333333336,31144065
2020-05-04,41.233333333333334,17807652
2020-05-05,41.57666666666667,19337268
2020-05-06,41.1,17309190
2020-05-07,40.63,27348567
2020-05-08,40.98,20833074
2020-05-11,41.223333333333336,25341939
2020-05-12,41.26,19100193
2020-05-13,41.236666666666665,29175192
2020-05-14,41.14,22233039
2020-05-15,41.98,31770159
2020-05-18,42.553333333333335,39107751
2020-05-19,41.65,74746392
2020-05-20,41.81666666666667,32246436
2020-05-21,41.663333333333334,22448241
2020-05-22,41.443333333333335,22359507
2020-05-26,41.28666666666667,23730567
2020-05-27,40.82666666666667,31073715
2020-05-28,41.23,24437943
2020-05-29,41.35333333333333,29317320
2020-06-01,41.32,20567274
2020-06-02,41.31333333333333,19187823
2020-06-03,41.156666666666666,20263017
2020-06-04,40.70333333333333,24014913
2020-06-05,40.52,39337206
2020-06-08,40.413333333333334,28344219
2020-06-09,40.449999999999996,20746329
2020-06-10,40.38666666666666,28141674
2020-06-11,40.03,34162971
2020-06-12,39.24666666666666,32359362
2020-06-15,39.36,32703195
2020-06-16,39.88333333333333,25185654
2020-06-17,39.67666666666667,20167029
2020-06-18,39.33,20069940
2020-06-19,39.949999999999996,40028793
2020-06-22,40.56,27338568
2020-06-23,40.35666666666666,19727763
2020-06-24,40.1,20614848
2020-06-25,39.90333333333333,20569863
2020-06-26,39.44,26991534
2020-06-29,39.68666666666667,16511367
2020-06-30,39.92666666666667,20509092
2020-07-01,39.89666666666667,19733781
2020-07-02,39.736666666666665,17695692
2020-07-06,39.63,21695013
2020-07-07,42.31666666666667,93458121
2020-07-08,41.48,52217166
2020-07-09,42.583333333333336,42771756
2020-07-10,43.56,44236920
2020-07-13,43.17333333333334,42338376
2020-07-14,44.00333333333333,26455689
2020-07-15,44.0,31731399
2020-07-16,44.06666666666666,17676510
2020-07-17,43.913333333333334,18189525
2020-07-20,43.82333333333333,18342567
2020-07-21,44.11000000000001,21721224
2020-07-22,44.22,16164546
2020-07-23,43.879999999999995,16796271
2020-07-24,43.74666666666667,13037361
2020-07-27,43.73666666666667,14045562
2020-07-28,43.919999999999995,14414175
2020-07-29,43.56333333333333,14223339
2020-07-30,43.373333333333335,13788375
2020-07-31,43.13333333333333,21634626
2020-08-03,43.1,14976276
2020-08-04,43.879999999999995,18219693
2020-08-05,43.27,25510743
2020-08-06,43.11666666666667,14496432
2020-08-07,43.32333333333333,16558476
2020-08-10,43.96,17683077
2020-08-11,43.4,25360089
2020-08-12,43.96333333333333,19116354
2020-08-13,43.949999999999996,19867350
2020-08-14,44.199999999999996,20106279
2020-08-17,45.199999999999996,39465030
2020-08-18,44.903333333333336,80232609
2020-08-19,44.13666666666666,38155239
2020-08-20,43.52333333333333,26810670
2020-08-21,43.876666666666665,24864006
2020-08-24,43.77666666666667,19813668
2020-08-25,43.54333333333333,21722478
2020-08-26,43.56666666666666,18814686
2020-08-27,45.54333333333333,119018844
2020-08-28,46.76666666666667,64051002
2020-08-31,46.28333333333333,45236376
2020-09-01,49.196666666666665,107124726
2020-09-02,49.22666666666667,51666015
2020-09-03,48.18,48015057
2020-09-04,47.61000000000001,33982122
2020-09-08,46.15,33966786
2020-09-09,46.629999999999995,33669135
2020-09-10,45.60333333333333,33709284
2020-09-11,45.56666666666666,28879758
2020-09-14,45.77333333333333,45733983
2020-09-15,45.78666666666667,30427896
2020-09-16,45.419999999999995,27877974
2020-09-17,45.56333333333333,37245114
2020-09-18,45.096666666666664,54709113
2020-09-21,45.69,47275548
2020-09-22,46.10333333333333,33102087
2020-09-23,45.330000000000005,23133345
2020-09-24,45.56666666666666,29453109
2020-09-25,45.75666666666667,22618809
2020-09-28,45.75,21196998
2020-09-29,45.71333333333333,27722751
2020-09-30,46.63666666666666,34826484
2020-10-01,47.693333333333335,43291041
2020-10-02,46.833333333333336,24584946
2020-10-05,47.26666666666667,14259129
2020-10-06,46.876666666666665,21475464
2020-10-07,46.96333333333333,16949211
2020-10-08,47.120000000000005,14676882
2020-10-09,47.593333333333334,14494818
2020-10-12,48.083333333333336,18402465
2020-10-13,48.74333333333333,23800368
2020-10-14,47.98,19722345
2020-10-15,48.17666666666667,13705437
2020-10-16,48.23666666666667,16942038
2020-10-19,47.65,14643222
2020-10-20,47.96666666666667,14529648
2020-10-21,48.13333333333333,13114293
2020-10-22,47.85,13354743
2020-10-23,47.949999999999996,10540476
2020-10-26,47.38666666666666,16111806
2020-10-27,47.623333333333335,11830962
2020-10-28,46.68,16849338
2020-10-29,46.63999999999999,15154059
2020-10-30,46.25,18608235
2020-11-02,46.800000000000004,16575669
2020-11-03,47.593333333333334,15413238
2020-11-04,47.32,17927496
2020-11-05,47.82333333333333,14202717
2020-11-06,48.59,16198479
2020-11-09,47.846666666666664,28198599
2020-11-10,48.52,18199350
2020-11-11,49.32666666666666,18805839
2020-11-12,49.41,12577005
2020-11-13,50.18,19811532
2020-11-16,50.81333333333333,34560444
2020-11-17,49.79,42711681
2020-11-18,49.696666666666665,24936891
2020-11-19,50.70666666666667,18590622
2020-11-20,50.080000000000005,21962586
2020-11-23,50.31,18557160
2020-11-24,50.45333333333334,17168784
2020-11-25,50.61000000000001,13833333
2020-11-27,50.53333333333333,10999590
2020-11-30,50.93,32695584
2020-12-01,50.879999999999995,22941294
2020-12-02,50.17333333333334,23547069
2020-12-03,49.76666666666667,25725873
2020-12-04,49.63666666666666,20889222
2020-12-07,49.370000000000005,18479232
2020-12-08,49.81666666666666,20716380
2020-12-09,49.42333333333334,20139711
2020-12-10,49.01333333333333,20652372
2020-12-11,49.0,16860801
2020-12-14,48.550000000000004,25087980
2020-12-15,48.52666666666667,31894530
2020-12-16,48.47666666666667,25651068
2020-12-17,48.699999999999996,30679401
2020-12-18,48.65,41384271
2020-12-21,48.656666666666666,25553028
2020-12-22,48.06666666666666,37662207
2020-12-23,47.74,20430468
2020-12-24,47.833333333333336,9054480
2020-12-28,48.406666666666666,19344993
2020-12-29,48.1,17938155
2020-12-30,48.06,18751173
2020-12-31,48.050000000000004,17814069
2021-01-04,48.843333333333334,32182272
2021-01-05,48.583333333333336,26497983
2021-01-06,48.88666666666666,21918927
2021-01-07,48.88333333333333,20537931
2021-01-08,48.876666666666665,24478224
2021-01-11,49.096666666666664,26347266
2021-01-12,49.656666666666666,23373450
2021-01-13,49.15,16069638
2021-01-14,48.99,23017119
2021-01-15,48.21333333333333,35920512
2021-01-19,47.79666666666666,24123483
2021-01-20,48.50333333333333,23775732
2021-01-21,48.28333333333333,14349867
2021-01-22,48.77666666666667,19219374
2021-01-25,48.73333333333333,19031181
2021-01-26,49.169999999999995,15031500
2021-01-27,47.946666666666665,29910369
2021-01-28,47.916666666666664,22301643
2021-01-29,46.830000000000005,32509146
2021-02-01,46.42333333333334,25945113
2021-02-02,46.92333333333334,27002391
2021-02-03,47.06666666666666,14966808
2021-02-04,47.51,17346282
2021-02-05,48.120000000000005,20451765
2021-02-08,48.343333333333334,15825366
2021-02-09,48.61000000000001,15907023
2021-02-10,48.04333333333333,18576975
2021-02-11,48.00666666666667,12791472
2021-02-12,48.156666666666666,13423605
2021-02-16,48.553333333333335,27891114
2021-02-17,49.06666666666666,26026719
2021-02-18,45.88666666666666,96927495
2021-02-19,46.11333333333334,36606012
2021-02-22,45.89666666666667,32106660
2021-02-23,45.156666666666666,31300221
2021-02-24,44.403333333333336,46565760
2021-02-25,43.98333333333333,33324729
2021-02-26,43.306666666666665,42470832
2021-03-01,43.79,34634577
2021-03-02,43.370000000000005,29230725
2021-03-03,42.53,41837322
2021-03-04,42.51,45347958
2021-03-05,43.04,34073622
2021-03-08,42.626666666666665,40988430
2021-03-09,42.96333333333333,31988679
2021-03-10,44.06,44929386
2021-03-11,44.04333333333333,35489697
2021-03-12,44.70666666666667,28437588
2021-03-15,44.47666666666667,25098099
2021-03-16,44.46333333333333,19880877
2021-03-17,44.093333333333334,24156204
2021-03-18,43.336666666666666,29815440
2021-03-19,43.913333333333334,57703620
2021-03-22,44.123333333333335,24653874
2021-03-23,44.64666666666667,29154813
2021-03-24,44.370000000000005,23547453
2021-03-25,44.669999999999995,28126029
2021-03-26,45.04333333333333,28653531
2021-03-29,45.556666666666665,30146541
2021-03-30,45.24666666666667,27230205
2021-03-31,45.27666666666667,24546060
2021-04-01,45.20666666666667,25595178
2021-04-05,46.47666666666667,40043205
2021-04-06,46.699999999999996,31044720
2021-04-07,46.6,20361594
2021-04-08,46.57,19095477
2021-04-09,46.593333333333334,20676501
2021-04-12,46.6,18723141
2021-04-13,46.45666666666667,17398008
2021-04-14,46.44,21924513
2021-04-15,46.72,21710352
2021-04-16,46.870000000000005,26488407
2021-04-19,46.57,19280991
2021-04-20,46.93,24452001
2021-04-21,47.06666666666666,17335104
2021-04-22,46.556666666666665,19705131
2021-04-23,46.63333333333333,22984017
2021-04-26,45.97,22846254
2021-04-27,46.126666666666665,16151454
2021-04-28,45.96333333333333,14286600
2021-04-29,46.54333333333333,19595976
2021-04-30,46.63666666666666,19680039
2021-05-03,47.373333333333335,27139632
2021-05-04,46.906666666666666,19084089
2021-05-05,46.86666666666667,18350937
2021-05-06,47.01666666666667,16301871
2021-05-07,46.73333333333333,23408436
2021-05-10,46.94,26307759
2021-05-11,46.51666666666667,26464161
2021-05-12,45.31333333333333,25998456
2021-05-13,46.080000000000005,21480180
2021-05-14,46.50666666666667,16091700
2021-05-17,46.29666666666666,19675773
2021-05-18,47.303333333333335,58183734
2021-05-19,47.306666666666665,34874793
2021-05-20,47.47333333333333,30540783
2021-05-21,47.25,22927476
2021-05-24,47.25333333333333,18945966
2021-05-25,47.446666666666665,21505113
2021-05-26,47.38999999999999,19294128
2021-05-27,47.23,56576958
2021-05-28,47.343333333333334,21189930
2021-06-01,47.22,20767644
2021-06-02,47.11666666666667,23298000
2021-06-03,47.199999999999996,18374490
2021-06-04,47.28333333333333,13635828
2021-06-07,46.96666666666667,16630899
2021-06-08,46.61000000000001,20120586
2021-06-09,46.36000000000001,17085396
2021-06-10,46.626666666666665,16378392
2021-06-11,46.916666666666664,25232496
2021-06-14,46.85333333333333,15140703
2021-06-15,46.666666666666664,19327194
2021-06-16,45.71666666666667,28795056
2021-06-17,45.906666666666666,19341855
2021-06-18,45.056666666666665,44812773
2021-06-21,45.46666666666667,20775087
2021-06-22,45.67666666666667,19106880
2021-06-23,45.32,19390569
2021-06-24,45.63666666666666,23443980
2021-06-25,46.17666666666667,28640835
2021-06-28,46.03333333333333,15549081
2021-06-29,45.76666666666667,35962488
2021-06-30,47.00666666666667,45511098
2021-07-01,46.44,26348574
2021-07-02,46.70333333333334,26287731
2021-07-06,46.64666666666667,18279192
2021-07-07,46.57,25607481
2021-07-08,46.53,21267162
2021-07-09,46.76666666666667,15185304
2021-07-12,46.68333333333334,19514946
2021-07-13,46.86000000000001,18947622
2021-07-14,47.18333333333334,18812031
2021-07-15,47.22,17974851
2021-07-16,47.18666666666667,18095433
2021-07-19,47.07666666666666,27383187
2021-07-20,47.29,19020318
2021-07-21,47.056666666666665,18591915
2021-07-22,47.09,13013307
2021-07-23,47.47666666666667,15947523
2021-07-26,47.54333333333333,18517353
2021-07-27,47.54666666666666,15395730
2021-07-28,47.35333333333333,14071473
2021-07-29,47.413333333333334,11063076
2021-07-30,47.51666666666667,16332198
2021-08-02,47.406666666666666,19958541
2021-08-03,47.94,18915372
2021-08-04,47.61333333333334,15301599
2021-08-05,48.49666666666667,27005469
2021-08-06,48.41,19263708
2021-08-09,48.52666666666667,15811788
2021-08-10,49.56,38262171
2021-08-11,50.00333333333333,41455719
2021-08-12,49.68666666666667,18277290
2021-08-13,49.843333333333334,15981225
2021-08-16,50.25,47926989
2021-08-17,50.23333333333333,50950134
2021-08-18,49.699999999999996,28211862
2021-08-19,50.03666666666667,22630392
2021-08-20,50.48333333333333,19400406
2021-08-23,50.15,16166103
2021-08-24,49.63333333333333,18828837
2021-08-25,49.653333333333336,21921186
2021-08-26,49.11666666666667,23466873
2021-08-27,48.84,23088477
2021-08-30,49.23333333333333,16440651
2021-08-31,49.36666666666667,25078575
2021-09-01,49.26,19056696
2021-09-02,49.52,20022210
2021-09-03,49.75,17213724
2021-09-07,49.09,25355973
2021-09-08,49.153333333333336,19508370
2021-09-09,48.806666666666665,22328628
2021-09-10,48.629999999999995,15775218
2021-09-13,48.35333333333333,19529313
2021-09-14,48.1,16533765
2021-09-15,48.18333333333334,14849970
2021-09-16,48.343333333333334,18428286
2021-09-17,48.24333333333333,73039191
2021-09-20,47.580000000000005,25054425
2021-09-21,47.67333333333334,17437485
2021-09-22,47.56333333333333,15044544
2021-09-23,47.59,15585435
2021-09-24,47.72333333333333,13360632
2021-09-27,47.416666666666664,21250683
2021-09-28,46.833333333333336,20580780
2021-09-29,46.81333333333333,21375510
2021-09-30,46.46,22470726
2021-10-01,45.68333333333334,30014571
2021-10-04,45.24333333333333,29970279
2021-10-05,45.54,20597433
2021-10-06,45.873333333333335,19376682
2021-10-07,46.413333333333334,21068148
2021-10-08,46.553333333333335,13847295
2021-10-11,46.51,13048293
2021-10-12,46.46,15789312
2021-10-13,46.123333333333335,17944518
2021-10-14,46.623333333333335,19791630
2021-10-15,46.85,20737179
2021-10-18,47.22666666666667,19886916
2021-10-19,48.23,33444330
2021-10-20,48.666666666666664,17453613
2021-10-21,48.93666666666667,13954401
2021-10-22,49.446666666666665,21195747
2021-10-25,50.02,19288005
2021-10-26,49.583333333333336,17418729
2021-10-27,49.17666666666667,14565687
2021-10-28,49.48333333333333,12598425
2021-10-29,49.806666666666665,22022805
2021-11-01,49.93,12549486
2021-11-02,49.906666666666666,13639053
2021-11-03,50.06,14209605
2021-11-04,50.42666666666667,15149232
2021-11-05,50.07666666666666,15081897
2021-11-08,49.75666666666667,15373281
2021-11-09,49.93,15001788
2021-11-10,49.48,16803648
2021-11-11,49.5,13603161
2021-11-12,49.25333333333333,18313695
2021-11-15,48.97,28895991
2021-11-16,47.72333333333333,73986765
2021-11-17,47.31333333333333,33116247
2021-11-18,47.72,24407496
2021-11-19,47.46333333333333,28142211
2021-11-22,48.26,29150391
2021-11-23,48.60333333333333,29917371
2021-11-24,48.846666666666664,18089358
2021-11-26,48.300000000000004,21039735
2021-11-29,47.54333333333333,33039549
2021-11-30,46.876666666666665,64819107
2021-12-01,45.71333333333333,36687168
2021-12-02,45.156666666666666,39805719
2021-12-03,45.836666666666666,44142639
2021-12-06,46.333333333333336,32589423
2021-12-07,46.18333333333334,37739034
2021-12-08,45.71666666666667,34496295
2021-12-09,46.166666666666664,32351736
2021-12-10,47.01,38575659
2021-12-13,47.85666666666666,54039417
2021-12-14,48.31333333333333,46721319
2021-12-15,48.59,33489951
2021-12-16,47.78,39069519
2021-12-17,46.25,78711897
2021-12-20,46.4,31017909
2021-12-21,46.54,24620460
2021-12-22,46.6,17027865
2021-12-23,46.49666666666667,17592663
2021-12-27,46.919999999999995,16053390
2021-12-28,47.593333333333334,15789063
2021-12-29,47.57,13045272
2021-12-30,47.72333333333333,14949003
2021-12-31,48.23,17947800
2022-01-03,48.21666666666667,20709804
2022-01-04,47.333333333333336,33930066
2022-01-05,47.97333333333333,35417946
2022-01-06,47.84,21828852
2022-01-07,48.29666666666666,19723608
2022-01-10,48.20333333333334,22731588
2022-01-11,48.06666666666666,21668736
2022-01-12,47.81333333333333,18946833
2022-01-13,48.49,24252618
2022-01-14,48.35333333333333,26867382
2022-01-18,47.50666666666667,21134775
2022-01-19,47.98,22674003
2022-01-20,47.07333333333333,22387146
2022-01-21,46.73,27508203
2022-01-24,46.73333333333333,28711401
2022-01-25,45.71666666666667,29479461
2022-01-26,45.25,26185515
2022-01-27,45.28,27783825
2022-01-28,45.84,25132047
2022-01-31,46.60333333333333,20193492
2022-02-01,46.97,20323116
2022-02-02,46.949999999999996,18149799
2022-02-03,46.99666666666667,20741220
2022-02-04,46.443333333333335,22036542
2022-02-07,45.98666666666667,20010378
2022-02-08,45.99666666666667,19458897
2022-02-09,45.89666666666667,21473790
2022-02-10,45.36000000000001,27810624
2022-02-11,45.11000000000001,23733426
2022-02-14,44.65,29363535
2022-02-15,44.79,21848568
2022-02-16,44.51,28490613
2022-02-17,46.29333333333333,53831589
2022-02-18,45.99666666666667,31103481
2022-02-22,45.48333333333333,25380951
2022-02-23,45.01666666666667,21030960
2022-02-24,44.843333333333334,31717476
2022-02-25,45.46,24997794
2022-02-28,45.053333333333335,26286705
2022-03-01,45.330000000000005,24025065
2022-03-02,45.38666666666666,23864274
2022-03-03,46.43,29885235
2022-03-04,47.60666666666666,35580699
2022-03-07,47.22333333333333,45870126
2022-03-08,46.24666666666667,28305555
2022-03-09,46.48666666666667,22122957
2022-03-10,47.54333333333333,27512814
2022-03-11,47.35666666666666,19162278
2022-03-14,48.01666666666667,22646316
2022-03-15,48.593333333333334,22872504
2022-03-16,48.449999999999996,24615981
2022-03-17,48.336666666666666,19023036
2022-03-18,48.48,31233459
2022-03-21,48.07666666666666,21350649
2022-03-22,47.93333333333334,20235141
2022-03-23,47.31666666666666,19625553
2022-03-24,47.61000000000001,13440897
2022-03-25,47.81666666666666,14088258
2022-03-28,48.666666666666664,20105661
2022-03-29,49.07666666666666,19934457
2022-03-30,49.95666666666667,24991596
2022-03-31,49.63999999999999,27163905
2022-04-01,50.336666666666666,20939817
2022-04-04,50.346666666666664,25337511
2022-04-05,50.49,18657825
2022-04-06,51.663333333333334,28018458
2022-04-07,52.18,27088089
2022-04-08,52.47,23294556
2022-04-11,51.43,24712779
2022-04-12,51.07666666666666,26761224
2022-04-13,52.406666666666666,29284623
2022-04-14,52.36000000000001,22360500
2022-04-18,51.96,14671827
2022-04-19,52.550000000000004,15854934
2022-04-20,53.21,19821531
2022-04-21,53.29,18168318
2022-04-22,52.28666666666667,21046338
2022-04-25,52.31333333333333,18057555
2022-04-26,51.76666666666667,19601049
2022-04-27,51.413333333333334,17496795
2022-04-28,52.07,14971041
2022-04-29,50.99666666666667,21088680
2022-05-02,50.66,20016021
2022-05-03,50.836666666666666,17951070
2022-05-04,51.54,20022687
2022-05-05,50.913333333333334,23234340
2022-05-06,49.85333333333333,34258107
2022-05-09,50.43666666666667,28207104
2022-05-10,49.72666666666667,24861342
2022-05-11,49.20666666666667,27878760
2022-05-12,49.16,25244547
2022-05-13,49.35,19962186
2022-05-16,49.403333333333336,21449016
2022-05-17,43.78333333333333,132940299
2022-05-18,40.81,104253210
2022-05-19,39.69,71008554
2022-05-20,39.733333333333334,49355982
2022-05-23,40.86666666666667,43680888
2022-05-24,41.376666666666665,34584867
2022-05-25,41.123333333333335,27121908
2022-05-26,42.0,28197735
2022-05-27,42.82666666666666,25299822
2022-05-31,42.876666666666665,36912462
2022-06-01,41.81666666666667,28534713
2022-06-02,42.50333333333334,23214414
2022-06-03,41.77333333333333,18302739
2022-06-06,41.623333333333335,19855491
2022-06-07,41.123333333333335,47707926
2022-06-08,40.766666666666666,22522692
2022-06-09,40.339999999999996,19886232
2022-06-10,40.56666666666667,25246848
2022-06-13,39.803333333333335,24897906
2022-06-14,39.82,21544362
2022-06-15,39.79333333333333,25913877
2022-06-16,40.20666666666667,30706929
2022-06-17,39.43,36838929
2022-06-21,40.723333333333336,23916540
2022-06-22,40.23,20245173
2022-06-23,41.20666666666667,18040947
2022-06-24,41.24,31845990
2022-06-27,41.373333333333335,19889070
2022-06-28,40.79,15401589
2022-06-29,40.64,19111638
2022-06-30,40.526666666666664,19166253
2022-07-01,40.876666666666665,17460984
2022-07-05,41.416666666666664,18219729
2022-07-06,41.71,21300144
2022-07-07,41.77333333333333,17487303
2022-07-08,41.800000000000004,14751081
2022-07-11,41.81666666666667,11533887
2022-07-12,41.69,13732281
2022-07-13,41.79,12689130
2022-07-14,42.60666666666666,20905407
2022-07-15,43.02333333333333,21184272
2022-07-18,42.92333333333334,14243748
2022-07-19,43.18666666666667,16995270
2022-07-20,43.54666666666666,18564834
2022-07-21,44.18333333333334,18764670
2022-07-22,44.07,13616313
2022-07-25,44.00666666666667,20535180
2022-07-26,40.660000000000004,95391639
2022-07-27,42.196666666666665,42159741
2022-07-28,43.25,33262365
2022-07-29,44.01666666666667,30141867
2022-08-01,44.18,24996300
2022-08-02,44.22666666666667,19695036
2022-08-03,43.5,32003136
2022-08-04,41.85666666666666,53106051
2022-08-05,42.193333333333335,32006895
2022-08-08,42.53666666666667,18183348
2022-08-09,42.95666666666667,19325028
2022-08-10,43.04666666666666,25251006
2022-08-11,43.27333333333333,23854503
2022-08-12,44.07333333333333,26624922
2022-08-15,44.199999999999996,26516148
2022-08-16,46.45666666666667,91773411
2022-08-17,46.50666666666667,41792130
2022-08-18,46.35666666666666,19197552
2022-08-19,45.67333333333334,22918695
2022-08-22,44.85666666666666,18667239
2022-08-23,44.666666666666664,16955103
2022-08-24,44.99,15766551
2022-08-25,45.29,19414620
2022-08-26,43.86666666666667,21331866
2022-08-29,44.29333333333333,17381580
2022-08-30,44.16,14468043
2022-08-31,44.18333333333334,22460769
2022-09-01,44.82666666666666,21741822
2022-09-02,44.333333333333336,17234556
2022-09-06,44.11333333333334,21899631
2022-09-07,45.24666666666667,17058987
2022-09-08,45.47666666666667,16956039
2022-09-09,45.61333333333334,16145301
2022-09-12,46.02333333333333,14284530
2022-09-13,45.07333333333333,17687340
2022-09-14,44.97333333333333,19934712
2022-09-15,44.49,20189352
2022-09-16,44.39666666666667,41874432
2022-09-19,44.77666666666667,16853196
2022-09-20,44.51666666666667,13963461
2022-09-21,44.92333333333334,24903594
2022-09-22,44.46333333333333,16744389
2022-09-23,43.35333333333333,27195420
2022-09-26,43.77,23011104
2022-09-27,43.65,16979595
2022-09-28,44.370000000000005,16838298
2022-09-29,44.083333333333336,15241614
2022-09-30,43.23333333333333,19602201
2022-10-03,44.17666666666667,17574792
2022-10-04,44.75,16134381
2022-10-05,44.306666666666665,14553840
2022-10-06,43.89333333333334,14200476
2022-10-07,42.85333333333333,17080404
2022-10-10,43.10666666666666,11411565
2022-10-11,44.22333333333333,21276144
2022-10-12,43.72333333333333,16947594
2022-10-13,44.093333333333334,20545524
2022-10-14,43.47666666666667,16642680
2022-10-17,43.79,17812410
2022-10-18,44.71333333333333,16842180
2022-10-19,44.586666666666666,11339490
2022-10-20,44.696666666666665,12754950
2022-10-21,45.6,18134709
2022-10-24,46.47,18806655
2022-10-25,46.69,15051210
2022-10-26,47.04666666666666,20763195
2022-10-27,46.91,16602945
2022-10-28,47.50333333333333,13648182
2022-10-31,47.443333333333335,22572093
2022-11-01,47.23,14814993
2022-11-02,46.916666666666664,15528081
2022-11-03,46.906666666666666,10976373
2022-11-04,46.99,14669316
2022-11-07,47.48333333333333,11364117
2022-11-08,47.596666666666664,15068526
2022-11-09,46.49,15932184
2022-11-10,47.45333333333334,20310630
2022-11-11,47.52666666666667,19270938
2022-11-14,46.129999999999995,37525944
2022-11-15,49.14666666666667,76548753
2022-11-16,49.5,32593266
2022-11-17,49.333333333333336,24797832
2022-11-18,50.07666666666666,18986868
2022-11-21,50.38333333333333,21157098
2022-11-22,50.56333333333333,16898556
2022-11-23,50.806666666666665,16920690
2022-11-25,51.02333333333333,8777427
2022-11-28,51.169999999999995,17679978
2022-11-29,50.99,13842165
2022-11-30,50.806666666666665,31337985
2022-12-01,51.123333333333335,22732188
2022-12-02,51.07333333333333,20733150
2022-12-05,50.550000000000004,23608293
2022-12-06,49.96333333333333,20625624
2022-12-07,49.70333333333334,17550225
2022-12-08,49.593333333333334,13512654
2022-12-09,48.43666666666667,27929481
2022-12-12,49.34,19432347
2022-12-13,49.163333333333334,23408688
2022-12-14,48.88999999999999,20334642
2022-12-15,48.45333333333334,17517984
2022-12-16,47.583333333333336,40343265
2022-12-19,47.6,15067470
2022-12-20,48.01666666666667,17009316
2022-12-21,48.39333333333334,13726533
2022-12-22,47.82666666666666,13086210
2022-12-23,47.92333333333334,9547713
2022-12-27,47.93666666666667,10045227
2022-12-28,47.096666666666664,15246201
2022-12-29,47.38333333333333,9172245
2022-12-30,47.26333333333333,11505957
2023-01-03,47.86666666666667,17249700
2023-01-04,47.919999999999995,13338921
2023-01-05,47.75666666666667,13274433
2023-01-06,48.92666666666667,21231828
2023-01-09,48.31666666666666,17756634
2023-01-10,48.28666666666667,11970666
2023-01-11,48.71,14834610
2023-01-12,48.27,12472791
2023-01-13,48.43,13700199
2023-01-17,48.13666666666666,15122448
2023-01-18,46.946666666666665,22674444
2023-01-19,46.27666666666667,17342115
2023-01-20,46.846666666666664,29543010
2023-01-23,47.54666666666666,13149825
2023-01-24,47.67333333333334,13669362
2023-01-25,47.446666666666665,12491748
2023-01-26,47.403333333333336,15819111
2023-01-27,47.76666666666667,18412764
2023-01-30,47.38333333333333,15897483
2023-01-31,47.95666666666667,14103483
2023-02-01,48.22333333333333,12849189
2023-02-02,47.873333333333335,17806788
2023-02-03,47.23666666666667,17155518
2023-02-06,46.89333333333334,17453928
2023-02-07,46.99333333333333,16341363
2023-02-08,46.74,11691183
2023-02-09,47.17333333333334,13064949
2023-02-10,47.906666666666666,15002856
2023-02-13,48.63666666666666,16015920
2023-02-14,48.49666666666667,13831902
2023-02-15,48.85666666666666,14678064
2023-02-16,48.09,16312173
2023-02-17,48.81333333333333,24648177
2023-02-21,49.11000000000001,54393891
2023-02-22,48.080000000000005,29843982
2023-02-23,47.36333333333334,22021278
2023-02-24,47.49,20623611
2023-02-27,47.14666666666667,16647312
2023-02-28,47.376666666666665,18054126
2023-03-01,46.71666666666667,14180208
2023-03-02,46.833333333333336,14788557
2023-03-03,46.88999999999999,16888692
2023-03-06,46.88333333333333,16720851
2023-03-07,46.416666666666664,17387529
2023-03-08,46.03333333333333,19090740
2023-03-09,45.72333333333333,15415704
2023-03-10,45.656666666666666,20065101
2023-03-13,45.79,28142097
2023-03-14,46.03333333333333,25542684
2023-03-15,46.54666666666666,33133650
2023-03-16,46.093333333333334,28912437
2023-03-17,46.46666666666667,43081248
2023-03-20,46.96666666666667,33928620
2023-03-21,46.806666666666665,19013361
2023-03-22,46.50666666666667,18548439
2023-03-23,46.88333333333333,22044222
2023-03-24,47.26666666666667,22752837
2023-03-27,48.056666666666665,26775540
2023-03-28,47.870000000000005,21282867
2023-03-29,48.07666666666666,24217422
2023-03-30,48.556666666666665,21879018
2023-03-31,49.15,20868006
2023-04-03,49.56333333333333,19766664
2023-04-04,49.07666666666666,18113679
2023-04-05,49.88999999999999,26540715
2023-04-06,50.26666666666667,17891628
2023-04-10,50.169999999999995,14519109
2023-04-11,50.02333333333333,18370446
2023-04-12,49.78,11209707
2023-04-13,49.830000000000005,13272702
2023-04-14,49.49333333333333,10465530
2023-04-17,49.84,16166829
2023-04-18,49.949999999999996,13482963
2023-04-19,50.00333333333333,12433557
2023-04-20,50.32333333333333,13641987
2023-04-21,50.57666666666666,25335756
2023-04-24,50.919999999999995,13579518
2023-04-25,50.52333333333333,17246613
2023-04-26,50.303333333333335,12910242
2023-04-27,50.46,12860982
2023-04-28,50.32333333333333,14088591
2023-05-01,50.53,11410158
2023-05-02,50.39333333333334,11330163
2023-05-03,50.20666666666667,12334365
2023-05-04,50.156666666666666,14011350
2023-05-05,50.59,14555922
2023-05-08,50.906666666666666,14926710
2023-05-09,50.99333333333333,15209757
2023-05-10,50.85,15827619
2023-05-11,51.04,11926869
2023-05-12,51.02333333333333,16119273
2023-05-15,50.626666666666665,16114044
2023-05-16,49.92666666666667,15540024
2023-05-17,49.843333333333334,26985960
2023-05-18,50.49,46768614
2023-05-19,49.97,27594138
2023-05-22,49.53,16117809
2023-05-23,49.43666666666667,16302249
2023-05-24,49.21,20515167
2023-05-25,48.72,21299763
2023-05-26,48.806666666666665,15720870
2023-05-30,48.68666666666667,15742611
2023-05-31,48.95666666666667,30130830
2023-06-01,49.13666666666666,20239197
2023-06-02,49.60666666666666,19178262
2023-06-05,49.93333333333334,17055960
2023-06-06,49.92666666666667,15015693
2023-06-07,50.0,24256662
2023-06-08,50.72333333333333,18875334
2023-06-09,51.03,15605616
2023-06-12,51.36666666666667,14715678
2023-06-13,51.76666666666667,15738900
2023-06-14,52.29,21103137
2023-06-15,52.57666666666666,18160371
2023-06-16,51.843333333333334,34675785
2023-06-20,51.38666666666666,20007786
2023-06-21,51.48666666666667,19251444
2023-06-22,51.916666666666664,13307715
2023-06-23,51.82,18975015
2023-06-26,51.68333333333334,14106429
2023-06-27,51.49666666666667,12093585
2023-06-28,51.77666666666667,18889911
2023-06-29,51.42666666666667,21530298
2023-06-30,52.39333333333334,19073076
2023-07-03,52.73333333333333,8647455
2023-07-05,52.70333333333334,17585811
2023-07-06,52.370000000000005,14427696
2023-07-07,51.163333333333334,19774728
2023-07-10,51.626666666666665,12967734
2023-07-11,51.550000000000004,11463192
2023-07-12,51.68,16509978
2023-07-13,51.376666666666665,11859657
2023-07-14,51.553333333333335,10427475
2023-07-17,51.61666666666667,10135851
2023-07-18,51.52333333333333,13440213
2023-07-19,51.54,12372822
2023-07-20,52.49333333333333,14987820
2023-07-21,52.79,16960407
2023-07-24,53.1,12529881
2023-07-25,53.056666666666665,15553938
2023-07-26,53.24666666666667,15094095
2023-07-27,53.053333333333335,13400319
2023-07-28,53.303333333333335,11021874
2023-07-31,53.28666666666667,13034046
2023-08-01,53.03666666666667,11783544
2023-08-02,53.07333333333333,12661992
2023-08-03,53.086666666666666,13204047
2023-08-04,52.78,14263110
2023-08-07,53.49666666666667,14269626
2023-08-08,53.550000000000004,11018124
2023-08-09,53.63666666666666,13209627
2023-08-10,53.419999999999995,15169503
2023-08-11,53.73333333333333,14195214
2023-08-14,53.333333333333336,20813688
2023-08-15,53.06,14559459
2023-08-16,53.086666666666666,26980965
2023-08-17,51.89666666666667,53614353
2023-08-18,52.64333333333334,27954807
2023-08-21,52.50333333333333,15679281
2023-08-22,52.336666666666666,16672524
2023-08-23,52.699999999999996,14210364
2023-08-24,52.29666666666666,14033106
2023-08-25,52.60666666666666,12267417
2023-08-28,52.906666666666666,11871132
2023-08-29,53.35,12702216
2023-08-30,53.73333333333333,10967769
2023-08-31,54.20333333333334,19582914
2023-09-01,53.85666666666666,12553380
2023-09-05,53.42333333333334,15209373
2023-09-06,53.82333333333333,14594574
2023-09-07,54.49,19120905
2023-09-08,54.59,12668976
2023-09-11,54.78,11912127
2023-09-12,54.84,11757366
2023-09-13,54.85333333333333,14364282
2023-09-14,55.083333333333336,14923719
2023-09-15,54.879999999999995,63925143
2023-09-18,54.47333333333333,12997704
2023-09-19,54.46,14020497
2023-09-20,54.63666666666666,10124658
2023-09-21,53.97333333333333,18787506
2023-09-22,54.11666666666667,13216929
2023-09-25,54.35666666666666,10459431
2023-09-26,54.166666666666664,14435826
2023-09-27,53.906666666666666,15711117
2023-09-28,54.18,11617125
2023-09-29,53.31,18842457
2023-10-02,53.36666666666667,12992853
2023-10-03,53.03,11253183
2023-10-04,53.666666666666664,15755853
2023-10-05,53.02666666666667,14269617
2023-10-06,52.13666666666666,42616209
2023-10-09,51.946666666666665,21022563
2023-10-10,52.53333333333333,16014459
2023-10-11,52.74333333333333,12026787
2023-10-12,52.98333333333333,13514688
2023-10-13,53.27666666666667,13810896
2023-10-16,53.73666666666667,14348022
2023-10-17,53.806666666666665,10893381
2023-10-18,53.846666666666664,10559733
2023-10-19,53.59,11745906
2023-10-20,52.919999999999995,15057258
2023-10-23,53.669999999999995,17097123
2023-10-24,54.416666666666664,17535081
2023-10-25,54.25333333333333,16621794
2023-10-26,53.92333333333334,16220088
2023-10-27,53.72333333333333,13830225
2023-10-30,54.34,12653664
2023-10-31,54.47,14168358
2023-11-01,54.95666666666667,14899401
2023-11-02,55.17333333333334,15492216
2023-11-03,54.88666666666666,17240238
2023-11-06,54.96,14529249
2023-11-07,55.21666666666667,15023517
2023-11-08,54.76666666666667,15591846
2023-11-09,54.63999999999999,15080712
2023-11-10,55.39666666666667,14321169
2023-11-13,55.89333333333334,15408858
2023-11-14,55.88333333333333,19792536
2023-11-15,56.593333333333334,35769978
2023-11-16,52.01333333333333,97658688
2023-11-17,51.78333333333333,42533445
2023-11-20,51.76666666666667,26703867
2023-11-21,51.95333333333334,29382222
2023-11-22,51.556666666666665,26433546
2023-11-24,52.02,13975182
2023-11-27,52.25666666666667,23393667
2023-11-28,52.879999999999995,23535048
2023-11-29,52.02666666666667,29896512
2023-11-30,51.89666666666667,29925813
2023-12-01,51.446666666666665,39273708
2023-12-04,51.43333333333334,24883212
2023-12-05,51.91,21883851
2023-12-06,51.346666666666664,26447421
2023-12-07,50.82,25362603
2023-12-08,50.28666666666667,34069494
2023-12-11,50.413333333333334,31883292
2023-12-12,50.45333333333334,21382041
2023-12-13,51.35,35348712
2023-12-14,50.72333333333333,30891285
2023-12-15,50.913333333333334,70003656
2023-12-18,51.656666666666666,26316036
2023-12-19,51.843333333333334,24417117
2023-12-20,51.23666666666667,21967722
2023-12-21,51.6,20087802
2023-12-22,52.21666666666667,19405659
2023-12-26,52.13666666666666,11679972
2023-12-27,52.626666666666665,19895982
2023-12-28,52.52333333333333,16776081
2023-12-29,52.550000000000004,21948219
2024-01-02,53.096666666666664,23539698
2024-01-03,53.1,18756078
2024-01-04,52.586666666666666,19282488
2024-01-05,52.23666666666667,21709524
2024-01-08,52.75,20680896
2024-01-09,53.10333333333333,23322399
2024-01-10,53.76333333333333,20122056
2024-01-11,53.70333333333334,14355219
2024-01-12,53.77333333333333,13628979
2024-01-16,53.943333333333335,17032605
2024-01-17,53.69,14827674
2024-01-18,54.413333333333334,18190629
2024-01-19,54.126666666666665,19175313
2024-01-22,54.129999999999995,13938393
2024-01-23,54.26666666666667,12066528
2024-01-24,53.5,22932882
2024-01-25,54.28,16369617
2024-01-26,54.75666666666667,15746325
2024-01-29,55.01333333333333,18240330
2024-01-30,55.196666666666665,15270027
2024-01-31,55.083333333333336,26134899
2024-02-01,56.10333333333333,20792571
2024-02-02,56.52333333333333,21670707
2024-02-05,56.22,19145088
2024-02-06,56.60333333333333,14189796
2024-02-07,56.46,17082480
2024-02-08,56.45666666666667,14427939
2024-02-09,56.42666666666667,14329878
2024-02-12,56.76666666666667,14795052
2024-02-13,56.379999999999995,18574233
2024-02-14,56.199999999999996,18484620
2024-02-15,56.43,16948872
2024-02-16,56.78666666666667,22373562
2024-02-20,58.620000000000005,71788683
2024-02-21,57.89993333333334,40551570
2024-02-22,58.47,29512962
2024-02-23,58.52,74365839
2024-02-26,59.6,32154765
2024-02-27,59.59,18012749
2024-02-28,59.62,14803289
2024-02-29,58.61,29245142
2024-03-01,58.76,19030919
2024-03-04,59.3,16033298
2024-03-05,60.04,19676884
2024-03-06,60.57,25397428
2024-03-07,60.36,16195303
2024-03-08,60.12,12143645
2024-03-11,60.66,14153969
2024-03-12,61.41,16613062
2024-03-13,61.28,15935187
2024-03-14,61.02,16584660
2024-03-15,60.68,50946329
2024-03-18,60.86,16801658
2024-03-19,60.87,12353624
2024-03-20,61.25,12007593
2024-03-21,61.45,14265872
2024-03-22,60.87,14029440
2024-03-25,60.57,14186627
2024-03-26,60.51,13738342
2024-03-27,60.72,14363410
2024-03-28,60.17,17535100
2024-04-01,60.0,13837599
2024-04-02,59.16,19510121
2024-04-03,59.43,14615103
2024-04-04,59.5,14436126
2024-04-05,59.85,10335909
2024-04-08,59.78,11070120
2024-04-09,59.79,10015922
2024-04-10,60.62,15097558
2024-04-11,60.09,10987600
2024-04-12,60.14,12280569
2024-04-15,59.93,10557182
2024-04-16,59.84,14726259
2024-04-17,59.65,15329693
2024-04-18,59.26,12061538
2024-04-19,59.53,14165797
2024-04-22,60.14,14909983
2024-04-23,59.09,17963945
2024-04-24,59.87,18529138
2024-04-25,60.21,19262954
2024-04-26,60.16,11045224
2024-04-29,60.24,9788575
2024-04-30,59.35,14209155
2024-05-01,58.85,15470975
2024-05-02,59.71,17574115
2024-05-03,59.82,14207397
2024-05-06,59.87,11119402
2024-05-07,60.62,14520240
2024-05-08,60.3,11015695
2024-05-09,60.44,14550463
2024-05-10,60.48,12356612
2024-05-13,60.41,19260522
2024-05-14,59.86,18780139
2024-05-15,59.83,22240558
2024-05-16,64.01,60545613
2024-05-17,64.65,29330381
2024-05-20,64.18,15001391
2024-05-21,65.15,17131691
2024-05-22,65.25,14879434
2024-05-23,64.84,16222946
2024-05-24,65.38,11795024
2024-05-28,65.04,13349619
2024-05-29,64.92,11538552
2024-05-30,64.89,13053481
2024-05-31,65.76,27632223
2024-06-03,65.82,11578709
2024-06-04,66.6,14780755
2024-06-05,67.09,14982667
2024-06-06,67.15,13256005
2024-06-07,65.88,20213211
2024-06-10,66.96,21667416
2024-06-11,66.73,13367514
2024-06-12,66.31,11704704
2024-06-13,66.7,11196603
2024-06-14,67.02,12590146
2024-06-17,67.42,12103044
2024-06-18,67.6,12093549
2024-06-20,68.01,13860763
2024-06-21,67.91,25891526
2024-06-24,68.9,12470448
2024-06-25,67.42,20904039
2024-06-26,68.29,14177522
2024-06-27,67.88,12899186
2024-06-28,67.71,18816720
2024-07-01,67.48,8666021
2024-07-02,68.07,9436487
2024-07-03,68.24,6287545
2024-07-05,70.04,21586100
2024-07-08,69.68,12077679
2024-07-09,69.9,9781831
2024-07-10,70.41,10803405
2024-07-11,69.8,15624796
2024-07-12,69.24,12145317
2024-07-15,69.61,10171137
2024-07-16,69.99,9836824
2024-07-17,71.03,13533791
2024-07-18,70.82,10682742
2024-07-19,70.75,11665526
2024-07-22,70.38,12666130
2024-07-23,70.65,9263561
2024-07-24,70.6,22490783
2024-07-25,70.02,18821199
2024-07-26,69.78,16789306
2024-07-29,69.62,10315305
2024-07-30,69.19,12522469
2024-07-31,68.64,22908760
2024-08-01,69.79,17275532
2024-08-02,68.46,23578664
2024-08-05,67.59,20770455
2024-08-06,67.74,14815072
2024-08-07,66.91,18499200
2024-08-08,67.66,12489819
2024-08-09,67.95,13805576
2024-08-12,68.7,17385278
2024-08-13,68.13,26557901
2024-08-14,68.66,22928551
2024-08-15,73.18,49567500
2024-08-16,73.45,19872144
2024-08-19,73.72,13709265
2024-08-20,74.54,14433985
2024-08-21,75.24,14831992
2024-08-22,75.58,16511139
2024-08-23,75.7,12299093
2024-08-26,76.03,9508215
2024-08-27,76.13,11557762
2024-08-28,76.08,9814264
2024-08-29,76.42,11856787
2024-08-30,77.23,23229975
2024-09-03,77.17,22666144
2024-09-04,77.24,18442775
2024-09-05,76.96,13082893
2024-09-06,76.64,14548588
2024-09-09,77.34,22260226
2024-09-10,78.81,17686284
2024-09-11,78.84,19518761
2024-09-12,79.66,14884852
2024-09-13,80.6,12994100
2024-09-16,80.56,15346367
2024-09-17,78.6,21065938
2024-09-18,79.03,15684878
2024-09-19,78.04,21525685
2024-09-20,79.06,39534251
2024-09-23,80.33,12147264
2024-09-24,80.67,14651133
2024-09-25,81.4,14163785
2024-09-26,79.92,17061133
2024-09-27,79.78,11899050
2024-09-30,80.75,19008187
2024-10-01,81.27,16054249
2024-10-02,80.43,16618272
2024-10-03,80.43,11640421
2024-10-04,80.94,11591388
2024-10-07,79.1,16791646
2024-10-08,79.71,15269963
2024-10-09,80.4,12413030
2024-10-10,79.61,10812700
2024-10-11,80.1,9570734
2024-10-14,80.29,9914477
2024-10-15,81.65,13276221
2024-10-16,81.22,11123254
2024-10-17,80.89,9424705
2024-10-18,81.31,12324148
2024-10-21,80.81,9750376
2024-10-22,82.02,12240149
2024-10-23,83.27,13058244
2024-10-24,83.04,11645856
2024-10-25,82.51,8959412
2024-10-28,82.75,7990186
2024-10-29,81.7,9682403
2024-10-30,81.39,9268824
2024-10-31,81.95,15538968
2024-11-01,82.19,12181833
2024-11-04,82.45,11731043
2024-11-05,83.68,10612489
2024-11-06,83.44,19974038
2024-11-07,83.85,12665777
2024-11-08,84.83,14396543
2024-11-11,84.21,10433166
2024-11-12,84.99,12860194
2024-11-13,85.355,12802622
2024-11-14,84.47,15740732
2024-11-15,84.25,17370602
2024-11-18,84.08,25278121
2024-11-19,86.6,36340856
2024-11-20,87.18,18183193
2024-11-21,88.39,18729222
2024-11-22,90.44,23990645
2024-11-25,89.5,25078633
2024-11-26,91.31,16657022
2024-11-27,91.88,14358861
2024-11-29,92.5,11041178
2024-12-02,92.64,17172953
2024-12-03,93.51,17775226
2024-12-04,94.45,17312575
2024-12-05,95.3,21932325
2024-12-06,95.7,18803499
2024-12-09,93.83,20931082
2024-12-10,94.55,13164487
2024-12-11,94.96,19682085
2024-12-12,94.09,14298626
2024-12-13,94.25,11495854
2024-12-16,94.87,16741989
2024-12-17,95.42,23560821
2024-12-18,93.55,24665600
2024-12-19,93.4,16606501
2024-12-20,92.24,49350586
2024-12-23,90.35,26205379
2024-12-24,92.68,8992427
2024-12-26,92.79,10997611
2024-12-27,91.66,11384359
2024-12-30,90.57,9790196
2024-12-31,90.35,11267652
2025-01-02,90.0,29640876
2025-01-03,90.78,21669260
2025-01-06,91.43,29019716
2025-01-07,90.81,22476088
2025-01-08,91.8,26907254
2025-01-10,93.0,36281728
2025-01-13,91.53,37234154
2025-01-14,90.79,27098318
2025-01-15,91.34,34696348
2025-01-16,91.3,26535446
2025-01-17,91.94,31716941
2025-01-21,93.08,46494902
2025-01-22,93.23,31134114
2025-01-23,93.81,28396876
2025-01-24,94.76,29947546
2025-01-27,97.4,37761228
2025-01-28,97.29,29283242
2025-01-29,97.5,22522888
2025-01-30,98.65,22024440
2025-01-31,98.16,32827786
2025-02-03,99.54,40968304
2025-02-04,100.77,30402388
2025-02-05,102.46,31853434
2025-02-06,102.85,26176934
2025-02-07,101.15,24902144
2025-02-10,102.92,30549288
2025-02-11,102.47,23907264
2025-02-12,103.61,30324250
2025-02-13,105.05,25148826
2025-02-14,104.04,28218920
2025-02-18,103.78,36494628
2025-02-19,104.0,37015962
2025-02-20,97.21,110901848
2025-02-21,94.78,70029612
2025-02-24,93.67,59511750
2025-02-25,97.69,58662376
2025-02-26,96.2,38139442
2025-02-27,96.79,32862938
2025-02-28,98.61,50902520
2025-03-03,97.59,36744386
2025-03-04,94.97,50455346
2025-03-05,95.98,35277912
2025-03-06,94.64,39915608
2025-03-07,91.72,71826312
2025-03-10,87.82,70297674
2025-03-11,87.44,57055172
2025-03-12,85.2,66603218
2025-03-13,84.5,63015506
2025-03-14,85.35,71001294
2025-03-17,87.46,52585536
2025-03-18,85.59,35701860
2025-03-19,86.33,49111714
2025-03-20,85.81,36371012
2025-03-21,85.98,26797178
2025-03-21,85.985,26797178
2025-03-24,87.5051,35801464
2025-03-25,84.8851,55817146
2025-03-26,84.985,54482990
2025-03-27,85.505,33565614
2025-03-28,85.105,29581134
2025-03-28,85.005,14790567
2025-03-31,87.785,60538626
2025-04-01,88.715,44160504
2025-04-02,86.545,38768274
2025-04-03,86.955,66025854
2025-04-04,83.205,36209015
2025-04-04,83.005,36209015
2025-04-07,84.0059,73769888
2025-04-08,81.505,68703488
2025-04-09,89.925,93265510
2025-04-10,90.61,34735323
2025-04-11,92.805,25508136
2025-04-11,92.805,25508136
2025-04-14,94.73,27742915
2025-04-15,93.905,43742426
2025-04-16,91.19,22229105
2025-04-17,93.395,42787834
2025-04-17,92.915,21393917
2025-04-21,92.41,18361208
2025-04-22,94.705,30815548
2025-04-23,94.96,18046886
2025-04-24,95.865,26889056
2025-04-25,94.9949,15317220
2025-04-25,95.015,15317220
2025-04-28,95.135,25900000
2025-04-29,95.9072,25358050
2025-04-30,97.255,43279720
2025-05-01,97.065,26343568
2025-05-02,98.6582,16031373
2025-05-02,98.585,16031373
2025-05-05,99.2266,24878264
2025-05-06,98.55,10625999
2025-05-07,98.735,22620382
2025-05-08,97.555,28922238
2025-05-09,96.9759,13697822
2025-05-09,96.665,13697822
2025-05-12,96.75,26783925
2025-05-13,95.9732,39493316
2025-05-14,97.2538,51240220
2025-05-15,96.35,44026125
2025-05-16,97.6362,33746187
2025-05-16,97.505,33746187
2025-05-19,98.12,20041573
2025-05-20,97.7057,31219220
2025-05-21,96.2751,31484672
2025-05-22,95.93,13712163
2025-05-23,96.2582,13668621
2025-05-23,96.3053,13668621
2025-05-27,97.585,34361874
2025-05-28,97.155,22440196
2025-05-29,97.0556,28687476
2025-05-30,98.615,29980069
2025-05-30,98.505,29980069
2025-06-02,99.8261,33998410
2025-06-03,99.9546,31197286
2025-06-04,99.405,22231298
2025-06-05,97.755,31650552
2025-06-06,97.605,15599294
2025-06-06,97.545,15599294
2025-06-09,97.45,27311400
2025-06-10,97.235,34324936
2025-06-11,95.855,32779240
2025-06-12,94.815,35691408
2025-06-13,94.4531,18694739
2025-06-13,94.525,18694739
2025-06-16,94.29,14881663
2025-06-17,94.1623,29871260
2025-06-18,95.09,11333690
2025-06-18,95.0087,11333690
2025-06-20,96.105,20604918
2025-06-20,96.1033,20604918
2025-06-23,97.6563,40864702
2025-06-24,97.995,44807310
2025-06-25,97.26,11154676
2025-06-26,96.02,19361417
2025-06-27,97.355,31431912
2025-06-27,97.155,31431912
2025-06-30,97.595,35606060
2025-07-01,98.245,31271694
2025-07-02,97.615,25003930
2025-07-03,98.36,7686046
2025-07-07,99.225,25861826
2025-07-08,97.305,33749908
2025-07-09,97.0051,27405230
2025-07-10,95.115,37789574
2025-07-11,94.4044,14595047
2025-07-11,94.475,14595047
2025-07-14,95.705,27558168
2025-07-15,95.335,20901518
2025-07-16,95.15,11181552
2025-07-17,95.0996,22330252
2025-07-18,95.215,14636294
2025-07-18,95.195,14636294
2025-07-21,95.725,26900718
2025-07-22,95.8083,18098260
2025-07-23,95.5666,19459344
2025-07-24,96.635,29983034
2025-07-25,97.495,12868466
2025-07-25,97.4905,12868466
2025-07-28,97.61,24586120
2025-07-29,98.33,28068530
2025-07-30,97.59,27728192
2025-07-31,97.98,31302696
2025-08-01,98.49,16750407
2025-08-04,99.6049,38100412
2025-08-05,99.305,35954016
2025-08-06,103.035,47476840
2025-08-07,103.165,25018958
2025-08-08,103.795,12394722
2025-08-08,103.775,12394722
2025-08-11,103.935,25713412
2025-08-12,103.685,35838654
2025-08-13,100.995,38796998
2025-08-14,100.85,10858447
2025-08-15,100.045,13604944
2025-08-15,100.155,13604944
2025-08-18,100.7042,23312270
2025-08-19,101.4517,33998008
2025-08-20,102.205,37310052
2025-08-21,97.885,103650100
2025-08-22,96.8547,32695177
2025-08-22,96.895,32695177
2025-08-25,96.0349,37912286
2025-08-26,96.0551,44540706
2025-08-27,95.955,25851312
2025-08-28,96.105,38483268
2025-08-29,96.9037,15600269
2025-08-29,96.905,15600269
2025-09-02,97.85,15351293
2025-09-03,99.225,37991828
2025-09-04,100.865,31281790
2025-09-05,100.455,13748454
2025-09-05,100.425,13748454
2025-09-08,102.175,27371470
2025-09-09,102.035,23639326
2025-09-10,100.375,35869742
2025-09-11,102.4556,31801580
2025-09-12,103.315,11641926
2025-09-12,103.325,11641926
2025-09-15,103.5752,21513752
2025-09-16,103.245,28963726
2025-09-17,104.27,25382015
2025-09-18,103.6,14869387
2025-09-19,102.3536,34791573
2025-09-19,102.325,34791573
2025-09-22,102.8835,25723892
2025-09-23,102.425,26317316
2025-09-24,102.755,22783668
2025-09-24,103.05,38125328
2025-09-26,103.16,11859265
2025-09-29,103.08,30954318
2025-09-30,103.06,27746778
2025-10-01,101.8555,32285532
2025-10-02,101.775,31210726
2025-10-03,102.055,11867483
2025-10-03,101.865,11867483
2025-10-06,102.605,26607120
2025-10-07,103.24,15538855
2025-10-08,102.865,27168168
2025-10-09,101.605,39016034
2025-10-10,101.2651,18519435
2025-10-10,101.3259,18519435
2025-10-13,102.0068,21742364
2025-10-14,107.135,61719008
2025-10-15,109.2571,42832588
2025-10-16,106.585,32732332
2025-10-17,107.755,13735594
2025-10-17,107.7994,13735594
2025-10-20,107.0764,21162440
2025-10-21,106.305,21799466
2025-10-22,107.2947,24592980
2025-10-23,106.925,22816482
2025-10-24,106.125,10317959
2025-10-24,106.205,10317959
2025-10-27,104.525,32751720
2025-10-28,103.125,26645988
2025-10-29,102.4147,23972814
2025-10-30,101.905,28130054
2025-10-31,101.275,40473936
2025-10-31,101.255,20237018
2025-11-03,101.5498,29623374
2025-11-04,102.305,25272700
2025-11-05,101.47,13356571
2025-11-06,101.775,29732050
2025-11-07,102.615,34497292
2025-11-10,102.485,29015206
2025-11-11,103.325,26364288
2025-11-12,103.5782,24168814
2025-11-13,102.475,36176612
2025-11-14,102.445,46848421
2025-11-17,102.9849,30578746
2025-11-18,101.495,35208764
2025-11-19,100.9275,44314058
2025-11-20,106.785,100751840
2025-11-21,105.455,82841560
2025-11-24,104.345,85038318
2025-11-25,107.045,40425764
2025-11-26,109.105,35566562
2025-11-28,110.51,9846525
2025-12-01,111.5559,34473500
2025-12-02,112.41,18711768
2025-12-03,114.505,48956562
2025-12-04,114.905,51810191
2025-12-05,115.11,23956427
2025-12-08,113.56,22700647
2025-12-09,115.06,24326462
2025-12-10,113.2567,45719156
2025-12-11,115.455,43173192
2025-12-12,116.655,38184828
2025-12-15,116.8361,37427486
2025-12-16,115.205,39284692
2025-12-17,115.595,32330803
2025-12-18,114.8156,42953250
2025-12-19,114.324,100066556
2025-12-22,112.6,21451387
2025-12-23,110.705,40618748
2025-12-24,111.61,9003254
2025-12-26,111.605,18007582
2025-12-29,112.53,12979573
2025-12-30,111.92,11730590
2025-12-31,111.455,22974868
2026-01-02,112.755,28613120
2026-01-05,112.71,19557620
2026-01-06,114.445,40241634
2026-01-07,112.7444,46612006
2026-01-08,113.155,48116524
2026-01-09,114.605,43805718
2026-01-12,117.97,49182081
2026-01-13,120.36,31222058
2026-01-14,120.005,65528088
2026-01-15,119.055,69118860
2026-01-16,119.9949,830289242
2026-01-20,118.71,45333984
2026-01-21,119.505,69623394
2026-01-22,117.845,49094668
2026-01-23,117.515,41613812
2026-01-26,117.655,39104456
2026-01-27,116.6576,45937260
2026-01-28,116.165,32683992
2026-01-29,117.045,32762222
2026-01-30,119.0161,44430772
2026-02-02,123.855,62420118
2026-02-03,127.985,64037356
2026-02-04,127.52,55063580
2026-02-05,128.4885,61035586
2026-02-06,130.845,53186854
2026-02-09,128.905,54394582
2026-02-10,126.915,49323906
2026-02-11,129.005,38464284
2026-02-12,133.225,66765384
2026-02-13,133.975,48262358
2026-02-17,128.765,75991854
2026-02-18,126.095,72969992
2026-02-19,125.005,85986512
2026-02-20,122.8546,70301908
2026-02-23,125.915,51325615
2026-02-24,126.75,20161158
2026-02-25,125.75,17345742
2026-02-26,124.905,37276698
2026-02-27,127.95,58410940
2026-03-02,127.1,17091525
2026-03-03,127.91,16480391
2026-03-04,127.81,16434130
2026-03-05,123.31,57209768
2026-03-06,123.8,21553049
2026-03-07,123.5062,0
2026-03-09,124.34,19375938
2026-03-10,124.795,36970101
2026-03-11,122.635,36352919
2026-03-12,125.805,43503161
2026-03-13,126.245,30388189
2026-03-13,126.275,15194094
2026-03-16,125.99,20463184
2026-03-16,125.08,40357309
2026-03-17,121.98,39629893
2026-03-19,121.09,35855371
2026-03-20,119.345,75471042
2026-03-20,119.205,57545642
2026-03-23,120.915,44362938
2026-03-24,122.595,34539189
2026-03-25,122.755,33194538
2026-03-26,122.6897,32885020
2026-03-27,122.835,33086672
2026-03-27,122.615,16543336
2026-03-30,123.5,20428908
2026-03-31,124.28,21330350
2026-04-01,124.74,17039654
2026-04-02,125.79,11898352
2026-04-02,125.815,11898351
2026-04-06,126.605,21700760
2026-04-07,122.49,26926393
2026-04-08,127.26,40388528
2026-04-09,129.13,27703428
2026-04-10,126.77,27786030
2026-04-13,124.57,29020345
2026-04-14,125.05,30641568
2026-04-15,124.76,34002798
2026-04-16,124.82,36649084
2026-04-17,127.5,49527304
2026-04-20,127.92,18930604
2026-04-21,129.6,17307188
2026-04-22,129.98,17624490
2026-04-23,132.03,16376000
2026-04-24,129.92,16016319
2026-04-27,127.59,17029468
2026-04-28,127.59,16341768
2026-04-29,128.01,16538799
2026-04-30,131.93,19867700
2026-05-01,131.6,10480870
2026-05-04,130.33,10340669
2026-05-05,130.7899932861328,10637300
2026-05-06,130.0800018310547,16371500
2026-05-07,130.1999969482422,14935400
2026-05-08,130.42999267578125,15183700
2026-05-11,127.58999633789062,18699200
2026-05-12,130.35000610351562,17935400
2026-05-13,131.47000122070312,13459177
2026-05-14,132.4600067138672,13723717
2026-05-15,131.4499969482422,25323000
2026-05-18,133.33999633789062,17183200
2026-05-19,134.1999969482422,16937911
2026-05-20,132.25,6271483
2026-05-21,121.86000061035156,23279530
2026-05-22,119.54000091552734,11134361
2026-05-26,118.88999938964844,7717298
2026-05-27,118.56500244140625,6871634
2026-05-28,118.0999984741211,4570320
2026-05-29,115.08000183105469,9939487
2026-06-01,114.11499786376953,8766078
2026-06-02,113.11499786376953,6630162
2026-06-03,116.33499908447266,8383556
2026-06-04,118.52999877929688,7348441
2026-06-05,119.79499816894531,9551337
2026-06-08,119.83000183105469,19514100
2026-06-09,118.87999725341797,23943400
2026-06-10,119.76000213623047,7424837
2026-06-11,120.88999938964844,4345675
2026-06-12,119.91999816894531,4072135
2026-06-15,120.27999877929688,5115563
2026-06-16,121.8947982788086,4468938
2026-06-17,119.61000061035156,3665916
2026-06-18,117.18,8909891
2026-06-22,117.80999755859375,5935853
2026-06-23,119.41999816894531,22567457
2026-06-24,119.0,17049913
2026-06-25,115.77999877929688,20147554
2026-06-26,115.69000244140625,29208144
2026-06-29,114.41000366210938,7576836
2026-06-30,113.26000213623047,22288392
2026-07-01,108.81999969482422,40212617
2026-07-02,111.83999633789062,28276416
2026-07-06,109.87000274658203,6359209
2026-07-07,111.54000091552734,18664739
2026-07-08,112.3499984741211,1752947
2026-07-09,112.20999908447266,17890367
2026-07-10,113.9000015258789,12439814
2026-07-13,114.33000183105469,5676008
2026-07-14,113.69999694824219,14229214
2026-07-15,112.52999877929688,15525020
2026-07-16,114.94999694824219,20734100
2026-07-17,114.23999786376953,22814500
2026-07-20,112.19999694824219,17717727
2026-07-21,110.38999938964844,22664000
2026-07-22,109.33000183105469,23471300
2026-07-23,108.4000015258789,21495503
2026-07-27,111.5999984741211,6903828
2026-07-29,113.19000244140625,5122086
2026-07-30,111.0999984741211,28718100
2026-07-31,111.19999694824219,22765331
2026-08-03,110.70999908447266,23906400
2026-08-04,110.01000213623047,10037696
2026-08-05,111.66629791259766,10549615
2026-08-06,112.06999969482422,20793075
2026-08-07,111.8499984741211,18808600
2026-08-10,111.67980194091797,7206625
2026-08-11,113.26000213623047,16997600
2026-08-12,116.01000213623047,21976390
2026-08-13,115.72000122070312,16816700
2026-08-14,115.2699966430664,14506600
2026-08-18,116.13990020751953,5862410
2026-08-19,115.94499969482422,9179954
2026-08-20,103.83999633789062,83146956
2026-08-21,103.69999694824219,44077886
2026-08-24,104.7699966430664,14940514
2026-08-25,105.37999725341797,53579768
2026-08-26,104.33999633789062,28200356
2026-08-27,102.87999725341797,12373175
2026-08-28,102.80989837646484,6537030
2026-08-31,104.29000091552734,7562767
2026-09-01,105.91999816894531,22055100
2026-09-02,106.08999633789062,17983015
2026-09-03,108.41999816894531,25330194
2026-09-04,107.68499755859375,7019109
2026-09-08,105.87000274658203,5563379
2026-09-09,105.83000183105469,15308688
2026-09-10,105.93000030517578,5817420
2026-09-11,106.51000213623047,5862068
2026-09-14,109.31999969482422,7137582
2026-09-15,108.97000122070312,5169633
2026-09-16,108.55000305175781,3296706
2026-09-17,106.79000091552734,18871668
2026-09-18,107.29000091552734,6510164
2026-09-21,107.40499877929688,5027325
2026-09-22,108.9000015258789,4443726
2026-09-23,110.52999877929688,20177395
2026-09-24,107.58999633789062,24585762
2026-09-25,107.9800033569336,19614100
2026-09-28,109.09649658203125,5138153
2026-09-29,106.80000305175781,24685732
2026-09-30,103.91999816894531,28099300
