signal,Value_1w,Value_4w,Value_13w,Value_volatility,Profitability_1w,Profitability_4w,Profitability_13w,Profitability_volatility,Momentum_1w,Momentum_4w,Momentum_13w,Momentum_volatility,factor_correlation
2016-10-07,-0.034726396640323356,-0.0024836736195416285,-0.0304749135120296,0.12825237000542117,-0.005282553969016003,0.01184282099202796,-0.009497073842318904,0.08787417261933156,-0.002316181766166681,0.04955346448603013,0.08106039515471133,0.09595768923410773,0.6928299525172235
2016-10-14,0.009487739004306973,-0.02525468679432046,-0.0274401461870075,0.12930653231047695,0.0027140795359223095,-0.003349253482718906,-0.019556299082797525,0.08244603256389826,-0.01161479549832798,-0.0028592068485134396,0.04146542702614482,0.1037787496366258,0.7050266520588381
2016-10-21,-0.002564085552581541,-0.032764895759305294,-0.024199065975354192,0.12901190500286136,-0.00934926903392752,-0.017167795987970025,-0.03595209542029793,0.0809158394978202,-0.006174286206513946,-0.02253659347338817,0.013099940816733581,0.10284144965367639,0.7803956626576068
2016-10-28,0.004545658782317652,-0.024177381122310163,-0.03110991815423494,0.1278097318137162,-0.0030801147054271066,-0.015266360025243599,-0.027377094873413357,0.07681411987947481,0.012537392508159419,-0.015445933536149493,0.042522376665918314,0.12174629142751045,0.8025308455365138
2016-11-04,-0.01693901884406479,-0.005790687597974586,-0.054282387807647985,0.12967809449850293,-0.012836227978770709,-0.022775669946703547,-0.047965749517793956,0.07684320263764845,-0.022398606371794895,-0.03337876872925512,0.008571572254055092,0.11948191054021395,0.7554205655571574
2016-11-11,0.015347544796894399,0.0005922411730472574,-0.03941113764713771,0.13530249846959072,0.013777185666886748,-0.011521372862982384,-0.037744502682121914,0.08371041921797392,0.05303039755680619,0.04842011833043409,0.03534930618863131,0.1624383468906549,0.8102857494712857
2016-11-18,-0.008857658127730627,-0.006006777653008433,-0.04412198767276659,0.13584015199217653,0.009388901858665876,0.007242223047409004,-0.01838433324244311,0.08532385882125668,0.007560063926736251,0.0415677389808213,0.059174843048016776,0.1496356048660083,0.81870775669648
2016-11-25,0.018780982884434975,0.007970537318384575,-0.013776116592269228,0.14082451364312734,0.0071807854847080865,0.017502619483586314,-0.0013135895810403742,0.08462111967686949,0.016354390323188552,0.034114143666502124,0.06918850759820085,0.15691841216813737,0.828921486900101
2016-12-02,-0.018651289325834222,0.005902728557003466,-0.03748698862766117,0.14443893199703597,-0.025602253632408693,0.0042488476612898545,-0.0325407944485562,0.0976758887916251,-0.012636500126827,0.05821580691191551,0.07118875983206338,0.15422158643031475,0.7873091561717708
2016-12-09,0.028847706933390272,0.019180785688049755,0.024916333968904848,0.14010335330044926,0.03161533922346202,0.022177003290285515,0.023755724875867926,0.1062510401521491,0.01148324009601398,0.01963416935159197,0.16908137809719273,0.24261558946680326,0.5459317313744162
2016-12-16,0.0013588183927527135,0.02976926650562171,-0.006328558506564176,0.1233500817727341,0.004978030290247792,0.0172289898406784,0.010637900855360117,0.10081875793577856,0.022975492005824473,0.040848915317997656,0.1819409651524455,0.24358279167398336,0.560292657869239
2016-12-23,-0.0009905078484645055,0.010034635127391379,-0.012299208845990919,0.1227306367242909,-0.0013660212080059742,0.008698273797320044,0.0045063502656976125,0.10055780813254486,0.009715920712254376,0.030171897378772836,0.18699916944379458,0.24364305648493134,0.5618424705707662
2016-12-30,-0.006094547789467653,0.022960994703403913,-0.013847285260320308,0.12294985811306273,-0.010016401838527478,0.031886220571465486,0.0225037107143246,0.10513041328551449,-0.01362959475102028,0.032269853558893204,0.12956067198764123,0.24524705966982638,0.5779836816276828
2017-01-06,0.005464746088320505,-9.860613601506661e-05,0.028186589992168855,0.09880335132352683,0.006229268485525785,0.005913344856750103,0.030783765371380813,0.1051396532165054,-0.006778285185391787,0.016876251782320772,0.14336865700694926,0.241514289305216,0.6145792316821123
2017-01-13,0.0013031345925647692,-0.00019423193230039444,0.01959143970675923,0.09756694760415394,0.0039693590139923355,0.0023817675756417907,0.033150899622587354,0.10516266778016738,-0.0048340354375550065,-0.005563121410533057,0.15380549442370275,0.2208104610458335,0.6356086312972286
2017-01-20,0.004756728234494201,0.00547891970511516,0.02716056445023374,0.09729244529967776,0.005313682486189753,0.0054623820777601985,0.04226122391659862,0.10432202862046662,-0.0018579875718511387,-0.028472357981525476,0.1549071686312765,0.21999786773549343,0.622720666333564
2017-01-27,0.0005572186780856249,0.01257086746280638,0.024032353735003256,0.09720644727743931,0.014395727466726174,0.030309617655326936,0.06084387200272712,0.10556142164041861,0.027020042284315607,0.02864479759131231,0.18908032565821076,0.20818849046403462,0.6996463464587487
2017-02-03,0.018374940765639326,0.025597041176212823,0.061928993033172036,0.09309836093712724,0.008990424533579833,0.03308974476149376,0.08657705411228996,0.09749349046626932,-0.01975671924403906,0.02304403125245518,0.2135249365881169,0.21138226464723273,0.5875922053472014
2017-02-10,0.016685028186829286,0.04112995276057885,0.0642442365893128,0.09380131102059631,0.012855505141604074,0.04214477111856305,0.08220176542197065,0.09537864449902257,0.008077074770654582,0.026188087580176725,0.10199601078015634,0.10697166861769251,0.6482161863143744
2017-02-17,0.020759949023294366,0.057810598244423694,0.09522965199818355,0.09390868667695836,0.02304402362503475,0.06049365763473671,0.09084169261873334,0.10006926731564843,-0.002663069656476447,0.024341412948142405,0.07960135084286303,0.10761576829667882,0.644248699398347
2017-02-24,0.025283837948636957,0.08340173811450452,0.10159132225313719,0.09824093126893456,0.01447594467478357,0.061081082165611526,0.1006675693873218,0.10111630577957059,-0.01792075673850584,-0.03325142412340931,0.04337049751213887,0.14543228409039693,0.5019612452284424
2017-03-03,-0.002353156031618563,0.06115802871441982,0.12133496123733213,0.08377483117432595,0.0018178000064240198,0.053335125022496224,0.1304828912249102,0.07607879822880291,0.0014791684334807499,-0.009215431270489337,0.08784016530082348,0.1011556515285989,0.41066146720996927
2017-03-10,-0.0026054604884683252,0.04100240867740577,0.0861896836253012,0.0741699945259637,0.0051320052875197366,0.04524166486603965,0.10030688562509651,0.0573478729529974,-0.006960789120928235,-0.02919802592653087,0.03153630186240719,0.12323402907585061,0.16961670602659007
2017-03-17,0.004786827220099977,0.021450168831500083,0.05049018627549198,0.05901397513071486,0.019007695849320407,0.040994189846210116,0.11305311083572928,0.06188528673618443,0.009920448277570593,-0.01625182593385164,0.04986572343011382,0.11149441285149415,0.21333115870577712
2017-03-24,-0.002713712179474426,0.000641701651508321,0.04783707912104787,0.0598650757740948,-0.006111620046324129,0.019379699749933324,0.1036661187996987,0.06744787786724846,0.0003041066703004748,0.004912396903864557,0.05408907084086332,0.07326808704742267,0.2919410990266549
2017-03-31,0.011081950502839,0.008377479758270167,0.06525056926554518,0.05846798873908667,0.005730764381913889,0.02340217237132869,0.12127552558305016,0.05597961880363492,0.01665519701838645,0.01543867999806407,0.08695035341206087,0.06702495792034839,0.11154412372165239
2017-04-07,9.940589004835419e-05,0.021285599202799134,0.10911667822616403,0.07534896127571832,-0.001236908154116323,0.017000190754465152,0.11262440742915839,0.05937406517420055,-0.014250829898569496,0.01875529017157427,0.08648407536072003,0.08537204815006054,0.4662604787526816
2017-04-14,-0.005906611851039823,-0.0019529933916928588,0.10048446088155191,0.07940820437484417,-0.005425870611528638,-0.007037396801651918,0.10166153351850511,0.06502119185472889,-0.017277476275201264,-0.015417884276585903,0.0634470207839258,0.09780015105445014,0.5598404183480162
2017-04-21,0.01076149988849482,0.018139608394059103,0.07646705730254326,0.05797852356048883,0.007062728927138995,0.0060815906102488874,0.10324803155635293,0.06485584453541367,0.025808730728096176,0.008805509693738969,0.08970956357668589,0.10536743006137923,0.3823526147926773
2017-04-28,0.008022996036815755,0.010487731131820246,0.09348992646716153,0.06619431278843324,0.023085479024727865,0.023655122697089692,0.1128020760710903,0.07081445249746812,0.016248277049284464,0.002459493826086034,0.05309147855289458,0.08742647791284187,0.53310824376626
2017-05-05,0.013400721969674434,0.02914241780968054,0.09147217266680636,0.05699401256851841,0.017567838353163535,0.04303502886376183,0.12210296533831722,0.07319344365498591,0.004997624593677163,0.042361976984189684,0.07335007709466973,0.12064898509237863,0.5655975162487353
2017-05-12,0.007797779562111785,0.03749647444553124,0.0937655682317303,0.06748330811582784,0.007724041225662326,0.05696919408547905,0.1166306610167012,0.07274037141966469,0.062007542161352715,0.13343306790267773,0.11657523594428329,0.16504660322931972,0.44214800575662044
2017-05-19,-0.0009425145180170348,0.030758217993915538,0.07658512774792037,0.06709090818098139,-4.596137620293574e-06,0.049231079502896714,0.0913261900777806,0.06732006631457392,0.009922066947765852,0.1174162924274316,0.12314968858391215,0.16487733777533364,0.4629163833644432
2017-05-26,0.006492938971166407,0.02903571516717192,0.05911397921713504,0.05611063496046514,0.013856886106439826,0.03936586971873415,0.09083559074693115,0.06702624118020839,0.029770171759082985,0.11219062400297916,0.17789411735759908,0.1594125549774198,0.6165789810533097
2017-06-02,0.005794679889647393,0.01901707099934402,0.06716835080228378,0.0549242177561059,0.019466891337049753,0.04127725773454438,0.11023547003587111,0.07055981262826821,0.012827895904487453,0.12150828730304859,0.19729680565567242,0.15601915425076654,0.5756847744886984
2017-06-09,-0.006281275936284492,0.00480417774127331,0.06562240408383162,0.055186485060883986,-0.015821174806205505,0.01751213785591075,0.08691561826158285,0.085332047045874,-0.012775395017964854,0.028982929992494653,0.17045263785351894,0.15544703741147503,0.6568259329442653
2017-06-16,-0.01260375076280691,-0.006700290538718014,0.03265645613310153,0.05717039867271877,-0.004651115533243953,0.012994367898048663,0.0627030795885708,0.08344005519180932,-0.00044506437007578665,0.021927821910696668,0.1461443000985856,0.1565994112230966,0.6553440408325373
2017-06-23,-0.003603120972397478,-0.014602875670577786,0.04591936882487113,0.05808423160105592,0.041655754078365304,0.04055093286604503,0.11198975194058752,0.10774381385223951,0.008753948414627753,0.009613386761515685,0.17682874263587056,0.1610659317935753,0.471470047719358
2017-06-30,-0.013445955483559112,-0.028506922308432218,0.040313752552752206,0.06839553462126666,-0.020628978779687328,-0.00028877956539008487,0.08344090758299512,0.12245218338017756,-0.03055397135556024,-0.029723213776198472,0.1300147583510666,0.17870519729333945,0.70373713564648
2017-07-07,0.0005138407084683604,-0.020027902708180178,0.03871122990256342,0.06858173254594449,0.003047847972261452,0.018210297764122998,0.08822078902522974,0.12159748712682653,0.011087930197898067,-0.006217468960756922,0.16447281612750098,0.17092609445680768,0.7101085376377517
2017-07-14,0.013041900216559644,0.004029856022133684,0.05703336136887516,0.06915792107418577,0.019999626366599535,0.043431917902987005,0.1149541620537585,0.12125415067576761,0.04450411973992843,0.04221298366144497,0.2449223797622779,0.17109929435055146,0.710613687616334
2017-07-21,0.009263630867897743,0.009082287245385713,0.058594863391015654,0.0694769576465847,0.007724629529017224,0.009553261254413494,0.11518298405273991,0.12122398831068658,0.011270520325580981,0.03470654589180032,0.22319649622800133,0.16994389890558068,0.7060438228007598
2017-07-28,0.0034516425929280725,0.026268200796670516,0.04853757160573427,0.06732278881252213,-0.00761910085078641,0.023019850670100775,0.08165007683860984,0.12098222706429812,-0.00604828542286684,0.06123386536692359,0.18009835706790367,0.17210942233102522,0.6867965936566333
2017-08-04,0.02395838772326884,0.04107095125194036,0.04536042265728267,0.0707982420053942,0.012313406800612638,0.057498977152037736,0.1775246281802889,0.17205603658670995,0.0026783488882989206,0.0527277772775864,0.16778457586086382,0.17302206885459404,0.6002497448219571
2017-08-11,-0.00566890818147483,0.028272658072393098,0.042561679822276016,0.07612034890406594,-0.019575994550791422,-0.008766958560972248,0.08706337179888131,0.15955759058019955,-0.012012888498633556,-0.004493914687553091,0.07555092251301351,0.13987891869881175,0.7559572779189528
2017-08-18,-0.01531108662540075,0.013065549008878463,0.010168285542709477,0.07746329203599517,0.007996817384454902,-0.014284568551905366,0.08580317890307874,0.1595199749275129,0.00574550681940873,-0.00985465623118913,0.07017106816174229,0.13954001247120382,0.5580936250564168
2017-08-25,0.005549488989341489,0.012807114305574307,0.01553757173109438,0.07796070962826117,0.007885424162005283,0.008077038422647398,0.07241981781469448,0.15692292991141987,0.005354950329553288,0.0016988180357448536,0.0491427660861159,0.1324782958487869,0.5736564703869854
2017-09-01,0.006249561305476137,-0.004723659246935652,0.008874513906233485,0.0747399546702285,0.021017083801613066,0.016537810697316434,0.07767094787595422,0.1584155786223811,0.02272600204235671,0.0317863467538575,0.08565608938341547,0.11030349065977046,0.5700630687908862
2017-09-08,-0.003861170887568277,0.000795637151199147,0.021257600788702445,0.0690041915105582,-0.010702113853762006,0.02613060388021362,0.07049863716898727,0.1606643133409041,-0.0153217205074363,0.02734113222405541,0.07557914948967706,0.11584927459611959,0.7079031829570107
2017-09-15,0.011577663901457758,0.016497441108594746,0.04533656518876042,0.06594990500266901,0.01950767468776262,0.03706136910203979,0.09383088136917382,0.16181775584190902,0.027753477799389147,0.04583772678205764,0.10957424371974737,0.12155187889175287,0.7212665183511681
2017-09-22,-0.019631509122133985,-0.007784735808105748,0.020405919895067372,0.08045907309435728,-0.020562063551779544,0.00807816681968303,0.031028183378991842,0.1528564410591087,-0.006051446880120338,0.028762027459675977,0.09392663931198363,0.1249014259843251,0.7816264483608978
2017-09-29,-0.003443964761361174,-0.015545756368242205,0.03051891379375611,0.07460209965610297,0.0015961327135870064,-0.011382519553912408,0.06687126936329993,0.13487932821176946,0.0003743864791397214,-0.009568879868099978,0.09124686274928197,0.11661706934184275,0.7910268015408436
2017-10-06,0.010619274354246101,-0.019945539083356303,0.025267872245499715,0.07952679819335692,0.013586862114545984,0.013881665412697197,0.078500145432049,0.13571688451870456,0.014822021415283573,0.03144940237658689,0.09975234184839588,0.11460183285165675,0.7815701879932878
2017-10-13,0.03100569185195579,0.020062477326288145,0.061529930939931046,0.0937191996971055,0.026431950292177042,0.02067763799485385,0.05762612632514419,0.11465383700418809,0.027627523606284288,0.035397572044021476,0.0836609616985727,0.0977839565090594,0.832889585323895
2017-10-20,-0.003982338295100084,0.03079717966621105,0.056381099762278286,0.0854629044747398,0.01619791164704907,0.05885357955619126,0.060180642318854234,0.11576232391236621,0.010662532400918101,0.05734539561427364,0.12363626769433411,0.09713283498965063,0.6330990703140361
2017-10-27,0.008847111071913272,0.04448359856305803,0.05292506443984024,0.08439450285221775,0.032179890625275334,0.09100263629211863,0.1105306561603665,0.11974853154429708,0.023638133831829933,0.0758276189236205,0.13123212400720394,0.10389892301378523,0.7698583250097285
2017-11-03,0.013561771620154595,0.04772715805325371,0.04616246207651131,0.0796887462814763,0.013984893135028332,0.09138658839719063,0.11295505857346151,0.12003772512496162,0.018894127879376124,0.0808162423367703,0.13546812944686357,0.10500118811426093,0.7925094980682444
2017-11-10,0.009059749305344856,0.03138830555049524,0.05820176899114533,0.09628640290362896,0.0048789043178326,0.06864770545448975,0.14456776941466667,0.10424157897085574,0.010439954739870893,0.05436810601272812,0.13378566919011078,0.08884537233939457,0.8171080967125346
2017-11-17,0.006777531034807404,0.03633031695921538,0.0661583224768237,0.0960185012508994,-0.016880204785629974,0.0341782593097143,0.11455062412751697,0.1176434776873528,-0.006083657093742279,0.03701914258862047,0.11442091137309446,0.09419198607521284,0.7645913601491611
2017-11-24,0.004243400057661129,0.02436084942434549,0.06452533180630182,0.08212911529353331,0.013328695067767394,0.015601822994881734,0.12110985056500528,0.11804453104395339,0.01458141412979912,0.02313675212311026,0.13323534991816835,0.08669309278728851,0.7362716289426977
2017-12-01,0.0022207640275406573,0.013495381224711455,0.07040811923625527,0.09625746770511014,-0.014548430110171127,-0.014350663050067405,0.07805661886559981,0.12341934650561345,-0.00962706903661572,0.012134443534024198,0.0909352812868379,0.10162654618623575,0.748585842350307
2017-12-08,-0.004309507947183943,0.007014919443809411,0.06592888367831376,0.09766118502880512,-0.007633220611443248,-0.025597370099800922,0.081999064273721,0.12175275769257181,-0.006880485225359778,-0.003913953176745788,0.10227468111000505,0.09256000242173487,0.7781551136767821
2017-12-15,0.003533526280122956,0.006039655315050131,0.0705872964958213,0.09675443553726572,0.009316218921374486,0.0003798855167534091,0.07108404080207337,0.11863289965940126,0.0065698582024332096,0.008206477875887843,0.0853362304830074,0.08682372562554296,0.8315790150641208
2017-12-22,-0.012072439349902077,-0.010723822481560653,0.08719756952643831,0.07965081419620874,-0.005194133380014377,-0.01821955595692306,0.08842497153380674,0.10744029454454246,-0.009599867101829562,0.002973024879644371,0.11856191289447687,0.08346408682752315,0.7179237660855585
2017-12-29,-0.00653450539721363,-0.019406905485419235,0.08333664293881471,0.08191480374852125,-0.009234334183548598,-0.013060347191530132,0.07628004010450545,0.11177089477570826,0.005361703729900902,0.020081091404794946,0.1452719453610496,0.0748055785429427,0.6240494986198252
2018-01-05,0.008082657416468873,-0.0024332984459062724,0.07038308655207424,0.07300680823562429,0.03532088396126518,0.03351184604868045,0.08037014881586949,0.09955208093404572,0.008094707751431196,0.029408947237216234,0.12784602884481777,0.06121731180742212,0.262819806100788
2018-01-12,-0.0028465282465562907,-0.008976463078589928,0.03662989451398564,0.05296314193102339,0.016669905112953656,0.043817858733276885,0.07044205197346017,0.09319442339842651,0.015585863040841908,0.03395975199624395,0.12333225224685201,0.06212695631339281,0.34137172901057206
2018-01-19,0.011265464499959663,0.010801940210371421,0.05421776125964684,0.053372348676281,0.01706438394562695,0.06781651506701672,0.08088852949521988,0.09607166522558751,0.009752629133426827,0.038433614227557755,0.1236580818960911,0.04287686950303881,0.19294627894980335
2018-01-26,0.0059457531248254146,0.02376870774430829,0.04446537216595073,0.048691803005571625,0.01900267336900248,0.09355997288317296,0.07949184194533729,0.0949932622491705,0.019679524959637075,0.07265150328017067,0.17737975157625419,0.06278529384685333,0.15940754371485227
2018-02-02,-0.043790265865244066,-0.02958300432883996,-0.013579921112732537,0.10251309319435853,-0.041305955108506764,0.010805707746527046,0.03294805488911603,0.13432797622640355,-0.04369884415049918,0.007319550655059737,0.09868085469656082,0.12330372177201593,0.816710225080764
2018-02-09,-0.03790157685685758,-0.08154127995563937,-0.08922157245212191,0.12498884372130938,-0.040771230984855224,-0.04609447264609452,-0.014487220239238584,0.15965875342781538,-0.05090944779601845,-0.04035512549556504,0.07981202216343944,0.16520316384273676,0.8776394926730723
2018-02-16,0.04687143182575078,-0.04445384742726151,-0.037007220186581556,0.1645932862069159,0.04358157515748071,-0.020995296053954934,0.04105404314938901,0.18049317967470294,0.03543329970570864,-0.020645974032598782,0.0879408973674601,0.17934173044845667,0.9005084163160632
2018-02-23,-0.02321730229230348,-0.06156645868609703,-0.05853584209102794,0.1641342254164522,-8.606964179787052e-05,-0.03993926262655469,0.03331549132148757,0.1803556242211193,0.02778751946648348,-0.006613758281298822,0.1348660707108692,0.19508579861414388,0.8194093392534594
2018-03-02,-0.021611739512978415,-0.037711639650069385,-0.08173466142739393,0.16653896219195188,-0.019169309611204468,-0.018034354643360492,0.023060076471725775,0.1850452373806477,-0.03836142045116782,-0.028995072461182957,0.10756206332999811,0.22676932539525296,0.8808904968658062
2018-03-09,0.01594470841418678,0.016290701190154435,-0.06274496714620725,0.17234896869259184,0.035185222981353445,0.05985554661044681,0.06727399950492166,0.19567979569074773,0.041522480909732276,0.05678738183473354,0.16119271085027023,0.23405380282739088,0.8935750564751398
2018-03-16,-0.0007513203601425596,-0.028973278810344016,-0.07544662130781808,0.1688070807586112,-0.005931108755355386,0.009257759356952923,0.05535490391948457,0.19676626706849962,-0.0019817400867740316,-0.0015003548990670142,0.1429115886831712,0.23553169744387625,0.8941433879492563
2018-03-23,-0.06575746327116577,-0.06876883954801757,-0.10501566267976355,0.21732445032311704,-0.07887527035462212,-0.07094919769222004,-0.02498372556340056,0.25730908759362653,-0.06611183999828923,-0.06334005045867808,0.07050960596764928,0.2903755133962908,0.9106222421002594
2018-03-30,0.031089539255393907,-0.02217414232092601,-0.07119732201689695,0.2308887482284433,0.02623986519665609,-0.027768683696100797,0.0023058924245844756,0.2632494558050791,0.01084848634024178,1.527927763973454e-05,0.096458151325648,0.2624548127733779,0.8933893455820451
2018-04-06,-0.008842668607031225,-0.047502535749190604,-0.0867593136916974,0.2292334106160577,-0.023497851698044036,-0.08229735806909114,-0.05874902986396986,0.2557443285419156,-0.03147967341495912,-0.0945690876497998,-0.007720362618386378,0.2843421329681129,0.883602511195515
2018-04-13,0.007620422112332183,-0.03837035069639787,-0.07670428851940514,0.23085171355533193,0.03177790819299751,-0.04815079581522601,-0.044306330631125844,0.26272329144788414,0.033038546902154624,-0.045303944278950035,0.02422945548008706,0.26395282156601935,0.8904922080525491
2018-04-20,-0.01644707808678845,0.012171697624234645,-0.1008612057425589,0.22881746933064415,-0.015359853955397452,0.017647568591944825,-0.07332750164281904,0.260073903121814,0.02000170337477987,0.0326275758727703,0.03990851023062926,0.2662335485784849,0.8805558325386768
2018-04-27,-0.0018412180443623024,-0.0197694086954894,-0.10681200267213953,0.22735257509706522,-0.0035239640179016707,-0.011668450670040274,-0.0950959755229702,0.2547919824530839,-0.0016476648377163005,0.019913680529384227,-0.004678347588812382,0.2521145645345338,0.882618570754632
2018-05-04,0.020450701307304267,0.0028481518530665273,-0.06862339475394111,0.24776878439489416,0.0032567781212880387,0.016608540505192428,-0.05317944237693962,0.24420248712491813,0.013357484842846202,0.06544653627120911,0.029575200984786013,0.2482276883089103,0.8823677297559857
2018-05-11,-0.0017840947675826996,0.003436644743670737,-0.0064538461304511005,0.21055096828987585,0.03064488058623871,0.01509977106930234,0.017198617735757288,0.23884497929541093,0.02861274194029697,0.06074572033494272,0.10494978782805588,0.2321717004119132,0.8359438949174837
2018-05-18,-0.01684224115582964,0.002421809435333166,-0.06735313217580235,0.15639266360554963,-0.016126067393492982,0.01354984289789991,-0.041651799930595604,0.22297965796181682,-0.01733049797277897,0.021856010836985008,0.028322057789606992,0.2133018895284736,0.7655771133215369
2018-05-25,0.002955548576891932,0.0031794141194945655,-0.04381844888341877,0.15197613737663548,0.0076859324738765234,0.02555668938508604,-0.03460808629320354,0.22391851580132183,0.019211864123315124,0.04383316995082376,0.02636109169924015,0.21253461105695173,0.8084330644025329
2018-06-01,0.0010765273488157812,-0.014827333780181464,-0.022105786993346917,0.14669607943632224,0.010461266505071908,0.03263378208903511,-0.004302064156992035,0.22198147615982913,0.015258336057185384,0.04211831988716976,0.08492467713062371,0.21974906220679574,0.777976016062698
2018-06-08,0.011808932872085554,-0.0012921195003031895,-0.02701705641329258,0.1448011248035918,0.023565126077245813,0.025331457497386144,-0.016028707611692082,0.21514524728380463,0.02452288363795088,0.03327374368556772,0.051726753279347906,0.20335314749569525,0.7876778520846588
2018-06-15,-0.0031197318460524756,0.012280706496646279,-0.02920583220513872,0.14481185680372013,-0.01038591263303923,0.03144046637672997,-0.020015573158566675,0.21579409914685224,-0.006669273466854664,0.036920671143320094,0.04575388762131964,0.22302563140968173,0.8082296027498349
2018-06-22,-0.0023418187034629284,0.0021522203468720804,0.029786081541451973,0.10293274075088532,-0.01914665234953339,0.0038207432363965605,0.04309702646301888,0.1434239363690625,-0.020056781709695184,0.011043338940413448,0.10265813705442751,0.15041644072421437,0.5900524275714872
2018-06-29,0.00117706713485628,-0.00018408041420891943,-0.00791341767897917,0.10255965870984611,-0.01577907487532413,-0.021623339644004938,-0.00042400519919965143,0.1391197653160436,-0.024743914023284644,-0.02454511374892201,0.06147681764382472,0.1628628268304457,0.6760795937812732
2018-07-06,0.008076421115406606,0.022481597126120814,0.03746440404301878,0.0595148754537211,0.03128621325963436,-0.001729655198211064,0.08064841132451167,0.11892133874990685,0.015480783304045276,-0.02904657155074586,0.11586819615909913,0.14054589624167424,0.3729101258158951
2018-07-13,0.0012544026614075944,0.04754451845011287,0.045055702179501285,0.07722905733620528,0.022810164528584375,0.027696671654928375,0.0712977214666068,0.11211178444792427,0.03295537832497435,0.016929832358999187,0.1545794732366287,0.12142595430429333,0.3632055355428479
2018-07-20,-0.006646241503295825,0.022951660407970788,0.04216267970154135,0.07870103482566344,0.00185381970935814,0.0430262798194188,0.0682440950259687,0.11235954408218594,0.008697379021856567,0.03534894998024289,0.1353068633455125,0.11777335391429392,0.39375757369202796
2018-07-27,0.009454434398045719,0.021228095121843628,0.0447084451284653,0.07924145057601467,0.0062638128314623336,0.06355126082956193,0.07235456906918852,0.1122008642350129,-0.00041970836792988315,0.0572849362685727,0.11349668041133296,0.11765300880123505,0.3835510019888975
2018-08-03,0.017400857871315668,0.021741830886628222,0.08145155768143081,0.07066923899026879,0.01619611417663147,0.04767050387722219,0.09140668774027244,0.11307931636357971,0.0020399944440662844,0.043664570111728154,0.10760692479413422,0.11837319827451201,0.36777727026989093
2018-08-10,-0.004106535109314447,0.016447865360507886,0.06827541089297669,0.07326797170435807,0.0049358243661396855,0.02965582460504006,0.07297536935407081,0.10771577414262258,0.009948246103046766,0.020319085831676457,0.09007250977415145,0.1109854339450477,0.33533881339651056
2018-08-17,0.016695976148221513,0.0406836476444143,0.10351326252540849,0.06217037672204078,0.0003636144498823106,0.02858847285467181,0.09131296451546156,0.09781351208381628,-0.006743159388486396,0.004768452542738454,0.09703061411126462,0.10693365153283257,0.10130280274590475
2018-08-24,-0.0007864219426414461,0.029701774174941645,0.09177177480587853,0.06423558023692374,0.02627164522700927,0.04758652326448272,0.09876508876796773,0.10329560157262813,0.03720333702148224,0.04187576685267236,0.12415129112430642,0.12268151715296663,0.06424284646061636
2018-08-31,-0.007182073198913575,0.004243776072989181,0.07303601290442793,0.06945060518634015,0.003543348584575745,0.0346416864548768,0.08365741018533672,0.10137561333762714,0.02580459057535578,0.06663585579937573,0.13687384871497707,0.1267267376785738,0.029135908129629406
2018-09-07,0.010289120427203024,0.01871756321663445,0.08324771751976914,0.06942723824522862,-0.01116293119028806,0.01740189222098585,0.06836890397732381,0.10731226501079227,-0.007060693105153027,0.04824055515041037,0.09706361732791259,0.12402761616091192,0.03832588767034132
2018-09-14,0.01036258832917274,0.012706443079892304,0.09563208332717577,0.06776261506461309,0.024337869443618133,0.042666294097947866,0.10170919394829014,0.11004825277792167,0.011388923365435646,0.04825983535145388,0.12872023464881624,0.09567576974854702,0.04935577547633324
2018-09-21,0.00791500758386241,0.0215435894771548,0.08635572804121892,0.06423168068469211,0.001495438432832041,0.017445478639543266,0.11849196917889912,0.10187431070822306,-0.019489060958805433,0.009756944949297443,0.11859078925949401,0.13782516934846745,0.14975302610932897
2018-09-28,-0.009542699839073122,0.019137923855605865,0.06477393420366809,0.07056098748414051,0.011675638023651616,0.02550980845004318,0.14687086205273364,0.09030592371220839,0.03028454592397196,0.0027591289245639137,0.17358059883973948,0.1299796003908922,0.12661952787353384
2018-10-05,0.011098993728218121,0.019738908363325414,0.05836739567998684,0.06690114700798887,-0.010939852220191625,0.025385006413052948,0.09890486431728901,0.08817765922929544,-0.03816381815624086,-0.01669917185699523,0.10826160024318066,0.16398280223646583,0.034853161939315536
2018-10-12,-0.02878111863352646,-0.019896575740931222,0.026291281916406308,0.09425095224200565,-0.038346320899582655,-0.03703558081530813,0.03360054336571934,0.1209417905191084,-0.013737663389683474,-0.04971601289539683,0.040710915495981145,0.12791563802827233,0.34791586415687653
2018-10-19,0.037350346842431215,0.00845925298073087,0.07107599279859596,0.11543030379447004,-0.006711063669639451,-0.04438085240725663,0.025906414448938576,0.12243807497058515,-0.01764741243032175,-0.0590045064294733,0.015862515317675203,0.13408397994217006,0.23453038070834484
2018-10-26,-0.024318512795709468,-0.005770204453145248,0.03463941627226812,0.1292252480525103,-0.04390280317359674,-0.0922336275849023,-0.024049325596550996,0.15253966256248608,-0.03814456649231428,-0.07816857253652801,0.02651085945000571,0.14800375292128587,0.5212854411428033
2018-11-02,0.01707485824527293,-6.321879909314265e-05,0.03337074977890877,0.1290671787191943,0.021183959148058484,-0.06716429646776625,-0.023205638035858577,0.15537681031475642,0.019103989105297137,-0.029330624953493815,0.017561503225718103,0.12922206831862365,0.6011486156713505
2018-11-09,0.026674639803454525,0.057281955990320134,0.06518441165809796,0.13642794220445653,0.02138678474061162,-0.00873367817637245,-0.005063909271243117,0.16160898028931223,0.03209969847840353,0.017742354127436834,0.04141155526514202,0.14244633893992398,0.6565060376067565
2018-11-16,0.001770590771085657,0.02061974772962607,0.04942300774118946,0.13419818678885467,-0.03935457024823252,-0.038606978803677354,-0.04000109981558207,0.17966949547831454,-0.022162229511714426,-0.013043502699136832,0.002383758161868907,0.14781587730155693,0.6446674241445418
2018-11-23,-0.04071622640374442,-0.02630863482927033,-0.022483441760551434,0.14039217763907955,-0.04804339373515821,-0.04389633009396115,-0.09671143121986785,0.1882651770687571,-0.035950889702963854,-0.008029034787919097,-0.04207221746840116,0.16251519285178442,0.8289253378666029
2018-11-30,0.043738019850547524,0.008149832032298621,0.019490741741767036,0.16730084968097955,0.06637203731115707,0.002963480261715265,-0.02186321635505258,0.23209807946681868,0.0772521357145283,0.04778251257484616,0.017832248339583984,0.22754373099733846,0.9040324871133878
2018-12-07,-0.029088004549805025,-0.037579812500183524,-0.01155111947827148,0.1780300263046419,-0.04338391797267571,-0.059510048191182066,-0.05123343981675067,0.24592620457516157,-0.04032044248006257,-0.02589122999628364,-0.024712313784325965,0.2425630755861471,0.9167041762113003
2018-12-14,-0.0021434003170030646,-0.029264403288045783,-0.026015318028521372,0.1748341981899453,0.007461406829809425,-0.01776764714917931,-0.06315776000958981,0.2404313123546535,-0.020511853715730367,-0.02306940102064321,-0.04808185856392651,0.2191592805081285,0.8930936743314497
2018-12-21,-0.06570975202466232,-0.05501908781703655,-0.09526504048968179,0.21418035216988562,-0.06589512567490236,-0.041138737131448846,-0.1234262188550555,0.2678112111776624,-0.06741428185281094,-0.039943370737213636,-0.08487057009823065,0.25318132942719024,0.9435408454473463
2018-12-28,0.01123819967285511,-0.0846412242297592,-0.08104923425781382,0.21741647819259713,0.014462149442933402,-0.08648030939392617,-0.10915316876518827,0.27121375035172507,0.038421385338016645,-0.09348127032646952,-0.09737758969096579,0.2919528414493768,0.919520582941317
2019-01-04,-0.003284923073216907,-0.06653182444700499,-0.09962924113490866,0.1908762522566901,-0.0033863863456478735,-0.060134928249161695,-0.1611343677224944,0.26139753916936576,0.0196762004356351,-0.03985115795518857,-0.03832513097290822,0.2661525761643644,0.9382132572323724
2019-01-11,0.008423946849147778,-0.04999188783811189,-0.07167477796117844,0.19073450581349968,0.031752774648872495,-0.023999481945391275,-0.11610398872308093,0.2744134910963776,-0.0005143571539292686,-0.03404836225874355,0.01717567208716693,0.18857263407193578,0.8984050014030149
2019-01-18,0.010595403014926941,0.022757220845619222,-0.0778912948291998,0.18931354150938218,0.015817958639535237,0.0650830158031619,-0.10790690799185591,0.27912403796444457,0.013260049593252443,0.027840767315164786,0.009013631066318872,0.18589851792559609,0.907968599248895
2019-01-25,-0.012694577511366623,0.0026468147890886364,-0.06357420056580382,0.1839049413508879,-0.0041285060492523675,0.042129484921117406,-0.08442734003310494,0.2730178561351463,-0.019139184621798845,-0.002628360516514428,0.013192551673270226,0.18371341734428412,0.888796847035294
2019-02-01,0.0424707365302993,0.04927989421533108,-0.03039915629171193,0.20669922180798694,-0.0009076815180478967,0.04101684909902055,-0.09360225210730853,0.2704980732353408,0.021056044930578957,0.013348706214844899,0.02900043197934366,0.1878307891075514,0.8493714928089791
2019-02-08,0.008108623982618557,0.048804683783431176,-0.041306694563262,0.20345536015935747,0.010001792436719881,0.019808894190448914,-0.10324857662805692,0.26884261581050056,0.008843507254211947,0.015211638523621864,-0.027205661195265064,0.2065558558033435,0.8702252384576683
2019-02-15,0.0058461315566688005,0.043172845515213366,-0.026212031846089827,0.20311194890888484,0.02029365355192461,0.023451238321078604,-0.04170879181667828,0.25864281638783415,0.006496817137188704,0.024225821484230473,0.010579649590372497,0.17597553342863095,0.8826487027430888
2019-02-22,0.01739242612161771,0.07481088308693315,0.027184209374267913,0.1918060910827995,0.015987768799467353,0.04456769105765988,0.03307186231480237,0.23174426269802212,0.021001497624347068,0.06818027645303175,0.07016453617544131,0.1611428668406097,0.8690416700070567
2019-03-01,0.006763799544757742,0.038089745084004846,-0.006639219229808525,0.1729845318974942,0.002189831773924911,0.048977367646349954,-0.02227762291197362,0.19766429926932258,-0.000819869277712027,0.039987223039850674,0.019063964313877024,0.12002280789264652,0.8304204690256324
2019-03-08,-0.013508985420044532,0.016195966041698172,0.001811617897044004,0.1693837747186107,-0.025956361445957237,0.011589539551249486,-0.0018610490841940225,0.18206761614483338,-0.0132944978471651,0.006955104996816597,0.013934506136122661,0.1371950647639849,0.7938525491133158
2019-03-15,0.026217418257522152,0.03680664393163853,0.03862972140580472,0.17516454710672436,0.05428114579507453,0.04515813693409152,0.06088462040063742,0.21024264921859478,0.021411896024536105,0.04328011511788538,0.06176379309833906,0.13241544433519023,0.8277877805228188
2019-03-22,0.009358510452025116,0.028916290843860805,0.11906570070926745,0.10687605659266701,0.019079078094797544,0.048883638059015994,0.16438688689400582,0.14078660590742315,0.002654940367419689,0.01412435383242494,0.09411249171463586,0.09755875483107818,0.6354213483274118
2019-03-29,0.0004652196438325704,0.02223358775154487,0.11080192236494363,0.1081251024625173,0.006842831467308087,0.053968459142902936,0.1497749479811752,0.14030604234574637,0.010705625825481424,0.026773122540362303,0.10546387683122777,0.09850581801620972,0.6578753612422447
2019-04-05,0.011869851407758448,0.049147229898999716,0.13006061986869055,0.10538391554950077,0.020048569285235133,0.105615086983538,0.1804571867974169,0.1377619096686896,-0.002590724938720168,0.04833845846310458,0.13095685526508888,0.07680015840490366,0.5593205426320055
2019-04-12,-0.007229856194320572,0.014438305284279652,0.11241497997448359,0.11049456926706769,-0.0032977904457345275,0.04351578502553635,0.138415744281098,0.134571769645854,0.0008728307853979935,0.007704955671901326,0.10738482077019143,0.07912686765902732,0.6228885398393805
2019-04-19,-0.01007283849744829,-0.004889392693924743,0.09089746553578845,0.11608468275384234,-0.008145192433193517,0.015522617928438967,0.11127080962636482,0.13857216416837026,-0.014273307970952364,-0.01082434104857264,0.07737458469417677,0.08932403768769769,0.6531000089838902
2019-04-26,0.006990488410791841,0.001634447492200652,0.11071370175646111,0.10837253795739968,-0.0003175175410034428,0.007973290709242353,0.11283491894512204,0.13730963592556975,0.024679859888460425,0.014281484376837874,0.11338738767985915,0.09409649095147324,0.5835623841191372
2019-05-03,0.007239035984877052,-0.003006336905748121,0.07331500867460859,0.07874088789389488,0.020723970048050912,0.008807650714600613,0.14024767174923827,0.1377233367230039,0.015448309811838711,0.008424644967529708,0.10350373751552942,0.10313382154371627,0.8203081790482045
2019-05-10,-0.024817156745795564,-0.0216879078928784,0.03573642958034062,0.09872661829707115,-0.03066051856839496,-0.01901862664227738,0.09063823826206258,0.16008661840140595,-0.008401635478511516,0.010558760068302453,0.08215386970222412,0.0862034795336699,0.7919257981643578
2019-05-17,-0.0006170093187174205,-0.011063822360045373,0.028316971147420912,0.09871119308482022,-0.012453262990370438,-0.021379531247449544,0.0540209186249115,0.16169680701024736,0.00913921242639899,0.020468874535876848,0.09179924829497432,0.07547572586724319,0.76239609164722
2019-05-24,-0.004962557113880649,-0.021995090612872838,0.004973907259557132,0.09392057791376081,-0.019882431801755817,-0.03941162179532128,0.016740592629383145,0.16648434824332264,0.010067849447587629,0.01659615458343555,0.05511483925343326,0.08924927198437169,0.7187209973878873
2019-05-31,-0.02765522194757728,-0.05537589269083898,-0.028836051936803345,0.10825300310461525,-0.024307045976233968,-0.0791906572087033,-0.009549037226696934,0.17441076713993545,-0.02267184245942571,-0.025384671499790224,0.02845309025784702,0.10404403728050576,0.8306628307068014
2019-06-07,0.04433444951184997,0.009516935078641688,0.02831165689167783,0.1391419496289221,0.05232290938391744,-0.005288115532802376,0.06865492439859891,0.19373032108519153,0.036464544331806216,0.032643231279158344,0.06632499023029066,0.11548993997754292,0.8219844361432495
2019-06-14,0.00578424812017433,0.015668578205083383,0.007660154006575735,0.12965989450777352,0.003126796353135242,0.009143779726406877,0.020161544092860154,0.16268143453337375,0.011254530487335402,0.03371357034322564,0.05891544008294902,0.1275033261709172,0.8174263810036493
2019-06-21,0.023865828809788957,0.04581442673019086,0.021376019224312384,0.13684598050651217,0.01994467185411926,0.050174365202911464,0.02056861219951638,0.16308910138213112,0.010726289649788945,0.04452499606253402,0.09109628833208144,0.11732360694891716,0.8207616315728022
2019-06-28,-0.010681131347041852,0.0642069411062424,0.010110065122819756,0.13916200495623782,0.014692322626782196,0.09345153149136176,0.025972483004940684,0.16487787685341718,-0.008138886692111826,0.05765066655101556,0.07022965344038234,0.12063254497087406,0.7827721527816616
2019-07-05,0.005623839608897852,0.043721198496779,-0.0005838460767174881,0.16687508620410424,0.010896047966468658,0.04896215670902012,0.020012412205622002,0.16162767429665495,0.021797074907930418,0.03353075368280796,0.09845273785777109,0.12254231300644941,0.7567202474192958
2019-07-12,0.011802934264850861,0.04753535657014876,0.02143651958812494,0.16660263903685077,0.0036226776684775254,0.05023685858350131,0.025261851136067957,0.161284894419869,-0.0035497480071735804,0.01879030778606159,0.08640425634673315,0.10959582451404132,0.7465296985475712
2019-07-19,-0.011122752861645302,0.0026250693807784,0.003808597999249196,0.16814810630626068,0.0038119695923090947,0.03317411146487291,0.037746980263317895,0.15970276432384795,0.002700449955112405,0.010311984541118771,0.10174437367029066,0.12119449131223492,0.7448284704568846
2019-07-26,-0.0028910871711629975,0.003268847802389964,0.009964010292551827,0.16699799972430857,0.015527448652951283,0.033888448866411514,0.05217794394857048,0.1613289415801063,-0.0008687841675258934,0.019879128294358405,0.08850993599752668,0.10567470810016659,0.7542896953418049
2019-08-02,-0.02706246497578009,-0.029263157288674055,-0.017289904237909548,0.17624860343809698,-0.041941159407571524,-0.019736062841924328,-0.010594275702181587,0.18131769218135985,0.0051628860870668765,0.004786749614853259,0.08197257604585642,0.10527919605750401,0.7270976588983551
2019-08-09,-0.006197203261338435,-0.04542694589570169,-0.002813636681159525,0.1720185571801431,-0.009336080689239612,-0.031747055692226536,0.011989650532659572,0.17059878935923284,0.008917394706911042,0.00372309814596483,0.09444519716942544,0.11482902061808761,0.8284768053042231
2019-08-16,-0.016498608612984668,-0.050405452077183124,-0.0010246329816094215,0.17137192026945847,0.0016152447181582389,-0.03294397489406394,0.027459950293768402,0.1680087838900282,0.0004695828030393701,0.013009929548212895,0.09313952932517486,0.12799821557826155,0.8377668976492677
2019-08-23,-0.007204879142088162,-0.05448049674223988,0.006543640630589809,0.16957043049611947,-0.0013411789468032792,-0.048622274228986226,0.04934013372234304,0.16135414301201423,-0.009051961260303922,0.0030255610301438626,0.08323817574393916,0.12432433564218258,0.7933835113656026
2019-08-30,0.019487155645175693,-0.011105660910512283,0.05851808191260493,0.1578835854419563,0.019854205213099198,0.01009372416222576,0.09797836315166984,0.15199053848409802,0.013925911115271618,0.03212279837859557,0.11699164044354374,0.09844369391353522,0.6419345402605577
2019-09-06,0.019532728168709344,0.01456190202025618,0.02173824880253612,0.11940083027620761,0.025776893417567198,0.04709656144016266,0.06946876318441964,0.12459708397144302,0.009261389444107416,0.01725420620488629,0.07715827145633317,0.06687977975826866,0.4155592795683847
2019-09-13,0.03204857545456788,0.06511567837463779,0.044947861353749625,0.13366735822276446,0.0003272692511137507,0.04594628405444816,0.06672697089063173,0.12491422717035255,-0.010806427216077807,0.005196249849920663,0.062004730619298835,0.07872548533776176,0.392027150840687
2019-09-20,0.0003750845490583018,0.07250486518341206,0.012554941771050588,0.11742148091285587,-0.006083836760688023,0.039704803360288705,0.03717177744032705,0.12212854560741507,0.015515343765213376,0.017404459066772748,0.05659550613329372,0.08916520721779564,0.027167509118858745
2019-09-27,-0.007433831042509054,0.04373272725554318,0.009769958962998615,0.11836760929892137,0.005844994462929498,0.0251499052666933,0.02851945178173055,0.1196772479807439,0.016895700659005808,0.028832285996036204,0.09082936570980768,0.06384526392669061,0.3079276670506487
2019-10-04,-0.027009086650360593,-0.012241412795190733,-0.04601932817366077,0.13839968367179373,0.018444701436173206,0.01816621326322685,0.037951101422723454,0.1229618259284087,0.005638179921176835,0.005820084847401843,0.07825518111714244,0.0801492148868147,0.31460364742780467
2019-10-11,0.012615278289475531,-0.021805345713389455,-0.04772345423796172,0.13803185696283082,0.007510277846034754,0.025414709593374687,0.04080827942171056,0.12332274728231098,-0.009112919113058029,0.01598066497154085,0.05620252086175173,0.0843703088659769,0.2598464543685835
2019-10-18,0.0022723378457493834,-0.02110149210049552,-0.031134686061703415,0.13608991940339032,0.009028552274597224,0.0416605065296886,0.046724373329972785,0.12389731752608106,-0.008439654189539448,-0.005408383905219206,0.03771980626229897,0.07491385333797494,0.20758884720827006
2019-10-25,0.03660859529338999,0.023789323359556903,0.011443893551053217,0.1558773023992355,0.015542923338806957,0.05409114689796535,0.048773419187984224,0.12390384219051281,0.006609883027717435,0.012345994270018236,0.08782735154369146,0.07782676041953679,0.4193389651806309
2019-11-01,0.007930806723212535,0.061801418129284885,0.051219796252560346,0.14081044961300612,0.012698324482555857,0.04677607521522651,0.10801096757396453,0.07605995808503692,0.0017988247971836733,0.007002577628241703,0.0772555811735871,0.07681333825708757,0.3404602790621553
2019-11-08,-0.0019888078077292086,0.04292268608406109,0.05460906810070552,0.1383737462082855,-0.010393069769558005,0.02766359350765872,0.11247396318959119,0.07710702276998002,-0.014569962338617137,0.002035534229637959,0.06482638962946753,0.08899057760986426,0.4339607343717611
2019-11-15,0.0008429405042612358,0.04086646813913171,0.08849899741407818,0.115640032520616,0.010887703221001233,0.028854542772761314,0.11887464338659258,0.07621225458612818,0.013352126893948157,0.0038348399699089882,0.08005814099048711,0.0862261584059982,0.3554396572760845
2019-11-22,-0.008544133136553089,0.009260144139091531,0.10010425427265167,0.12236472159064131,0.010023582205537807,0.022506770090366016,0.13150051216133457,0.07330645657510884,-0.005102811041831702,0.019006933641355465,0.11647904128593188,0.08807916826887427,0.3596442236844246
2019-11-29,-0.002554200550079023,-0.001178169771713677,0.0715809580022126,0.11845346955469509,0.012491018358119499,0.02251865965861426,0.12339808919215296,0.07007237188277214,0.01217513124546228,0.0008704291860702979,0.08562852806892515,0.09412778086889675,0.2690109637670945
2019-12-06,-0.0013775313675447702,-0.010515535572771895,0.04746336703908534,0.1022472664439912,-0.004871565310435133,0.019391094109813014,0.08826133849516626,0.059900657268165576,0.004280916097896203,0.01780896341853569,0.0880758653780211,0.07294379793844206,0.2421218199393503
2019-12-13,0.004064447948462324,-0.005989650745022335,0.0220950164085445,0.08645835647835952,0.017251327528206465,0.027750561857273336,0.10543552670151803,0.06212690188279397,0.008779167630598517,0.0049465635372966995,0.10458002704204694,0.06078935860957485,0.2788337821155935
2019-12-20,0.009293675001152258,0.0066694203587476485,0.032436967091819674,0.08760846990155445,0.01838670761138217,0.04278653181837398,0.13777025993703185,0.05811720984716028,0.01372821761121088,0.03055048833396954,0.10910883068113827,0.046345518540970715,0.33640479666626616
2019-12-27,0.001168182492388481,0.013396890390312732,0.040112745888758024,0.08567247773734996,0.005683761851998881,0.037165494623205494,0.13407661157963333,0.05851085432206007,0.009895623102285755,0.037158491338874056,0.11363162744729897,0.06588461220294121,0.28864876620928975
2020-01-03,0.001963365985384202,0.016607604889655805,0.06254397630220983,0.0728135153573571,0.00013243583840951703,0.03757427608235074,0.0789237939745054,0.05549393093988893,-0.004155317254106894,0.029076015012199058,0.09525025526031383,0.06913024703455248,0.41270540061459665
2020-01-10,-0.008786136045579696,0.0033378570408215237,0.03223636843893445,0.07017136152794257,0.022869529967027537,0.04261514206032997,0.09571933633272438,0.06541976678113955,0.02083190686306593,0.04122912490882729,0.11052320427599988,0.07459473604066952,0.3147287216881805
2020-01-17,0.00968118984672528,0.003995980418027669,0.050517039694167175,0.067203582828179,0.026323084973864708,0.05015637538281839,0.12840063226908321,0.07106260158043096,0.02957660244234357,0.057582424733415405,0.14727845559142233,0.0821089458687432,0.32059290871171037
2020-01-24,-0.018703940987263044,-0.015154608564261408,0.0032662832566583214,0.05928589794299604,0.002098783260184113,0.05209713474929299,0.11885138855402463,0.07247359392759553,0.007246277166604843,0.05446082027922757,0.1278939529914549,0.07762810774629199,0.3132634584899124
2020-01-31,-0.044360001961930906,-0.08047705149250405,-0.067857959818253,0.13136473132957394,-0.004939019747216288,0.04715709625105857,0.10923982770446139,0.07698030195270586,0.001153661579186993,0.04964963977506491,0.10749831442891414,0.058051598370903325,0.3798846282026253
2020-02-07,0.01537744624092292,-0.05534689508056838,-0.07888838527573075,0.11970996934566944,0.03633707138080944,0.06043408544631977,0.1492295911185562,0.09397177499234774,0.031512781160062356,0.07000005369125839,0.15874001105313984,0.08411457980206995,0.6043055597880388
2020-02-14,0.0009996471592626632,-0.0643560747116166,-0.05976577015927414,0.13158426563926612,0.04652320017185123,0.08022582935299472,0.19222340474280758,0.11817690445661284,0.016862787340247067,0.06510485797523424,0.16975301806600973,0.07932918397774547,0.537493971287193
2020-02-21,-0.015262876590830256,-0.049613606537605985,-0.0746964274967325,0.13268878265065046,-0.008973416164178327,0.06839172144038518,0.1730454673952065,0.12597374497649683,-0.012403618538778338,0.039492837930712704,0.15777468637902456,0.08854612123262998,0.5927052350486933
2020-02-28,-0.10563635572064758,-0.10288873672836191,-0.1682083067291946,0.23964916413626858,-0.09198417358906955,-0.02262331584587427,0.05535770026946586,0.24392726666380302,-0.10925257669821659,-0.07731127100209768,0.022725795576788554,0.2574849973547898,0.8936519850328035
2020-03-06,-0.02105060586466987,-0.1274751758998504,-0.171339379030084,0.2506053670801527,0.007917628552803513,-0.05004099158303375,0.07201578667820636,0.24270864937737513,0.02962819794959455,-0.04377832795588743,0.11225501797856349,0.2663155446907444,0.9279365592333392
2020-03-13,-0.1355686737827056,-0.24640416097023685,-0.24864292697759682,0.34370778523189466,-0.07879478715003904,-0.167301207719609,-0.03681180971695945,0.29337498351304636,-0.07279779494057945,-0.1423059904794671,0.01677422221037248,0.3244925297926732,0.9448270901294097
2020-03-20,-0.15307019207554085,-0.3490409374351091,-0.37981918773140544,0.4046658343069499,-0.12493932890872489,-0.2635506923168173,-0.174588711049329,0.37816560415923595,-0.12598368128170934,-0.24122209030456526,-0.13448929549626965,0.40807145521360644,0.9609809447025665
2020-03-27,0.12983816904926537,-0.17583826957218124,-0.30251301754654875,0.5202021151362987,0.1447947520720793,-0.07406539465736653,-0.05502366726158064,0.49295676220990003,0.11754153364646495,-0.06095656153497249,-0.042631657501395505,0.4804883731958931,0.9715003216240271
2020-04-03,0.040600899275854294,-0.12510118797303624,-0.2835649883910968,0.5335801440178384,-0.016573562236781993,-0.09330711007526254,-0.07089777134603091,0.4938131945292318,0.012593327482295755,-0.09019187561997911,-0.058681214333819766,0.388647114327643,0.8918538629010754
2020-04-10,0.1029416710634941,0.09328477553346107,-0.20342512177668975,0.5901880114294306,0.09610475417013162,0.07704336684651758,-0.006034695731533304,0.5307929936349324,0.06410960713469346,0.03114144114040123,0.003864107469346713,0.4040395610910481,0.9208061768524359
2020-04-17,-0.00847265380741793,0.2863321003022009,-0.21655580409168468,0.5886613500511728,0.04745148260975847,0.2909928440654347,0.016376959600627995,0.5365347154853988,0.07857035166522297,0.24173307317578968,0.06430045641475104,0.431202230501038,0.895880770982961
2020-04-24,-0.011837441169339203,0.12525902350719054,-0.2009708772267099,0.5873292146324275,-0.01986187392734686,0.10618985482898996,-0.005171426027994342,0.5387065034399747,-0.016254481568087155,0.11588346268692558,0.0023301601774916806,0.5203173404908628,0.939833733201182
2020-05-01,-0.004704505621668777,0.07664770133717319,-0.16936473892883602,0.5836428731662276,-0.021308677655909602,0.1012411659348593,-0.01816878339259107,0.5406829729364409,-0.015986619106902224,0.11329296382032142,0.04346921181115739,0.43387742098205384,0.8904679973015348
2020-05-08,0.0361746342559274,0.012325174363559711,-0.15434287545039896,0.5890872400380802,0.04027159463606385,0.04744254979844327,-0.013196446740430946,0.5418443300961263,0.04985464218597136,0.09861049253550079,0.04932257015394013,0.43611822188485294,0.8929995877829695
2020-05-15,-0.058022781564617,-0.0403824375795105,-0.2135659667301562,0.5942701267642616,0.003465104991190261,0.0030974532053754,-0.053425163579245566,0.533143816957348,0.01465019228632303,0.033973391029559964,0.02307960954297552,0.43030636047366216,0.8811306065047398
2020-05-22,0.044151625602070886,0.012671893292796565,-0.17235844814526502,0.6057920688993795,0.02932621028252196,0.05369821895908422,-0.01714569442894096,0.5363804136335852,0.019941650675200973,0.07932438611079283,0.09702289668526608,0.4376440832885248,0.8799109874135711
2020-05-29,0.03462421069499588,0.052718546196744764,-0.03604055678146392,0.5684619191426165,0.021395627710038955,0.09781419925859226,0.10068830454661691,0.49753234060868884,0.00021917173388372716,0.0990059463411155,0.20048355590235584,0.38348809248327276,0.8666398566911386
2020-06-05,0.10036127867701654,0.11938097435838775,0.08137267272097122,0.5989728766466312,0.01679169130115208,0.07164383384812764,0.1133217908882494,0.4976923920905054,0.019511157324480433,0.057559523559964285,0.19101861033813355,0.38219092703602914,0.8479149471477995
2020-06-12,-0.08544137445172584,0.08654309442267255,0.12601693420389182,0.5731766862347545,-0.020952641046093335,0.04582356583935494,0.18600087478792954,0.4650318657104585,0.0039596911527726595,0.03380889346553575,0.2684279640069358,0.3466961256566058,0.7852256070344849
2020-06-19,0.009129906235253959,0.04928015458588151,0.3497851875746911,0.44779146974755907,0.018467739011955978,0.034140433490906695,0.3864805036526505,0.3528449281080915,0.03271965957837955,0.05510641833402983,0.4457055226354861,0.26585457336430945,0.6752550044629221
2020-06-26,-0.03808255458504855,-0.024754708647271917,0.14769710229344662,0.4015228414036792,-0.014159903912206942,-0.00011533048357921169,0.19239028356647717,0.24911604049413516,0.00026453595581221756,0.05583575572319748,0.32961096065739554,0.2446841660760931,0.6115463133433623
2020-07-03,0.040107667984579404,-0.06292376143245436,0.09456346153561151,0.3154566179233543,0.04622583928149973,0.021085491661143974,0.244016150841197,0.2315611722397432,0.04688576991064464,0.0843206737835176,0.40014359938162164,0.24265633774844794,0.7313567668364649
2020-07-10,-0.014790074752787551,-0.026145960680809988,-0.02755072762118465,0.309876664465202,0.027949977118744543,0.07952040356115304,0.18589713419574305,0.18126495450174068,0.0681128939558584,0.15049082177401735,0.38890186362428547,0.22442043886978366,0.5203769073080576
2020-07-17,0.026254789888027104,0.023592763023126472,0.017170748720688175,0.24872930631701926,-0.00263152800173716,0.05227579987421027,0.10960727742583923,0.15750650978178354,-0.019617174287102614,0.07771690069149911,0.22479635428987155,0.18911070348596404,0.5637729903228298
2020-07-24,0.012037984860144402,0.07423945541236798,0.044601635765352386,0.24661484983007567,0.016378897554959516,0.08939869777389067,0.13971102883649436,0.15199424199221845,-0.002704291905884726,0.0980357682924857,0.2576324691518273,0.19859859746002914,0.5558609932181778
2020-07-31,-0.004702607580058627,0.02734873654240666,0.0584479422719663,0.24258310002926498,0.011098051641413243,0.05262893623149255,0.1664917392894664,0.14595111755194698,0.051609581334514834,0.08504015204865936,0.3217451999258301,0.2107988694635711,0.4600166448691499
2020-08-07,0.012998383445224505,0.04729652632640524,0.05344459269948902,0.24144123868952366,0.0279795556589322,0.05375068733536543,0.15541061882861362,0.14122853494606813,0.028490364945689663,0.041184204312338976,0.28109107411811485,0.19918518256898465,0.3846816471792625
2020-08-14,-0.009691363060227177,0.009829171636376956,0.07388293982392811,0.23418670455131704,-0.00024360835540371186,0.05632433006145057,0.14514926658351346,0.1429918354185299,0.006035819886384397,0.09085995282013805,0.285285150591196,0.20047678898809335,0.44767264941146623
2020-08-21,-0.007162895353988751,-0.009407105374491475,0.04183425211000738,0.2324290021904315,0.03565424229221716,0.07823316876129786,0.15978186302637032,0.14993650576159154,0.04699311840855869,0.14799048872570836,0.3065416649595915,0.20746048332315736,0.37321809841339304
2020-08-28,0.007525491769322402,0.0035040202894079508,0.018093509069589293,0.22496378199174397,0.030155099192911816,0.09808144930492495,0.19061431615810348,0.15388064330814136,0.028064316323519824,0.12014367206080845,0.3575183796898529,0.1876388093669268,0.465793571319137
2020-09-04,-0.014022746914015748,-0.022502130708890247,-0.04392082599629461,0.19253574821856273,-0.03936430017295581,0.024986922753200604,0.13523513725221814,0.18661204766343226,-0.03487174389101362,0.04558116058373968,0.28723446950013587,0.22142645921308282,0.5634306205104583
2020-09-11,0.004520095546788828,-0.007329391334017062,0.03129723496707602,0.13596628774265668,-0.007911971771926507,0.016195579965936346,0.15377001202663854,0.17319046740232144,-0.04183593400543868,-0.003016307409077235,0.22437297572131984,0.2525829757513919,0.4919198511403659
2020-09-18,0.012261114055136258,0.011304918387110098,0.04180935130429662,0.1372971805801578,0.011675595693760955,-0.006476742004526971,0.14361913245763483,0.17211647153578014,-0.024597898256790707,-0.07294335180038146,0.1579776988026755,0.2808634558858119,0.43466949343360267
2020-09-25,-0.026374618319187658,-0.022815412792951205,0.052007580318014834,0.12765565422606887,0.013749614382304664,-0.022729653290665144,0.18149427940914004,0.16091627856572158,0.04226179126330698,-0.06402691064397888,0.2078547481857498,0.2857395477031082,0.3270129514087153
2020-10-02,0.016619201354089057,0.0085998157105166,0.02940441065520967,0.10528525158131234,0.004062309511950612,0.02101280318817589,0.1355511334520675,0.14460991189733693,0.009314086617945194,-0.02724392206897892,0.17198827322664556,0.2783345541507718,0.1436255900003585
2020-10-09,0.036575334146873625,0.03822809135518293,0.07129819506828396,0.12421281398873658,0.032137973461129614,0.06264431343517238,0.13848959523118692,0.14709771809097205,0.04553289032057144,0.07552479585347555,0.14047892308712145,0.25839702240161666,0.31383888778945507
2020-10-16,0.010159497347125047,0.036581087760232174,0.05645392861356478,0.11627508870552099,0.01180829123003473,0.06312753119031948,0.15590665203438428,0.14444591471288334,0.008990368141755757,0.10038120383206423,0.18527205237156857,0.23857417080515134,0.3709207329032545
2020-10-23,0.0009683716145088451,0.06547069142173612,0.04455876372199997,0.11502011559819793,-0.006983965502925639,0.04102869684217914,0.12967160172792722,0.1484045389266157,-0.0208272165495041,0.04989523052133436,0.17285775592427532,0.24981251838799196,0.4123233471974827
2020-10-30,-0.05094863713483815,-0.005736660288635153,-0.004400897369937606,0.15777313402250862,-0.06880730887519533,-0.03457678108263556,0.03974317960237706,0.21557732407766406,-0.05858237181284611,-0.023274064804452668,0.05017042910338854,0.2719548358956355,0.6587150473555147
2020-11-06,0.016913871697788442,-0.024374092656175295,0.0008046096729930584,0.15941120800817257,0.06433894689088887,-0.004758921437037822,0.0773403588249527,0.24395486539913452,0.0963971733463033,0.023363985873264118,0.10386681218316571,0.31794852089872405,0.6806178289984081
2020-11-13,0.048936419499782606,0.013090721585543632,0.05658539478137625,0.18531164951564086,-0.014263613008983357,-0.03202963705105025,0.056238588487827146,0.24714385342408465,-0.03742210907830306,-0.0201243377145335,0.06892103908220493,0.3474996885571103,0.5350176733167608
2020-11-20,-0.013876205500453655,-0.0016127286623649519,0.0482113077728001,0.18758446503503026,-0.022236432932997974,-0.04735754318696073,-0.0030784727715059924,0.24321566850636325,-0.012696784687350804,-0.011870510330892791,0.0025055991535397146,0.33351243807317726,0.5791064151634261
2020-11-27,0.035554459251796726,0.09052666532021093,0.07469379181694694,0.1980860422011764,0.02149830579919012,0.044959477933495334,-0.01104514466701243,0.23924771175549284,0.015979934219117586,0.06610501909967806,-0.012560484442849584,0.32849243850104176,0.5923207904095356
2020-12-04,0.032590462405067425,0.10811583335006662,0.12145431944479,0.19965624456491554,0.02104269541720665,0.005246673394280865,0.05106675664863487,0.22636065278184006,0.0036259284161679786,-0.031483659741844174,0.024547295564734718,0.32001067859758264,0.5694129851048081
2020-12-11,0.01385860856321548,0.07032862979700971,0.1316662323102539,0.1995142062198394,-0.005858595763256093,0.013503301125725753,0.05427550223210007,0.2259046778100992,-0.010828648975226972,-0.0047539100043212604,0.06281746176671343,0.30353314515454255,0.5691484509406431
2020-12-18,-0.007735906031106967,0.07555268577541735,0.10856566342836346,0.20262462579687032,0.01397443281872417,0.05048470962663876,0.05472488449334878,0.2262551839783598,0.017061895208247437,0.025675914765799134,0.10820182347155731,0.2969273442445515,0.5715416918558144
2020-12-25,-0.010759291505104351,0.026857129265578462,0.12779586736923865,0.19309033867983144,-0.006301732901400193,0.021741848478623177,0.03403415829183068,0.22643312011089428,0.0048781811896505545,0.015658048561303484,0.06916095845151951,0.2879604864132216,0.6415214088459921
2021-01-01,0.001828832200867647,-0.0032402767323682635,0.11500219075628143,0.1931298792866513,0.00036484631107054394,0.0020167956359392163,0.03065114745583362,0.2265081459617316,0.013740583393353824,0.024937122966810235,0.07114772122877606,0.28815197570289186,0.6383183394117355
2021-01-08,0.028566332952573607,0.010946327395283006,0.10848052989515708,0.18874856050397396,-0.0012640449260543207,0.006531713542428144,-0.0033625074302855874,0.21765087098223512,-0.0054786900605332985,0.017516357610234425,0.014671350029173814,0.24216153006791613,0.6010549588519853
2021-01-15,0.00631738116234244,0.026171081275640454,0.1075980706901077,0.18872844828222934,-0.0265009812365711,-0.03371326981456112,-0.04069017091334344,0.22250512155965305,-0.025064521761772873,-0.017359171801530238,-0.015419465472446416,0.2632053557248993,0.6075241148328798
2021-01-22,-0.012275856264685326,0.025174709924686404,0.09302340752097153,0.1926432344021343,0.025708323492710215,-0.0022072930665397276,-0.009618730860859757,0.22908615864346216,0.05746920829973182,0.03617601871407077,0.0614961557566875,0.28377549289986725,0.5374095894001693
2021-01-29,-0.015510360400862802,0.005680296679011931,0.12963603900430673,0.15615692423454397,-0.013739160737499721,-0.016818120219746137,0.04932324773587507,0.17807150620601792,-0.04345688275119088,-0.009392185790622797,0.09626487806187015,0.22548687650686206,0.41619494453571965
2021-02-05,0.0267248541093172,-0.000655018593934598,0.12738121666557528,0.18060941639677197,0.027679470016915356,0.012038886439363506,0.01532070054271464,0.13427925920540584,0.04225930140569374,0.019511870814840494,0.05696194711953249,0.17368360962548787,0.36715529537620845
2021-02-12,-0.006583656907160917,-0.019994274035461904,0.06433312720215105,0.1582067670837786,0.01961632564029461,0.06107465927644376,0.05225334388690861,0.13408982196966016,0.018662399469648674,0.05818279827803357,0.08370951863645022,0.17357237780547638,0.4379060453738813
2021-02-19,-0.0019122435944671987,-0.005663798670082886,0.06952301305187206,0.13192398114194062,-0.008091026002108492,0.024585070763555605,0.0662556093882273,0.12468090945141355,-0.006628535571060867,0.009478196224695055,0.08680852101451936,0.17308099784294417,0.40889443176392204
2021-02-26,-0.0008457953939000611,0.013142173462752881,0.03666572065975495,0.11951895314317651,-0.02712742954949976,0.00996210495814065,0.014886829417222705,0.13472876542607387,-0.040369993355531625,0.024379107264099135,0.07098043954248903,0.19930346486820522,0.36390953278556276
2021-03-05,0.04174539028252293,0.048919106201861046,0.07727410862042909,0.161490611222446,0.0045517618016755156,-0.013280128267319547,0.0005981666193313404,0.12824433031489116,-0.020694328450414207,-0.04064571991857702,0.029951714907180006,0.20345205578108683,0.2743702352709534
2021-03-12,0.009084267167354266,0.062328059512822165,0.05406311543583952,0.14755998382955338,0.009875228296761594,-0.0215888399993736,0.014639040134390168,0.12886562240892432,0.023237811032354293,-0.036714699707637764,0.07014393940114698,0.20348639667917998,0.26673270550147676
2021-03-19,-0.00629891716051836,0.05387020673641696,0.05691601512559373,0.14201330102177998,0.005469509350021462,-0.007789073609389652,0.0034575618227216335,0.1263800866230861,-0.010639953716959805,-0.04779358018364386,0.03489211304343494,0.20202024514962,0.3035092208071171
2021-03-26,0.018508409636120285,0.0784517481923658,0.134479493257085,0.14605944294617465,0.02392495082650661,0.04367117221316141,0.03396138488721279,0.13330167137445012,0.009500647261643326,0.000655747471796286,0.04166161759613318,0.20242715474547515,0.38599679525634123
2021-04-02,0.0021542641273882618,0.03925425924760402,0.1302104901730586,0.1467371999135703,0.024715094022299502,0.06452721975831867,0.05866370089230057,0.13986113050521146,0.024307118213076098,0.05487905519873411,0.07449417235585801,0.18344866197360934,0.4212795215757921
2021-04-09,-0.008120484378929383,0.005874984312192579,0.0774756300516873,0.13848467152304175,0.032761508441713307,0.08885406946795925,0.09649970930075968,0.14949590102170554,0.043279293603141734,0.07631932652316453,0.09815521563423124,0.2242522175512762,0.3316694448306306
2021-04-16,0.02161550427136403,0.034478824462750635,0.08561723431618452,0.14159612806424546,0.04376311220494956,0.13203721497176346,0.17571099007899627,0.14604511395811748,0.04398503477592293,0.1182724220404559,0.15857891859336096,0.2129290743055704,0.48966132018712355
2021-04-23,0.00026438316944481515,0.016067927802634087,0.0991629557298952,0.13573211832925117,-0.009410962811101877,0.09358993150281747,0.1336305805881716,0.1496567974635945,-0.015122230647587644,0.07863640765380549,0.10568299218512736,0.2139576867365913,0.5600341250234848
2021-04-30,-0.0027771073290314245,0.010887587228066663,0.12771157762753516,0.1182924812666332,-0.006805673595507501,0.0591418503645218,0.14186240000963127,0.14541156409278957,-0.010784050619565,0.043223850648880034,0.14721385599734632,0.1843125135270158,0.4718615212996275
2021-05-07,0.04507371540118732,0.06463382230810769,0.14619622779906122,0.13453022470942405,0.013520850766050231,0.0399508524393373,0.1269062682484196,0.1409966962572537,0.02408396762972216,0.03524902066386236,0.1364511357591992,0.15122518565144566,0.47031050516369244
2021-05-14,0.001990873453806219,0.04373546745681099,0.15447053385187692,0.1307724224846079,-0.015290615237834973,-0.017539790392344615,0.09186458333397884,0.14754499870032672,-0.015902709978821705,-0.026174802498094986,0.09875612346843908,0.15785635785292623,0.531577066786549
2021-05-21,-0.008672927107156126,0.03429497646974587,0.12513117435510746,0.13618169150157658,0.007702968383640463,-0.001164565047406385,0.10879365438939326,0.14384933887675147,-8.04488258805856e-05,-0.000950444176085273,0.09821801041206102,0.15758244247715741,0.5445579187274682
2021-05-28,-0.018180717141423622,0.018531963242747775,0.11254524806046123,0.1440504972610921,0.01584206065841085,0.02081686188363725,0.1541182118988786,0.1220329428196849,0.02481694929369067,0.032248221230542405,0.13811236818955103,0.15391864785433976,0.446077590296067
2021-06-04,0.02235955196708215,-0.003462729476176341,0.09272892027771121,0.1291749365979505,0.029583864719836987,0.03880229402634294,0.18839077642972296,0.12598568120946793,0.030710524914986118,0.040522127966881996,0.1708114897031615,0.15883554448176154,0.5348434336261668
2021-06-11,-0.004945231329305069,-0.010520189394742996,0.06055280400809824,0.12492319120190651,0.016647337909617657,0.07346453450662717,0.19594557587456407,0.12586662886560734,-0.01819314540666546,0.04061688156044341,0.1374497934076427,0.17006761441445922,0.5309377677697181
2021-06-18,-0.02675909117377964,-0.028130918071572534,0.039748993026186535,0.13856699739292616,-0.018615430414452017,0.04609198982341143,0.17045430682846888,0.14124508977675182,-0.02407158813802253,0.01607497429385058,0.12276750400055315,0.1796410388020555,0.6114638507367137
2021-06-25,0.023877106208813892,0.014514218855130401,0.0448574041742944,0.1415101541615521,0.017683999171586296,0.04591751390831829,0.16530725519425266,0.13953747023819937,0.025505392234946456,0.0012486946601088424,0.11480547624852785,0.17572686901537307,0.6112071802214453
2021-07-02,0.019773756889619423,0.009971493991920412,0.06951705547517416,0.13403521166569374,0.03392333659539335,0.04482194953875652,0.1675091646945458,0.14789874281265794,0.028607075048633447,0.0016148964755825536,0.12331404903341353,0.1788731703004054,0.7408112634128505
2021-07-09,0.014297644370422758,0.01612407459627152,0.0671544063843752,0.13306447476191244,0.013253403391803253,0.04512952801578414,0.13773616687524717,0.13767706599946472,0.014427728599538336,0.031915964463028135,0.10794474532680262,0.1760757305688275,0.7352523322306935
2021-07-16,0.010073366636861803,0.06345955550948715,0.05346629683098714,0.12847339489547335,-0.01110316729209666,0.05510243382644011,0.07975728447539207,0.13173516221509687,-0.023620824022914585,0.0447937702970741,0.03154431109763385,0.16959483054390337,0.664143579849072
2021-07-23,0.006023402667359768,0.05111166068820023,0.07059402695373551,0.12510389989832743,0.03135402455805436,0.06664268141141738,0.12848846675240655,0.1348361541247223,0.01944909962672501,0.055684941812700235,0.0977856793699885,0.16195799743780193,0.6265354743552832
2021-07-30,0.006099157940710276,0.03690543730878302,0.08472579425787181,0.12200624373302628,-0.005279890068141247,0.026882081189165553,0.13264816021425713,0.13306903802149858,-0.0038993323482188432,0.009745325519716873,0.10664265776367693,0.1625284650182918,0.6047071724476535
2021-08-06,0.012152633993030305,0.036245513963770556,0.055804901726533074,0.11150756670995242,0.010866536558915476,0.023948140545214033,0.13601114991724672,0.13307450676614827,0.015581015757533768,0.011867411598023823,0.1006764823327605,0.15871542406164008,0.6793120284888127
2021-08-13,0.024498152857400514,0.054109821986321395,0.08971594495562527,0.11542335026534659,0.006766078315794833,0.04395957693276027,0.1638992058117845,0.12040527227300137,0.01409022041639929,0.029049252897245827,0.05519654355479789,0.1309321776584844,0.6453063989601505
2021-08-20,0.00367640378438876,0.04499215963502168,0.09606729411787511,0.11389002838797313,0.008557448515653454,0.02088019329102169,0.16473045791483734,0.12028613882773875,-0.009018441345833607,0.012444949642343793,0.05862450214407698,0.1303820272331806,0.6396451327303619
2021-08-27,-0.021222463089841014,0.018476681358646108,0.09218961092462474,0.11737262723759828,0.01101673044003333,0.03849534179625815,0.15009605593827127,0.11714111455741863,0.024391479206549653,0.040025595682267226,0.09128417675005798,0.1465981771338465,0.6307039958916083
2021-09-03,0.011751278109615093,0.017788868711923644,0.0892875648955691,0.11685637220968081,0.00924136966835807,0.03595234908004881,0.12361357012556407,0.10875152194645553,-0.0003847972464924962,0.007538784167208434,0.0365369174508674,0.12784840973925818,0.6677493059398493
2021-09-10,-0.014825417224521265,-0.020933408299127265,0.06343890272137905,0.12436147107942731,-0.011160179691879612,0.01773107028086567,0.0978320301883423,0.11583315732416756,-0.017855020826984647,0.002579808644285732,0.08117724492199554,0.14728820513017132,0.7066709129790337
2021-09-17,-0.0170818680126698,-0.040483265793262516,0.08046178022251559,0.10862289234505332,-0.011106526231682136,-0.002683520855243214,0.10652842071051821,0.10729919671292701,-0.01600253842579007,-0.0009177010580428968,0.15803047101167228,0.1409637521203533,0.7225818089582668
2021-09-24,0.013821199446974932,-0.006677521129518693,0.07341991421589461,0.10589513284589773,0.010745499688761751,-0.002626124302122191,0.09768771808784478,0.10497515579344578,0.007231803859044339,-0.02921485214984423,0.06961479525044245,0.13158352339541815,0.624542741324647
2021-10-01,-0.02364399542109834,-0.04011811168582853,0.04095360774000692,0.11507816064310922,-0.02548235775080594,-0.03660677190850836,0.03377602633287171,0.10730818616013613,-0.01105183443882436,-0.016012169002476505,0.01788096620344006,0.11444281927599745,0.4793378811457887
2021-10-08,0.01773288022271036,-0.013701970675194297,0.04300324638731534,0.11619835051170067,0.023275734605793595,-0.0029663743496850317,0.04401705798049116,0.11320928127132193,0.02087264082908398,0.01992689333963311,0.057316315983356916,0.12972606434597078,0.5835114991879582
2021-10-15,0.005172630887452811,0.03720838991286484,0.047890067258667825,0.09786804652466224,0.015169333749530669,0.02319340586591641,0.0749733685497584,0.11051637732666902,0.02233265354311649,0.05222549621299627,0.08543555091371376,0.10996993471001963,0.4397396192106404
2021-10-22,0.01940552943155858,0.03084663559615948,0.032590653470202936,0.12153909125054829,0.014028898141457403,0.026476868190163972,0.05723582307336042,0.09778014466324524,0.02429431339916848,0.05248950512985631,0.09143086723738292,0.11499315288601955,0.4777866177734971
2021-10-29,0.003168941532427883,0.05087364987064458,0.041325752526658044,0.11551913414387437,0.04784571444615977,0.10455083514028059,0.11525145189749693,0.1281144922741695,0.04210362881994796,0.12085364660409731,0.16410574435463912,0.14046186075529588,0.4628021951638595
2021-11-05,0.010517449802216298,0.04182873381246317,0.03956231545392788,0.1242777035990227,0.04247983158254811,0.1305027602319886,0.15282708525272742,0.14517168683546555,0.03549441495005634,0.13630887665126915,0.18634260988210832,0.1476589137299858,0.4506661907889367
2021-11-12,0.007829250331078685,0.030967807098495937,0.04221852538177411,0.10287205194754064,-0.0022699259541762553,0.11040554501158642,0.14578047529370763,0.14738795640421015,0.0003168433606635986,0.11224729213802667,0.18779705810153152,0.1303840952715798,0.47225899068672783
2021-11-19,-0.016421032204586284,-0.01035086386337698,-0.01158019090751168,0.11430765834557448,0.017585322787899618,0.11736422354333217,0.15964970159099723,0.14806167399132653,0.03127562360858764,0.11910550769632565,0.23202865458321245,0.12877852555476932,0.4979843929706435
2021-11-26,-0.007426764004495889,-0.03202116933436741,0.0033283485519530996,0.10519366400627564,-0.02692366274969025,0.032005282653255314,0.10865882593216952,0.16623299675923778,-0.02132410452620348,0.04440696659270705,0.17371560778432105,0.1475014110193023,0.5666422095709671
2021-12-03,-0.03424518532070908,-0.06790269889397461,-0.058929972241152914,0.14013506331832196,-0.019299467544116246,-0.0314105514832959,0.0768990703029662,0.17485366899088206,-0.021809246588582923,0.011982925561612115,0.15494866920766226,0.19619675780489088,0.5943635357544012
2021-12-10,0.04964046558874588,-0.027500732597999455,0.0068886215817548745,0.16454024609359535,0.06426356729555768,0.03187238314679779,0.15321775176746555,0.20559207962727047,0.05650699128708073,0.06069146855890166,0.21979143598276785,0.2116453964275732,0.7119015645182266
2021-12-17,-0.00760203235461916,-0.01752517149860209,0.0186400630408063,0.15952371746968222,-0.03584437256581041,-0.01987635177007612,0.12146461830019936,0.2226568140815731,-0.05574273461805262,-0.042004988424943004,0.16304667452531596,0.2521388094452158,0.6806576165567501
2021-12-24,-0.013037874462801202,-0.013289596480480625,-0.00788328599198598,0.16068800750139317,0.010618905778739765,0.015022916474538638,0.12350879973173653,0.22265428249071284,0.023060833861851295,0.007412927989787389,0.229939573976835,0.21404481683816778,0.5097880809958734
2021-12-31,0.011817404217896411,0.040312652722185184,0.02158241020401488,0.15163365869426615,-0.0011711854040833188,0.03376570756934028,0.15466424171482512,0.21103749850813133,0.01592083361165906,0.035694001192664346,0.2962336660878037,0.18054533427361358,0.5467704390369386
2022-01-07,0.012855622504802966,0.016750076024784153,0.037922144778164975,0.1467198527400352,-0.024247257282649825,-0.04967993184080033,0.09862029262605568,0.22074586490954012,-0.04869432858224436,-0.08424367395437926,0.13282095027551627,0.26590113591901693,0.5782216236783126
2022-01-14,-0.011245306467919967,0.00039305369989977267,0.03181221288900584,0.14815773057600237,-0.007761110173012932,-0.023434243921847054,0.07251365202856346,0.22221661003238585,-0.019416934608732193,-0.06459294675972496,0.12163605421936174,0.2392954355474807,0.684964905780839
2022-01-21,-0.03142601815209394,-0.025504892937473135,-0.024787504627663978,0.1521436373985207,-0.053582051527439355,-0.08298371829777347,0.0001626472102886703,0.2510366333739732,-0.048468747316282416,-0.10738839343998444,0.07262081961748126,0.2534229388670795,0.6534678417888092
2022-01-28,0.001643013801924598,-0.04135214302839127,-0.04270393562869919,0.14517508594253437,0.0019296428789215003,-0.08023658831240402,-0.04320476452858762,0.2297189923860726,0.011413891799187326,-0.10764017139620788,0.03785524645387662,0.23639317001063337,0.6086258440861158
2022-02-04,-0.008205059843819007,-0.048316756042092096,-0.05839405845067882,0.15569746175596128,0.018991378996882795,-0.04214605725940515,-0.06279540261295297,0.2139960120175497,0.02354303524029984,-0.044105756530252234,0.009546420997553672,0.16965903568647456,0.501401771929003
2022-02-11,-0.027576272769810607,-0.0757523456219526,-0.08239123088844469,0.16237381098536954,-0.02188338008784696,-0.05566430497885751,-0.08004649634394373,0.21671247114564035,-0.017481911210387002,-0.023868592365383263,0.015247277618430873,0.1540424672107012,0.5444622439423892
2022-02-18,-0.016226369873347045,-0.054657495166140914,-0.09773887552013305,0.15576933869546739,-0.016484366781582382,-0.01800753243059534,-0.104294106122095,0.21132576344117288,-0.0033669936210696466,0.010587805392830309,0.06629102416113049,0.1128545145369989,0.6891150688012422
2022-02-25,-0.007796717314096835,-0.06492207468455571,-0.08879566732780916,0.15391531186777344,0.01571972872602232,-0.004413606127207516,-0.06738949357402549,0.2124826256509407,-0.007380754738037788,-0.02859112925160368,-0.009334777931877225,0.16673018974331377,0.7251572737950432
2022-03-04,0.004013671426217558,-0.04740016913067309,-0.06413718372716004,0.15143099096555154,-0.026580814293862057,-0.04894203862135715,-0.07481659642480992,0.21504674610107985,-0.009071737992737305,-0.04419261505573331,-0.06389139646246478,0.18424614352625848,0.697129847979682
2022-03-11,-0.020929690063889762,-0.04154537450036931,-0.12232039110161246,0.10191571507209964,-0.03301298021540218,-0.06046537082371219,-0.1613856656431497,0.15807288924458296,-0.02561110679531047,-0.04370651696526355,-0.11767950081693349,0.1701962225069209,0.5597547676779844
2022-03-18,0.05058664386583725,0.024340621518188967,-0.06571176562146089,0.1564307384032631,0.08200366602033596,0.034407078370363324,-0.06425621917116961,0.23988754761247477,0.08142142609557058,0.018803441721783408,-0.014121003552124001,0.25030148377109585,0.8204385173877314
2022-03-25,-0.0051607968947366715,0.026429681026008157,-0.06283176033519935,0.1564085578565365,0.018638981772150665,0.03713461560433018,-0.05644203259406373,0.24256533493468038,0.027379575460936945,0.05609731369706415,-0.020133715753451666,0.2711950878870217,0.8254783568468014
2022-04-01,0.0015647110585586435,0.0243695999154284,-0.07083640712622927,0.15220037049985238,0.003268159585822583,0.08590932376858565,-0.06398847816368798,0.2690818220895004,-0.011294834446278391,0.07035170572981103,0.13230620013993702,0.20751872459767318,0.6848641667941578
2022-04-08,-0.0008713147497115383,0.056550440412018205,-0.08631764827971365,0.18134666112859543,-0.04062714668059404,0.07084019410589697,-0.07028622033767058,0.27252562686203835,0.011467714321929477,0.05964100976840841,0.11551704566824497,0.199712939467721,0.7183554695568345
2022-04-15,-0.01018329107637923,-0.013424001147206148,-0.08625412359637617,0.18122387432868314,-0.03772397695963474,-0.04715147878067434,-0.0951470058848976,0.28042650804899355,-0.02251353868787489,0.0014496061520718612,0.09642428599391752,0.20847168919560996,0.7149271366940675
2022-04-22,-0.016579570245396406,-0.031334377896332664,-0.0592443751583903,0.16283661811261851,-0.03320640142416356,-0.09978111118358367,-0.06673802116308476,0.2602580995349764,-0.04551481734020102,-0.0781424870847727,0.09318843475499958,0.21361496390652573,0.6693482182690286
2022-04-29,-0.010145493720609022,-0.03662988608023328,-0.07690616325374765,0.16025308880280908,-0.020672957709218977,-0.1219378220865465,-0.0954314892837789,0.26001228922860375,-0.03406117572689936,-0.09955587346862817,0.02986974852643644,0.22524137686196694,0.6545519685742798
2022-05-06,-0.010687184685143958,-0.04632142510407751,-0.08004902066050416,0.1605613952714327,-0.002278987710906533,-0.08990564332784644,-0.11491789731909069,0.25329681319856084,0.021747058924649256,-0.05744490077634419,0.03770352103025425,0.19619112524025265,0.47009776365206113
2022-05-13,-0.02040110755385094,-0.056361191148325836,-0.07445267113751694,0.15762429711091944,-0.04143736799877465,-0.09399849955633266,-0.13011248593068447,0.2601886969001867,-0.021801804607985864,-0.053380244081536056,0.051051927895205164,0.16864298685121262,0.48330044719342186
2022-05-20,-0.08042786557656882,-0.13057168062820124,-0.13574448247023269,0.21521947038917322,-0.04715229465166959,-0.10738780172186446,-0.14811363822262413,0.26923725767563095,-0.05318842784731306,-0.07297421846388938,0.011003093434613496,0.20353861571969536,0.5483555575633215
2022-05-27,0.06976763194495317,-0.053263105025400645,-0.05659534473161923,0.26648145063998396,0.08670469518772368,-0.009913463213687492,-0.08631685638172659,0.3318499990547258,0.07832529148361853,0.008708839583324824,0.05619566645522667,0.25628932614591593,0.7377543271276371
2022-06-03,-0.01933058183981191,-0.0551213499386209,-0.08235575721272817,0.26687085999011206,-0.01452576005225372,-0.021940412506548636,-0.07390303112223716,0.3291160186047807,-0.004855835199469527,-0.014627506291020144,0.007090879946904934,0.24550442928207444,0.776721574986563
2022-06-10,-0.045866722861154126,-0.08026986116427813,-0.09803998886130183,0.2756666214742191,-0.06441375136961239,-0.04564051779780409,-0.10665920789923258,0.34762936508351494,-0.02224403272464499,0.008505206921474717,0.028412143927242423,0.21890342687552267,0.7342434607454721
2022-06-17,-0.038310743355265034,-0.037708063404109836,-0.17584778207218196,0.25063188290372146,-0.026035346133094175,-0.024655389663019632,-0.19259832263137444,0.2824851020485458,-0.08544787732498318,-0.08248149654191253,-0.01514779350173998,0.25866264400869377,0.556049623597027
2022-06-24,0.06051760753494957,-0.04617580063870559,-0.12125885185786633,0.2914625160141108,0.0675768658029721,-0.04150397135545194,-0.1596093564997689,0.3187428618485495,0.04456277228860282,-0.09043383501903102,-0.03302905750021652,0.28736115874608303,0.6622199275212822
2022-07-01,-0.00451985044588108,-0.06364441824941963,-0.03007454256729085,0.24444748606477057,-0.00023678925458609987,-0.004354002225280351,-0.0322234471249357,0.2508318432552755,0.020681123932006117,-0.05994154057532415,-0.008908644232254705,0.29063062409874213,0.8156253819331498
2022-07-08,-0.0014447295345810136,-0.0724717429494176,-0.09833211436911424,0.2794960359088697,0.013336032158966928,0.06470447313035606,-0.0363524060622273,0.2503516742126846,-0.008248518918450687,-0.03454576934058906,-0.03149555098963106,0.258253366977332,0.7593533866278235
2022-07-15,-0.02562387418434036,-0.006771799990156251,-0.1219204601411392,0.2809567241629871,-0.010563314966648574,0.08072360808880391,-0.021483471202275943,0.24620861253228576,-0.013419751664095637,0.03907511301184043,-0.041435854408104496,0.259340063523831,0.7771895398302558
2022-07-22,0.011590409258713798,-0.0029931176301250867,-0.007764162856056949,0.2187746688239503,0.0015727101488582475,0.003429552484022702,0.015572028102192182,0.2337808630513697,0.00037486487175626465,-0.012868425624237224,-0.0015305284137201013,0.24481370510959832,0.8245885599427956
2022-07-29,0.04793307161142069,0.04994077308609926,0.03516003502459917,0.2388626496352446,0.02637193262894904,0.03065633113063895,0.03315988935664018,0.2386994370271593,0.05365345491712306,0.030803284241829702,0.04245107627192099,0.2667583888868684,0.8306335885564309
2022-08-05,-0.04096014487834583,0.0015345638883370576,-0.02220095173512928,0.25294855689177814,0.0013285558742649702,0.05649593863545409,0.03040345434713561,0.30832471109887105,-0.04157231263808983,-0.0047516773006775394,-0.03252587642211502,0.2739346793787643,0.7991491869234951
2022-08-12,0.041225666295278976,0.05858269582401508,0.028773276478270948,0.26494249671755943,0.013753302957989978,0.08787118237739108,0.0720884796219122,0.3024444916801765,0.028623092196608725,0.05563109972592993,0.013279556013890548,0.2909394968371008,0.7981414254332065
2022-08-19,-0.0038302344699990385,0.041381865088938444,0.01602063894880381,0.2648281634740526,-0.01488361941593468,0.03773357232195876,0.08491091573430695,0.29897743576889374,0.0108603638223006,0.06016737651477335,0.06968616020781253,0.28060916407395725,0.8133983565990924
2022-08-26,-0.021507888530434352,-0.027432667688239643,-0.052027732960471834,0.24826902688899888,-0.05730055173119275,-0.057649111046782164,-0.0480224969818164,0.28639050137964744,-0.005326042050573122,-0.005497762976683851,-0.0032294250491408105,0.2530902091260039,0.7544007855962961
2022-09-02,-0.027709197642795204,-0.012869819522947058,-0.07314234189776647,0.2531009650511189,-0.047717930074876326,-0.10028226521413956,-0.07973043434560169,0.29998315413789733,-0.029244553006099516,0.003912927603555617,-0.02527282035145007,0.25980091345487494,0.768513852059049
2022-09-09,0.02630112984864375,-0.027860388715133744,-0.01417437378155766,0.25108532969680053,0.03376030542040982,-0.08449626236477258,0.01464461707106304,0.2793872717978309,0.009611888889452216,-0.027311545178975008,0.004056416381163365,0.2698737669000492,0.786460114115366
2022-09-16,-0.05223619399423003,-0.09187966266781049,-0.0013462312324752593,0.22228169847798102,-0.060999801660602926,-0.12747394783120078,-0.017480813752352487,0.30008814880298024,-0.024162692309488733,-0.042762834957965984,0.05198942559359039,0.21513448650257902,0.7311804693402207
2022-09-23,-0.05603141453543506,-0.09793370811751115,-0.08570746183308459,0.23205756036066053,-0.04384726167509527,-0.11588501119231887,-0.12416988022373593,0.26415873827387537,-0.03967147997567018,-0.07563148674238555,-0.030718976620179084,0.21489990035299997,0.7292649506228176
2022-09-30,-0.010311690787708416,-0.08104381089554334,-0.09046798800991249,0.23217671137315066,-0.03484681710457047,-0.10380763890199035,-0.1313009743968493,0.26626156068824786,-0.028942556032930347,-0.09624593804627973,-0.0662365522111924,0.23479466102495977,0.7887751253369318
2022-10-07,0.02818836608614761,-0.07768963877745459,-0.07761931979114484,0.2165270824826486,0.003930231530730022,-0.13049780161827237,-0.15211391094610555,0.25374436743917317,0.052477532220812084,-0.060583726531319784,0.018931210242104583,0.2630286987253491,0.8433033861177593
2022-10-14,0.00989649646320503,-0.01783178077659333,-0.06377318721415634,0.21873056482144726,-0.005623246102093882,-0.07921674273705953,-0.14131224795816694,0.2538331672947155,-0.0035253813760704805,-0.007233749077865181,0.011295091092517542,0.24228165577102143,0.7858997299308522
2022-10-21,0.05206486854247923,0.08042373654483201,-0.02911411958490431,0.24398846746555092,0.0791507490080556,0.03892400368209823,-0.10000429938520877,0.3017492634279743,0.047679688352678884,0.09962346552639545,0.0749992161236344,0.2614149264261925,0.8153573355549989
2022-10-28,0.08658499802966668,0.18796168699307975,0.031913016168326654,0.29911497784876007,0.056329703411187995,0.1385463705837046,-0.08459557395610146,0.3156980636259924,0.0549793408625133,0.15191299831894992,0.025772357014083026,0.2316336570770012,0.8630176273786677
2022-11-04,-0.00954862557910041,0.14468921614159416,0.044398920738813186,0.29707414903784307,-0.011951443943607011,0.12116727876549013,-0.09433250849177677,0.3154938732075244,-0.0051992210237955085,0.1049543280380972,0.10712515129952047,0.20900423412268015,0.8799179252780899
2022-11-11,0.03303767602539711,0.16972381198318098,0.041986870956292194,0.29749021442158524,0.05774360932422152,0.19418872221430672,-0.06271319016931765,0.33936271685661445,0.008086820419105379,0.10406102909930781,0.08829658113015221,0.2065046282111365,0.8477039197375486
2022-11-18,0.015170920140859369,0.12738340233674297,0.05693640175640932,0.29813183456765247,-0.006786427114253925,0.09519363865875272,-0.05464171644142929,0.33857722897891424,0.01342264831914428,0.07089951385775223,0.09251494129133556,0.20686539521955152,0.8472660518248888
2022-11-25,0.029958508513872717,0.06820796036049433,0.13729624744849672,0.2813597443492936,0.029130552591441594,0.06678325631248852,0.030634662268543455,0.32216847497674844,0.015317810782191011,0.03108918905259879,0.11151037968936583,0.20610865499613937,0.8562964908721273
2022-12-02,0.007068000192766967,0.07134330891360452,0.19377201384156453,0.2534751538971417,0.024005499063794657,0.10540502841575286,0.13937892384781622,0.2439693217328937,3.272864622123656e-05,0.031175917345271944,0.13976100384474743,0.2243781092163491,0.8076813728199396
2022-12-09,-0.03478568914803801,-0.025023076138607058,0.09646660302908283,0.3099246871926584,-0.006150301036753959,0.04676903936358941,0.0971557647291977,0.24108592538379658,-0.039439131233590066,-0.01782540905855259,0.11854085274419784,0.2848379126526027,0.8035730790523822
2022-12-16,0.008423257217762848,-0.008017203490936929,0.1573433509396488,0.28904115296625005,-0.01047096055610477,0.0353369044326354,0.1321748134599095,0.22072903731942428,0.005124562714573911,-0.02807230537083265,0.16301035318796686,0.276345977763214,0.7466504306246443
2022-12-23,0.017440858170427266,0.009607652180953209,0.27381982943700306,0.1964394501178876,-0.013711346599955165,-0.00680212602725414,0.15421137060690523,0.20681145705655785,0.032318789188411495,0.0003932286177540376,0.2640257505326174,0.2376893247141139,0.7044246721242166
2022-12-30,-0.0029818533956691646,-0.0007400321851286588,0.26545082709864487,0.19933089258010842,-0.01379671920389003,-0.042997781964129116,0.16699190482583895,0.19878180756369607,0.0027938737940284676,0.0013588315994918834,0.2792922667225943,0.23218347814354356,0.7005004451030633
2023-01-06,0.004724881949592219,0.03773809956861707,0.17831104047682322,0.2131652096659709,0.0012064708461228648,-0.035737682575280476,0.17091553187156835,0.1984906385084935,0.008012157431093448,0.033768392679294795,0.16009883556951698,0.17222712042413865,0.760096062739061
2023-01-13,0.004503729237671372,0.034903149155414814,0.224707082607356,0.1851965878072921,0.023173950829725447,-0.006649442198652622,0.19837221874557243,0.19794330832645915,-0.006634813931744322,0.03173786764473274,0.12552062939217867,0.16678334440759235,0.7080959257197349
2023-01-20,-0.03177396497575284,-0.014905834810883877,0.1408185830769005,0.20036457768839497,-0.003846267689004823,0.007270494174503984,0.12620000041530738,0.1731103923475994,-0.012179556619073061,0.007462530940497824,0.11798502726978013,0.17459975651225235,0.6869986205107916
2023-01-27,-0.009691631094646791,-0.038498540468805256,0.007158255711159244,0.12139677951175093,0.02367204550544682,0.05331838127175692,0.09714035398271473,0.14785016807015613,-0.009286104892415149,0.0012114643918854865,0.049915120576077505,0.125189550322049,0.4160773291337973
2023-02-03,-0.013114409985693264,-0.03723841575618605,0.04436411417153448,0.12899031747638237,0.0059917646918736574,0.06216105460351737,0.1180852068231498,0.14233238280742655,-0.040073231109807254,-0.03435705535357678,0.004124308764997942,0.16128110164968718,0.5187679762811866
2023-02-10,-0.0019658424898051823,-0.053366321790185925,0.008112694645381002,0.12297973808033492,0.013992482109436422,0.04366469607968548,0.07285160500789548,0.1105142050651485,0.02460523119833735,-0.025464322827120925,0.013210200816171632,0.16568037646840347,0.33006762323404565
2023-02-17,-0.02818181194280636,-0.040055907351941956,-0.059155944956816975,0.11041700090402379,0.0017911992983574935,0.04650432725811414,0.07842721294581609,0.11036313611901984,-0.021679851565099707,-0.025841273813949718,0.019788023526950436,0.1673855800872972,0.4086812177648169
2023-02-24,-0.035580581500085764,-0.0769819894765055,-0.09531258252027514,0.11930328584507276,0.00014088870308164372,0.022338084221502387,0.053537400662267365,0.09956997650081216,-0.007033904146730641,-0.04102963916993643,-0.008317970790354123,0.16319853884994948,0.3119391050472503
2023-03-03,-0.004185002094972168,-0.06163534134043708,-0.11020388928199594,0.09379009442956789,0.005794692488561748,0.022185767472925444,0.036082645887465827,0.08950110323999358,0.019869751413056937,0.018177726731570167,0.02686203329483048,0.14081197772809742,0.21274350675440457
2023-03-10,-0.04840171127878855,-0.08355379035361443,-0.10662815152734079,0.14532137726610256,-0.02526393965719207,-0.017424519390286955,0.015700840915360326,0.1041377177428906,-0.046411734023681865,-0.04476347678207473,0.009123889896480409,0.15918669224058302,0.5438272877145458
2023-03-17,-0.029429428849073937,-0.09291515337553058,-0.10950744795544043,0.17065897481730888,0.04973231271658035,0.03075819973029934,0.0863794153336673,0.13975302709406573,-0.02519613847184221,-0.06361188417571512,-0.018757729191454024,0.1676141863683247,0.3899359482874978
2023-03-24,0.011858278539516865,-0.05279437600595892,-0.11914831300147932,0.16319936798483414,0.014892881138836644,0.04518306854199676,0.13331162586395867,0.1345034151254849,0.020139248491098896,-0.034191571975613136,-0.02063830616329987,0.1659962521977042,0.49193376852858767
2023-03-31,0.033661574631870875,-0.025577991456266158,-0.10553929735793173,0.16046535262781308,0.02413163170454187,0.06361798461161783,0.1838068669764058,0.12978972962189722,0.043040130349042235,-0.011178622929895354,0.021228445336523728,0.1881344902286947,0.5862270430395088
2023-04-07,0.0004291249216913373,0.02445988838783795,-0.11395967106771251,0.15769639828383208,0.013905097985569716,0.1053183686292179,0.1917845794148438,0.1283620814545509,0.012609095845294217,0.050503034117796795,0.0058254811397957795,0.18050835321234857,0.6291033296132474
2023-04-14,0.011485416490428314,0.036396447559270274,-0.10104875949912247,0.1628320127003847,0.002308677881619147,0.056109518500343916,0.1484569842131472,0.12683801319044669,0.008848021385217031,0.10285567652202099,0.1567988422276448,0.13574711534875963,0.6337541544496675
2023-04-21,-0.010083658443223743,0.044032026325979405,-0.07499700781847325,0.16151789062421115,-9.007059394461304e-05,0.04079964551434665,0.14759494174843274,0.12530152840365158,0.0036948378055677864,0.07832572481341851,0.15420668386694675,0.13551809381227006,0.6010762555239856
2023-04-28,-0.006963950119817075,0.0034052407811452114,-0.08465985000593657,0.15999072714370563,0.015828481122650985,0.03220254336465282,0.13401343408398841,0.1225658763641449,0.010459478119817423,0.04811737951000472,0.12636304600712706,0.12845464090278083,0.584737378779448
2023-05-05,-0.03897107893755252,-0.028094731875692534,-0.0936186890738639,0.20124370338001676,0.01126231015607857,0.029931850600956912,0.1401917657828411,0.1223702072539883,-0.0004622022983270524,0.02248791559021491,0.13560049425968237,0.12460948673789815,0.5518808142109172
2023-05-12,-0.020315660216699415,-0.06851335837105654,-0.1173498675038877,0.20084635125299935,-0.010604136500082873,0.017265838592202567,0.11313345620730358,0.12852066974849974,-0.007120696740192157,0.006726490346446748,0.11013660822430794,0.12749290063201887,0.5650081912756723
2023-05-19,0.0013105290019230116,-0.0614359224643897,-0.09185986579635055,0.19819412728851193,0.02037909740842374,0.03885909156676967,0.13909690916350975,0.13000577372863567,0.023489990447625612,0.046931853812815595,0.16258150570449253,0.11600911841573923,0.5421671005949602
2023-05-26,-0.0066382392598452805,-0.05595652819334236,-0.07032042458456655,0.14799970579877295,0.04870870510489954,0.07656346425175528,0.20087422575192537,0.14977456792790775,0.03280838217086973,0.08025044781789993,0.19393856305617263,0.12362645087387639,0.6140286528390028
2023-06-02,0.025209825634665742,-0.009996490712606556,-0.060228885586452854,0.15549026337752392,0.012823989895344747,0.0762250162113431,0.2044781259211545,0.14893558411420893,0.014029760755274847,0.07547616231004878,0.20415419047655303,0.12152030376952952,0.6274363267889855
2023-06-09,0.018977516477323642,0.028431421328578343,0.008808215606665915,0.12484365279982121,-0.01015602511559839,0.07652311152983346,0.22293384463839155,0.13414136843892951,0.005015680937722911,0.08086678221892839,0.2470193684051143,0.08361291765866424,0.29682791382339613
2023-06-16,0.0028510464856376094,0.024202105086188364,0.01643647262934145,0.13069627186092386,0.0376446730363031,0.09413659905190136,0.20659546157207015,0.122166622177381,0.054148173792558214,0.11265814432033044,0.27921655974828474,0.11112672558213359,0.3798231979796949
2023-06-23,-0.02654768418669704,0.003033301917888087,-0.015851455431503503,0.14167492735665205,-0.008241424134475282,0.030821905874218514,0.17610208105858483,0.12989060546722314,-0.006145876899443436,0.06614531241064822,0.23650962545033732,0.12105401764986566,0.4671902433301495
2023-06-30,0.0253819090049366,0.02252619771748554,-0.0061544876638435445,0.1482166155746855,0.008950505149860778,0.0296900321500964,0.16933191119691135,0.15417142945490128,0.012600911050674313,0.07078816693686103,0.22628525914072148,0.11799338145730254,0.41593635328798256
2023-07-07,-0.02362426587435025,-0.019064426148112434,-0.021190244145809944,0.15550153390495303,-0.014891339748085475,0.022431619308465663,0.1550404206094575,0.1623634037874046,-0.02573641808343852,0.03609964861272841,0.1826193601106884,0.14439753952139667,0.4880323720509077
2023-07-14,0.00530906454124489,-0.024212550642405708,-0.06874504175433904,0.11035609235785439,0.025115175201644836,0.003122520539283834,0.19248587941230405,0.16234173233055665,0.03688584305185057,0.012162802065183788,0.26727701448938246,0.19272953670688325,0.5426123552098635
2023-07-21,0.026638276842908714,0.01363387018044584,-0.042220725166279005,0.12768705688410592,0.0017585356762169994,0.020041880933752365,0.18845582292094365,0.1616472246554303,0.0018100269356504878,0.009901577317095112,0.21478812593337626,0.1625543008834121,0.4369164065508233
2023-07-28,-0.011545322927352265,-0.01115356972848487,-0.02774767616923395,0.1422761317148173,0.003748516719974161,0.015411492713362354,0.17235616822205582,0.16138592896769363,0.0017343519844126298,0.0006758202410654494,0.1767270176612032,0.1423568198414168,0.48499427260835665
2023-08-04,-0.004510272899024304,0.02025025344547218,-0.01760336782965437,0.1124175083939211,-0.03350457388745372,-0.028401989965645292,-0.02530987629130732,0.11909628759849962,-0.003717008878909689,0.034427149794896694,0.1917615410819455,0.1603539558112646,0.5944625715667625
2023-08-11,0.027627215053982336,0.0432187001632198,0.025460601202659406,0.1211917796624319,0.0028413136270884157,-0.03320755742143971,-0.01481142311650041,0.11823895292554995,-0.004921212936808181,0.0010944859491135237,0.18570443911486478,0.16035393220994737,0.49434363765057804
2023-08-18,-0.002703290085224719,0.012817709477421757,0.028018263756434906,0.12026342006679787,-0.0045852427056741535,-0.04955686161665669,-0.022769898817774248,0.11817345218624244,0.009190074240685055,0.0032428777325314243,0.1582428486886313,0.15682801507256333,0.5164801067358947
2023-08-25,-0.007898938622016382,0.012029198715590297,0.025263718516834954,0.12097616046236477,0.011168331698580204,-0.02411372305568562,-0.011387313092482688,0.12084853763133362,0.012677002793395143,0.010969091387789964,0.13073564142158722,0.14750784090329272,0.5278479262299265
2023-09-01,0.018608481351595187,0.035255602859008174,0.03184984876415349,0.12360122480875244,0.00913849942571492,0.018068966787590936,-0.019016406066532925,0.11674163829757339,0.03334470971631698,0.04887809189304258,0.14008807706743645,0.15194560792039444,0.5364055379546896
2023-09-08,-0.005390230617073133,0.0021025044418094604,0.019691496390166027,0.12410651234023405,-0.019708832637098328,-0.0047499950584626305,-0.03099634333540478,0.12206824859239965,-0.004683812180231617,0.05067203695226455,0.11623672555826528,0.1545759077668878,0.555032871457218
2023-09-15,-0.007268429762987317,-0.001788480351633127,0.014559456866893283,0.1252984549204655,-0.010547667500486281,-0.010419388648319016,-0.061525984411466395,0.11124324072349724,-0.0309476024950818,0.0077253459759867756,0.023295283869222597,0.13332164346554615,0.6036215862292083
2023-09-22,-0.023327544018959534,-0.0165604687225164,0.0037820592202400414,0.1324757012487085,-0.022868217468059383,-0.043969617319786394,-0.07940416098289867,0.11703256394976233,-0.0283409891392296,-0.0321874948645871,0.008356718336912962,0.1442477479241107,0.662567450217028
2023-09-29,0.0016337397933455797,-0.033289188507582244,-0.012571699008298241,0.12760810623721575,-0.014781033694570735,-0.06671427553733059,-0.1021644882419158,0.11276859177490227,-0.00044539050377943,-0.06462410761772448,-0.005612359451681974,0.1561748091392887,0.5518849788491065
2023-10-06,-0.02990289915727251,-0.058416317509469434,-0.011340318560949879,0.12320349185741077,0.004637305979298168,-0.04319547048237591,-0.07269053568377233,0.10733217012395958,0.015822994852404994,-0.04975735396705043,0.022134678757883948,0.15606110008585494,0.3961836290254581
2023-10-13,0.0007728047094312188,-0.05101563111720002,-0.013578488044078662,0.12258970936442552,-0.004015032508878047,-0.03666188218045508,-0.08356911176373305,0.10330729409101436,0.0016629851149509549,-0.018208714237364323,-0.012332985685912545,0.13688909223267695,0.366569487635174
2023-10-20,-0.00986601357711303,-0.03807688205432656,-0.047238754259051934,0.10781352469232636,-0.01109992346947879,-0.025840916348278148,-0.105263184452905,0.09491851887346245,-0.04572154495896119,-0.030046657518394235,-0.056063805628893994,0.164211616306275,0.3455016986319264
2023-10-27,-0.04708591160174953,-0.08496309114600653,-0.08841844882613455,0.13845715500401232,-0.008520975249988518,-0.019120507845362525,-0.09895595616030312,0.09394220417536966,-0.009555996185419777,-0.03787204856380982,-0.07288122760080737,0.16205396852645307,0.33700430424270156
2023-11-03,0.03132394280332376,-0.027231318856435087,-0.057460308845779434,0.1582391324603372,0.04216170084345374,0.01824307030758303,-0.0285052982355092,0.12203596915961464,0.07719574405699592,0.024509644318284375,-0.0017047337117896523,0.2560603328223815,0.5779715355488354
2023-11-10,-0.03175015737823586,-0.058520187378526003,-0.11181786054351381,0.1510243510014272,0.005304312894341612,0.028307961229026613,-0.022097908229462296,0.12255888816601447,0.05184990017307266,0.07680507619735777,0.08407905412112796,0.2656703900509581,0.5689270634829507
2023-11-17,0.018895188935331486,-0.029825877953321835,-0.09236274785933292,0.16060292992852465,0.013267588980249646,0.052996466643665946,-0.0035177010907328117,0.12596983876551002,0.013919603087893152,0.14261460749937252,0.0949253024232471,0.2659178883943354,0.5787685352502082
2023-11-24,0.006211472099435378,0.024418025139181187,-0.0796652458716195,0.16273350092939906,0.013431811213982537,0.0764203520931204,-0.002456171129185142,0.12695207531317154,0.0019115359831934462,0.15063583500315134,0.07463674710863716,0.26460354780184253,0.5753277209032243
2023-12-01,-0.0047088608000601,-0.011318297778446687,-0.10037706717894253,0.1539392641637034,-0.005093968591012698,0.02745193102717345,-0.01666431835291147,0.12556155283891718,-0.0024816494535303993,0.065674215349609,0.02925659886696013,0.25322519384983416,0.5442525976796373
2023-12-08,-0.0034232181163881712,0.017636690862436306,-0.09819859646539286,0.15411886693985796,0.00388574627402527,0.025611833722935653,0.006443358217097362,0.11934336977484047,0.002164672381865596,0.01535881369563905,0.04524640045260366,0.25131578696081697,0.5624919775854257
2023-12-15,0.014243180183600448,0.014062451154266721,-0.07554999752271167,0.16019075262514024,-0.011070193053814514,0.001752000646047725,0.008657096328642668,0.11955628299413337,-0.00879820410950878,-0.007146161319681932,0.06810409028347197,0.2424164065640742,0.523204804080802
2023-12-22,0.019443458371408952,0.025466655583872316,-0.0366421105562289,0.162869703828958,0.019363802724247314,0.006470936937115578,0.04846682080930685,0.11362375451591625,0.006293289337737984,0.04296568396395804,0.1706487860890592,0.18796738553336673,0.47112835048720797
2023-12-29,-0.002262835982807432,0.02693185358047976,-0.03825403886754411,0.16261373037410534,0.008169808518660249,0.01946276015649937,0.0735825393725182,0.10654075089124895,-0.0028514667317066644,0.04204641826983427,0.16350901538080084,0.18970464929073988,0.4867621990222017
2024-01-05,0.02464729357179778,0.05547902068892192,0.01476459293533083,0.15998408857803859,-0.0015048346509001446,0.014873215883815936,0.06534143425562074,0.10743995430415108,-0.027968339236277374,0.00023952383908705348,0.10581393093561303,0.20373445418038086,0.4434187351314522
2024-01-12,-0.004757438797716618,0.03756944598476051,0.012051110725079937,0.16043944689736583,0.01678141652864327,0.04336531568445195,0.08822023418226402,0.10797437190371097,0.06058408587975479,0.03520006283026398,0.16499458444973866,0.22894651259765447,0.4247505874297391
2024-01-19,-0.011555366506136023,0.006464874060161052,0.01428199177412421,0.16096262919501908,0.013641403130738649,0.036744012106021254,0.11469270822265319,0.10160527469959107,0.03316106081963386,0.06388317993910979,0.252761605123161,0.20485580152543453,0.36200770199981974
2024-01-26,0.015777108779398575,0.023541727536256187,0.07631713074102697,0.12520609655794285,-0.0044486761918147485,0.02433013780496998,0.11973826175942266,0.09894995309367337,0.011252504492326754,0.07877093957770392,0.27721813721695987,0.19831133988981642,0.20020723319124878
2024-02-02,0.008565453364782006,0.007936507289789119,0.054033082263684196,0.11253309897303083,0.005380507317571914,0.03281625565324362,0.08217162933256902,0.06749288521063908,0.03611928217472486,0.15119275440712962,0.2384469858787393,0.17057340554875813,-0.14305333958003771
2024-02-09,0.004505579951943405,0.016498535374534586,0.0910189084989516,0.08217649465495205,0.005822528243112401,0.020495650152785493,0.0807823185628559,0.06747997619905492,0.03281951726349606,0.12076589698875057,0.22235446474717507,0.1605914546396366,-0.11417403070739827
2024-02-16,0.012330931083277031,0.041678954918595745,0.08339742336442899,0.0788980335507337,-0.008840412759273032,-0.0023126701808924705,0.0583287644906896,0.07148856000917748,-0.018937763753932458,0.06375596981297743,0.18970782294634778,0.17462151825842798,-0.12463553428299329
2024-02-23,0.009166919495615612,0.03480860307507028,0.08768891965618278,0.07914070811474601,0.010874979094004946,0.013037859385660999,0.05654248560152349,0.07024073245880919,0.030743252511548524,0.08598048403719562,0.22761351365071916,0.17703356051690142,-0.09033387515545771
2024-03-01,-0.00410092527855539,0.02192387907731086,0.08652877729612951,0.07878259677235432,-0.01761071759601045,-0.010489738993200649,0.04249400541695168,0.0809627371702544,0.01893130338562843,0.07744939339315282,0.2960146938729248,0.16284466197421096,-0.0557980754969564
2024-03-08,-0.005521523590656651,0.011495424658593902,0.08141008046311417,0.08001300082538781,-0.013867796887453742,-0.029452838863524546,0.023717470745099917,0.08772992819198445,0.0033276224515870643,0.050589886361824314,0.30017441237826986,0.16309133340973947,0.01721636873541238
2024-03-15,0.014918601887807604,0.014237103483692806,0.08078500832290039,0.08031836830186168,0.00015201240778022276,-0.020829475064076022,0.03479456663829907,0.08338972705457642,0.00927278500296338,0.06986419250934564,0.2797170251884341,0.16237329557387098,0.014876632125199222
2024-03-22,0.011665433780781154,0.016902976744313493,0.07409180125114148,0.07617863873549005,0.007706720500414611,-0.02394251810550041,0.023340984902152355,0.0761883764305026,0.03466055285943064,0.07295240445753545,0.31377447183004453,0.16518126844889505,0.011037569900173794
2024-03-29,0.021337202912788688,0.04224839737577806,0.10025407307971887,0.08008560656058214,0.010780103698226772,0.003952402594824834,0.02691673775783232,0.07731761626120263,-0.006339270313947699,0.037743414181867066,0.29595816413037596,0.1698312806155272,-0.011121776330554297
2024-04-05,-0.013034150313084438,0.03501213027789829,0.059991269998600535,0.08050064126713843,-0.024358030576357662,-0.006117785394696474,0.0027381384703263068,0.09350936302168113,0.004544058852755994,0.04247310141500105,0.3253644563903126,0.15045572473636387,0.21759980474513888
2024-04-12,-0.026209087466351155,-0.023895086097513608,0.011411798352135395,0.09066040830753133,-0.0027476541060404078,-0.009177089286206997,-0.01844612079764674,0.08634508375768603,-0.002847078525725256,0.02917662546972495,0.246219077087052,0.1364230106643979,0.25515931265324715
2024-04-19,-0.0022748307804014716,-0.029350204460441634,0.02418865971763036,0.08614227708016321,-0.01929583434572895,-0.036622715246259464,-0.05103150129821887,0.0866966025338798,-0.06230168172209354,-0.06573765194046306,0.1340590868557582,0.20725160718676627,0.3807457563262948
2024-04-26,-0.0030104561167483505,-0.0441709002853751,0.008311020477014796,0.08459789410812074,0.01363174679083119,-0.033746511907761165,-0.0338542542143349,0.09346093157797107,0.03878211877795273,-0.02701222326110975,0.15613206324625262,0.21439487215914185,0.3622745509959566
2024-05-03,0.017768686238892564,-0.014901020699116651,0.027151778817525243,0.09042592131348805,0.028123301771606463,0.017733350030094422,-0.014596990257001967,0.11115404962036483,0.010083556701869114,-0.020260530547191923,0.10640314069501926,0.19422539485821153,0.39798803332070515
2024-05-10,0.014715163318741321,0.02657160057726851,0.03670563502048574,0.09358483494224003,0.012514500725603186,0.033160562522644654,-0.008287926143117817,0.11364418460479758,0.030143739386463288,0.011246449007383209,0.10274162459259374,0.19384415239374217,0.42534800553768665
2024-05-17,0.00857632491797795,0.03762283066912922,0.03600822437841527,0.09364742022904363,0.014419919121758908,0.0699104996728472,0.015543479419628681,0.1155100994450863,0.008484347036878637,0.09006279116370705,0.12182120892293603,0.1902865163266377,0.4374849443875608
2024-05-24,-0.0357944394294514,0.00506363809439252,-0.013055937605173186,0.11828341105676933,-0.006542091133135575,0.04998873753567033,-0.0006606586548542487,0.11467530549523167,0.02759763867470078,0.08662621165915306,0.13510581291553764,0.16810137807752595,0.3137860804171508
2024-05-31,0.016618579810341916,0.0027051078921514152,0.004717518179879282,0.12336794660418797,-0.011618388469095065,0.008405852704486216,0.005266620263670064,0.11121088672303818,-0.0035736814445993526,0.07511066232642821,0.10553215530921457,0.16724044274237093,0.3137208855811903
2024-06-07,-0.02003873116347146,-0.031486758585862765,-0.014079817046328238,0.12992080213011636,0.014572184529284972,0.010857215268513088,0.036085272531968034,0.10961908376041118,0.036796395863047,0.07026844540388158,0.12215481786374839,0.1987876662177951,0.24789902001710704
2024-06-14,-0.008281253876758689,-0.048013117068249865,-0.04077207244242204,0.1249520607440346,0.013457540447428685,0.010306569861763728,0.05060585868966421,0.11140383978111604,0.018796411060761666,0.08692438525948283,0.15292009141580692,0.17514387489031666,0.27095506723606083
2024-06-21,0.01768035275445197,0.0055919546543425035,-0.027249722027929257,0.1309972747927813,0.006575488829262244,0.022552548679481137,0.04811644368461261,0.11125902625160686,0.0027481113075997535,0.05217274487248392,0.11700990501735346,0.17102989362465426,0.25004322071450097
2024-06-28,0.0010911613335037752,-0.010740376394405038,-0.03767396740969227,0.12778454178950396,-0.010606770092395256,0.02379461773910494,0.02819288158426527,0.11364853721125642,0.0026389220947995225,0.05705580667609898,0.1266301432518845,0.16905505501796375,0.2578204971177433
2024-07-05,-0.007493805052962132,-0.00635770963375233,-0.04665144301791964,0.12120310628204416,0.025260027235396776,0.03697332157889732,0.0916375308047153,0.11138443077309725,0.023118759677218083,0.04696614754769532,0.1569516867180434,0.17010445125847373,0.16483496268366038
2024-07-12,0.02014098424026414,0.032253090775011865,-0.007161894429671127,0.12399327266571326,0.015446482057171942,0.036215523270455255,0.11023798467286494,0.11056312777511873,-0.018025436386321616,0.01639191133279929,0.17787483193885734,0.211475625259431,0.03880273356914147
2024-07-19,0.026017465781455498,0.04881505777233293,0.01545553105005799,0.13485877777974434,-0.014099560501245036,0.014713655746443101,0.11322918650960012,0.10877989814397913,-0.03320379834474774,-0.019616076887448108,0.21225059555844095,0.17808331724478288,-0.12956772165810138
2024-07-26,0.011933659526824503,0.05146850881687248,0.034329697402514237,0.13544505222792858,-0.0012131028439182892,0.024598029008422784,0.09627431156866392,0.10988252488544116,-0.02200562407010287,-0.03929991389925656,0.12649834197870966,0.177485546264562,-0.1291476935460286
2024-08-02,-0.01417336893633139,0.04485421036270496,0.02465650604177514,0.1390326384194241,0.019123606869679087,0.0094614803983804,0.0929996527157043,0.10860133441051047,-0.0368212349786399,-0.10573892241713176,0.07276869098779412,0.199942391446614,-0.1558773489708672
2024-08-09,0.0029337257535300143,0.0259650634097216,0.0008356309156600118,0.12846890066272543,-0.020937170135709327,-0.029648172554067827,0.04796806199803967,0.11794203008089431,-0.000549292480752194,-0.08805982800944426,0.0488900000388202,0.19722849332454678,-0.2566318974867095
2024-08-16,0.002898778349610187,0.0024418700623253476,-0.006237844288866822,0.12736245639968843,0.05322688292923079,0.04356367368414622,0.08574344748062517,0.15150174223398158,0.07597022608176679,0.011498284469530495,0.10633923806419297,0.2428900244892542,-0.10279845825160801
2024-08-23,0.0062693812721408525,-0.0034912924347398682,0.03528860453382199,0.10480954328605284,0.023530474141893732,0.07353027550212128,0.09245537491986881,0.15419220379565066,0.014971204704621766,0.0509188725641728,0.08142824880654331,0.23577854907894014,-0.08004220727611351
2024-08-30,0.01258512793855955,0.025113513787230923,0.04007491301340804,0.10597999309447359,-0.011643516294425218,0.04085114043292513,0.06912173669433135,0.1588482255821359,-0.005423252281682101,0.06957143274147973,0.09403078146143594,0.17821152787442585,-0.07044326459791277
2024-09-06,-0.03383283790319935,-0.012923980296558613,0.028380971051930715,0.11960953758003565,-0.03762726204118216,0.021519414767158487,0.021368197160166406,0.18035147633847834,-0.03177806107777714,0.04113967786873958,0.060017480795760816,0.15421588609680825,0.3199590521259215
2024-09-13,0.012603737568969643,-0.0032458896603342812,0.05956015850994061,0.11254639108747849,0.063942853240924,0.03311902213060798,0.0682635395123119,0.2177016265753705,0.06609163192466042,0.03334295254481645,0.05816069497171798,0.2302184273836122,0.4132133168694348
2024-09-20,0.02499569974424438,0.014456676792907809,0.07461128924913926,0.11944609960794357,-0.008938359399703555,0.0010677492540570165,0.05376420304652895,0.2196910876764501,-0.008178552686117935,0.008694177672634206,0.05177743193306476,0.23120837690834956,0.37952525446085733
2024-09-27,0.008714317475253908,0.010893044376718165,0.07431490454448153,0.1192987647561405,0.011540275358909936,0.023664448154880932,0.08603626159086496,0.21396771749132065,0.006152907421468302,0.010158567413354348,0.0975563470037446,0.17960855057213496,0.40345215451834154
2024-10-04,0.021162495495425995,0.07100306232567558,0.10314545816339887,0.11937284310877054,-0.002751240789843101,0.06465909408265053,0.06995913114832229,0.21427180440323382,0.00031580942390632173,0.04855136262748521,0.07603698535429107,0.17822970473088176,0.40852561722451464
2024-10-11,0.0031009060618157895,0.06038277031929005,0.08460127595350081,0.11661241095393948,0.013499158937631692,0.013978407185758136,0.06334398448869741,0.2135627040625137,0.013583529851930742,0.008728381407093335,0.08601090691529074,0.17857405609544744,0.40634669597804
2024-10-18,0.005308590440423599,0.037477548320464835,0.062203709412064795,0.10872322398886583,0.02387530148866146,0.04844757747485924,0.11932256735183827,0.20453364709147365,0.016546160238263587,0.040346445522896325,0.12632594846423442,0.1992745597390343,0.4971729788230217
2024-10-25,-0.01580857351230407,0.012531491140207553,0.032320471275360335,0.11499105856011914,-0.017350739681942142,0.017941576115693518,0.1035742567620571,0.21005976612221164,-0.0055454938059855685,0.02510742505597348,0.12473968345096188,0.21646248645809474,0.5789384290218501
2024-11-01,-0.01654912888883746,-0.02413417764908985,0.0323453527023327,0.11660003333773326,-0.02615763237885511,-0.007289402456005314,0.05719659204357844,0.21937886348600166,-0.019892564426684745,0.008776677614324702,0.197752251184851,0.2480728928484777,0.6362618346947084
2024-11-08,0.018155714174158004,-0.010136936941947929,0.04743900993589922,0.12066698612751392,0.019740746691985892,-0.0013231328800579392,0.1055177229124491,0.21359627131171927,0.04590290474870083,0.026916646958519055,0.1836639426026419,0.2409763895593626,0.6732329231836572
2024-11-15,-0.005741909800801848,-0.019677538187562994,0.03778558220979451,0.12217951011932507,-0.018966449266423324,-0.04336398255556582,0.024015901740457667,0.1954896643240695,-0.023405802227773487,-0.0022613872114886514,0.08912517997655992,0.20465726468413187,0.7281569989766861
2024-11-22,0.018340692042752193,0.013754981840906424,0.05079598726208527,0.12584487902871913,-8.18776924256465e-05,-0.02665674354028611,-3.3356402592721324e-05,0.19012034332313246,0.03870612212716033,0.03782262485052282,0.11002021464423693,0.21318077108880998,0.7159150938389524
2024-11-29,0.0014094324297460933,0.032125551790869976,0.0393774552992604,0.12455001741443203,0.008653220857351563,0.008149597907221117,0.022101208599995672,0.18873934879457874,-0.002436329944338734,0.08224069147617485,0.17872834921275121,0.27007993571844296,0.7070781133603679
2024-12-06,-0.03697496216169516,-0.02368162180498288,0.03955057833983915,0.12869036555446514,0.00149178355342665,-0.009489930709998108,0.07423973835121668,0.1679903139545843,0.01920153961535014,0.03236252117719984,0.26345132470673854,0.23589932450837583,0.5207780264222762
2024-12-13,-0.023379111034469727,-0.04096410551746563,0.0013787701007168737,0.13688880411739954,-0.019332837835887597,-0.009359418962072374,-0.01566183942387993,0.11667845367868465,-0.03745576566113231,0.021519105963818855,0.0858794840452698,0.19672177718667203,0.513015868824206
2024-12-20,-0.034822459824248614,-0.0909864090931517,-0.05959499033279901,0.14213393933167967,-0.014974291712121458,-0.02434687139971841,-0.020732897153483348,0.11902815238619113,-0.018536792139801063,-0.041159971701555526,0.07087173256671994,0.20237502406491548,0.6104967302792246
2024-12-27,0.0030314448859017464,-0.08965760306831341,-0.0650045467578513,0.1403060074760207,0.003322391400187575,-0.029597546924857984,-0.02940870235061348,0.11619760496415833,8.409668278188689e-05,-0.038270442093550266,0.06333953935358715,0.2026698341782528,0.6073187302776398
2025-01-03,0.005133159415387568,-0.049958352724422325,-0.07887917560048888,0.13077798045837136,0.006825806359169096,-0.02457340336017906,-0.019485428310638576,0.11758303583878593,0.0013171453203496778,-0.051722712947295406,0.09828541568000351,0.2105816482580038,0.5549887843062882
2025-01-10,-0.018085014681635814,-0.047390627529162614,-0.11013730840563396,0.1298175965471,-0.03815118575785119,-0.04299844314342616,-0.07140082149991611,0.1333573001317434,-0.02141375570714581,-0.04005481369480244,0.052335974610838096,0.2151978358267929,0.5367665444221125
2025-01-17,0.055084859073680686,0.05452500339666125,-0.04353185817162968,0.1787064642585016,0.02352705606717649,-0.006009522754597209,-0.07191329619201584,0.13302664295182368,0.01655089247555437,-0.007728344000668642,0.06124766529580372,0.21656699019545644,0.5645499201151977
2025-01-24,-0.001716910725896548,0.04896635799842302,-0.030505156102468886,0.17659068309606335,0.022913073189711898,0.013353741927815467,-0.03453030856373773,0.14157754074001822,0.014146715735430051,-0.0008030883015967653,0.08470234754996708,0.16368531007657963,0.46057452498596624
2025-01-31,-0.01828702431890086,0.02296168549745168,-0.03470379674086521,0.17724136049321296,-0.03864075364554492,-0.03197375343711235,-0.04970650862505404,0.15243970309217192,-0.0016121057362486852,0.0022784465889279307,0.09151036378837393,0.16122593831862783,0.43881215873942225
2025-02-07,-0.00353590951670113,0.029284021827470166,-0.0662957133130975,0.18408082214561738,0.009674610147778753,0.013382513552911778,-0.05890801799827133,0.14706430791926603,0.021143533075801746,0.032948297961500096,0.05630565064453323,0.1308207594514493,0.39945849809684436
2025-02-14,-9.109236470299445e-05,-0.027025624984405108,-0.061026128697458895,0.18430571834247303,0.026260796375375352,0.016474420572656422,-0.015618277300468742,0.15490636442397113,0.024211400811837862,0.07399199405133286,0.09420890868122697,0.19884059808185442,0.5717762358364654
2025-02-21,0.017264815330650433,-0.010139740814327409,-0.0562772970595032,0.1862674031300901,0.009322300921862682,0.0035799278683576563,-0.007241741742524546,0.15619356472065637,-0.04891241127408573,-0.02390801370961022,0.00801931199433785,0.2210154886796664,0.46059756072743335
2025-02-28,0.00503499096048583,0.019297009280179234,-0.054635632535162015,0.18640802965584966,-0.01792399292648468,0.026003001258245707,-0.03215559204220675,0.15888511533427566,0.008007294836425994,-0.001310072695279321,0.013655755434376428,0.16613473510979826,0.3742429537515108
2025-03-07,0.006273361862187187,0.02873300964386929,-0.012367643270641437,0.17255032101811413,-0.003422320488616171,0.014983677283338293,-0.03263522929942081,0.1587242687346824,-0.04674792989186283,-0.04290850659519494,-0.04696002329780473,0.16279879033525066,0.3349694825126244
2025-03-14,-0.0026110197043863305,0.02584514164569287,0.006419465914006727,0.16648446987447463,-0.002514658799495929,-0.015465231423322703,-0.020921602297549288,0.15443436955987958,-0.04332895574226503,-0.10430771302954332,-0.06925589247953727,0.16915583609732776,0.154172818398182
2025-03-21,0.00875615979766864,0.016875419387592096,0.05758936337812802,0.14245450935232337,-0.007532315638071863,-0.033002781577454114,-0.012788820552425209,0.15223035343394162,0.0014213620451069442,-0.06814269550312901,-0.013145898338750107,0.17449675879364504,0.1360125482904749
2025-03-28,0.0061283682504527995,0.018161183474089015,0.05969915758284019,0.14248565656395415,-0.007804509177279262,-0.023143348933002517,-0.022267332918519123,0.152649598201172,0.017042586279028174,-0.06324703446813028,0.005562141543132122,0.1779079960801314,0.1322697739666607
2025-04-04,-0.04100521084470115,-0.02920431028849959,0.010284822057694029,0.16916379977532395,-0.021846347367836243,-0.04117936499385147,-0.04452893862778562,0.15671710442328413,0.0075257760068070615,-0.02338411559554938,0.03572272307659492,0.17257820159454168,0.14190111171639244
2025-04-11,-0.08959335501094429,-0.11526890079966533,-0.06414936311929169,0.24689338473355293,-0.021276702727151698,-0.05839396197777489,-0.035154876150488276,0.14366225295127902,-0.022103219925885376,0.003171481818127408,0.013923288810074777,0.1796046811143664,0.2316591254933511
2025-04-18,0.014494180879730069,-0.10929505221013508,-0.10089976047506405,0.21115896707390383,-0.007759048420268179,-0.05913473516568393,-0.062116412826668174,0.13253107323947563,0.005379494383102524,-0.014384472277686423,-0.056339758162810276,0.16837433166407284,0.2746434089240839
2025-04-25,0.028436446027605866,-0.08982100784994894,-0.07738034145828088,0.22261176595689589,0.02240796786875352,-0.03087743231847804,-0.061837681511503,0.1320788125605119,0.027401599647292232,0.027823354340208085,0.050596271538849935,0.18838823982609942,0.29096206822018705
2025-05-02,-0.006086086249955059,-0.055572444285730785,-0.06236056649095785,0.21847210177482113,0.027391178587729416,0.020841806890450097,-0.00359986203944067,0.1243390158538371,0.0036276656072868896,0.01856797301345301,0.060131253258917446,0.15894937125693703,0.27179077734042484
2025-05-09,0.01794352997839348,0.05551590876986308,-0.04247071962437654,0.2229951738803966,0.024546224358573746,0.06736395506323967,0.01173797214683665,0.13244788221004852,0.0005361447640220842,0.0357084825632406,0.031044624702803628,0.14993176775279257,0.259689140458425
2025-05-16,0.012721776818818122,0.0464704646493503,-0.018888957483152224,0.21656395699028672,0.04738494643843583,0.1304613189910367,0.03095889362662214,0.1544524465481884,-0.0070350166973551335,0.015940453648308473,-0.006562305193311358,0.13811115387340914,0.1776920475430104
2025-05-23,-0.03874603526277196,0.008419819510847047,-0.06277000012803338,0.24578267387274505,-0.018268043076219345,0.08344403520365422,0.002485793079414279,0.1594521454017654,-0.0012125753629435466,-0.003942594781508314,0.0051347510515838525,0.13539792406923815,0.23321510908664803
2025-05-30,0.01339904999186763,0.027734200835451465,-0.05467088249111085,0.247696133028219,0.015710687229472445,0.07013722820810175,0.03829135287922852,0.15628571536427527,1.7608642786082727e-05,-0.007621319982682452,-0.010576399329966457,0.13135226346965054,0.2667220086086019
2025-06-06,0.0019608913392907155,0.011136505845550948,-0.05916514117373872,0.24710919427923148,0.007419158530763203,0.051080590941284865,0.05501762493462996,0.1556727113377581,-0.0011744275144042419,-0.00943818635152547,0.012531350847500546,0.1225997594231444,0.2710889329065703
2025-06-13,0.04600936700033342,0.019853261633966904,-0.013172909441924643,0.266510480874061,0.022349078390976794,0.026314252689602264,0.08006118249879164,0.15876362527434623,-0.005668570922661931,-0.008096384445519255,0.050277876001803716,0.08575680584567626,0.2075813835107189
2025-06-20,0.0031394059969742432,0.06554690616743314,-0.01798624865396899,0.2659397213909783,-0.01724638060919592,0.029148579861835385,0.07185612998945246,0.16356402052251307,-0.02455020263400378,-0.031213684498832217,0.01941313778845204,0.10266002143100454,0.26224428282961226
2025-06-27,-0.005270751767768811,0.04495547668274309,-0.027454370616990742,0.26568355243167335,0.013696003734242693,0.02731794507674057,0.10305090347113621,0.16155966747162492,0.002405406842861769,-0.028743929311372908,0.01042266182391631,0.10021406517030244,0.278325539075464
2025-07-04,0.03229702600746509,0.09301762665937977,0.04534092206454546,0.2772207714825802,0.02548424444380086,0.050677482713702496,0.15637726422585121,0.17259637953510887,0.018671956184108354,-0.009693027234379504,0.000561486788765865,0.08918447482416911,0.5315760444556693
2025-07-11,0.028940496674785487,0.06131455604327565,0.19622441023737025,0.15434454376874757,0.01888170830253988,0.03960662094716465,0.20247274999214515,0.15178826791137343,-0.013151266602946944,0.019778400001964645,0.15579631400120522,0.11148233192295137,0.5839021089337134
2025-07-18,-0.019991403988905025,0.04579566173297259,0.16193294370724243,0.1688162172543448,0.012728259298717414,0.0752010547397007,0.24758985028657102,0.1356952950021423,0.009774925284362967,0.05013795504673982,0.24137371694971682,0.11897450906177305,0.5796212595524647
2025-07-25,0.022694656139437865,0.06473172504666569,0.14130473529436163,0.15885362330441952,-0.006023328768295389,0.0515774868878021,0.2044720807516105,0.1391057053898065,-0.005663356740902858,0.04871423452518961,0.33721895570089094,0.14189791521922415,0.5212376187663127
2025-08-01,-0.03451076323861442,-0.0039274811237840716,0.08885477202330701,0.18186187727093286,-0.004697333221419343,0.02069896087586505,0.15352368769732938,0.13393890048104173,-0.004490283655767757,0.02667621230695942,0.3312564140041746,0.15178050256509606,0.5953363526860675
2025-08-08,-4.235453189307438e-05,-0.03284862804190312,0.09849391480004965,0.17762121313008705,0.01925996594476858,0.02117875968551408,0.16169172877487545,0.13507261517799327,0.02911647504693158,0.05782515650374407,0.32306939921337885,0.15045847608010607,0.6138689099594795
2025-08-15,0.018338781444053077,0.004787087605743779,0.09874585851524367,0.17804573731309684,0.007193626981619716,0.014999176431962582,0.11151051363835703,0.10925453412866792,-0.0002093755512843744,0.029242333801099175,0.24225047073258138,0.13013290404972325,0.5817312034517481
2025-08-22,0.01680810621097253,-0.001105019934943296,0.1277223673974957,0.17474900463660656,0.006874442208937471,0.027743802516604844,0.13184462401482558,0.09830481249646214,-0.030111012402184972,-0.022227355280562213,0.1827211836997648,0.14704192174632402,0.46341275596045
2025-08-29,0.005598295274399324,0.040092704267376794,0.1278458991127217,0.1747470115351386,-0.010182998595605033,0.022095356291408623,0.1081719379938086,0.10590623634354503,0.018409335433907506,-0.0038923773901596848,0.2216369801123556,0.1611225695775991,0.39091058779446125
2025-09-05,-0.00968171917778371,0.030418779102156315,0.12044462319257568,0.17711333399506643,-0.007278120947967138,-0.004258010519626955,0.08727841974982395,0.11000076925404828,-0.01041344834486506,-0.03019209669973515,0.15995541379507797,0.17098677739894758,0.45480060285162166
2025-09-12,0.010934821795207883,0.022907649491558504,0.06976867658303361,0.13947139769358782,0.0015900217687838216,-0.010389865257999852,0.05854394128213485,0.09870736479291657,0.07776839364680244,0.0401492289613115,0.19342497451529442,0.2054200567583374,0.2359475982276913
2025-09-19,-0.012847675959468209,-0.01569306934917072,0.03244507840088083,0.13304540861765726,-0.011854755329761192,-0.02809739332542476,0.06742896602756064,0.09044638387302366,-0.0013724794384523337,0.07811461671913991,0.17820369882560538,0.2073590356901909,0.24009007167980445
2025-09-26,-0.003840459467228263,0.0034801425000518197,0.07395386480990712,0.13940969416569599,0.012209930727364138,-0.006059445602303849,0.06222489158780485,0.08900612829520674,-0.01657129006677216,0.039542635315497024,0.11823688909523977,0.20993776898493738,0.20482904519389353
2025-10-03,0.03521916798140183,0.027930597333257756,0.04735240243175891,0.13949406448956592,0.04452823073452015,0.04585373034793026,0.08097406296195175,0.11297789381155408,0.020084826997866335,0.021461536023220984,0.0880173090652526,0.10187645120705115,0.34573730394301894
2025-10-10,-0.012020034829234572,0.006441685963668542,0.008764184655385955,0.13498747899780414,0.01246010779111797,0.05762609965878743,0.07418007049077388,0.11060932983905576,0.015838236879808877,0.014529342646346954,0.11217786589766342,0.20058791172568557,0.21048558992432234
2025-10-17,-0.01653747006105293,0.0030468761534375053,0.018439287834102716,0.1278687466336451,-0.01482494782375985,0.053719127515813536,0.04365821845050098,0.11680143388721013,-0.005877416884521036,0.009018330532594997,0.07662651289279188,0.1986036945666521,0.3165641631419985
2025-10-24,0.02767623375781052,0.030200921865466458,0.024834406825187942,0.13269663665508433,0.010995419581599953,0.051449569805305954,0.06175462829034189,0.11555895967737514,-0.024104760734997857,0.04617223554284913,0.12514428596677912,0.19133732723486743,0.17029061739766152
2025-10-31,-0.015045303877894736,-0.01619088089780281,0.03992193625059262,0.12090620050609005,0.015191398107106902,0.021816746481305296,0.0836394641992147,0.11509871109732123,-0.00396550003620191,0.001577172322419539,0.07851521667629867,0.19471650652131306,0.2891962543707211
2025-11-07,0.0016521448616502845,-0.003294253468218478,0.031584619511161406,0.1200665522150778,-0.02702431852701377,-0.018438429913181724,0.03357088002774205,0.12941999486535874,-0.02813450202762951,-0.021708078510766678,0.07490614919667049,0.20724160648963702,0.17964365385767897
2025-11-14,0.034129211329714984,0.04890901741964811,0.05049568885489364,0.13339862844519862,0.025613331389646256,0.022642025511923514,0.05264402256988976,0.13698669593659193,-0.014491509205679279,-0.0640291997330064,0.06218814793301275,0.2106676687149199,0.15612961132640502
2025-11-21,-0.006779663095022537,0.014001006766401418,0.027491233743252755,0.13261358004011548,-0.007373843119140487,0.004852661522958468,0.03761725050877769,0.1388606490222079,-0.016128265067165432,-0.05604671718776049,0.06456284728875512,0.21003683299612033,0.20202732117633737
2025-11-28,0.02089829995822523,0.05219500679618794,0.0574634124329253,0.13620026267278007,0.02758581948718155,0.022365834178639115,0.08132613041079267,0.14333835942963388,0.020429562460234554,-0.06565689315120399,0.05875054006058418,0.2485227972316742,0.3467627327835345
2025-12-05,-0.013843259554473875,0.035148340409366916,0.04645604970129376,0.13988765218889157,-0.013694989263255297,0.032368829070533754,0.0725326028410482,0.14651060911986832,-0.0057074254469047705,0.014842333902370507,0.12705025046081395,0.1057301481007889,0.4433322821940228
2025-12-12,-0.004136453361986137,-0.004247641769310961,0.034392741156070494,0.1405142377953135,-0.010186123062022334,-0.00470189898325437,0.05849980708391776,0.14983240643051207,-0.004948910614779466,0.0062327964132503615,0.10921085779872708,0.10919278876839844,0.4629946529726823
2025-12-19,-0.009666853970615775,-0.007456768135468538,0.03973221255881696,0.1390934285574848,0.0065827646736494215,0.008940901271310222,0.07884320474642043,0.14537250111528413,-0.006068618784989011,-0.0064296266511180145,0.09200740774451793,0.11259677268896211,0.4571455450729805
2025-12-26,0.020205100348711303,-0.007990523647530967,0.06403608342091736,0.14298555296636933,0.019852069288820218,0.0020202000566709385,0.09096247689434761,0.14750379530139993,0.002430285974584034,-0.013056495618258192,0.10280689576248475,0.09975667316166832,0.2998496155010694
2026-01-02,0.004590877099719482,0.010779202889913653,0.03075904347625815,0.12692267729995324,-0.00561252790123763,0.010034473501662623,0.035346587089159144,0.12434808858010961,-0.0027997309570399363,-0.006400424832849706,0.07878038179412408,0.09830802207822845,0.3512046217922648
2026-01-09,0.023673266517163637,0.039402727174890705,0.06957622530229533,0.12940837596729118,0.0014852253896928905,0.022844070569524956,0.02882795581542967,0.12267258357777744,0.0070505115741063456,-0.01674232163897218,0.07919392763228482,0.10612764427596835,0.2666276666012685
2026-01-16,0.02551712012391785,0.07614779271995573,0.1169671549082546,0.1261750191523353,-0.0004603655271617317,0.015711157380097717,0.04601510303283311,0.11727976259142539,0.03878577203117974,0.04787845891792877,0.10067265518400369,0.12022337242262687,0.318534512356311
2026-01-23,0.004756188334966029,0.06005788474370344,0.09041683839496262,0.11911078590342178,-0.0033993254481677225,-0.007723450319149649,0.029086121817162015,0.11672127669349996,-0.0015233814976086445,0.04455644461926833,0.10457672906799695,0.1195832797941065,0.3677923836199142
2026-01-30,0.019308900175555803,0.07583044542943469,0.1275494992204846,0.1116251682012559,0.012251212372736344,0.010878529058670084,0.029802514627973054,0.11544398350226026,0.017618198929619203,0.04265745750924131,0.03569396780366155,0.10122387537238628,0.6753021604661343
2026-02-06,0.04600886683949916,0.0987431319309929,0.18044292347920288,0.13193871912224683,-0.010212502986064777,0.00024360379670915894,0.05384023416969803,0.10115937907769863,-0.005698817118315439,0.01974595212106518,0.11123802480523685,0.09569039895383857,0.5680645752823691
2026-02-13,0.019643867714314745,0.09189880958946395,0.1604065223922534,0.12471037314724787,0.03354975910776079,0.031171785185203648,0.0546997219813147,0.10964677019439302,0.052813799614954075,0.10463120736390619,0.23544052736994797,0.12786072008824603,0.538465930479573
2026-02-20,0.00421623455650868,0.09139042785145671,0.17361180452498398,0.11953805902755726,-0.0013025420751587627,0.033166988756980965,0.05776312187273419,0.10760110455022248,-0.00888007646789155,0.10178817904280613,0.2215066599666797,0.15410584470529154,0.393713024965667
2026-02-27,0.020120104154373264,0.09214802139216186,0.17248530875108187,0.11930817172225464,0.0019480364571968114,0.023465297122573038,0.03218323455178369,0.0950916018159731,-0.00832349520475142,0.05627019071588937,0.17882045182622403,0.15878323734944386,0.41734690091154975
2026-03-06,-0.017798502858215604,0.025820580116139125,0.16711944469264434,0.12326587947692728,-0.010052454670788125,0.022269874574982307,0.03173068057454258,0.09267339328036195,-0.019572182255516758,0.02215771542504008,0.14419594463422283,0.17318862597353196,0.47193782754895003
2026-03-13,0.014838086057876978,0.021250349459787765,0.19015214362009347,0.11821795407573298,-0.005447000759957721,-0.01632967583384004,0.03792706921976971,0.09028292225719764,0.008026673413246012,-0.028367370102741863,0.14658129205885534,0.17288417012536395,0.44768509464555684
2026-03-20,0.002631607352307209,0.0018969875029032808,0.188147082277067,0.14227300544117646,-0.021902050903013517,-0.0364478142539795,0.010937862416821726,0.10254528902454775,-0.01360918995261995,-0.03245962046856257,0.14954454686042878,0.17326068026601132,0.47993650386968323
2026-03-27,0.021273018567470704,0.0012439389628560657,0.1943925082586743,0.1429600209050628,-0.013714033254211567,-0.05147536319594981,-0.020056505576488883,0.09739898234987641,-0.001543835261007609,-0.03745270509874552,0.10031573425874638,0.17704964547276203,0.4858212779190591
2026-04-03,-0.0028405261619736544,0.031144261467819255,0.18158191269822305,0.14544449256725764,0.009505665867151247,-0.0405166769602983,-0.04338790262339402,0.10915615242433889,0.013597429752157563,0.017945830841158906,0.1653741872676298,0.17136887433498382,0.2925582277740523
2026-04-10,-0.028237028555328548,-0.008743961915373322,0.12153095083374917,0.16566370797761615,0.020865488522245526,-0.012434080684491346,-0.006206796611328398,0.11457137845302706,0.007280784231261394,0.01807756198835713,0.18058568904368943,0.15205571098877188,0.17180585428904685
2026-04-17,-0.017619124441361777,-0.025158347257604907,0.09160616481747832,0.14480108462550537,0.048573838944214236,0.06056402472448126,0.035502031979930654,0.1507739627947814,-0.0015408398838932637,0.02165645236187322,0.12239863266945669,0.13491480760334554,0.05859485618125193
