date,Equal stocks,Equal factors,Historical mean,Ridge,Elastic Net,KNN,SVR,Random Forest,Extra Trees,XGBoost,MLP,LSTM,CNN
2023-01-06,100000.0,100000.0,100000.0,100000.0,100000.0,100000.0,100000.0,100000.0,100000.0,100000.0,100000.0,100000.0,100000.0
2023-01-09,99900.0999000999,99900.09990009991,99900.0999000999,99900.0999000999,99900.0999000999,99900.0999000999,99900.09990009991,99900.09990009991,99900.09990009991,99900.0999000999,99900.0999000999,99900.09990009991,99900.09990009991
2023-01-10,100416.17661436593,100370.66573815979,100358.17436918443,100373.11410837891,100373.11410837891,100398.26319158284,100345.59982758245,100355.5596537121,100355.5596537121,100373.11410837891,100398.26319158284,100355.5596537121,100355.5596537121
2023-01-11,101364.07974431475,100854.27920958587,100918.45542040581,100767.04100081703,100767.04100081703,100886.69846785994,100858.62668688435,100757.68374049183,100757.68374049183,100767.04100081703,100886.69846785994,100757.68374049183,100757.68374049183
2023-01-12,101746.21998891278,101622.80645995894,101777.0451191987,101415.4740270254,101415.4740270254,101695.27904549793,101637.14260996244,101396.09521518022,101396.09521518022,101415.4740270254,101695.27904549793,101396.09521518022,101396.09521518022
2023-01-13,102372.05354743541,102186.3116621272,102421.56876943223,101908.45716697192,101908.45716697192,102207.2865313428,102272.15408724679,101930.0796856066,101930.0796856066,101908.45716697192,102207.2865313428,101930.0796856066,101930.0796856066
2023-01-17,102233.87095329411,102202.93373595267,102484.4923000456,101965.11559633983,101965.11559633983,102007.01989080143,102463.54015281482,102117.28901701097,102117.28901701097,101965.11559633983,102007.01989080143,102117.28901701097,102117.28901701097
2023-01-18,100238.67545634293,100126.42438909215,100412.6802375381,99852.77707032603,99852.77707032603,100001.58587035723,100338.27583752251,99965.00705938113,99965.00705938113,99852.77707032603,100001.58587035723,99965.00705938113,99965.00705938113
2023-01-19,99064.24889331595,99504.99383539843,99596.6457713355,99470.0048823473,99470.0048823473,99342.22956335216,99660.53343083308,99576.1061715076,99576.1061715076,99470.0048823473,99342.22956335216,99576.1061715076,99576.1061715076
2023-01-20,100546.4822462728,101126.42768900299,101456.34991118977,100892.07208897993,100892.07208897993,100793.46482989211,101505.65354073368,101129.46832592711,101129.46832592711,100892.07208897993,100793.46482989211,101129.46832592711,101129.46832592711
2023-01-23,101509.72036965557,101781.0719748767,102435.56828538669,101279.33819266636,101279.33819266636,101206.46063867415,102472.0070623828,101701.18700056925,101701.18700056925,101279.33819266636,101206.46063867415,101701.18700056925,101701.18700056925
2023-01-24,101860.34070849878,101925.75151654646,102498.30212165516,101456.62754416316,101456.62754416316,101493.5725051509,102479.82964116128,101785.37992283326,101785.37992283326,101456.62754416316,101493.5725051509,101785.37992283326,101785.37992283326
2023-01-25,101491.3575219195,102034.61367026228,102661.54703732286,101534.1192118435,101534.1192118435,101530.61176107779,102663.30076270574,101911.68221238615,101911.68221238615,101534.1192118435,101530.61176107779,101911.68221238615,101911.68221238615
2023-01-26,102438.51347561946,103343.22409787765,103826.48396325315,102959.84582257218,102959.84582257218,102949.08043258912,103831.86665824469,103254.10789779073,103254.10789779073,102959.84582257218,102949.08043258912,103254.10789779073,103254.10789779073
2023-01-27,102382.04121986587,102362.28307641702,103153.4909392609,101688.86805487383,101688.86805487383,101823.69715910078,103086.0763871474,102109.66113088939,102109.66113088939,101688.86805487383,101823.69715910078,102109.66113088939,102109.66113088939
2023-01-30,100932.73886180518,100862.75493100882,101474.57334452808,100366.35658741904,100366.35658741904,100389.50196333369,101463.00065657076,100724.18948516472,100724.18948516472,100366.35658741904,100389.50196333369,100724.18948516472,100724.18948516472
2023-01-31,101919.09466593867,101644.25166621008,102346.93608373328,101079.06218968329,101079.06218968329,101089.2019980441,102341.86617955288,101496.61691685287,101496.61691685287,101079.06218968329,101089.2019980441,101496.61691685287,101496.61691685287
2023-02-01,102647.32249798912,101878.51543311459,103025.68737193316,100951.4765285317,100951.4765285317,100982.48104029184,103010.18511605308,101627.37788711878,101627.37788711878,100951.4765285317,100982.48104029184,101627.37788711878,101627.37788711878
2023-02-02,103438.37096541015,101465.65524935775,103128.86616502923,100022.98004794486,100022.98004794486,100396.66827753045,102942.02205023644,100871.43130551354,100871.43130551354,100022.98004794486,100396.66827753045,100871.43130551354,100871.43130551354
2023-02-03,102219.76671487809,100917.51850880106,102340.110399468,99681.95506513583,99681.95506513583,100006.92150224141,102177.62718091522,100405.52362469376,100405.52362469376,99681.95506513583,100006.92150224141,100405.52362469376,100405.52362469376
2023-02-06,102122.93296441823,101133.6137034742,102522.57536503572,99947.59639193164,99955.76068217408,100173.00914566353,102388.97330574895,100693.6365685448,100693.6365685448,99955.58964180303,100173.00914566353,100688.69421554249,100697.43809027276
2023-02-07,102867.9437224988,102448.70481470556,104000.8983791313,101388.78952840563,101201.6636820985,101586.0407093057,103833.26306287864,102145.58722216659,102145.58722216659,101365.55430524798,101586.0407093057,101943.7328979102,102249.1057345541
2023-02-08,101893.4081773464,102106.91997601808,103775.20986640835,101168.76945673248,100726.99682463612,101124.16567227253,103361.1707174384,101923.92485173837,101923.92485173837,100904.68174026046,101124.16567227253,101465.5855081139,101955.82479021745
2023-02-09,101069.74520632945,101476.00089675133,103146.35564058351,100555.70966840479,100103.02158430878,100515.76744758076,102739.31389074921,101306.28899305708,101306.28899305708,100297.60400739868,100515.76744758076,100837.03491990763,101351.53878997162
2023-02-10,101708.38485528083,102548.15265545747,103866.76925143307,101258.02921662209,101462.41678901516,101681.8518959525,103931.19372419787,102013.85087444402,102013.85087444402,101461.15753946485,101681.8518959525,102206.39799763932,102082.46569435562
2023-02-13,102971.09029115544,103311.96454485347,104887.79569785025,102253.41134400858,102006.67681598717,102347.59304598591,104611.66198027457,103016.66284591802,103016.66284591802,102125.4537382906,102347.59304598591,102754.6488543736,103054.72639628519
2023-02-14,102754.53211234175,102981.6242220929,104859.24935517662,102225.58197739495,101462.56410449941,102010.35831956111,104266.9671598218,102988.62575219205,102988.62575219205,101788.95095959833,102010.35831956111,102206.54639332603,103062.46743876922
2023-02-15,102749.8089198063,102638.70762880301,104405.37366118995,101783.10592260244,101190.01398314675,101652.88087376706,103901.58182332273,102542.84691748307,102542.84691748307,101432.2493971442,101652.88087376706,101931.99777661805,102588.96971183598
2023-02-16,101463.77780471675,101525.63334438033,103135.37766979434,100545.0074226825,100177.44520888363,100524.43963659924,102748.17792046629,101295.50686241935,101295.50686241935,100306.25737395142,100524.43963659924,100912.00426160524,101303.08412005469
2023-02-17,101535.5732422872,101375.88868645621,103056.9767932691,100468.57567937313,99962.8596327759,100339.94516393357,102559.60217738009,101218.5046086291,101218.5046086291,100122.1633354651,100339.94516393357,100695.84521976195,101210.40554425801
2023-02-21,99758.6617831045,99638.92627538857,101293.86494365834,98749.74652480599,98303.2014429964,98749.20885728252,100933.67660494028,99486.84557468184,99486.84557468184,98534.87962648994,98749.20885728252,99024.01745483324,99571.50705577832
2023-02-22,99513.48295612897,99184.82002092965,100923.48865920275,98388.67269048117,97778.0078454722,98267.32568517554,100441.13351707513,99123.07657212034,99123.07657212034,98054.0423528849,98267.32568517554,98494.97283365109,99197.3063319398
2023-02-23,100371.51019668311,100641.34905045124,102829.12314070483,100246.44484797491,98882.52339174652,99625.31692208303,101829.16538005906,100994.71572310383,100994.71572310383,99409.08615132075,99625.31692208303,99607.58732766454,101068.40609965549
2023-02-24,99544.80823775049,99763.26007069758,101791.5337417534,99234.91576671938,98140.26534657252,98809.17892298696,100994.97329063361,99975.63627183769,99975.63627183769,98594.71953076625,98809.17892298696,98859.88661657508,100067.09390677886
2023-02-27,99394.38061720648,99679.14869885641,101650.6256523183,99097.54675505465,98134.7972465927,98816.8649426476,101002.82933557598,99837.2418948273,99837.2418948273,98602.38886838256,98816.8649426476,98854.37842131898,99986.22621235589
2023-02-28,98680.23003448982,98672.3922569776,100620.14790886537,98092.95071143412,97131.11180549249,97783.3210057662,99946.42199126042,98825.14723156145,98825.14723156145,97571.08817658175,97783.3210057662,97843.33337721325,98946.60474697915
2023-03-01,98027.9033396779,98940.47209294088,100545.1107695401,98019.79822098036,97715.47897912684,98231.01162614781,100404.01614132566,98751.44870799764,98751.44870799764,98017.8071113427,98231.01162614781,98431.98546943991,98955.03612022671
2023-03-02,99158.0406468341,99959.74282264113,101734.77783940954,99179.58535778137,98593.54459306777,99192.85446224567,101387.13625830594,99919.8928593904,99919.8928593904,98977.56232529563,99192.85446224567,99316.48956905254,100111.1859957469
2023-03-03,100406.48707414765,101052.3679490522,102876.24922612509,100292.38730453477,99643.64409762005,100260.52394935206,102478.42405675609,101041.00110855486,101041.00110855486,100042.9144998629,100260.52394935206,100374.28901140738,101226.61782858399
2023-03-06,100956.44834702995,101875.8972241527,103669.74056002047,101040.16435417878,100475.89926857443,101097.28964784522,103323.50817391099,101820.3370519904,101820.3370519904,100869.79736884628,101097.28964784522,101212.64675933128,102022.06920708576
2023-03-07,99670.82026893656,100375.33502745052,102239.29210411983,99434.61151874017,99089.5198468882,99732.3750691986,101733.26043137186,100415.40690430689,100415.40690430689,99477.98289035108,99732.3750691986,99816.10160071115,100614.3555330984
2023-03-08,99714.30024587631,100081.4148670405,102033.90594139413,99160.66883019141,98890.46118921522,99467.31139996203,101522.40498956322,100213.68470261546,100213.68470261546,99278.1438582035,99467.31139996203,99615.583329662,100412.23366808178
2023-03-09,98396.40179327101,98674.56431711583,100600.65993499977,97815.96144837435,97501.37040353709,98034.36966226272,100153.54590147284,98806.00691099405,98806.00691099405,97883.60738629049,98034.36966226272,98216.30692575868,99001.76690637047
2023-03-10,97332.13495870774,97627.54096520573,99699.46195849666,96850.80580934926,96627.93639454825,97011.62794886669,99294.22202191224,97920.88574427334,97920.88574427334,97006.74923281171,97011.62794886669,97336.46839270837,98114.8920880154
2023-03-13,97741.68586992606,97790.10554304709,99975.02080423413,97078.40550544688,96895.00586609624,97171.54521928515,99615.06346130092,98191.52879208152,98191.52879208152,97274.86570327436,97171.54521928515,97605.49617231288,98386.07134898959
2023-03-14,98857.72179361126,98781.0332261885,101228.72043009773,97871.18580484872,98110.08170829334,98393.23344517339,100572.64627284626,99422.86319860953,99422.86319860953,98494.70503671076,98393.23344517339,98829.48165437717,99619.84534421534
2023-03-15,98736.77224603517,98430.03562781613,101267.47639355317,97458.21726191648,98147.6436840364,98256.74168924452,100422.73707932341,99460.92777985078,99460.92777985078,98532.41426757663,98256.74168924452,98867.31905628291,99657.9853411371
2023-03-16,99785.56843790789,99446.53659338961,102595.77193335732,98148.75874550751,99435.01730082472,99615.30395634205,101291.70845151653,100765.52735574356,100765.52735574356,99824.83480632021,99615.30395634205,100164.13244209782,100965.16966278496
2023-03-17,99192.57796516818,98622.60186046083,101853.91100012578,97341.02030740923,98716.01150418624,98831.28672439656,100535.85163194305,100036.90075882827,100036.90075882827,99103.01027385113,98831.28672439656,99439.85447849821,100235.09947004286
2023-03-20,100189.63948149874,99777.45960578864,102827.4642561028,98534.37590093158,99659.5716824188,99858.7608587896,101619.6359893254,100993.08643196835,100993.08643196835,100050.2695138926,99858.7608587896,100390.33338648341,101193.17959179799
2023-03-21,100731.98097949679,100252.16802828129,103179.33132963916,98932.87592068964,100000.59848971653,100326.69004730017,101923.17605975758,101338.67641638839,101338.67641638839,100392.63325683872,100326.69004730017,100733.86079986067,101539.45427845296
2023-03-22,99564.65416456675,99023.31786522896,102050.24301888805,97509.22452624896,98906.29495655902,99304.39604308546,100523.8465565311,100229.73033683706,100229.73033683706,99294.03969904874,99304.39604308546,99631.53319935917,100428.3110928127
2023-03-23,99739.35308438647,99274.54064856803,102550.118565117,97550.62230012393,99390.77041447382,99804.25804386157,100709.69534111036,100720.68841511654,100720.68841511654,99780.41445782963,99804.25804386157,100119.56111194765,100920.2418847372
2023-03-24,100469.62148764197,99725.7572029061,102995.06545195299,98136.65873768438,99822.00944661665,100147.08541105693,101319.0917400531,101157.69772702511,101157.69772702511,100213.34408678979,100147.08541105693,100553.962238455,101358.11702397304
2023-03-27,100736.38879620541,100272.98403929253,103328.1215310542,98658.83917535844,100144.8047856788,100611.2850588378,101690.74168167215,101484.81229341746,101484.81229341746,100537.40488823404,100611.2850588378,100879.12449991162,101685.87968806717
2023-03-28,100576.0630278883,100180.57583883552,103134.71225208722,98597.66154004485,99957.35402978689,100456.2726920316,101561.88879368066,101294.85331534906,101294.85331534906,100349.21926460594,100456.2726920316,100690.2992465029,101495.54435263114
2023-03-29,101701.9801390976,101107.30057438614,104122.27081880896,99516.55404731169,100914.48804532255,101394.68390467684,102533.20410738378,102264.79445322594,102264.79445322594,101310.10555579345,101394.68390467684,101654.45152302846,102467.4071922203
2023-03-30,102311.8319743785,101668.75784596575,104778.64484786504,100004.03112920432,101550.64060507322,102036.96862027577,103082.09606332565,102909.45917901416,102909.45917901416,101948.75203982442,102036.96862027577,102295.26872181744,103113.3491638733
2023-03-31,103488.21292418879,102834.08702560118,105955.0818318055,101180.3412454039,102690.83410083869,103174.77795209546,104281.28955354019,104064.90926095872,104064.90926095872,103093.41546375368,103174.77795209546,103443.82277671299,104271.08848824115
2023-04-03,104460.72325959585,104263.55839513165,107250.59299495851,102553.47765370876,103907.00525550627,104529.3842054483,105565.01047448689,105305.16737172939,105337.30931303062,104353.93707604284,104505.2519039772,104694.03013201553,105546.00949056797
2023-04-04,104018.04458223455,103144.73792323908,106223.67652304017,101447.98803912904,102786.92510005883,103542.12750905425,104427.05761893764,104128.89941931656,104328.71239043654,103354.75586966991,103378.72286476713,103705.21839160423,104535.41427925565
2023-04-05,104429.1136293347,103682.59124390417,106697.45516508886,102017.71849564045,103364.17500804194,104022.44917342978,105013.5184877962,104657.81159527217,104794.0391170285,103815.73855722153,103959.29630057143,104186.29661841512,105001.662937223
2023-04-06,104563.78805173922,103560.1838985784,106779.19444349417,101911.21131102851,103256.26211377044,104141.14104072472,104903.88366783298,104430.49816923574,104874.32021769158,103895.27019688109,103850.76209566578,104305.1754391932,105082.10309529955
2023-04-10,104623.53588337939,104041.76160334874,107310.71884171429,102279.48914932678,103629.4005792329,104587.47546130355,105282.97616422549,105025.36576429287,105396.36255218355,104412.43902604411,104226.04891326127,104752.21288834905,105605.17972930608
2023-04-11,104560.11602174626,104287.60514545729,107319.55553814268,102554.34033255259,103907.87932021095,104586.16284993297,105565.89848631514,105337.58796739917,105405.04160745953,104421.03705834679,104506.13100112678,104750.89820946305,105613.87598001251
2023-04-12,104225.6105534275,104109.01624097767,107052.91536542628,102488.56547261284,103841.23634647859,104394.74223801852,105498.19211557711,105063.16136650777,105143.15812910868,104161.59838273123,104439.10432914826,104559.17608784151,105351.47364344531
2023-04-13,105458.33426238775,105162.79496520906,108134.93711164828,103573.98482135047,104940.98134346971,105484.65859139823,106615.48533215246,106070.87298993547,106205.87728228456,105214.39656376757,105545.18112982294,105650.80918612744,106416.29831533425
2023-04-14,105199.03305009777,105166.97450406691,108066.16310811118,103613.9359273169,104981.45973457441,105433.54869871872,106656.60962180406,106063.78417334094,106138.3301640731,105147.48002897589,105585.89257606916,105599.6187894279,106348.6173689886
2023-04-17,105481.23854740584,105276.48535719585,108253.38700341115,103664.31444770024,105032.50316383691,105584.662134004,106708.46753197572,106210.29307324302,106322.21410186098,105329.647325619,105637.22988889039,105750.97024593333,106532.86562793406
2023-04-18,105559.39503202331,105332.2080621931,108282.72384166613,103919.88529301096,105291.44709996089,105755.52299728461,106971.54333963677,106042.74860741288,106351.02758922023,105358.19182581971,105897.6646998745,105922.10023492784,106561.7362021884
2023-04-19,105765.77651383932,105145.9176409743,108135.77646794336,103694.65101952202,105063.24012566247,105587.94745168622,106739.69495200472,105885.08295729377,106206.70166498687,105215.21325047815,105668.14381938473,105754.26073837266,106417.12433134974
2023-04-20,105441.22032459857,104523.632526266,107417.89908583721,103048.6672388958,104408.73048226304,104852.77249381659,106074.74154302894,105329.09259211263,105501.63076760454,104516.7245142514,105009.8658237015,105017.92779451613,105710.65650801192
2023-04-21,105863.06553489748,104735.27903224084,107684.4834152025,103298.31729698057,104661.6754870638,105149.5935302873,106331.7226966634,105473.61557717429,105763.45939881478,104776.10885474966,105264.26716439605,105315.21635861028,105973.00388877229
2023-04-24,106221.02036371885,105169.07814012852,107926.89263047306,103801.03660192102,105171.02981278324,105412.83141706306,106849.20459884679,105908.28547946308,106001.54418488666,105011.97100982592,105776.554107772,105578.86887564625,106211.56038175833
2023-04-25,105069.3323656386,103961.07487094493,106636.7615672406,102642.66358330476,103997.36828431103,104170.52613636965,105656.81539234419,104673.21921174115,104734.42825510848,103756.68419011819,104596.13519971674,104334.60681977836,104941.93397092432
2023-04-26,104303.51997692636,103237.26080890693,106277.84139588916,101946.2392385342,103291.75234901835,103885.70282255122,104939.9402074905,103761.69103646073,104381.91099573902,103407.45784152085,103886.45666664871,104049.33487614385,104588.7182846148
2023-04-27,105900.7250857093,104297.44951860137,107486.75829264722,103049.7987925298,104409.87697043762,105124.66127506396,106075.90632528649,104711.36504794647,105569.26156911568,104583.72395112066,105011.01891280455,105290.24483218779,105778.42130345527
2023-04-28,106349.82273148664,105216.05085280376,108420.91751369035,103887.08062379732,105258.20946614904,105985.3852044538,106937.7753453339,105721.42012526713,106486.75597233325,105492.65312204209,105864.2356997252,106152.32450178362,106697.7334979767
2023-05-01,106166.98490425297,105329.41425348293,108825.1027178113,103922.8283585762,105294.42900887471,106364.21935828193,106974.5728297558,105773.61632813355,106883.7307645215,105870.28091135666,105867.63588284985,106531.75536342499,107062.54848239658
2023-05-02,105405.96869980343,104467.2799191151,108072.8697123194,103073.53388429871,104433.9253241512,105649.3069557285,106100.33840958557,105042.4761470066,106144.91712664544,105158.68844781972,104864.99485676378,105815.71689076383,106187.59509376834
2023-05-03,104711.47172870592,103558.39818606923,107141.87832271036,102203.59762693993,103552.50742069834,104760.09137888675,105204.85605032019,104137.59001696865,105230.5340427251,104273.6022460973,103916.32347252159,104925.1006960606,105291.37629178671
2023-05-04,104185.2435456113,102778.84422731213,106404.06459316156,101515.59917299337,102855.42858333899,104107.7249462823,104496.65418667844,103420.46479124486,104505.88244990326,103624.26529901431,102984.34758260503,104271.70671051902,104582.59200449503
2023-05-05,105755.8093361763,104385.20892865387,108005.79562139061,103174.8713473361,104536.60026551168,105719.50634169008,106204.65169658227,104977.28283239188,106079.03959566164,105228.56183904466,104579.54113959294,105886.02684891556,106291.99416778208
2023-05-08,105787.45207045227,104642.38588695,108281.60903618186,103522.59110946904,104888.90932394646,106059.19665678407,106562.5824188899,105245.36236170722,106349.93267117048,105566.6746865684,104732.4696577065,106226.25221572825,106650.21925152592
2023-05-09,105350.75591751008,104039.39139442667,107628.98895679094,102867.72002654617,104225.39508131184,105373.38748679074,105888.4807276569,104611.04193230657,105708.95492692688,104884.05030482769,104216.25304964521,105539.36281660029,105975.56318054954
2023-05-10,105816.90706292371,104211.9987736358,107871.84146317124,103132.42424455158,104493.59293477048,105688.77055248147,106160.9581139503,104847.08478632347,105947.47509607158,105197.96878193221,104230.81065248267,105855.2426472674,106248.26465164417
2023-05-11,105287.68584656571,103304.89093864149,106913.24374608813,102267.9778340322,103617.73733459043,104771.19635359896,105271.1268135506,103915.36641797335,105005.97816433996,104284.65565108057,103308.7516608816,104936.22316239841,105357.70155594655
2023-05-12,105348.5879618329,103182.16754640642,106732.42180812565,102141.75805574344,103489.85167467859,104583.16575501516,105141.20052999607,103739.61477784539,104828.38197696385,104097.4982365656,103243.18988682498,104747.89639377243,105227.66842130311
2023-05-15,105212.12535162593,103214.32952722968,106805.2167122278,102191.22777661266,103539.97430985341,104672.80602677011,105192.12295331321,103810.3684924282,104899.8782653823,104186.72223321526,103218.95676076635,104837.6778593717,105278.63272310885
2023-05-16,104433.15329229308,102696.22060858177,106366.30862851563,101823.63312915328,103167.5280521611,104362.26018026641,104813.73370999134,103383.76751443263,104468.80002811652,103877.61851202445,102458.14153902182,104526.64286707396,104899.93229330824
2023-05-17,105199.50236317115,103658.25486126749,107228.58820150445,102783.60926150395,104140.17420040912,105194.54192043577,105801.9000090324,104221.86852645197,105315.69707136642,104706.0352687189,103542.20489679198,105360.23554769625,105888.91125813308
2023-05-18,105952.2682981194,104635.33425897759,108197.59434872147,103992.57033276591,105365.09145586776,106315.04056418323,107046.36281098596,105163.70346963698,106267.41675333054,105821.33049572325,104314.1637562197,106482.49910701095,107134.39750354891
2023-05-19,105810.02328811065,104822.28967900436,108387.97575580704,104206.22898408007,105581.57002990451,106522.07588270889,107266.29565266006,105348.74652869385,106454.40187486335,106027.40437529597,104475.03139094294,106689.86053022105,107354.51121750669
2023-05-22,105195.22072249494,104755.77780255661,108564.75479072338,103880.67274827024,105251.71701780599,106539.10764141215,106931.17929942098,105520.56862991056,106628.02728206193,106044.35704123203,104434.15000879865,106706.91911592339,107019.11926531816
2023-05-23,104697.66987491754,104495.47834349502,108302.78101111314,103288.17754770625,104651.4019107284,106038.63211806938,106321.28518871297,105265.94066852577,106370.7269512749,105546.20564628705,104507.6987526852,106205.65528547546,106408.72357903933
2023-05-24,104286.24931799396,103926.98159730705,107615.98856626774,102906.62754614506,104264.81611252339,105484.60769257369,105928.530785519,104598.40607637833,105696.18645526168,104994.75402173834,103850.31190779613,105650.7582071313,106015.64617549087
2023-05-25,105450.25177695983,107376.97364463312,111339.86254931605,107312.17535769765,108728.50949554174,109878.78289468255,110463.44965431452,108217.86158894184,109353.628849203,109368.52337601659,106142.50947161792,110051.85474579206,110554.29455155713
2023-05-26,106390.34507234686,107921.8014397078,111991.67402823779,107823.03186106912,109246.1084165639,110508.75167926232,110989.30770772419,108851.39609125713,109993.8124179054,109995.56668617512,106630.83059933822,110682.81580441071,111080.58506946954
2023-05-30,106231.6339366566,107828.63590567428,111848.21218264557,107895.20476031833,109319.23387260074,110475.72796313968,111016.48190389965,108718.6922033171,109859.71577715159,109976.59068127573,106377.9367406623,110663.72123798172,111154.93845887424
2023-05-31,105742.88002884273,107235.41150752163,111233.87656656103,107277.90817321326,108693.79004380034,109843.66753023086,110426.68898611903,108136.35321390168,109271.26502809832,109372.53510208835,105769.32083934246,110055.89153701226,110518.99208569701
2023-06-01,106665.37701794508,108469.91132474109,112657.59383535595,108614.71811497964,110048.24355257132,111212.44987596231,111552.96051197019,109438.88391577928,110587.46604007961,110772.42847776825,107087.33199410523,111464.53140600133,111896.18977616291
2023-06-02,108375.95576986136,109986.20795514723,113835.10520610622,109711.77786987828,111159.78258884637,112335.74794384888,113639.51049012046,110896.09187381157,112059.96767575276,111930.23586258439,108168.96443056599,112629.57273785982,113026.393938733
2023-06-05,108304.85277269536,109968.72354244385,113891.96267153403,109797.41528067426,111246.55026457252,112423.43353951164,113500.74407107802,110877.29670085931,112040.97524384732,111986.14189881425,108253.39757185825,112685.82807338657,113114.61862997808
2023-06-06,108021.88572691883,109226.81862250017,112845.39357248072,108856.3212677964,110293.03544694518,111459.83143703274,113018.93106325832,110018.8227190229,111173.49141254579,110957.0856521368,107325.53762116512,111650.34231305278,112145.09225187972
2023-06-07,108071.6984987529,109131.67338043309,112175.11992479992,108213.88074702096,109642.1158282661,110802.0257044856,113626.4061522607,109781.3852178206,110933.56195912538,110298.02808512746,106692.1313708085,110987.1669734328,111483.24229562897
2023-06-08,109051.60619364088,110256.14188882786,113522.87603252672,109621.83253731499,111068.65013427546,112243.65139410978,114462.01176220877,110891.30195214733,112055.1274829399,111623.23140224101,108080.28394732493,112320.65012253057,112933.73117463756
2023-06-09,109031.56498347883,110516.42649733985,113880.3035709952,110085.14365522486,111538.0761534121,112718.04349650408,114514.80251915997,111100.34560083006,112266.36508490032,111974.6778968186,108537.07978826843,112674.29244463815,113411.03986424045
2023-06-12,109928.33472302444,111822.29203005318,115264.70379306666,111546.14772183528,113018.36293354658,114213.99031058578,115709.2147883948,112345.18880740769,113524.27316022909,113335.91214089573,109977.5385975453,114044.03164088869,114916.18383679232
2023-06-13,110604.78194425325,112910.10889580389,116437.33020368143,112646.94257175097,114133.68636159896,115341.11280553506,116801.63873322893,113471.87732723916,114662.78649266125,114488.9163084692,111062.85360453668,115204.23974514214,116050.23593920076
2023-06-14,110978.78041784195,113464.53448164399,117148.44448171249,113676.29254197242,115176.62196176173,116395.08167784654,116894.5544543998,113847.69001957719,115042.54341144844,115188.13109569286,112077.72841996024,115907.82320612652,117110.68466671166
2023-06-15,112257.43569033472,114699.3176209624,118424.76158293187,114922.89650718986,116439.6789319288,117671.50059604656,118157.55991051267,115081.87758723486,116289.68401487844,116443.09083694559,113306.80211278239,117170.62389953379,118394.95107451126
2023-06-16,111965.44908652498,114439.78397380085,118182.02896508535,114618.03409991323,116130.79287092102,117359.3468126852,117921.1646273725,114871.16556629149,116076.76053076977,116204.42000585257,113006.22680966373,116930.46185999339,118080.87815352708
2023-06-20,111095.82724567402,113868.19683936397,117818.09121382216,114225.83724718053,115733.41970162006,116957.76981112383,117085.63375337381,114376.39512779922,115576.79738141502,115846.57223767569,112619.5451950121,116570.37826931424,117676.83223576723
2023-06-21,111177.42754815165,113649.71858909162,117469.72610556374,114010.92716453908,115515.6731795383,116737.71973680242,116902.67647645333,114050.23725137796,115247.21641538292,115504.03652636707,112407.65726888094,116225.70240479172,117455.42928219514
2023-06-22,111481.27551057612,113648.7366548305,117717.36825081384,114165.23385045155,115672.01644542154,116895.7169665554,116669.3023081752,114162.94093694915,115361.10294779937,115747.53473087243,112559.79402888916,116470.72197903387,117614.39788709741
2023-06-23,110619.18723784768,112619.9942957782,116642.03583289843,113150.96731439114,114644.36335452608,115857.19227800374,115599.60910790139,113109.18130002246,114296.28390091733,114690.19647875737,111559.79053799364,115406.77750811078,116569.48829498778
2023-06-26,110233.02425549318,111437.08380771511,114971.1578195897,111680.56363501279,113154.55290307767,114351.62104117392,114746.10156623209,111693.13103468166,112865.37191583222,113025.9195293637,110110.06429728057,113753.59436750303,115054.6607282384
2023-06-27,110941.96984732259,112133.73327557229,115823.84314183673,112508.84421596756,113993.76534762206,115199.71155958001,115597.11775538909,112521.50482194519,113702.43964523265,113765.31408049379,110926.69724626154,114597.24961208373,115907.96535106411
2023-06-28,110615.20035842842,111533.67352791116,115212.22428141581,111914.73052382926,113391.81038769534,114591.38848555967,114986.69614001483,111927.32427426841,113102.02305848776,113175.9731213807,110340.93823223078,113992.10789588904,115295.90227528695
2023-06-29,110825.98913471871,111823.19642790304,115461.45600978247,112156.82898076045,113637.10412333682,114839.27719690364,115235.4399968138,112169.44997450827,113346.68991449586,113426.45419972716,110579.63219822908,114238.70021930133,115545.31501926345
2023-06-30,112338.00716852081,113613.05106871147,117469.04825061314,114106.96184240453,115612.9753481822,116836.05127035352,117239.10237213246,114119.80228435606,115317.5115467547,115286.94666577331,112502.34146647411,116225.03172843647,117554.36536310593
2023-07-03,112214.65470648343,113259.99087036656,116993.60556309004,113645.12681938036,115145.04490581738,116363.17056651865,116764.59036454654,113657.9152910953,114850.77696071041,114905.65322153903,112047.00096294549,115754.62405709365,117078.57736421903
2023-07-05,112052.01737277175,113104.07080065191,116832.71681457172,113488.84287427776,114986.69828436043,116203.14878758496,116604.01655605005,113501.61375938018,114692.83501437385,114764.7605851194,111892.91474880246,115595.43914685758,116917.57176310287
2023-07-06,110691.41363786727,111576.29416609857,115502.3525728328,112196.55504161619,113677.35449912667,114879.95338359698,115276.2565047666,112209.18050573261,113386.83742528282,113269.44551229214,110618.79961440903,114279.16368102927,115586.2412852587
2023-07-07,109976.77565085949,110893.74731838578,114683.03678766957,111400.688926867,112870.98433538475,114065.05258625913,114458.54453176305,111413.22483227041,112582.52804401988,112592.68363917043,109834.12530569533,113468.52458465175,114766.33043562486
2023-07-10,110209.8709273299,111309.07663434403,114952.12856235527,111662.0790149237,113135.82431814144,114332.69432552424,114727.1095588038,111674.6443345206,112846.69119419926,112920.13091644224,110091.83961574,113734.76663322937,115035.61765016092
2023-07-11,110792.4902427122,111857.78459122356,115331.64272622424,112030.7310884713,113509.34195810785,114710.16342881536,115105.88082299742,112043.33789243929,113219.2542618828,113454.44223138549,110455.30754785315,114110.26167974545,115415.40745304369
2023-07-12,111706.77369277322,112798.91037457208,116302.64744293423,112973.94463968728,114465.00428829428,115675.9357625049,116074.9847961846,112986.65758335662,114172.47427429212,114412.67866728627,111385.25723103955,115070.98329696083,116387.11740504656
2023-07-13,112216.92876342774,113351.13026026677,117150.62152910887,113797.64882504889,115299.57993678041,116519.3404319363,116921.2989715225,113810.4544600458,115004.91705756189,115075.45109319307,112197.37813963849,115909.97719823325,117235.70737005546
2023-07-14,112184.62327998353,113164.51300334028,117140.63908125658,113787.95208524265,115289.75521686781,116509.41177578013,116911.33606433029,113800.75662906666,114995.11744598238,114919.44377618657,112187.81775949003,115900.10046614391,117225.71767200717
2023-07-17,112191.04162522043,113005.2047168536,117033.94159492165,113684.3083920042,115184.74360707733,116403.28924248737,116804.84743852151,113697.10127281652,114890.37420684258,114746.74704289786,112085.63154771742,115794.5329237206,117118.94269188489
2023-07-18,112625.09284883272,113887.1754303813,118210.07438262457,114826.77903534932,116342.29287657331,117573.08428834178,117978.67794412455,114839.70047823833,116044.96521056889,115813.75791576656,113212.03628549803,116958.21027195275,118295.92969825093
2023-07-19,112854.19048469566,113822.90421381636,117990.36352810125,114613.35653413038,116126.05356940246,117354.55737383937,117759.39717400394,114626.25396061236,115829.27853070929,115737.68339754554,113001.61502179,116740.82619147925,118076.05926896326
2023-07-20,113271.60600067361,113970.45972068468,117905.30108178001,114530.72866354535,116042.33515458555,117269.95329738203,117674.50123757818,114543.61679192354,115745.77406904961,115799.57161337559,112920.1490992809,116656.66457044108,117990.9350422632
2023-07-21,113757.73730656542,114349.17269523945,118075.00793650681,114695.5783314799,116209.3605515232,117438.74566503182,117843.87589082404,114708.48501037036,115912.37261114188,116091.91662370902,113082.6805814373,116824.57420169198,118160.76515412907
2023-07-24,114200.93007191113,114725.17208800852,118289.81137060738,114888.02587540595,116405.21223498367,117636.6692740494,118041.60595864209,114904.07141633451,116110.0117340345,116425.16468236793,113265.95983710913,117028.12321687333,118366.64227839463
2023-07-25,114454.52195808853,114981.68032153894,118680.04622522861,114985.22937748514,116712.949218401,117947.66182366633,118141.47761543839,115179.86111513217,116388.69589873654,116704.6052688018,113352.59765886448,117433.19310548829,118776.34518813525
2023-07-26,113999.69463245897,114216.93497047364,117793.57942765724,114385.2976491632,115801.85953529083,117026.93367349834,117525.07826366028,114468.42959579623,115669.7977688456,115983.75586130952,112822.87950836346,116428.59310234086,117760.25498744851
2023-07-27,113095.12165358216,113399.33859099733,117002.6861949238,113488.26902827958,115020.59828969391,116237.40742290921,116603.42695845984,113637.1898056492,114829.83395731047,115141.51216824012,111918.78326918036,115686.91137451289,117010.09021210177
2023-07-28,113658.17966189914,114120.66108735326,117908.81936604553,114004.96972281947,115812.4977847988,117037.68446562352,117134.3106542906,114384.93003675276,115585.42186587868,115899.15094006772,112417.03446797341,116606.42939073779,117940.12529344144
2023-07-31,113947.60700031326,114633.15791813086,118186.07091673513,114800.89813364329,116323.25898307306,117553.84903425223,117952.08663334383,114800.17850827359,116005.028449932,116319.89644616682,113172.50600159648,116941.10367403654,118278.62744217356
2023-08-01,113826.06990066581,113967.9957953566,117544.24104760456,114060.60526479596,115708.28119142777,116932.3653592719,117191.47334529556,114110.04480336895,115307.65165912893,115620.6267923071,112415.36440067201,116362.53457670979,117693.44091184105
2023-08-02,112772.19498778626,112165.1507755849,115483.05062485528,112477.65425543519,113884.07121852264,115088.85697035311,115565.07165656396,112216.6072256958,113394.3420900997,113702.12400055099,110824.28589225508,114386.30687303393,115694.60993658769
2023-08-03,112417.84466611626,112142.41039919358,115391.63836384084,112532.90147875386,113854.90068330348,115059.37783846344,115621.83536988916,112169.83605250626,113347.08004445663,113654.73367335144,110872.84625417764,114308.07570567224,115615.48399362984
2023-08-04,111920.1145428551,111559.25583989042,114634.46928924567,112056.80682908918,113417.24139836736,114617.08853226967,115132.67232085495,111412.26606803726,112581.5592173718,112887.13502246776,110296.50227502591,113780.03111781846,115081.39985112246
2023-08-07,112936.02796101903,112613.00395398392,115709.90449574078,113088.5253718308,114571.0458961117,115783.09919022946,116192.7106734558,112403.38841979418,113583.08358873535,113891.37779299216,111265.08907123393,114944.35237708682,116259.0381333117
2023-08-08,112724.45107337064,112140.67434533019,115122.3248290351,112739.56096445514,114062.48597084911,115269.15918199871,115834.16748538066,111909.12094294248,113083.62867970031,113390.56723266751,110923.5928735054,114357.78846685933,115665.76534872942
2023-08-09,112433.54096901845,111213.47999782863,113896.95270508702,112158.1813213474,113007.91798340518,114203.4348627516,115236.82945801716,110948.57574079183,112113.00237100602,112417.30639023795,110376.84711178528,113090.87963946567,114384.3661444241
2023-08-10,112322.1433244354,111115.18233261864,113750.79330091442,112120.01914096705,112883.26490027198,114077.46306790679,115197.61975774898,110849.03880611793,112012.42077706859,112316.4517915406,110346.94822971663,112930.31704124741,114221.96709790286
2023-08-11,112839.18872378394,111287.90646447302,113614.28029514717,112653.16578222989,113032.583890184,114228.36171149297,115745.40082776554,110909.34698358024,112073.36190044647,112377.55832507064,110843.95298160346,112854.39011340146,114145.17174939517
2023-08-14,113312.54924866452,112784.53755990116,115374.14900988148,113859.27133015002,114674.24582485994,115887.39087660822,116984.61296277534,112411.73532729095,113591.51809863086,113899.83519635412,111994.22349247374,114675.67873253382,115987.29151121555
2023-08-15,112206.86590378934,111971.24449051384,114652.8163282804,112838.03815616539,114030.28085643565,115236.61336793721,115935.34779352156,111518.191283021,112688.59613784894,112994.46246914988,110902.67308605582,114137.14025531025,115442.59345459081
2023-08-16,111610.81875267073,111425.09226588349,114057.17156358073,112336.4264660395,113454.34373450308,114654.58337602705,115419.96728263787,110973.00940601883,112137.69247224649,112442.06350687258,110415.8086487762,113532.00915504717,114830.54111616581
2023-08-17,111248.69423849888,111339.07820098742,113834.28542091092,112459.22598194263,113225.27932373824,114423.09568046578,115546.13754239902,110930.96635451818,112095.20817083835,112399.46389195575,110597.35548499913,113186.52036542617,114481.1007692803
2023-08-18,111554.9385633191,111808.20542932114,114218.6549300901,113008.45874895807,113774.14006054561,114977.76284470734,116110.44628884684,111308.0976541662,112476.2975359727,112781.58763332697,111084.73244945622,113678.58688042575,114978.79533668095
2023-08-21,111670.2050222912,113276.4688565302,116114.54262796527,113992.28079928362,115316.23439118988,116517.64807564368,117149.2798450297,112894.17921767336,114079.02533038374,114388.66565027475,112108.4752748435,115498.66028234377,116838.37638427834
2023-08-22,111146.73518993723,112388.2642855809,115312.1163276215,112991.63905769153,114303.97078170722,115767.12961231891,116285.89561390938,112167.00039709028,113344.21462829194,113651.86047969764,111282.24151689566,114700.49012581162,115812.75117869258
2023-08-23,112087.10554648162,113900.50652672903,116981.99408777455,114732.86924286406,116065.42433588186,117287.60099669597,117607.21420771458,113640.1881227108,114832.86374228596,115144.5501768447,112546.70522593218,116361.51069884108,117597.45542638698
2023-08-24,110754.05651117994,112286.74558810335,115265.12486867161,113038.03604890336,114350.90664680366,115617.9112132937,116025.7263155908,112022.42239572873,113198.11925301363,113505.36856334964,111033.26701712575,114653.74791393543,115860.30658406123
2023-08-25,111567.46913428817,113108.7209522973,116133.04882962382,113819.67163093283,115141.62046842212,116514.75716508331,116907.15719533431,112891.37820872499,114076.19492430799,114385.82756173641,111876.77089626975,115517.06832538561,116661.45760664062
2023-08-28,111864.50303270952,113307.73461364579,116258.98409044954,114100.88861552298,115426.10362361821,116599.20970783274,117069.72095761626,112973.20444409794,114158.87994175078,114468.73700794845,112032.33971878815,115642.33561386199,116949.69585979961
2023-08-29,112929.9745911893,114662.38860335056,117662.55008109537,115783.34939535349,117128.10520022092,117801.82094337592,118177.94771517941,114138.41684408099,115336.32146986222,115649.37442040726,113092.88069875441,117038.45695980618,118674.16338047107
2023-08-30,113187.38880423881,115124.12922829128,118152.00401107073,116323.87702165006,117674.91073838434,118242.48024127352,118581.14251617284,114565.37250764268,115767.75811518735,116081.98209765945,113478.72647124153,117525.31478056352,119228.18659857422
2023-08-31,112980.60837843949,114618.613563518,117549.07865895999,115856.27645081047,117201.87926072371,117621.82891066551,118053.43903084288,113964.02220829697,115160.09652885149,115472.671158803,112973.72948606314,116925.58740065925,118748.91123790786
2023-09-01,113254.98546406804,115411.4773948272,118259.31264238269,116448.16205315411,117800.63926775269,118478.97979126564,119097.41969378895,114794.51738846258,115999.30791558031,116314.16038478834,113972.78881015055,117632.05423690338,119355.57470931282
2023-09-05,112766.47586812449,114836.30501834622,117708.10175941151,115917.994986159,117264.31462072028,117889.96872861573,118444.32635922385,114223.82340719701,115422.62439127597,115735.91159052815,113347.79736293797,117083.7670277792,118812.17072716779
2023-09-06,112006.3486906024,113716.59642035142,116328.78039159604,114859.74468561602,116193.7733626079,116491.1216344006,117312.31656353077,112868.4776963917,114053.0540666956,114362.6238937824,112264.49670279548,115711.7617089284,117727.49862431435
2023-09-07,112252.01308855062,113748.5079244271,116241.52433557398,114902.35555398601,116236.8791312627,116411.90418212103,117381.2677600077,112791.72375050868,113975.49457339598,114284.85388372702,112330.48100517984,115624.96846715198,117771.17337704118
2023-09-08,112731.30397083171,114277.48380695126,116799.41521837543,115367.46441073602,116707.38995503365,117012.70398800218,117982.84047094193,113373.8398683611,114563.72011180635,114874.67602013909,112906.16870448971,116179.90024476536,118247.89481189258
2023-09-11,113184.23261717678,113921.08207260318,116618.08829697032,115125.92195382246,116463.04212392119,116732.85099842655,117439.32675578655,113102.68975435226,114289.72422522737,114599.93643704166,112386.04178627355,115999.53509823485,118000.32165785294
2023-09-12,112366.24417709527,113014.12632279872,115549.02206086082,113504.34380689987,114822.63029635706,116130.42968211033,117191.55745628956,112519.00255183858,113699.91111332022,114008.52241804298,112148.93372702412,114936.13928898334,116338.25685365566
2023-09-13,112766.58471416082,112746.18580425807,115330.22184167575,113323.94246650321,114640.13370002792,115846.85822572907,116813.08398506374,112244.24960800177,113422.27458452169,113730.13231107048,111786.74555269451,114718.49960653354,116153.35135337354
2023-09-14,113748.1151144567,113702.51498120479,116267.85679802744,114321.53628678908,115649.3139883831,116770.59752601679,117786.57479552836,113139.26243944332,114326.68074767888,114636.99326916359,112718.34812506736,115651.16125977274,117175.85253885665
2023-09-15,112335.05477187017,112384.34447279017,114889.99154355472,112996.00540005,114308.38783657542,115390.67475310375,116432.55557531063,111802.25254090282,112975.63867323771,113282.28411307526,111422.5908615806,114280.60433090392,115817.2265374478
2023-09-18,112399.45597012015,112247.04755358207,114794.75394549839,112791.39132309791,114097.6347884909,115302.1755156723,116291.30387128299,111716.50545506454,112888.99165525033,113170.24825845598,111287.41706290716,114170.05893497835,115620.81681168647
2023-09-19,112142.32554362547,112197.6158056575,114818.28800563872,112695.95728096367,114142.05549016863,115347.06517136823,116255.08779993387,111759.99913107717,112932.94180575355,113135.00416324778,111252.7593292466,114214.5078329584,115644.520222886
2023-09-20,111452.7863229362,111282.04994653347,113783.84536636337,111846.2920843919,113102.48673266209,114296.52157718391,115310.13079148425,110742.12536897698,111904.38526285268,112215.40815151007,110348.46278079403,113174.27920305294,114602.63373602934
2023-09-21,109687.29117155404,109591.85809107097,112089.09043135219,110169.14926179734,111498.63573192655,112675.73855279777,113667.22010691866,109171.74549734393,110317.52395259033,110616.59032206553,108776.24473469895,111569.41014843718,112895.6833472105
2023-09-22,109747.22574289102,109602.58218523607,112072.26989425776,110179.87530690202,111445.00722964297,112621.54388877685,113631.29299392273,109119.23618039784,110264.46354026893,110581.62743007272,108741.86352583171,111515.74760514553,112878.74176955798
2023-09-25,110044.31679399748,109957.45086702911,112344.3431738652,110635.46974254677,111761.94958741774,112941.83224034734,114083.736485766,109429.56419645989,110578.04850851439,111021.92812832182,109174.83887220747,111832.89114395082,113152.77288805126
2023-09-26,108416.57170053848,108698.10358404112,110957.89192774553,109480.40563180606,110439.47012640143,111605.39122460989,112878.24427829955,108134.68385827659,109269.57815226502,109848.78922755229,108021.21766759106,110509.57223129836,111756.34474097718
2023-09-27,107950.48803191315,108599.05122838776,110604.26658999316,109610.97867266319,110141.55335689764,111304.32931644616,112903.17314024786,107842.98438118292,108974.81723308543,109873.0490423585,108045.07386804793,110211.46635736835,111400.17471585871
2023-09-28,107914.293235098,109064.48324572881,111098.79688326492,109997.40933964498,110520.64350082292,111687.42155488003,113221.18125563186,108214.16320719713,109349.89165223089,110182.52237499948,108349.39844424583,110590.79713099787,111898.26364833162
2023-09-29,107632.41167682866,108884.67675267813,111059.13047895765,109730.83502330167,110527.52748373612,111694.37821272468,113071.75587031637,108220.90352671473,109356.70271269753,110037.10730620821,108206.4026687939,110597.68548355984,111858.31180464229
2023-10-02,107200.2720829932,109207.69515737708,111539.83575484683,109874.73641467851,110899.94309328828,112070.72545302428,113225.59465901379,108585.54711072249,109725.17330121546,110186.8173303381,108353.6219437379,110970.33748611622,112342.47623492959
2023-10-03,106157.56199346234,108054.85958731397,110301.14697382123,108820.38767022111,109765.1486603946,110923.95087598532,112180.8304603919,107474.43495938163,108602.39981425549,109170.0927792018,107353.81279865238,109834.82273576465,111094.87385141256
2023-10-04,106031.88356739725,107937.2297279184,110422.4025009057,108371.5788405954,109648.39012296608,110805.95970640068,111671.44599147262,107360.11308226523,108486.8781070625,108674.37930031258,106866.34658277148,109717.99008516598,111217.00193307642
2023-10-05,105592.43733846811,108085.28986843753,110626.30653547298,108455.48919768138,109811.2436439497,110970.53248912844,111757.39844934939,107519.56797630464,108648.00651086708,108758.02494424746,106948.60060099029,109880.94697838236,111422.37326075105
2023-10-06,106139.23855756345,108315.802638581,110982.08196608949,108493.79788892396,109997.99279663594,111159.25317225521,111733.7939698743,107702.41981870675,108832.77741850511,108735.05396780053,106926.01179628649,110067.81467119447,111780.70885079847
2023-10-09,106786.30483621842,109197.29264438788,111760.72736233991,109559.36080738893,110912.23560104643,112083.14773407928,112872.16816198625,108597.58308335734,109737.33559369683,109842.87618359516,108015.40299987499,110982.63779661611,112564.95737807764
2023-10-10,107358.59335987599,109217.23738470816,111732.81579499232,109593.18802237534,110843.71503470742,112013.9037889169,112844.43174611781,108530.49248820712,109669.54086985355,109815.88416471549,107988.860051453,110914.07373644358,112536.84495913597
2023-10-11,107393.13847303172,108956.76444900685,111728.91631245942,108994.55515124809,110619.69722773101,111787.52100239805,112207.26817984604,108311.14975948619,109447.89609703013,109195.82095641206,107379.11293213736,110689.91373284321,112532.91741593299
2023-10-12,106824.99286185837,108602.87973134432,111355.68881574998,108631.22697729412,110220.71913660773,111384.3308576165,111802.94652826562,107920.49803233994,109053.14440491192,108802.35059222841,106992.18879620369,110290.68238802394,112157.00417475286
2023-10-13,106793.75238931765,108233.73311228515,110811.52657973234,108472.83068105202,109817.36465707778,110976.7181224357,111650.46706537805,107525.56124862599,108654.06268373357,108653.96341197628,106846.27035677609,109887.0718768596,111608.92614815327
2023-10-16,107861.21352918574,109380.77081897046,111982.12587607023,109649.10725322057,111021.28295950103,112189.67068892828,112904.69093436336,108704.35470783705,109861.79192953529,109865.96437533229,107999.6070027508,111108.50646626376,112775.23378815837
2023-10-17,107622.29222055625,109001.00682227113,111523.67994060952,109416.07133310806,110785.33077097304,111730.3750814763,112628.01373793268,108473.32665887101,109507.94066076906,109512.09966763324,107487.21149074986,110750.63968388842,112411.99868284582
2023-10-18,106504.47853442568,107449.54704334313,109978.7641152782,107980.08147692206,109331.3705870344,110182.59594860066,111047.92123913014,107049.70949869469,108083.7280102239,108087.83292685357,105803.12166143335,109310.26503030617,110950.01711665856
2023-10-19,105967.60327425113,106953.94466708008,109544.914449772,107451.08545278074,108795.7545774575,109747.94219720189,110469.19119498927,106525.27138070352,107645.37107415035,107649.45934240283,105319.60272342827,108866.93360806341,110500.0353251722
2023-10-20,104786.68529375686,105737.76587764338,108376.99274477045,106486.8706836936,107819.47338927288,108577.85589593287,109270.75473516792,105569.36442533425,106692.83919598977,106696.8912879924,103799.8941040849,107903.59237281566,109522.24310675349
2023-10-23,104676.05069986082,105951.00662385361,108705.93595736806,106340.15981755564,107670.92654752688,108907.40876348177,109252.1161498154,105423.91764120926,106773.07780290658,106777.13294229473,104370.48879458329,107984.7415295778,109604.6095737021
2023-10-24,105406.17434427695,105819.21080457198,108711.91858480421,105898.65446689008,107223.89609108023,108913.40247896685,108878.06204933651,104986.21636441436,106577.27760570734,106581.32530879126,104530.37879534753,107786.71938653321,109403.61692077802
2023-10-25,104956.41537810712,105763.44487385554,108809.56603414132,105967.83470201508,107293.94206456252,109011.23090559334,108764.2592373701,105054.8005326414,106784.2815247045,106788.33708959931,104270.55705102622,107996.07239150866,109616.11040873188
2023-10-26,104167.58690762438,104826.32536051334,107756.7033760147,105355.44923760516,106673.89305889637,107956.4168986989,108008.57121730688,104447.69146984341,105972.30441876441,105976.32914554524,103015.76931328909,107174.88094777483,108782.60035628562
2023-10-27,103226.25862513685,103423.64756046103,106586.99105926123,103462.93703188273,104757.69749324895,106784.53666700382,106154.26067646776,102571.48542263256,104513.96842259592,104517.93776317021,102068.23909030261,105699.99571593555,107285.59052219268
2023-10-30,104706.14663513072,104689.4617837816,107943.38013608629,104641.90137051056,105951.41567953285,108143.43964071118,107377.60964964051,103740.29163423377,105788.77156810668,105792.78932448533,103394.33486289906,106989.26536144655,108594.20036956406
2023-10-31,104929.77899793033,104512.03540606092,107821.31263364843,104623.30528281818,105932.58687585763,108021.14590148105,107221.84370732128,103721.85577311889,105791.34719772292,105795.36505192154,103015.24368294161,106991.87021937617,108596.84430270059
2023-11-01,105844.69758616769,105565.08206187366,108988.62137817497,105306.87604569532,106624.71201020062,109190.61810622978,108080.37594413331,104399.53679157079,106682.78543942372,106686.8371495943,104436.93091691498,107893.42452595272,109511.9227330615
2023-11-02,107384.00095241045,107070.89828007674,110388.48150954997,106884.33091662833,108221.90753662887,110593.07270262964,109766.78599607211,105963.40008349439,108084.89662860622,108089.0015896189,105905.84729599855,109311.44691020098,110951.21672581256
2023-11-03,107820.85346737278,107875.77235942887,111282.7324424427,107539.2323604212,108885.00457702707,111488.98101736848,110479.95592075112,106612.65880185615,108863.31465404056,108867.44917862547,106842.5695326988,110098.69844409094,111750.27773930467
2023-11-06,108071.44792956709,108227.7721936052,111810.85562963065,107714.53233093777,109062.49829418583,112018.08301458698,110644.12815221457,106786.4483625071,109277.87183807048,109282.0221071408,107320.66461327762,110517.9600340709,112175.82862944056
2023-11-07,108023.09947295384,108234.08713958222,111995.92800645546,107566.271692842,108912.38228625721,112203.49839982956,110453.79846204631,106639.46515948334,109373.83576567592,109377.98967936443,107427.09383609588,110615.01296287909,112274.33743929026
2023-11-08,107787.80932514605,108340.80810358694,112160.16905025153,107440.06571822081,108784.59693924805,112368.04384378261,110421.45597297861,106514.34659376818,109375.78634778562,109379.94033555538,107772.23386140756,110616.98568024645,112276.33974918872
2023-11-09,106724.51719556739,107210.11177648933,111008.1869807912,106067.11484647458,107394.46462499563,111213.92672016833,109144.61347244703,105153.22526503661,108075.0127089243,108079.11729455518,106923.07314557086,109301.45082753563,110941.07069293532
2023-11-10,107895.66093034037,108284.53751186501,112142.32020265123,106862.8684539463,108200.17648744736,112350.1619155839,110104.91653960003,105942.12254449078,108991.13448873161,108995.27386779158,108286.47315282628,110227.9687816656,111881.48724796891
2023-11-13,107897.8486885232,108297.628919872,112078.08174076042,106829.96707164236,108166.86336921019,112285.80439576806,110146.47004864499,105891.03717934096,108884.17445822938,108888.30977504968,108344.58190002291,110101.22802230585,111771.69072786835
2023-11-14,109585.8904370018,109648.39382192673,113371.71328463746,108115.94649223168,109468.93585032607,113581.83352331819,111472.37229888275,107066.27280046252,110092.62952495049,110096.81073773859,109648.79369073092,111426.58566585305,113012.19300148291
2023-11-15,109628.15912232659,109709.38890546917,113440.74306118069,108437.93087052797,109794.94961976624,113650.99123788674,111804.35258168449,107317.6567125661,110351.11910509429,110355.31013506945,109975.34310192242,111758.42958967123,113277.53750679751
2023-11-16,109132.61134900097,109924.01635342519,113936.57151241196,108316.47954387724,109671.97842155337,114147.73864490955,111679.13083651318,107587.16964438753,110628.25014346058,110632.45169860756,109852.16986160536,111633.25927860844,113562.01782604953
2023-11-17,109483.12442305282,110168.01240623966,113984.48490784985,108736.17263075097,110096.92365021221,114195.74084181116,112111.85316424693,107731.5590229211,110776.72086110534,110780.92805502817,110277.81327674534,112065.8038681456,113714.42586162775
2023-11-20,109928.93091791202,111152.45683307404,115120.43717133257,109493.48787533288,110863.71612271364,115333.79845021473,112892.67902417427,108669.25072453995,111740.91754428807,111745.16135747888,111045.8655919325,112846.3090083612,114704.19222583782
2023-11-21,109851.96766179343,110722.58901184252,114713.74781384988,109189.83874035903,110556.26704830863,114926.35534506087,112579.60319659993,108375.40484191015,111438.76575504923,111442.99809280405,110737.91137763433,112533.36177487463,114394.0276265495
2023-11-22,110001.07302640323,110987.95194968463,115024.94511703507,109427.06389371473,110796.46089516771,115238.12941338198,112824.19293078338,108656.98354637422,111728.3036196058,111732.5469537318,110978.49986381497,112777.85104523759,114691.2437905352
2023-11-24,110234.8517212371,110966.83445835896,114963.35308825367,109563.38293016393,110934.48586133037,115176.42323150708,112964.74394916235,108704.69186384554,111777.36046994015,111781.60566719843,111116.75160547465,112918.34433309762,114741.6015870739
2023-11-27,110193.41045163685,110808.75791239279,114796.78630329086,109269.76057596985,110637.18904528848,115009.547735918,112662.00618064686,108449.43467356937,111514.88812876667,111519.12335757643,110818.96632973527,112615.73091237186,114472.16870127365
2023-11-28,110351.02645831254,110625.49565412862,114597.45937476933,109058.56728718845,110423.35283211441,114809.85137995653,112444.25646214664,108238.27258323031,111297.75728846241,111301.98427085049,110604.77878292298,112398.07063331075,114249.27973461963
2023-11-29,110016.78691724708,110439.46152887304,114450.9086242237,108876.57402399901,110239.0820607837,114663.02901599172,112256.61327491712,108107.09345829827,111162.87022809501,111167.09208760152,110420.2052540773,112210.5045194365,114110.81558342784
2023-11-30,110521.23717680378,110769.6851561307,114834.3538514663,109383.89188415144,110752.74862053341,115047.18491082799,112779.68065966085,108603.55147038779,111673.36122185102,111677.60246931732,110934.71576976219,112733.3570572733,114634.84436683338
2023-12-01,110980.88209065946,110506.97210660775,114464.66380247357,109077.59975700705,110442.62347890838,114676.80968773778,112463.87978904913,108207.69335095018,111266.31369747416,111270.53948566473,110624.08109145629,112417.68590004505,114217.00228617684
2023-12-04,110717.57186164227,110258.64638554378,114167.05659303084,109188.65407443792,110555.06755718886,114378.65090069185,112578.38175309513,108173.09458056703,111230.7369513133,111234.96138833307,110736.70991574651,112532.1408330707,114180.4820747799
2023-12-05,110688.86023005635,110714.90478872284,114825.75140507615,109346.62313098743,110715.01347709066,115038.56652088334,112741.2549096896,108613.78742886451,111683.88651198149,111688.12815918823,110896.91862734818,112694.9470904569,114645.64877876133
2023-12-06,110376.45075410763,109778.82500702536,113863.96705510377,108584.288739159,109943.13904650831,114074.99962435398,111955.2540846564,107820.06888711528,110867.73256285938,110871.94321331962,110123.7760044054,111909.26911072244,113807.85111678246
2023-12-07,110528.57393441394,109971.05616581261,114080.78147676637,108493.6928094872,109851.40937724759,114292.21588432975,111861.84563263063,107828.92748364969,110876.8415582588,110881.05255466998,110031.89562298066,111815.89902567881,113817.20167504027
2023-12-08,110692.16962141445,110624.74002533423,114696.52937257677,109099.63289616015,110464.93234614571,114909.10499156837,112486.59694012886,108374.95326090354,111438.30140956337,111442.5337296828,110646.42661223971,112440.39372018617,114393.55096701386
2023-12-11,111143.80310858224,110439.6920180496,114450.03651515086,109051.57196601252,110416.26996978094,114662.1552905742,112437.0439734087,108242.25500101448,111301.85227406578,111306.07941197752,110597.68428342222,112435.84526514387,114226.06905920563
2023-12-12,110747.88348191095,109862.277569881,114069.14306847853,108688.64478507036,110048.8010294637,114280.55590571318,112062.8498314347,107882.0212532737,110931.43608701571,110935.64915687489,110229.61159036445,111962.84295810963,113402.48579638159
2023-12-13,112216.99392499938,110299.95824214761,114408.60354618158,109012.09333817719,110376.29729675557,114620.64553079814,112396.33974389687,108203.06936045745,111261.55900433945,111265.78461195133,110557.64593515673,112302.2431962801,114027.27610550815
2023-12-14,112205.63575609463,109833.2928514145,113506.35871627778,108152.40626427933,109505.85188886522,113716.72850336363,111509.96395317143,107349.7623810502,110384.13227883814,110388.32456262207,109685.77038244915,112249.38672337374,113233.42690152812
2023-12-15,112484.53194013273,110436.18492041717,114104.27702733458,108722.12151919212,110082.69669961181,114315.75498095149,112097.36584031631,107915.24954266084,110965.60361389007,110969.81798139922,110263.56295121592,112681.1663224722,114079.80330477853
2023-12-18,113481.44025739991,111315.09908209412,115009.08412774857,109584.25000451674,110955.61407134772,115222.23902774295,112986.25883532409,108770.9798147676,111845.52212936794,111849.76991534088,111137.9145292142,113449.59734848377,115138.14815150057
2023-12-19,114113.11035530809,112279.2389179475,115975.8497507053,110505.41450665456,111888.30625102881,116190.79642942084,113936.02060185681,109685.30797291061,112785.6948704726,112789.97836330716,112072.13912537394,114650.59550228075,115894.42280502134
2023-12-20,112392.0828478886,110809.34671946571,114512.78550421598,109111.36116403452,110476.8073844285,114725.02057701346,112498.68930841799,108301.60047858924,111362.8752228033,111367.10467830827,110658.32116125149,113183.9280663011,114313.7943281047
2023-12-21,113233.12684531818,111869.07679967125,115628.55380429878,110174.50007406683,111553.25067441692,115842.85681357473,113594.83303401597,109356.84939363546,112447.95201516818,112452.22268085206,111736.53305129029,114227.15546085965,115443.74676592553
2023-12-22,113592.02956193197,112064.47240581216,115831.95388585879,110368.30602911513,111749.48196451733,116046.6338716525,113794.65563443543,109549.21703427428,112645.75715809033,112650.03533622439,111933.08675007935,114504.1564561289,115554.80477956682
2023-12-26,114032.05810312025,112222.64480016388,115953.23574760067,110483.8671776882,111866.48927352554,116168.14051410023,113913.80434278946,109663.92055561325,112763.70291215161,112767.9855697526,112050.28630250113,114694.78096379465,115702.27676486422
2023-12-27,114158.79500926277,112326.07251902169,116119.56052678658,110642.34662583344,112026.95197218815,116334.77355538512,114077.20373592741,109821.22386201497,112925.45258533774,112929.74138603665,112211.01264193293,114789.91707425614,115795.75126626993
2023-12-28,114145.96024759926,112438.31797007649,116377.28914613076,110887.91850973925,112275.59700262184,116592.9798423718,114330.39932230517,110064.97325507365,113176.09184759125,113180.39016732966,112460.06619701201,114782.08205016167,115993.13593318439
2023-12-29,114009.82348055285,112251.00816540635,116223.26116320207,110741.15583340837,112126.99770231752,116438.66638791235,114179.08044450474,109919.29976546098,113026.30072192627,113030.59335274098,112311.2227475431,114627.5799330092,115740.23696077033
2024-01-02,114266.89779698745,112369.66395461521,116233.37050897142,110750.78833402842,112136.75074640273,116448.79447008503,114189.0119830994,109928.86077929704,113036.1319892956,113040.42499349243,112320.99181591347,115397.77591639842,115157.24941490676
2024-01-03,113847.00638194242,112188.175903437,116001.5918272594,110529.94236177257,111913.14105371587,116216.58621568236,113961.30991657973,109709.65379663829,112810.72885813299,112815.01330173446,112097.01473172777,115432.92067679629,114732.9001834429
2024-01-04,113473.8110118285,111558.68831144896,115327.13113143585,109887.29513029603,111262.45157783963,115540.87549162615,113298.71190242698,109071.7759169241,112154.82059443157,112159.08012726442,111445.25617079104,114844.21561926664,114030.72922674117
2024-01-05,113769.01590900632,111973.10825968924,115652.39519099687,110197.21689248334,111576.25177664692,115866.74238729021,113618.25508896838,109379.39762111647,112471.13759536613,112475.40914161617,111759.57194441083,115301.18181059879,114463.2274349969
2024-01-08,115036.45962367184,113472.39693687361,117317.02254471043,111783.32586358927,113182.20970277117,117522.4198378954,115241.80278740222,110953.7354194139,114089.97594138855,114082.62614648293,113342.58092250506,116273.46040475694,116552.17009603907
2024-01-09,114892.76296544098,113481.68625067492,117419.40888561614,111880.88276932377,113280.98745944904,117434.33107858145,115155.42346129025,111050.56831487108,114189.54593487529,113997.11567954069,113628.12937865572,116374.93599540071,116845.8045973982
2024-01-10,115602.108665665,114233.52395074144,118230.86781534937,112654.0661999953,114063.84669639607,118084.68829621797,115793.15997420083,111818.01363048183,114978.6840135834,114628.43742583925,114623.29610099149,117179.17680964796,117869.15204679938
2024-01-11,115304.15970815998,114087.43829255304,118038.67075956683,112470.93483806206,113878.42358387593,117795.56560195507,115509.64793828831,111636.24136237332,114791.77373411498,114347.77713748273,114634.37714812442,116988.68939127756,117880.54688252459
2024-01-12,115881.82276072318,114675.62691929308,118603.81538443548,113009.42230042221,114423.64980984753,118396.38481053652,116098.8077670404,112170.73248583739,115341.37289079404,114931.01081535261,115176.67383755345,117548.80692356138,118438.20010935614
2024-01-16,115237.3935002247,114144.0655976586,118093.0172370965,112522.71786046977,113930.8546316723,117732.88559162145,115448.18428395288,111687.64008148506,114844.62529972213,114286.93172436403,114872.4807903567,117042.55244427804,118125.39304699402
2024-01-17,114513.68146045021,113671.0136433799,117643.10922056608,112094.03144029324,113496.80352494141,117262.65083282659,114987.07480874326,111262.13512111019,114407.0929308604,113830.46038670206,114422.5516808138,116596.64646395967,117662.7230276616
2024-01-18,115216.8796585683,114686.54309822909,118858.26265921809,113251.8676166702,114669.12914599219,118283.92464609856,115988.5299825166,112411.3785147942,115588.821068634,114821.84227616119,115707.45288847107,117800.99083078813,118984.00954586669
2024-01-19,116073.43128221124,116078.07808844418,120368.05548929628,114690.44541425133,116125.70965745655,119628.35345067427,117306.86906515571,113839.28002962153,117057.08393384995,116126.92065103239,117342.90677059662,119297.35370328242,120665.77554680193
2024-01-22,116031.76944290205,116056.44266836751,120396.56061013715,114717.60598432565,116153.21012153785,119626.63709175613,117305.1860135624,113866.23902983541,117084.80496256684,116125.25452866133,117358.17767383542,119325.60526445859,120681.47888527652
2024-01-23,116578.53848658367,116386.19265828042,120830.81730609783,115131.37933707601,116572.1615350748,120015.31691968361,117686.32319691213,114276.94159884553,117507.11653270287,116502.55798753575,117741.01854931809,119755.9991463357,121075.16089318389
2024-01-24,116603.38873723664,116753.66729457545,121120.50277645707,115407.4007074511,116851.63710428771,120247.59474413125,117914.0934834141,114550.91450009981,117788.83360689183,116728.03721307527,118214.87732808187,120043.10779721211,121562.43821239138
2024-01-25,117545.46701129645,116918.35295817205,121058.11207921014,115347.95290107199,116791.44535354144,120270.92042763281,117936.96651327237,114491.9078805589,117728.15909441723,116750.68017119501,118291.89246417134,119981.27207969545,121641.63423182566
2024-01-26,117681.31230097533,116951.03706798454,120908.33699024352,115205.24251503384,116646.94905488016,120201.20711319052,117868.60604174962,114350.25660751121,117582.50387809679,116683.00731354012,118236.06126077236,119832.82927490181,121584.22202308415
2024-01-29,118302.19798128489,117607.37572128189,121580.13495962259,115845.35261752963,117295.06965152401,120737.82586956414,118394.81127968914,114985.61618733159,118235.82265913492,117203.91963861819,119103.36798012187,120498.65144544678,122476.08878186368
2024-01-30,118471.70999755904,117354.22898165403,121180.0876416318,115464.17502933458,116909.12191390045,120425.65384355851,118088.69720284909,114607.26747618287,117846.77946749075,116900.88465529062,118740.55773419556,120102.16264118394,122103.00462274523
2024-01-31,117068.73885838018,115660.73923608086,119448.07017749794,113813.85465471956,115238.14902708215,118811.96388196362,116506.32219244138,112969.19481384545,116162.40471498808,115334.42619690546,116858.09331426487,118385.55187432299,120167.23333991627
2024-02-01,118922.82435564301,117760.09582157023,121710.7332807169,115969.79077976276,117421.06506330914,121016.94763426206,118668.51646211611,115109.13084232887,118362.82860412434,117474.87171716882,119032.3548610852,120628.0880641685,122403.06474216343
2024-02-02,119673.03992372614,119044.5558402207,122889.68334323319,117093.13124780892,118558.46328831064,121819.28642382564,119455.28522235018,116224.1345346471,119509.34921427126,118253.7266479885,120928.47320737616,121796.55109229327,124352.87659769393
2024-02-05,119296.01577257432,118789.85169214476,122439.54316044925,116616.46625283605,118075.83319118129,121200.17188732477,118821.49004169242,115777.37177387087,119049.9581677617,117652.73313282005,120910.88952384665,121350.41501089407,124395.98298116232
2024-02-06,119630.34203357008,119421.66140704398,123117.82063897383,117446.3809556374,118916.1336492523,122031.05655376552,119667.09705383223,116571.08057336955,119866.10209925682,118459.29842396325,121628.06118399558,122022.65905384712,124790.22778481952
2024-02-07,120407.47612866266,120457.60622163265,124207.76815341457,118308.4160662893,119788.95647780203,122998.07364628214,120545.43181741389,117494.83089227228,120815.96332980556,119398.01164647008,122598.00681038442,123102.91123221525,126054.31395923323
2024-02-08,120237.6604455555,120617.51275604275,124311.07046222207,118596.36892089978,120080.5128447579,123188.85961260281,120838.82938249182,117677.0806152552,121003.36455998357,119583.21344966456,122862.35865880252,123205.29464301372,126088.88524739942
2024-02-09,120212.57430851925,120843.26040758571,124652.03416147674,118362.07960824977,119843.29157843214,123203.23652171358,120600.11004786924,117690.8142653413,121017.48640817543,119597.16955735438,122813.17595555648,123543.22539103997,126833.93412359856
2024-02-12,120549.70590473402,120656.7494568486,124311.01671895685,118416.96115929868,119898.8599306138,123021.29957344057,120656.02931794291,117517.01763311218,120838.77720550855,119420.55776804057,122834.02401391882,123205.24137780731,126413.2801457292
2024-02-13,118798.54873839633,118993.52900045252,122625.49739257491,116756.11179400128,118217.22629075238,121336.08437192773,118963.77604822391,115907.20319253599,119183.45942732673,117784.66756023387,121108.32201520656,121534.71513697272,124693.23230914064
2024-02-14,119302.27629553396,119600.07082916507,123242.88327358487,117204.17305795709,118670.89470278926,121836.70748842918,119420.30940688154,116385.42717337047,119675.20098304594,118270.63781100728,121665.69932742714,122146.60922730141,125511.46610465329
2024-02-15,120181.19640968423,120189.70125020052,123716.14430800828,118168.55326046213,119647.34339466595,122572.36859487255,120402.92443810636,117088.1729541228,120397.81071687664,118984.76666482643,122532.03441095048,122615.66049499938,125717.4727979957
2024-02-16,120018.5372098839,120200.93189072172,123681.57829475937,118306.71157395787,119787.2306550373,122626.00625055694,120543.69509596202,117139.41072636806,120450.49678626095,119036.83438628126,122632.5045334353,122581.40195445964,125594.33675165704
2024-02-20,119669.25827181533,119475.50022786733,123005.84186015054,117734.21775916929,119207.57251283806,122070.97119680738,119960.37637349835,116609.2093350265,119905.3086161323,118498.0447951339,121905.40606706013,121911.6763522471,124633.06071538263
2024-02-21,120094.56576966365,119780.28088976549,123260.0019862502,118255.0686368034,119734.94144555522,122478.6179299229,120491.0756765953,116998.61692940019,120305.72328361102,118893.76001200914,122356.42934215303,122163.57566504503,124708.13488008936
2024-02-22,122043.67330173131,122272.75756813523,125738.08678847717,119997.05520632795,121498.72766043255,124395.473245679,122266.00032038236,118829.70732368887,122188.5716459596,120754.51040045364,124644.3584602529,124619.61732789544,128217.17779399965
2024-02-23,122260.439740131,122257.48607711855,125744.49839610036,119973.70377378978,121475.08400236478,124398.74687635034,122242.2073510192,118832.83448390146,122191.7871991095,120757.68821439362,124609.47426334527,124625.97190278095,128201.73090394415
2024-02-26,121714.77613301312,121708.60424069855,125085.92055381418,119375.02090880842,120868.90907380288,123689.28243760945,121632.20438689849,118155.11326613944,121494.90937758188,120068.98927132606,124089.68115048524,123973.25226323053,127740.32119401306
2024-02-27,121540.18657322369,121433.22059018609,124802.32498406895,119073.2306874172,120563.34217587902,123385.24916039253,121324.70781340456,117864.68320139748,121196.26995842383,119773.85482167234,123795.232116706,123692.17934188899,127490.16730110758
2024-02-28,121541.49305775933,121341.69919508278,124686.73832086721,119076.52905184664,120566.68181684645,123336.97448941888,121328.06854442993,117818.56846045656,121148.85172897347,119726.99311436043,123758.45746255238,123577.62084887926,127290.02763256866
2024-02-29,121663.93571222207,121371.96257047664,124634.33987740873,118908.62867302235,120396.68029167753,123126.58759906607,121156.99344816341,117617.59480801513,120942.19731499432,119522.76409158038,123760.41530292753,123525.68850173484,127599.02258771242
2024-03-01,122255.74802245753,122025.3052660666,125135.78970775031,119477.80764478695,120972.98210809761,123545.03767270301,121736.93464942428,118017.32237432012,121353.22366079924,119928.96644324687,124514.6362239914,124022.67781946986,128446.10752490381
2024-03-04,121976.43680323593,120827.7686093827,123908.80027775324,117889.00373851036,119364.29552172587,122006.62757481201,120118.08909875786,116565.09741682876,119859.9498216142,118425.99984296714,123097.02049614633,122806.60274518596,127672.09072264012
2024-03-05,121444.379906913,120243.34229236192,123073.23912491192,117484.3055458754,118954.53283707431,121183.89344969601,119705.73873511527,115864.20653742022,119139.2474201404,118019.45820992607,122674.44383391546,121978.47410269827,126811.15236256608
2024-03-06,122349.94275068106,121438.14074611975,124272.97410260724,118642.49774141735,120127.21893260084,122365.21082412006,120885.83042242972,116984.0760358558,120290.77137425555,119182.92608579015,123883.80182246323,123167.53715935825,128047.32503611385
2024-03-07,123254.0396266227,122149.70321086328,124920.26929187524,119028.81068093416,120518.36628658674,123002.56913047892,121279.44789833791,117364.44355749636,120681.89044049353,119570.99871906164,124287.18102090915,123809.07450770731,128714.27952153617
2024-03-08,122519.34350324646,121175.43855031254,124079.43841627185,118629.40667527149,120113.96404165617,122174.64618018657,120872.49182595473,116983.9849769245,120290.67774143425,119169.77538853962,123870.1324284861,122975.72301786442,127847.9113895569
2024-03-11,122915.53479475687,121643.36439816712,124643.782562498,119412.75720348253,120907.11760968433,122730.32685757425,121670.65421226113,117757.04737051515,121085.59167157413,119956.69415610068,124688.08926049691,123535.04719194901,128429.39548813802
2024-03-12,124496.2766584292,122914.32420948264,125912.36577828017,120084.2465718829,121587.0101600296,123979.43555371728,122354.84032991882,118544.2183201983,121895.01295308062,120631.24222517353,125389.24320975132,124792.3460656412,129736.50742087809
2024-03-13,124660.84256663446,122765.1844990855,125437.16262460424,120173.11727951071,121676.99301739635,123511.52743046092,122445.39143509895,118219.40666908087,121561.02011073612,120720.51774768895,125482.03998444148,124321.36995429217,129246.87165641424
2024-03-14,124405.18042438457,122873.62226275209,125598.2763562857,120300.20444516238,121805.67058287575,123670.16784191178,122574.88160808332,118392.71333458129,121739.22549717652,120848.18380798485,125614.74151672109,124481.05054194253,129412.87864640841
2024-03-15,123983.38312910032,122069.11829459116,124718.28977183775,119702.08630081805,121200.06744200282,122803.69027745386,121965.45404252943,117689.43708915796,121016.07030445412,120247.3411761707,124990.20013339765,123608.89164237166,128506.16558976914
2024-03-18,124284.16503743855,122184.17928852601,124820.6477402013,119737.22263610929,121235.64348197478,122904.47690840704,122001.2547475933,117729.15570230313,121056.91161187858,120282.63756095406,125026.888696778,123710.33911285354,128611.63231847445
2024-03-19,125199.18094210816,123059.87126011333,125736.41159168593,120615.14146985527,122124.54880640845,123806.18250901095,122895.77356910515,118609.64450772357,121962.28849033476,121164.55540206122,125943.59160582362,124617.9570323684,129555.20924977539
2024-03-20,125997.60675873628,123951.54567835982,126749.15926317492,121345.3195739919,122863.86453766175,124803.38309287293,123639.75812906623,119476.84295499846,122853.99934271847,121898.05953988248,126706.02700013838,125621.69607830272,130598.71554072203
2024-03-21,126073.60030897282,124127.25192785016,126642.72000005838,121583.16281946485,123104.68421159376,124698.57782072693,123882.0985954818,119385.09561605737,122759.65865510749,122136.98618492825,126954.37751574536,125516.20361713173,130489.04356240726
2024-03-22,125834.4373960619,123989.16331011185,126529.43445257067,121310.91340907828,122829.02780559784,124587.03136421247,123604.7014006897,119185.20565792358,122554.11856735645,121863.4966514752,126670.1008640845,125403.92577087785,130372.31736810961
2024-03-25,125596.27216384903,123885.3022105076,126276.8478221061,121340.16717533545,122858.64766063019,124338.32229040665,123634.50830710435,119020.18787943546,122384.43636326982,121892.88367153911,126700.64698247,125153.58595710612,130112.05931438206
2024-03-26,125147.69524937624,123403.01066644287,125868.225720467,120927.97869432012,122441.30095230023,123935.97310728357,123214.52602616233,118688.56342241484,122043.4381428851,121478.81763111119,126270.24913121354,124748.59864388537,129691.02676532345
2024-03-27,126663.37594469085,124748.46791943061,127325.02561462794,122575.37817180292,124109.31638916627,125370.40909358558,124893.0750930155,120305.73869566484,123706.32481651226,123133.72117660576,127990.42625388099,126192.43996492487,131192.0717906576
2024-03-28,126777.7153666029,124732.90981902515,127211.94133087309,122650.83682909881,124185.71935452783,125259.0608111253,124969.9605482565,120250.31793392985,123649.33752041904,123209.52355556979,128069.21847019633,126080.36159211618,131075.552972765
2024-04-01,126062.67520574675,124287.43983692986,126815.31961081328,122117.21164627052,123645.41625584157,124853.81797644195,124408.55074271132,119815.20198854878,123177.34353250086,122645.6416898833,127493.88568844426,125687.2679142958,130666.88527432442
2024-04-02,125493.16660224617,123751.03823037662,126150.85857768076,121712.15307555653,123235.28868325173,124272.23633149631,124006.97322905561,119257.0907237804,122768.76854095794,122074.34595223215,127082.34904312993,125028.71741624681,129982.24359339781
2024-04-03,125140.9321599984,123617.82339167735,125972.5388259715,121440.45470324765,122960.19021115857,123987.87965870555,123841.8570255547,118984.20958374471,122494.71148305481,121795.01843811636,126913.13795395014,124851.98386010964,129798.5080115277
2024-04-04,124116.99194976492,122147.73740367063,124375.10917476735,120125.27276579905,121628.54976575568,122495.83175615562,122495.04553237316,117552.37494930573,121168.11210256696,120329.35903413393,125532.92550448046,123268.76371635016,128152.56209893388
2024-04-05,125099.62456246676,123391.31707976235,125525.10256216093,121083.39012533354,122598.65723991538,123418.7046406349,123707.9836855896,118438.00426249587,122134.54713288591,121235.90990257845,126775.94455204695,124408.52764569708,129337.48245775129
2024-04-08,124809.77452249988,122836.8413195877,124946.18698805873,120601.73737081786,122110.97696520222,122893.00360843919,123189.75908430893,117933.51848561714,121648.71302312746,120719.50646794064,126244.86796862737,123834.76165996885,128740.98437584071
2024-04-09,125133.92004905462,123125.82574891881,125302.43220525948,120957.94258545955,122471.63981889107,123305.14797454241,123467.56476655057,118329.03030314458,122008.01054966355,121124.3616102891,126529.56323823598,124187.83799329284,129108.0492783174
2024-04-10,124480.98229679695,122702.81552073314,124808.3063293984,120376.73344807675,121883.15728842224,122688.94708785892,123015.64973068524,117737.69689500293,121421.75578168695,120519.05891004301,126066.44069899303,123698.10748176367,128598.91608107937
2024-04-11,125072.29463052415,123612.09016014183,125948.30165259338,120880.67148065919,122393.40172461438,123556.73950852768,123607.05367219234,118570.46857833405,121930.06863391868,121371.50347290467,126672.511471975,124827.96228201316,129773.53471994991
2024-04-12,123836.46251678621,122207.5118899078,124665.86349322512,119515.70084387883,121011.34951193706,122326.34810804165,122102.0862027146,117389.73100407723,120553.24832520173,120162.87288965096,125130.22077432644,123556.93170767324,128452.14704884004
2024-04-15,122777.72719779403,121013.93316311375,123419.08428075124,118545.50561079227,120029.01301876605,121242.70009413085,121016.04496704841,116349.81482229325,119574.63057010865,119098.39037573108,124017.24569081054,122321.24288562007,127167.50133869471
2024-04-16,122009.31941769716,120380.62577438445,122757.21817934491,117777.17617832971,119251.06852414699,120482.1847982415,120329.32580493292,115619.99097493959,118799.63106616722,118351.32562439989,123313.49587753697,121665.26423677745,126485.53340134428
2024-04-17,121884.0987560244,119727.03253312594,122159.40431160152,117285.5947492842,118753.33532504617,120013.31393782145,119692.44786920282,115170.0419244558,118303.78208842335,117890.74725781156,122660.82335421993,121072.76806211547,125869.56305713386
2024-04-18,121774.94934354923,119343.94259030785,121685.0338051446,117038.57532095257,118503.22463526216,119629.02436257829,119423.97729546732,114801.26078643293,118054.61821895221,117513.25426389027,122385.69470402502,120602.61719139523,125380.78522859585
2024-04-19,121702.65686942622,118704.75264907528,120975.16793909325,117113.90832828062,118579.50037824149,119435.68630477194,119131.67624558187,114615.7251029946,118130.60521208686,117323.3356010328,122086.14458131859,119899.06574695284,124649.35970394981
2024-04-22,122869.75225196428,119949.73793721017,122226.20269096998,118225.89519651607,119705.40292171149,120583.40839092691,120342.80211144377,115717.12957590648,119252.24553310093,118450.75896717038,123327.30639676208,121138.9722543983,125938.39020041775
2024-04-23,123697.05567090091,121056.46463719719,123336.04031483026,119089.3945163314,120579.70828289572,121509.83705092892,121366.44185727117,116606.17116730633,120123.24111941575,119360.8027233596,124376.33243204295,122238.93761504703,127081.93520677136
2024-04-24,123671.19998501377,120736.62781844774,123148.14479854186,118845.22324304964,120332.48139066945,121395.49939840371,120979.87800637461,116496.44773910657,119876.95013058349,119248.48725723651,123980.18178867266,122052.71347297878,126888.33303042735
2024-04-25,123133.57389892511,119839.0602593048,122162.70721891147,118258.19741223837,119738.10937525007,120630.8535055453,120258.96029897574,115762.65998966158,119284.82817292087,118497.36496306004,123241.38530539899,121076.04158929843,125872.96627854167
2024-04-26,123705.48347543876,120974.76328172065,123293.57519915765,118903.33687016305,120391.32226590488,121396.52847944573,121209.81629273131,116497.43529042786,119935.56825749917,119249.49813785512,124215.82254986747,122196.85023643273,127038.18036378566
2024-04-29,124345.12340315837,121378.05642806803,123699.61464082394,119329.11124413185,120822.42488437063,121780.85688787092,121630.2024291809,116866.2536944761,120365.03889167648,119662.62123300364,124646.63427225748,122599.27786304045,127456.55181373256
2024-04-30,122658.7941024518,119321.02685193798,121678.29053183067,117503.67514186652,118974.14482892008,119917.91522669385,119602.18921732328,115078.4931354123,118523.75569470436,117858.64945003798,122568.326285679,120595.93390106224,125373.8371522657
2024-05-01,123337.99893357953,120356.62452340272,122803.67963382362,118787.79510211475,120274.33457995401,121228.41882028815,120706.986003655,116336.1098852889,119819.02344073355,119147.51619762018,123700.52205795226,121711.31240583677,126533.40595775684
2024-05-02,124281.94959911022,121718.38392809736,124177.96744102093,119907.39369963817,121407.94410775123,122371.02078183225,121985.32534082784,117432.60086196654,120948.34157047536,120318.0954895583,125010.56424035507,123073.37560407382,127949.4328840624
2024-05-03,125519.5120397693,123090.2900333306,125737.79902775354,121001.60428127905,122515.84790783496,123487.71310325063,123135.33303080926,118504.22781113241,122052.05128423864,121667.04523059154,126189.0921477378,124619.33212687018,129556.63882429387
2024-05-06,126476.51626360239,124266.56537494776,126841.04113470287,121923.39110070703,123449.17019263672,124428.4390297869,124278.65138533532,119406.98968682508,122981.84037940162,122553.01773991728,127360.76482399061,125712.76063926145,130693.38799829714
2024-05-07,126836.76314583927,124042.23034201178,126655.84137193658,121620.2958335213,123142.28191725662,124119.11634254236,123987.29108152888,119110.15006387632,122676.11386185425,122320.73626424963,127062.17877788776,125529.20827136215,130502.56344942968
2024-05-08,126892.12281041336,124213.28690625502,126883.91849747716,121877.45162316594,123402.65581725456,124381.55567599667,124159.82586323579,119361.99836340926,122935.50208907796,122612.53743524595,127238.99242618524,125755.25659794381,130737.5676089285
2024-05-09,127902.54198639837,125148.76238522444,127654.3918600038,122928.47415894619,124466.83110572454,125454.17260644477,125283.07156541968,120391.32863348743,123995.64883010584,123426.66636370204,128390.09464785195,126518.87642111584,131531.44136784936
2024-05-10,128156.68316051841,125404.86995597318,127991.20029425266,123036.74615621449,124576.45804520842,125564.669168992,125423.78109737382,120497.36598320733,124104.8607652841,123660.16311967773,128534.29377946418,126852.68886618278,131878.4791640122
2024-05-13,128166.44198665473,125420.71920564656,128069.27951498196,123087.42289457606,124627.76896464993,125616.38711574956,125411.50058767413,120546.99679416389,124155.97744184523,123769.39010699884,128521.70871283895,126930.07355412473,131958.92976421295
2024-05-14,128431.58010851598,125604.7571477719,128283.45848671382,123133.05744063377,124673.97459256173,125662.95927290934,125518.1215057063,120591.68947963862,124202.00815349449,123883.34753254706,128630.97383211281,127142.34735420096,132179.613662762
2024-05-15,129823.17264282116,127237.61514488472,130051.6672550496,124681.4921559908,126241.78679809994,127243.2082541099,127056.40627943097,122108.16573918294,125763.88524108854,125567.51135653786,130207.40810392685,128894.82749521444,134001.52550261113
2024-05-16,129894.24776829054,126682.44433956493,129551.32399018526,124187.14515331882,125741.25341630887,126738.70435763674,126476.59314879935,121624.02166381838,125265.24668104043,125129.39558594875,129613.2155941991,128398.93489979999,133485.98608522487
2024-05-17,130139.57843059351,126746.96819944208,129489.05888072705,124335.52130485285,125891.4863832391,126890.12905767134,126668.2717903673,121769.33545009061,125414.9109252788,125112.31245461621,129809.64787052646,128337.22365293959,133421.8298938504
2024-05-20,129837.13880416575,126592.24810119973,129490.36112065743,123782.72842159167,125331.77571483566,126325.97844678363,126226.5383689085,121227.9517704323,124857.31910045873,124848.53948531508,129356.95944996357,128338.51430914359,133423.1716847011
2024-05-21,130095.03118387226,126635.17629219659,129617.7115563211,123701.12524581306,125249.15133698653,126242.69864550565,126156.75640432877,121148.0328190265,124775.00750587907,124894.60651572236,129285.44689104274,128464.7319331293,133554.38993828092
2024-05-22,129889.95001288793,126912.49885623349,130047.86378154623,123992.99893591265,125544.67760572438,126540.56919622679,126339.44409189426,121433.88246927771,125069.41502885493,125344.88370049733,129472.66523749974,128891.0578544905,133997.60651208667
2024-05-23,128796.60986787887,125854.47176013191,128830.80459720783,122476.34543929133,124009.04433685464,124992.75441327193,125168.55380668632,119948.53148949762,123539.59506118129,123807.06413670981,128272.73684604424,127684.8246940258,132743.58347054836
2024-05-24,129198.7756076387,126332.10610095784,129405.88646090258,122720.74347171187,124256.5008259389,125242.17386758258,125486.79182074801,120187.88534172614,123786.1147777085,124214.29446231897,128598.86717024041,128254.7910710903,133336.13140669165
2024-05-28,129379.10611603789,126434.17246626144,129201.2822171045,122552.95939439304,124086.61705770086,125047.57905235277,125677.72622404987,120001.14361872106,123593.78231182006,123745.97770468287,128794.53675117544,128034.90980133682,133125.31303448672
2024-05-29,128467.0888341368,125490.46928940914,128274.39630064559,121554.09883686944,123075.25651522222,124094.35889257364,124653.39744158067,119086.39172859429,122651.64424072907,122737.39352285482,127744.80459112808,127058.91763816956,132170.27624492522
2024-05-30,128319.69957088429,125377.01139780297,127985.75349246108,121751.39978326668,123275.02653384682,124015.06767468469,124855.72902498423,119010.3003968172,122573.27485847256,122936.6151380213,127952.15400249581,126977.73218854002,131872.8669349298
2024-05-31,129613.83803502485,126519.08309987924,129081.35182367895,123269.7486195364,124812.37635825935,125365.35397424047,126412.79162306659,120306.09437689534,123907.86279876417,124469.74466969022,129547.8317891474,128360.27622401652,133001.74018061752
2024-06-03,129733.42186236953,126974.34592776642,129900.6961103477,123335.16246850808,124878.60881211219,125933.37280767529,126479.8733471061,120851.19017263732,124469.27787437444,124535.79530393377,129616.57714149996,128941.86477339451,133845.9691447118
2024-06-04,130411.7363590294,127358.52456006895,130440.83007765719,123507.15811564145,125052.75685477795,126330.4934429127,126656.25441500502,121232.28455882397,124861.78160547437,124709.46527992332,129797.33246397629,129348.47244303668,134402.5077660376
2024-06-05,131110.71871544042,128207.3340582048,131363.9340050133,124001.60278458708,125553.38912506228,126992.34463506062,127163.30607694582,121867.42600310505,125515.93814960789,125208.72322752325,130316.95901890102,130026.13496422062,135353.64770198768
2024-06-06,131284.89985089208,128096.66127218089,131171.50311475064,123830.2857302322,125379.92816725076,126748.4557109763,126987.62090409386,121633.37949034684,125274.8846656462,125035.73845022054,130136.91684968499,129776.41964279396,135155.37240576677
2024-06-07,130894.97207325762,127613.25022391017,130723.74374539178,123330.91526147451,124874.3084544926,126299.03652721993,126475.51784785566,121202.09712227815,124830.69040627005,124531.50675154405,129612.11362576703,129316.26403569385,134694.0139332567
2024-06-10,131232.2562453081,127779.22775873485,130697.72791773187,123395.65616357904,124939.85954005683,126176.73859623994,126541.90946671496,121084.73466159705,124709.81430476315,124596.8778879735,129680.15175831487,129191.04446182784,134667.20796708018
2024-06-11,131249.88051439926,128357.52237367,131695.57833551566,123919.90056088635,125470.66445978112,127172.31382506446,127079.52066896466,122040.1323344092,125693.81502703915,125126.22565584115,130231.0957308574,130210.40353770106,135695.3645530639
2024-06-12,132118.9477072091,128653.02532152104,132154.849194575,123993.00493755344,125544.68368247112,127483.09023408,127154.48900821939,122338.36701255493,126000.97836546275,125200.04168288664,130307.92328666555,130528.6042561654,136168.58413595593
2024-06-13,132302.48505481106,128745.9940191864,132239.91865999028,124002.91276968514,125554.71550363378,127505.59442355095,127164.64946309762,122359.96302019614,126023.22092238115,125210.04596495483,130318.33572106055,130551.64606066016,136256.2372847386
2024-06-14,132230.51529445217,128698.93138830297,132183.90184502318,123827.30734549456,125376.91251027914,127355.5446860132,126984.56657865368,122215.96870826562,125874.91565539614,125032.73107175197,130133.78677690301,130398.01170198685,136198.51915764477
2024-06-17,132551.73477599112,128758.88549096917,132268.15103483284,123780.46851769996,125329.48752995471,127363.77103365729,126936.53348826307,122223.8630724155,125883.04636394445,124985.43628124977,130084.56246475595,130406.43457339778,136285.3271178589
2024-06-18,132979.17809337933,129390.81871850834,132709.91447094746,124392.17305307444,125948.84708527317,127762.52135091001,127563.83482400155,122606.52137297016,126277.16083046017,125603.09558682967,130727.42088817935,130814.71085742989,136740.50755191315
2024-06-20,133340.91832484573,129905.74372791106,133069.13382466428,125207.58735911532,126774.46568507742,128317.63008691938,128400.03997498436,123139.22807276147,126825.81590077552,126426.44771993233,131584.36394631345,131383.08089292765,137110.63691975674
2024-06-21,133279.16809180455,129753.22472799374,133083.50216198646,125164.90094437216,126731.24508211543,128431.70904507824,128356.2651728736,123248.70324649644,126938.56858281782,126383.34576504516,131539.50352809438,131499.88514638695,137125.44164437693
2024-06-24,133617.8556692131,130030.56819409871,133391.79535498962,125894.90502093968,127432.70703204935,129028.99393735685,129104.88236605,123838.6577870302,127546.18540093974,127120.45622430826,132230.4789109373,132129.33561749346,137390.0760171697
2024-06-25,133207.94729761663,129801.98693271421,133282.5760007964,125243.386414372,127034.41864933871,128361.2561101357,128436.75180869171,123737.26040954035,127441.75235119906,126462.59526884122,132325.70774448573,132021.14994784477,137629.81931104802
2024-06-26,133461.88038567812,129972.6866933196,133481.4752559224,125115.19737441634,127015.50424033249,128229.87586995422,128305.29429719556,123921.9150708267,127631.93527214191,126333.15834492908,132783.94337043347,132218.1667610954,138165.68583334415
2024-06-27,133596.65333640345,130070.67623635616,133580.35461743863,125283.93331408495,127163.14578390772,128402.81240406491,128478.33254396352,124013.71297624073,127726.48145725553,126503.53688112595,132807.63951069946,132316.11029884184,138177.82417542805
2024-06-28,132679.81067523718,129401.62455252411,132476.054547906,124834.45780918619,126194.50911768674,127942.14743762383,128017.39663732993,122988.49970850484,126670.57497491121,126049.68585963402,132333.3076028193,131222.26165454258,137408.079879155
2024-07-01,132806.18298629014,129971.15786112697,133421.58152243908,125245.47542749354,127045.58883637277,128363.3971281646,128438.89408596075,123866.310754649,127574.66625334739,126464.70461791316,132701.81736704396,132158.83987977,138025.48625310382
2024-07-02,133063.83294310188,129933.63545648911,133449.5786577116,125029.62960179929,126951.61681500645,128142.17793164289,128217.5447793242,123892.30281544106,127601.43647408442,126246.75759430802,132786.3004213505,132186.57204180368,138180.38550067678
2024-07-03,133551.4910406111,130306.41392618103,133805.63615929184,125200.50126709446,127150.76234328725,128317.30335917127,128392.77320690795,124222.86050059219,127941.89051767149,126419.29264681484,133391.12798104488,132539.2597089891,138822.92969230557
2024-07-05,134261.80310967512,131094.70876544213,134867.92448257463,125755.16573016516,128049.41684544738,128885.77590880236,128961.58010378327,125209.07078277695,128957.62632863427,126979.35661116059,134160.40503968776,133591.49421873566,139804.00583574508
2024-07-08,134142.52564447717,130947.17748132613,134656.5755215045,125572.85434964403,127810.78158165092,128698.92598022055,128774.62027937843,125012.85802775738,128755.53928346625,126795.27048104376,134111.3182218614,133382.14552727138,139723.84166496797
2024-07-09,133783.27899352566,130781.82300750155,134437.78988454043,125239.5885707416,127469.85710171468,128357.36372114126,128432.85713038787,124809.74119022921,128546.34145880978,126458.76045427994,134173.78022040628,133165.4305428319,139786.80680322603
2024-07-10,135478.04840906578,132600.48811760134,136357.21454455852,127118.63494428432,129396.34702469967,130283.18798781456,130359.81407099034,126591.7021645709,130381.6514409439,128356.09881147282,135845.76020512334,135066.68919536815,141537.22936456697
2024-07-11,135072.3591210687,131789.40231892373,135405.3332720176,127015.25972253272,128963.66688530358,130177.23929308029,130253.80306251001,125707.99189700632,129471.48432801104,128251.71726124913,134423.50760715094,134123.8168111045,139882.64344119944
2024-07-12,135743.62144397545,132236.4788570909,135783.30915145038,127519.97810576826,129365.70595570783,130694.52238090453,130771.3903904862,126058.89822869081,129832.8962234497,128761.34893483449,134882.6255102584,134498.21541407693,140301.00132706107
2024-07-15,135582.25038797222,132903.14362644372,136420.47032819645,128188.1141904188,129984.4186059203,131379.29136977956,131456.56212637952,126650.42775051974,130442.13517524027,129435.98913482172,135583.08295974124,135129.34630740268,140997.748303822
2024-07-16,136612.48940764938,133829.26621708777,137153.4666780001,129214.34726118605,130748.72292968816,132431.0719850818,132508.96134666185,127330.9290053451,131143.00952873004,130472.2122935485,136603.96392043168,135855.4053611238,141910.5086111814
2024-07-17,136534.54088812717,133805.17319073263,136835.70814141558,129939.36723567729,130946.22941286305,133174.14095898136,133252.4673567276,127035.92742322924,130839.17607996296,131204.2901319148,136083.94800459492,135540.65418610614,141081.06153273987
2024-07-18,135841.94973590836,133002.78694314003,135836.0225371299,129167.74118926175,129970.89615563463,132383.3056789651,132461.1669467826,126107.83643296786,129883.29955781595,130425.152524729,135437.50383672805,134550.42990455177,140304.66195686156
2024-07-19,135079.80153916503,132154.93126983606,135202.08355244587,128347.84652163432,129398.1820662672,131543.000155235,131620.36719718997,125519.29833905272,129277.14159241629,129597.27641499015,134340.47887740334,133922.49070750133,139303.47757165658
2024-07-22,135527.207647299,132256.5206427794,135412.150290637,128072.96599701262,129340.82886912285,131261.27662131586,131337.77965318324,125714.32070031608,129478.0026053788,129330.74034691915,134653.23717882094,134130.5693114264,139774.0581833062
2024-07-23,135057.9351793549,131643.65595212602,134822.8159114673,127768.13371228814,129100.65268021692,130948.85569362954,131093.8952769018,125167.19275807717,128914.49454411698,128538.84982914201,133855.8456386689,133546.81256859965,139514.50827245513
2024-07-24,134148.84952129656,130579.4699775848,133762.20387246003,126013.1422129587,127243.52948211803,129150.17458346524,129208.09912487978,124182.53870949883,127900.36155785884,128032.62115003614,133065.8958539344,132496.23847827423,137507.58093006656
2024-07-25,133580.91473661788,130233.711270211,133024.98525675698,125454.05681286831,126385.10557394792,128577.1710398609,128336.42162686135,123498.11757534048,127195.44997023648,127699.41575061016,133250.42258529857,131765.99711943755,136579.91258020684
2024-07-26,134600.2207623269,131132.710337259,133975.7455731972,126320.38417345035,127280.0783883886,129465.0651745577,129245.21232602673,124380.78716646331,128104.54525057078,128593.98857355879,134133.17384426942,132707.75915666335,137547.078040115
2024-07-29,134604.91503952065,130920.12836299781,134050.73825412,126013.82431894851,127155.61653864282,129150.87367013289,129118.82885423314,124450.40908679667,128176.25153774708,128578.53337747398,133629.5359696894,132782.0420844861,137412.576522071
2024-07-30,133694.8119931451,130880.06890839047,134021.00483913842,125424.55704136932,126488.79517164754,128546.9368867213,128441.71213453838,124422.80509366545,128147.82112604336,128941.03596360124,133823.9683761084,132752.5900754124,136691.96626030607
2024-07-31,134705.63887766958,132052.52476200447,135154.3942892709,127107.69168805075,128221.87955606398,130271.9723048448,130201.55438227272,125475.02444404495,129231.54220913812,129665.00923481073,134847.04167625314,133875.2527897371,138564.84924475887
2024-08-01,134108.17645256477,131272.67012703847,134804.63392695802,125959.02805574174,127311.20831334812,129094.71328213369,129276.82287979155,125150.31291511873,128897.10934616678,129369.88642258596,133720.42436392838,133528.80266381483,137580.7190487631
2024-08-02,133408.62717054435,130314.95384505115,134259.75363272565,124294.72835021364,125821.37428398328,127388.98169133728,127763.98663790748,124644.45538383082,128376.10726470794,129143.20448039753,132582.2458400209,132989.07927920643,135970.7081177629
2024-08-05,129866.75217284694,126591.46388290153,130221.11144727103,120649.7996684779,121980.30176662942,123653.31438455028,123863.6100876181,120895.0491613733,124514.44992976314,125437.74129005839,129066.14279687469,128988.66000798519,131819.79693046742
2024-08-06,130328.18020752358,127282.3127914854,130793.87619002852,121597.81909276548,122886.15103314868,124624.93426486672,124783.44516526005,121426.79413700735,125062.11448346716,125856.96557139816,129796.71538689363,129556.00393438087,132798.7161873703
2024-08-07,129838.05744022384,126966.59017451454,130547.92188747534,120975.39489546698,122264.61571670492,123987.01513727111,124152.31368766329,121198.4543757494,124826.93860184625,125808.29634328427,129530.11898801902,129312.37741670692,132127.04495839204
2024-08-08,131653.01583491673,128919.71149289398,132402.58312130425,123190.15718591023,124448.99410490252,126256.91279594728,126370.41766872382,122920.29009462384,126600.32327634102,127425.54884333992,131537.758348053,131149.48558343624,134487.62540770427
2024-08-09,132106.44895689934,129503.64353694339,132931.2980580639,123851.0377659186,125083.00533815203,126934.24565812334,127014.21768437415,123411.13998494895,127105.86841252219,127899.43233339653,132167.86234871764,131673.1966043366,135172.77891862506
2024-08-12,132200.9883582474,130064.32118129588,133512.76843831982,124602.23755463933,125876.74622693946,127704.14617926413,127820.21349300446,123950.96712530771,127661.85709779256,128300.52550614289,132636.43463933415,132249.16377548085,136030.5466176716
2024-08-13,133224.76868349127,131000.30754311035,134596.8648290573,125771.7953294,127181.66417229509,128902.81949335801,129145.27864892688,124957.42364374212,128698.44528432618,129077.45881700562,133327.85668656818,133322.99995462716,137440.72527829497
2024-08-14,133712.76173378355,131394.22689087078,134997.9113075127,126223.14487226764,127646.01516659136,129365.40515097945,129616.79896547236,125329.74832435651,129081.91675915968,129411.32179273505,133700.00414761878,133720.25080959185,137942.53297089855
2024-08-15,135333.56252944746,133501.5346355741,137021.62104982368,128849.69008845981,130291.75024045483,132057.33685957306,132303.3827239806,127208.52578268056,131016.94175304007,130994.60490710073,135733.64656456403,135724.8075592975,140801.6852694044
2024-08-16,135535.29030905722,133672.60629227525,137389.38786107194,128922.53950322291,130483.34331380509,132131.99982305235,132497.93388830175,127549.95419034536,131368.5919708586,131307.67796580834,135730.74219701413,136089.09371575172,141008.73312595615
2024-08-19,136535.59004600998,134757.10738375664,138641.18223323545,130021.18831654887,131686.10088431,133243.7559930529,133719.26136975014,128664.9301637306,132548.7500315074,132363.71455865577,136622.00361775234,137329.04073260922,142367.01901620437
2024-08-20,136528.22252597002,134154.42398546255,138107.20236502736,129285.61715893266,130941.11078751429,132417.3102350023,132962.76903834747,127866.88461967348,131886.18549426433,131702.0749485992,135774.60424429015,136800.11460914198,141973.92389186777
2024-08-21,137192.361761345,134847.7746591101,138939.94240787355,129830.3857952724,131492.85514958698,132997.11714039696,133523.03202787964,128426.76687783303,132623.4930861633,132438.35327346344,136369.11151058602,137624.9733518445,142783.02134410042
2024-08-22,136284.7122837223,133658.47434360595,137470.25754579503,129004.72909096659,130656.62596673782,132196.55397831663,132673.8919294523,127653.7144929536,131451.5096692983,131268.0059226169,135548.2509576031,136169.1980256579,141176.48677305208
2024-08-23,137554.8993640189,135273.75408425755,139183.54268320056,130528.14544895013,132199.54956868046,133792.18325110036,134240.63741752002,129194.51111355193,133095.4598935745,132909.66122440592,137184.33564055228,137866.2681215081,142862.18608303714
2024-08-26,137939.23477849082,135335.24271971371,139020.57159380484,130855.32240661548,132530.9160052742,134131.07885285676,134577.11996842315,129521.76081172959,133106.35669394053,132920.5428130509,137531.82356435125,137704.83943911118,142687.12185245674
2024-08-27,137821.57982563943,135122.0161833652,138907.260649589,130472.92579910257,132143.6228349321,133667.7019775391,134183.84720596822,129074.3075494143,132833.06256769993,132647.6302000865,137056.6982823881,137592.60090346824,142723.56260719028
2024-08-28,137144.0486104508,134121.57753403008,137825.34706874416,129632.04944693642,131291.97911765584,132891.64899415098,133319.05458123697,128324.92306856706,131942.95922756154,131758.7694268708,136260.96933648875,136520.92687545068,141429.51387908097
2024-08-29,137386.75458746956,133665.96404909278,137059.55331751565,129544.9269082807,131203.74098075478,132808.1806656939,133229.45409635798,128244.32306917664,131431.04251977857,131247.56734483916,136175.3847611558,135762.38082469412,140630.71703572676
2024-08-30,138539.97492546058,135036.46916124757,138469.6066386996,130800.24828072969,132475.13665891218,134003.11668453875,134520.47941983733,129398.19597127958,132665.3228700899,132480.12466382657,137400.61705720512,137159.0889806752,142274.19078903526
2024-09-03,136493.7527006074,132201.1136623725,135381.64125918705,128302.2817223203,129945.18380680107,131494.3615106539,131951.46549647878,126975.65236433849,129899.15874007033,129717.82204504467,134828.25517887122,134100.34902654993,138993.99200637406
2024-09-04,136360.53391591206,131885.99016811035,135217.37831521808,127862.97135400513,129500.24809877912,131115.5383619666,131499.66022747784,126609.84720065941,129716.18208502556,129535.10082184576,134439.82738948095,133937.64071607674,138672.7894351039
2024-09-05,136211.8306238151,131565.95318839187,134935.4302990911,127417.45859991427,129049.03058384897,130547.9533938923,131041.47616394814,126061.76688173568,129274.63448476732,129094.16961343565,133857.85193416823,133658.36114006993,138620.5293543666
2024-09-06,134945.4489393893,129838.23961229665,133152.54969904927,125851.53776723644,127463.05824027359,129072.72570468491,129431.01728551218,124637.23433090183,127734.98687528231,127556.67132201947,132345.22148338443,131892.35425379983,136512.99244490228
2024-09-09,136421.18573472896,131900.46405671348,135288.1121877732,127787.36124200889,129423.66980438629,131005.10831938236,131421.8996066196,126503.2120070536,129702.79838079971,129521.73580101028,134326.59751566796,134007.7051421645,138815.82773110224
2024-09-10,137689.31254919543,132622.82404045103,136381.33538541774,128034.98616682929,129674.46554970725,131205.58221834843,131676.56749938728,126696.79676468733,130430.72264149989,130248.64389362329,134532.15420795482,135090.58174939506,140052.30431295262
2024-09-11,138358.943075552,134182.95793793447,138365.14370024047,129013.10773712855,130665.11190090011,132094.22049395632,132682.50888173957,127554.89762517242,131914.38986551538,131730.23994709746,135443.32292126626,137055.61471062346,142332.45110827807
2024-09-12,139313.62762450636,135381.82059049062,139570.67184775468,130133.90688381414,131800.2628052447,133149.03161905764,133835.1858875347,128573.4609247102,132970.34271572973,132784.718707704,136524.87761233305,138249.73338018134,143770.7510287996
2024-09-13,140154.8959343264,136328.27697100095,140567.99607129217,131066.34400615306,132744.639722195,134168.65591248308,134794.14346119825,129558.0465627319,133986.60498701394,133799.56229665538,137570.35334863982,139237.61862979922,144657.94902299764
2024-09-16,141003.28622263213,136324.4264776757,140407.12331801528,131306.15314323443,132987.51959914088,134457.0173231435,135040.773268966,129859.48722595151,134008.2703047677,133806.3216654201,137890.43611966775,139018.18007881637,144318.9221845258
2024-09-17,140776.70496992336,136166.52142554405,140134.90704048396,131350.37642908804,133032.3091611942,134391.46320892774,135086.25435705826,129903.22328162688,134146.23081422393,133851.38699610246,137936.876960611,139161.29825281957,143839.18320437815
2024-09-18,140297.89031000028,135444.98442932882,139196.88887357115,130846.03334275383,132521.50799557482,133569.7233379759,134567.5667042631,129404.43679668686,133580.93181128558,133337.44083574126,137407.24383631482,138574.86550198912,142983.96865791563
2024-09-19,141362.71717922078,136601.27277431276,140282.896043901,132069.72235489936,133760.8662631835,134663.42887980145,135826.05997731336,130614.64381164603,134812.55850783634,134584.4298127085,138692.2941368558,139852.53665990778,144137.3746174224
2024-09-20,141571.6934660806,136505.08468963983,140147.21003790156,131976.47614287364,133666.42603968695,134485.71674413307,135730.1616490559,130522.42494002763,134658.33095418714,134489.40812224144,138594.37213902903,139692.5432969791,144125.1218250018
2024-09-23,142132.03130399718,137335.75546490328,140939.66520996206,132846.55653047946,134547.6477481117,135283.4759368175,136624.98893274216,131382.91921447797,135541.19124045642,135376.05549886334,139508.08228310174,140608.40938481002,144950.69434272713
2024-09-24,142592.76079075504,137887.10387720057,141518.39281353034,133391.74329792435,135099.81559543015,135875.67631029445,137185.68194589787,131922.09938515536,136134.11723179813,135931.62303493213,140080.60717496753,141223.50196118827,145466.8858903654
2024-09-25,142141.87859390912,137803.2652281127,141777.02133169706,132854.96240726602,134556.1612615849,135785.5372899375,136633.63389014962,131391.23247949302,135514.4996695743,135384.62142990506,139516.909668478,140580.71994744142,145887.34784577013
2024-09-26,141972.3248490084,137633.92250323392,141642.0835125359,132701.8341761274,134401.0722337499,135723.75630773406,136476.15037359484,131239.79133907828,135434.5974147818,135228.57752136525,139356.10289691022,140497.83054054,145584.14329390306
2024-09-27,142230.517359874,137609.937752712,141358.16801849837,133034.3509763968,134737.846889273,135727.82253812914,136818.12464333317,131568.64463455102,135845.54076434206,135567.42569314493,139705.2935898723,140924.13703969438,145138.13489561048
2024-09-30,142744.0737477286,138111.43980277953,141826.20857490125,133559.4802453412,135269.7004031723,136185.95728660305,137358.1896810094,132087.98829027498,136361.63016283297,136102.55382076325,140256.7552097627,141459.52048112685,145661.9619810079
2024-10-01,142320.7710971894,137466.78416740763,140761.20322074532,133424.8161323861,135133.31192531183,135483.90243974308,137219.6954405666,131954.807839569,136247.94102811057,135965.32560118998,140115.33843057498,141341.58106911968,144516.1386691048
2024-10-02,142236.13580372927,137672.08191273437,140917.0263114022,133723.97261270136,135436.2990842284,135735.18372072355,137527.36055345833,132250.66836250795,136602.777711389,136270.17824727803,140429.49596661745,141709.68334984,144569.63439941272
2024-10-03,141841.5288655324,138012.50033788045,141388.41695491367,133911.4611831539,135626.18843321025,136101.19719876593,137720.18168885016,132436.0912771001,136795.1957349973,136461.2367419946,140626.38605994734,141909.29493646487,145051.850999257
2024-10-04,142389.86490937506,138433.6281592282,141741.19327810413,134364.33957255815,136084.86589991837,136416.29149669837,138185.9408816828,132883.98007755558,137192.90442270908,136922.7382786502,141101.97381519902,142321.87199489184,145553.358241335
2024-10-07,141116.18497253954,137394.65223582793,140584.60093592163,133450.9302372755,135159.76041955722,135347.29249032665,137246.5522849191,131980.63423223322,136241.923937711,135991.93693839843,140142.76201451127,141335.33902932005,144404.9804256685
2024-10-08,141914.84553189922,138093.1788828743,141786.91101330626,133516.96128067307,135226.63698602252,136079.61564567348,137314.46138854226,132045.93777842153,136251.71855429283,136059.22526283146,140212.1041523591,141345.49981841675,145764.84067872842
2024-10-09,143565.16794511594,138984.65704092538,142594.56135774485,134462.7733561476,136184.56012148343,136860.65273095883,138287.17432682996,132981.32936665317,137159.7708611253,137023.0463159693,141205.34351283422,142287.49973249016,146718.24487838257
2024-10-10,143249.05124351996,139295.56778140325,142899.1495295537,134850.2525604773,136577.00097095256,137282.58057998703,138685.67424572748,133364.5395177425,137650.12123002557,137417.90341757552,141612.25267278837,142796.18188867698,146826.92147009823
2024-10-11,143906.09736231016,139907.29147209888,143471.91985896954,135534.91948233306,137270.43500667406,137920.87025772384,139389.81451901863,134041.66311983124,138387.67354521758,138115.60691574722,142331.25188334644,143561.30765545034,147332.08788013834
2024-10-14,144629.3864150186,140831.2753296516,144709.32960191433,136125.6362415339,137868.71585422935,138959.98046765165,139947.97837322886,134595.75723569616,139037.93002228253,138679.67336364,142942.847821821,144215.118204567,148502.1112831453
2024-10-15,144485.65694477057,140191.96932692538,144100.09027766844,135419.6549598921,137153.6945297789,138286.19988726132,139446.4656091433,134029.09696292577,138273.28952612611,138137.5812460556,142156.73219090668,143515.85683652476,147969.9442224427
2024-10-16,145031.79282200403,141440.58304399732,145363.85917246243,136648.9627066464,138398.74347951496,139513.27547418978,140669.1866173167,135204.54247036914,139528.63215209558,139362.97493885382,143447.33145342045,144789.3375193752,149267.4024160849
2024-10-17,145045.61048320736,141756.03909668943,145642.29318864027,137028.100917462,138782.7365296093,139848.40365650962,140882.32397865143,135463.51704616693,139943.7668786425,139613.98714610044,143874.12535083274,145137.13945676957,149493.56751342633
2024-10-18,145390.68204831012,142260.68721950293,146278.61963713437,137380.30586298238,139139.4514357585,140379.57811264507,141489.72708568792,136055.37135452265,140307.47417650733,140132.21912621416,144248.04746634504,145688.4016742873,150138.097322598
2024-10-21,144796.08138417546,142265.59500323646,146477.05435455247,137175.40130193625,138931.92308559542,140461.05071386613,141632.96440688317,136239.93769261724,140122.3617779889,140141.18649261148,144057.73613614103,145772.95537655457,150290.08983338164
2024-10-22,145120.33776633226,142685.45594848559,146965.06217496528,137509.59918103117,139270.40034604524,140880.2431524511,142118.89224229672,136693.83919507108,140456.76654974825,140580.30864722977,144401.53275619156,146208.0006815233,150805.71935750174
2024-10-23,144093.42470668448,142008.1029238614,145980.62112506636,137119.84594387448,138875.65634491178,140016.41969468718,141370.24080450117,135778.19962345844,139957.63685404434,140020.56069201004,143888.38486823812,145311.5094640515,150011.30760236154
2024-10-24,143374.83139203902,141263.04432288057,145241.58186815702,136375.48292442862,138121.76180708728,139299.54631665652,140636.31875729962,135090.81098939973,139206.88603688538,139276.5954251064,143116.54901170556,144567.52563070273,149232.5255521056
2024-10-25,142524.84162130422,140298.56460913655,144179.35493536695,135476.9159050299,137211.6886974663,138245.68791228445,139746.17695977597,134102.82190280565,138220.97339346167,138428.70086816966,142102.94674553303,143473.81279448958,148287.97502833098
2024-10-28,142930.6735626981,140515.006138771,144495.32370769657,135645.02416341478,137381.94957078848,138598.9743053983,139862.80207285256,134396.70797284364,138486.53753812955,138500.42210347485,142375.96933089595,143840.45964325508,148411.7286953852
2024-10-29,141790.4748986674,139063.2203282678,143131.50988487597,134120.06629608956,135837.46472058076,137246.14244895434,138464.98990727818,133128.20956492468,136968.1338956128,137033.08375245583,140814.92091216886,142436.46688626567,146928.47713164007
2024-10-30,141261.37798332135,138308.25830246505,142366.33794071368,133375.61443982297,135083.48020838603,136499.8797629972,137731.23352475048,132416.51462774718,136204.65579548263,136297.60041668048,140030.00032348698,141661.98231088815,146149.87087208946
2024-10-31,139631.56133705904,136897.92477361587,140407.26470315154,132474.9922766155,134171.3256389781,134752.8133551424,136212.1690236163,130594.3588164029,135098.21182236567,135112.27734724124,138892.48157268798,139848.8459843566,144537.95558602447
2024-11-01,140222.35800471198,137061.8125730668,140656.69765486996,132576.1271342695,134273.7555216794,134998.63742921277,136349.2021524807,130826.35917953383,135253.26798741403,135202.73280320945,139051.89253199086,140103.96654338573,144683.36468152294
2024-11-04,140251.48007131656,137300.38332705805,140795.81003779604,132881.0021608379,134582.53445244912,135122.83944830322,136621.90459211136,130955.74915440487,135496.03116756678,135532.05691292143,139301.4737815949,140232.86558902528,144972.7356928656
2024-11-05,141496.86355484434,138703.8960207173,142314.99666113494,134123.4923802786,135840.93467554732,136486.11744645768,138155.6845072344,132368.76153248127,136733.02395289758,136988.57536974808,140573.20784324186,141647.69953609328,146600.26585290843
2024-11-06,142571.42008215887,140042.53689576124,143188.92403318972,135961.86232573545,137702.84482445882,137609.4496304415,139125.10967395495,133181.61110295675,138549.00201962775,138294.33126002346,142440.18814422004,142813.51348591552,147628.94583573096
2024-11-07,143457.81713242095,140029.97431481146,143528.05108048796,135555.92126509082,137291.70571584685,137715.83894862275,139397.85225863763,133497.03694215993,138161.8097350602,138318.417401101,142042.12145981344,142923.92619643535,147918.35944593814
2024-11-08,144137.48064238558,140514.0165389599,144158.22670759822,135784.74794550007,137523.46250650188,138084.31600564072,140234.52222766785,134083.1703031237,138282.65631600312,139023.9056027001,142166.36204960608,143306.3381840787,148806.16974725484
2024-11-11,143382.83524276048,139569.93086522043,143107.6481354791,134997.99823651693,136726.6385204326,137204.7205740006,139070.77476179547,133106.01548636827,137547.08416198046,137939.4837501034,141410.13115306164,142342.54876235977,147606.26297336663
2024-11-12,143262.67989136427,139074.75046705938,142680.65330898928,134363.13767131034,136083.6486084059,136693.21851004526,138416.76098512963,132708.86284828183,136900.23590693742,137527.90933952952,140745.1159901517,141990.98073986068,147241.6942450894
2024-11-13,143534.4261711724,138912.275581114,142504.46724672435,134284.85329259452,136004.36180348808,136580.24125557602,138336.1148322831,132544.99023184332,136820.47333142924,137358.08602966854,140663.11326117755,141734.32851428178,146975.55122439118
2024-11-14,143316.37629547736,139016.21238289034,142627.46780138504,134456.7103236757,136178.41945228865,136752.19764233378,138513.1566460354,132659.39441601385,136995.5754353622,137476.6445639742,140843.13315497027,141747.37764681585,146989.08290346502
2024-11-15,141720.03205538646,138131.83457201414,141490.06764858463,133847.55465800234,135561.4635893041,135808.8980888583,137885.62326418993,131601.48588124762,136374.91744999468,136380.32027985176,140205.04382253007,140646.9914845022,145848.00533629366
2024-11-18,142126.23065218053,138244.26760084857,141470.93007305718,134064.77498530975,135781.46540828678,135850.88434313852,138109.3969468169,131583.68580935965,136596.23941796567,136361.87383535437,140432.5816777199,140688.24840896978,145890.78790900565
2024-11-19,142873.27989278684,139202.77004884768,142741.3985895825,134445.9697617138,136167.5413581535,136712.03951015783,138502.092050316,132765.36270950316,136984.6320658351,137586.46087576434,140831.88243795573,142201.0035124963,147459.48349277113
2024-11-20,142913.81861617113,139228.93062379071,142610.40119500738,134625.3762895492,136349.24517450627,136676.7024259825,138686.91112281574,132643.52057556994,137167.42621912435,137460.19429801166,141019.81041438744,142109.26050670585,147364.34790361373
2024-11-21,144096.2929801595,140622.9790505115,143795.06774803565,135963.3825059699,137704.38447049886,137771.45280240782,140065.28386600054,133745.39211498818,138530.6972013861,138602.0780119138,142421.36923021643,143647.82499579614,148959.80728348822
2024-11-22,144752.2125475778,140493.05609738844,143408.46754760307,135949.98832332384,137690.8187762453,137447.60030034557,140051.4855920837,133385.81096795475,138517.05010445308,138229.43942299034,142407.3388508819,143488.04104378264,148794.11464804717
2024-11-25,145250.96087869868,140198.99225087865,143112.93295471693,135761.2494268161,137499.66309086728,137234.54430154504,139857.05260116607,133110.93095553067,138324.7473649924,137944.5777143106,142209.63523706916,143070.27268053778,148360.89754308984
2024-11-26,146277.346433471,141131.9919029811,144119.04155838155,136491.87987340987,138239.64921116832,138081.20198049035,140609.7255563186,134046.72375993457,139069.1738664348,138914.35188916564,142974.96915777092,144207.75588371427,149540.44397018218
2024-11-27,145784.04770252033,140890.2857788309,143870.6286985822,136277.11350196792,138022.1327707909,137856.7655620401,140388.47986335002,133815.67219564534,138850.35219090054,138674.91016760815,142750.0018164059,143938.57316685788,149261.3070906078
2024-11-29,146441.45171096062,141558.70142169637,144618.51593991223,136742.07810158533,138493.05121082067,138450.5657205398,140867.47205545875,134511.29043844034,139324.09643712163,139395.78834090248,143237.0512976747,144812.39292130532,150167.4400043975
2024-12-02,145898.8763225553,140978.24112844016,144079.57885351614,136156.21795405727,137899.68916352384,137923.8374328604,140263.93699802746,134010.01905914897,138727.17384514358,138876.3143334694,142623.36397355498,144225.84901122557,149559.20616715465
2024-12-03,145806.72406043814,140627.8021188379,143830.91179777257,135600.88098331844,137337.2411402412,137543.50150427423,139691.8459760613,133778.7310643842,138161.35078072565,138636.62759595513,142041.6496156225,144082.02065495777,149410.05915269637
2024-12-04,145946.3200847914,140745.369165233,144305.46123929272,135218.98295020976,136950.45292851506,137687.16573645428,139298.42639919184,134220.11477891658,137772.24159697862,139094.03924257253,141641.61219540553,144648.2507093107,149997.22794398852
2024-12-05,146459.5556658985,140938.7892787965,144636.07759572455,135398.67708019048,137132.44802973923,138016.89940082945,139483.54175055271,134527.62472987044,137955.32878303132,139412.7157781716,141829.84143450495,144798.02435616078,150152.540101145
2024-12-06,146316.253864685,140003.73697867733,143749.18712111813,134330.7158004348,136050.81157765532,137057.71132221314,138383.36097356805,133702.7180335077,136867.20183339363,138557.85430987133,140711.1541457345,144010.83291411385,149336.23894583026
2024-12-09,146096.53003468318,139528.88726692874,143168.9087503595,134126.17966761353,135843.65637341578,136644.62341478962,138172.65415694995,133162.99466574282,136628.10171433762,137983.98665568593,140515.4581452187,143216.08900639598,148534.78796879313
2024-12-10,144878.69398756974,137745.63352943922,141375.16610806843,132495.50160505885,134192.0975879922,135154.1035004312,136492.77990319085,131494.61468022782,134916.30790156487,136444.72294604135,138982.71515536186,141421.7552494707,146302.54289777443
2024-12-11,144662.9047904932,137828.84839616047,141619.0600334784,132322.77745592833,134017.16171775403,134886.99487826132,136314.84481116402,131721.4631333721,135149.05930226546,136450.1650690249,138708.0399469213,141665.72954832172,146753.72174901614
2024-12-12,144128.99747025652,136634.10875225108,140484.84363636636,131153.87432735838,132833.29086327378,133814.25402665912,135110.67685434065,130666.51584518829,134066.66065423988,135439.83172922596,137604.91076066415,140531.13937857648,145320.22005484832
2024-12-13,143835.81118858312,136027.65207555878,139856.08453076516,130600.206827337,132272.53368816883,133279.68978271505,134540.305669625,130081.70000663775,133466.62700319287,134875.7638216005,137055.20351446068,139902.17307005782,144603.76310193213
2024-12-16,143243.93281988092,134740.558824518,138723.61364778722,129120.21718802692,130773.59288111026,131741.5611987617,133015.66598261514,129028.37624056745,132385.89412383683,133609.95874039392,135473.50320851896,138769.3289896679,143494.8290186105
2024-12-17,143308.25220576185,134446.72994592975,138446.165925209,128874.05431934097,130524.27791345413,131578.32079290497,132762.07658638008,128770.31902741845,132121.12186293397,133435.6804823143,135305.63856925585,138491.78983624277,143016.6581407853
2024-12-18,140139.68911142807,131647.11279660207,135569.52527141589,126187.19138175962,127803.00987674588,128840.57387700785,129994.1532446315,126094.72355505053,129375.90325875106,130665.5533740448,132490.33744317212,135614.20120677695,140033.14554717182
2024-12-19,139951.20701199432,131371.75583457918,135359.34186004015,125801.3573110858,127412.23522675838,128398.04286491375,129596.67888324059,125899.22962601144,129175.3222753605,130348.25816162032,132035.27052320182,135403.94853101106,139922.5953169117
2024-12-20,141059.02990957472,132739.39692449287,136880.40899394147,127044.30936824324,128671.10320137421,129754.19639271582,130877.12976279962,127313.99108788103,130626.89801829902,131842.5568070272,133429.84082909604,136925.51692134753,141305.3062541373
2024-12-23,141385.8994834718,133319.62769213907,137640.11299029944,127484.86834297652,129117.3035041354,130305.23265189896,131330.98003276493,128020.60022597929,131351.8942188929,132584.96783739657,133996.48670566818,137685.4712725442,141871.28657377025
2024-12-24,142503.21772250364,134307.3828408694,138677.44283803424,128358.96792176714,130002.59586921756,131131.1810677384,132231.45046365526,128985.43225680373,132341.83267120563,133486.026451768,134845.83238174135,138723.14296466575,143087.8586526608
2024-12-26,142420.2741679999,134105.9636899292,138447.92096331387,128176.3485968582,129817.63811614095,130923.73086233082,132043.32166668552,128771.95140788311,132122.7967204627,133254.31770981057,134632.50557877828,138493.54545270745,142896.26282044646
2024-12-27,141350.23211790985,132919.69573935238,137097.46428290172,127233.68029628854,128862.89901141106,130019.91659183378,131072.21385311685,127515.87662670558,130834.03693104583,132120.46609391604,133703.08828358355,137142.64373927447,141372.24131727434
2024-12-30,139974.04741413658,131858.97994666747,135993.18803011623,126237.64143967084,127854.10594425407,129011.96538562386,130046.12533853024,126488.7769998195,129780.2105835294,131076.23716485934,132666.5840875957,136038.00358040913,140211.81594057067
2024-12-31,139953.9583264107,131673.92551521532,135595.01695099153,126326.83962964837,127944.44631105242,129134.31272520329,130138.01456318221,126118.43364979794,129400.23032682986,130882.77379443918,132792.39725202345,135639.7012869473,139730.29556736042
2025-01-02,139336.96187679665,131979.4210806224,136029.56436391117,126514.98056502214,128134.99637844435,129375.25094317767,130331.83155297933,126522.61103253912,129814.92503010239,131276.24547603738,133040.16070760114,136074.39190175608,140074.02675143213
2025-01-03,140223.21851178975,133495.06296521777,137757.59585767964,127764.87803906157,129400.89870553804,130642.31199355968,131619.4373868298,128129.87234783045,131464.00977033647,132808.79429351032,134343.11474664838,137802.99285553533,141880.53176904054
2025-01-06,140180.62074213976,133941.6789286288,138361.30906422238,127931.04717153241,129569.19562256928,130767.93938353454,131790.61970283516,128678.01003721614,132040.1417679173,133212.9456170313,134445.61301517097,138363.5696170658,142631.81524012523
2025-01-07,139413.77845678138,132594.16225290505,136554.29394258643,126671.12711271229,128293.1423721712,129480.08038821982,130492.68891121664,127410.73356634064,130315.68184157448,131901.0071471431,132689.7373487788,136343.56598196094,140549.4984419677
2025-01-08,139395.52027467324,132277.71454052292,136193.80844541415,126195.80601260236,127811.73481735693,128994.21896379525,130003.02777167069,126932.63716485623,129971.66546536477,131406.06143021586,132339.45377616596,136269.13645435014,140472.7729089392
2025-01-10,137636.56681735432,130395.07305563189,133964.15273706263,124224.13812196023,125814.8198520412,126978.82901031314,127971.87631234198,124949.45711410651,127843.87368733433,129352.98914402728,130172.89846854773,134225.7400372863,138366.34170723194
2025-01-13,138035.58246575578,130679.78062667753,133939.05242599314,124570.16281898323,126165.27537202685,127332.52686244468,128328.3402846254,125297.50217760814,127819.92010772132,129713.30018787316,130148.5085091622,133944.73944649985,138076.6727975735
2025-01-14,138198.6174218158,130940.76520039752,134025.8297943749,124810.88057478049,126409.07550249013,127578.58257444421,128576.32029347707,125539.62543448329,127902.73296993597,129963.95647515488,130232.83003348742,133973.19397318,138106.0050907734
2025-01-15,139658.6606045944,132636.16772195246,135937.580453411,126460.28143828717,128079.59683307208,129264.55917595667,130275.48219940967,127198.65680772865,129727.14349157154,131681.45627202897,132090.47716782443,135897.08720514248,140089.2466677467
2025-01-16,140129.7315533046,133137.86944253437,136324.02102405988,127052.21493686475,128679.11000026998,129869.61889814661,130885.27383580431,127794.04648330287,130095.9291591722,132297.82897199746,132465.98127201514,136035.7032585149,140232.1387553724
2025-01-17,140947.6648727349,134531.35588630347,137679.99100534225,128159.92957071398,129801.00884547175,131001.89728792035,132026.40729227598,128908.22883328164,131389.95036909336,133451.27790046824,133783.57660698742,137744.60621177594,141993.7580238505
2025-01-21,142068.02425628516,136221.75171216848,139369.74081445465,129459.21588929536,131116.93243793852,132329.9954963427,133364.89199073747,130215.10141534892,133002.50235964986,134804.20794774647,135425.5056293772,139957.35189807293,144274.7625886703
2025-01-22,142181.19559392126,136972.61448765214,140405.84463398307,129904.99923812543,131568.42401255528,132785.6641649485,133824.12424978986,130663.48760074665,133991.2707960146,135268.39638610932,136432.28717911805,141567.2849016753,145934.3588780282
2025-01-23,143132.98634887167,137814.08171392634,141253.80328915542,130744.35971226137,132418.53244108515,133643.63759696126,134688.80752633742,131507.74892670053,134800.48965784485,136142.41159716464,137256.24816920422,142345.0490311213,146736.1155103452
2025-01-24,142755.23338274495,137534.34055933068,141113.89224794492,130707.49317821489,132381.19383355082,133605.95354140116,134650.82875984014,131470.6671366038,134666.9705849098,136104.02295184668,137120.29668225776,141866.19537095408,146242.49015091677
2025-01-27,142854.20983122435,134862.54237736942,137905.72181868547,128544.27877685474,130190.27961733576,131394.76950152253,132422.35199201462,129294.82217476555,131605.36845668455,133851.49576022613,134002.91912247532,137806.07128307663,142057.1191724371
2025-01-28,142552.92479613997,135483.50985314845,138840.9223823856,128952.8318822358,130604.06421774121,131812.38233984934,132843.23080235915,129705.7607370402,132497.84349791938,134276.91682737196,134911.65303030814,139178.14316769023,143471.51679230193
2025-01-29,142264.66145911743,134815.50098379573,137972.47990427059,128286.13614310233,129928.83148452757,131130.90251200605,132156.4214112359,129035.17229968487,131669.07663597565,133582.69517278633,134067.7879199803,138287.9306967003,142553.8430069399
2025-01-30,142695.59651087006,135045.66768462927,137998.00080253894,128092.12705531492,129732.33812342519,130932.59124048479,131956.55923178233,128840.03043304993,131693.43158786348,133380.67601768652,134092.58656373114,138944.70715248564,143230.8797323937
2025-01-31,141539.04031255556,133687.01943175835,136780.06834421045,126793.35668096549,128416.93708182155,129605.02041744342,130618.60604315806,127533.676807706,130531.14152607466,132028.2832164672,132909.1222189768,137802.86340656452,142053.81233920596
2025-02-03,141182.89384498476,133296.16969636158,136249.8409949629,126183.44880550081,127799.21937704996,129022.18421600462,129990.29775798191,126960.15547723044,130025.13811487982,131393.1940302063,132343.87524540842,137492.43722176267,141717.85470278858
2025-02-04,141323.18322312366,134698.07310739573,137458.9971143378,127665.67238402339,129300.42272876229,130167.19812897986,131517.2387802791,128086.86981165493,131179.0527930627,132936.61428137694,133674.92437088347,138712.62082433005,142895.7464186702
2025-02-05,142095.66243363835,135802.5608415973,138721.32316492763,128908.29162939164,130558.95362995638,131362.56146335532,132797.34680739598,129263.12888451337,132383.7082838535,134230.53763787047,134542.09122890377,139986.45926697846,144053.06278882019
2025-02-06,142048.0057780483,136748.00774795498,139883.75384623802,130025.40070778741,131690.36721493496,132463.32858651038,133948.15813093688,130346.30358000618,133493.03221981274,135393.76888000272,135205.54257620755,141159.4912962828,145080.74706579794
2025-02-07,141097.47147984526,135904.85477215346,138972.63161341994,128889.43444097735,130539.85497651326,131600.538731436,132777.92071340303,129497.30280692186,132623.5354681352,134210.90189134714,134696.37483792298,140240.05964423617,144376.5869064729
2025-02-10,143016.19338140753,138128.89202748952,141500.6161128831,131081.6828283992,132760.17495702798,133994.42102445825,135036.3073983293,131852.92614381612,135036.02660423215,136493.6617973228,136732.02409066088,142791.09931923202,146911.9250766078
2025-02-11,143665.44931255776,138675.90115116248,142006.3254420893,131482.0502770867,133165.66908395672,134473.30394832903,135448.75359757463,132324.15557493657,135518.63212432555,136910.55924597202,137402.37268417818,143301.4207088982,147527.3207092419
2025-02-12,142461.56397375226,137456.76347499705,140870.99215170377,130713.48607002581,132387.26346393817,133398.19677852248,134657.00245217705,131266.23073617544,134435.16760935227,136110.2632726175,135797.78022713383,142155.7331982619,146061.40240096362
2025-02-13,143447.0432878641,138785.07764498433,142343.76634718414,132264.78130383455,133958.42292883506,134792.84459733992,136255.09896374223,132638.58933472936,135840.6567224474,137725.60694552783,136805.02534305508,143641.93906929408,147372.05369919157
2025-02-14,142593.74794764718,138745.63803997036,142423.520309544,132420.7364752343,134116.37509571097,134868.3678445482,136415.75917202674,132712.90557163054,135916.7670495885,137888.0010494275,136544.74689824638,143722.42038643084,147303.7187496096
2025-02-18,142937.57297055764,138584.31276667613,142208.548139985,132140.20973936678,133832.25623386624,134664.79932175498,136126.76917952226,132512.59047495833,135711.61608696246,137595.8921858212,136520.10636739762,143505.4876743508,147176.34475005412
2025-02-19,143740.4841641609,139205.24502457588,142842.8309704921,132630.99963449646,134329.33066057964,135265.43529758527,136632.3657946762,133103.6271043566,136316.92110631752,138106.9453590328,137225.77853403834,144145.5551534575,147904.23090629446
2025-02-20,143421.88464360376,139040.16411265303,142810.24700044235,131886.77029838218,133575.5715178928,135234.5798121363,135865.68368289754,133073.26475036505,136285.82576576437,137331.98897221094,137551.8618280578,144112.67401815648,148265.34963833442
2025-02-21,142702.6649805716,137826.03620543383,141592.0471773389,130373.5127695355,132042.9368282106,134081.0019375451,134306.7724419907,131938.12332330632,135123.28055401327,135756.2534697529,136672.06379572157,142883.36423343676,147250.74059200654
2025-02-24,142502.9704046001,137187.13812636991,140739.52878484523,129493.83059877946,131151.99038644848,133273.70715994667,133400.55099701163,131143.7307070082,134309.7102707748,134840.25179725766,136362.64319605177,142023.07088773904,146582.88956749602
2025-02-25,143237.90996229902,137444.68886944238,140870.31655696858,129827.95524353156,131490.39347479466,133397.55702211807,133744.75590241526,131265.601204339,134434.5228798017,135188.17147050935,136583.72060262907,142155.05144211423,146672.7520802678
2025-02-26,142389.3928019276,136894.30346528877,140461.74391006798,129349.19661886498,131005.50437815308,133010.65796279383,133251.55353107624,130884.8855543577,134044.6162607901,134689.64630369915,135942.38868580505,141742.75261964012,146198.09605476022
2025-02-27,141086.15751672396,134773.89870066402,137873.07878281747,126827.00509748937,128451.01636405496,130559.31397235194,130653.26960422275,128472.71887119544,131574.21674879093,132063.32087761047,134463.14453004944,139130.4789105661,143921.7679617434
2025-02-28,142967.54170196908,136943.40279582713,140070.30111737014,129139.33661460185,130792.95713065602,132639.98006885516,133035.3622262744,130520.13182357575,133671.05690238692,134471.1217941826,136387.24824191965,141347.739875347,146028.29877071697
2025-03-03,141129.73384981358,134033.59112635488,137102.54277286862,126067.84419256676,127682.13445482585,129829.6526509537,129871.20545071222,127754.71897549261,130838.8834053943,131233.51246888406,133726.1557366857,138352.91562534426,143098.8585093596
2025-03-04,139498.0989646321,132816.5776592158,136112.15284957315,124704.92668576726,126301.76488105734,128891.80002524803,128467.16986438492,126831.85508276097,129893.7403826671,129913.96802959323,132280.44434265146,137353.49336283456,141551.81897112873
2025-03-05,140541.20349341453,133722.75232117932,137173.54915333042,125763.06057819129,127373.44810677605,129896.89234997684,129557.22676999404,127820.88405163122,130906.64579219167,130608.24212726692,133402.85726717504,138424.56958278522,142752.90044535982
2025-03-06,139547.300697839,132266.3614326855,135382.55697234336,123724.12265156383,125308.40171719051,128200.90708190395,127456.7757940433,126152.00397003884,129197.47678329631,129695.7846074284,131240.05887508756,136617.2435836442,140438.5141580354
2025-03-07,140699.42243932225,133543.6627354059,136755.6526975126,124259.38424578375,125850.51730010871,129501.16408261147,128008.1857821972,127431.48030175103,130507.84133129369,131150.6986908769,131807.83629499158,138002.8619184155,141046.0864031812
2025-03-10,139324.7888117396,132743.0246740192,135578.90737520964,122817.65535579488,124390.32716869202,128386.84166842893,126522.96113926632,126334.96695549172,129384.85673225744,130935.27340178701,130278.52592003004,136815.38469883677,139409.58853365126
2025-03-11,137361.15202893512,130990.6286300497,133929.16119450025,121431.93653976226,122986.86431645986,126824.6097121729,125095.43634730592,124797.70254423583,127810.48076649642,128997.42383590763,128808.62809329334,135150.59286108767,137836.66736521816
2025-03-12,136729.67254211527,130815.00103962119,133957.96785025974,121492.28714853094,123047.98771071303,126851.88825884058,125157.60768338825,124824.54512597606,127837.971362936,128562.83140496779,128872.64485314747,135179.6622330565,137905.17098150868
2025-03-13,135505.59231674802,129844.58154408773,132988.8261733822,120338.67976228475,121879.60845950781,125934.15672203737,123969.19692862204,123921.48074749812,126913.10584038802,127687.02855709947,127648.95865481358,134201.68200060984,136595.71811351454
2025-03-14,137396.0228492736,132038.79187938964,135314.73881113535,122329.26767092299,123895.68571237706,128136.68647639957,126019.83920704138,126088.80973635554,129132.75695894001,129795.75414278076,129760.46988420776,136548.80692196224,138855.2225836121
2025-03-17,138263.77424225636,132492.57799502785,135549.00096778083,122961.99420182429,124536.5142639328,128358.52170871125,126671.65456737453,126307.0996045341,129356.31662734391,130352.24345816986,130431.63299603824,136785.2055454821,139573.4266974404
2025-03-18,136994.02557730395,131080.46611714098,133955.79665755943,121406.52326733332,122961.12562878741,126849.83224158216,125069.25637773532,124822.52196792475,127835.8993632282,129182.94753485147,128781.67102705351,135177.4712391158,137807.82091116116
2025-03-19,137797.34255539175,131937.15220149228,134818.33650212074,122214.26881238942,123779.21430119783,127666.6168624372,125901.37092927506,125626.25276108478,128659.03325901614,130032.49245484496,129638.48512779115,136047.87743235313,138724.68806474702
2025-03-20,137998.34357189017,132112.09302690317,135035.14259779805,122295.17085792663,123861.15229198456,127871.92202691562,125984.71372175826,125828.27674448612,128865.9343631109,130204.7204212829,129724.3017736632,136266.66079592644,138816.5194944157
2025-03-24,139279.72049253594,133059.72789621056,136012.67334395234,123507.21687543826,125088.71847719645,128797.59761733182,127233.32615234386,126739.15821494674,129798.80569236953,131000.49019056489,131009.97660641602,137253.1066058186,140192.3057044329
2025-03-25,138032.96572107053,132413.6883142662,135309.7291064261,122834.11206405879,124406.99460399791,128131.94252191752,126539.91433263353,126084.14159961395,129127.97612732965,130428.77120585911,130295.98233285527,136543.75152883146,139428.26844511056
2025-03-26,137984.5738334706,131721.46232383154,134350.67693635714,121886.55691992187,123447.30607999771,127223.7652730063,125563.77224352067,125190.47881268102,128212.73916292687,130076.94127298612,129290.86554367308,135575.9528193234,138352.70424895006
2025-03-27,137876.93101483828,132075.27837405755,134684.84892909307,122199.92193282966,123764.68371081064,127540.2104159272,125886.59121637669,125501.86653867074,128531.64419204333,130454.18595631587,129623.26671057595,135913.1724549354,138708.40300727403
2025-03-31,137545.00777236937,131441.11742827162,133802.04347537886,121498.79361884331,123054.57749593991,126704.23521739307,125139.92778720234,124679.25187107755,127689.17054062823,130004.0014068787,128867.58836125763,135012.65984675867,137885.6903510334
2025-04-01,137373.05200100795,130754.07224166596,133178.2317987897,121199.70675249216,122751.66084238957,126113.5149312978,124556.50061274707,124097.97245915368,127093.85829061849,129683.97774050491,128460.32435863258,134140.3214858986,137242.8399024051
2025-04-02,136557.08938335086,129340.77863753302,131673.332411046,119523.32816183152,121053.81633667268,124688.44606799397,123149.02584018197,122695.67900434816,125657.71165505944,127890.24861639198,126771.18971312512,132887.121093882,135692.01088964735
2025-04-03,134173.68119995377,128713.54299351067,131552.68391847244,119570.46341997145,121101.55515862152,124574.197626157,123036.18792488462,122583.25647773547,125542.57510300423,127940.68345597366,126426.34279696492,132264.65303989546,135567.68019740816
2025-04-07,125504.5383844232,119974.59201828501,123108.50672482888,111740.04232479443,113170.86604820009,116577.95941057519,115138.6723355256,114714.81390522704,117484.17813276031,119562.11405003049,117816.27253354757,123515.1976326037,126865.78617882953
2025-04-08,123611.25843147295,118156.36840143558,121373.17265238927,110093.37016533205,111503.10836253411,114934.6797506827,113515.68082604451,113097.79709234128,115828.12443907012,117800.17087875101,115995.66649519088,121725.96133691474,125077.48960014514
2025-04-09,131764.0846758443,125642.05352822841,129365.81909947957,117203.63582767265,118704.42049825823,122503.3396092142,120990.89699792281,120545.4948524776,123455.61927207132,125408.17223940691,123287.63703424645,129611.42258311658,133314.07212507178
2025-04-10,128418.55870649876,123078.53996004944,126953.23030520233,115399.92910190618,116877.61742923288,120218.73161569578,118734.49508017764,118297.39939645879,121153.2518792029,123478.201704475,121180.94298791497,126759.13394925921,130827.85096737099
2025-04-14,131676.32807051422,126562.93538260157,130506.28097763668,118863.60619052942,120385.64666991823,123583.3033101653,122057.52732261512,121608.19860544591,124543.97807043217,127184.34452030384,124818.83917437904,130174.90700539603,134489.34097227486
2025-04-15,131095.308890417,126095.69681614154,130118.96606008439,118442.62229884994,119959.2721078322,123216.53431963206,121695.28651108134,121247.29130609056,124174.35800129353,126733.89074363618,124317.71425557096,129765.36954129176,134090.20517880862
2025-04-16,128512.0805725238,123921.10634497284,127335.72569860128,116323.53472773955,117813.04976295908,120580.93674377898,119092.22837531743,118653.81577287902,121518.27260870852,124466.46194561716,122427.42052320525,127104.48182695583,131222.02014450025
2025-04-21,127351.17693533977,123026.08110842157,126062.44812243874,115642.28361614453,117123.07527671893,119375.2028303293,117901.38061398733,117467.35186323494,120303.16592315109,123737.52161763272,121903.49766360073,125763.91495464614,129909.88205574252
2025-04-22,131091.35143036413,126160.53813383728,129313.29283148728,118596.59648842082,120115.21792654022,122453.59970657952,120941.771190777,120496.54989149827,123405.49271632283,126898.64349682312,124993.26721463604,128997.04186946462,133259.94275204005
2025-04-23,131036.12059151765,126278.75186205849,129634.06557901573,118684.10585961025,120203.84784933955,122757.35639518089,121241.77765868421,120795.4519496708,123711.61065742502,126992.27873447756,124968.31684533367,129310.5502211795,133590.5055042218
2025-04-24,132549.077532626,127103.11555782295,130503.45987132506,119305.12050538632,120832.81454586904,123580.63185531757,122054.88884990616,121605.56984571068,124541.28584903119,127656.7658991521,125627.49549609143,130281.92078114313,134486.4337656192
2025-04-28,133153.97918053146,127369.48188803803,130910.5331209154,119427.37709892476,120956.63662686158,123966.11105598681,122382.21178910686,121931.68781542199,124875.27672903659,127760.27815519494,125733.64562091585,130730.28916232854,134879.45853150584
2025-04-29,134651.49838632287,127918.91099936559,131416.4169122427,119888.88598499181,121424.05510316153,124445.15918727187,122809.13472190997,122357.03912263236,125310.89656787092,128205.96214675208,126436.27090651181,131150.02667395945,135312.51783747773
2025-04-30,134801.17875350828,128311.48955760284,132245.7457067974,120645.46805921497,122190.3251599376,125230.49450748431,122866.20648404563,122413.90078726539,125369.13094675585,128265.54191818013,126743.71317916768,131794.6975351795,135977.64951621537
2025-05-01,134465.2221783167,128172.32475094043,132284.515801911,120680.8373351541,122226.14733707526,125267.20796210038,122821.2600931371,122369.11985689512,125323.26894671007,128218.62036544303,126340.52106241648,131927.08227483853,136114.2359348446
2025-05-05,135241.8135290378,128670.17589765607,133011.1220433559,121343.70743071256,122897.50543960532,125955.26986112064,123261.97721351644,122808.21457132636,125772.96397642102,128678.70472790292,126664.23386751619,132654.62800734024,136864.87280014588
2025-05-06,134374.6455641943,128754.99285174916,133059.56956731455,121387.90525479426,122942.26921385051,126001.14738519963,123388.554742566,122934.32613223782,125902.1200337979,128810.84468585232,126738.84125052807,132731.8816807758,136944.57838107378
2025-05-07,135123.67010214727,129497.64190974948,133999.20221551388,122245.11559483093,123810.45607461291,126890.93526125174,124186.1590480615,123728.99422783902,126715.97244676667,129643.49958265618,127216.25303797614,133759.4959049425,138004.80742992702
2025-05-08,135334.84562298833,129624.65342923239,134055.91726554648,122296.85573755245,123862.85874638057,126944.64174325339,124630.06194285743,124171.26298893882,127168.91814874488,130106.90971787056,127081.8624750803,134051.18633020454,138305.75564070704
2025-05-12,138285.9290445029,131411.04499012936,135801.71940274647,123889.5203246481,125475.91729634964,128597.83416759422,126779.18829220902,126312.4777886566,129361.82464779893,132350.47907464087,128487.46390812444,136111.85003439916,140431.82150056437
2025-05-13,138392.43142600334,131790.28622256656,136321.61439476747,124363.81138269907,125956.2816194857,129090.1502462309,127419.8377990126,126950.76888113409,130015.52491419288,133019.2818196857,128453.04625071061,136860.3781170463,141204.10666209803
2025-05-14,138451.74223173555,131938.53707680933,136831.07779407752,124828.58588217574,126427.00752515526,129572.58809773283,127362.30189257655,126893.44478084876,129956.81693585988,132959.21750721155,128461.88172667389,137267.4947801124,141624.14455404613
2025-05-15,139380.09396373178,133670.06034913045,138634.77998988912,126474.07167447932,128093.56365231078,131280.60915140453,129005.00055333087,128530.0961973395,131632.9792379239,134674.1042930853,130169.67816402524,139056.1006925294,143469.5179448561
2025-05-19,140304.85500587165,134175.4752672518,139434.75799386154,127203.877538634,128832.71463145009,132038.1506548922,129195.67478080819,128720.06849837351,131827.5377164253,134873.15766843618,130702.21090566195,139669.94503573503,144102.84472141814
2025-05-20,140171.51779344256,133962.58109642685,139277.62892058582,127060.53144844604,128687.5330042225,131889.35682078695,128949.64510840476,128474.94453166076,131576.49613958344,134616.31626214698,130475.41369956138,139490.18895416986,143917.38347058938
2025-05-21,138615.46434251076,131827.29948230868,137028.5660263205,125008.75092331036,126609.47956751898,129759.6001551039,126771.30969585085,126304.62819566822,129353.78555546617,132342.25425464884,128549.95288430699,137139.81460938384,141492.41201980767
2025-05-22,137740.06387471213,130551.83852016626,135737.7983630147,123831.20628425268,125416.85654859067,128537.30395263524,125399.9878147469,124938.3545431756,127954.52828691367,130910.66985681122,127421.31258730253,135742.45027323932,140050.69758439955
2025-05-27,139231.46859340186,131671.851081251,136894.88068989583,124886.79214195674,126485.95911217626,129615.48412937592,126574.86104606236,126085.99952849574,129129.87890902167,132113.17467877237,128341.42096993301,136990.8661016329,141316.69265405613
2025-05-28,139034.10344867254,131074.92027123412,136606.7213643063,124623.9094569556,126219.71023208206,129341.35266821597,126307.16037867885,125820.59255047498,128858.06466270098,131835.08069070595,128069.98410037885,136701.13600848665,141019.22555634932
2025-05-29,139037.7231800621,131745.31702187608,137106.2131975417,125079.58707206805,126681.22276839524,129928.72245394114,126880.75117695576,126280.64574408178,129329.22413642771,132317.125391591,128651.58029963795,137321.9283174372,141534.8513673717
2025-06-02,140060.10612788046,133013.28848561118,138428.15939295155,126285.57533764084,127902.6536325623,130959.3867984116,127887.23737775767,127498.21433781696,130576.18641344817,133592.89631706293,129672.11366724352,138411.2395379095,142899.49746122467
2025-06-03,140619.86081370755,133438.55149509385,138883.72543761175,126701.1802283401,128323.58031592249,131534.05243552837,128448.42205144529,127917.81001446133,131005.91167333786,134032.54954684473,130241.1305940834,139018.6048066215,143369.7786462655
2025-06-04,140229.1384425034,132645.90788554694,138185.9687118141,126064.62903854255,127678.8781309707,130798.4008287167,127730.02794493902,127275.14643378861,130347.73336121885,133359.16529950086,129512.71011877364,138241.09314246266,142649.4838312226
2025-06-05,139889.88503630177,132115.02673241694,137629.25520161845,125556.74909387233,127164.49481778228,130465.97289077705,127405.39836587931,126762.38964529306,129822.59795954211,132821.89766138428,129183.54980114763,137889.7493856529,142074.7880382156
2025-06-09,141338.92368228064,133385.91386315,138817.70687947783,126640.95265879451,128262.58153640135,131902.31118164805,128808.04189109785,127857.00411837669,130943.6378441441,133968.83700143156,130605.76951881582,139407.81821672677,143301.627636949
2025-06-10,142181.30782027665,134003.2132992201,139294.1660571883,127075.617987337,128702.81272522884,132533.40347593097,129424.32952056322,128295.84325796613,131393.0711291054,134428.65357203627,131230.65845361777,140074.8209329886,143793.47681961668
2025-06-11,141732.67930541566,134216.58816598565,139378.40212456707,127152.46507018319,128780.64382980012,132758.55950761077,129644.20366303148,128373.42825382779,131472.52912728314,134509.94729337766,131453.60130060735,140312.78879612626,143880.43377800818
2025-06-12,143516.2548343267,134900.80265790643,140238.10446879503,127936.75639960667,129574.9779569249,133605.9489381038,130471.71435850901,129165.2506274819,132283.46711889023,135339.62043675856,132292.66126597248,141208.39639107022,144767.9051819129
2025-06-16,143058.0147699793,133939.02697110438,139054.5017105324,126856.97641875669,128481.37146607444,132743.23647633157,129629.24009160328,128075.10221529775,131167.00111168384,134197.36064468604,131438.42888798125,140296.59385352087,143546.07112668047
2025-06-17,141869.32032736746,133220.54549135614,138139.71468366473,126022.43230211164,127636.14106816902,131978.1644105879,128882.11569468267,127232.54450928977,130304.1029710693,133314.5269136847,130680.87714390154,139487.98764709124,142601.7357617035
2025-06-23,142594.9791973053,133171.99656880472,138099.98639271178,125946.62626295224,127559.36433777891,131548.27203139142,128503.42423453828,127195.95306592013,130266.62816285029,133276.18632259828,130296.9004229125,139078.13318877513,142515.9568049902
2025-06-24,143316.09402452537,133613.5783095061,138851.24124194324,126431.4290620129,128050.37500406102,132054.6370876436,129202.4744163719,127887.89069053116,130975.27005816577,134001.2000164969,131005.70699733307,139834.7090922876,143064.5394611514
2025-06-25,142798.40898539644,133075.85501913662,138520.0506577707,125739.5219850355,127349.60810351872,131331.9565118842,128894.29825175315,127582.85009566469,130662.865388141,133681.57784159714,130693.22972855027,139501.17272215773,142281.60622965932
2025-06-26,143988.00016535877,133622.50376448024,138977.27462880072,125969.95322086467,127582.98999581783,131572.63648716273,129319.7497485577,128003.97279291367,131094.15453289103,134122.83108677028,131124.61909925484,139961.63515956287,142542.35261903369
2025-06-30,144708.52282611656,134224.7120816579,139746.7197811869,126933.55076909474,128558.92634581616,132579.09133366813,130035.72619015646,128712.66445933716,131819.9549342942,134865.39970080927,131850.5881671754,140736.53020611787,143632.71947232468
2025-07-01,146566.03910566078,136020.36399908978,141381.7532943387,128415.60955741488,130059.96279719863,134127.06668193516,131557.14129428804,130218.59977064608,133362.24547504683,136443.32187759245,133393.2371160714,142383.1444792257,145309.75547182583
2025-07-02,147340.12495545365,136195.24596182967,141481.8888810628,128204.67863041116,129846.3309138674,133906.7543179709,131650.31846336598,130310.82889913389,133456.70113418467,136539.95975180488,133487.7147254686,142483.9893151386,145071.07481976188
2025-07-03,148247.18506534406,136987.54946021846,142395.49725240783,128901.91418521998,130552.49452304118,134635.00036278713,132500.4402279933,131152.30101334385,134318.48747540877,137421.655997444,134349.70133456337,143404.0686726483,145860.03753484547
2025-07-07,147429.4653891194,136603.11882317945,142066.52202766127,128676.92115070389,130324.62046785704,134400.00046014666,132194.32547756855,130849.30085860287,134008.17250437767,137104.17179998607,134039.31425039293,143072.76335308803,145605.4447875846
2025-07-08,147591.16747850605,136521.00852771383,141745.17270189355,128237.27520901074,129879.3448894626,133940.80067328934,131895.3067027283,130553.32448072056,133705.05087327826,136794.04713064784,133736.12217779233,142749.13794589826,145107.95975051014
2025-07-09,148527.25896710012,137414.21071775537,142797.93608118716,128935.597899646,130586.60955516399,134670.18220576158,132874.9135997431,131522.96426765987,134698.09902090026,137810.03773251036,134729.40109681143,143809.35793075257,145898.1526232175
2025-07-10,149038.24379603926,138172.26177107572,143586.4024288342,129383.74197880183,131040.4920890995,135138.25809618653,133608.58945455615,132249.17526281648,135441.8416903295,138570.9631359299,135473.3166023064,144603.40889757226,146405.253798711
2025-07-14,148373.1517336109,138269.6580943884,143863.30504541064,129645.53034738847,131305.63264013114,135411.68985491892,133866.2501201292,132504.21433372362,135703.03773482662,138838.19360918363,135734.57334534696,144882.2727844884,146701.48261353964
2025-07-15,147723.8574177943,138014.25808720445,143876.31118447805,129324.36095962953,130980.35069997219,135076.23602624022,133878.35246314813,132516.19354022178,135715.3061348894,138850.74544686993,135746.84459642542,144895.37104458775,146338.06071053943
2025-07-16,148476.19794015487,139039.72275792592,144982.16943097726,129945.33465982862,131609.2759266194,135724.8283677896,134907.36466731335,133534.73595498552,136758.43748312778,139917.9763247043,136790.21835474146,146009.0619616684,147040.7286871301
2025-07-17,149247.0953772173,139557.85935645498,145572.39202745983,130475.29449663276,132146.0218634748,136278.358881835,135456.5727207662,134078.35603520158,137315.18125637237,140487.5825845987,137347.09150795493,146603.46503895184,147640.40916648388
2025-07-21,149070.78083050606,138987.0524827831,145109.57742640338,130093.62592291701,131759.46604935368,135875.2524511307,135025.91908657705,133652.0841302443,136878.61859536884,140040.93398879207,136910.42739550065,146137.37237371143,147208.52890434867
2025-07-22,149573.938655497,139821.9229453224,145732.436342066,130429.56251600788,132099.7042879152,136458.4745506508,135605.4955627836,134225.7636466059,137466.1474784913,140642.0365889074,137498.09281264874,146764.6429295825,147588.66076187213
2025-07-23,150672.017418151,140750.1618483662,146335.3196648557,131035.61249111599,132713.51469217576,137022.992242284,136166.48454921303,134781.04479349687,138034.83383166802,141223.86133891428,138066.91132109362,147371.79640768495,148274.44167269897
2025-07-24,150632.97192599098,141168.11344792004,146613.69275532707,131360.50393287808,133042.5663469889,137283.650529726,136425.51350551285,135037.43823331752,138297.41694129887,141492.51092275535,138329.55545160366,147652.14118369852,148642.0752969916
2025-07-28,150069.8280013208,141637.84997919668,147304.0109527699,132081.90890434713,133773.20886057703,137930.03901084972,137067.86152088892,135673.25061343465,138948.57865600474,142158.71646779173,138980.86848777268,148347.34882791637,149458.38711735062
2025-07-29,150303.02407492933,141718.95870504665,147369.24775579912,132279.95430150907,133973.7902157239,137991.1243453804,137128.56502126096,135733.3364798639,139010.1150730944,142221.67456462234,139042.4192051206,148413.0476959431,149682.4870405072
2025-07-30,149490.2683702946,141127.05775575456,146984.6119468567,131852.99638069177,133541.3651274589,137630.96557041394,136770.6575382597,135379.07056297534,138647.29671799962,141850.47399409383,138679.5165357869,148025.68755447905,149199.35923942018
2025-07-31,149060.87816719397,140541.92236311012,146499.61131886736,131731.90030095552,133418.71842056967,137176.8288832581,136319.35958320196,134932.36438489327,138189.80647404425,141382.4143240612,138221.91997708436,147537.25172115225,149062.33195904733
2025-08-01,148335.92142333242,139232.7524861236,145170.37234747256,130189.71665134182,131856.7872130904,135932.1785713395,135082.4893711768,133708.07883472578,136935.96508456097,140099.60535755556,136967.78721126664,146198.59789842376,147317.26117061006
2025-08-04,149182.2133006124,140310.740381894,146637.29374297347,131308.66757268185,132990.06622568824,137305.749623469,136447.47446153537,135059.17574535788,138319.6792250421,141515.2875334497,138351.8229088104,147675.9093345073,148583.41943069446
2025-08-05,149566.67477366363,140576.25963434117,146493.5424361583,131294.4094120092,132975.62549022754,137171.1462054858,136313.71242689327,134926.77468615118,138184.08183273274,141376.55742599894,138216.1940054411,147531.13985322407,148567.28548990676
2025-08-06,150506.96867873598,141238.77282557936,147371.8378932558,132713.58082461308,134412.96929727914,137993.54965449544,137130.9751701764,135735.7221064739,139012.5582918215,142224.17422918635,139044.8629916197,148415.65617905444,150173.16075420525
2025-08-07,151024.96044201835,141465.17135399173,147827.12116121707,132853.58556730262,134554.76679127847,138419.86010255935,137554.62082328557,136155.05733376797,139442.01681477617,142663.55455959289,139474.42131511637,148874.16416760755,150331.5842900607
2025-08-11,151574.15251780834,141439.17087035973,147811.21069018275,132926.6647426597,134628.78174055874,138404.96212472252,137539.8159702041,136140.403114171,139427.0088233327,142648.19983757267,139459.40983601206,148858.141004482,150414.27764126478
2025-08-12,152362.1194911868,141641.801451143,147942.43531716068,133029.1151872895,134732.54405623855,138527.8360220535,137661.92180345606,136261.2665691949,139550.79007874668,142774.84081916913,139583.21985657033,148990.29508085232,150530.20629751185
2025-08-13,152516.74149362458,141987.21996298688,148167.6015895124,132816.41230537056,134517.11752822855,138738.6734088193,137871.44128115568,136468.65426964432,139763.18438696803,142992.14208654343,139795.66352245008,149217.05618078975,150289.52057506482
2025-08-14,152876.62827935713,142614.36880384147,148853.88388632933,133555.61276726934,135265.783402304,139381.28282155798,138510.033850468,137100.74941386585,140410.53912688795,143654.4527040143,140443.168699142,149908.1993385478,151125.96903124067
2025-08-18,152583.84965766722,143235.19720734892,149756.72202475363,134152.3299389322,135850.04944439002,140226.66713151598,139318.0589258536,137932.30168610567,141262.16614830503,144492.48874190124,141262.4710906064,150782.71781713117,151801.18933038507
2025-08-19,152638.4580142154,142078.44527331833,148510.18338703737,132551.96709620138,134719.26657682625,139059.45435966642,137656.07180324587,136784.18665583376,140086.3341337511,142768.77354335412,139577.288210006,148983.96367674202,149990.28539008612
2025-08-20,153229.57363161957,142084.0907439713,148386.11385968872,132384.2452045789,134606.71836398498,138943.28023354066,137481.89153823783,136669.91335147098,139969.30212377312,142588.12402688237,139400.67697353056,148795.44989790733,149800.49828287287
2025-08-21,152278.39306443543,141961.43298235137,148164.793808306,131797.08738494868,134405.95048180333,138736.0443061301,136872.12435975304,136466.06818389677,139760.53586976015,141955.70940776047,138782.39949330414,148135.50420876624,149136.0949483569
2025-08-25,152697.50782863115,142904.94224747203,148979.20360075633,132711.18495570205,135144.732748646,139498.62757672076,137821.4205761078,137216.17419362772,140528.75041037292,142940.2635561022,139744.94469636792,149162.9192087963,150170.44968872968
2025-08-26,152531.86872092122,142753.34664223116,148902.95349853983,132669.9214144732,135075.56336502032,139427.22979532107,137778.56812269884,137145.94461087295,140456.82539450383,142895.8195142494,139701.49416664106,149116.54037291565,150123.75758403513
2025-08-27,152615.38887920982,142333.1745867339,148142.39888630237,132202.80876472872,134385.6351916423,138715.07452774025,137293.46862653847,136445.44150953932,139739.41124076062,142392.70287575992,139209.6243108538,148591.52142701062,149595.1923640739
2025-08-28,152471.07802640586,142567.06591750955,148332.83874917947,132712.64123846384,134558.39047393113,138893.39538639144,137822.93293513806,136620.84471190828,139919.04890368006,142941.83208585237,139746.4781628506,149164.55602175978,150172.09755765105
2025-09-02,151994.70457585916,141337.07594676048,147014.2214156937,130913.48755587723,133362.22226504993,137658.6907841767,135954.50024461854,135406.34214139378,138675.22666765307,141004.00369819463,137851.96842761425,147142.36764713674,148136.25018228972
2025-09-03,151413.47416135226,140536.54689214326,146362.93679926882,130500.28550625445,132771.41708350313,137048.85190762737,135525.38725400675,134806.48134728946,138060.88445682373,140558.9529672052,137416.86646094703,146677.94240697805,147668.6879521365
2025-09-04,152565.40450915185,141257.33195751265,147044.1674769946,131471.12405604118,133389.38748243309,137686.73117069935,136533.60934264472,135433.9237357678,138703.47411744884,141604.62156117687,138439.1599435524,147769.13236368718,148767.248421213
2025-09-08,151931.10977441364,140607.23906866662,146145.85535956282,131228.53791287696,132574.49420806355,136845.58485974785,136281.68207009314,134606.5401210984,137856.11639039667,141343.33742562696,138183.71661244275,147496.47367793988,148492.74804493051
2025-09-09,152679.05359703442,141645.34863337563,147313.81273640067,132359.37919521023,133633.9930088328,137939.21703926742,137456.06802730772,135682.27847247524,138957.82445925873,142561.34140163544,139374.4930531232,148767.50133767296,149772.3609423005
2025-09-10,154308.75097959358,145085.474782506,150495.66266580374,136879.5428041885,136520.37075795702,140918.5838742272,142150.28705665143,138612.89740195335,141959.1923264855,147429.90901935147,144134.22761329645,153848.01357514283,154887.18982468502
2025-09-11,155372.05282750024,145140.67152910106,150564.64952613405,136459.086458617,136582.95137711175,140983.18062400375,141713.6404329607,138676.43723043523,142024.26608874658,146977.04484765496,143691.48686933628,153375.4347497315,154411.41893536603
2025-09-15,154140.08784781361,144270.81565955572,149750.78241515055,136033.19032585993,135844.6613973805,140153.00745440196,141246.53419555855,137926.8310533848,141256.56344742276,146518.32160225455,143243.01802672588,152896.7417860376,153966.0238967541
2025-09-16,154169.84444581342,144289.27575818665,149385.27539315523,135701.16477322753,135513.09600025514,140435.52731407926,141040.41722547347,137590.18356174225,140911.7888491851,146160.70426942402,142893.39495233406,152523.5562048894,153823.03608149293
2025-09-17,155083.440114336,144166.70273980478,149110.41744480055,135451.48458459618,135263.76184437,140639.82886238236,140994.06120030888,137337.0277171117,140652.52149448672,145891.77929539402,142630.4815877694,152242.92405005416,153351.28004482982
2025-09-18,154753.39110981734,144758.06425767328,149743.48844529607,136026.5645041217,135838.04475839442,141297.89217796386,141653.94018534137,137920.11299734795,141249.68320880955,146511.18507713152,143236.04103309353,152889.2945847112,153868.9660506158
2025-09-22,155887.2949122389,146291.46529759304,151677.4861145965,137783.4025572837,137592.4480028536,142044.03246607134,142989.0266250891,139701.40699454217,143073.97995086826,148403.4362421572,145085.99238920226,154863.92161162087,156288.01344339934
2025-09-23,155218.48707795682,144919.37237892346,150068.81162152815,136322.08716407756,136133.15785234445,141288.16315458124,141862.25468064056,138219.7494602916,141556.5532841655,146829.48595670692,143547.22654308533,153221.45213922387,154180.49894827214
2025-09-26,154707.00124636217,144361.1166799459,149791.2318468008,136069.93447601068,135881.3546236704,141073.3280643256,141876.85943585535,137964.08669796612,141294.71849153118,146557.89790856547,143281.70963536797,152938.0409779796,153040.55102359736
2025-09-29,154333.7727776394,144586.49702209854,150253.98716336075,136490.30010640447,136301.13766769916,140978.44951735213,142118.25615768495,138390.30399938414,141731.22523079524,147010.66437296307,143724.35485620023,153410.51784257477,153574.2602273557
2025-09-30,155738.56511524718,146868.94941928535,152553.10463531283,138578.81196323415,138386.75504780933,143647.5597543786,144602.60709533846,140507.88884275878,143899.93131574604,149260.1540098383,145923.55889486359,155757.9350965981,155473.71797981978
2025-10-01,157554.36900693376,149571.9546686659,155341.59120440678,141111.865334021,140916.2978500604,146740.7723809715,147566.85234350106,143076.20340984943,146530.24832389047,151988.44941721336,148590.86537194546,158605.00209720072,157779.1795597582
2025-10-02,156960.28421308755,149551.56347333486,155252.84167421915,141031.24550995973,140835.7897573274,146704.45053775088,147462.14952103884,142994.46132303803,146446.5328772017,151901.61559907655,148505.9726565452,158514.38811988532,157807.92936667334
2025-10-06,157449.13993183855,150236.78439771174,156143.27378363523,141840.11153829642,141643.53477508397,147276.27232924616,148258.6060217293,143814.587115633,147286.45756895162,152772.8271952251,149357.70899236656,159423.52639693255,158578.06073159992
2025-10-07,157304.40082487545,149489.51469297742,155486.07388445677,141243.11299494834,141047.36361434314,146485.8945806796,147608.30370289535,143209.27809486946,146666.53560421302,152129.81335161225,148729.06922510176,158752.5200645053,157809.2783726338
2025-10-08,157648.5368347683,149926.59370809927,155988.761242613,141699.75277982035,141503.37054035813,146665.11644254148,147912.4067446814,143672.27450265363,147140.70934512047,152621.64990044263,149209.9111488959,159265.76786167567,158562.21121448252
2025-10-09,157335.83998175463,150246.9129072923,156535.02856259927,142195.98047966958,141998.91051630478,146675.05521300551,148239.6090112952,144175.4099062795,147655.99108923168,153156.12571138478,149732.4391671288,159823.51114703997,159188.05893745643
2025-10-13,156682.71162209767,149209.73521641793,155469.8688292574,141205.2761965267,141009.57925408782,145558.49243943187,147195.42321011578,143194.3525507444,146651.24973811588,152113.95809228744,148642.9271906591,158735.97457405453,158147.85090540187
2025-10-14,158079.56063982745,148568.6204973477,154663.99243936548,140573.16326652336,140378.342371857,144803.99156226174,146536.49506837322,142452.10616721373,145891.08456526243,151325.47702954072,148177.72329647664,157913.16836022667,157317.49845660652
2025-10-15,158186.43989838904,148740.13787927612,154914.6587989289,140674.639769419,140479.6782380719,145038.67766367862,146642.2763620468,142682.98053106462,146127.53253536817,151570.73260479083,148148.85775636754,158169.1007101917,157710.78283556487
2025-10-16,157833.43045633571,148259.45223427337,154461.60165295223,140171.83869923544,139977.5740018505,144614.50341272005,146118.14568995233,142265.69565666968,145700.17386348796,151127.45497012459,147526.28753467993,157706.52575501936,157355.2088853933
2025-10-20,158375.67520147876,148949.63537780385,155163.60813903264,141318.11631566027,141122.26298766065,145271.75620752873,147313.05018226823,142912.2734470652,146362.3608794236,151814.3082234802,148966.7898635033,158423.2799696104,157178.67683410147
2025-10-21,158738.15987703172,149080.05637710303,155222.7984725264,141403.13366940865,141207.16251552722,145327.17309168266,147401.67410413767,142966.79025823722,146418.19379704708,151872.22089798324,149157.44825778462,158483.71377162775,157276.50190343318
2025-10-22,158970.38160081216,149163.90357792162,155186.85882042386,141502.84958397984,141306.74023342392,145293.5246322208,147505.6201225971,142933.68831216576,146384.29272711193,151837.0570249129,149459.61655148488,158447.01910052967,157153.27499120653
2025-10-23,159778.8659985437,149618.83223558165,155647.31571189957,141785.57823619357,141589.077050897,145724.62688670435,147800.3425631262,143357.7886664589,146818.63141340492,152287.5746771157,149715.7462141165,158917.1492548042,157880.99178003482
2025-10-27,160891.69349916943,151968.64896108606,158735.84265029387,144377.1629836776,144177.07011098228,148616.25681086007,150501.86635859596,146202.45315745816,149731.96979064887,155309.4339017464,151619.4937997079,162070.55986263498,160624.04372697367
2025-10-28,160310.75010151198,152308.18829324807,159275.69947147722,144499.96262484952,144299.699563653,149121.6971615617,150629.87535117206,146699.6842194098,150241.20465462844,155837.6375883624,151380.52687171183,162621.7579776543,161604.662418705
2025-10-29,160155.87875432504,151657.81725619882,158461.37322192488,143808.70402843735,143609.39898522286,148359.28511264647,149909.2924920379,145949.65515623623,149473.0689181626,155040.88906126423,150830.01825766667,161790.32438980014,160856.49109226663
2025-10-30,159867.0416908235,151095.32024116965,157717.67141301418,143017.42362779364,142819.2152231694,147662.995118034,149084.4447484698,145264.67420256513,148771.55163683635,154313.24050372903,150129.11447273084,161030.99891844738,160499.8993709609
2025-11-03,158726.52699597387,150146.86907095148,156595.72865240954,141890.04535173916,141693.3993850601,146612.57745146804,147909.2413358808,144231.31726714366,147713.24812621844,153215.51555320504,149050.1144408121,159885.4864222834,159716.03976838407
2025-11-04,157913.7797750263,148874.99490475078,155234.40444905782,140922.93765626306,140727.63200790717,145338.03917435143,146901.10743069128,142977.4798555698,146429.14145510827,151883.57635252253,148186.87024840806,158495.5635661215,157892.71587371445
2025-11-05,157940.1455267995,148789.9465992227,155169.50979334902,140957.92848714275,140762.574344858,145277.28162484372,146937.58262693425,142917.70912135486,146367.92777793284,151820.08248703438,148236.0394547235,158429.30560568094,157629.42411198182
2025-11-06,157197.2334914722,147517.89677874208,153451.2751067063,139799.4151930812,139605.66663888446,143668.58630318288,145729.92340054247,141335.1419954107,144747.15543125864,150138.9369307612,147636.48358986308,156674.97430286938,155640.58955722078
2025-11-10,158561.56360797497,149830.9978603929,156236.5189100003,142107.2330059553,141910.28603806003,146218.14820514267,148182.70185032487,143900.46983746777,147374.4136109577,152864.05956938877,149561.02938805733,159518.7304137578,158283.31641430492
2025-11-11,160380.4029047507,151739.93833660203,158063.0684318174,143519.47429404387,143320.57009544515,148497.20420270023,149915.09479593442,145582.79952712433,149097.35691888075,154651.18191989587,151047.3454349118,161383.6520261368,159856.31329790835
2025-11-12,159913.08403176564,151574.22793767904,158007.09036739965,143297.04217915476,143098.44625009067,148353.2503053708,149862.00233786093,145531.2413522078,149044.55406282505,154596.41217570653,150813.246329834,161326.49797643552,159608.56170865445
2025-11-13,158667.91910432,150411.18691501126,156438.50033260626,141660.70775799424,141464.37963117985,147823.22206177097,148374.27135746783,144086.50330655815,147564.93816900937,153061.6811013619,149091.08303613577,159724.95505525678,157785.963143715
2025-11-17,157935.37191118568,150775.06300670808,157053.55709927063,142312.18335342663,142114.95234404632,147819.8136045815,148957.62263866322,144652.99671230733,148145.10745949918,153663.46149735307,149776.729773554,160352.93291366778,158511.59628445533
2025-11-18,156579.93940353772,150505.82860598955,156473.2958307559,141686.80747225802,141490.44317374795,147995.3216828601,148407.27318677134,144118.5514382427,147597.75998411304,153095.72551773142,149118.5517303708,159760.48153605443,157815.0337915895
2025-11-19,156458.91666723363,150296.4137229334,156752.83704501754,141892.53350343386,141695.88408841565,147252.17604115003,148672.40436542797,144376.0207696886,147861.44495878686,153369.2326665537,149335.06848566706,160045.89534268837,158044.1776416137
2025-11-20,155233.2800899507,148837.47049686575,154899.75157191328,140543.05416602342,140348.2749996767,145914.00730555333,146914.84336701402,142669.2503418202,146113.47088156716,151556.14715924693,147914.80637393793,158153.8803126553,156541.08690907547
2025-11-21,156289.93195009016,149086.32073407347,155104.03598856996,140221.56333449602,140027.22972354532,146678.16697793937,147108.59715145122,142857.40496624768,146306.16780239384,151756.02197375748,147576.4527329234,158362.45632942612,156183.0007375657
2025-11-24,156441.79332482108,149908.39230062638,156057.2071419415,141024.57298378772,140829.1264786354,147425.748958032,148012.63340250048,143735.31608307624,147205.27283096866,152688.6183538185,148421.58177538094,159335.65167014176,157077.41707172405
2025-11-25,157873.6309217171,151504.71846040603,157766.59049778985,142408.64145099724,142211.27675996366,149084.8675311275,149633.89996639197,145309.73075741128,148817.69591528992,154361.1036406025,149878.247282975,161080.9456937011,158619.03421886254
2025-11-28,159669.86492135422,153304.01814786307,159616.13751776298,144419.61656608724,144219.4648568066,150576.06174482394,151388.10491495914,147013.2421196552,150562.33224881865,156170.7270744197,151994.70189210825,162969.3479348994,160858.91887293744
2025-12-01,158667.03157480687,151710.1036230842,157845.28870963727,143078.85368639522,142880.56014561336,148904.82149616152,149708.54137381513,145382.21515311606,148891.93017821488,154438.103104158,150583.6134329893,161161.29719492065,159365.53679354707
2025-12-02,158492.04813690454,151513.25062964205,157771.30308625748,143293.30442875344,143094.71367985217,148305.47521043444,149638.36962621743,145314.0712515504,148822.14119458094,154365.71450501034,150809.3125272696,161085.75728406783,159604.3984896758
2025-12-03,159381.8762289295,152527.79399290832,158635.5554355002,144236.16565766797,144036.268193716,149380.97270099455,150458.0707376141,146110.08437307802,149637.37110414458,155211.31144687335,151801.62863239448,161968.16581742564,160654.58572556975
2025-12-04,158843.5672225923,152613.05431498075,158705.34793631293,144560.59643300617,144360.24933917867,149251.5997827865,150524.26551340322,146174.3662306626,149703.20480905223,155279.59743452957,152143.0764229001,162039.42451673438,161015.94649504757
2025-12-08,157827.0894076906,152067.96061424146,158411.968213165,144366.45714563286,144166.37911020016,148282.95468417642,150205.60576979717,145898.08259331482,149426.4662784839,154992.55048936835,151938.7541582973,161739.88148228766,160825.28244410036
2025-12-09,157327.93724869366,150888.6063844267,157047.48574363047,143358.2621807032,143159.58140660045,147069.2945553597,149156.63263271618,144703.94206589236,148139.3804855271,153657.52119558034,150877.67743764637,160346.73401119377,159440.01287748764
2025-12-10,158311.8000538954,151677.12164878633,157549.43954769618,144172.41111312027,143972.60200684005,147544.53924731744,150003.71121314555,145171.54327782505,148612.86228126904,154148.640024527,151734.53003995115,160859.23284379413,159949.61365590943
2025-12-11,158142.2161858423,152100.66060473968,157999.1780293894,144551.28042476054,144350.94624202518,147949.62643816235,150397.90454300685,145570.11534939773,149037.0905313621,154588.67063027676,152133.27177219,161318.41941629606,160406.20364188176
2025-12-12,157711.01481468158,151793.46228163823,157662.9515526998,144486.11443876423,144285.87056982276,147798.88651515008,150330.1028070933,145421.79981451647,148719.9356165681,154259.7018045498,152064.68770549237,160975.12950515872,160064.85495031046
2025-12-15,157612.558198386,152314.3799874525,158118.4152378709,144969.59350968257,144768.67958521296,148205.45680851355,150833.1370171179,145821.8311354965,149149.56432304133,154705.33403181288,152573.5261791195,161440.1615560195,160527.2573599069
2025-12-16,156284.29502048032,150443.0912320289,156494.83006157784,142843.77270870766,142645.8049675687,146472.97675229682,148621.33375282947,144117.21499218093,147618.07274237272,153116.79491921392,150336.20200804772,159782.468157269,158878.93780744716
2025-12-17,156116.87601158174,150242.4723544417,156056.58569713475,143130.04905667048,142931.6845640255,146381.860363457,148919.18903800793,144027.56405116164,147204.6866359829,152688.01032327214,150637.4940984298,159335.01717004357,158434.01704491832
2025-12-18,156264.96206445983,150901.728552106,157045.5709076866,143627.07341107764,143428.02009044343,147253.49546173163,149436.3163937119,144885.18042271398,148137.57426361204,153655.64769252337,151160.58833159212,160344.77894844118,159438.0688701315
2025-12-19,156516.7172267571,151251.63182156123,157498.04348567704,143839.71703012552,143640.36900587112,147601.0991438075,149657.5607481394,145227.1935072608,148564.3815255864,154098.3533774554,151384.38551548542,160806.75705504284,159897.43460476844
2025-12-22,157144.08174457593,152827.69089468705,159084.2200703269,145480.72341315832,145279.10111176406,149184.62498366134,151364.94044498194,146785.2511023749,150060.58641850814,155650.29138538783,153111.46582439882,162426.25598372243,161507.77566744154
2025-12-23,157136.4586647984,153262.32124482555,159559.68853626732,145835.2830646286,145633.16937763194,149590.13225243604,151733.8408688311,147184.23649565823,150509.08518721684,156115.49657818113,153484.6228082601,162911.71307511016,161990.487619011
2025-12-24,158147.20884794093,154055.12185958112,160424.29902852885,146607.08473290064,146403.9014029649,150418.69008142082,152536.85937748643,147999.46842048757,151324.65292507925,156961.44393233026,154296.9069513575,163794.4872753432,162868.26994941535
2025-12-29,157992.84376704262,153897.86452019002,160085.4540898774,146613.84026021053,146410.64756776317,150192.5932324084,152543.88814366897,147777.00794401832,151005.02807368606,156629.9131657197,154304.01681900572,163448.52389368374,162524.2629051367
2025-12-30,157863.39433709535,153787.39319624926,159919.04312452,146573.84905628953,146370.7117878075,150077.56258976302,152502.2794270101,147663.82736815797,150848.05633232184,156467.09428125614,154261.92799989093,163278.61697239583,162355.31676547768
2026-01-05,158530.9312049396,154922.252626874,160371.2458494833,148185.83024407114,147980.45892458037,150766.90902084956,154179.45995486632,148387.87895515995,151274.60904797175,156909.53593810112,155934.6372487281,163740.31955690708,162814.40853603353
2026-01-06,159084.71108157528,155245.94743957111,161074.51729163036,148835.6653313368,148629.39340286676,151424.55177915154,154855.57873524717,149038.60008086523,151937.98926867073,157597.62684268496,156614.82155190888,164458.36530171894,163528.39390970155
2026-01-07,157916.82765549095,154187.99160489053,160147.93437302194,147979.4865421988,147774.40119524844,150404.6250493074,153964.7703285548,148181.25390736587,151063.96432722596,156691.04477432917,155559.93553168452,163512.3167605028,162587.69503906727
2026-01-08,159753.68459428256,155565.59052212047,161250.5014954339,148998.27780723505,148791.78051350111,151500.15786622747,155024.76835124908,149201.43427594617,152103.9912317283,157769.81232147815,156693.0191341141,164638.04657572243,163707.05913052836
2026-01-12,162116.93907950562,156631.00619886175,162121.87800219952,149803.44490827154,149595.83173031523,153093.66524942504,155862.50181474397,150007.69920782594,152925.9411997311,158622.37964163403,158341.14601663657,165527.72893066338,164591.71055173382
2026-01-13,162855.300062546,157361.79683616097,162764.2238406782,150396.9836743676,150188.54790872277,153960.06821184646,156480.0472728235,150602.0472533414,153531.85166126516,159250.86005839187,159237.24604637,166183.56914878616,165243.8421555853
2026-01-14,163252.20691813718,158359.93617388257,163274.58488690775,150868.56618879628,150659.47685510738,154541.39262900583,156970.70374975528,151074.2727620365,154013.2638204882,159750.20465411776,159838.4960998618,166704.65184260934,165761.97825561714
2026-01-15,163318.72460818282,158446.4839578966,163508.70617198694,151084.89834250312,150875.50919323953,154592.4820881078,157195.78582794356,151290.89988073934,154234.10519191087,159979.2722902792,159891.33671537906,166943.6915397251,165999.66624235036
2026-01-20,161780.55773307366,157381.13907345862,162171.31190523907,149849.12269748692,149641.44621450454,153541.15753980548,155910.0271203792,150053.43927788435,152972.5710947376,158670.7464841092,158803.97667639644,165578.20133946565,164641.897551544
2026-01-21,162984.19547338758,158440.32981958057,163136.6948996312,150741.1534338558,150532.24068200038,154370.4772840737,156838.13756771391,150946.68628209905,153883.1952797944,159615.2911052489,159661.72241334585,166563.8650671449,165621.98759455717
2026-01-22,163547.38174584875,158483.9467550345,163356.5932487005,150944.34334644594,150735.14899289902,154527.5176110613,157049.5458443341,151150.1532404761,154090.6204738156,159830.44281603873,159824.1454979688,166788.38303329222,165845.23596711998
2026-01-26,164641.4233520164,159491.0152850931,164736.03486753895,152218.97147867773,152008.0106130362,155679.02227881845,158375.72849450444,152426.51930521335,155391.81689770662,161180.10835688515,161015.11945785873,168196.8039149926,167245.69257697868
2026-01-27,165466.8692538635,161252.2154120123,166518.76549919564,153866.24569765784,153653.00186825817,157291.02104658546,160089.6295406545,154076.03955292786,157073.42682667612,162924.35767436202,162682.37154075698,170016.98609144907,169055.58207328315
2026-01-28,165044.24709420666,161385.95314415186,166828.54329285646,154152.48578578368,153938.84525513064,157568.8438175462,160387.44709940482,154362.66992425942,157365.63329036956,163227.4487278098,162969.7170417728,170333.27168651932,169370.07915151765
2026-01-29,165507.90842792427,160672.09667885592,165487.48674571214,152913.32612976065,152701.40295530288,156424.2744986589,159098.16750871242,153121.8206963595,156100.6446460157,161915.33969377098,161785.91614868672,168964.0422688007,168008.59238760232
2026-02-02,166970.68521916156,162280.43710401337,166652.60832929576,153973.37845148912,153776.50358028317,158362.1391479004,160201.09546220704,154199.88129005922,157199.6777745317,163037.7973376534,163759.09784036237,170135.3641530927,169155.53801670726
2026-02-03,168032.6578771307,162905.1477825684,166965.9600289018,154514.8432223334,154065.64474188525,158659.90253698092,160764.4607031066,154489.81851555893,157495.2554237626,163611.13816099707,164829.15181855136,170733.66437154694,169430.4640426484
2026-02-04,168895.1383307011,164306.08256173108,168195.44350176363,155991.0999304794,155200.1344541186,159828.22288168664,162300.42714228513,155627.43170663953,158654.99968279694,165174.30216000543,166790.68458007043,172364.87799529033,170335.02499772512
2026-02-05,166942.1428205662,162831.0485755607,166365.42813621782,154500.41949228515,153511.51183228858,158089.24531111825,160749.4535805922,153934.1599663703,156928.78712200813,163595.8653053898,165662.11419225394,170717.7266387461,168509.7597393776
2026-02-09,170671.54048147477,167332.10972893774,171263.97956004617,158443.01236783975,158031.58576402147,162744.1084421568,164851.5113777089,158466.67857271002,161549.48110998468,167770.55877963905,169281.43039865122,175074.15812927939,174170.6840803526
2026-02-10,171018.29315761424,167422.0899083137,171293.65149517526,158632.98872104357,158058.96515210517,162772.30428719523,165049.17164990175,158494.13334176777,161577.46998269422,167971.7190482783,169626.60997804892,175284.0755601877,173991.46577706884
2026-02-11,172338.7863476666,169117.82508149755,172563.72003151872,159865.11583806403,159230.90419814945,163979.19070977299,166331.13425850656,159669.29897222357,162775.49722430966,169276.38153746503,171517.81473098457,176645.53426068134,175751.56911537042
2026-02-12,171777.1545669434,168445.23149725562,172289.96024397816,159488.5235732121,158978.2959529446,163719.04965346295,165939.310074491,159415.9952456036,162517.2657401437,168877.6192710697,170573.021795939,176229.41257287923,175183.20349631173
2026-02-17,171197.22024909192,168172.89868372824,172056.58488163748,159246.75518456887,158762.9519052138,163497.28401789814,165687.76294927823,159200.0583123043,162297.12798095556,168621.61796781403,170250.1746624349,175962.26669833786,174935.8983045346
2026-02-18,171054.31930052894,168453.8867156863,172164.64653508615,159457.90221289473,158862.6643753937,163599.96992705698,165907.4501808086,159300.0453110128,162399.06012154557,168845.195230058,170734.92892420938,176195.57700766105,175069.78081635784
2026-02-19,170944.4041844483,168644.6750828527,172359.38672097964,159618.27544788978,159042.3583219421,163785.02237073204,166074.3099859737,159480.23399121547,162582.75418297737,169015.00964374733,170898.57863291496,176372.7839963672,175303.25892695808
2026-02-25,172677.1785012096,170781.09692087254,175008.33465245008,161900.5100471674,161486.64020358454,166302.193059655,168448.8534725363,161931.2454735511,165081.4475154325,171431.5994842517,172719.10952843813,178894.5758706243,177728.17306186398
2026-02-26,171276.7483282546,168408.6632044094,172170.22446132306,159431.53530927034,158867.8113335034,163605.27036813466,165880.01682260702,159305.2064397356,162404.3216545986,168817.27610577326,170632.1368056924,176166.44247288088,175067.486673992
2026-02-27,172642.89836647274,169360.9574644924,172759.76671940295,160476.45182248988,159411.803702235,164165.48466086946,166967.19677389358,159850.6965291062,162960.4236798456,169923.70689550045,172414.26840680052,177321.03980180933,175259.6916347262
2026-03-02,172465.64147763932,169610.7049790252,172921.09883681944,160453.9906949618,159524.0671166959,164318.79098762586,166943.82716759216,159999.9734807441,163112.60465755002,169899.92348050544,172442.176971308,177365.66090104566,175730.41642434718
2026-03-03,171003.6684043965,167814.56788822252,171325.84286201524,158618.10174601513,157698.818204892,162802.89422974683,165033.68254567054,158523.91928388443,161607.83537898224,167955.9556764405,170469.12110861036,175793.6079634332,173719.73705071546
2026-03-04,171450.9348991487,167971.16364884106,171687.74316868308,158880.34142951848,157959.53805792064,163146.79107778752,165306.52896232647,158858.77743513972,161949.20784332603,168233.63342049532,170750.95381165328,176060.05193941641,174006.94392282522
2026-03-05,169614.46339971432,166570.40802102565,170107.40511046292,157302.32390090305,156390.66605258215,161645.0701147284,163664.68581200292,157396.5264483793,160458.51030179005,166562.71793748718,169055.03601768176,174633.3252935094,172278.68726664962
2026-03-09,169621.25572875893,167049.1662374459,170667.10543853982,157775.2936860322,156860.89470454847,162176.92702428787,164156.78567017472,157914.40447628827,160986.46310196546,167063.53147259454,169563.34334638118,175184.37409305194,172796.68732970126
2026-03-10,169535.79119837342,166559.77551528288,170216.040568284,157505.37301929522,156592.53838402175,161748.3012832071,163875.9475997626,157497.04437526825,160560.98369920976,166777.720565519,169273.25578183966,174582.20412664747,172501.06818703128
2026-03-11,169821.93809946184,167183.4291588798,170508.1776370409,157964.598737437,157049.1026238095,162025.90540591805,164353.74748861746,157767.35218367493,160836.55006168663,167263.98091987128,169766.7921670339,175016.25326664618,173004.01564463135
2026-03-12,169328.41946803755,167405.87132268032,170427.6972326653,157956.9631296851,157041.511268816,161949.42866112432,164345.80304563206,157692.8854896021,160760.63469641365,167255.89580358868,169758.5860712083,175123.75766871707,172995.6530696397
2026-03-19,166544.98433814486,166314.14828445273,168559.4338235089,156763.01884059265,155854.48657667937,160174.10577280115,163103.5676348288,155964.22370147554,158998.343611614,165991.66396692197,168475.437228965,173415.64623042216,171688.0363117084
2026-03-23,166045.14791025457,165877.71422534995,167822.58171333408,156297.91914321732,155392.08240076137,159473.90985284073,162619.65618358957,155282.43114475312,158303.28749789216,165499.18383194608,167975.58799507105,172733.36272010196,171178.65562790862
2026-03-24,166377.21595569077,167226.0774088003,168947.6900180287,157760.76314969332,156846.4483810627,160543.0473820443,164141.66742140634,156323.46835840153,159364.57699544364,167048.14552300607,169547.72717312194,173790.00469812867,172780.77337710562
2026-03-25,166922.13313550528,167880.47180801307,169624.800761991,158258.85103792688,157341.64956221398,161186.47389020925,164659.90132738388,156949.9835830112,160003.28041470383,167575.5558649422,170083.0292830789,174566.82469459204,173326.28297544032
2026-03-26,166044.4698463281,167081.76045048336,168402.68305966406,157218.29112198344,156307.12029216625,160025.15289096872,163577.25418341203,155819.18577246074,158850.48412225858,166473.73814554518,168964.7247996741,173562.45982221537,172186.65393566867
2026-03-30,165557.0481388493,167131.74298807918,167777.93620878388,156835.06054097004,155926.11075378105,159431.48532870767,163178.52318516801,155241.12167128737,158261.17439207443,166067.94676505317,168552.86146498422,173305.72082551444,171766.93692335667
