date,close,volume
2014-01-02,19.75,235168052
2014-01-03,19.319999694824,393215872
2014-01-06,19.430000305176,413436996
2014-01-07,19.290000915527,317731372
2014-01-08,19.409999847412,258746992
2014-01-09,19.159999847412,279621048
2014-01-10,19.030000686646,305282936
2014-01-13,19.129999160767,379443736
2014-01-14,19.510000228882,334937792
2014-01-15,19.909999847412,393890868
2014-01-16,19.790000915527,229885544
2014-01-17,19.309999465942,433707176
2014-01-21,19.610000610352,329022484
2014-01-22,19.700000762939,380877700
2014-01-23,19.860000610352,403913776
2014-01-24,19.5,433538168
2014-01-27,19.659999847412,576877168
2014-01-28,18.090000152588,1067335388
2014-01-29,17.879999160767,503771660
2014-01-30,17.85000038147,679051828
2014-01-31,17.879999160767,465346224
2014-02-03,17.909999847412,402483480
2014-02-04,18.170000076294,377094536
2014-02-05,18.309999465942,329288932
2014-02-06,18.299999237061,257989144
2014-02-07,18.559999465942,374554768
2014-02-10,18.889999389648,345804424
2014-02-11,19.139999389648,282689288
2014-02-12,19.139999389648,308508564
2014-02-13,19.440000534058,307840904
2014-02-14,19.430000305176,273872396
2014-02-18,19.5,261225244
2014-02-19,19.190000534058,314217988
2014-02-20,18.969999313354,306116692
2014-02-21,18.760000228882,279029240
2014-02-24,18.840000152588,289460080
2014-02-25,18.639999389648,232989624
2014-02-26,18.479999542236,276525396
2014-02-27,18.85000038147,302229564
2014-02-28,18.790000915527,372298976
2014-03-03,18.85000038147,239138200
2014-03-04,18.969999313354,259539588
2014-03-05,19.010000228882,200262272
2014-03-06,18.959999084473,185692612
2014-03-07,18.940000534058,221661160
2014-03-10,18.959999084473,178765888
2014-03-11,19.14999961853,280795676
2014-03-12,19.159999847412,200782036
2014-03-13,18.950000762939,257742688
2014-03-14,18.739999771118,237198192
2014-03-17,18.809999465942,199544492
2014-03-18,18.979999542236,209647648
2014-03-19,18.969999313354,224756056
2014-03-20,18.879999160767,208398344
2014-03-21,19.030000686646,374449040
2014-03-24,19.260000228882,355699820
2014-03-25,19.459999084473,282293704
2014-03-26,19.280000686646,299769176
2014-03-27,19.190000534058,222030900
2014-03-28,19.170000076294,200564448
2014-03-31,19.170000076294,168668920
2014-04-01,19.340000152588,200758936
2014-04-02,19.379999160767,180419652
2014-04-03,19.239999771118,162592584
2014-04-04,18.989999771118,275250192
2014-04-07,18.700000762939,289850400
2014-04-08,18.690000534058,243887756
2014-04-09,18.940000534058,206171084
2014-04-10,18.700000762939,239651496
2014-04-11,18.559999465942,271900300
2014-04-14,18.629999160767,205780904
2014-04-15,18.5,266490560
2014-04-16,18.540000915527,214932172
2014-04-17,18.75,284427164
2014-04-21,18.969999313354,182675892
2014-04-22,18.989999771118,202658008
2014-04-23,18.739999771118,394941428
2014-04-24,20.280000686646,759913084
2014-04-25,20.430000305176,390275620
2014-04-28,21.219999313354,669487364
2014-04-29,21.14999961853,337379028
2014-04-30,21.069999694824,456883980
2014-05-01,21.120000839233,244209896
2014-05-02,21.159999847412,191514456
2014-05-05,21.459999084473,287067312
2014-05-06,21.229999542236,374565856
2014-05-07,21.14999961853,282864232
2014-05-08,21.0,230297676
2014-05-09,20.909999847412,291598272
2014-05-12,21.170000076294,213298904
2014-05-13,21.209999084473,159738516
2014-05-14,21.209999084473,166403524
2014-05-15,21.030000686646,230847148
2014-05-16,21.340000152588,276367588
2014-05-19,21.590000152588,317756404
2014-05-20,21.60000038147,234836168
2014-05-21,21.64999961853,196999852
2014-05-22,21.690000534058,200875976
2014-05-23,21.930000305176,232210188
2014-05-27,22.340000152588,348866756
2014-05-28,22.290000915527,315687848
2014-05-29,22.690000534058,376474896
2014-05-30,22.610000610352,564021108
2014-06-02,22.450000762939,369351976
2014-06-03,22.770000457764,292926760
2014-06-04,23.030000686646,335482392
2014-06-05,23.120000839233,303804844
2014-06-06,23.059999465942,350483980
2014-06-09,23.430000305176,301659216
2014-06-10,23.559999465942,251108168
2014-06-11,23.459999084473,182724456
2014-06-12,23.069999694824,218995164
2014-06-13,22.819999694824,218101120
2014-06-16,23.049999237061,142245080
2014-06-17,23.020000457764,118905388
2014-06-18,23.049999237061,134056432
2014-06-19,22.959999084473,142110744
2014-06-20,22.729999542236,403592264
2014-06-23,22.709999084473,174777564
2014-06-24,22.569999694824,156144348
2014-06-25,22.590000152588,147474164
2014-06-26,22.729999542236,130517436
2014-06-27,23.0,256115212
2014-06-30,23.229999542236,198356112
2014-07-01,23.379999160767,152893908
2014-07-02,23.370000839233,113860292
2014-07-03,23.510000228882,91567012
2014-07-07,23.989999771118,225871756
2014-07-08,23.840000152588,260886712
2014-07-09,23.85000038147,145745760
2014-07-10,23.760000228882,158742208
2014-07-11,23.799999237061,136072912
2014-07-14,24.110000610352,171240620
2014-07-15,23.829999923706,182784704
2014-07-16,23.700000762939,214009660
2014-07-17,23.270000457764,229192972
2014-07-18,23.610000610352,199950372
2014-07-21,23.479999542236,156316008
2014-07-22,23.680000305176,220786388
2014-07-23,24.299999237061,371670876
2014-07-24,24.260000228882,182915372
2014-07-25,24.420000076294,173876468
2014-07-28,24.75,221270756
2014-07-29,24.590000152588,172572380
2014-07-30,24.540000915527,132040004
2014-07-31,23.89999961853,227370588
2014-08-01,24.030000686646,194045144
2014-08-04,23.89999961853,159832576
2014-08-05,23.780000686646,223730652
2014-08-06,23.739999771118,154233368
2014-08-07,23.620000839233,186844716
2014-08-08,23.680000305176,167460772
2014-08-11,24.0,146339376
2014-08-12,23.989999771118,135181408
2014-08-13,24.309999465942,127665756
2014-08-14,24.379999160767,112462264
2014-08-15,24.5,195805324
2014-08-18,24.790000915527,190289652
2014-08-19,25.129999160767,277597080
2014-08-20,25.139999389648,210796768
2014-08-21,25.139999389648,133912792
2014-08-22,25.329999923706,176735336
2014-08-25,25.389999389648,161080692
2014-08-26,25.219999313354,132607936
2014-08-27,25.530000686646,209476044
2014-08-28,25.559999465942,273839204
2014-08-29,25.620000839233,178380988
2014-09-02,25.819999694824,214257048
2014-09-03,24.729999542236,501682084
2014-09-04,24.530000686646,342872884
2014-09-05,24.739999771118,233828140
2014-09-08,24.590000152588,185426968
2014-09-09,24.5,759385020
2014-09-10,25.25,403478348
2014-09-11,25.360000610352,249598972
2014-09-12,25.409999847412,256387612
2014-09-15,25.409999847412,245266064
2014-09-16,25.209999084473,267632532
2014-09-17,25.389999389648,243705992
2014-09-18,25.450000762939,149197740
2014-09-19,25.239999771118,283609624
2014-09-22,25.270000457764,211153704
2014-09-23,25.659999847412,253608784
2014-09-24,25.440000534058,240687312
2014-09-25,24.469999313354,400367960
2014-09-26,25.190000534058,249482004
2014-09-29,25.030000686646,199065248
2014-09-30,25.190000534058,221056556
2014-10-01,24.799999237061,205965144
2014-10-02,24.979999542236,191031312
2014-10-03,24.909999847412,173878340
2014-10-06,24.909999847412,148204728
2014-10-07,24.690000534058,168376732
2014-10-08,25.200000762939,229618696
2014-10-09,25.25,309506100
2014-10-10,25.180000305176,265326368
2014-10-13,24.950000762939,214333472
2014-10-14,24.690000534058,254754248
2014-10-15,24.389999389648,403734400
2014-10-16,24.069999694824,288618092
2014-10-17,24.420000076294,272718752
2014-10-20,24.940000534058,310069116
2014-10-21,25.620000839233,378495616
2014-10-22,25.75,273052584
2014-10-23,26.209999084473,284298696
2014-10-24,26.299999237061,188215664
2014-10-27,26.280000686646,136750804
2014-10-28,26.680000305176,192243796
2014-10-29,26.840000152588,210751516
2014-10-30,26.75,162619172
2014-10-31,27.0,178557140
2014-11-03,27.35000038147,209130200
2014-11-04,27.14999961853,166297460
2014-11-05,27.209999084473,149743620
2014-11-06,27.180000305176,139873828
2014-11-07,27.25,134766140
2014-11-10,27.209999084473,108782188
2014-11-11,27.430000305176,109769008
2014-11-12,27.809999465942,187769724
2014-11-13,28.200000762939,238091420
2014-11-14,28.549999237061,176254380
2014-11-17,28.5,186986848
2014-11-18,28.870000839233,176895912
2014-11-19,28.670000076294,167476640
2014-11-20,29.079999923706,173582148
2014-11-21,29.120000839233,228717192
2014-11-24,29.659999847412,189803296
2014-11-25,29.39999961853,275361760
2014-11-26,29.75,163327544
2014-11-28,29.729999542236,99257608
2014-12-01,28.770000457764,335256148
2014-12-02,28.659999847412,237395760
2014-12-03,28.979999542236,172253760
2014-12-04,28.870000839233,168623104
2014-12-05,28.75,153275580
2014-12-08,28.10000038147,230659400
2014-12-09,28.530000686646,240832144
2014-12-10,27.989999771118,178261272
2014-12-11,27.909999847412,165886312
2014-12-12,27.430000305176,224112552
2014-12-15,27.059999465942,268872328
2014-12-16,26.690000534058,243162932
2014-12-17,27.35000038147,213647092
2014-12-18,28.159999847412,236024872
2014-12-19,27.950000762939,353719080
2014-12-22,28.229999542236,180670196
2014-12-23,28.139999389648,104113676
2014-12-24,28.0,57918444
2014-12-26,28.5,134883804
2014-12-29,28.479999542236,110395680
2014-12-30,28.129999160767,119525908
2014-12-31,27.590000152588,165613404
2015-01-02,27.329999923706,212818504
2015-01-05,26.559999465942,257141964
2015-01-06,26.569999694824,263188464
2015-01-07,26.940000534058,160423736
2015-01-08,27.969999313354,237458188
2015-01-09,28.0,214798108
2015-01-12,27.309999465942,198603160
2015-01-13,27.549999237061,268367712
2015-01-14,27.450000762939,195826352
2015-01-15,26.700000762939,240055984
2015-01-16,26.5,314053380
2015-01-20,27.180000305176,199599628
2015-01-21,27.389999389648,194303588
2015-01-22,28.10000038147,215185636
2015-01-23,28.25,185859312
2015-01-26,28.270000457764,222459916
2015-01-27,27.290000915527,382274996
2015-01-28,28.829999923706,585908252
2015-01-29,29.729999542236,337745728
2015-01-30,29.290000915527,334981844
2015-02-02,29.659999847412,250956400
2015-02-03,29.659999847412,207662996
2015-02-04,29.889999389648,280598972
2015-02-05,29.979999542236,168984980
2015-02-06,29.729999542236,174826268
2015-02-09,29.930000305176,155559188
2015-02-10,30.5,248034024
2015-02-11,31.219999313354,294247188
2015-02-12,31.610000610352,297897864
2015-02-13,31.770000457764,217088876
2015-02-17,31.959999084473,252609620
2015-02-18,32.180000305176,179566948
2015-02-19,32.110000610352,149449524
2015-02-20,32.369998931885,195793676
2015-02-23,33.25,283896440
2015-02-24,33.040000915527,276912520
2015-02-25,32.200000762939,298846984
2015-02-26,32.599998474121,365150116
2015-02-27,32.119998931885,248059388
2015-03-02,32.270000457764,192386652
2015-03-03,32.340000152588,151265132
2015-03-04,32.130001068115,126665360
2015-03-05,31.60000038147,226068584
2015-03-06,31.64999961853,291368240
2015-03-09,31.790000915527,354113948
2015-03-10,31.129999160767,275426328
2015-03-11,30.559999465942,275755896
2015-03-12,31.110000610352,193450876
2015-03-13,30.89999961853,207309132
2015-03-16,31.239999771118,143497200
2015-03-17,31.760000228882,204092416
2015-03-18,32.119998931885,261083780
2015-03-19,31.870000839233,183237960
2015-03-20,31.479999542236,274780544
2015-03-23,31.799999237061,150838696
2015-03-24,31.670000076294,131369216
2015-03-25,30.840000152588,206620708
2015-03-26,31.059999465942,190291476
2015-03-27,30.809999465942,158184604
2015-03-30,31.590000152588,188398680
2015-03-31,31.110000610352,168362212
2015-04-01,31.059999465942,162485748
2015-04-02,31.329999923706,128880524
2015-04-06,31.840000152588,148775900
2015-04-07,31.5,140049072
2015-04-08,31.39999961853,149316972
2015-04-09,31.639999389648,129935896
2015-04-10,31.770000457764,160751812
2015-04-13,31.709999084473,145460492
2015-04-14,31.569999694824,102098372
2015-04-15,31.700000762939,115881676
2015-04-16,31.540000915527,113475948
2015-04-17,31.190000534058,207828184
2015-04-20,31.89999961853,188217240
2015-04-21,31.729999542236,129740228
2015-04-22,32.159999847412,150618020
2015-04-23,32.419998168945,183083608
2015-04-24,32.569999694824,178103620
2015-04-27,33.159999847412,387816828
2015-04-28,32.639999389648,475695880
2015-04-29,32.159999847412,253544332
2015-04-30,31.290000915527,332781692
2015-05-01,32.240001678467,234050552
2015-05-04,32.169998168945,203953112
2015-05-05,31.450000762939,197085664
2015-05-06,31.25,288564040
2015-05-07,31.319999694824,175763580
2015-05-08,31.909999847412,222201528
2015-05-11,31.579999923706,168143028
2015-05-12,31.469999313354,192640128
2015-05-13,31.5,138776940
2015-05-14,32.240001678467,180813824
2015-05-15,32.189998626709,152832136
2015-05-18,32.549999237061,203531672
2015-05-19,32.520000457764,178532960
2015-05-20,32.520000457764,145819728
2015-05-21,32.849998474121,158921456
2015-05-22,33.130001068115,182383888
2015-05-26,32.409999847412,282790240
2015-05-27,33.009998321533,183332984
2015-05-28,32.950000762939,122933236
2015-05-29,32.569999694824,203537808
2015-06-01,32.630001068115,128451188
2015-06-02,32.490001678467,134670508
2015-06-03,32.529998779297,123934168
2015-06-04,32.340000152588,153800472
2015-06-05,32.159999847412,142507200
2015-06-08,31.950000762939,210699144
2015-06-09,31.860000610352,224301680
2015-06-10,32.220001220703,156349000
2015-06-11,32.150001525879,141563548
2015-06-12,31.790000915527,147544984
2015-06-15,31.729999542236,175955784
2015-06-16,31.89999961853,125976524
2015-06-17,31.819999694824,131672284
2015-06-18,31.969999313354,141628880
2015-06-19,31.64999961853,218867548
2015-06-22,31.89999961853,136157380
2015-06-23,31.760000228882,121075452
2015-06-24,32.029998779297,221123420
2015-06-25,31.879999160767,127752400
2015-06-26,31.690000534058,176267364
2015-06-29,31.129999160767,196645708
2015-06-30,31.360000610352,177482728
2015-07-01,31.64999961853,120955244
2015-07-02,31.610000610352,108843808
2015-07-06,31.5,112241724
2015-07-07,31.420000076294,187787244
2015-07-08,30.639999389648,243046456
2015-07-09,30.020000457764,314380152
2015-07-10,30.819999694824,245417896
2015-07-13,31.409999847412,165762152
2015-07-14,31.39999961853,127072556
2015-07-15,31.700000762939,134596800
2015-07-16,32.130001068115,144889788
2015-07-17,32.409999847412,184658840
2015-07-20,33.020000457764,235600812
2015-07-21,32.689998626709,307025708
2015-07-22,31.299999237061,461802428
2015-07-23,31.290000915527,203997808
2015-07-24,31.120000839233,168649328
2015-07-27,30.690000534058,177822160
2015-07-28,30.840000152588,134472388
2015-07-29,30.75,148046612
2015-07-30,30.590000152588,134513072
2015-07-31,30.319999694824,171539812
2015-08-03,29.610000610352,279903872
2015-08-04,28.659999847412,496554492
2015-08-05,28.85000038147,397250452
2015-08-06,28.780000686646,211612160
2015-08-07,28.879999160767,154681620
2015-08-10,29.930000305176,219806388
2015-08-11,28.370000839233,388331256
2015-08-12,28.809999465942,406742440
2015-08-13,28.790000915527,194143156
2015-08-14,28.989999771118,171718064
2015-08-17,29.290000915527,163538980
2015-08-18,29.120000839233,138242832
2015-08-19,28.75,193146040
2015-08-20,28.159999847412,274006488
2015-08-21,26.440000534058,513101884
2015-08-24,25.780000686646,648825168
2015-08-25,25.930000305176,414406396
2015-08-26,27.420000076294,387098444
2015-08-27,28.229999542236,338464224
2015-08-28,28.319999694824,212657628
2015-08-31,28.190000534058,224917084
2015-09-01,26.930000305176,307383440
2015-09-02,28.090000152588,247555248
2015-09-03,27.590000152588,212935760
2015-09-04,27.319999694824,199985244
2015-09-08,28.079999923706,219374504
2015-09-09,27.540000915527,340043216
2015-09-10,28.139999389648,251571324
2015-09-11,28.549999237061,199661892
2015-09-14,28.829999923706,233453724
2015-09-15,29.069999694824,173364620
2015-09-16,29.10000038147,148693956
2015-09-17,28.479999542236,256450564
2015-09-18,28.360000610352,297141164
2015-09-21,28.799999237061,200887860
2015-09-22,28.35000038147,201384636
2015-09-23,28.579999923706,143026864
2015-09-24,28.75,200877900
2015-09-25,28.680000305176,224607704
2015-09-28,28.110000610352,208436044
2015-09-29,27.270000457764,293461536
2015-09-30,27.569999694824,265892132
2015-10-01,27.389999389648,255716400
2015-10-02,27.590000152588,232079032
2015-10-05,27.700000762939,208258972
2015-10-06,27.829999923706,195427908
2015-10-07,27.700000762939,187062200
2015-10-08,27.379999160767,247918308
2015-10-09,28.030000686646,211064560
2015-10-12,27.89999961853,121868816
2015-10-13,27.950000762939,132197024
2015-10-14,27.549999237061,177849796
2015-10-15,27.959999084473,150693808
2015-10-16,27.760000228882,156930436
2015-10-19,27.930000305176,119036612
2015-10-20,28.440000534058,195871052
2015-10-21,28.440000534058,169307896
2015-10-22,28.879999160767,166616356
2015-10-23,29.770000457764,237467656
2015-10-26,28.819999694824,265335124
2015-10-27,28.639999389648,279537600
2015-10-28,29.819999694824,342205408
2015-10-29,30.129999160767,204909336
2015-10-30,29.879999160767,197461016
2015-11-02,30.299999237061,128813068
2015-11-03,30.639999389648,182075904
2015-11-04,30.5,179544200
2015-11-05,30.229999542236,158210720
2015-11-06,30.270000457764,132169132
2015-11-09,30.139999389648,135485620
2015-11-10,29.190000534058,236511724
2015-11-11,29.030000686646,180871884
2015-11-12,28.930000305176,130102316
2015-11-13,28.090000152588,183249612
2015-11-16,28.540000915527,152426804
2015-11-17,28.420000076294,110467756
2015-11-18,29.319999694824,186698788
2015-11-19,29.700000762939,173183280
2015-11-20,29.819999694824,137148384
2015-11-23,29.440000534058,129930112
2015-11-24,29.719999313354,171212688
2015-11-25,29.510000228882,85553232
2015-11-27,29.450000762939,52185780
2015-11-30,29.569999694824,156721288
2015-12-01,29.340000152588,139409496
2015-12-02,29.069999694824,133546252
2015-12-03,28.799999237061,166278036
2015-12-04,29.760000228882,231107908
2015-12-07,29.569999694824,128336996
2015-12-08,29.559999465942,137237800
2015-12-09,28.909999847412,185445428
2015-12-10,29.040000915527,116850908
2015-12-11,28.299999237061,187544644
2015-12-14,28.120000839233,260014436
2015-12-15,27.620000839233,213292420
2015-12-16,27.840000152588,224953868
2015-12-17,27.25,179091308
2015-12-18,26.510000228882,385813308
2015-12-21,26.829999923706,190362440
2015-12-22,26.809999465942,131157468
2015-12-23,27.14999961853,130629416
2015-12-24,27.010000228882,54386720
2015-12-28,26.700000762939,106816840
2015-12-29,27.180000305176,123724972
2015-12-30,26.829999923706,100855108
2015-12-31,26.319999694824,163649264
2016-01-04,26.340000152588,270597548
2016-01-05,25.680000305176,223163968
2016-01-06,25.180000305176,273829552
2016-01-07,24.110000610352,324377712
2016-01-08,24.239999771118,283192064
2016-01-11,24.629999160767,198957508
2016-01-12,24.989999771118,196616908
2016-01-13,24.35000038147,249758524
2016-01-14,24.879999160767,252680508
2016-01-15,24.280000686646,319335564
2016-01-19,24.159999847412,212350988
2016-01-20,24.200000762939,289337664
2016-01-21,24.069999694824,208645852
2016-01-22,25.360000610352,263201868
2016-01-25,24.860000610352,207178100
2016-01-26,25.0,300308008
2016-01-27,23.360000610352,533478696
2016-01-28,23.520000457764,222715300
2016-01-29,24.340000152588,257666016
2016-02-01,24.110000610352,163774164
2016-02-02,23.620000839233,149428860
2016-02-03,24.090000152588,183857176
2016-02-04,24.14999961853,185886608
2016-02-05,23.5,185672256
2016-02-08,23.75,216085500
2016-02-09,23.75,177324780
2016-02-10,23.569999694824,169374404
2016-02-11,23.430000305176,200298844
2016-02-12,23.5,161405524
2016-02-16,24.159999847412,196231664
2016-02-17,24.530000686646,179452972
2016-02-18,24.069999694824,156083932
2016-02-19,24.010000228882,141496692
2016-02-22,24.219999313354,137123032
2016-02-23,23.670000076294,127770532
2016-02-24,24.020000457764,145022980
2016-02-25,24.190000534058,110330636
2016-02-26,24.229999542236,115964524
2016-02-29,24.170000076294,140865108
2016-03-01,25.129999160767,201628588
2016-03-02,25.190000534058,132678240
2016-03-03,25.379999160767,147822968
2016-03-04,25.75,184220400
2016-03-07,25.469999313354,143663240
2016-03-08,25.260000228882,126247556
2016-03-09,25.280000686646,108806732
2016-03-10,25.290000915527,134054308
2016-03-11,25.569999694824,109632948
2016-03-14,25.629999160767,100304248
2016-03-15,26.139999389648,160270936
2016-03-16,26.489999771118,153213972
2016-03-17,26.450000762939,137682820
2016-03-18,26.479999542236,176820684
2016-03-21,26.479999542236,142010712
2016-03-22,26.680000305176,129777500
2016-03-23,26.530000686646,102813980
2016-03-24,26.420000076294,104531820
2016-03-28,26.299999237061,77645488
2016-03-29,26.920000076294,124760332
2016-03-30,27.389999389648,182404596
2016-03-31,27.25,103553796
2016-04-01,27.5,103495800
2016-04-04,27.780000686646,149424816
2016-04-05,27.450000762939,106314608
2016-04-06,27.739999771118,105616308
2016-04-07,27.139999389648,127207480
2016-04-08,27.159999847412,94326960
2016-04-11,27.25,117630072
2016-04-12,27.610000610352,108929300
2016-04-13,28.010000228882,133029264
2016-04-14,28.020000457764,101895692
2016-04-15,27.459999084473,187755876
2016-04-18,26.870000839233,243285844
2016-04-19,26.729999542236,129539516
2016-04-20,26.780000686646,122444120
2016-04-21,26.489999771118,126210100
2016-04-22,26.420000076294,134732484
2016-04-25,26.270000457764,112126352
2016-04-26,26.090000152588,224064660
2016-04-27,24.450000762939,458408568
2016-04-28,23.709999084473,328970760
2016-04-29,23.430000305176,274125912
2016-05-02,23.409999847412,192640416
2016-05-03,23.799999237061,227325108
2016-05-04,23.549999237061,164101900
2016-05-05,23.309999465942,143562000
2016-05-06,23.180000305176,174799544
2016-05-09,23.200000762939,131745744
2016-05-10,23.360000610352,134747344
2016-05-11,23.129999160767,114876436
2016-05-12,22.590000152588,305258760
2016-05-13,22.629999160767,177571060
2016-05-16,23.469999313354,245039024
2016-05-17,23.370000839233,187667756
2016-05-18,23.639999389648,168249564
2016-05-19,23.549999237061,121768400
2016-05-20,23.799999237061,128103872
2016-05-23,24.110000610352,152074572
2016-05-24,24.479999542236,140560696
2016-05-25,24.909999847412,154568432
2016-05-26,25.10000038147,225324636
2016-05-27,25.090000152588,145364960
2016-05-31,24.959999084473,169228848
2016-06-01,24.610000610352,116693140
2016-06-02,24.430000305176,160766400
2016-06-03,24.479999542236,114019552
2016-06-06,24.659999847412,93170016
2016-06-07,24.760000228882,89637800
2016-06-08,24.729999542236,83392524
2016-06-09,24.909999847412,106405416
2016-06-10,24.709999084473,126851744
2016-06-13,24.340000152588,152081976
2016-06-14,24.360000610352,127727776
2016-06-15,24.290000915527,117780908
2016-06-16,24.389999389648,125307260
2016-06-17,23.829999923706,244032876
2016-06-20,23.770000457764,137647604
2016-06-21,23.979999542236,142185432
2016-06-22,23.889999389648,116876488
2016-06-23,24.020000457764,128960748
2016-06-24,23.35000038147,301245424
2016-06-27,23.010000228882,186488752
2016-06-28,23.39999961853,161779656
2016-06-29,23.60000038147,146124024
2016-06-30,23.89999961853,143345424
2016-07-01,23.969999313354,104106160
2016-07-05,23.75,110820840
2016-07-06,23.879999160767,123796360
2016-07-07,23.979999542236,100558232
2016-07-08,24.170000076294,115648412
2016-07-11,24.25,95179780
2016-07-12,24.360000610352,96669852
2016-07-13,24.219999313354,103568684
2016-07-14,24.700000762939,155675988
2016-07-15,24.700000762939,120547960
2016-07-18,24.959999084473,145975468
2016-07-19,24.969999313354,95119696
2016-07-20,24.989999771118,105103872
2016-07-21,24.860000610352,130808112
2016-07-22,24.659999847412,113254676
2016-07-25,24.340000152588,161531684
2016-07-26,24.170000076294,224959288
2016-07-27,25.739999771118,369379280
2016-07-28,26.090000152588,159479356
2016-07-29,26.049999237061,110934752
2016-08-01,26.510000228882,152671484
2016-08-02,26.120000839233,135266224
2016-08-03,26.450000762939,120810564
2016-08-04,26.469999313354,109634600
2016-08-05,26.870000839233,162213608
2016-08-08,27.090000152588,112148880
2016-08-09,27.200000762939,105260816
2016-08-10,27.0,96034020
2016-08-11,26.979999542236,109938024
2016-08-12,27.049999237061,74641736
2016-08-15,27.370000839233,103472836
2016-08-16,27.340000152588,135177792
2016-08-17,27.299999237061,101423904
2016-08-18,27.270000457764,87938812
2016-08-19,27.340000152588,101472288
2016-08-22,27.129999160767,103280920
2016-08-23,27.209999084473,85030676
2016-08-24,27.010000228882,94700324
2016-08-25,26.889999389648,100344992
2016-08-26,26.729999542236,111065164
2016-08-29,26.700000762939,99881200
2016-08-30,26.5,99455780
2016-08-31,26.520000457764,118649624
2016-09-01,26.680000305176,106806092
2016-09-02,26.930000305176,107209800
2016-09-06,26.930000305176,107521564
2016-09-07,27.090000152588,169457312
2016-09-08,26.379999160767,212008104
2016-09-09,25.780000686646,186227936
2016-09-12,26.360000610352,181171080
2016-09-13,26.989999771118,248704760
2016-09-14,27.940000534058,449361272
2016-09-15,28.889999389648,362452708
2016-09-16,28.729999542236,319547644
2016-09-19,28.389999389648,188092184
2016-09-20,28.389999389648,138057076
2016-09-21,28.389999389648,144012740
2016-09-22,28.659999847412,124295936
2016-09-23,28.180000305176,209924604
2016-09-26,28.219999313354,119477768
2016-09-27,28.270000457764,98429648
2016-09-28,28.489999771118,118564340
2016-09-29,28.049999237061,143547960
2016-09-30,28.260000228882,145516424
2016-10-03,28.129999160767,86807040
2016-10-04,28.25,118947340
2016-10-05,28.260000228882,85812356
2016-10-06,28.469999313354,115117252
2016-10-07,28.520000457764,97433772
2016-10-10,29.010000228882,144943824
2016-10-11,29.069999694824,256164172
2016-10-12,29.340000152588,150347148
2016-10-13,29.25,140769624
2016-10-14,29.409999847412,142608764
2016-10-17,29.389999389648,94499584
2016-10-18,29.370000839233,98213912
2016-10-19,29.280000686646,80138376
2016-10-20,29.270000457764,96503204
2016-10-21,29.14999961853,92770660
2016-10-24,29.409999847412,94154692
2016-10-25,29.559999465942,192515880
2016-10-26,28.89999961853,264536876
2016-10-27,28.620000839233,138248180
2016-10-28,28.430000305176,151446648
2016-10-31,28.389999389648,105677592
2016-11-01,27.870000839233,175303248
2016-11-02,27.89999961853,113326836
2016-11-03,27.459999084473,107730408
2016-11-04,27.209999084473,123347988
2016-11-07,27.60000038147,130240000
2016-11-08,27.770000457764,97016716
2016-11-09,27.719999313354,236705444
2016-11-10,26.950000762939,228538164
2016-11-11,27.110000610352,136575592
2016-11-14,26.430000305176,204702016
2016-11-15,26.780000686646,129058040
2016-11-16,27.5,235362088
2016-11-17,27.489999771118,110528012
2016-11-18,27.520000457764,113715668
2016-11-21,27.930000305176,117058284
2016-11-22,27.950000762939,103862136
2016-11-23,27.809999465942,109705576
2016-11-25,27.950000762939,45903688
2016-11-28,27.889999389648,108775932
2016-11-29,27.860000610352,114115000
2016-11-30,27.629999160767,144649032
2016-12-01,27.370000839233,148347448
2016-12-02,27.479999542236,106111988
2016-12-05,27.280000686646,137298160
2016-12-06,27.489999771118,104781848
2016-12-07,27.760000228882,119994876
2016-12-08,28.030000686646,108273264
2016-12-09,28.489999771118,137610508
2016-12-12,28.319999694824,105497508
2016-12-13,28.799999237061,174935244
2016-12-14,28.799999237061,136127336
2016-12-15,28.950000762939,186098176
2016-12-16,28.989999771118,177404536
2016-12-19,29.159999847412,111117692
2016-12-20,29.239999771118,85699860
2016-12-21,29.270000457764,95132660
2016-12-22,29.069999694824,104343416
2016-12-23,29.129999160767,56997936
2016-12-27,29.319999694824,73187420
2016-12-28,29.190000534058,83623568
2016-12-29,29.180000305176,60158076
2016-12-30,28.950000762939,122345060
2017-01-03,29.040000915527,115127460
2017-01-04,29.0,84472464
2017-01-05,29.14999961853,88774348
2017-01-06,29.479999542236,127007600
2017-01-09,29.75,134247792
2017-01-10,29.780000686646,97848204
2017-01-11,29.940000534058,110354372
2017-01-12,29.809999465942,108344880
2017-01-13,29.760000228882,104447792
2017-01-17,30.0,137759372
2017-01-18,30.0,94851844
2017-01-19,29.950000762939,102389164
2017-01-20,30.0,130391568
2017-01-23,30.020000457764,88200872
2017-01-24,29.989999771118,92844152
2017-01-25,30.469999313354,130346692
2017-01-26,30.479999542236,105350304
2017-01-27,30.489999771118,82251776
2017-01-30,30.409999847412,121510012
2017-01-31,30.340000152588,196803972
2017-02-01,32.189998626709,447940160
2017-02-02,32.130001068115,134841644
2017-02-03,32.270000457764,98029204
2017-02-06,32.569999694824,107383696
2017-02-07,32.880001068115,152735364
2017-02-08,33.009998321533,92016288
2017-02-09,33.099998474121,113399436
2017-02-10,33.029998779297,80261832
2017-02-13,33.319999694824,92141684
2017-02-14,33.759998321533,132904892
2017-02-15,33.880001068115,142492400
2017-02-16,33.840000152588,90338220
2017-02-17,33.930000305176,88792788
2017-02-21,34.169998168945,98028624
2017-02-22,34.279998779297,83347728
2017-02-23,34.130001068115,83152744
2017-02-24,34.159999847412,87106340
2017-02-27,34.229999542236,81029704
2017-02-28,34.25,93931440
2017-03-01,34.950000762939,145658340
2017-03-02,34.740001678467,104843936
2017-03-03,34.950000762939,86284484
2017-03-06,34.840000152588,87000176
2017-03-07,34.880001068115,69785188
2017-03-08,34.75,74828944
2017-03-09,34.669998168945,88623616
2017-03-10,34.779998779297,78451204
2017-03-13,34.799999237061,69686868
2017-03-14,34.75,61236260
2017-03-15,35.119998931885,102767096
2017-03-16,35.169998168945,76927992
2017-03-17,35.0,175539808
2017-03-20,35.369998931885,86168152
2017-03-21,34.959999084473,158119648
2017-03-22,35.349998474121,103440660
2017-03-23,35.229999542236,81385204
2017-03-24,35.159999847412,89582252
2017-03-27,35.220001220703,94300376
2017-03-28,35.950000762939,133499220
2017-03-29,36.029998779297,116759820
2017-03-30,35.979999542236,84829008
2017-03-31,35.909999847412,78646604
2017-04-03,35.919998168945,79942856
2017-04-04,36.189998626709,79565416
2017-04-05,36.009998321533,110871416
2017-04-06,35.909999847412,84596136
2017-04-07,35.840000152588,66688792
2017-04-10,35.790000915527,75733588
2017-04-11,35.409999847412,121517504
2017-04-12,35.450000762939,81400000
2017-04-13,35.259998321533,71291520
2017-04-17,35.459999084473,66328376
2017-04-18,35.299999237061,58790176
2017-04-19,35.169998168945,69313500
2017-04-20,35.610000610352,93278248
2017-04-21,35.569999694824,69283712
2017-04-24,35.909999847412,68537332
2017-04-25,36.130001068115,75486004
2017-04-26,35.919998168945,80164964
2017-04-27,35.950000762939,56985388
2017-04-28,35.909999847412,83441432
2017-05-01,36.650001525879,134411772
2017-05-02,36.880001068115,181408776
2017-05-03,36.770000457764,182788136
2017-05-04,36.630001068115,93487488
2017-05-05,37.240001678467,109310900
2017-05-08,38.25,195009652
2017-05-09,38.5,156521452
2017-05-10,38.310001373291,103222768
2017-05-11,38.490001678467,109020232
2017-05-12,39.020000457764,130108068
2017-05-15,38.919998168945,104038876
2017-05-16,38.869998931885,80193912
2017-05-17,37.560001373291,203070712
2017-05-18,38.130001068115,134272860
2017-05-19,38.270000457764,107843152
2017-05-22,38.5,91865748
2017-05-23,38.450000762939,79675484
2017-05-24,38.340000152588,76876616
2017-05-25,38.470001220703,76942392
2017-05-26,38.400001525879,87710548
2017-05-30,38.419998168945,80507404
2017-05-31,38.189998626709,97804656
2017-06-01,38.299999237061,65616352
2017-06-02,38.860000610352,111082860
2017-06-05,38.479999542236,101326648
2017-06-06,38.610000610352,106499704
2017-06-07,38.840000152588,84278588
2017-06-08,38.75,85003192
2017-06-09,37.240001678467,259530628
2017-06-12,36.349998474121,289229320
2017-06-13,36.650001525879,136661780
2017-06-14,36.290000915527,126124928
2017-06-15,36.069999694824,128661492
2017-06-16,35.569999694824,201444372
2017-06-19,36.590000152588,130165616
2017-06-20,36.25,99600292
2017-06-21,36.470001220703,85063004
2017-06-22,36.409999847412,76425176
2017-06-23,36.569999694824,141757556
2017-06-26,36.450000762939,102769444
2017-06-27,35.930000305176,99047564
2017-06-28,36.459999084473,88329728
2017-06-29,35.919998168945,125997472
2017-06-30,36.009998321533,92096428
2017-07-03,35.880001068115,57111392
2017-07-05,36.020000457764,86278228
2017-07-06,35.680000305176,96515128
2017-07-07,36.049999237061,76806848
2017-07-10,36.270000457764,84362544
2017-07-11,36.380001068115,79127344
2017-07-12,36.439998626709,99537912
2017-07-13,36.939998626709,100797492
2017-07-14,37.259998321533,80528244
2017-07-17,37.389999389648,95173824
2017-07-18,37.520000457764,71475168
2017-07-19,37.759998321533,83691876
2017-07-20,37.590000152588,68974992
2017-07-21,37.569999694824,105010520
2017-07-24,38.020000457764,85972640
2017-07-25,38.189998626709,75415728
2017-07-26,38.369998931885,63123804
2017-07-27,37.639999389648,129905348
2017-07-28,37.380001068115,68854612
2017-07-31,37.180000305176,79383680
2017-08-01,37.509998321533,141474580
2017-08-02,39.279998779297,279747200
2017-08-03,38.889999389648,108389184
2017-08-04,39.099998474121,82239408
2017-08-07,39.700000762939,87481284
2017-08-08,40.020000457764,144823584
2017-08-09,40.270000457764,104526120
2017-08-10,38.830001831055,163217092
2017-08-11,39.369998931885,105028384
2017-08-14,39.959999084473,88490936
2017-08-15,40.400001525879,117861948
2017-08-16,40.240001678467,110686448
2017-08-17,39.470001220703,111762260
2017-08-18,39.380001068115,109712276
2017-08-21,39.299999237061,105474112
2017-08-22,39.950000762939,86418340
2017-08-23,39.990001678467,77596324
2017-08-24,39.819999694824,79275672
2017-08-25,39.970001220703,101920252
2017-08-28,40.369998931885,103863888
2017-08-29,40.729999542236,118067640
2017-08-30,40.840000152588,109078336
2017-08-31,41.0,107140384
2017-09-01,41.009998321533,66364204
2017-09-05,40.520000457764,118145256
2017-09-06,40.479999542236,86606904
2017-09-07,40.310001373291,87714008
2017-09-08,39.659999847412,114446140
2017-09-11,40.380001068115,126323192
2017-09-12,40.220001220703,286856184
2017-09-13,39.909999847412,179629444
2017-09-14,39.569999694824,95042996
2017-09-15,39.970001220703,196458408
2017-09-18,39.669998168945,113077740
2017-09-19,39.680000305176,83242528
2017-09-20,39.020000457764,211805456
2017-09-21,38.349998474121,150046644
2017-09-22,37.970001220703,186581772
2017-09-25,37.639999389648,177549344
2017-09-26,38.279998779297,146640180
2017-09-27,38.560001373291,102016908
2017-09-28,38.319999694824,88021820
2017-09-29,38.529998779297,105199240
2017-10-02,38.450000762939,74795368
2017-10-03,38.619998931885,64921172
2017-10-04,38.369998931885,80655000
2017-10-05,38.849998474121,85135076
2017-10-06,38.830001831055,69630232
2017-10-09,38.959999084473,65051692
2017-10-10,38.979999542236,62468056
2017-10-11,39.139999389648,67622560
2017-10-12,39.0,64500216
2017-10-13,39.25,65576752
2017-10-16,39.970001220703,96485808
2017-10-17,40.119998931885,75989100
2017-10-18,39.939998626709,65496656
2017-10-19,38.990001678467,170336664
2017-10-20,39.060001373291,95896584
2017-10-23,39.040000915527,87937308
2017-10-24,39.270000457764,71028920
2017-10-25,39.099998474121,84828392
2017-10-26,39.349998474121,68001876
2017-10-27,40.759998321533,177816640
2017-10-30,41.680000305176,178803088
2017-10-31,42.259998321533,144187312
2017-11-01,41.720001220703,134551048
2017-11-02,42.029998779297,165573492
2017-11-03,43.119998931885,237594524
2017-11-06,43.560001373291,140105224
2017-11-07,43.700000762939,97445940
2017-11-08,44.060001373291,97638108
2017-11-09,43.970001220703,117930384
2017-11-10,43.669998168945,100582000
2017-11-13,43.490001678467,67928320
2017-11-14,42.840000152588,99129948
2017-11-15,42.270000457764,116632280
2017-11-16,42.770000457764,94549936
2017-11-17,42.540000915527,87598176
2017-11-20,42.490001678467,65049788
2017-11-21,43.279998779297,100525180
2017-11-22,43.740001678467,102355700
2017-11-24,43.740001678467,56106692
2017-11-27,43.520000457764,82867208
2017-11-28,43.270000457764,105715208
2017-11-29,42.369998931885,166665456
2017-11-30,42.959999084473,166108872
2017-12-01,42.759998321533,159037152
2017-12-04,42.450000762939,130169540
2017-12-05,42.409999847412,109400616
2017-12-06,42.25,114240000
2017-12-07,42.330001831055,102693232
2017-12-08,42.340000152588,93420924
2017-12-11,43.169998168945,141095036
2017-12-12,42.919998168945,77636920
2017-12-13,43.069999694824,95273788
2017-12-14,43.049999237061,81906164
2017-12-15,43.490001678467,160677228
2017-12-18,44.099998474121,117684456
2017-12-19,43.630001068115,109745788
2017-12-20,43.590000152588,93902596
2017-12-21,43.75,83799584
2017-12-22,43.75,65397776
2017-12-26,42.639999389648,132742144
2017-12-27,42.650001525879,85992852
2017-12-28,42.770000457764,65920748
2017-12-29,42.310001373291,103999688
2018-01-02,43.060001373291,102223736
2018-01-03,43.060001373291,118071596
2018-01-04,43.259998321533,89738388
2018-01-05,43.75,94640072
2018-01-08,43.590000152588,82271064
2018-01-09,43.580001831055,86335988
2018-01-10,43.569999694824,95839580
2018-01-11,43.819999694824,74670916
2018-01-12,44.270000457764,101672320
2018-01-16,44.049999237061,118263788
2018-01-17,44.770000457764,137547344
2018-01-18,44.810001373291,124773408
2018-01-19,44.619998931885,129700268
2018-01-22,44.25,108434204
2018-01-23,44.259998321533,130756584
2018-01-24,43.549999237061,204420360
2018-01-25,42.779998779297,166116016
2018-01-26,42.880001068115,156572044
2018-01-29,41.990001678467,202561624
2018-01-30,41.740001678467,184192740
2018-01-31,41.860000610352,129915720
2018-02-01,41.950000762939,188923148
2018-02-02,40.119998931885,346375300
2018-02-05,39.119998931885,290954088
2018-02-06,40.759998321533,272975352
2018-02-07,39.880001068115,206434320
2018-02-08,38.790000915527,217562064
2018-02-09,39.099998474121,282690432
2018-02-12,40.680000305176,243278156
2018-02-13,41.090000152588,130196652
2018-02-14,41.840000152588,162579732
2018-02-15,43.25,204588684
2018-02-16,43.110000610352,160704364
2018-02-20,42.959999084473,135722160
2018-02-21,42.770000457764,149886492
2018-02-22,43.119998931885,123967760
2018-02-23,43.880001068115,135249440
2018-02-26,44.740001678467,152648696
2018-02-27,44.599998474121,155712500
2018-02-28,44.529998779297,151128552
2018-03-01,43.75,195207880
2018-03-02,44.049999237061,153815800
2018-03-05,44.200000762939,113605464
2018-03-06,44.169998168945,95154024
2018-03-07,43.759998321533,126813848
2018-03-08,44.229999542236,95096428
2018-03-09,44.990001678467,128740648
2018-03-12,45.430000305176,128828324
2018-03-13,44.990001678467,126774116
2018-03-14,44.610000610352,117473424
2018-03-15,44.659999847412,90975192
2018-03-16,44.509998321533,157618752
2018-03-19,43.830001831055,133787084
2018-03-20,43.810001373291,78597400
2018-03-21,42.819999694824,148219740
2018-03-22,42.209999084473,165963068
2018-03-23,41.229999542236,164115136
2018-03-26,43.189998626709,150164944
2018-03-27,42.090000152588,163690316
2018-03-28,41.619998931885,166674180
2018-03-29,41.950000762939,153594020
2018-04-02,41.669998168945,150347164
2018-04-03,42.099998474121,121112184
2018-04-04,42.900001525879,138421956
2018-04-05,43.200000762939,107732788
2018-04-06,42.090000152588,140021160
2018-04-09,42.509998321533,116070872
2018-04-10,43.310001373291,114456964
2018-04-11,43.110000610352,89726560
2018-04-12,43.529998779297,91557140
2018-04-13,43.680000305176,100497020
2018-04-16,43.950000762939,86313680
2018-04-17,44.560001373291,106421768
2018-04-18,44.459999084473,83018152
2018-04-19,43.200000762939,139235200
2018-04-20,41.430000305176,261964560
2018-04-23,41.310001373291,146061908
2018-04-24,40.729999542236,134768068
2018-04-25,40.909999847412,113528336
2018-04-26,41.049999237061,111852056
2018-04-27,40.580001831055,142623356
2018-04-30,41.310001373291,169709696
2018-05-01,42.270000457764,214277504
2018-05-02,44.139999389648,266157484
2018-05-03,44.220001220703,136272720
2018-05-04,45.959999084473,224805268
2018-05-07,46.290000915527,169805692
2018-05-08,46.509998321533,113611108
2018-05-09,46.840000152588,92844964
2018-05-10,47.509998321533,111957156
2018-05-11,47.150001525879,104848884
2018-05-14,47.040000915527,83115088
2018-05-15,46.610000610352,94780636
2018-05-16,47.049999237061,76732256
2018-05-17,46.75,69176116
2018-05-18,46.580001831055,73190912
2018-05-21,46.909999847412,73603148
2018-05-22,46.790000915527,60962816
2018-05-23,47.090000152588,80233660
2018-05-24,47.040000915527,92935900
2018-05-25,47.150001525879,69843852
2018-05-29,46.979999542236,90056300
2018-05-30,46.880001068115,74762188
2018-05-31,46.720001220703,109931172
2018-06-01,47.560001373291,93770040
2018-06-04,47.959999084473,105064696
2018-06-05,48.330001831055,86263852
2018-06-06,48.490001678467,83734476
2018-06-07,48.369998931885,85388720
2018-06-08,47.919998168945,106627196
2018-06-11,47.810001373291,73233840
2018-06-12,48.069999694824,67644564
2018-06-13,47.669998168945,86553572
2018-06-14,47.700000762939,86440296
2018-06-15,47.209999084473,246876640
2018-06-18,47.189998626709,73939460
2018-06-19,46.419998168945,134313820
2018-06-20,46.619998931885,82514804
2018-06-21,46.369998931885,102847592
2018-06-22,46.229999542236,108801788
2018-06-25,45.540000915527,126652384
2018-06-26,46.110000610352,98276804
2018-06-27,46.040000915527,101141312
2018-06-28,46.380001068115,69460940
2018-06-29,46.279998779297,90950664
2018-07-02,46.799999237061,70925372
2018-07-03,45.979999542236,55819224
2018-07-05,46.349998474121,66416992
2018-07-06,46.990001678467,69940980
2018-07-09,47.650001525879,79026536
2018-07-10,47.590000152588,63756596
2018-07-11,46.970001220703,75325880
2018-07-12,47.759998321533,72164524
2018-07-13,47.830001831055,50079168
2018-07-16,47.729999542236,60172440
2018-07-17,47.860000610352,62138092
2018-07-18,47.599998474121,65573524
2018-07-19,47.970001220703,81147008
2018-07-20,47.860000610352,82824168
2018-07-23,47.900001525879,63957460
2018-07-24,48.25,74791592
2018-07-25,48.700000762939,67305932
2018-07-26,48.549999237061,76303856
2018-07-27,47.740001678467,96095888
2018-07-30,47.479999542236,84118140
2018-07-31,47.569999694824,157492152
2018-08-01,50.380001068115,271742864
2018-08-02,51.849998474121,249616048
2018-08-03,52.0,133789584
2018-08-06,52.270000457764,101701548
2018-08-07,51.779998779297,102349548
2018-08-08,51.810001373291,90101948
2018-08-09,52.220001220703,93970504
2018-08-10,51.880001068115,98444808
2018-08-13,52.220001220703,103563520
2018-08-14,52.439998626709,82992040
2018-08-15,52.560001373291,115230256
2018-08-16,53.330001831055,114001468
2018-08-17,54.400001525879,141707988
2018-08-20,53.869998931885,121150780
2018-08-21,53.759998321533,104639020
2018-08-22,53.759998321533,76072524
2018-08-23,53.869998931885,75532896
2018-08-24,54.040000915527,73905424
2018-08-27,54.479999542236,82100468
2018-08-28,54.919998168945,91107064
2018-08-29,55.740001678467,109019216
2018-08-30,56.259998321533,195175296
2018-08-31,56.909999847412,173360536
2018-09-04,57.090000152588,109560528
2018-09-05,56.720001220703,133331840
2018-09-06,55.770000457764,137159904
2018-09-07,55.330001831055,150479240
2018-09-10,54.580001831055,158065812
2018-09-11,55.959999084473,142996196
2018-09-12,55.270000457764,197114960
2018-09-13,56.599998474121,166825508
2018-09-14,55.959999084473,127997156
2018-09-17,54.470001220703,148780532
2018-09-18,54.560001373291,126286848
2018-09-19,54.590000152588,108495332
2018-09-20,55.009998321533,106435176
2018-09-21,54.409999847412,384986992
2018-09-24,55.200000762939,110773432
2018-09-25,55.549999237061,98217516
2018-09-26,55.099998474121,95938824
2018-09-27,56.240001678467,120724908
2018-09-28,56.439998626709,91717456
2018-10-01,56.810001373291,94403208
2018-10-02,57.319999694824,99152680
2018-10-03,58.020000457764,114619196
2018-10-04,57.0,128168000
2018-10-05,56.069999694824,134321852
2018-10-08,55.939998626709,118655692
2018-10-09,56.720001220703,107564116
2018-10-10,54.090000152588,167962216
2018-10-11,53.610000610352,212497568
2018-10-12,55.529998779297,161351404
2018-10-15,54.340000152588,123164028
2018-10-16,55.540000915527,116735852
2018-10-17,55.299999237061,91541588
2018-10-18,54.009998321533,130325260
2018-10-19,54.830001831055,132314904
2018-10-22,55.159999847412,115168328
2018-10-23,55.680000305176,155071384
2018-10-24,53.770000457764,163700652
2018-10-25,54.950000762939,119423072
2018-10-26,54.080001831055,189033500
2018-10-29,53.060001373291,183742080
2018-10-30,53.330001831055,146639960
2018-10-31,54.720001220703,153435732
2018-11-01,55.549999237061,233292720
2018-11-02,51.869998931885,365314616
2018-11-05,50.400001525879,264654676
2018-11-06,50.939998626709,127531524
2018-11-07,52.490001678467,133697736
2018-11-08,52.119998931885,101450544
2018-11-09,51.119998931885,137463000
2018-11-12,48.540000915527,204542072
2018-11-13,48.060001373291,187531744
2018-11-14,46.700000762939,243203828
2018-11-15,47.849998474121,185915204
2018-11-16,48.380001068115,147713012
2018-11-19,46.470001220703,167683488
2018-11-20,44.240001678467,271300988
2018-11-21,44.200000762939,124496840
2018-11-23,43.069999694824,94495888
2018-11-26,43.659999847412,179994080
2018-11-27,43.560001373291,165549508
2018-11-28,45.229999542236,184250156
2018-11-29,44.889999389648,167079968
2018-11-30,44.650001525879,158126196
2018-12-03,46.200000762939,163192008
2018-12-04,44.169998168945,165377128
2018-12-06,43.680000305176,172393640
2018-12-07,42.119998931885,169126524
2018-12-10,42.400001525879,248103976
2018-12-11,42.159999847412,189126660
2018-12-12,42.270000457764,142510696
2018-12-13,42.740001678467,127591308
2018-12-14,41.369998931885,162814840
2018-12-17,40.979999542236,177151688
2018-12-18,41.520000457764,135366072
2018-12-19,40.220001220703,196189188
2018-12-20,39.209999084473,259091840
2018-12-21,37.680000305176,382977536
2018-12-24,36.709999084473,148676928
2018-12-26,39.290000915527,234330176
2018-12-27,39.040000915527,212468260
2018-12-28,39.060001373291,169165696
2018-12-31,39.439998626709,140013864
2019-01-02,39.479999542236,148158948
2019-01-03,35.549999237061,365248780
2019-01-04,37.060001373291,234428280
2019-01-07,36.979999542236,219111056
2019-01-08,37.689998626709,164101256
2019-01-09,38.330001831055,180396324
2019-01-10,38.450000762939,143122680
2019-01-11,38.069999694824,108092964
2019-01-14,37.5,129756744
2019-01-15,38.270000457764,114841296
2019-01-16,38.729999542236,122278824
2019-01-17,38.970001220703,119284640
2019-01-18,39.200000762939,135004092
2019-01-22,38.330001831055,121575880
2019-01-23,38.479999542236,92522280
2019-01-24,38.169998168945,101766196
2019-01-25,39.439998626709,134191572
2019-01-28,39.080001831055,104768232
2019-01-29,38.669998168945,166348956
2019-01-30,41.310001373291,244439120
2019-01-31,41.610000610352,162958596
2019-02-01,41.630001068115,130672552
2019-02-04,42.810001373291,125982328
2019-02-05,43.549999237061,144406512
2019-02-06,43.560001373291,112958364
2019-02-07,42.729999542236,126966760
2019-02-08,42.599998474121,95279864
2019-02-11,42.360000610352,83973700
2019-02-12,42.720001220703,89134092
2019-02-13,42.549999237061,89960932
2019-02-14,42.700000762939,87342988
2019-02-15,42.599998474121,98507256
2019-02-19,42.729999542236,75891304
2019-02-20,43.009998321533,104457448
2019-02-21,42.770000457764,68998680
2019-02-22,43.240001678467,75652616
2019-02-25,43.560001373291,87493432
2019-02-26,43.580001831055,68280844
2019-02-27,43.720001220703,111341556
2019-02-28,43.290000915527,112861664
2019-03-01,43.740001678467,103544668
2019-03-04,43.959999084473,109744812
2019-03-05,43.880001068115,78949676
2019-03-06,43.630001068115,83241536
2019-03-07,43.119998931885,99185496
2019-03-08,43.229999542236,95997432
2019-03-11,44.729999542236,128044136
2019-03-12,45.229999542236,129870336
2019-03-13,45.430000305176,124130096
2019-03-14,45.930000305176,94318032
2019-03-15,46.529998779297,156171648
2019-03-18,47.009998321533,104879328
2019-03-19,46.630001068115,126585476
2019-03-20,47.040000915527,124140924
2019-03-21,48.770000457764,204136948
2019-03-22,47.759998321533,169630664
2019-03-25,47.189998626709,175381172
2019-03-26,46.700000762939,199202152
2019-03-27,47.119998931885,119393708
2019-03-28,47.180000305176,83121452
2019-03-29,47.490001678467,94255844
2019-04-01,47.810001373291,111447856
2019-04-02,48.509998321533,91062928
2019-04-03,48.840000152588,93087320
2019-04-04,48.919998168945,76457100
2019-04-05,49.25,74106576
2019-04-08,50.020000457764,103526788
2019-04-09,49.880001068115,143072948
2019-04-10,50.159999847412,86781152
2019-04-11,49.740001678467,83603232
2019-04-12,49.720001220703,111042672
2019-04-15,49.810001373291,70146584
2019-04-16,49.810001373291,102785540
2019-04-17,50.779998779297,115627120
2019-04-18,50.970001220703,96783064
2019-04-22,51.130001068115,77758180
2019-04-23,51.869998931885,93291964
2019-04-24,51.790000915527,70162436
2019-04-25,51.319999694824,74172824
2019-04-26,51.080001831055,74596408
2019-04-29,51.150001525879,88818864
2019-04-30,50.169998168945,186139692
2019-05-01,52.630001068115,259309312
2019-05-02,52.290000915527,127985296
2019-05-03,52.939998626709,83569512
2019-05-06,52.119998931885,129772452
2019-05-07,50.720001220703,155054792
2019-05-08,50.729999542236,105358016
2019-05-09,50.180000305176,139634428
2019-05-10,49.299999237061,164834848
2019-05-13,46.430000305176,229722492
2019-05-14,47.159999847412,146118708
2019-05-15,47.729999542236,106178872
2019-05-16,47.520000457764,132125456
2019-05-17,47.25,131516360
2019-05-20,45.770000457764,154449160
2019-05-21,46.650001525879,113459392
2019-05-22,45.700000762939,118994224
2019-05-23,44.909999847412,146118944
2019-05-24,44.740001678467,94858744
2019-05-28,44.560001373291,111792640
2019-05-29,44.340000152588,113924660
2019-05-30,44.580001831055,84873648
2019-05-31,43.770000457764,108174336
2019-06-03,43.330001831055,161584276
2019-06-04,44.909999847412,123871844
2019-06-05,45.630001068115,119093708
2019-06-06,46.299999237061,90105244
2019-06-07,47.540000915527,122737572
2019-06-10,48.150001525879,104883404
2019-06-11,48.700000762939,107731528
2019-06-12,48.549999237061,73012756
2019-06-13,48.540000915527,86698500
2019-06-14,48.189998626709,75045896
2019-06-17,48.470001220703,58676576
2019-06-18,49.610000610352,106204016
2019-06-19,49.470001220703,84496940
2019-06-20,49.869998931885,86055952
2019-06-21,49.700000762939,191202356
2019-06-24,49.650001525879,72881684
2019-06-25,48.889999389648,84281336
2019-06-26,49.950000762939,104270048
2019-06-27,49.939998626709,83598868
2019-06-28,49.479999542236,124442568
2019-07-01,50.389999389648,109266956
2019-07-02,50.680000305176,67740868
2019-07-03,51.099998474121,45448180
2019-07-05,51.060001373291,69062072
2019-07-08,50.009998321533,101354512
2019-07-09,50.310001373291,82312060
2019-07-10,50.810001373291,71588552
2019-07-11,50.439998626709,80767368
2019-07-12,50.830001831055,70380848
2019-07-15,51.299999237061,67789680
2019-07-16,51.119998931885,67467264
2019-07-17,50.840000152588,56429800
2019-07-18,51.409999847412,74328644
2019-07-19,50.650001525879,83717228
2019-07-22,51.799999237061,89111728
2019-07-23,52.209999084473,73420840
2019-07-24,52.169998168945,59966268
2019-07-25,51.759998321533,55638248
2019-07-26,51.939998626709,70475496
2019-07-29,52.419998168945,86693556
2019-07-30,52.200000762939,135742872
2019-07-31,53.259998321533,277125444
2019-08-01,52.110000610352,216071688
2019-08-02,51.009998321533,163448488
2019-08-05,48.340000152588,209571876
2019-08-06,49.25,143299148
2019-08-07,49.759998321533,133457600
2019-08-08,50.860000610352,108038092
2019-08-09,50.25,98478984
2019-08-12,50.119998931885,89927556
2019-08-13,52.240001678467,190159144
2019-08-14,50.689998626709,146189772
2019-08-15,50.439998626709,111533452
2019-08-16,51.619998931885,115254496
2019-08-19,52.590000152588,97727660
2019-08-20,52.590000152588,107678116
2019-08-21,53.159999847412,86258988
2019-08-22,53.119998931885,89071276
2019-08-23,50.659999847412,187531372
2019-08-26,51.619998931885,104264520
2019-08-27,51.040000915527,103589376
2019-08-28,51.380001068115,63830528
2019-08-29,52.25,84030608
2019-08-30,52.189998626709,84650244
2019-09-03,51.419998168945,80238296
2019-09-04,52.299999237061,76867280
2019-09-05,53.319999694824,95787936
2019-09-06,53.310001373291,77449176
2019-09-09,53.540000915527,109237604
2019-09-10,54.169998168945,127111724
2019-09-11,55.900001525879,177158584
2019-09-12,55.770000457764,128906676
2019-09-13,54.689998626709,159053184
2019-09-16,54.979999542236,84632564
2019-09-17,55.169998168945,73545872
2019-09-18,55.689998626709,102572372
2019-09-19,55.240001678467,88751504
2019-09-20,54.430000305176,231908376
2019-09-23,54.680000305176,77678592
2019-09-24,54.419998168945,125737468
2019-09-25,55.259998321533,89924024
2019-09-26,54.970001220703,76353248
2019-09-27,54.700000762939,101445140
2019-09-30,55.990001678467,105274332
2019-10-01,56.150001525879,144748652
2019-10-02,54.740001678467,143069028
2019-10-03,55.200000762939,121410744
2019-10-04,56.75,139022212
2019-10-07,56.770000457764,123557076
2019-10-08,56.099998474121,117130800
2019-10-09,56.759998321533,76117696
2019-10-10,57.520000457764,115851936
2019-10-11,59.049999237061,167960840
2019-10-14,58.970001220703,97653936
2019-10-15,58.830001831055,92161932
2019-10-16,58.590000152588,77146776
2019-10-17,58.819999694824,69091588
2019-10-18,59.099998474121,97508664
2019-10-21,60.130001068115,89469932
2019-10-22,59.990001678467,90736004
2019-10-23,60.799999237061,79730180
2019-10-24,60.900001525879,71665020
2019-10-25,61.650001525879,73477184
2019-10-28,62.259998321533,96572964
2019-10-29,60.819999694824,142839468
2019-10-30,60.810001373291,124522088
2019-10-31,62.189998626709,139162080
2019-11-01,63.950000762939,151125336
2019-11-04,64.379997253418,103271808
2019-11-05,64.279998779297,79897708
2019-11-06,64.309997558594,75864496
2019-11-07,64.860000610352,94940332
2019-11-08,65.029998779297,70081980
2019-11-11,65.550003051758,82029836
2019-11-12,65.48999786377,87388904
2019-11-13,66.120002746582,103270372
2019-11-14,65.660003662109,89582224
2019-11-15,66.440002441406,100374664
2019-11-18,66.779998779297,86803588
2019-11-19,66.569999694824,76278388
2019-11-20,65.800003051758,106439676
2019-11-21,65.5,121395112
2019-11-22,65.440002441406,65325052
2019-11-25,66.589996337891,84118068
2019-11-26,66.069999694824,105339528
2019-11-27,66.959999084473,65544488
2019-11-29,66.809997558594,46617452
2019-12-02,66.040000915527,94774200
2019-12-03,64.860000610352,117509072
2019-12-04,65.440002441406,67241552
2019-12-05,66.389999389648,74645372
2019-12-06,67.680000305176,106189972
2019-12-09,66.730003356934,128730580
2019-12-10,67.120002746582,90529532
2019-12-11,67.690002441406,78893564
2019-12-12,67.860000610352,137748168
2019-12-13,68.790000915527,133731224
2019-12-16,69.970001220703,128324420
2019-12-17,70.099998474121,114303192
2019-12-18,69.940002441406,116098748
2019-12-19,70.0,98507788
2019-12-20,69.860000610352,276130972
2019-12-23,71.0,98711532
2019-12-24,71.069999694824,48478856
2019-12-26,72.480003356934,93336016
2019-12-27,72.449996948242,146371744
2019-12-30,72.879997253418,144238456
2019-12-31,73.410003662109,100990500
2020-01-02,75.089996337891,135647456
2020-01-03,74.360000610352,146535512
2020-01-06,74.949996948242,118578576
2020-01-07,74.599998474121,111510620
2020-01-08,75.800003051758,132363784
2020-01-09,77.410003662109,170486168
2020-01-10,77.580001831055,140869088
2020-01-13,79.23999786377,122086888
2020-01-14,78.169998168945,162613828
2020-01-15,77.830001831055,121923528
2020-01-16,78.809997558594,108829016
2020-01-17,79.680000305176,137816468
2020-01-21,79.139999389648,110843256
2020-01-22,79.419998168945,101832460
2020-01-23,79.809997558594,104471972
2020-01-24,79.580001831055,146537520
2020-01-27,77.23999786377,161940020
2020-01-28,79.419998168945,162233944
2020-01-29,81.080001831055,216599712
2020-01-30,80.970001220703,126743232
2020-01-31,77.379997253418,199588384
2020-02-03,77.169998168945,173985604
2020-02-04,79.709999084473,136616536
2020-02-05,80.360000610352,118826872
2020-02-06,81.300003051758,105425540
2020-02-07,80.01000213623,117684048
2020-02-10,80.389999389648,109348860
2020-02-11,79.900001525879,94323120
2020-02-12,81.800003051758,113730292
2020-02-13,81.220001220703,94747568
2020-02-14,81.23999786377,80113788
2020-02-18,79.75,152762180
2020-02-19,80.910003662109,93983964
2020-02-20,80.080001831055,100565956
2020-02-21,78.26000213623,129705660
2020-02-24,74.550003051758,222195312
2020-02-25,72.019996643066,230673456
2020-02-26,73.160003662109,198713724
2020-02-27,68.379997253418,320605524
2020-02-28,68.339996337891,426884920
2020-03-02,74.699996948242,341397356
2020-03-03,72.330001831055,319475408
2020-03-04,75.690002441406,219178272
2020-03-05,73.230003356934,187572876
2020-03-06,72.26000213623,226176984
2020-03-09,66.540000915527,286744832
2020-03-10,71.330001831055,285290080
2020-03-11,68.860000610352,256379880
2020-03-12,62.060001373291,418474068
2020-03-13,69.48999786377,370732128
2020-03-16,60.549999237061,322423460
2020-03-17,63.220001220703,324055860
2020-03-18,61.669998168945,300233624
2020-03-19,61.200000762939,271857020
2020-03-20,57.310001373291,401693384
2020-03-23,56.090000152588,336752832
2020-03-24,61.720001220703,287531092
2020-03-25,61.380001068115,303602040
2020-03-26,64.610000610352,252560676
2020-03-27,61.939998626709,204216612
2020-03-30,63.700000762939,167976440
2020-03-31,63.569999694824,197002004
2020-04-01,60.229999542236,176218552
2020-04-02,61.229999542236,165933972
2020-04-03,60.349998474121,129880068
2020-04-06,65.620002746582,201820284
2020-04-07,64.860000610352,202887324
2020-04-08,66.519996643066,168895284
2020-04-09,67.0,162116492
2020-04-13,68.309997558594,131022924
2020-04-14,71.76000213623,194994688
2020-04-15,71.110000610352,131154564
2020-04-16,71.669998168945,157125160
2020-04-17,70.699996948242,215249912
2020-04-20,69.230003356934,130015000
2020-04-21,67.089996337891,180991572
2020-04-22,69.029998779297,117057368
2020-04-23,68.76000213623,124814328
2020-04-24,70.73999786377,126508732
2020-04-27,70.790000915527,117087572
2020-04-28,69.639999389648,112004748
2020-04-29,71.930000305176,137280816
2020-04-30,73.449996948242,183063872
2020-05-01,72.269996643066,240616700
2020-05-04,73.290000915527,133567944
2020-05-05,74.389999389648,147751180
2020-05-06,75.160003662109,142333752
2020-05-07,75.940002441406,115215056
2020-05-08,77.529998779297,134047940
2020-05-11,78.75,145946244
2020-05-12,77.849998474121,162301052
2020-05-13,76.910003662109,200622556
2020-05-14,77.389999389648,158929076
2020-05-15,76.930000305176,166348376
2020-05-18,78.73999786377,135372500
2020-05-19,78.279998779297,101729540
2020-05-20,79.809997558594,111504860
2020-05-21,79.209999084473,102688844
2020-05-22,79.720001220703,81803016
2020-05-26,79.180000305176,125521816
2020-05-27,79.529998779297,112945096
2020-05-28,79.559997558594,133796412
2020-05-29,79.480003356934,153598128
2020-06-01,80.459999084473,81018612
2020-06-02,80.830001831055,87642816
2020-06-03,81.279998779297,104491216
2020-06-04,80.580001831055,87560364
2020-06-05,82.879997253418,137250200
2020-06-08,83.360000610352,95654536
2020-06-09,86.0,147712364
2020-06-10,88.209999084473,166651752
2020-06-11,83.970001220703,201662452
2020-06-12,84.699996948242,200146052
2020-06-15,85.75,138808920
2020-06-16,88.019996643066,165428728
2020-06-17,87.900001525879,114406504
2020-06-18,87.930000305176,96820384
2020-06-19,87.430000305176,264475808
2020-06-22,89.720001220703,135445264
2020-06-23,91.629997253418,212155476
2020-06-24,90.019996643066,192623396
2020-06-25,91.209999084473,137522512
2020-06-26,88.410003662109,205256844
2020-06-29,90.440002441406,130646076
2020-06-30,91.199996948242,140223284
2020-07-01,91.029998779297,110737236
2020-07-02,91.029998779297,114041468
2020-07-06,93.459999084473,118655652
2020-07-07,93.169998168945,112424456
2020-07-08,95.339996337891,117091880
2020-07-09,95.680000305176,125642608
2020-07-10,95.919998168945,90257320
2020-07-13,95.480003356934,191649140
2020-07-14,97.059997558594,170989364
2020-07-15,97.720001220703,153197932
2020-07-16,96.519996643066,110577672
2020-07-17,96.330001831055,92186900
2020-07-20,98.360000610352,90317908
2020-07-21,97.0,103645836
2020-07-22,97.269996643066,89001652
2020-07-23,92.839996337891,197004432
2020-07-24,92.610000610352,185438864
2020-07-27,94.809997558594,121214192
2020-07-28,93.25,103625500
2020-07-29,95.040000915527,90329256
2020-07-30,96.190002441406,158130020
2020-07-31,106.26000213623,374295468
2020-08-03,108.94000244141,308151388
2020-08-04,109.66999816895,172792368
2020-08-05,110.05999755859,121991952
2020-08-06,113.90000152588,202428900
2020-08-07,111.11000061035,198045612
2020-08-10,112.73000335693,212403424
2020-08-11,109.37999725342,187902376
2020-08-12,113.01000213623,165944820
2020-08-13,115.01000213623,210082064
2020-08-14,114.91000366211,165565208
2020-08-17,114.61000061035,119561444
2020-08-18,115.55999755859,105633540
2020-08-19,115.70999908447,145538008
2020-08-20,118.2799987793,126907188
2020-08-21,124.37000274658,338054640
2020-08-24,125.86000061035,345937768
2020-08-25,124.83000183105,211495788
2020-08-26,126.51999664307,163022268
2020-08-27,125.01000213623,155552384
2020-08-28,124.80999755859,187629916
2020-08-31,129.03999328613,225702688
2020-09-01,134.17999267578,152470142
2020-09-02,131.39999389648,200118991
2020-09-03,120.87999725342,257599640
2020-09-04,120.95999908447,332607163
2020-09-08,112.81999969482,231366563
2020-09-09,117.31999969482,176940455
2020-09-10,113.48999786377,182274391
2020-09-11,112.0,180860325
2020-09-14,115.36000061035,140150087
2020-09-15,115.54000091553,184642039
2020-09-16,112.12999725342,155026675
2020-09-17,110.33999633789,178010968
2020-09-18,106.83999633789,287104882
2020-09-21,110.08000183105,195713815
2020-09-22,111.80999755859,183055373
2020-09-23,107.12000274658,150718671
2020-09-24,108.2200012207,167743349
2020-09-25,112.2799987793,149981441
2020-09-28,114.95999908447,137672403
2020-09-29,114.08999633789,100060526
2020-09-30,115.80999755859,142675184
2020-10-01,116.79000091553,116120440
2020-10-02,113.01999664307,144711986
2020-10-05,116.5,106243839
2020-10-06,113.16000366211,161498212
2020-10-07,115.08000183105,96848985
2020-10-08,114.9700012207,83477153
2020-10-09,116.9700012207,100506865
2020-10-12,124.40000152588,240226769
2020-10-13,121.09999847412,262330451
2020-10-14,121.19000244141,151062308
2020-10-15,120.70999908447,112559219
2020-10-16,119.01999664307,115393808
2020-10-19,115.98000335693,120639337
2020-10-20,117.51000213623,124423728
2020-10-21,116.87000274658,89945980
2020-10-22,115.75,101987954
2020-10-23,115.04000091553,82572645
2020-10-26,115.05000305176,111850657
2020-10-27,116.59999847412,92276772
2020-10-28,111.19999694824,143937823
2020-10-29,115.31999969482,146129173
2020-10-30,108.86000061035,190573476
2020-11-02,108.76999664307,122866899
2020-11-03,110.44000244141,107624448
2020-11-04,114.94999694824,138235482
2020-11-05,119.0299987793,126387074
2020-11-06,118.69000244141,114457922
2020-11-09,116.31999969482,154515315
2020-11-10,115.9700012207,138023390
2020-11-11,119.48999786377,112294954
2020-11-12,119.20999908447,103350674
2020-11-13,119.26000213623,81688586
2020-11-16,120.30000305176,91183018
2020-11-17,119.38999938965,74270973
2020-11-18,118.0299987793,76322111
2020-11-19,118.63999938965,74112972
2020-11-20,117.33999633789,73604287
2020-11-23,113.84999847412,127959318
2020-11-24,115.16999816895,113874218
2020-11-25,116.0299987793,76499234
2020-11-27,116.58999633789,46691331
2020-11-30,119.05000305176,169410176
2020-12-01,122.7200012207,128166803
2020-12-02,123.08000183105,89004195
2020-12-03,122.94000244141,78967630
2020-12-04,122.25,78260421
2020-12-07,123.75,86711990
2020-12-08,124.37999725342,82225512
2020-12-09,121.7799987793,115089193
2020-12-10,123.23999786377,81312170
2020-12-11,122.41000366211,86939786
2020-12-14,121.7799987793,79075988
2020-12-15,127.87999725342,157572262
2020-12-16,127.80999755859,98208591
2020-12-17,128.69999694824,94359811
2020-12-18,126.6549987793,192541496
2020-12-21,128.22999572754,121251553
2020-12-22,131.88000488281,169351825
2020-12-23,130.96000671387,88223692
2020-12-24,131.9700012207,54930064
2020-12-28,136.69000244141,124486237
2020-12-29,134.86999511719,121047324
2020-12-30,133.7200012207,96452124
2020-12-31,132.69000244141,99116586
2021-01-04,129.41000366211,143301887
2021-01-05,131.2200012207,97664898
2021-01-06,129.5299987793,155087970
2021-01-07,130.63000488281,109578157
2021-01-08,131.16999816895,105158245
2021-01-11,129.47999572754,100620880
2021-01-12,128.44999694824,91951145
2021-01-13,131.32000732422,88636831
2021-01-14,130.38000488281,90221755
2021-01-15,128.0299987793,111598531
2021-01-19,127.16999816895,90757329
2021-01-20,131.61999511719,104319489
2021-01-21,136.87,602647720
2021-01-22,139.07,343378080
2021-01-25,142.92,630446852
2021-01-26,142.895,196781110
2021-01-27,143.16,140843759
2021-01-28,137.09,285242256
2021-01-29,131.96,355047624
2021-02-01,134.14,318719469
2021-02-02,134.99,416526835
2021-02-03,133.94,359523748
2021-02-04,137.39,252549183
2021-02-05,136.76,151387660
2021-02-08,136.91,213891642
2021-02-09,136.01,307096852
2021-02-10,135.39,292186252
2021-02-11,135.13,192840087
2021-02-12,135.13,60145130
2021-02-16,135.37,80576316
2021-02-17,133.19,98085249
2021-02-18,130.84,96856748
2021-02-19,129.71,87668834
2021-02-22,129.87,103916419
2021-02-23,126.0,158273022
2021-02-24,125.86,111039904
2021-02-25,125.35,148199540
2021-02-26,121.26,658241576
2021-03-01,127.79,348923676
2021-03-02,125.12,306782835
2021-03-03,122.06,338899020
2021-03-04,120.13,534464925
2021-03-05,121.42,461299803
2021-03-08,116.36,617506440
2021-03-09,121.085,518103120
2021-03-10,119.98,447773304
2021-03-11,121.96,309079542
2021-03-12,121.03,176210100
2021-03-15,123.99,277771665
2021-03-16,125.57,345683808
2021-03-17,124.76,335797908
2021-03-18,120.53,364409265
2021-03-19,119.99,556648566
2021-03-22,123.39,335736852
2021-03-23,122.54,286401426
2021-03-24,120.09,265591455
2021-03-25,120.59,296534043
2021-03-26,121.21,282213702
2021-03-29,121.39,242457609
2021-03-30,119.9,257015757
2021-03-31,122.15,354971478
2021-04-01,123.0,225267402
2021-04-05,123.0,88651175
2021-04-06,125.9,80171253
2021-04-07,126.21,83466716
2021-04-08,127.9,88844591
2021-04-09,130.36,106686703
2021-04-12,132.995,91419983
2021-04-13,131.24,91266545
2021-04-14,132.03,174445564
2021-04-15,134.5,178694204
2021-04-16,134.5,84922386
2021-04-19,134.84,188528430
2021-04-20,132.755,189624698
2021-04-21,133.5,137694272
2021-04-22,131.94,338265824
2021-04-23,134.32,315027116
2021-04-26,134.72,267620276
2021-04-27,134.39,264063216
2021-04-28,133.58,431040388
2021-04-29,133.48,151100953
2021-04-30,131.46,109839466
2021-05-03,132.54,75135100
2021-05-04,127.85,137564718
2021-05-05,128.1,84000900
2021-05-06,129.74,78128334
2021-05-07,130.21,78973273
2021-05-10,126.85,88071229
2021-05-11,125.91,126142826
2021-05-12,122.77,112172282
2021-05-13,124.97,105861339
2021-05-14,127.45,81917951
2021-05-17,126.27,74244624
2021-05-18,124.85,63342929
2021-05-19,124.69,92611989
2021-05-20,127.31,76857123
2021-05-21,125.43,79295436
2021-05-24,127.1,63092945
2021-05-25,126.9,72009482
2021-05-26,126.85,56575920
2021-05-27,125.28,94625601
2021-05-28,124.61,71311109
2021-06-01,124.28,67637118
2021-06-02,125.06,59278862
2021-06-03,123.54,76229170
2021-06-04,125.89,75169343
2021-06-07,125.9,71057550
2021-06-08,126.74,74403774
2021-06-09,127.13,56877937
2021-06-10,126.11,71186421
2021-06-11,127.35,53522373
2021-06-14,130.48,96906490
2021-06-15,129.64,62746332
2021-06-16,130.15,91815026
2021-06-17,131.79,96721669
2021-06-18,130.46,108953309
2021-06-21,132.3,79663316
2021-06-22,133.98,74783618
2021-06-23,133.7,60214200
2021-06-24,133.41,68710998
2021-06-25,133.11,70783746
2021-06-28,134.78,62111303
2021-06-29,136.33,64556081
2021-06-30,136.96,63261393
2021-07-01,137.27,52485781
2021-07-02,139.96,78945572
2021-07-06,142.02,108181793
2021-07-07,144.57,104911589
2021-07-08,143.24,105575458
2021-07-09,145.11,99890800
2021-07-12,144.5,76299719
2021-07-13,145.64,100827099
2021-07-14,149.15,127050785
2021-07-15,148.48,106820297
2021-07-16,146.39,93251426
2021-07-19,142.45,121434571
2021-07-20,146.15,96350036
2021-07-21,145.4,74993460
2021-07-22,146.8,77338156
2021-07-23,148.56,71447416
2021-07-26,148.99,72434089
2021-07-27,146.77,104818578
2021-07-28,144.98,118931191
2021-07-29,145.64,56699475
2021-07-30,145.86,70440626
2021-08-02,145.52,62879961
2021-08-03,147.36,64786618
2021-08-04,146.95,56368271
2021-08-05,147.06,46397674
2021-08-06,146.14,54126813
2021-08-09,146.09,48908689
2021-08-10,145.6,69023081
2021-08-11,145.86,48493463
2021-08-12,148.89,73779113
2021-08-13,149.1,59375009
2021-08-16,151.12,103558782
2021-08-17,150.19,92229735
2021-08-18,146.36,86325990
2021-08-19,146.7,86960310
2021-08-20,148.19,60549630
2021-08-23,149.71,60131810
2021-08-24,149.62,48606428
2021-08-25,148.36,58991297
2021-08-26,147.54,48597195
2021-08-27,148.6,55802388
2021-08-30,153.12,90956723
2021-08-31,151.83,86453117
2021-09-01,152.51,80313711
2021-09-02,153.65,71171317
2021-09-03,154.3,57866066
2021-09-07,156.69,82278261
2021-09-08,155.11,74420207
2021-09-09,154.07,57305730
2021-09-10,148.97,140893235
2021-09-13,149.55,102404329
2021-09-14,148.12,109296295
2021-09-15,149.03,83281315
2021-09-16,148.79,68034149
2021-09-17,146.06,129868824
2021-09-20,142.94,123478863
2021-09-21,143.43,75833962
2021-09-22,145.85,76404341
2021-09-23,146.83,64838170
2021-09-24,146.92,53477869
2021-09-27,145.37,74150729
2021-09-28,141.91,108972340
2021-09-29,142.83,74602044
2021-09-30,141.5,89056664
2021-10-01,142.65,94639581
2021-10-04,139.14,98322008
2021-10-05,141.11,80861062
2021-10-06,142.0,83221119
2021-10-07,143.29,61732656
2021-10-08,142.9,58773155
2021-10-11,142.81,64452219
2021-10-12,141.51,73035859
2021-10-13,140.91,78762721
2021-10-14,143.76,69907100
2021-10-15,144.84,67940334
2021-10-18,146.55,85589175
2021-10-19,148.76,76378894
2021-10-20,149.26,58418788
2021-10-21,149.48,61420990
2021-10-22,148.69,58883443
2021-10-25,148.64,50720556
2021-10-26,149.32,60893395
2021-10-27,148.85,56094929
2021-10-28,152.57,100077888
2021-10-29,149.8,124953168
2021-11-01,148.96,74588258
2021-11-02,150.02,69121987
2021-11-03,151.49,54511534
2021-11-04,150.96,60394616
2021-11-05,151.28,65463883
2021-11-08,150.44,55020868
2021-11-09,150.81,56787930
2021-11-10,147.92,65187092
2021-11-11,147.87,40999950
2021-11-12,149.99,63804008
2021-11-15,150.0,59222803
2021-11-16,151.0,59256210
2021-11-17,153.49,88807000
2021-11-18,157.87,137827673
2021-11-19,160.55,117305597
2021-11-22,161.02,117467889
2021-11-23,161.41,96041899
2021-11-24,161.94,69463623
2021-11-26,156.81,76959752
2021-11-29,160.24,88748217
2021-11-30,165.3,174048056
2021-12-01,164.77,152423003
2021-12-02,163.76,136739174
2021-12-03,161.84,118023116
2021-12-06,165.32,107496982
2021-12-07,171.18,120405352
2021-12-08,175.08,116998901
2021-12-09,174.56,108923739
2021-12-10,179.45,115402731
2021-12-13,175.74,153237019
2021-12-14,174.33,139380382
2021-12-15,179.3,131063257
2021-12-16,172.26,150185843
2021-12-17,171.14,195923441
2021-12-20,169.75,107499114
2021-12-21,172.99,91185905
2021-12-22,175.64,92135303
2021-12-23,176.28,68356567
2021-12-27,180.33,74919582
2021-12-28,179.29,79144339
2021-12-29,179.38,62348931
2021-12-30,178.2,59773014
2021-12-31,177.57,64062261
2022-01-03,182.01,104701220
2022-01-04,179.7,99310438
2022-01-05,174.92,94537602
2022-01-06,172.0,96903955
2022-01-07,172.17,86709147
2022-01-10,172.19,106765552
2022-01-11,175.08,76138312
2022-01-12,175.53,74805173
2022-01-13,172.19,84505760
2022-01-14,173.07,80440780
2022-01-18,169.8,91168729
2022-01-19,166.23,94814990
2022-01-20,164.51,91420515
2022-01-21,162.41,122848858
2022-01-24,161.62,162706686
2022-01-25,159.78,115798367
2022-01-26,159.69,108275308
2022-01-27,159.22,121954638
2022-01-28,170.33,179935660
2022-01-31,174.78,115541590
2022-02-01,174.61,86213911
2022-02-02,175.84,84914256
2022-02-03,172.9,89418074
2022-02-04,172.39,82465400
2022-02-07,171.66,77251204
2022-02-08,174.83,74829217
2022-02-09,176.28,71285038
2022-02-10,172.12,90865899
2022-02-11,168.64,98670687
2022-02-14,168.88,86185530
2022-02-15,172.79,64286320
2022-02-16,172.55,61177398
2022-02-17,168.88,69589344
2022-02-18,167.3,82772674
2022-02-22,164.32,91162758
2022-02-23,160.07,90009247
2022-02-24,162.74,141147540
2022-02-25,164.85,91974222
2022-02-28,165.12,95056629
2022-03-01,163.2,83474425
2022-03-02,166.56,79724750
2022-03-03,166.23,76678441
2022-03-04,163.17,83819592
2022-03-07,159.3,96418845
2022-03-08,157.44,131148280
2022-03-09,162.95,91454905
2022-03-10,158.52,105342033
2022-03-11,154.73,96970102
2022-03-14,150.62,108732111
2022-03-15,155.09,92964302
2022-03-16,159.59,102300157
2022-03-17,160.62,75615376
2022-03-18,163.98,123511692
2022-03-21,165.38,95811352
2022-03-22,168.82,81532007
2022-03-23,170.21,98062674
2022-03-24,174.07,90131418
2022-03-25,174.72,80546156
2022-03-28,175.6,90371916
2022-03-29,178.96,100589440
2022-03-30,177.77,92633154
2022-03-31,174.61,103049285
2022-04-01,174.31,78751328
2022-04-04,178.44,76545983
2022-04-05,175.06,73401786
2022-04-06,171.83,89058782
2022-04-07,172.14,77594650
2022-04-08,170.09,76575508
2022-04-11,165.75,72246706
2022-04-12,167.66,79265181
2022-04-13,170.4,70618925
2022-04-14,165.29,75329376
2022-04-18,165.07,69023941
2022-04-19,167.4,67723833
2022-04-20,167.23,67929814
2022-04-21,166.42,87227768
2022-04-22,161.79,84882424
2022-04-25,162.88,96046376
2022-04-26,156.8,95623240
2022-04-27,156.57,88063191
2022-04-28,163.64,130216792
2022-04-29,157.65,131747571
2022-05-02,157.96,123055265
2022-05-03,159.48,88966526
2022-05-04,166.02,108256503
2022-05-05,156.77,130525275
2022-05-06,157.28,116124647
2022-05-09,152.06,131577921
2022-05-10,154.51,115366736
2022-05-11,146.5,142689825
2022-05-12,142.56,182602041
2022-05-13,147.11,113990852
2022-05-16,145.54,86643781
2022-05-17,149.24,78336254
2022-05-18,140.82,109742890
2022-05-19,137.35,136095640
2022-05-20,137.59,137426125
2022-05-23,143.11,117726265
2022-05-24,140.36,104132746
2022-05-25,140.52,92482696
2022-05-26,143.78,90601548
2022-05-27,149.64,90978503
2022-05-31,148.84,103718416
2022-06-01,148.71,74286635
2022-06-02,151.21,72348055
2022-06-03,145.38,88570289
2022-06-06,146.14,71598380
2022-06-07,148.71,67808150
2022-06-08,147.96,53950201
2022-06-09,142.64,69472976
2022-06-10,137.13,91566637
2022-06-13,131.88,122207099
2022-06-14,132.76,84784326
2022-06-15,135.43,91532972
2022-06-16,130.06,107961508
2022-06-17,131.56,134520290
2022-06-21,135.87,81000488
2022-06-22,135.35,73409234
2022-06-23,138.27,72433768
2022-06-24,141.66,89116837
2022-06-27,141.66,70207908
2022-06-28,137.44,67315328
2022-06-29,139.23,66242411
2022-06-30,136.72,98964467
2022-07-01,138.93,71051552
2022-07-05,141.56,73429641
2022-07-06,142.92,74064254
2022-07-07,146.35,66253709
2022-07-08,147.04,64547798
2022-07-11,144.87,63305113
2022-07-12,145.86,77588759
2022-07-13,145.49,71185560
2022-07-14,148.47,78140744
2022-07-15,150.17,76259931
2022-07-18,147.07,81420868
2022-07-19,151.0,82982367
2022-07-20,153.04,64823413
2022-07-21,155.35,65086636
2022-07-22,154.09,66675408
2022-07-25,152.95,53623945
2022-07-26,151.6,55138691
2022-07-27,156.79,78620688
2022-07-28,157.35,81378731
2022-07-29,162.51,101786860
2022-08-01,161.51,67829379
2022-08-02,160.01,59907025
2022-08-03,166.13,82507488
2022-08-04,165.81,55474144
2022-08-05,165.35,56696985
2022-08-08,164.87,60362338
2022-08-09,164.92,63135503
2022-08-10,169.24,70170540
2022-08-11,168.49,57149159
2022-08-12,172.1,68039382
2022-08-15,173.19,54091694
2022-08-16,173.03,56377050
2022-08-17,174.55,79542037
2022-08-18,174.15,62290075
2022-08-19,171.52,70346295
2022-08-22,167.57,69026809
2022-08-23,167.23,54147079
2022-08-24,167.53,53841524
2022-08-25,170.03,51218209
2022-08-26,163.62,78960980
2022-08-29,161.38,73313953
2022-08-30,158.91,77906197
2022-08-31,157.22,87991091
2022-09-01,157.96,74229896
2022-09-02,155.81,76957768
2022-09-06,154.5701,73714843
2022-09-07,154.666,87449574
2022-09-08,154.86,84923847
2022-09-09,156.43,68081006
2022-09-12,163.43,104955962
2022-09-13,153.84,122656614
2022-09-14,154.91,87965409
2022-09-15,152.37,90481110
2022-09-16,150.7,162278841
2022-09-19,154.48,81474246
2022-09-20,155.14,107689796
2022-09-21,153.72,101696790
2022-09-22,152.365,86652542
2022-09-23,150.35,96029909
2022-09-26,153.46,93339409
2022-09-27,152.92,84442741
2022-09-28,146.8245,146691387
2022-09-29,143.47,128138237
2022-09-30,138.2,124925274
2022-10-03,140.98,114311663
2022-10-04,145.95,87830064
2022-10-05,143.53,79470968
2022-10-06,145.73,68402169
2022-10-07,141.12,85925559
2022-10-10,139.39,74899002
2022-10-11,138.88,77033672
2022-10-12,139.5708,70433744
2022-10-13,142.99,113223975
2022-10-14,140.61,88597969
2022-10-17,141.8832,85250939
2022-10-18,145.3068,99136610
2022-10-19,144.4271,61758340
2022-10-20,145.1414,64521989
2022-10-21,144.67,86548609
2022-10-24,149.45,75981918
2022-10-25,151.155,74732290
2022-10-26,150.5,88436172
2022-10-27,144.8,109180150
2022-10-28,155.74,164762371
2022-10-31,153.34,97943171
2022-11-01,150.65,80379345
2022-11-02,145.03,93604623
2022-11-03,138.88,97918516
2022-11-04,138.38,140814796
2022-11-07,138.92,83374628
2022-11-08,139.5,89908477
2022-11-09,134.87,74917794
2022-11-10,146.87,118854028
2022-11-11,149.7,93979665
2022-11-14,148.28,73374114
2022-11-15,150.04,89868332
2022-11-16,148.79,64218266
2022-11-17,150.72,80389400
2022-11-18,151.29,74829573
2022-11-21,148.01,58724070
2022-11-22,150.18,51804132
2022-11-23,151.07,58301395
2022-11-25,148.11,35195860
2022-11-28,144.22,69346522
2022-11-29,141.17,83763803
2022-11-30,148.03,111380880
2022-12-01,148.31,71250416
2022-12-02,147.81,65447446
2022-12-05,146.63,68826442
2022-12-06,142.91,64727186
2022-12-07,140.94,69721094
2022-12-08,142.65,62128338
2022-12-09,142.16,76097011
2022-12-12,144.49,70462654
2022-12-13,145.47,93886161
2022-12-14,143.21,82291182
2022-12-15,136.5,98931907
2022-12-16,134.51,160156900
2022-12-19,132.37,79592614
2022-12-20,132.3,77432819
2022-12-21,135.45,85927993
2022-12-22,132.23,77852108
2022-12-23,131.86,63814893
2022-12-27,130.03,69007830
2022-12-28,126.04,85438391
2022-12-29,129.61,75703710
2022-12-30,129.93,77034209
2023-01-03,125.07,112117471
2023-01-04,126.36,89113633
2023-01-05,125.02,80962708
2023-01-06,129.62,87754715
2023-01-09,130.15,70790813
2023-01-10,130.73,63896155
2023-01-11,133.49,69458949
2023-01-12,133.41,71379648
2023-01-13,134.76,57809719
2023-01-17,135.94,63646627
2023-01-18,135.21,69672800
2023-01-19,135.27,58280413
2023-01-20,137.87,80223626
2023-01-23,141.11,81760313
2023-01-24,142.53,66435142
2023-01-25,141.86,65799349
2023-01-26,143.96,54105068
2023-01-27,145.93,70555843
2023-01-30,143.0,64015274
2023-01-31,144.29,65874459
2023-02-01,145.43,77663633
2023-02-02,150.82,118338980
2023-02-03,154.5,154357337
2023-02-06,151.73,69858306
2023-02-07,154.65,83322551
2023-02-08,151.92,64120079
2023-02-09,150.87,56007143
2023-02-10,151.01,57450708
2023-02-13,153.85,62199013
2023-02-14,153.2,61707573
2023-02-15,155.33,65669252
2023-02-16,153.71,68167942
2023-02-17,152.55,59144118
2023-02-21,148.48,58867230
2023-02-22,148.91,51011305
2023-02-23,149.4,48394249
2023-02-24,146.71,55469606
2023-02-27,147.92,44998470
2023-02-28,147.41,50546998
2023-03-01,145.31,55478991
2023-03-02,145.91,52279761
2023-03-03,151.03,70732297
2023-03-06,153.83,87558028
2023-03-07,151.6,56182028
2023-03-08,152.87,47204791
2023-03-09,150.59,53833582
2023-03-10,148.5,68572400
2023-03-13,150.47,84457122
2023-03-14,152.59,73695893
2023-03-15,152.99,77167866
2023-03-16,155.85,76254419
2023-03-17,155.0,98944633
2023-03-20,157.4,73641415
2023-03-21,159.28,73938285
2023-03-22,157.83,75701811
2023-03-23,158.93,67622060
2023-03-24,160.25,59256343
2023-03-27,158.28,52390266
2023-03-28,157.65,45992152
2023-03-29,160.77,51305691
2023-03-30,162.36,49501689
2023-03-31,164.9,68749792
2023-04-03,166.17,56976187
2023-04-04,165.63,46278295
2023-04-05,163.76,51511744
2023-04-06,164.66,45390123
2023-04-10,162.03,47716882
2023-04-11,160.8,47644217
2023-04-12,160.1,50133062
2023-04-13,165.56,68445649
2023-04-14,165.21,49386480
2023-04-17,165.23,41516217
2023-04-18,166.47,49923008
2023-04-19,167.63,47720166
2023-04-20,166.65,52456377
2023-04-21,165.02,58337341
2023-04-24,165.33,41949581
2023-04-25,163.77,48714063
2023-04-26,163.76,45498796
2023-04-27,168.41,64902329
2023-04-28,169.68,55275851
2023-05-01,169.59,52472936
2023-05-02,168.54,48425696
2023-05-03,167.45,65136018
2023-05-04,165.79,81235427
2023-05-05,173.57,113453171
2023-05-08,173.5,55962793
2023-05-09,171.77,45326874
2023-05-10,173.555,53724501
2023-05-11,173.75,49514676
2023-05-12,172.57,45533138
2023-05-15,172.07,37266659
2023-05-16,172.07,42110293
2023-05-17,172.69,57951604
2023-05-18,175.05,65496657
2023-05-19,175.16,55809475
2023-05-22,174.2,43570932
2023-05-23,171.56,50747263
2023-05-24,171.84,45143488
2023-05-25,172.99,56058258
2023-05-26,175.43,54834975
2023-05-30,177.3,55964401
2023-05-31,177.25,99625288
2023-06-01,180.09,68901809
2023-06-02,180.95,61996913
2023-06-05,179.58,121946497
2023-06-06,179.21,64848374
2023-06-07,177.82,61944615
2023-06-08,180.57,50214881
2023-06-09,180.96,48899973
2023-06-12,183.79,54754995
2023-06-13,183.31,54929129
2023-06-14,183.95,57462882
2023-06-15,186.01,65433166
2023-06-16,184.92,101256225
2023-06-20,185.01,49799092
2023-06-21,183.96,49515697
2023-06-22,187.0,51245327
2023-06-23,186.68,53116996
2023-06-26,185.27,48088661
2023-06-27,188.06,50730846
2023-06-28,189.25,51216801
2023-06-29,189.59,46347308
2023-06-30,193.97,85213216
2023-07-03,192.46,31458198
2023-07-05,191.33,46920261
2023-07-06,191.81,45156009
2023-07-07,190.68,46814998
2023-07-10,188.61,59922163
2023-07-11,188.08,46638119
2023-07-12,189.77,60750248
2023-07-13,190.54,41342338
2023-07-14,190.69,41616242
2023-07-17,193.99,50520159
2023-07-18,193.73,48353774
2023-07-19,195.1,80507323
2023-07-20,193.13,59581196
2023-07-21,191.94,71951683
2023-07-24,192.75,45505097
2023-07-25,193.62,37283201
2023-07-26,194.5,47471868
2023-07-27,193.22,47460180
2023-07-28,195.83,48291443
2023-07-31,196.45,38824113
2023-08-01,195.605,35281426
2023-08-02,192.58,50389327
2023-08-03,191.17,62243282
2023-08-04,181.99,115956841
2023-08-07,178.85,97576069
2023-08-08,179.8,67823003
2023-08-09,178.19,60378492
2023-08-10,177.97,54686851
2023-08-11,177.79,52036672
2023-08-14,179.46,43675627
2023-08-15,177.45,43622593
2023-08-16,176.57,46964857
2023-08-17,174.0,66062882
2023-08-18,174.49,61172150
2023-08-21,175.84,46311879
2023-08-22,177.23,42084245
2023-08-23,181.12,52722752
2023-08-24,176.38,54945798
2023-08-25,178.61,51449594
2023-08-28,180.19,43820697
2023-08-29,184.12,53003948
2023-08-30,187.65,60813888
2023-08-31,187.87,60794467
2023-09-01,189.46,45766503
2023-09-05,189.7,45280027
2023-09-06,182.91,81755816
2023-09-07,177.56,112488803
2023-09-08,178.18,65602066
2023-09-11,179.36,58953052
2023-09-12,176.3,90370192
2023-09-13,174.21,84267928
2023-09-14,175.74,60895757
2023-09-15,175.01,109259461
2023-09-18,177.97,67257573
2023-09-19,179.07,51826941
2023-09-20,175.49,58436181
2023-09-21,173.93,63149116
2023-09-22,174.79,56725385
2023-09-25,176.08,46172740
2023-09-26,171.96,64588945
2023-09-27,170.43,66921808
2023-09-28,170.69,56294419
2023-09-29,171.21,51861083
2023-10-02,173.75,52164535
2023-10-03,172.4,49594613
2023-10-04,173.0354,53020286
2023-10-05,174.91,48527918
2023-10-06,177.49,57266675
2023-10-09,178.99,42390772
2023-10-10,178.39,43698019
2023-10-11,179.8,47551098
2023-10-12,180.71,56743119
2023-10-13,178.85,51456082
2023-10-16,178.72,52516984
2023-10-17,177.15,57549350
2023-10-18,175.84,54764375
2023-10-19,175.46,59302863
2023-10-20,172.88,64244028
2023-10-23,173.0,55980109
2023-10-24,173.44,43816644
2023-10-25,171.1,57156962
2023-10-26,166.89,70625258
2023-10-27,168.22,58499129
2023-10-30,170.29,51130955
2023-10-31,170.77,44846017
2023-11-01,173.97,56934906
2023-11-02,177.57,77334752
2023-11-03,176.65,79829246
2023-11-06,179.23,63841310
2023-11-07,181.82,70529966
2023-11-08,182.89,49340282
2023-11-09,182.41,53763540
2023-11-10,186.4,66177922
2023-11-13,184.8,43627519
2023-11-14,187.44,60108378
2023-11-15,188.01,53790499
2023-11-16,189.71,54412915
2023-11-17,189.69,50941404
2023-11-20,191.45,46538614
2023-11-21,190.64,38134485
2023-11-22,191.31,39630011
2023-11-24,189.97,24048344
2023-11-27,189.79,40552609
2023-11-28,190.4,38415419
2023-11-29,189.37,43014224
2023-11-30,189.95,48794366
2023-12-01,191.24,45704823
2023-12-04,189.43,43389519
2023-12-05,193.42,66628398
2023-12-06,192.32,41089737
2023-12-07,194.27,47477655
2023-12-08,195.71,53406358
2023-12-11,193.18,60943699
2023-12-12,194.71,52696900
2023-12-13,197.96,70404183
2023-12-14,198.11,66831572
2023-12-15,197.57,128538401
2023-12-18,195.89,55751861
2023-12-19,196.94,40714051
2023-12-20,194.83,52242815
2023-12-21,194.68,46482549
2023-12-22,193.6,37149570
2023-12-26,193.05,28919310
2023-12-27,193.15,48087681
2023-12-28,193.58,34049898
2023-12-29,192.53,85344296
2024-01-02,185.64,82488674
2024-01-03,184.25,58414460
2024-01-04,181.91,71983570
2024-01-05,181.18,62379661
2024-01-08,185.56,59144470
2024-01-09,185.14,42841809
2024-01-10,186.19,46792908
2024-01-11,185.59,49128408
2024-01-12,185.92,40477782
2024-01-16,183.63,65603041
2024-01-17,182.68,47317433
2024-01-18,188.63,78005754
2024-01-19,191.56,68902985
2024-01-22,193.89,60133852
2024-01-23,195.18,42355590
2024-01-24,194.5,53631316
2024-01-25,194.17,54822126
2024-01-26,192.42,44594011
2024-01-29,191.73,47145622
2024-01-30,188.04,111718740
2024-01-31,184.4,55467803
2024-02-01,186.86,64885408
2024-02-02,185.85,102551680
2024-02-05,187.68,69668820
2024-02-06,189.3,43490759
2024-02-07,189.41,53438955
2024-02-08,188.32,40962046
2024-02-09,188.85,45155216
2024-02-12,187.15,41781934
2024-02-13,185.04,56529529
2024-02-14,184.15,54630517
2024-02-15,183.86,65434496
2024-02-16,182.31,49752465
2024-02-20,181.56,53665553
2024-02-21,182.32,41529674
2024-02-22,184.37,52292208
2024-02-23,182.52,45119677
2024-02-26,181.16,40867421
2024-02-27,182.63,54318851
2024-02-28,181.42,48953939
2024-02-29,180.75,136682597
2024-03-01,179.66,73563082
2024-03-04,175.1,81510101
2024-03-05,170.12,95132355
2024-03-06,169.12,68587707
2024-03-07,169.0,71765061
2024-03-08,170.73,76267041
2024-03-11,172.75,60139473
2024-03-12,173.23,59825372
2024-03-13,171.13,52488692
2024-03-14,173.0,72913507
2024-03-15,172.62,121752699
2024-03-18,173.72,75604184
2024-03-19,176.08,55215244
2024-03-20,178.67,53423102
2024-03-21,171.37,106181270
2024-03-22,172.28,71160138
2024-03-25,170.85,54288328
2024-03-26,169.71,57388449
2024-03-27,173.31,60273265
2024-03-28,171.48,65672690
2024-04-01,170.03,46240500
2024-04-02,168.84,49329481
2024-04-03,169.65,47691715
2024-04-04,168.82,53704386
2024-04-05,169.58,42104826
2024-04-08,168.45,37425513
2024-04-09,169.67,42451209
2024-04-10,167.78,49709336
2024-04-11,175.04,91070275
2024-04-12,176.55,101670886
2024-04-15,172.69,73531773
2024-04-16,169.38,73711235
2024-04-17,168.0,50901210
2024-04-18,167.04,43122903
2024-04-19,165.0,68149377
2024-04-22,165.84,48116443
2024-04-23,166.9,49537761
2024-04-24,169.02,48251835
2024-04-25,169.89,50558329
2024-04-26,169.3,44838354
2024-04-29,173.5,68169419
2024-04-30,170.33,65934776
2024-05-01,169.3,50383147
2024-05-02,173.03,94214915
2024-05-03,183.38,163224109
2024-05-06,181.71,78569667
2024-05-07,182.4,77305771
2024-05-08,182.74,45057087
2024-05-09,184.57,48982972
2024-05-10,183.05,50759496
2024-05-13,186.28,72044809
2024-05-14,187.43,52393619
2024-05-15,189.72,70399988
2024-05-16,189.84,52845230
2024-05-17,189.87,41282925
2024-05-20,191.04,44361275
2024-05-21,192.35,42309401
2024-05-22,190.9,34648547
2024-05-23,186.88,51005924
2024-05-24,189.98,36326975
2024-05-28,189.99,52280051
2024-05-29,190.29,53068016
2024-05-30,191.29,49947941
2024-05-31,192.25,75158277
2024-06-03,194.03,50080539
2024-06-04,194.35,47471445
2024-06-05,195.87,54156785
2024-06-06,194.48,41181753
2024-06-07,196.89,53103912
2024-06-10,193.12,97262077
2024-06-11,207.15,172373296
2024-06-12,213.07,198134293
2024-06-13,214.24,97862729
2024-06-14,212.49,70122748
2024-06-17,216.67,93728300
2024-06-18,214.29,79943254
2024-06-20,209.68,86172451
2024-06-21,207.49,246421353
2024-06-24,208.14,80727006
2024-06-25,209.07,56713868
2024-06-26,213.25,66213186
2024-06-27,214.1,49772707
2024-06-28,210.62,82542718
2024-07-01,216.75,60402929
2024-07-02,220.27,58046178
2024-07-03,221.55,37369801
2024-07-05,226.34,60412408
2024-07-08,227.82,59085861
2024-07-09,228.68,48169822
2024-07-10,232.98,62627687
2024-07-11,227.57,64710617
2024-07-12,230.54,53046527
2024-07-15,234.4,62631252
2024-07-16,234.82,43234278
2024-07-17,228.88,57345884
2024-07-18,224.18,66034585
2024-07-19,224.31,49151453
2024-07-22,223.96,48201835
2024-07-23,225.01,39960260
2024-07-24,218.54,61777576
2024-07-25,217.49,51391199
2024-07-26,217.96,41601345
2024-07-29,218.24,36311778
2024-07-30,218.8,41643840
2024-07-31,222.08,50036262
2024-08-01,218.36,62500996
2024-08-02,219.86,105568560
2024-08-05,209.27,119548589
2024-08-06,207.23,69660488
2024-08-07,209.82,63516417
2024-08-08,213.31,47161149
2024-08-09,216.24,42201646
2024-08-12,217.53,38028092
2024-08-13,221.27,44155331
2024-08-14,221.72,41960574
2024-08-15,224.72,46414013
2024-08-16,226.05,44340240
2024-08-19,225.89,40687813
2024-08-20,226.51,30299033
2024-08-21,226.4,34765480
2024-08-22,224.53,43695321
2024-08-23,226.84,38677250
2024-08-26,227.18,30602208
2024-08-27,228.03,35934559
2024-08-28,226.49,38052167
2024-08-29,229.79,51906297
2024-08-30,229.0,52990770
2024-09-03,222.77,50190574
2024-09-04,220.85,43840196
2024-09-05,222.38,36615398
2024-09-06,220.82,48423011
2024-09-09,220.91,67179965
2024-09-10,220.11,51591033
2024-09-11,222.66,44587072
2024-09-12,222.77,37498225
2024-09-13,222.5,36766619
2024-09-16,216.32,59357427
2024-09-17,216.79,45519339
2024-09-18,220.69,59894928
2024-09-19,228.87,66781315
2024-09-20,228.2,318679888
2024-09-23,226.47,54146023
2024-09-24,227.37,43556068
2024-09-25,226.37,42308715
2024-09-26,227.52,36636707
2024-09-27,227.79,34025967
2024-09-30,233.0,54793391
2024-10-01,226.21,63285048
2024-10-02,226.78,32880605
2024-10-03,225.67,34044158
2024-10-04,226.8,37345098
2024-10-07,221.69,39505354
2024-10-08,225.77,31855693
2024-10-09,229.54,33591091
2024-10-10,229.04,28183544
2024-10-11,227.55,31759188
2024-10-14,231.3,39882085
2024-10-15,233.85,64751367
2024-10-16,231.78,34082240
2024-10-17,232.15,32993810
2024-10-18,235.0,46431472
2024-10-21,236.48,36254470
2024-10-22,235.86,38846578
2024-10-23,230.76,52286979
2024-10-24,230.57,31109503
2024-10-25,231.41,38802304
2024-10-28,233.4,36087134
2024-10-29,233.67,35417247
2024-10-30,230.1,47070907
2024-10-31,225.91,64370086
2024-11-01,222.91,65276741
2024-11-04,222.01,44944468
2024-11-05,223.45,28111338
2024-11-06,222.72,54561121
2024-11-07,227.48,42137691
2024-11-08,226.96,38328824
2024-11-11,224.23,42005602
2024-11-12,224.23,40398299
2024-11-13,224.39,48566217
2024-11-14,228.22,44923941
2024-11-15,225.0,47923696
2024-11-18,228.02,44686020
2024-11-19,228.28,36211774
2024-11-20,229.0,35169566
2024-11-21,228.52,42108327
2024-11-22,229.87,38168252
2024-11-25,232.97,90152832
2024-11-26,235.06,45986189
2024-11-27,234.93,33498439
2024-11-29,237.33,28481377
2024-12-02,239.59,48137103
2024-12-03,242.65,38861017
2024-12-04,243.01,44383935
2024-12-05,243.04,40033878
2024-12-06,242.84,36870619
2024-12-09,246.75,44649232
2024-12-10,247.77,36914806
2024-12-11,246.49,45205814
2024-12-12,247.96,32777532
2024-12-13,248.13,33155290
2024-12-16,251.04,51694753
2024-12-17,253.48,51356360
2024-12-18,248.05,56774101
2024-12-19,249.79,60882264
2024-12-20,254.49,147495267
2024-12-23,255.27,40858774
2024-12-24,258.2,23234705
2024-12-26,259.02,27262983
2024-12-27,255.59,42355321
2024-12-30,252.2,35557542
2024-12-31,250.42,39480718
2025-01-02,243.85,110831462
2025-01-03,243.36,80488228
2025-01-06,245.0,90091142
2025-01-07,242.21,81711920
2025-01-08,242.7,75242880
2025-01-10,236.85,123416012
2025-01-13,234.4,99261450
2025-01-14,233.28,78868788
2025-01-15,237.87,79654138
2025-01-16,228.26,143511704
2025-01-17,229.98,136337402
2025-01-21,222.64,196140858
2025-01-22,223.83,128253000
2025-01-23,223.66,120469520
2025-01-24,222.78,109395814
2025-01-27,229.86,189726836
2025-01-28,238.26,151389613
2025-01-29,239.36,90961867
2025-01-30,237.59,111316558
2025-01-31,236.0,202146756
2025-02-03,228.01,146103062
2025-02-04,232.8,90081502
2025-02-05,232.47,79329978
2025-02-06,233.22,59794598
2025-02-07,227.63,79414448
2025-02-10,227.65,66212120
2025-02-11,232.62,107428974
2025-02-12,236.87,90486573
2025-02-13,241.53,107228108
2025-02-14,244.6,81280154
2025-02-18,244.47,97644982
2025-02-19,244.87,64408430
2025-02-20,245.83,64633814
2025-02-21,245.55,106393572
2025-02-24,247.1,102652792
2025-02-25,247.04,96026544
2025-02-26,240.36,88867128
2025-02-27,237.3,82307278
2025-02-28,241.84,113666709
2025-03-03,238.03,94367970
2025-03-04,235.93,107596086
2025-03-05,235.74,94455285
2025-03-06,235.33,90325438
2025-03-07,239.07,92524275
2025-03-10,227.48,144142394
2025-03-11,220.84,152261812
2025-03-12,216.98,125094934
2025-03-13,209.68,122687060
2025-03-14,213.49,120215164
2025-03-17,214.0,96146852
2025-03-18,212.69,84859447
2025-03-19,215.24,108769282
2025-03-20,214.1,97725894
2025-03-21,218.27,93568368
2025-03-21,217.8909,94127768
2025-03-24,220.801,88598966
2025-03-25,223.811,68987166
2025-03-26,220.6382,69025562
2025-03-27,223.511,74188148
2025-03-28,217.4618,79637234
2025-03-28,217.231,39818617
2025-03-31,221.751,130582892
2025-04-01,223.201,72749580
2025-04-02,212.9109,71811808
2025-04-03,203.5306,206838012
2025-04-04,188.341,125910913
2025-04-04,187.261,125910913
2025-04-07,181.341,320872572
2025-04-08,173.621,241556395
2025-04-09,198.511,368657659
2025-04-10,190.42,121879981
2025-04-11,198.231,87435915
2025-04-11,196.851,87435915
2025-04-14,202.101,202705822
2025-04-15,202.19,102687744
2025-04-16,194.761,119460096
2025-04-17,197.611,104329350
2025-04-17,197.0234,52164675
2025-04-21,193.171,93485074
2025-04-22,199.74,52976371
2025-04-23,204.6,52929165
2025-04-24,208.37,47310989
2025-04-25,208.781,38222258
2025-04-25,208.601,38222258
2025-04-28,210.14,38737224
2025-04-29,210.8114,73655266
2025-04-30,212.611,104572908
2025-05-01,207.651,114730600
2025-05-02,205.0606,101010621
2025-05-02,205.0722,101010621
2025-05-05,199.011,138036904
2025-05-06,198.51,51216482
2025-05-07,196.261,137233886
2025-05-08,197.311,100957744
2025-05-09,198.591,36453923
2025-05-09,198.5354,36453923
2025-05-12,210.631,127551628
2025-05-13,211.981,103818664
2025-05-14,211.931,98651650
2025-05-15,211.141,90058946
2025-05-16,210.351,54737850
2025-05-16,207.941,54737850
2025-05-19,208.2393,92281054
2025-05-20,206.86,84993270
2025-05-21,201.9214,118423548
2025-05-22,201.851,93484814
2025-05-23,195.331,78432918
2025-05-23,195.4893,78432918
2025-05-27,200.361,112576950
2025-05-28,200.381,90679356
2025-05-29,199.95,51477938
2025-05-30,200.521,70819942
2025-05-30,200.411,70819942
2025-06-02,201.9522,70846588
2025-06-03,202.781,92763134
2025-06-04,202.311,87207970
2025-06-05,200.811,110442470
2025-06-06,204.021,46607693
2025-06-06,204.5272,46607693
2025-06-09,201.45,145725114
2025-06-10,202.5717,109345216
2025-06-11,199.141,121979714
2025-06-12,199.2,43904635
2025-06-13,196.461,51447349
2025-06-13,196.4108,51447349
2025-06-16,198.42,43020691
2025-06-17,195.7309,77712304
2025-06-18,196.251,90789378
2025-06-18,196.111,45394689
2025-06-20,200.701,96813542
2025-06-20,201.611,96813542
2025-06-23,201.322,111628544
2025-06-24,200.7509,108128066
2025-06-25,201.5107,79051460
2025-06-26,200.961,101598242
2025-06-27,201.241,73188571
2025-06-27,201.161,73188571
2025-06-30,205.231,183825632
2025-07-01,209.5108,157577734
2025-07-02,211.911,135883622
2025-07-03,213.55,34954599
2025-07-07,209.171,100457968
2025-07-08,210.01,42848928
2025-07-09,210.811,97498734
2025-07-10,212.341,88887270
2025-07-11,210.511,39765812
2025-07-11,210.541,39765812
2025-07-14,208.511,77680222
2025-07-15,208.941,84592678
2025-07-16,210.16,47490532
2025-07-17,210.031,96136282
2025-07-18,211.0599,48974591
2025-07-18,211.211,48974591
2025-07-21,212.261,102754868
2025-07-22,214.561,92808144
2025-07-23,213.801,93978602
2025-07-24,214.001,92045240
2025-07-25,213.961,40268781
2025-07-25,214.011,40268781
2025-07-28,214.05,75716034
2025-07-29,211.27,102823446
2025-07-30,209.05,91025028
2025-07-31,207.57,161396862
2025-08-01,202.38,104434473
2025-08-04,203.4411,150218596
2025-08-05,202.821,88310158
2025-08-06,211.941,216966206
2025-08-07,220.03,90224834
2025-08-08,230.001,113853967
2025-08-08,229.9688,113853967
2025-08-11,226.641,123612264
2025-08-12,229.65,55672301
2025-08-13,233.411,139757092
2025-08-14,232.78,51916275
2025-08-15,231.271,56038657
2025-08-15,231.201,56038657
2025-08-18,230.9495,74952376
2025-08-19,230.56,39402564
2025-08-20,225.861,84527730
2025-08-21,224.9,30621249
2025-08-22,227.841,42477811
2025-08-22,228.091,42477811
2025-08-25,227.241,61966266
2025-08-26,229.31,54575107
2025-08-27,231.211,62519026
2025-08-28,232.531,76149400
2025-08-29,232.0715,39418437
2025-08-29,232.111,39418437
2025-09-02,238.2509,88151276
2025-09-03,238.47,66427835
2025-09-04,239.5511,95098858
2025-09-05,239.6111,54870397
2025-09-05,239.021,54870397
2025-09-08,238.181,97998990
2025-09-09,233.261,132627836
2025-09-10,227.101,166881620
2025-09-11,230.03,50208578
2025-09-12,234.031,55824216
2025-09-12,234.001,55824216
2025-09-15,236.351,85399048
2025-09-16,237.9611,126842198
2025-09-17,239.431,93016034
2025-09-18,238.031,88499152
2025-09-19,245.4827,163741314
2025-09-19,245.671,163741314
2025-09-22,256.08,105517416
2025-09-23,254.271,120550374
2025-09-24,252.321,84607420
2025-09-24,256.87,152707860
2025-09-26,255.46,46076258
2025-09-29,254.43,80255374
2025-09-30,254.63,75408518
2025-10-01,255.411,97427880
2025-10-02,257.501,85260478
2025-10-03,257.8773,49155614
2025-10-03,258.011,49155614
2025-10-06,256.461,89328236
2025-10-07,256.2615,63911552
2025-10-08,258.011,72993790
2025-10-09,254.04,38322012
2025-10-10,242.661,61999098
2025-10-10,243.7311,61999098
2025-10-13,247.411,76285884
2025-10-14,247.641,70955972
2025-10-15,249.341,67787222
2025-10-16,247.45,39776974
2025-10-17,252.561,49146961
2025-10-17,252.271,49146961
2025-10-20,262.661,180966058
2025-10-21,262.671,93391696
2025-10-22,258.45,45011970
2025-10-23,259.591,65507080
2025-10-24,262.761,38253717
2025-10-24,262.951,38253717
2025-10-27,268.701,89776204
2025-10-28,268.5093,83069306
2025-10-29,270.0989,102173484
2025-10-30,279.3701,139772815
2025-10-31,270.261,172334246
2025-10-31,270.111,86167123
2025-11-03,268.4511,100388646
2025-11-04,270.04,49271745
2025-11-05,270.3511,87366044
2025-11-06,270.311,102407970
2025-11-07,268.561,96454730
2025-11-10,269.43,41312312
2025-11-11,275.311,92409896
2025-11-12,273.4682,96793749
2025-11-13,273.101,99205588
2025-11-14,272.461,94862532
2025-11-17,267.46,44958759
2025-11-18,266.911,91354548
2025-11-19,268.56,40334193
2025-11-20,265.121,91551700
2025-11-21,271.011,117954081
2025-11-24,275.92,65497571
2025-11-25,276.97,46824959
2025-11-26,277.7785,66805171
2025-11-28,278.85,20100859
2025-12-01,283.1164,93104969
2025-12-02,286.051,107274920
2025-12-03,284.278,87050209
2025-12-04,280.511,87941541
2025-12-05,279.546,94520914
2025-12-08,277.461,76397835
2025-12-09,276.921,64347028
2025-12-10,278.78,33038108
2025-12-11,278.901,66432787
2025-12-12,277.781,79065531
2025-12-15,274.631,100818146
2025-12-16,273.711,75297214
2025-12-17,272.511,100277286
2025-12-18,271.701,103261002
2025-12-19,272.511,289199761
2025-12-22,270.6982,73080057
2025-12-23,272.111,59235862
2025-12-24,273.81,17892492
2025-12-26,273.061,43043604
2025-12-29,273.861,47430426
2025-12-30,273.101,44279234
2025-12-31,272.261,54587278
2026-01-02,270.841,75676108
2026-01-05,267.26,45647190
2026-01-06,262.5109,104704180
2026-01-07,260.33,48309804
2026-01-08,259.711,100838674
2026-01-09,259.111,79993934
2026-01-12,259.753,90527534
2026-01-13,261.0042,91461694
2026-01-14,259.96,40019421
2026-01-15,258.261,78777128
2026-01-16,255.341,144285546
2026-01-20,246.8334,160535034
2026-01-21,247.891,109283450
2026-01-22,248.7721,79416680
2026-01-23,247.731,83377964
2026-01-26,255.531,111938468
2026-01-27,257.471,99296542
2026-01-28,257.531,82575942
2026-01-29,259.521,134506018
2026-01-30,259.921,184886816
2026-02-02,268.911,147826850
2026-02-03,269.381,128789310
2026-02-04,274.961,181091420
2026-02-05,276.411,105954882
2026-02-06,277.411,100906828
2026-02-09,274.311,89246792
2026-02-10,274.3892,68753796
2026-02-11,276.031,103862566
2026-02-12,262.011,162154458
2026-02-13,255.461,112581346
2026-02-17,264.911,116938188
2026-02-18,263.711,68406674
2026-02-19,260.4327,61690588
2026-02-20,264.491,84140998
2026-02-23,266.881,74616310
2026-02-24,272.14,47014620
2026-02-25,274.23,33714343
2026-02-26,273.371,64690229
2026-02-27,264.18,144733010
2026-03-02,264.72,41827947
2026-03-03,263.75,38568922
2026-03-04,262.52,39803120
2026-03-05,260.29,99317253
2026-03-06,257.391,82240084
2026-03-07,256.831,0
2026-03-09,259.88,38218533
2026-03-10,260.721,56809693
2026-03-11,259.4718,52437854
2026-03-12,256.211,81588040
2026-03-13,249.9213,73859976
2026-03-13,249.891,36929988
2026-03-16,252.82,32074210
2026-03-17,254.23,65321711
2026-03-17,249.94,68119481
2026-03-19,248.96,69728164
2026-03-20,250.001,123616649
2026-03-20,249.761,88331081
2026-03-23,252.321,81092218
2026-03-24,253.8948,90304577
2026-03-25,252.631,56953336
2026-03-26,254.381,83593300
2026-03-27,248.011,95799996
2026-03-27,247.261,47899998
2026-03-30,246.63,39446213
2026-03-31,253.79,49598091
2026-04-01,255.63,40059432
2026-04-02,255.92,31289370
2026-04-02,255.44,31289369
2026-04-06,258.411,58659822
2026-04-07,253.5,91477920
2026-04-08,258.9,82065546
2026-04-09,260.49,56238181
2026-04-10,260.48,62573779
2026-04-13,259.2,72466222
2026-04-14,258.83,96741420
2026-04-15,266.43,99827022
2026-04-16,263.4,86646224
2026-04-17,270.23,122872456
2026-04-20,273.05,36582599
2026-04-21,266.17,50192036
2026-04-22,273.17,43249205
2026-04-23,273.43,33399639
2026-04-24,271.06,38157110
2026-04-27,267.61,41466763
2026-04-28,270.71,40018940
2026-04-29,270.17,30047870
2026-04-30,271.35,91848231
2026-05-01,280.14,79915442
2026-05-04,276.83,46668430
2026-05-05,284.17999267578125,49311700
2026-05-06,287.510009765625,58336100
2026-05-07,287.44000244140625,45224300
2026-05-08,293.32000732421875,52692800
2026-05-11,292.67999267578125,42247300
2026-05-12,294.79998779296875,45748100
2026-05-13,298.8699951171875,45313913
2026-05-14,298.2099914550781,33673067
2026-05-15,300.2300109863281,54862800
2026-05-18,297.8399963378906,34483000
2026-05-19,298.9700012207031,34842416
2026-05-20,299.9700927734375,9422179
2026-05-21,302.1300048828125,8170759
2026-05-22,310.30999755859375,13913807
2026-05-26,311.67999267578125,11426939
2026-05-27,313.11981201171875,14301550
2026-05-28,311.82000732421875,9268384
2026-05-29,311.4200134277344,11660263
2026-06-01,306.9800109863281,13623088
2026-06-02,310.57000732421875,9590425
2026-06-03,311.4800109863281,13001728
2026-06-04,310.5249938964844,11637300
2026-06-05,313.0398864746094,13358503
2026-06-08,301.5400085449219,77949100
2026-06-09,290.54998779296875,70024200
2026-06-10,290.8599853515625,17673634
2026-06-11,289.8999938964844,9577521
2026-06-12,291.7300109863281,11716518
2026-06-15,296.54998779296875,11819067
2026-06-16,297.57501220703125,9160233
2026-06-17,298.57501220703125,8792572
2026-06-18,299.1700134277344,30075785
2026-06-22,299.7699890136719,11738175
2026-06-23,294.29998779296875,51882421
2026-06-24,293.0799865722656,46572137
2026-06-25,275.1499938964844,102383867
2026-06-26,283.7799987792969,261244321
2026-06-29,280.6286926269531,25823738
2026-06-30,289.3599853515625,64460950
2026-07-01,294.3800048828125,46579728
2026-07-02,308.6300048828125,71900726
2026-07-06,312.6499938964844,14067481
2026-07-07,310.6600036621094,42083263
2026-07-08,308.42999267578125,3211253
2026-07-09,316.2200012207031,44882363
2026-07-10,315.32000732421875,32466135
2026-07-13,316.95001220703125,18193928
2026-07-14,314.8599853515625,36202131
2026-07-15,327.5,60780931
2026-07-16,333.260009765625,62727600
2026-07-17,333.739990234375,63325386
2026-07-20,326.5899963378906,51014085
2026-07-21,327.739990234375,41255200
2026-07-22,325.8900146484375,38700500
2026-07-23,321.6600036621094,36337794
2026-07-27,338.7799987792969,17640775
2026-07-29,340.1300048828125,15160667
2026-07-30,333.42999267578125,73355100
2026-07-31,308.9100036621094,127398021
2026-08-03,303.4200134277344,74824300
2026-08-04,306.409912109375,24465205
2026-08-05,309.5150146484375,23744318
2026-08-06,312.4100036621094,45392526
2026-08-07,313.3299865722656,34407100
2026-08-10,305.51080322265625,21918840
2026-08-11,304.9100036621094,37401700
2026-08-12,302.25,38820559
2026-08-13,305.260009765625,40316500
2026-08-14,305.92999267578125,28186700
2026-08-18,310.95001220703125,16760023
2026-08-19,316.5450134277344,19302042
2026-08-20,311.29998779296875,38182357
2026-08-21,309.3500061035156,42216056
2026-08-24,312.0150146484375,11804901
2026-08-25,309.8999938964844,51535976
2026-08-26,313.45001220703125,33571543
2026-08-27,314.7349853515625,12650220
2026-08-28,321.8599853515625,15093330
2026-08-31,315.0849914550781,9689853
2026-09-01,325.1300048828125,53119500
2026-09-02,324.9599914550781,33529289
2026-09-03,328.2099914550781,36448914
2026-09-04,320.89459228515625,17877329
2026-09-08,316.2900085449219,10777825
2026-09-09,315.3399963378906,64657084
2026-09-10,319.7449951171875,31019979
2026-09-11,334.2799987792969,29849280
2026-09-14,335.0802001953125,16808987
2026-09-15,330.0400085449219,10671855
2026-09-16,333.0400085449219,10336097
2026-09-17,337.0,36188003
2026-09-18,336.70001220703125,10435128
2026-09-21,338.25,12354730
2026-09-22,343.2699890136719,16082293
2026-09-23,337.0199890136719,31482942
2026-09-24,335.9200134277344,24228667
2026-09-25,341.07000732421875,29950100
2026-09-28,340.9949951171875,11269935
2026-09-29,329.3999938964844,37773928
2026-09-30,333.0199890136719,49931500
