date,Equal stocks,Equal factors,Historical mean,Ridge,Elastic Net,KNN,SVR,Random Forest,Extra Trees,XGBoost,MLP,LSTM,CNN,Prophet
2024-12-31,100000.0,100000.0,100000.0,100000.0,100000.0,100000.0,100000.0,100000.0,100000.0,100000.0,100000.0,100000.0,100000.0,100000.0
2025-01-02,99900.09990009991,99900.09990009994,99900.09990009989,99900.09990009989,99900.09990009989,99900.09990009991,99900.09990009989,99900.09990009989,99900.09990009989,99900.09990009989,99900.09990009991,99900.09990009994,99900.09990009994,99900.09990009991
2025-01-03,98689.51321180673,99167.91664564262,99078.32310798219,99173.80284010395,99173.80284010395,99110.64834098384,99078.32310798219,99078.32310798219,99078.32310798219,99173.80284010395,99110.64834098384,99125.3149906015,99125.3149906015,99267.78660534252
2025-01-06,98488.89258384044,99307.11767008579,99203.2659913836,99325.74616080221,99325.74616080221,99254.22760326012,99203.2659913836,99203.2659913836,99203.2659913836,99325.74616080221,99254.22760326012,99249.30374298745,99249.30374298745,99417.82166400987
2025-01-07,99570.01502332528,99911.14903293095,100035.11677653344,99798.22154362233,99798.22154362233,99870.6374334372,100035.11677653344,100035.11677653344,100035.11677653344,99798.22154362233,99870.6374334372,100044.94055826674,100044.94055826674,99817.86910708889
2025-01-08,98978.67476123292,99877.32689463599,100155.72640052563,99536.54847671579,99536.54847671579,99686.72263550556,100155.72640052563,100155.72640052563,100155.72640052563,99536.54847671579,99686.72263550556,100240.05412424596,100240.05412424596,99705.20392415642
2025-01-09,99081.55553339282,99512.2055391805,99901.42021581826,99121.94260664852,99121.94260664852,99344.20124245671,99901.42021581826,99901.42021581826,99901.42021581826,99121.94260664852,99344.20124245671,99957.77106669094,99957.77106669094,99234.64430839384
2025-01-10,97689.26606750558,98299.52787692008,98632.35675436624,97985.71698505327,97985.71698505327,98178.6217701053,98632.35675436624,98632.35675436624,98632.35675436624,97985.71698505327,98178.6217701053,98666.31946144473,98666.31946144473,98053.6423992102
2025-01-13,97210.98567944914,97825.43295381154,97889.38576635307,97706.83186424177,97706.83186424177,97735.5694318329,97889.38576635307,97889.38576635307,97889.38576635307,97706.83186424177,97735.5694318329,97937.55636602207,97937.55636602207,97803.17306357966
2025-01-14,99631.86089846172,99095.09853075164,99107.33717910532,99111.06166597964,99111.06166597964,99122.08400555055,99107.33717910532,99107.33717910532,99107.33717910532,99111.06166597964,99122.08400555055,99088.9414263118,99088.9414263118,99074.27016039261
2025-01-15,98523.09055145095,98287.37536180778,98216.72703039066,98307.3111581894,98307.3111581894,98259.69603523173,98216.72703039066,98216.72703039066,98216.72703039066,98307.3111581894,98259.69603523173,98242.85765092784,98242.85765092784,98359.5723992637
2025-01-16,99098.86987416568,98927.11874371288,98881.272664002,98870.55293943672,98870.55293943672,98829.72491046094,98881.272664002,98881.272664002,98881.272664002,98870.55293943672,98829.72491046094,98947.87456974832,98947.87456974832,99003.75675092937
2025-01-17,99204.99132345407,98798.42295817338,98795.51845340901,98730.9065428069,98730.9065428069,98719.18669435146,98795.51845340901,98795.51845340901,98795.51845340901,98730.9065428069,98719.18669435146,98845.4041813933,98845.4041813933,98830.67799877541
2025-01-20,99544.07296315608,98970.23915387961,98998.29192960444,99020.6213251647,99020.6213251647,99047.85647515176,98998.29192960444,98998.29192960444,98998.29192960444,99020.6213251647,99047.85647515176,98946.27450684378,98946.27450684378,98916.5864796433
2025-01-21,100217.97200736574,98851.59993322706,98935.48770657924,98974.88842149034,98974.88842149034,99052.42090077953,98935.48770657924,98935.48770657924,98935.48770657924,98974.88842149034,99052.42090077953,98799.48863018995,98799.48863018995,98702.8902687117
2025-01-22,99007.03042310485,97802.0279766443,97808.58540842484,97991.12368326106,97991.12368326106,98022.82123547819,97808.58540842484,97808.58540842484,97808.58540842484,97991.12368326106,98022.82123547819,97669.7699426811,97669.7699426811,97713.49275177353
2025-01-23,98741.01742841439,98477.52687498255,98487.58184514265,98605.94234391839,98605.94234391839,98631.46953245213,98487.58184514265,98487.58184514265,98487.58184514265,98605.94234391839,98631.46953245213,98390.11081295414,98390.11081295414,98411.00027954133
2025-01-24,99713.37336357721,98531.67221713981,98481.40508689704,98709.47574659239,98709.47574659239,98698.97115776935,98481.40508689704,98481.40508689704,98481.40508689704,98709.47574659239,98698.97115776935,98383.12664028394,98383.12664028394,98512.91885336618
2025-01-27,99514.96210340623,98963.84591714134,98919.37606252987,99106.60942341802,99106.60942341802,99095.2400281637,98919.37606252987,98919.37606252987,98919.37606252987,99106.60942341802,99095.2400281637,98842.81347496736,98842.81347496736,98953.48424829297
2025-02-05,99579.65709818614,98126.62246461894,97950.86319258081,98448.13988455069,98447.1734578747,98396.78241726969,97944.46653448991,97912.88817606484,97912.88817606484,98447.1734578747,98368.54465700679,97797.12752970097,97797.12752970097,98174.98237278048
2025-02-06,100738.89718436549,99880.67644601263,99902.2442830776,100409.42774158152,100312.27869938257,100129.12020869312,99808.24895360642,99489.1452767674,99489.1452767674,100312.27869938257,100232.16025708079,99649.91749566283,99649.91749566283,99711.6202624233
2025-02-07,101694.54655767331,100690.27693667999,100696.75125818561,101207.9682676706,101103.15248226772,100962.63106055849,100631.26672844272,100289.04568653961,100289.04568653961,101103.15248226772,101022.40237676015,100435.56914505035,100435.56914505035,100527.97680766405
2025-02-10,102000.36012698589,101020.61231232337,100888.70966445385,101400.90120788531,101334.30845037407,101351.1184530554,100927.69657872074,100699.43237565427,100699.43237565427,101334.30845037407,101253.37372284081,100665.19879207945,100665.19879207945,100991.82696727938
2025-02-11,101377.29907640023,100771.79198182204,100671.75611850564,101182.84623272937,101095.60456253796,101105.25842848106,100705.92729286841,100416.117658551,100416.117658551,101095.60456253796,101014.86048548053,100428.07106417643,100428.07106417643,100705.3332328289
2025-02-12,101870.65065800611,101758.958881236,101894.95136284879,102412.25139156348,102272.21291843333,101977.90071932001,101727.72979808107,101280.09592881777,101280.09592881777,102272.21291843333,102190.52909571472,101596.91028415921,101596.91028415921,101470.73088088921
2025-02-13,101112.59080137777,101374.47187586263,101400.02602166076,101914.81341466795,101723.5637400748,101753.3272998372,101447.70777069604,100847.34979826171,100847.34979826171,101723.5637400748,101642.3181181239,101051.88383210005,101051.88383210005,101144.51472089974
2025-02-14,101905.72112698237,102010.89346329814,102121.54213100931,102639.99251515679,102399.77616978654,102390.70773479108,102143.63745791369,101396.97358333487,101396.97358333487,102399.77616978654,102317.99046353853,101723.63123634609,101723.63123634609,101682.81003872651
2025-02-17,101922.53895396437,102056.8960487508,102192.02901903432,102710.83725083484,102408.33068356769,102504.254842209,102283.7959536961,101351.23247062489,101351.23247062489,102408.33068356769,102326.53814491266,101732.12926473869,101732.12926473869,101671.86658393183
2025-02-18,101090.52734115576,102128.56966764819,102307.39815670333,102826.79209424715,102448.96090167918,102646.30597277771,102466.47448815219,101309.10801680521,101309.10801680521,102448.96090167918,102367.13591206374,101772.49120183288,101772.49120183288,101663.36705283805
2025-02-19,101480.32543598386,102925.4032786359,103330.72560632613,103855.31477005137,103337.30724226826,103458.29874533757,103439.36846689889,101863.47170794292,101863.47170794292,103337.30724226826,103254.77273906229,102654.97179837643,102654.97179837643,102193.97207902455
2025-02-20,101413.60931413474,103093.68435544694,103551.2871612169,104076.99607128045,103496.83098473011,103671.75910685974,103695.76225702159,101934.32866150551,101934.32866150551,103496.83098473011,103414.16907146107,102813.44220679533,102813.44220679533,102282.98420584365
2025-02-21,102469.64746666356,103716.33997503477,104289.15432582407,104818.60923802345,104106.8323032047,104386.79598398802,104503.49025168331,102349.12523545907,102349.12523545907,104106.8323032047,104023.68318780971,103419.4156912618,103419.4156912618,102733.92788625315
2025-02-24,102887.8562119513,103642.70359754362,104276.66056139076,104806.05204527882,104136.80226635258,104204.41872626322,104350.09342227578,102322.66656194342,102322.66656194342,104136.80226635258,104053.62921423928,103449.18776297386,103449.18776297386,102636.78063627225
2025-02-25,101856.0556329998,102699.35223425152,103329.97470337972,103854.56005492281,103302.8025512407,103098.11586856413,103222.4851661773,101545.95787913157,101545.95787913157,103302.8025512407,103220.29560659619,102620.69494155799,102620.69494155799,101767.28776486102
2025-02-26,101827.02440062044,103085.96331349404,103705.00321689309,104231.4925122353,103597.79343921399,103609.19738852285,103740.98758449104,101819.81358080453,101819.81358080453,103597.79343921399,103515.05088821358,102913.73800696981,102913.73800696981,102113.7945885132
2025-02-27,101887.40135946021,103316.21445807896,103952.22821809513,104479.97262469174,103871.4388804858,103790.89327841936,103927.27147501303,102081.13094952385,102081.13094952385,103871.4388804858,103788.47777153034,103185.57656950029,103185.57656950029,102345.27727676638
2025-02-28,99986.81885844893,101698.37274011243,102304.61221026698,102823.99200412506,102306.52496461272,102067.44863271067,102174.03018472329,100600.12384203619,100600.12384203619,102306.52496461272,102224.81373719621,101630.99576816191,101630.99576816191,100807.31493177205
2025-03-03,99495.57123528847,101014.05519306312,101386.09137354797,101869.65929285833,101404.81584802712,101471.01830841538,101431.77881228656,99986.08356842873,99993.91404806176,101420.16846604258,101323.82480692046,100743.94952248759,100750.49187472576,100333.55547855003
2025-03-04,99562.46579374309,100755.15837939967,101274.18118951007,101526.24115441862,101062.96476764571,101321.59049319147,101282.40878176097,99875.71871599404,99846.66143977045,101270.81553309518,100982.24675967533,100632.74813599535,100602.12511804445,99937.07669252402
2025-03-05,99805.20073272944,101051.86933115004,101558.31116287746,101820.53884786344,101355.91954550036,101600.49832014175,101561.20875325875,100155.9252302854,100121.50923119234,101549.58359187054,101274.96755739544,100915.0785356286,100879.05247347454,100239.37488260442
2025-03-06,101155.9331273125,102508.9379400175,102999.10833091257,102943.90119624216,102474.1558570646,102793.1989039679,102753.4481120896,101576.82689536232,101296.84778255776,102741.68648152059,102392.31074448311,102346.75022946947,102063.28391692496,101555.85293819467
2025-03-07,100700.25920702696,102101.38901764952,102446.34615858115,102593.04421416174,102124.89987737613,102262.21803256703,102222.67257441055,101031.69763741938,100773.59635075832,102210.97169884203,102043.33371215203,101797.4890474586,101536.07343986926,101278.02276699073
2025-03-10,100208.39477311661,101711.53059707381,102056.12422461537,102209.77860643348,101743.38315647656,101878.86272446296,101839.46551227247,100646.86415216367,100395.82151053827,101827.80850034044,101662.12170495038,101409.73863430604,101155.4402650165,100894.20944951996
2025-03-11,99930.31157887209,101396.93903306665,101682.67490960781,102047.59522004917,101581.9398322908,101607.18379316283,101567.89164096433,100278.57167818572,100128.09738439888,101556.26571462216,101500.80732397898,101038.65460857208,100885.69047422112,100687.9806019814
2025-03-12,99956.08210279541,101365.44791077262,101790.73906822884,102047.46759796888,101581.81279256532,101757.81283682994,101718.4624354104,100385.14361372689,100276.53373496166,101706.81927404509,101500.6803857189,101146.03432894414,101035.24992965063,100571.32355123687
2025-03-13,99264.11526614879,100971.3329245524,101232.93372905291,101768.16440360341,101303.7840920965,101260.40646862809,101221.24841745381,99835.04082840233,99786.36806541296,101209.6621694836,101222.87374407162,100591.76192163465,100541.37554962185,100344.41758596749
2025-03-14,100825.73982804499,102402.28539078461,102754.96267134846,103138.82140325502,102668.18661984918,102744.45546637753,102704.72352390035,101336.05256439313,101248.8138986954,102692.96747057102,102586.18653678277,102104.15089784481,102014.88659722947,101674.50889836607
2025-03-17,100786.61428452421,102476.89932560736,102739.30935451058,103253.17058997793,102782.01401755036,102743.66522330554,102703.93358642045,101320.61539915408,101248.03515911898,102692.17762351097,102699.9230216474,102088.59672330262,102014.1019655235,101829.1275169474
2025-03-18,101065.0456211593,102726.70782001743,103137.84968658462,103557.30957099228,103084.76517600176,103200.82322759878,103160.91480476991,101713.652416444,101698.53835648258,103149.10653369591,103002.43237569026,102484.612848919,102468.01377763344,101994.80959228401
2025-03-19,101089.91156650551,102956.87074883808,103376.86615756284,103737.62272477789,103264.25553929084,103404.3298592184,103364.34273906476,101949.36838613662,101899.0825608241,103352.51118269716,103181.77938177022,102722.11547833348,102670.07534730378,102195.89794506924
2025-03-20,100242.9992805734,101845.68013939298,102164.7902265432,102802.59648162939,102333.49593277281,102309.43529132588,102269.87157395143,100754.02962035174,100820.12627223373,102258.16529576914,102251.76316390609,101517.71638613293,101582.95541783929,101238.94645690992
2025-03-21,98803.3082943006,100588.2185467107,100866.61856857789,101711.68713693507,101247.56453795389,101131.09612867345,101091.98808264027,99473.78399572012,99658.94008415779,101080.41663040036,101166.69909194065,100227.76686534782,100412.98341783778,100090.25806166412
2025-03-24,99298.44374718968,101023.71037792301,101419.98510846098,102093.29980020771,101627.43585698116,101660.5912470718,101621.278441867,100019.50927569832,100180.72739092418,101609.64640462697,101546.26701143646,100777.62858707074,100938.7186919409,100416.32784269837
2025-03-25,99328.19764495466,101158.99084679432,101465.0714276535,102204.75317045188,101738.3806521607,101674.98041116894,101635.66204158175,100063.97301246437,100194.9070932859,101624.02835792895,101657.12319608613,100822.42934626117,100953.00568131603,100604.26343070348
2025-03-26,99449.9106749377,101220.65460332071,101505.22642062623,102235.17190667187,101768.66058404747,101689.45916600396,101650.13519738903,100103.57351810248,100209.17508222137,101638.49985707249,101687.3789436855,100862.33001242076,100967.38162526218,100667.46695141522
2025-03-27,99908.36008917757,101856.19918280053,102089.9974061256,102759.92682740302,102291.0209852844,102184.4700154404,102144.95462294274,100680.26958984579,100696.98010435053,102133.2626433271,102209.32214074556,101443.39727566406,101458.87749664942,101287.23741774875
2025-03-28,99210.35283496366,101608.21611411273,101959.2057216921,102563.71194064144,102095.70145052973,102108.78203110587,102069.29590763908,100551.28396555888,100622.39390302735,102057.61258826673,102014.15860580542,101313.43397718773,101383.72695832004,100980.17864453858
2025-03-31,98996.64811248676,101659.00353826911,101965.68592309428,102654.37153187592,102185.94735120126,102136.96861422315,102097.47159082319,100557.67468395193,100650.1701766523,102085.785046333,102104.33242795299,101319.87313540078,101411.71339386264,101078.72443123074
2025-04-01,99096.71808627807,101742.35263184996,101844.09982225276,102524.86802115024,102089.45405939316,101830.59327787327,101791.21473178852,100437.76752632506,100366.50647401792,101813.30416224507,101978.39068865405,101199.0571157686,101125.90342393106,101234.48790732447
2025-04-02,98941.95914762931,101562.94306037683,101674.91127336142,102272.85784283515,101927.91111164291,101580.2896543212,101541.00790225936,100270.9152474859,100199.77257762854,101688.74434708575,101808.97904901073,101030.94014431449,100957.90797907482,101074.29782950287
2025-04-03,97902.20320155719,101049.77293913013,100904.36406294987,102013.54948420114,101597.23605304361,101322.73727204297,101283.55511714568,99511.00827474573,99440.4047623375,100882.2941675214,101037.41580082508,100265.27329377594,100192.79460559854,100746.39206754683
2025-04-07,91656.55136596724,96346.33835425047,96140.81028161217,97409.14244634246,96883.5421938181,96749.51021593754,96712.09655738881,94813.2328697477,94745.96245032936,96055.93438458019,96267.58083318829,95531.89009305074,95462.83302228643,96072.17386952434
2025-04-08,92457.5332323021,96465.96132245968,95745.79768780046,97768.85303484206,97491.2170912379,97106.78492735379,97069.23310837377,94423.6748773213,94356.68085106819,95785.44978332508,95872.04737873217,95139.37936231263,95070.6060255065,96674.75968625951
2025-04-09,93159.91485302195,97249.70653859386,96755.90036152407,98574.43431962372,98012.4704018111,97906.91100160478,97869.04976872001,95419.82936931678,95352.12856692645,96655.173574103,96883.48196626763,96143.08442082218,96073.58553644038,97191.64766898082
2025-04-10,94060.97507456329,97787.2890111342,97406.1865408754,98987.50525040059,98478.28814702995,98317.18471137612,98279.1648230061,96061.13595675054,95992.98014442324,97332.43995239158,97534.62560809925,96789.25192900996,96719.2859499722,97653.56434127431
2025-04-11,94163.45997387433,98250.84710105494,98071.30516327378,99274.15195230259,98790.06759813426,98601.89030797152,98563.76032211415,96717.07017081369,96648.44897018187,98010.49687377141,98200.62125092608,97450.15793705883,97379.71420935595,97962.73274033547
2025-04-14,94509.2252523213,98760.41782340227,98537.13340904574,99740.68732135334,99372.11030285794,99065.26640718043,99026.95723080191,97176.46594472398,97107.51880070372,98534.7696948473,98667.06373433014,97913.03579971645,97842.25747181586,98539.90102569644
2025-04-15,93971.22642147896,98163.75400898771,97789.45729806289,99055.74853156644,98981.4416982941,98384.9658647926,98346.91976501413,96439.11425178402,96370.6902621394,97932.60625892239,97918.40174323341,97170.09519155648,97099.85391261512,98152.50414431552
2025-04-16,94460.74140923716,98775.36946545356,98317.77772985068,99753.71730348529,99656.42413666079,99078.20815328074,99039.89397224569,96960.1392772879,96891.3456180209,98450.78295543797,98447.41881438124,97695.06943793142,97624.44867122274,98821.83382311597
2025-04-17,94276.04615817164,98496.60871502913,98011.41009757385,99434.7613272715,99424.25815403374,98761.41207332214,98723.22039937096,96658.00217673999,96589.4228851183,98187.11012021301,98140.64720804163,97390.64222446184,97320.24151884066,98591.61215548834
2025-04-18,94306.33039873697,98648.00472550433,98259.77127972245,99406.43364681341,99542.45403735104,98733.276221378,98695.09542774195,96902.93381950319,96834.18074776832,98508.3998232111,98389.3358773828,97637.43037911647,97566.85127791403,98708.81818651891
2025-04-21,94584.13793703477,98785.6228624994,98483.44411574313,99605.80056715959,99556.21448933874,98931.29307495391,98893.03570692561,97123.51802953996,97054.60845230604,98639.87502324322,98613.30364672793,97859.68655445903,97788.94679109011,98722.4633991727
2025-04-22,94635.31854599134,99206.72643606874,98812.23087288713,100168.15497124009,100026.09940881982,99489.83934480262,99451.3659833354,97447.76467649736,97378.62504479455,98923.64358781888,98942.52393962468,98186.39089838466,98115.41497047452,99188.4131844597
2025-04-23,94825.2663831903,99327.4143230113,99016.18376261862,100213.76898315102,100084.38204268274,99535.14446915271,99496.65358790217,97648.90124661705,97579.61890760405,99133.94858030262,99146.74576010733,98389.05202625447,98317.92960083617,99246.2077201183
2025-04-24,94690.3011259561,99353.75045120309,98963.94540756567,100271.9719752998,100187.34115171545,99592.95332407205,99554.4400877651,97597.38423414482,97528.13844668618,99104.16680449698,99094.43852395109,98337.1445295427,98266.05962646034,99348.30457991989
2025-04-25,94927.50554050319,99357.05446289573,99029.94536505529,100203.11762980503,100149.63961081064,99524.56524431321,99486.07845411707,97662.47281952837,97593.18085142272,99185.53525969984,99160.5255084898,98402.72646781195,98331.59415755962,99310.91877722376
2025-04-28,94642.56240561596,99215.16804891269,98840.57736653966,100065.46126494608,100059.23110497721,99387.84105658569,99349.40713851327,97475.7197425702,97406.560276621,99019.49303315848,98970.90781075117,98214.5578558734,98143.56156693437,99221.26741337977
2025-04-29,94536.32198458047,98855.83403825296,98515.75855893326,99704.6253710821,99658.18006965533,99029.44866011327,98991.15333468818,97155.3862530162,97086.45406513297,98673.95511792765,98645.66069950056,97891.79632996659,97821.03335542668,98823.57505073973
2025-04-30,94789.09044159054,98661.75388340499,98298.10390640557,99549.87590696561,99472.80119996746,98875.74712365122,98837.51123559994,96940.73712331943,96871.95722996877,98440.765288362,98427.71904918003,97675.52022117774,97604.91358599771,98639.74866911591
2025-05-06,95889.47483264576,99290.71498328281,99092.86391086053,100123.28593768101,99923.01464462612,99468.47778353315,99398.8715274033,97724.52254344668,97655.18655078005,99167.19476969153,99212.30715459512,98454.11239110777,98374.30938647393,99093.56410378963
2025-05-07,96018.23909033474,99512.92006985297,99189.46075613014,100277.61130060288,100251.13240167881,99712.69831245554,99725.26815279669,97819.78551406453,97750.38193188752,99320.04645828177,99365.22837731132,98605.86496777978,98615.8434524021,99449.14546361222
2025-05-08,96542.28237163031,99983.34526802928,99818.80754209425,100922.7004763441,100705.16528264861,100042.80066693015,100176.91941817573,98440.44185343441,98370.59791276524,99958.97558785873,100004.44816366128,99240.19974430962,98942.31463072813,99796.21060202272
2025-05-09,96198.34650925423,99731.3908159071,99504.36566099644,100596.06048421058,100451.83506104119,99853.39570414257,99924.91803249775,98130.34199876086,98060.7180753472,99635.45472639163,99680.78012854807,98919.0052270126,98754.99315136312,99589.84644396725
2025-05-12,97253.46202810522,100569.06330085552,100430.10563103319,101661.4934945514,101458.47342611481,100439.60397379518,100926.27610681493,99043.29872440967,98973.02705405201,100690.71376889136,100736.5192214537,99966.67620947097,99334.75304081485,100431.30321795578
2025-05-13,97187.50964083898,100566.97282558688,100414.4561439798,101642.20660985651,101454.25019725104,100453.23414484036,100922.075030769,99027.86533607086,98957.60461577233,100671.61105733807,100717.40781984033,99947.71085994574,99348.23327790372,100438.00415386872
2025-05-14,97819.69310189776,101556.07208044626,101288.52776155528,102528.47074959488,102476.78510169935,101530.57600882558,101939.24625964974,99889.86718085737,99818.99486633424,101549.4121376735,101595.60822275718,100819.19992869563,100413.72421738833,101517.42838815214
2025-05-15,97123.97798719139,100877.73730603182,100533.36548232945,101734.7850616443,101767.04415138443,100956.46553388544,101233.22823378262,99145.13269375496,99074.78877173347,100763.30546462741,100809.14394005103,100038.74591949204,99845.92904506566,100884.77107092437
2025-05-16,96895.02652832447,100376.94698154475,100043.32275196978,101204.77151932959,101212.37098879593,100495.45510104696,100681.46459230408,98661.85680525746,98591.85576967416,100238.35309526535,100283.9527633556,99517.5683295322,99389.989797165,100356.46545637689
2025-05-19,96807.71657446018,100434.2343587746,100148.08960357707,101302.09642632368,101248.50468854886,100526.4916169732,100717.40875384006,98765.17696523298,98695.10262352684,100334.74863320083,100380.39215281492,99613.27071526505,99420.68490669157,100370.49773698361
2025-05-20,97405.96498575962,100907.81294739836,100632.78365104995,101797.38714938638,101730.43069684193,100983.50588264773,101196.80683399613,99243.17802907895,99172.76454344664,100825.30975633605,100871.17643827978,100100.30435642063,99872.67194587537,100836.78826583507
2025-05-21,97515.63893345644,100916.62974360608,100535.78867176158,101665.02915089691,101712.63976671101,101125.07626867463,101179.1092256451,99147.52242214652,99077.17680460186,100694.21566276322,100740.02270838043,99970.1529222452,100012.68503610561,100909.82286321744
2025-05-22,97545.18529993843,100645.10307548409,100223.42949118183,101415.22683990176,101539.6706631519,100794.76337514826,101007.04742622851,98839.4765086519,98769.34945108219,100446.79874874192,100492.49324134113,99724.51511110124,99686.00563468944,100711.01133203706
2025-05-23,96771.44786364495,100216.27573592172,99760.0299943034,100958.15623053993,101130.83255019339,100378.11251864565,100600.35386108741,98382.47594582576,98312.67313223134,99994.0927701317,100039.58132117531,99275.06440916569,99273.93800103241,100317.99674855628
2025-05-26,96615.37104397546,99928.10192484384,99585.43093730714,100754.69606492254,100780.24615546255,100036.29581125976,100251.60645656762,98210.28787084142,98140.60722546838,99792.57547390343,99837.97235223356,99074.99616504839,98935.88132946032,99923.93364491209
2025-05-27,96201.74276256766,99576.24583566785,99206.22315712033,100365.6371023482,100423.55233826273,99714.55417141387,99896.78366587663,97836.31644847085,97766.90113752079,99407.23168941641,99452.45327008721,98692.42327534215,98617.67889662935,99591.71028257125
2025-05-28,96210.66973704213,99380.06153500908,98924.57385238024,100124.42612460589,100304.02619801709,99526.64690204346,99777.88449634404,97558.55634805458,97489.33810915751,99168.32406881305,99213.43696744883,98455.23356976864,98431.83863582593,99490.3533894594
2025-05-29,96752.94683528712,100048.28087123329,99662.76467067188,100859.22280570537,100946.65344538164,100154.20093566614,100417.14086213695,98286.55372764792,98216.81897130302,99896.10407431617,99941.54804908865,99177.78032148644,99052.48947955028,100093.6292680471
2025-05-30,96064.5143004362,99505.27759164112,99043.09635436065,100211.60645583867,100385.82599116267,99702.56814398569,99859.25521117642,97675.44221106797,97606.14104112012,99254.67190295053,99299.8240822853,98540.9605018115,98605.82471732744,99601.13231871129
2025-06-03,96000.52705066428,99714.1418229321,99116.62265120112,100297.05188307405,100623.52925925443,99987.84452515158,100104.15348841334,97747.95320701203,97678.60059018312,99327.38163734297,99396.42012580787,98624.98145275767,98861.55783036508,99931.35917027465
2025-06-04,96398.8536805769,99859.79133599128,99240.13821000775,100422.038450197,100817.91860365577,100181.00582339294,100207.47939264738,97869.76317934185,97800.32413778422,99519.26702180246,99499.01551899815,98747.88434604226,98984.75553659526,100081.64473670023
2025-06-05,96737.645041939,99900.29088356326,99160.41277397556,100341.36352423365,100844.35380854056,100207.27402502997,100206.4606059782,97791.13864611789,97721.75538902376,99545.36171062507,99498.00393512017,98668.55436647205,98905.23526447517,100266.62559747961
2025-06-06,96803.823423464,99982.71628900043,99224.37190656736,100406.08437799531,100971.46382720576,100333.58103172561,100250.21055467572,97854.21458769582,97784.7865779346,99670.83440500216,99541.44457299265,98732.19624708578,98969.02980585859,100351.24035980718
2025-06-09,97222.22382843394,100280.1395877113,99461.83278029504,100646.373291554,101257.74503659423,100618.05367212619,100533.45942137654,98088.39644087812,98018.80227802829,99953.4279807777,99822.69087870176,98968.47926037571,99205.87960231592,100722.24657720586
2025-06-10,96646.73415906283,99798.98205617434,98979.98872131702,100158.79071165781,100739.73354971483,100103.31470010216,100071.9449708747,97613.20601095591,97543.94899787472,99442.08908192799,99364.43932152216,98489.02525852717,98725.2755116226,100257.97238737863
2025-06-11,97104.62177879649,100105.1047327798,99235.8797776089,100417.72930200548,100988.1443413347,100350.1561674379,100401.31052229459,97865.56355026124,97796.12748835955,99687.30005478596,99691.4762683726,98743.64703644557,98980.5080627649,100646.2794950937
2025-06-12,96972.44651309993,99960.07296913007,99084.12336502275,100264.1655467078,100776.83957900105,100140.18631367532,100298.57823945575,97715.90269298472,97646.5728161411,99478.71714257236,99589.47029969207,98592.64337049826,98829.14217722812,100537.32604809769
2025-06-13,96412.1330189232,99561.89484394738,98590.05465716231,99764.21272849619,100366.05885611003,99732.00067998988,99862.6794900965,97228.65642041,97159.67224701014,99073.22775125186,99156.65334141628,98101.02535683168,98336.34489632997,100255.33824216943
2025-06-16,96281.39621325755,99478.72334667896,98546.88855548008,99720.53254020681,100277.32378937687,99643.82619315005,99799.69741591711,97186.08638549052,97117.13241572378,98985.63569497131,99094.11654861223,98058.07336892163,98293.28987746814,100128.50870335559
2025-06-17,96504.24316627042,99238.17290478504,98261.645841823,99431.89272898553,99992.04655532511,99360.35118551603,99568.46141317075,96904.78249638088,96836.02811300135,98704.03316216714,98864.51537746952,97774.24552459564,98008.78120195429,99958.69493078602
2025-06-18,96465.43474952709,99283.82906231617,98312.99200193502,99483.85039609528,100060.37421593348,99428.24718912442,99601.0629695535,96955.41963394408,96886.62932328542,98771.4806833542,98896.88644182649,97825.3369959681,98059.99522884002,99988.10669224896
2025-06-19,95976.40231203432,99215.16573735325,98289.4177236455,99459.9953599826,100013.50180939378,99381.67089695783,99535.53981207986,96932.17088525296,96863.3970696871,98725.21204770902,98831.82653111088,97801.87965150987,98036.48161614733,99858.27271880941
2025-06-20,96037.81616022563,99707.65034328854,98894.82194205538,100072.60963879804,100395.74992068385,99761.50417256507,100161.62986307299,97529.21527225454,97460.01785098399,99102.53636051899,99453.49014422267,98404.28092603889,98640.32789892166,100267.14881901436
2025-06-23,96196.31435022979,100278.26030207361,99561.14247868425,100746.86571861025,100977.99376030217,100340.06971225598,100772.81004011244,98186.3348037026,98116.67115313945,99677.28022499585,100060.34929574236,99067.29635986651,99304.93373902689,100722.04254223839
2025-06-24,96913.61393628229,101016.19608060663,100299.29823421637,101493.81253873072,101665.26402531454,101022.99817750354,101556.42646249269,98914.29760470676,98844.11746122947,100355.69765284211,100838.42557352044,99801.79069342338,100041.18993865712,101480.66601898879
2025-06-25,97650.44529721145,101864.01775491145,101188.30878241558,102393.41075638906,102503.8825799841,101856.3187962245,102439.62562500681,99791.0320932468,99720.22990266726,101183.51382904885,101715.38054444657,100686.39154525023,100927.91272411651,102284.22874937064
2025-06-26,97227.10846021872,101453.0062813246,100733.64208844572,101933.3292102787,102050.9870159381,101406.28438004645,102034.14390236109,99342.64374487306,99272.15968786355,100736.45208451439,101312.7655654178,100233.98010244142,100474.41606072008,101941.69305206124
2025-06-27,97212.36489527603,100714.51670232088,99960.08188394966,101150.55629197566,101373.09048513445,100732.67043085276,101227.82718875805,98579.76538351105,98509.82259216435,100067.2876463214,100512.14948679498,99464.25693411382,99702.84652125768,101218.44756050079
2025-06-30,97590.13851417211,101290.81054315272,100538.327171795,101735.68819099384,102005.3201557727,101360.90601826784,101772.7013058983,99150.0258688525,99079.67847510098,100691.37346640966,101053.17136027021,100039.63399260765,100279.6037637399,101768.19851062086
2025-07-01,97646.38942227932,101535.13274615863,100820.92420661374,102013.90426036547,102206.16168430366,101567.82755351037,102062.40335102408,99428.72061244876,99358.17548351065,100889.62792339282,101325.73817357727,100320.8292812696,100553.8378864296,101983.59386483394
2025-07-02,97600.89247087881,101573.6465734777,100750.64019387588,101923.0072469403,102115.09336456716,101561.78805357727,102086.02057927742,99359.40712895288,99288.91117824618,100799.73266911054,101235.45433384135,100250.89389336713,100464.24182970985,102166.91668559118
2025-07-03,98196.67747063622,101883.27682409975,101102.97084205368,102285.73558275432,102478.50530538522,101888.2469772856,102404.72170826462,99706.87255695353,99636.1300779473,101158.46344314453,101595.73577438915,100601.47690066004,100821.77864335015,102418.83456939478
2025-07-04,98390.55794919861,102791.85315445514,102123.63587135417,103280.29972505207,103474.94382295884,102793.6954942181,103371.87356358966,100713.4435523676,100641.98690666763,102142.06667831013,102583.59077915485,101617.07919714344,101802.10816075614,103195.92889303414
2025-07-07,97865.71692119319,102289.94837803258,101572.20007944011,102742.58634444892,102936.2170570714,102295.90443892879,102841.273070604,100169.62235928304,100098.55155718995,101610.27933724315,102049.50470911908,101068.37865332751,101272.09076269112,102751.30850816383
2025-07-08,98464.17157152695,102698.05891476014,101971.60063575713,103183.93374622929,103378.39623090423,102735.10160488858,103226.75101653703,100563.50772225708,100492.15745670971,102046.76273108456,102487.87486660515,101465.79809121139,101707.12141279694,103154.651195065
2025-07-09,98605.24365648534,103395.08062107164,102864.72708495059,104113.48696135748,104309.70130042765,103505.49937424377,103962.09367905499,101444.3012766433,101372.32608406799,102966.07151246321,103411.15749535442,102354.49442821884,102623.37046706556,103590.90026642998
2025-07-10,99184.22867846096,104400.9466759735,103779.37765782877,105056.1489591778,105254.13985771463,104505.47278427836,104941.14110694673,102346.3217350389,102273.70655485087,103898.34460706885,104347.46047748068,103264.6081243171,103552.54068555457,104701.1532297475
2025-07-11,99244.3259985732,104333.38997334873,103731.74688990237,104986.41160336125,105184.27107349645,104424.02534594008,104891.62691372592,102299.34868501009,102226.76683241442,103829.3758137293,104278.19355639166,103217.21361593225,103483.80144042669,104616.78056235725
2025-07-14,99453.76364272751,104196.74990752913,103548.46767943811,104756.70829131009,104954.13485803508,104236.7988853819,104769.90346024901,102118.60031799477,102046.14670718655,103602.20401931916,104050.03977849982,103034.84351241973,103257.38573984713,104556.3143512388
2025-07-15,99792.1077570267,104103.66705130968,103413.12202183832,104634.94923670904,104832.14633390876,104146.1086597656,104655.9786414712,101985.12360488689,101912.76469641297,103481.78684869848,103929.10208695456,102900.1692003473,103137.36935260727,104511.3921224719
2025-07-16,99582.14362091002,103846.91482998373,103138.0516041356,104346.07958598055,104542.73227371663,103875.01941633434,104399.39349784535,101713.85154578074,101641.68510606502,103196.10077686678,103642.18109507383,102626.4631950529,102852.63412714696,104282.9042212984
2025-07-17,100366.65459264281,103837.84926447722,103112.81821782475,104358.18401742952,104554.8595174168,103894.65081784085,104362.63905944102,101688.96659915532,101616.81781542227,103208.07180761956,103654.2038723671,102601.35497212995,102864.56531482626,104280.21262497685
2025-07-18,100783.32516699332,104931.9201849453,104138.52775063568,105395.37594103313,105594.006153457,104973.22511331782,105447.44757357035,102700.51244015935,102627.64596005708,104233.83303121163,104684.39909966261,103621.97675022854,103886.9125066068,105456.06767691349
2025-07-21,101131.54504544075,104536.2440554359,103616.83330867144,104895.39293915282,105093.0808737112,104569.27486815021,104999.68373015824,102186.0219083246,102113.5204615918,103739.36024935453,104187.78888650515,103102.87003244017,103394.0854740414,105211.04895328822
2025-07-22,101485.56262246518,104780.54780859304,103661.70269736712,104942.95703710154,105140.73461190073,104765.7471638681,105193.86551044397,102230.27171011706,102157.73886794886,103786.40015219279,104235.03212623954,103147.51685866911,103440.9688143961,105705.61553587472
2025-07-23,101725.2067991388,105531.40538708767,104481.13324605882,105742.86498383668,105942.15008099121,105509.99242687944,105985.58361992387,103038.38700690014,102965.28080325796,104577.49246165974,105029.54404852602,103962.88284375663,104229.42813847792,106377.36040441883
2025-07-24,102149.80053186658,105953.67102004586,104983.27036213766,106294.25523135994,106494.57948949299,105990.98975266174,106403.9249662911,103533.5902736489,103460.13272103942,105122.80593943066,105577.21472398032,104462.52924448489,104772.9266543283,106680.50776690884
2025-07-25,102010.51692996424,105349.64721888724,104391.23597574716,105731.09031667942,105930.35322306307,105419.97415349064,105776.29104963735,102949.73109897251,102876.68779709974,104565.8475609275,105017.84881099826,103873.4314845397,104217.82199536356,106050.57965697772
2025-07-28,102359.63863100615,107160.2000378273,106508.53150181806,107901.78957444709,108105.14342363377,107336.26945429141,107659.37163827875,105037.7895746543,104963.26478580783,106712.62394437831,107173.90495100032,105980.22473882153,106357.45328237594,107454.54787256502
2025-07-29,102272.35556700024,107292.60698807966,106725.53080728439,108149.07779218619,108352.89768564454,107514.40837843175,107796.77637706815,105251.79240676574,105177.11578193777,106957.1868444891,107419.52501020415,106196.14767792523,106601.20220599616,107469.00978885699
2025-07-30,102506.25097127445,108201.34687751441,107567.22752610399,108953.58461507018,109158.92069801691,108367.09047286976,108724.36827177615,106081.86640732164,106006.60084121958,107752.82734674297,108218.60478550955,107033.66938782606,107394.19458515593,108476.12722011676
2025-07-31,101018.06386074676,106498.29289430582,105792.29936432389,107197.29278032114,107399.31892089991,106676.90137400047,106966.46299371739,104331.44765552426,104257.42401947804,106015.89127888612,106474.16055612313,105267.54527712506,105663.03954591852,106856.7169684628
2025-08-01,100478.9957034097,105771.24443198883,105075.34848363293,106531.77075702319,106732.54264161893,106018.87264935178,106178.92354423404,103624.3969180902,103550.87493775404,105390.1897455579,105837.2914148111,104542.74732227923,105031.02207883968,106085.40856800677
2025-08-04,100562.22935294702,105881.88843350341,105217.7892798555,106628.56837809639,106829.52268940551,106162.59249280434,106342.3597382265,103764.87079534214,103691.24914815198,105462.94343846568,105980.76510561227,104703.665027616,105173.40278591211,106181.80061243624
2025-08-05,101239.58633588545,106651.07859401169,105953.86020584863,107412.99704129742,107615.42970239763,106905.2729681959,107064.48317154487,104490.77755554537,104416.64087421134,106269.4185216075,106722.1735731601,105414.66081759922,105909.16319779995,106962.94256320636
2025-08-06,101337.44278788067,106712.21651182593,105982.83731739545,107522.71757799196,107725.35702058817,106934.51027973626,107130.94773976937,104519.35453151359,104445.19757468527,106277.65587143668,106751.36080920926,105480.10119248573,105938.1280852505,107072.20337696013
2025-08-07,101219.35551578861,106610.7032748586,105866.34157175968,107442.16146871241,107644.64909366998,106816.9684604705,107028.16747102156,104404.46743802076,104330.39199410717,106155.92296602616,106634.02030682341,105378.90472800148,105821.68148375418,106991.98479329403
2025-08-08,100842.80922788664,106314.07771483074,105531.16312872648,107213.34118404865,107415.39756976692,106478.780282372,106751.07302314302,104073.91736590113,104000.07644876528,105770.65655237414,106296.41135226643,105106.08019859376,105486.64443692431,106764.12325288495
2025-08-11,101272.37946235693,105994.89020743407,105236.82519915437,106862.6791957747,107064.07471696642,106181.79934515397,106435.82377042952,103783.64385377683,103710.00888701639,105476.35558470649,105999.93906189468,104795.68881516412,105192.43067484157,106414.93051882107
2025-08-12,101946.53676232725,106699.26389533636,105890.01492077357,107616.41447764344,107819.230503272,106840.85438433851,107106.73930688997,104427.81388940063,104353.72188107375,106170.27376119357,106657.86532065876,105456.26580221145,105845.34484608262,107165.50769181801
2025-08-13,102240.19207079674,106869.34624023619,106139.13216950568,107672.22506792551,107875.14627529765,107092.2085815811,107274.61369020263,104673.49115846796,104599.22484100267,106456.84267916056,106908.78901713953,105621.55330608434,106094.35700382845,107221.08443883373
2025-08-14,101987.95756293839,107593.14553088741,106977.20770008408,108274.0394020895,108478.09480067229,107937.80961197663,108070.59594554472,105499.99397460208,105425.14124963425,107234.98301610122,107752.94176502466,106405.26978215673,106932.07898930085,107820.37720443963
2025-08-15,102528.74027512905,107582.07567321305,106996.68435558162,108207.34715819896,108411.27686725832,107957.46115811593,108039.07076610264,105519.20168325155,105444.33533032719,107299.16166260898,107772.55965345832,106374.23039355973,106951.54742850288,107753.96439733832
2025-08-18,103581.91778038429,107546.10212363937,106995.09006315164,108099.30611331883,108303.03220608571,107955.85254973595,107964.17629467891,105517.62940589101,105442.7641685046,107372.85123212569,107770.95380018307,106300.49001702799,106949.95380863076,107646.37603842176
2025-08-19,102832.45513959206,106716.24680227358,106087.31193308145,107391.1534859869,107593.54498029021,107039.92302530739,107146.59743191443,104622.3864909593,104548.15643248774,106404.3240108241,106856.59301167521,105495.50972891632,106042.55862795294,106941.1905311766
2025-08-20,104602.6074413946,107761.45245201018,107225.6933393818,108294.29426025755,108498.38783154711,108188.52652824746,108183.26461762699,105745.04835592581,105670.02176376125,107606.21519679668,108003.2292720211,106516.20227349742,107180.45980405892,107840.5471958795
2025-08-21,106168.04668013124,108746.31336331264,108283.9685540586,109173.45913308288,109379.20959590003,109256.30452595983,109172.95875002703,106788.71018980807,106712.94311483146,108698.06746673356,109069.17845904916,107490.64560138382,108238.28858161964,108716.0284168294
2025-08-22,107953.34449078178,110398.36922508015,110140.55301886277,110533.77277928377,110742.08691613401,111129.5601922734,110834.8969967166,108619.65767910235,108542.59153856487,110641.05032175462,110939.22575247593,109126.97402127515,110094.08983974686,110070.64242457923
2025-08-25,108360.93718936594,110986.17439046317,110708.22334279817,111167.81456708215,111377.32363164029,111702.32791228245,111456.39653929438,109179.48922679658,109102.02588323291,111153.98257901285,111511.01247856278,109738.89649582874,110661.52068996237,110702.02761258284
2025-08-26,108622.91265178507,110773.45099733997,110472.50051956598,110985.02395479484,111194.18852854561,111464.48841579296,111237.5878557508,108947.02142393154,108869.72301733,110916.12663889975,111273.58033586152,109523.45956962851,110425.897307231,110520.00288278532
2025-08-27,106837.76478405659,108682.5726826159,108288.68315663029,109014.02975444395,109219.47975349725,109261.06146330862,109111.19855909658,106793.35968995489,106717.58931613679,108726.55669535005,109073.9272490697,107429.83711115338,108243.00119531968,108557.26703841178
2025-08-28,108256.62866642432,109904.6955883184,109677.01491186091,110023.51310521945,110230.86559658432,110661.85974451323,110381.06170864512,108162.5204201752,108085.7786205995,110120.62082046841,110472.32634723373,108680.13215979193,109630.74727792341,109562.5207101439
2025-08-29,107978.68201702516,110087.92263809568,109756.53946930863,110342.12748812189,110550.08044646164,110742.09839278055,110546.03320135806,108240.94684868216,108164.14940519919,110189.37549311282,110552.4275687161,108842.56150548861,109710.23828765727,109879.80011651872
2025-09-01,108210.0283949124,110269.92373868523,110108.55260647464,110311.91465742378,110519.8106760646,111097.27243215966,110777.41882358608,108588.09915007811,108511.16275077395,110533.85531025243,110906.99329243466,109067.2156909004,110053.41070715571,109849.71387589935
2025-09-02,107816.2285800729,111106.6188932398,110854.18602329116,111291.4799253538,111501.2220520948,111849.60126476771,111645.65938381873,109323.43635575606,109167.1603774435,111202.08100161934,111658.03359221082,109805.7973793631,110796.0684855093,110825.17481988757
2025-09-03,106929.32492954587,110563.0313844826,110284.11324685541,110743.9967144625,110952.7070435036,111274.4095194344,111029.35454493243,108761.23553025247,108704.65048530899,110730.94973548244,111083.82699248986,109241.11598999595,110334.8473782182,110279.9855331724
2025-09-04,105527.66106206251,108576.52781271466,107932.77170907341,109185.50948088737,109391.2826540286,108901.95410865772,108888.0612088942,106442.36290867775,106470.72507957336,108455.38304435214,108715.43494676902,106912.0119504505,108334.28126288504,108728.0282743474
2025-09-05,106940.89128264335,109768.50971279613,109345.79494985787,110106.04914978016,110313.55719020891,110327.66559262807,110153.44755327556,107835.87416769916,107844.62387717783,109854.89187879472,110138.70457821923,108311.67171284604,109563.06264228196,109644.71093327252
2025-09-08,108285.52882269153,110610.04009990962,110463.3602169871,110655.3459197955,110863.88917579359,111455.26603786067,111160.08812730949,108938.00733684024,108802.5718958399,110830.69644125004,111264.37375333175,109418.66775587163,110344.96044156114,110191.70618039998
2025-09-09,107543.32401104596,109928.17679478125,109503.06809872766,110256.9515407916,110464.74397485449,110486.35097584892,110294.00698837839,107990.97558242898,108029.8623067788,110043.58322866475,110297.118176926,108467.45747193664,109748.71862301418,109794.98105166615
2025-09-10,107346.52825490253,109833.9836680024,109454.3525334164,110100.81650247352,110308.31468135153,110437.19796908462,110202.20354737305,107942.93271463213,107995.30156510355,110008.37826059599,110248.04935577344,108419.20262757139,109677.97401489968,109639.50021046681
2025-09-11,108730.37235937155,110384.8778792558,110063.60131160535,110588.039120887,110796.45552915912,111051.91749710643,110787.59520798083,108543.76857312795,108568.93959973427,110592.7091433639,110861.7160379386,109022.68951689267,110218.8107869575,110124.68139323205
2025-09-12,108301.49627631804,110023.42754672832,109783.30699958926,110130.9503529533,110338.50532268261,110769.1062821182,110453.91434869768,108267.3447547786,108278.36523380662,110296.71835212994,110579.38920095096,108745.04605085924,109865.48531486501,109669.50780179059
2025-09-15,108159.99286539925,109925.1622638459,109728.35204093393,109993.83062002297,110201.1271711885,110713.6578553729,110391.56249082906,108213.14865140614,108184.22890533513,110200.82728390314,110524.03574214423,108690.6108213783,109742.72072170304,109532.962592908
2025-09-16,108025.26515153312,109739.6313509089,109613.68626300161,109723.7118370985,109930.49931705714,110597.96243600688,110229.44031374922,108100.06625618353,108061.02843463124,110075.33030591739,110408.53847728175,108577.02947971078,109566.14341504523,109263.97559264691
2025-09-17,108627.32505563172,110620.13019939681,110542.71484689182,110551.32405153188,110759.67126585731,111535.3332327205,111141.8627163062,109016.2661842788,108952.5357516386,110983.45568480078,111344.30381505926,109497.27189997314,110436.02470641324,110088.12015797364
2025-09-18,108234.10746704297,110536.08665571237,110797.14663596614,110041.62207768316,110249.00869757612,111792.049692224,111139.34613937477,109267.18460691646,109208.27310175182,111243.96008396355,111600.58058971727,109749.29743441795,110441.12616367824,109580.55380702106
2025-09-19,108251.33731046465,109780.61564971118,109956.00648761897,109410.34093870722,109616.5378336657,110943.3565253223,110385.03200243702,108437.65949133101,108337.8670224043,110357.32927846079,110753.34100130723,108916.11225656953,109628.6548756029,108951.917700875
2025-09-22,108876.25079609152,110263.64432572301,110692.2818194223,109600.71791461941,109807.27359779637,111686.24324198614,110976.32256033024,109163.76783477058,108997.37739607513,111029.13319587313,111494.95535689266,109645.4243628569,110115.54682136555,109141.49700785615
2025-09-23,108976.60001336521,110386.30138395762,110694.19032622428,109832.4652520321,110039.45769082994,111688.16888622628,110999.01358259267,109165.64998761826,109109.28851180393,111143.13038067878,111496.87770303267,109647.31482021094,110305.48074516925,109372.27333682604
2025-09-24,110696.28121621595,112953.35956389748,113790.81789409944,111806.5320022396,112017.24480632322,114812.6026235283,113835.74728199656,112219.51722509862,111967.0901607664,114054.20262397725,114615.96014276776,112714.65644685921,112828.68775399972,111338.06885724334
2025-09-25,110621.61486259283,112992.3971241452,113984.69593350108,111673.9599545124,111884.4229106898,115008.2215909213,113951.33993723572,112410.71806524412,112099.51496833334,114189.09588424681,114811.24406855246,112906.70091062324,112854.31391425908,111206.05227901606
2025-09-26,109436.97161249137,112310.09240570111,113044.11826873425,111281.32714926818,111491.05014188636,114059.19800835122,113142.51210354271,111483.12853380166,111263.75270786867,113337.75467261359,113863.84590294282,111975.01863337267,112189.47109952921,110815.06458336857
2025-09-29,109682.84675594888,112444.12884027741,113185.54334120122,111373.99988556765,111583.89753105967,114201.89300735603,113225.65492119339,111622.60071309947,111486.84669698562,113565.00722514844,114006.29650457352,112115.10619712432,112399.43632007932,110907.34902606191
2025-09-30,110157.84909361321,112590.96528367091,113565.98376508617,111278.94630184266,111488.66480746864,114585.74959629521,113517.1137867848,111997.78775798925,111728.33571717264,113810.99769967387,114389.49565251598,112491.94865656241,112485.99733088605,110812.69371156124
2025-10-09,112332.08426620731,113898.00519964073,115003.58699025484,112411.47190871795,112604.29162427818,116036.26178063691,114847.93380914116,113415.53958432566,113152.47921756706,115247.95278312989,115823.7766980697,113915.95594142601,113834.5854718322,111940.47409918965
2025-10-10,111029.80622811572,112630.82365416446,113326.03709620156,111592.15441797797,111382.71967968566,114343.64832612836,113377.07241800964,111761.15443519285,111501.9313130101,113771.96833540482,114340.41765389795,112254.27125121969,112322.73091995585,111124.58950312577
2025-10-13,109920.64633311282,112038.60812046092,112847.49314190957,110931.30888366008,110663.89836798159,113860.80728606178,112928.16356028903,111289.21853987646,111031.09004396948,113321.49591398111,113887.69449580595,111780.25306239762,111661.23328180252,110466.51287480844
2025-10-14,108540.10505743156,110437.72748550604,110346.70439729364,110226.90929789774,109343.77559429249,111337.56270715213,110744.13911669145,108822.96237970071,108570.55421323354,111129.86444439608,111685.11277693277,109303.11519299689,109739.33666971773,109765.06468409763
2025-10-15,110018.14944131,111612.55480332793,111755.44582891052,111130.07692156205,110523.39796105245,112758.95393344646,112010.78235089275,110212.25095567496,109956.62041982467,112400.91943691247,112962.51845806638,110698.5336408626,111091.78740650608,110664.44808569668
2025-10-16,110675.67194041169,112536.73633366323,112861.13285265895,111918.18445768794,111276.44638430967,113874.56947460341,113133.54108977983,111302.6699042634,111044.51020874426,113527.58877988157,114094.81708239137,111793.7637774061,111951.85114648205,111449.2534951189
2025-10-17,108253.71593297066,110413.75096519175,110116.85784725362,110351.98302512005,109509.3480391997,111105.65224985415,110494.06023500505,108596.28970646842,108344.40729332194,110878.9145300811,111432.90901854834,109075.44238597508,109788.66235450371,109889.61435936551
2025-10-20,108586.9657090048,110599.48966426971,110217.05759013603,110656.25317560192,109638.31564633547,111206.75173639832,110683.78824304762,108695.10582344899,108442.99421239835,111069.3033667568,111624.24911242773,109174.69450318515,109849.39205573611,110192.60963485511
2025-10-21,109805.34096124086,111858.66721431659,111779.16674230956,111648.31939687749,110710.05686044558,112782.88784880406,112204.01967818839,110235.64431463873,109979.95951933147,112594.82981591078,113157.39768927322,110722.03021689448,111113.3778533356,111180.51915389033
2025-10-22,109711.17751625663,111882.0351392118,111504.46300548685,111932.10887278305,110902.62098660895,112505.71740958309,111976.45749304288,109964.73387303471,109709.67743783038,112366.47502450064,112927.90194787818,110449.92445393691,111121.61469710816,111463.11956768994
2025-10-23,110151.15467563804,112096.07147654395,111466.8907892047,112390.74405107777,111198.37008722367,112467.80781355836,112022.40310858744,109927.6804793577,109672.70998722047,112412.58067007254,112974.23795531501,110412.7075718671,111253.38452029056,111919.8330901191
2025-10-24,110670.15944528607,112737.63541497893,112412.75571760154,112735.22507265022,111729.17846529857,113422.16613674595,112872.26920858063,110860.4842643136,110603.35019118313,113265.40688048369,113831.32521952699,111349.62710915878,111985.79514336218,112262.87075538788
2025-10-27,111602.48013420783,114150.85563474466,114051.77194163133,113902.41774563359,113104.54133269229,115075.89990811388,114403.92907959354,112476.8678424324,112215.98466703216,114802.40157111225,115375.99933767358,112973.14255637422,113522.9805054182,113425.17295604719
2025-10-28,110800.91000591488,113025.34128691784,112730.82397901904,113015.21787125952,111950.88245232985,113743.09049234091,113219.87700559509,111174.16042379176,110916.2987981067,113614.2254064133,114181.886579445,111664.68728251735,112220.35397972433,112541.69039975779
2025-10-29,110914.80128926483,112584.64158892332,112031.01592689345,112760.88049528252,111758.41190647504,113036.99851331832,112489.24387534395,110484.01579513765,110227.75491746115,112881.04745793661,113445.04538675057,110971.49757148552,111880.73476527537,112288.41868322754
2025-10-30,110438.65517175135,111887.62185687124,111120.58782813714,112295.23871619342,111089.31479200124,112118.39522480799,111683.39528540967,109586.15950408192,109331.98114883652,112072.39207195959,112632.34964171337,110069.67972475571,111061.11490613785,111824.72791727127
2025-10-31,109770.5573723577,111761.4010724512,110947.1271564173,112260.19034902214,110875.42344173041,111943.37696286422,111601.3419442987,109415.0940947792,109161.31251522675,111990.05293647479,112549.59910765535,109897.85953414819,110799.48482339276,111789.82640080736
2025-11-03,109850.76617359267,111858.97149673311,110783.02010231359,112627.39788133773,110963.52069996376,111777.79630935259,111580.00054339494,109253.25314200661,108999.84694258773,111968.63720279891,112528.07637258546,109735.30450056883,110683.85275338226,112182.42128918864
2025-11-04,108947.65106988641,111623.0577372184,110280.34794294611,112509.07808178292,110846.94887308952,111270.610404976,111073.71212696095,108757.52222020924,108505.26583816615,111460.58536784993,112017.48611166429,109237.38629594498,110181.63056067373,112206.27919107977
2025-11-05,108772.04124660102,111084.15877662462,109706.66078627211,111923.50595254966,110270.02757058416,110691.77182407459,110495.89782658979,108191.7569242773,107940.81280003233,110880.75852205526,111434.76222382874,108669.1247088575,109608.45693968772,111730.4244767794
2025-11-06,109740.0993032245,112195.10150249662,111021.67004975246,112985.74626552887,111316.575099648,112018.58921416261,111820.36735448492,109488.6076493651,109234.65555964537,112209.84121906936,112770.48553860128,109971.69744803556,110922.28907347473,112620.09571451458
2025-11-07,109559.12155792197,111685.03645507882,110302.72217652379,112557.95346173226,110895.10220288983,111293.18554799988,111096.24732226842,108779.58749521858,108527.27993412757,111483.1990539531,112040.21278460103,109259.5489281999,110203.9847659707,112319.35648845947
2025-11-10,110820.91220145668,112222.93553817208,110686.14544663993,113184.50640674536,111512.39889970985,111680.05176764009,111482.42896498223,109157.71619717892,108904.53158982612,111870.7257795027,112429.67574546639,109639.34602399977,110587.06481499411,112995.330018328
2025-11-11,110020.8114293271,111565.6273001468,109836.54714997335,112678.63149816882,111013.99742772903,110822.82450247015,110626.71860146103,108319.84972911363,108068.60850148807,111012.03494980944,111566.69456003721,108797.78268963887,109738.22703569432,112499.40306594418
2025-11-12,110088.07111544612,112024.43676518183,110193.9839767785,113148.58342569199,111477.00661926383,111183.4709335134,110986.72685265617,108672.35082616941,108420.29199393507,111373.2971210926,111929.76173863516,109151.83910544119,110095.3439031547,113068.33872576762
2025-11-13,110615.08463742619,112678.59564160519,110894.45811193822,113859.56631565013,112177.48595298963,111890.23497666315,111692.24024549896,109363.15234013207,109109.49123628408,112081.2678393237,112641.26975588796,109845.68860011586,110795.19100934455,113641.16821683974
2025-11-14,109537.35735766414,111937.61996446142,110055.71198069613,113141.6401207025,111470.16588973072,111043.95732394478,110847.46011860468,108535.9881834423,108284.24563596878,111233.5453166161,111789.31167940245,109014.87479827579,109957.19568116036,113007.43524037396
2025-11-17,108825.38936244404,110878.64405373757,108921.50255283526,111974.48069101316,110320.24924446695,109899.56326172754,109705.09111241439,107417.44068741187,107168.2925420425,110087.19740316455,110637.23616274871,107891.39200444349,108824.0015401367,112087.32854402046
2025-11-18,108891.42493600868,111788.44393577313,110031.67707393477,112935.07964368738,111266.656990491,111019.70659572123,110823.25230311982,108512.2851669492,108260.59759716419,111209.25318454675,111764.89817432604,108991.06719843185,109933.18228923026,112738.72214687744
2025-11-19,108981.33474378697,112034.16768658816,110013.52200495618,113127.32380324196,111456.061071376,111001.38850328798,110804.96662536322,108494.38079545711,108242.73475376032,111190.90381719806,111746.4571263506,108973.08382859096,109915.04347174997,113311.35620590797
2025-11-20,108253.09691589874,111254.21988874076,109066.47204392601,112340.60400105147,110680.96370876614,110045.83450646568,109851.1035237004,107560.40834160095,107310.92859155303,110233.71838028205,110784.4892160604,108034.99046595364,108968.8412618811,112731.82524873622
2025-11-21,106616.8630019575,109402.65007276437,106878.60368743393,110555.9212162,108922.64655978627,107838.32018452544,107647.49549621744,105402.75155293009,105158.27635506475,108022.43511657155,108562.15751500073,105867.8135819412,106782.931374336,111250.7266060197
2025-11-24,107043.8185912799,110470.94003684423,108393.03569045343,111652.57019475765,110003.09442524247,109366.35103078272,109172.82242415086,106896.27125332673,106648.33192839746,109553.07480628026,110100.44488015359,107367.92304676052,108296.00773452554,111784.9231969054
2025-11-25,107531.39919433971,111478.91851152871,109605.77738182973,112534.00753168573,110871.5100330059,110589.98253703094,110394.28866020215,108092.26658619847,107841.55322367203,110778.79544773791,111332.28970205299,108569.19539572526,109507.66384095969,112604.59808235915
2025-11-26,108021.60703961155,112145.43312667476,110535.67442802966,113068.92629571375,111398.5262871465,111528.2295944122,111330.87544782052,109009.32298428778,108756.48256586317,111718.64439666305,112276.83450446752,109490.29806493112,110436.72849041899,113018.93961144962
2025-11-27,108154.32628723435,112279.18659668123,110686.71137806379,113096.53488265797,111425.72700443653,111680.62278084554,111482.99896775452,109158.27431383844,108905.08841196838,111871.29776761259,112430.25059145295,109639.90660320282,110587.6302398248,113177.29202920411
2025-11-28,108518.85375507742,112376.80475671533,110897.33033669273,113202.4513144287,111530.07870207266,111893.13299256183,111695.13313323006,109365.98490326217,109112.31722945828,112084.17080307392,112644.1872239822,109848.53366118875,110798.06066302887,113140.07460459841
2025-12-01,110061.31738604567,113916.23837870112,112879.42935315563,114473.41965702278,112782.27066109332,113893.03026853918,113655.08629726604,111309.88937471813,111051.71293408141,114050.95054576689,114646.35946631065,111804.83835855362,112778.3854048367,114259.51342797058
2025-12-02,109795.75638720441,113666.96287795433,112526.44814748163,114459.29004449543,112768.34978942573,113536.87946788021,113641.05769275718,111111.05398651828,110853.3387323322,114036.8730791863,114441.56406566623,111341.33404078867,112425.7201700611,114187.21834946531
2025-12-03,109631.07508957261,113252.1630096467,112051.657596993,114066.50619184122,112381.3686464313,113057.82553530908,113251.08172450762,110650.58269648797,110393.93547713097,113645.53881234548,113967.29033008633,110934.45123118571,111951.35462802727,113827.55820856887
2025-12-04,109814.4715752553,114023.08114532988,113005.57481683577,114665.40615570552,112971.42088760519,114020.30845549933,113845.70034672024,111495.91029873477,111237.30239400879,114242.22850996436,114837.9562942553,111806.63880813631,112904.41794948648,114388.21729756899
2025-12-05,110533.98564564834,114435.52560317455,113259.71872062971,115078.44126930815,113378.35411380247,114276.73444465638,114255.78280622006,111723.75843962864,111464.62205515703,114653.73929959831,115072.63409342832,112278.6349732066,113158.33435652898,114913.03447325686
2025-12-08,110763.48383693943,115368.34280227935,114317.77364211726,115780.11869572451,114069.66545629554,115344.29017105667,114952.44416822997,112622.23377480317,112361.01343206572,115352.82715509406,115998.04087288586,113400.49089931982,114215.44216083658,115651.14842857968
2025-12-09,110114.2970958012,115073.05371191756,114146.46003400415,115423.02063370637,113717.84290741257,115171.43825227884,114597.89888447014,112428.46208693864,112167.69118571037,114997.04697893398,115798.46095499981,113126.56916224936,114044.28190398919,115241.45385897241
2025-12-10,110121.15058830281,114595.25947653095,113635.87411610586,114879.49910773702,113182.35098242539,114656.26752777114,114058.2628176561,111875.71615690399,111616.2273158556,114455.53134268743,115229.14668342634,112744.15368027784,113534.15303674569,114761.95647262529
2025-12-11,109029.27224271814,114239.75889435656,113207.83671610658,114613.04943166598,112919.83764461962,114224.38656563708,113793.71790392445,111506.01395326182,111247.38261373075,114190.06501068163,114848.3628018472,112326.06608140044,113106.4987941487,114499.00666231396
2025-12-12,109938.37609732363,114728.99224678699,113734.41882108878,115066.23910207265,113366.33221271897,114755.69711500188,114243.66786832165,112004.46678546589,111744.67931525526,114641.58216498928,115361.75656136747,112831.39077523908,113632.60952949956,114943.04895020617
2025-12-15,109439.41063372981,114202.35387863076,112710.84129607909,114868.55613214175,113171.56967057918,113722.9283748854,114047.39806984516,111154.70597724908,110896.88947495594,114444.6287526174,114486.52450762565,112157.43440190377,112609.94825925065,114919.40481382843
2025-12-16,109153.88916255946,113377.63769223377,111767.18670582116,114253.21614314972,112565.32027753211,112770.80023756958,113436.45694691388,110354.58323720595,110098.6225703849,113831.55970249526,113662.41840359972,111163.4672316892,111667.13838079003,114274.91573650773
2025-12-17,110275.74078097027,114227.53504604012,112668.55583307207,115015.43132200521,113316.27503070746,113680.26320953353,114193.22329659977,111187.9732460483,110930.07958237179,114590.96189323386,114520.78894970391,112074.99134323487,112567.70064804854,115045.28022954006
2025-12-18,110058.53202363067,114545.42419681407,112825.20827924198,115460.03892588703,113754.31431763725,113838.32231645416,114634.65254488298,111407.0734381813,111148.67158508812,115033.9286535047,114746.45658379752,112314.49445714868,112724.21286688239,115532.15388374058
2025-12-19,110286.51616537767,114712.21841404267,113037.16680267175,115508.32889257881,113801.89088265962,114052.18412159437,114682.5973022606,111539.78767014742,111281.0779945578,115082.04040398373,114883.14887259377,112591.56778040313,112935.98165577673,115614.65686602755
2025-12-22,110500.53369822161,115412.91628350067,113944.81205503312,116039.51355339408,114325.2281985761,114967.9795751386,115209.98469616937,112344.74863982374,112084.17190678601,115611.26470481112,115712.23823028045,113381.76259752575,113842.81443007637,116089.24957853676
2025-12-23,110672.83475724868,116624.72823574523,115276.69409056893,117112.43828354868,115382.30230082473,116311.82124635065,116275.23943531803,113575.99924608665,113312.56670301406,116680.2297597979,116980.3950885047,114677.10742413018,115173.50423226783,117147.97855889428
2025-12-24,110910.19775005533,116434.18998863138,115188.72642421517,116868.37386173043,115141.84351342484,116223.06367427488,116032.91975091485,113466.93052223013,113203.75095735263,116437.06606829494,116868.05707261026,114506.00301285226,115085.6153101138,116861.46128159431
2025-12-25,110877.08877304803,116474.6305260333,115115.61213952284,116936.53982281029,115209.00243901137,116149.29285981166,116100.59841564135,113398.00735704316,113134.98765520717,116504.98045994423,116797.06796269404,114563.014065414,115012.56647362623,116995.63532861808
2025-12-26,110687.81856570844,115742.83753361838,114223.60690643781,116310.99828998338,114592.70221249228,115249.27786510787,115479.5286764043,112571.18012133693,112310.07819440786,115881.74751522642,115945.45690626584,113793.02588113118,114121.35971844978,116429.27157657925
2025-12-29,110800.74042927593,115526.69172063566,113962.46383436974,116285.36203497529,114567.44468930719,114985.7898586402,115454.07568667078,112440.10414442097,112179.30624015663,115856.20587192732,115810.45197856963,113386.99258883875,113860.4504084341,116328.3772763843
2025-12-30,111002.2263069872,115743.51372453391,114209.16135412481,116531.88864105336,114810.32928640547,115234.70259894768,115698.83995397693,112707.75266606732,112446.33396752266,116101.82266089256,116086.12315923169,113554.30330189812,114106.92709706358,116535.0783861751
2025-12-31,111168.25079628949,115574.84061554733,113990.15292863446,116401.34426928987,114681.71348446976,115013.7275871464,115569.22880159886,112511.53759054575,112250.57400079766,115971.76006878483,115884.02661410601,113367.29432327866,113888.11471682397,116420.06360156697
2026-01-05,112354.35796478264,117372.41356656558,115947.34668031186,117753.11294337365,116013.51208827208,116979.78305378981,116911.33411973511,114166.65480463448,113901.85227233089,117318.53998205342,117600.79396490357,115511.40492849407,115843.55648777795,117918.45803169782
2026-01-06,114269.74186124303,118550.69447064998,117146.0540661688,118970.48902169004,117212.90351706301,118185.42661200285,118116.27221402731,115346.95272650261,115079.41256578101,118531.42328124773,118792.52284864226,116676.42466767356,117041.19085149224,119059.47974243964
2026-01-07,113462.48153167167,118835.01009690709,117662.65966346492,119495.14024474315,117729.80391558637,118797.60207905188,118728.08947594825,115855.62441744923,115586.90442403388,119054.13825624791,119080.00964382329,117093.54565340557,117557.33400962144,119011.04366127572
2026-01-08,112725.72833186097,117161.2669666262,115833.17019009119,117637.15826624334,115899.27044318352,117131.84406270672,117063.30615247425,114054.23180989562,113789.69003581208,117203.01324067921,117245.2541232789,115558.03111505485,115729.4822025688,117485.2903626969
2026-01-09,113102.15438319798,116797.466906369,115416.98620342829,117214.49262196722,115482.84896093271,116704.81081513416,116636.52277688678,113644.43947828178,113380.84819230108,116781.90746226216,116870.83177945472,115179.68044004736,115313.6707627329,117194.70633290277
2026-01-12,113926.94973136543,116812.55077152599,115460.33014978531,117258.5116077993,115526.21764153312,116938.60342345016,116870.17858502743,113687.11775858133,113423.42748295504,116825.76399412127,116773.73739042868,115365.82655762995,115356.97590978432,117101.85649208106
2026-01-13,113275.27219436118,116661.98920051444,115211.96205878972,117006.27542725804,115277.70781916952,116658.3033786765,116590.04255354547,113442.56404587449,113179.4409975399,116574.45870212464,116616.29287546802,115167.15832667286,115108.83014532508,117088.48948147504
2026-01-14,113192.13609173935,115882.65836621482,114387.20977808478,116168.67843827371,114452.48489318737,115974.79581316232,115906.93493204775,112630.47811526507,112369.23865028714,115739.95290109106,115728.16818304779,114514.8979487503,114284.8161410918,116319.13598148743
2026-01-15,113612.08378948475,116790.9624522871,115590.21109944125,117390.41532592573,115656.17270781413,116873.58891312391,116805.20211694928,113815.00402738877,113551.01712742951,116957.18091586532,116913.63088749346,115212.84803344733,115486.740596592,116962.05505698433
2026-01-16,113212.14753584139,116488.67296130043,115472.92551302286,117271.30313147222,115538.82019232064,116663.23510855222,116594.97139769475,113699.51968521485,113435.8006440827,116838.5083101223,116714.55334482911,114881.00434382219,115369.55999829058,116462.62464385507
2026-01-19,113612.84553959599,116231.0562165402,115112.74900004773,116905.51722238325,115178.43814444882,116318.36451540377,116250.30260030854,113344.87467777933,113081.97821392419,116474.07234976716,116418.00456344639,114617.1452974011,115009.70589708853,116331.16666777695
2026-01-20,113618.715868371,116046.27094232051,114724.24853944188,116510.96624794479,114789.71598587227,115974.07071409105,115906.21025725713,112962.34071518922,112700.33151532686,116080.97748278151,116150.68638721279,114425.17803137211,114621.55320241922,116389.32860822497
2026-01-21,113232.50124051629,115389.47559064567,114014.90573280715,115790.57612245505,114079.96839243104,115472.61624648502,115405.04920807686,112263.89182729438,112003.50263665905,115363.2459882385,115342.67824409531,113948.7992959603,113912.84536353995,115725.44485091422
2026-01-22,112800.78621859531,114572.47663380616,112985.73697475923,114745.37906987961,113050.21233874692,114421.42552156532,114354.47357136064,111250.52879916294,110992.49004172943,114321.90628063634,114475.85433143508,113078.33133712728,112884.59786524146,115191.83648331382
2026-01-23,112559.62035329168,114036.16006007534,112545.13924227566,114297.9194596241,112609.36317895992,114030.77901705723,113964.05564769043,110816.69766225174,110559.66514945102,113876.09803944477,113927.26374311691,112619.28476314333,112444.39453353368,114519.25513875505
2026-01-26,112211.23685493442,113813.10767959831,111922.49752484224,113665.5807078082,111986.36615073736,113558.308378752,113491.86146836572,110203.61832877481,109948.00781577153,113246.09296116892,113503.93003425513,112434.11338692003,111822.31017343172,114747.72400008724
2026-01-27,112107.69217630013,113762.19267105749,111822.16016583166,113563.68069279027,111885.97153416563,113434.77233538186,113368.39771022525,110104.82192714818,109849.44056632055,113144.5690125681,113454.24221076019,112352.27046628349,111722.06263134329,114768.61773617085
2026-01-28,111664.34469180784,113621.77464005035,111607.69841238655,113345.878907769,111671.38739801997,113269.20332393511,113202.92557895773,109893.65382649409,109638.76225708492,112927.57103446395,113262.42370859758,112239.10700383026,111507.79285319833,114704.63809075597
2026-01-29,112128.47658439462,114077.72521164085,111798.85856050721,113540.01618780514,111862.65663176913,113592.42271703218,113525.95584516169,110081.87818235683,109826.55003813375,113120.99184246313,113571.61786280564,112735.88895666906,111698.78188443581,115443.01104023194
2026-01-30,111204.23562114386,113576.43828219194,111297.613077712,113030.96429797896,111361.12511300323,112993.46669971177,112927.3502978102,109588.3307089123,109334.14731769092,112613.81863067528,113126.41170012603,112160.47749683345,111197.98509121094,114982.32487928557
2026-02-02,109394.89620253904,112480.43308375211,110190.76609569104,111895.50864037176,110253.64650823096,111869.48417967965,111792.81978419918,108498.48242056504,108246.82686540116,111464.71835299165,112018.16231976809,111063.83991802283,110086.63612378309,113910.77924435957
2026-02-03,110254.29341320957,112887.5291501189,110669.06388285018,112264.73228385676,110732.21723624747,112355.06866765126,112161.70458339917,108969.43462364541,108716.68672381942,111689.62121181325,112504.39216513146,111430.31928910967,110581.9649003348,114186.1714745032
2026-02-04,111406.0102686742,113567.79814253538,111213.75163098764,112921.81860539796,111277.21581070479,112908.05454461859,112818.18788303548,109505.75718641504,109251.76531939917,112533.3756003926,113058.11297810289,112082.52178512338,111201.84389391847,115039.2722920832
2026-02-05,111528.39588952724,114059.85724512984,111639.0888280981,113350.58831578438,111702.79572668699,113339.87160633008,113246.56410246185,109924.5621556393,109669.59889626213,113028.07359042903,113490.50393856848,112508.10464412003,111733.08825019273,115582.56179299431
2026-02-06,111209.3878173029,113840.70689601498,111455.95729331537,113173.96253660409,111519.55968780772,113153.95012616369,113070.10041646525,109744.24311157328,109489.69809112563,112817.5418761761,113304.33536277922,112332.79164449536,111480.51631184272,115340.2304163689
2026-02-09,111932.35726049698,114710.95672536358,112394.29344610317,114065.02734141344,112458.43130256278,114106.58150462563,113960.3474724061,110668.16852007271,110411.4805114798,113576.40414914492,114258.2328189618,113217.23356750407,112348.77451152276,116112.84778365832
2026-02-10,111903.84318325891,114925.12948876715,112630.15471614353,114263.5428772278,112694.4271669479,114346.03603926845,114158.68082634782,110900.40748861698,110643.18081602384,113726.20139591991,114498.00559637752,113414.27362709919,112594.0351676593,116283.16214055932
2026-02-11,111531.63002929535,114590.0747821313,112294.3300215642,113977.59927721441,112358.41083384855,114005.0951720023,113872.99964277609,110569.74031012069,110313.28059970548,113472.51827058307,114156.61160774053,113130.45531657577,112196.31692881144,115983.76518601962
2026-02-12,111183.77366699003,114191.21062437579,111943.03003190379,113618.73886542003,112006.91037468369,113648.4432489046,113514.46856471153,110223.8355024582,109968.17809696433,113066.31146886449,113799.48568277383,112774.26215196408,111777.3429320974,115545.9094450637
2026-02-13,110225.08579481606,113381.64784200293,111201.47903981681,112743.90266430593,111264.93621617404,112895.59498478004,112640.43521913582,109493.67307479132,109239.70923612898,112083.75219580955,113045.63685910884,111905.9282127771,111111.60341362232,114609.03037999998
2026-02-24,111271.48039633078,113782.71543987736,111542.61309637895,113232.11883096147,111606.26494104612,113241.9261003164,113128.20333957102,109829.5680753472,109574.82514889525,112689.43363386001,113392.42825982922,112390.51568941203,111350.19492404588,115144.62682809525
2026-02-25,111498.58516733468,113971.08485911216,111777.34671217595,113443.58501976254,111841.13250769145,113480.23580129475,113339.47546141344,110060.69670789476,109805.41769279863,112828.43269484348,113631.05468205972,112600.41014564583,111531.48425217243,115277.44689114479
2026-02-26,110918.63409757282,112615.73202647506,110383.70914251436,112087.01876056998,110446.69965809477,112065.36664686786,111984.15415154165,108688.46229379463,108436.36609200231,111580.41494637751,112214.30512105106,111253.9266300886,110176.86779058435,113995.15037367227
2026-02-27,110751.1097142556,111635.87716139316,109369.82680419428,111101.74168459495,109432.23874734106,111036.03816295242,110999.78128501323,107690.15092017905,107440.37024020187,110682.09630601092,111183.60862649672,110275.97267312785,109199.99930083295,113074.52494715409
2026-03-02,110395.09291689869,111657.71277457871,109338.58716069211,111329.4449400566,109409.95385952023,111013.4266758545,111218.64168880755,107668.00517726383,107418.4909784264,111057.61572385681,111160.96708800571,110480.32520456798,108924.46894668415,113290.50761022509
2026-03-03,109409.31229625866,111734.0669745582,109266.37364277375,111106.4376152959,109190.79152447452,110791.05237668475,111593.63725732191,107307.62083584559,107203.31780195158,111581.25892111492,110938.29724624501,110407.35761690323,108706.27910091728,113672.4888829999
2026-03-04,108389.23227030098,111177.47743585097,108786.76249705294,110556.17210280671,108650.01343684152,110242.34884047418,110961.18035321873,106822.11352039276,106672.38287255455,110956.53793942498,110388.86446539886,109922.7382640567,108167.90060850828,113028.25008796113
2026-03-05,109185.68491581883,111496.71324226852,109077.71101552971,111169.2577229297,109252.52851670836,110853.69416400642,111178.12488775085,107440.53061219396,107263.93106710128,111001.98672211223,111001.0222865154,110216.72493220211,108767.74214752519,113249.23603120954
2026-03-06,109402.58497186577,111770.08862155912,109272.40066913728,111641.98603489337,109717.1062645619,111325.08059574544,111449.60132882517,107874.01347619027,107720.05264339459,111148.38050077712,111473.03520597311,110413.44757882747,109230.2584240092,113525.7697430632
2026-03-09,108353.06096164111,110943.46526218865,108289.38608841832,110799.32198897687,108888.97104451798,110484.80852464962,110835.90184697793,106934.43394768018,106906.99101120139,110520.91446578642,110631.6463862875,109420.16813943749,108405.79788932012,112900.63779788857
2026-03-10,108863.33307090407,110887.33024938796,108243.39088522899,110987.57193564897,109073.97527220045,110672.52410755646,110664.99384270508,107156.54578471743,107088.62782084483,110212.34254870194,110819.6114492374,109373.69264402309,108589.98119753244,112726.54598859549
2026-03-11,109534.96617161181,111617.13685844648,108906.05304965733,111661.63681024114,109736.41823028005,111344.67559066674,111475.31216741566,107764.47122822882,107739.0130957309,111044.49586554585,111492.65624327249,110043.27447535963,109249.48469671985,113551.95954281958
2026-03-12,109337.91416324787,111433.12594657388,108695.35891478941,111433.54024958429,109512.25440560261,111117.22650183739,111346.59396233784,107516.25436780076,107518.92946595693,110936.97630101211,111264.90486729359,109830.38022509194,109026.31555443691,113420.84347656918
2026-03-13,108815.59761189297,111248.2173833771,108430.31343918692,111298.34695024008,109379.39204693973,110982.41696037338,111238.98441848278,107333.2334425413,107388.48544718215,110789.30768908531,111129.91615961603,109562.56708520265,108894.0427460694,113311.22929982754
2026-03-16,108128.80474945973,110838.36070487039,107919.66513886243,110985.65716068975,109072.09351091032,110670.61476785164,110916.72099802512,106967.20386501057,107086.7803110796,110396.94894983288,110817.69957195877,109046.58648082467,108588.1077861838,112982.96250989489
2026-03-17,108005.09722984549,111326.33295959943,108287.06030895526,111539.70349542514,109616.58723359145,111223.0883941173,111502.26055670778,107434.67368675122,107621.36324411632,110927.13306879923,111370.90745343086,109417.81807366377,109130.18542624933,113579.40994731849
2026-03-18,108118.81929083618,111699.71190188645,108715.97809111045,112072.9064071501,110140.59690597418,111754.77776323256,111731.6937767712,108017.09236181797,108135.83497433683,111073.68752883325,111903.30345480678,109851.21471147552,109651.86990991613,113813.11722488409
2026-03-19,106960.09008353186,111328.81868396749,108254.10885243256,111595.83365663614,109671.7496243815,111279.05922500805,111522.90178629306,107471.48106934498,107675.52157769023,110912.02657517933,111426.95267135484,109384.52253064343,109185.10304489992,113600.43569751567
2026-03-20,106287.92522031115,110933.62526961367,107821.56806770233,111244.96727892643,109326.93272336537,110929.18881187636,111163.74010577156,107106.07526856294,107336.98098001693,110522.16905468387,111076.61726919886,108947.46505805141,108841.81620031128,113234.58327850957
2026-03-23,103092.2101887802,107959.56644938889,104859.40229353975,108069.7313170122,106206.4427193671,107762.9660320332,108349.23625877746,103971.1823141568,104273.28964738785,107824.16448727496,107906.18647751526,105954.36768467531,105735.17275016075,110367.64870121935
2026-03-24,103848.66254270286,108251.04937834677,105226.04873094687,108449.63404627703,106579.79534052093,108141.79037452326,108506.93347737423,104408.05124056774,104639.8465624806,107942.5275953171,108285.51428973234,106324.84272639413,106106.86869330362,110528.28362421668
2026-03-25,105398.9981175859,109375.0213528309,106503.58256793646,109633.76251915735,107743.50761494513,109322.55759625572,109393.65967101343,105686.43464154624,105782.37712795568,108817.46484091361,109467.85078905369,107615.7168581681,107265.41722592754,111431.52843159127
2026-03-26,104137.12920230412,107896.69847655414,104975.0880201026,107959.53787771151,106098.14918466024,107653.0853863464,108100.90458962391,103982.7202496115,104166.96725467517,107628.99404670973,107796.15979691864,106071.26142753488,105627.35974647876,110114.69091979977
2026-03-27,104750.84098427441,108641.00743136535,105822.55592867169,108891.1780745234,107013.72646973286,108582.08104183305,108623.25024407385,104993.33688993685,105065.87934509527,108059.76289315868,108726.39011749042,106927.57878603105,106538.87433942188,110646.76722860965
2026-03-30,104449.35504348172,109081.47191521827,106314.43637531217,109501.6311169671,107613.65436161387,109190.80126048559,108918.241928691,105649.97678033233,105654.88744324753,108265.47825789571,109335.91934487852,107424.5955585886,107136.14017058515,110947.25424394816
2026-03-31,104324.7795177793,108558.27644592599,105734.14353289762,108877.37415059276,107000.16054670914,108568.31630153513,108520.04019487166,104984.2714677194,105052.56034688227,107916.47647433056,108712.60708341023,106838.24316819578,106525.36861248383,110541.63450367216
2026-04-01,105634.60187422035,109593.92435561477,106841.83200017529,109990.06196066501,108111.4125833571,109695.85444717047,109400.90811378445,106157.1322821407,106136.40013684763,108751.78872782554,109823.61103300563,107946.7661786761,107631.68968920424,111438.91190389809
2026-04-02,104713.67699941274,108943.26953822564,106161.6834373836,109427.62658137763,107385.50912253444,108959.31240708102,108841.48537910717,105400.03259289659,105379.44830672917,108195.68527219526,109262.02680234898,107221.96821996571,106909.00728063483,110869.06781465247
2026-04-03,103913.23293383032,108065.17466466468,105226.46964551085,108664.49540779504,106461.97327431313,108022.24155061506,108082.44186270541,104428.96346611193,104408.56882661069,107441.14546485565,108500.05049575622,106299.83885468055,105989.56943908436,110095.88425508325
2026-04-07,103771.98762554226,107963.13424287333,105340.2856397373,108391.48187377113,106177.04785195872,107733.14036405172,107810.89070601769,104274.71723251003,104254.35271680035,107171.20552989478,108227.45012047768,106015.34735456684,105705.908316631,109819.27443575666
2026-04-08,106329.14061782601,110108.53351765496,107649.91309988292,110191.56428077085,108514.66942337592,110105.02127396982,109601.33110122215,106755.90700311605,106735.05791905263,108951.0225254404,110024.80841421509,108349.40888566966,108033.15715718768,111643.06852403648
2026-04-09,106349.14392396645,110070.18356090342,107762.6397779565,109994.5582370949,108435.33515716177,110024.5243133683,109405.38030623343,106778.72184240501,106757.86830267715,108756.23438496629,109828.10050509911,108270.1954402032,107954.17492100334,111443.46740776846
2026-04-10,107290.03435219164,110510.05131831474,108222.41238031126,110371.55122824178,108933.58527799553,110530.07660823932,109780.35396156921,107298.95551821223,107278.00037852662,109128.9831714861,110204.5229825834,108767.68675963879,108450.21415600863,111825.42635914929
2026-04-13,107254.44877662825,110137.74046773753,107841.60932169795,110033.37233989888,108533.08626751194,110123.70802873,109443.9865040906,106888.37326894852,106867.49831465096,108794.61151679578,109866.85586947436,108367.79768219168,108051.49228024027,111482.79279140677
2026-04-14,107768.5018243784,111086.04742806515,108744.21248432249,110924.0258312427,109667.72114232274,111274.97170296946,110329.86927414099,108014.89879309494,107993.8038319986,109675.23798971261,110756.16151086503,109500.7045844573,109181.09243842919,112385.1784632528
2026-04-15,107331.23070251958,110901.34840778464,108530.48087606361,110745.41657787097,109560.87816299904,111166.5628714822,110152.2167283739,107896.66155953308,107875.58968978678,109498.63952762188,110577.82255169426,109394.0243197998,109074.72355357927,112204.21646998807
2026-04-16,107668.45195198151,110802.54399421522,108424.3105287625,110655.88637850461,109467.89191544191,111072.21385102379,110063.16609107365,107798.99628276224,107777.94348672927,109410.11726340375,110488.42784079364,109301.17968403905,108982.14991400429,112113.50692930707
2026-04-17,106926.34264757896,109753.29965707586,107290.76128923653,109715.47525274991,108473.11767424391,110062.8605573915,109127.79220979824,106749.32240635704,106728.47460824413,108480.2933298383,109549.43986456236,108307.92041705486,107991.78978567943,111160.70818796348
2026-04-20,108299.48164647975,110300.15803946267,107770.29453986204,110246.74771505804,109197.46972212396,110797.82844758993,109656.21894941715,107448.4811571869,107427.49681562663,109005.58470205798,110079.90833792264,109031.16932552017,108712.92766539268,111698.97886504789
2026-04-21,107761.74145424779,109209.95318655099,106557.00547391716,109371.29965154486,108026.43173510362,109609.6281502601,108785.46016041814,106178.42042609272,106157.68412329388,108139.99247355813,109205.78511357849,107861.91475053469,107547.08592656549,110811.9989153396
2026-04-22,108464.67903146429,109864.01981425114,107398.10620551021,109785.56452438017,108678.04922318306,110270.795509187,109197.50605329195,106963.55289832968,106942.66326169315,108549.59353318893,109619.42306820728,108512.53986903837,108195.81199162315,111231.72071425346
2026-04-23,108161.03491812934,110294.00457106085,107856.85241177643,110199.43017757968,109036.00636543868,110633.99874219368,109609.15486492112,107333.82709281337,107312.8651428218,108958.79986761714,110032.66240735009,108869.95186665944,108552.18077024385,111651.03803478954
2026-04-24,107659.88664657933,110290.18434281684,107919.52241999157,110147.44459304537,108963.51706151587,110560.44706118167,109557.44773742705,107300.12893737468,107279.17356852409,108907.39953921118,109980.75549400313,108797.57295906746,108480.01312319186,111598.36766737702
2026-04-27,108938.15613478799,111401.14474938386,109253.13824911007,110927.1633107187,110152.2728498495,111766.62482552946,110332.98994793408,108658.23686585609,108637.01626291062,109678.34014729875,110759.29424230871,109984.51835234735,109663.49404411239,112388.35727134412
2026-04-28,108639.09539243548,111862.78410585891,109630.11301105778,111482.24117487935,110594.36937063128,112215.20055344242,110885.09457748463,109038.61660265319,109017.32171277286,110227.16891904979,111313.53209216477,110425.9415898843,110103.62884949913,112950.74692820353
2026-04-29,108816.29999329477,112320.97009855454,110070.31423811686,111973.10356994858,110992.69547102733,112619.36437747777,111373.32770348001,109417.61679243013,109396.24788503602,110712.50516244688,111803.65165193091,110823.66106643967,110500.18745703637,113448.07523428829
2026-04-30,108788.68900636515,112931.32120509092,110772.66873926332,112369.88016173134,111800.06343618354,113438.56483628963,111767.97899001943,110315.35823858426,110293.81400518333,111104.81482490653,112199.82779099458,111629.79946452669,111303.97288740151,113850.07838683695
2026-05-06,109205.39894964373,112639.54675533631,110564.76017274446,111966.86172842147,111552.16435096432,113187.03263150202,111370.1967349588,110115.34402826057,110093.83885698934,110699.19189837854,111797.4192563509,111362.65819556173,111057.17380507538,113444.88593969078
2026-05-07,109191.2809470264,112523.51626593406,110367.24478447637,112024.08541634442,111609.1760965952,113244.87992071104,111278.17744827332,109918.63148715763,109897.16473321075,110720.33748635121,111854.55634612337,111163.71742421926,111113.93257242249,113351.1524473532
2026-05-08,108953.45010997892,112066.64524917853,109911.48298719579,111469.7969764093,111056.94060303051,112684.55106296047,110877.55668963633,109464.72223954492,109443.34413260901,110152.95496585398,111301.10672583588,110704.66659129695,110564.14751404218,112943.06861881516
2026-05-11,109925.87904448736,113583.72417599327,111807.30740439637,112850.11915794118,112432.15041488544,114079.91545373881,111963.8009719864,111352.84063812923,111331.09378776434,111790.45931218273,112679.3400285774,112614.17235282215,111933.25510583312,114049.54829045574
2026-05-12,109622.77130740996,113827.08194729082,112200.77109972082,113171.19348259864,112752.03556018796,114404.48872033873,111992.70758235749,111744.70500888886,111722.88162867718,112229.63503626469,112999.92846279863,113010.47550534851,112251.72082441616,114078.99339527362
2026-05-13,109951.74413366595,113473.96356243575,112070.2350223161,112668.68904506706,112251.39227397549,113896.50818672052,111459.40372767218,111614.69952568552,111592.90153512507,111865.95183889651,112498.18447878699,112878.9974055679,111753.29904322766,113535.75474849319
2026-05-14,108367.57306412836,111766.29566194437,110077.53155560962,111002.27769661912,110591.15289824609,112211.93694159822,110122.07809295859,109630.0958649905,109608.68546111933,109996.45462780677,110834.29495558277,110871.91346036481,110100.42664957052,112173.51638902113
2026-05-15,107821.97275280856,111906.64251372304,110368.34697189268,111133.1636361661,110721.55406886198,112344.24922473107,110088.32636768263,109919.72919447722,109898.26222615165,110234.09782547409,110964.98282190687,111164.8275656451,110230.24919092355,112139.1359107922
2026-05-18,107333.91488339711,111121.56154437659,109643.74478698947,110351.88532544943,109943.16941847945,111554.45684969907,109259.49528697993,109198.07232343094,109176.74629236302,109494.44974042797,110184.88684073222,110434.99624037424,109455.31846763646,111294.86473079819
2026-05-19,107753.82015578776,111539.52927361552,110129.57508400608,110823.17428515483,110412.71284122329,112030.88173146835,109561.97366717503,109681.9278503796,109660.50732388897,110022.32453010403,110655.46258614227,110924.33256438178,109922.77838481593,111602.97790960598
2026-05-20,107128.82199831537,111769.80874552709,110527.473307438,111135.06075582976,110723.44416206678,112346.1670184601,109556.44106151437,110078.20872407737,110056.7108052112,110465.30697013935,110966.87707060821,111325.10224708577,110232.13089721564,111597.34223833552
2026-05-21,106806.95313544048,111120.65768623321,109753.79995089048,110675.82046541345,110265.9047833409,111881.92210764771,108992.41415355854,109307.68014255987,109286.33270543863,109939.93765732956,110508.33176091101,110545.84562476234,109776.62175849594,111022.8082057501
2026-05-22,107610.31170003259,111557.26145314745,110463.36432175305,110910.71413624831,110499.92846650467,112119.3755574926,109185.48735578981,110014.36032425296,109992.87487477317,110345.0109576716,110742.86996081774,111260.53061459686,110009.60700810398,111219.47812326193
2026-05-25,108334.47113601436,112358.95735452557,111457.68751235162,111714.61189654806,111300.84878966103,112932.0338799893,109736.42057226531,111004.6418573289,110982.96300906199,111289.11322568661,111545.55116095232,112262.02940532862,110806.97340659844,111780.6745450676
2026-05-26,108590.27891050256,111339.67991396421,110309.01986853164,110674.84813170096,110264.9360509104,111880.93917782413,108910.52239365362,109860.6432399055,109839.18781087614,110151.4074495857,110507.36089865735,111105.07232425532,109775.65732462294,110939.3909035079
2026-05-27,107972.68535424555,110259.85328061723,109112.18685648043,109746.82677569617,109340.35185494222,110942.80460940492,107938.49360091823,108668.67503357565,108647.45239208969,109156.52103610951,109580.74394240325,109899.60228633381,108855.17578716032,109949.25441497868
2026-05-28,107437.15377051197,109459.39598607086,108509.70704617124,108696.30487962358,108293.72083040555,109880.83453812364,107044.75902150491,108068.64414237099,108047.53868498137,108212.93880070664,108531.811829453,109292.77463998097,107813.18897966051,109038.87066425955
2026-05-29,106642.27280573366,109762.40781281199,108492.26949485617,109086.06301666194,108682.03540034933,110274.84010632789,107669.07642906191,108051.27747003282,108030.17540429824,108385.61261166797,108920.98013498915,109275.21124940485,108199.78048092093,109674.81833398502
2026-06-01,106512.90114629595,108630.76486120932,107030.55361523284,107823.72814122675,107424.37589898676,108998.31254690525,106985.55015406154,106595.5030740606,106574.68531636677,106876.72239599901,107660.1246868418,107802.94679889466,106947.70159349573,108990.28135973531
2026-06-02,107146.26048769827,109689.84802457123,108160.06083505324,108961.60583399556,108558.03917609926,110183.20862356071,108058.97259072552,107720.41914947746,107699.38169930498,108038.55514454105,108830.4736250309,108940.60518348082,108076.3344652579,110003.56156247189
2026-06-03,107106.12681450509,109431.14803520736,108195.37754408582,108997.18426562045,108593.48583407201,110124.24529747409,107615.72693390082,107755.5923055445,107734.54798616815,107980.7395060559,108772.23420012511,108976.17675791777,108111.62383573483,109450.63637780432
2026-06-04,107215.73489494741,108860.96771455197,107718.57557226198,108516.84884315824,108114.92945441691,109531.86265824444,106890.41421518034,107280.72840606417,107259.77682607468,107399.88725792669,108187.12432721455,108495.93391261851,107635.1909548481,108745.25684814468
2026-06-05,107201.61254324614,108208.91636247234,106666.9721714246,107457.45229353466,107059.45664583633,108495.86842412931,106378.05195831486,106233.39949146628,106212.65245143337,106384.0580622616,107163.84914236536,107436.74154516098,106584.40159696278,108445.33084639955
2026-06-08,105261.4000772543,106817.84940683049,105068.11750682119,105846.74894883108,105454.71894527598,106950.89493476132,105168.12309124555,104641.0437429536,104620.60768485875,104869.15660301832,105637.84351331816,105826.34863841182,104986.78460082834,107285.58927626634
2026-06-09,106350.14118509748,107822.58848453255,106199.9331214113,106986.9521432598,106590.69911096926,107942.5870792063,105908.13767608597,105768.25883013353,105747.60263057046,105841.54602398783,106617.3605115833,106966.33207645369,106117.7240804389,108081.52164499593
2026-06-10,105339.20214580368,107916.5355492053,105869.1346104075,106653.70217383314,106258.68341645412,107621.37393423033,106106.82755444216,105438.80492649999,105418.21306822092,105526.58511015927,106300.0909462927,106633.14633576233,105787.18163954315,108530.06992876633
2026-06-11,104992.0862017955,108268.71608255678,106148.22028936903,106934.85608138586,106538.79599993724,107952.7770406668,106532.09111425854,105716.75619690653,105696.11005564146,105851.53764364499,106627.4253694307,106914.24605528337,106066.05127914056,108967.046067038
2026-06-12,105666.90205061916,110090.82672214333,108077.35377890982,108878.2858581966,108475.02779674501,109758.76002197673,108081.88025157363,107638.04827537102,107617.02691196439,107622.3681935427,108411.23603958642,108857.301266308,107993.69143239174,110590.9715010835
2026-06-15,106799.85258038965,110893.68680285945,109231.08488430596,110040.56695321476,109633.00409198103,110905.81883831944,108761.75569158322,108787.0897727551,108765.84400525276,108747.10016252055,109544.21225091498,110019.35834976826,109146.52943809443,111084.28871807996
2026-06-16,106173.2289635269,109968.39672832785,108400.58391021339,109203.9113607052,108799.44726346906,109941.02271757936,107670.694396077,107959.96456274131,107938.88033012277,107801.08324945411,108591.26107002805,109182.86400957839,108316.67135224675,110018.40988029352
2026-06-17,107183.35526090667,110294.72537788043,109040.44432316747,109848.51360636592,109441.66206290996,110382.76129352636,107640.02588851778,108597.22411445035,108576.01542709825,108234.22363529976,109027.57635834938,109827.34201820738,108956.03645122687,109960.56230893714
2026-06-18,106745.32552940342,110083.64803719931,109109.37010089088,109917.95017441257,109510.84145519743,110348.06638885048,107232.65840916467,108665.86972734338,108644.64763372466,108200.20404720746,108993.30740797643,109896.76520343823,109024.90887371816,109460.28733680466
2026-06-22,108197.70881031851,111712.39882070002,110921.71239495503,111743.72324774001,111329.85231965652,111993.61707859697,108520.25953634035,110470.84533526802,110449.27073573893,109813.72502883642,110618.65543673962,111722.18638747458,110835.84823919724,110805.26237055087
2026-06-23,106658.46037555806,110657.12465755791,109859.31673138091,110673.45445683529,110263.54753786944,110910.41510684101,107483.74804562567,109412.7680255916,109391.40006514595,108751.60696728989,109548.75209039106,110652.12387419092,109774.2749728325,109764.1965112407
2026-06-24,107407.92908019539,112210.5999023244,112317.7659263964,113150.12255485624,112731.04267391551,112991.00249869828,108246.85485936893,111861.22428292145,111839.37814687159,110791.69690909017,111603.79581350225,113128.31463305399,112230.82108990187,110313.11798500957
2026-06-25,108636.43781720387,112731.11153088334,112837.18738744644,113673.3933080686,113252.37536254602,113410.18360924543,108607.30085119908,112378.53443481635,112356.58726976356,111202.71889776834,112017.83057765014,113651.48453398788,112749.84046839952,110764.12493298166
2026-06-26,107011.36148108407,110959.82648890348,110989.47610039965,111811.98913170402,111397.86536378373,111489.18453900094,106829.30889572865,110538.33359939491,110516.7458196257,109319.11098168118,110120.41588752056,111790.43911425391,110903.55948896628,109046.90552327088
2026-06-29,108306.50110084709,113230.10485396214,112930.17791094146,113767.07295921832,113345.70804759298,113297.66243188061,108893.68114041399,112471.14697673319,112449.18172474987,111092.38788111416,111906.6908388602,113745.1461298456,112842.75900821683,111465.20731042807
2026-06-30,109549.51956657067,113771.27486478127,113900.44316553803,114744.52858756714,114319.54342366895,114114.4831871929,109103.91054948748,113437.46836287505,113415.31439144402,111893.30968506626,112713.48336902782,114722.41336886326,113812.27318346975,111549.35038833506
2026-07-01,110829.22933035612,115037.55907192761,115086.17449269551,115903.64499370358,115474.36675124291,115047.6457178699,109997.91237013615,114618.3800096876,114595.99541002355,112816.11906487217,113617.01714919881,115916.7016058359,114994.35608651335,112710.7197233385
2026-07-02,109514.66641716004,112809.81043540919,112271.11625637603,114312.98659223155,113889.59975243537,112868.41566812614,108381.62604598798,111814.76423131845,111792.9271687667,110350.92499763299,112057.74036469057,113081.32831255466,112404.59112379703,111163.88093950535
2026-07-03,109828.00360214103,113443.68973001881,113019.07560534847,114897.76975625126,114472.21702521943,113323.71772815188,109049.7478357617,112559.68332581632,112537.7007829698,111145.49822890894,112630.98651910272,113834.68536043914,112915.40468791958,111732.55443810267
2026-07-06,109701.64249448985,114173.75433099615,113657.65112403492,115694.32351805018,115265.82055021684,114157.29277214456,109736.66234471984,113195.6632060089,113173.55645834452,111750.44195871789,113411.82531342609,114477.86920227468,113697.84743025477,112507.16465675081
2026-07-07,109031.1964153117,113951.41648030991,113500.14714419155,115430.59563249977,115003.06944708944,113853.83902495228,109539.54450050594,113038.7994376692,113016.72332499246,111616.47736030383,113153.30043530915,114319.22858437499,113429.29442978163,112250.70197351841
2026-07-08,108919.25086019594,113923.78674878874,113363.95140840695,115518.83065001684,115090.97766407109,113846.7519591242,109597.23673537774,112903.15730108185,112881.10767887655,111529.38513746115,113239.79469093798,114182.0499829094,113347.66735645587,112336.50628389789
2026-07-09,110690.42275529377,115592.84588348205,115392.24149320672,116716.8397276654,116284.54961438572,115680.31244470274,110693.36126157347,114923.20292979646,114900.75879919998,113201.7174851111,114414.1686109945,116224.97735942702,115459.73235319639,113501.51248697458
2026-07-10,109875.81526735502,113972.72718818067,113286.09373977652,115635.57947048022,115207.29407597253,114077.56926642879,109591.3552285244,112825.61610302665,112803.58162436706,111396.71246361778,113354.24020934648,114103.63044918049,113513.83493240968,112450.03889611205
2026-07-13,108305.70129836793,113356.23335635479,112356.43894060174,115385.74476844123,114958.38469946409,113435.17377286669,109325.6485677752,111899.74010167942,111877.88644361448,110678.77285827447,113109.33442033897,113167.26673366563,112644.72419272644,112207.08666557426
2026-07-14,109388.50743248904,114474.10671620585,113814.62114856593,116279.30013144914,115848.63055589184,114186.25378805409,110420.52554083095,113351.99518942166,113329.85791062548,112174.81292938159,113985.2611007134,114635.97201153765,113585.6141793938,113076.02627556448
2026-07-15,109767.69170513263,115062.83025535548,114071.04968673717,117159.02369162896,116725.09583904519,114997.79593202459,111088.30985037083,113607.38141424836,113585.19425934678,112456.42736280772,114847.62886170082,114894.25108348909,114191.24775781477,113931.51512262212
2026-07-16,109331.08031605718,113945.31248412936,112814.6008892698,116253.72812991828,115823.15326668753,113738.2654539783,110287.77194389452,112356.03974470687,112334.09697279445,111401.72195795513,113960.19360144164,113628.73503882915,112813.21633969208,113051.15873410391
2026-07-17,108047.04566130109,113266.59204289569,112007.78365755676,115827.27616997642,115398.28077862393,112804.08372876632,110005.13605381578,111552.50200900156,111530.71616541533,110861.30406418607,113542.15498282308,112816.09535633751,111751.77826347038,112636.45471564886
2026-07-20,109474.04589606596,115747.57357689053,114282.72710631858,118509.4967116406,118070.56704324204,115414.50052323013,112451.81368347915,113818.19842179946,113795.97009501673,113116.86756643585,116171.45880926226,115107.45608739568,114231.636089169,115244.7851760422
2026-07-21,110656.6062253949,116683.20080708545,115659.78186138984,118962.94107952656,118522.33196609144,116307.61668939287,112965.64294084632,115189.65581802148,115167.15965003593,114249.54634117245,116615.95731079864,116494.44845065848,115433.02827041058,115685.73801287227
2026-07-22,111207.9651093049,117854.37959965965,116854.94796430116,120099.75824664347,119654.938645475,117516.27999541223,114027.31915980135,116379.96389075075,116357.23525944051,115381.79518657796,117730.34655695948,117698.23955007826,116663.23638776784,116791.23802632358
2026-07-23,111300.32086563845,117925.27001574285,116981.14650194193,120167.30419618062,119722.23442163318,117448.79979963752,114174.57290554013,116505.64946512783,116482.89628783062,115571.46344151747,117796.55991295305,117825.34880794768,116615.48138737341,116856.92321324883
2026-07-24,110226.1143891391,117802.09089528504,116859.58370665979,120058.38788404252,119613.7215083964,117285.98034306495,114093.0855799639,116384.580790058,116361.85125708225,115479.12165293502,117689.79237768964,117702.9087465832,116448.26935837792,116751.00733863277
2026-07-27,111049.2066805044,118331.0148899774,117546.59275268763,120387.90037325313,119942.01356539161,117865.20768957253,114399.90497687507,117068.79732827222,117045.93417001501,116028.95073950768,118012.80401498156,118394.8756395654,117147.07292270547,117071.44238464686
2026-07-28,110472.5576847664,117924.03749865014,116679.28285971921,120522.86334748802,120076.47667037406,117422.59349302297,114484.6108420253,116205.01281778155,116182.3183538512,115461.44675977425,118145.10434564836,117521.30674646268,116371.1563787234,117202.68738529239
2026-07-29,111304.10108751348,118193.23243900263,117018.87549006546,120769.48161221916,120322.18152245754,117561.434858254,114799.4908032969,116543.22509501723,116520.46457932077,115846.29115494988,118386.85715346369,117863.35006984978,116541.47950111578,117442.51178526077
2026-07-30,111567.3940307503,118742.8059588438,117164.35501916593,121767.54826252435,121316.55158239647,118159.72675715832,115664.9042022045,116688.11328878657,116665.32447689353,116181.29728379575,119365.2332496592,118009.87946174966,116857.86989295877,118413.0835950936
2026-07-31,111783.17315050993,118379.76805544585,116718.57527235342,121374.42112497777,120924.88048988351,118080.1783836687,115125.63060169558,116244.14551727966,116221.4434108594,115591.9858075926,118979.86199812636,117560.88271543352,116759.89799182325,118030.78636347457
2026-08-03,111028.53284984102,116967.29363582928,114919.7239435633,120297.69389623459,119852.14119070358,116806.82924199892,113944.84960141401,114452.6060374676,114430.25381292522,113931.52202070321,117924.37719417759,115738.54553307933,115257.55524664606,116983.72092473056
2026-08-04,110951.49823495123,117836.66807262946,116545.4240477763,120987.57801411177,120539.47014958087,118008.5158264482,115257.800478251,116071.69810606616,116049.02967806875,114206.8580889441,118600.65079761833,116929.24181662139,116443.30319302148,117654.60004553701
2026-08-05,111693.07345341152,119096.35955640489,118358.34761737972,122123.92452910589,121671.6079200199,119507.46720197254,116837.11731134141,117877.25262680065,117854.23157983307,115014.30534778166,119714.57867700934,118414.48418775505,117922.37314207896,118759.64237243753
2026-08-06,111175.06879769001,118634.64215253375,117924.00382598485,121543.44571616268,121093.27905606768,118943.18859113642,116466.98353109561,117444.67432661475,117421.737760793,114645.47203556626,119145.55195443732,117855.3663166733,117365.57887255726,118195.15464822028
2026-08-07,111502.78445184085,119217.5493527662,118601.60092285523,122255.1476348779,121802.3450080811,119725.95567437286,117003.49259604391,118119.51717272466,118096.4488122732,115002.99833474586,119843.21292194337,118630.97442360393,118137.96368025086,118887.25053089276
2026-08-10,111681.90106583961,119268.52389027974,118526.02756322164,122383.89889960861,121930.61941018474,119770.33014574477,116948.11536851423,118044.25099856193,118021.19733735133,115104.93873554982,119969.42409203803,118674.9430580469,118181.74958830845,119012.45494283231
2026-08-11,111213.19461064188,118620.43254915065,117778.52684034087,121717.97960551601,121267.16651535165,119043.4121110143,116269.28426820158,117299.78866596347,117276.88039584357,114582.87810442939,119316.64251764481,117954.6732193103,117464.4730721028,118364.88046043436
2026-08-12,111519.48538905391,118751.37171071305,118192.08169243505,121759.75395249421,121308.78614054996,119277.93626609814,116580.75565185309,117711.66252832032,117688.6738205645,114515.93808553746,119357.59271120667,118187.05247982033,117695.88660277272,118405.50400350016
2026-08-13,110556.69149319625,117629.5282027781,116809.34511424572,120676.73452737698,120229.77794972474,118032.49051129055,115320.81484559682,116334.54640406977,116311.82664264813,113634.30882757253,118295.93984771697,116952.99723547208,116466.95988827353,117352.31970644073
2026-08-14,110034.56161611396,116891.89217414327,116069.3922879026,119796.09904925074,119352.40412614195,117149.43059267533,114678.30657207398,115597.60128783066,115575.02544941157,113046.4566479782,117432.67815973559,116078.01354434437,115595.61248490357,116495.94406304398
2026-08-17,111013.07375895989,118225.88730690132,117860.07977541054,120973.22980329796,120525.1750809674,118613.89475704449,116313.64599520063,117381.0101101893,117358.08597778348,114054.44835990797,118586.58565830214,117529.0841150406,117040.65264588436,117640.64710067789
2026-08-18,111294.86984660762,119051.46409335741,118870.80967711481,121625.81008495318,121175.33836774391,119365.1972501061,117335.65628870539,118387.63166548347,118364.51094313696,114846.81339932191,119226.291381587,118273.51539843909,117781.99019577699,118275.25003509477
2026-08-19,109611.79238468494,116720.2234404073,115515.67816209333,119653.34442120256,119210.17822569191,116735.95474366563,114324.58275462675,115046.1378616763,115023.66972228442,113228.96966376128,117292.73989442944,115668.31923376353,115187.62079623564,116357.12205384811
2026-08-20,109470.06103859215,116091.47097310514,114937.99758860882,118832.6770709006,118392.55042291927,115944.052408555,113846.8331690695,114470.80540503911,114448.44962621901,112741.61880026222,116488.26324127405,114883.65942350475,114406.22190259847,115559.06253025847
2026-08-21,109194.98448105576,116538.28906678977,115461.88947898647,119112.39059938552,118671.22796213994,116252.3404479735,114439.84507447909,114992.56781516339,114970.11013782867,113262.98494451317,116762.45838642638,115189.1279437881,114710.42094614537,115831.0704823259
2026-08-24,108872.95599039632,116309.90680890536,114919.25291316916,119021.2436802057,118580.41862845431,115952.72069510967,113984.87935563193,114452.13692168589,114429.78478876033,113219.91429528229,116673.1096771592,114892.24843225206,114414.77521684348,115742.4344876436
2026-08-25,109316.60751283549,116647.77809009193,115299.72296942509,119261.4677193376,118819.7529375581,116206.31598320282,114407.20844489483,114831.06046904052,114808.63433356919,113602.51106613199,116908.59440911205,115143.52440634031,114665.0069294699,115976.04081078274
2026-08-26,109795.83550514258,117135.32795597003,115884.33930302157,119729.61674567383,119286.16805646422,116732.93140010216,114949.55171866393,115413.30049378204,115390.76064871316,114004.23533396822,117367.50746535385,115665.32354088366,115184.63755296078,116431.29322065307
2026-08-27,110310.86963392976,117928.09270756801,116954.47252931961,120491.97266016086,120045.70039446131,117677.26487963182,115881.43750067471,116479.08391506175,116456.33592593073,114537.86027987978,118114.82309131857,116601.02040148861,116116.4458118996,117172.64767772681
2026-08-28,110340.17117482277,117372.27101394373,116198.99500293698,119911.56927467004,119467.44667859697,116960.47220782538,115256.92665547808,115726.67720253176,115704.07615600318,114212.34210260387,117545.87030811365,115890.78332184174,115409.16036029332,116608.2333030789
2026-08-31,110766.14726620517,118234.26285651274,117186.51101022775,120610.57450035954,120163.86296297431,117715.26841843671,116283.27259543625,116710.17922167732,116687.3861003788,115090.16310653994,118231.08507179824,116638.67637019289,116153.94528861504,117287.98226250222
2026-09-01,110629.00353910861,117737.09817650911,116292.8008996713,120208.69452393563,119763.47144991983,117047.16424560473,115477.43285011337,115809.67827718906,115750.31160861427,114858.42430404737,117836.44233627706,116001.59715791524,115512.02264154334,116929.98170828485
2026-09-02,109514.30026394104,117065.73340323515,115609.35083628251,119564.25540393076,119121.419171958,116411.4601440975,114850.25424081099,115154.40384832793,115129.77389086632,114242.66799642931,117169.70006914012,115320.81507566999,114833.16119366541,116243.75118754555
2026-09-03,109473.8652439384,116894.1753239609,115234.4117978604,119520.54210673083,119077.86777792679,116443.48731674082,114881.85189379244,114842.24358547555,115087.68186256193,114200.90029853188,116852.07674645683,115229.91095869191,114460.73945852483,116152.11954629338
2026-09-04,109296.66814561102,116392.00153752549,114463.39936924545,119202.45469611316,118760.95848387814,116223.17653877356,114664.49572602162,114169.2446421533,114781.39189706829,113896.97037965879,116167.29977136364,114821.63311201557,113694.90353040134,115740.57416835542
2026-09-07,109258.15541748884,116380.93441191506,114746.48272967372,118971.37579819764,118530.73544466471,115909.0875311835,114354.6189979803,114341.73911475777,114558.88341258779,113676.17638293833,116342.81303827502,114729.53816991611,113976.08629740207,115647.7421715644
2026-09-08,108917.7263075491,115356.22336097274,113600.28955180295,118157.26592730332,117719.64083402872,115083.61455382493,113540.21652247492,113340.9642235492,113774.9678097035,112898.30106076124,115324.52376820872,113629.65967926895,112837.58854612667,114539.0611279954
2026-09-09,108899.47799061361,115477.34523382815,113810.15753449408,118298.77872310013,117860.62950166485,115146.6052811418,113602.36247475659,113575.07928952144,113911.2320813933,113033.51537956278,115562.73603925452,113641.7665622261,113046.04749612881,114551.26490481751
2026-09-10,108061.7388843328,114856.25359824771,113044.51299501237,117864.30237795277,117427.76234872063,114721.86791644961,113183.32130595687,112928.35788925014,113492.8698943939,112618.37678581433,114904.69648570093,112988.95496022078,112285.54341766667,113893.22871780257
2026-09-11,107705.1365805047,114715.26100005597,112915.32646523327,117825.07684309655,117388.68209547881,114618.15984445623,113081.00407343934,112873.20898748835,113455.0991832103,112580.89710812621,114848.58243306701,112738.92780828493,112157.22423335447,113641.2005473401
2026-09-14,107461.27518478919,114376.55892223782,112262.18344149647,117598.64948187092,117163.0933648215,114560.30650172429,113023.92660775667,112259.60906678524,113237.06971602091,112364.54761666305,114224.24401205515,112607.80977575926,111508.46634668925,113509.03315033455
2026-09-15,107038.89013981438,114027.24209488965,112020.0969061951,117135.16076537065,116701.32129512411,114094.44356319269,112564.31140436094,111959.65281496239,112790.77118849388,111921.68793940965,113919.03828057273,112264.05433024143,111268.00515622341,113162.52655955193
2026-09-16,106975.54792475305,114233.26570009184,112449.63383747553,117042.02040288868,116608.52590135396,114010.10905792708,112481.10791770216,112210.71781033573,112701.08527997181,111832.69308495129,114174.49711864289,112534.43375063877,111694.65821941901,113435.06988185049
2026-09-17,106929.13716232458,113941.158680532,112097.13115621991,116748.50180482105,116316.09442309101,113767.6793378889,112241.92944723672,111853.82605093681,112418.45290197451,111552.23846549555,113811.35946164977,112305.89602966627,111344.52220598226,113204.70312667047
2026-09-18,107788.14855778751,114729.51086063431,113148.85357341601,117265.64303586725,116831.32029177927,114235.03498576903,112703.01734110447,112742.00170096889,112916.4140426085,112046.36268151717,114715.07891175471,113087.95948472418,112389.18346384107,113993.02559580124
2026-09-21,108197.50257121176,114502.25335862074,112797.33732717673,116885.36508566147,116452.45079641648,114038.58079417469,112509.19781660615,112271.85412397236,112550.24010312326,111683.0102107896,114236.70336775492,113133.84153711837,112040.02726259442,114039.27485166182
2026-09-22,108394.29640845009,115032.97782276712,113387.80585385447,117463.26564055693,117028.21095154682,114533.6009275556,112997.57918475277,112894.09250393596,113106.70708392575,112235.18946373466,114869.83142812742,113555.88054338716,112626.53144251836,114464.69152257204
2026-09-23,107930.25232517993,114541.95613567735,112892.2004110309,116971.5484147628,116538.31492392546,114057.09349843067,112527.46224510703,112405.65159591645,112633.22700551378,111765.35767676163,114372.84240485459,113073.40155235691,112134.25344517184,113978.35115331838
2026-09-24,106846.7531178862,113491.14715112459,111743.76456888436,116021.12513651933,115591.41177686074,113142.99139228168,111625.61925504988,111330.52416026143,111718.05368088493,110857.23600891345,113278.89936002127,112030.163070146,110993.52808664477,112926.76341977845
2026-09-28,106064.77284704406,112435.51833731354,110526.9068372481,115126.85863151678,114700.45741233123,112295.3526937554,110789.34832511231,110220.23287679916,110856.95434838546,110002.7716785315,112149.17707129318,110986.73741427211,109784.84021636493,111874.98701458643
2026-09-29,105860.82598240383,112471.45875317333,110535.9011255606,115091.90167643277,114665.62992910502,112320.2373186939,110813.89921982095,110176.11209309983,110823.29390094541,109969.37059389851,112104.28413780472,111117.73108093184,109793.7741179234,112007.02905040055
2026-09-30,106358.67103044761,112796.43246411065,110566.78946914047,115472.54681783408,115044.86525567861,112872.249176386,111358.50799048152,110199.21714688126,111189.821412986,110333.07391280979,112127.79354891866,111680.14719678769,109824.45508024743,112573.94629766868
2026-10-08,105723.53522916781,112558.9578053083,110444.7085490655,115210.7153908227,114784.00358708002,112547.21789400416,111037.83573560591,110080.31481152297,110937.70097040471,110082.89612609553,112006.81032547374,111352.66769017722,109703.19379928501,112243.84590546739
