mode,signal,stock,Value,Profitability,Momentum
Long only,2016-10-31,AAPL,0.2,0.2,0.0
Long only,2016-10-31,MSFT,0.0,0.0,0.0
Long only,2016-10-31,NVDA,0.0,0.0,0.2
Long only,2016-10-31,ORCL,0.2,0.2,0.0
Long only,2016-10-31,AMZN,0.0,0.0,0.2
Long only,2016-10-31,HD,0.0,0.0,0.0
Long only,2016-10-31,MCD,0.0,0.2,0.0
Long only,2016-10-31,WMT,0.2,0.0,0.2
Long only,2016-10-31,COST,0.0,0.0,0.0
Long only,2016-10-31,PG,0.0,0.0,0.2
Long only,2016-10-31,KO,0.0,0.2,0.0
Long only,2016-10-31,JNJ,0.0,0.2,0.0
Long only,2016-10-31,PFE,0.0,0.0,0.0
Long only,2016-10-31,MRK,0.0,0.0,0.0
Long only,2016-10-31,XOM,0.0,0.0,0.0
Long only,2016-10-31,CVX,0.0,0.0,0.0
Long only,2016-10-31,CAT,0.0,0.0,0.0
Long only,2016-10-31,HON,0.2,0.0,0.0
Long only,2016-10-31,NEE,0.0,0.0,0.2
Long only,2016-10-31,DUK,0.2,0.0,0.0
Long only,2016-11-30,AAPL,0.2,0.2,0.0
Long only,2016-11-30,MSFT,0.0,0.0,0.0
Long only,2016-11-30,NVDA,0.0,0.0,0.2
Long only,2016-11-30,ORCL,0.2,0.2,0.0
Long only,2016-11-30,AMZN,0.0,0.0,0.0
Long only,2016-11-30,HD,0.0,0.0,0.0
Long only,2016-11-30,MCD,0.0,0.2,0.0
Long only,2016-11-30,WMT,0.2,0.0,0.2
Long only,2016-11-30,COST,0.0,0.0,0.0
Long only,2016-11-30,PG,0.0,0.0,0.2
Long only,2016-11-30,KO,0.0,0.2,0.0
Long only,2016-11-30,JNJ,0.0,0.2,0.0
Long only,2016-11-30,PFE,0.0,0.0,0.0
Long only,2016-11-30,MRK,0.0,0.0,0.0
Long only,2016-11-30,XOM,0.0,0.0,0.0
Long only,2016-11-30,CVX,0.0,0.0,0.0
Long only,2016-11-30,CAT,0.0,0.0,0.0
Long only,2016-11-30,HON,0.2,0.0,0.0
Long only,2016-11-30,NEE,0.0,0.0,0.2
Long only,2016-11-30,DUK,0.2,0.0,0.2
Long only,2016-12-31,AAPL,0.2,0.2,0.0
Long only,2016-12-31,MSFT,0.0,0.2,0.0
Long only,2016-12-31,NVDA,0.0,0.0,0.2
Long only,2016-12-31,ORCL,0.2,0.2,0.0
Long only,2016-12-31,AMZN,0.0,0.0,0.0
Long only,2016-12-31,HD,0.0,0.0,0.0
Long only,2016-12-31,MCD,0.0,0.2,0.0
Long only,2016-12-31,WMT,0.2,0.0,0.2
Long only,2016-12-31,COST,0.0,0.0,0.0
Long only,2016-12-31,PG,0.0,0.0,0.0
Long only,2016-12-31,KO,0.0,0.0,0.0
Long only,2016-12-31,JNJ,0.0,0.2,0.0
Long only,2016-12-31,PFE,0.0,0.0,0.0
Long only,2016-12-31,MRK,0.0,0.0,0.2
Long only,2016-12-31,XOM,0.0,0.0,0.0
Long only,2016-12-31,CVX,0.0,0.0,0.2
Long only,2016-12-31,CAT,0.0,0.0,0.2
Long only,2016-12-31,HON,0.2,0.0,0.0
Long only,2016-12-31,NEE,0.0,0.0,0.0
Long only,2016-12-31,DUK,0.2,0.0,0.0
Long only,2017-01-31,AAPL,0.2,0.2,0.0
Long only,2017-01-31,MSFT,0.0,0.2,0.0
Long only,2017-01-31,NVDA,0.0,0.0,0.2
Long only,2017-01-31,ORCL,0.2,0.2,0.0
Long only,2017-01-31,AMZN,0.0,0.0,0.2
Long only,2017-01-31,HD,0.0,0.0,0.0
Long only,2017-01-31,MCD,0.0,0.2,0.0
Long only,2017-01-31,WMT,0.2,0.0,0.0
Long only,2017-01-31,COST,0.0,0.0,0.0
Long only,2017-01-31,PG,0.0,0.0,0.0
Long only,2017-01-31,KO,0.0,0.0,0.0
Long only,2017-01-31,JNJ,0.0,0.2,0.0
Long only,2017-01-31,PFE,0.0,0.0,0.0
Long only,2017-01-31,MRK,0.0,0.0,0.0
Long only,2017-01-31,XOM,0.0,0.0,0.2
Long only,2017-01-31,CVX,0.0,0.0,0.2
Long only,2017-01-31,CAT,0.0,0.0,0.2
Long only,2017-01-31,HON,0.2,0.0,0.0
Long only,2017-01-31,NEE,0.0,0.0,0.0
Long only,2017-01-31,DUK,0.2,0.0,0.0
Long only,2017-02-28,AAPL,0.2,0.2,0.0
Long only,2017-02-28,MSFT,0.0,0.2,0.2
Long only,2017-02-28,NVDA,0.0,0.0,0.2
Long only,2017-02-28,ORCL,0.2,0.2,0.0
Long only,2017-02-28,AMZN,0.0,0.0,0.2
Long only,2017-02-28,HD,0.0,0.0,0.0
Long only,2017-02-28,MCD,0.0,0.2,0.0
Long only,2017-02-28,WMT,0.2,0.0,0.0
Long only,2017-02-28,COST,0.0,0.0,0.0
Long only,2017-02-28,PG,0.0,0.0,0.0
Long only,2017-02-28,KO,0.0,0.0,0.0
Long only,2017-02-28,JNJ,0.0,0.2,0.0
Long only,2017-02-28,PFE,0.0,0.0,0.0
Long only,2017-02-28,MRK,0.0,0.0,0.0
Long only,2017-02-28,XOM,0.0,0.0,0.0
Long only,2017-02-28,CVX,0.0,0.0,0.2
Long only,2017-02-28,CAT,0.0,0.0,0.2
Long only,2017-02-28,HON,0.2,0.0,0.0
Long only,2017-02-28,NEE,0.0,0.0,0.0
Long only,2017-02-28,DUK,0.2,0.0,0.0
Long only,2017-03-31,AAPL,0.2,0.2,0.2
Long only,2017-03-31,MSFT,0.0,0.2,0.0
Long only,2017-03-31,NVDA,0.0,0.0,0.2
Long only,2017-03-31,ORCL,0.0,0.2,0.0
Long only,2017-03-31,AMZN,0.0,0.0,0.2
Long only,2017-03-31,HD,0.0,0.0,0.0
Long only,2017-03-31,MCD,0.0,0.2,0.0
Long only,2017-03-31,WMT,0.2,0.0,0.0
Long only,2017-03-31,COST,0.0,0.0,0.0
Long only,2017-03-31,PG,0.0,0.0,0.0
Long only,2017-03-31,KO,0.0,0.0,0.0
Long only,2017-03-31,JNJ,0.0,0.2,0.0
Long only,2017-03-31,PFE,0.0,0.0,0.0
Long only,2017-03-31,MRK,0.0,0.0,0.2
Long only,2017-03-31,XOM,0.2,0.0,0.0
Long only,2017-03-31,CVX,0.0,0.0,0.2
Long only,2017-03-31,CAT,0.0,0.0,0.0
Long only,2017-03-31,HON,0.2,0.0,0.0
Long only,2017-03-31,NEE,0.0,0.0,0.0
Long only,2017-03-31,DUK,0.2,0.0,0.0
Long only,2017-04-30,AAPL,0.2,0.2,0.2
Long only,2017-04-30,MSFT,0.0,0.2,0.2
Long only,2017-04-30,NVDA,0.0,0.0,0.2
Long only,2017-04-30,ORCL,0.2,0.2,0.0
Long only,2017-04-30,AMZN,0.0,0.0,0.2
Long only,2017-04-30,HD,0.0,0.0,0.0
Long only,2017-04-30,MCD,0.0,0.2,0.0
Long only,2017-04-30,WMT,0.2,0.0,0.0
Long only,2017-04-30,COST,0.0,0.0,0.0
Long only,2017-04-30,PG,0.0,0.0,0.2
Long only,2017-04-30,KO,0.0,0.0,0.0
Long only,2017-04-30,JNJ,0.0,0.2,0.0
Long only,2017-04-30,PFE,0.0,0.0,0.0
Long only,2017-04-30,MRK,0.0,0.0,0.0
Long only,2017-04-30,XOM,0.2,0.0,0.0
Long only,2017-04-30,CVX,0.0,0.0,0.0
Long only,2017-04-30,CAT,0.0,0.0,0.0
Long only,2017-04-30,HON,0.0,0.0,0.0
Long only,2017-04-30,NEE,0.0,0.0,0.0
Long only,2017-04-30,DUK,0.2,0.0,0.0
Long only,2017-05-31,AAPL,0.2,0.2,0.2
Long only,2017-05-31,MSFT,0.0,0.2,0.2
Long only,2017-05-31,NVDA,0.0,0.0,0.2
Long only,2017-05-31,ORCL,0.2,0.2,0.0
Long only,2017-05-31,AMZN,0.0,0.0,0.2
Long only,2017-05-31,HD,0.0,0.0,0.0
Long only,2017-05-31,MCD,0.0,0.2,0.0
Long only,2017-05-31,WMT,0.2,0.0,0.0
Long only,2017-05-31,COST,0.0,0.0,0.0
Long only,2017-05-31,PG,0.0,0.0,0.0
Long only,2017-05-31,KO,0.0,0.0,0.0
Long only,2017-05-31,JNJ,0.0,0.2,0.0
Long only,2017-05-31,PFE,0.0,0.0,0.0
Long only,2017-05-31,MRK,0.0,0.0,0.0
Long only,2017-05-31,XOM,0.2,0.0,0.0
Long only,2017-05-31,CVX,0.0,0.0,0.0
Long only,2017-05-31,CAT,0.0,0.0,0.2
Long only,2017-05-31,HON,0.0,0.0,0.0
Long only,2017-05-31,NEE,0.0,0.0,0.0
Long only,2017-05-31,DUK,0.2,0.0,0.0
Long only,2017-06-30,AAPL,0.2,0.2,0.2
Long only,2017-06-30,MSFT,0.0,0.2,0.2
Long only,2017-06-30,NVDA,0.0,0.0,0.2
Long only,2017-06-30,ORCL,0.0,0.2,0.0
Long only,2017-06-30,AMZN,0.0,0.0,0.2
Long only,2017-06-30,HD,0.0,0.0,0.0
Long only,2017-06-30,MCD,0.0,0.2,0.2
Long only,2017-06-30,WMT,0.2,0.0,0.0
Long only,2017-06-30,COST,0.0,0.0,0.0
Long only,2017-06-30,PG,0.0,0.0,0.0
Long only,2017-06-30,KO,0.0,0.0,0.0
Long only,2017-06-30,JNJ,0.2,0.2,0.0
Long only,2017-06-30,PFE,0.0,0.0,0.0
Long only,2017-06-30,MRK,0.0,0.0,0.0
Long only,2017-06-30,XOM,0.0,0.0,0.0
Long only,2017-06-30,CVX,0.0,0.0,0.0
Long only,2017-06-30,CAT,0.0,0.0,0.0
Long only,2017-06-30,HON,0.2,0.0,0.0
Long only,2017-06-30,NEE,0.0,0.0,0.0
Long only,2017-06-30,DUK,0.2,0.0,0.0
Long only,2017-07-31,AAPL,0.2,0.2,0.2
Long only,2017-07-31,MSFT,0.0,0.2,0.2
Long only,2017-07-31,NVDA,0.0,0.2,0.2
Long only,2017-07-31,ORCL,0.0,0.2,0.0
Long only,2017-07-31,AMZN,0.0,0.0,0.2
Long only,2017-07-31,HD,0.2,0.0,0.0
Long only,2017-07-31,MCD,0.0,0.0,0.2
Long only,2017-07-31,WMT,0.2,0.0,0.0
Long only,2017-07-31,COST,0.0,0.0,0.0
Long only,2017-07-31,PG,0.0,0.0,0.0
Long only,2017-07-31,KO,0.0,0.0,0.0
Long only,2017-07-31,JNJ,0.2,0.2,0.0
Long only,2017-07-31,PFE,0.0,0.0,0.0
Long only,2017-07-31,MRK,0.0,0.0,0.0
Long only,2017-07-31,XOM,0.0,0.0,0.0
Long only,2017-07-31,CVX,0.0,0.0,0.0
Long only,2017-07-31,CAT,0.0,0.0,0.0
Long only,2017-07-31,HON,0.2,0.0,0.0
Long only,2017-07-31,NEE,0.0,0.0,0.0
Long only,2017-07-31,DUK,0.0,0.0,0.0
Long only,2017-08-31,AAPL,0.2,0.2,0.2
Long only,2017-08-31,MSFT,0.0,0.2,0.2
Long only,2017-08-31,NVDA,0.0,0.2,0.2
Long only,2017-08-31,ORCL,0.0,0.2,0.0
Long only,2017-08-31,AMZN,0.0,0.0,0.2
Long only,2017-08-31,HD,0.2,0.0,0.0
Long only,2017-08-31,MCD,0.0,0.0,0.2
Long only,2017-08-31,WMT,0.2,0.0,0.0
Long only,2017-08-31,COST,0.0,0.0,0.0
Long only,2017-08-31,PG,0.0,0.0,0.0
Long only,2017-08-31,KO,0.0,0.0,0.0
Long only,2017-08-31,JNJ,0.2,0.2,0.0
Long only,2017-08-31,PFE,0.0,0.0,0.0
Long only,2017-08-31,MRK,0.0,0.0,0.0
Long only,2017-08-31,XOM,0.0,0.0,0.0
Long only,2017-08-31,CVX,0.0,0.0,0.0
Long only,2017-08-31,CAT,0.0,0.0,0.0
Long only,2017-08-31,HON,0.2,0.0,0.0
Long only,2017-08-31,NEE,0.0,0.0,0.0
Long only,2017-08-31,DUK,0.0,0.0,0.0
Long only,2017-09-30,AAPL,0.2,0.2,0.2
Long only,2017-09-30,MSFT,0.0,0.2,0.2
Long only,2017-09-30,NVDA,0.0,0.2,0.2
Long only,2017-09-30,ORCL,0.0,0.2,0.0
Long only,2017-09-30,AMZN,0.0,0.0,0.0
Long only,2017-09-30,HD,0.0,0.0,0.0
Long only,2017-09-30,MCD,0.0,0.0,0.2
Long only,2017-09-30,WMT,0.2,0.0,0.0
Long only,2017-09-30,COST,0.0,0.0,0.0
Long only,2017-09-30,PG,0.0,0.0,0.0
Long only,2017-09-30,KO,0.0,0.0,0.0
Long only,2017-09-30,JNJ,0.2,0.2,0.0
Long only,2017-09-30,PFE,0.0,0.0,0.0
Long only,2017-09-30,MRK,0.0,0.0,0.0
Long only,2017-09-30,XOM,0.0,0.0,0.0
Long only,2017-09-30,CVX,0.0,0.0,0.0
Long only,2017-09-30,CAT,0.0,0.0,0.0
Long only,2017-09-30,HON,0.2,0.0,0.0
Long only,2017-09-30,NEE,0.0,0.0,0.2
Long only,2017-09-30,DUK,0.2,0.0,0.0
Long only,2017-10-31,AAPL,0.2,0.2,0.2
Long only,2017-10-31,MSFT,0.0,0.2,0.0
Long only,2017-10-31,NVDA,0.0,0.2,0.2
Long only,2017-10-31,ORCL,0.0,0.2,0.0
Long only,2017-10-31,AMZN,0.0,0.0,0.0
Long only,2017-10-31,HD,0.0,0.0,0.0
Long only,2017-10-31,MCD,0.0,0.0,0.2
Long only,2017-10-31,WMT,0.2,0.0,0.0
Long only,2017-10-31,COST,0.0,0.0,0.0
Long only,2017-10-31,PG,0.2,0.0,0.0
Long only,2017-10-31,KO,0.0,0.0,0.0
Long only,2017-10-31,JNJ,0.0,0.2,0.0
Long only,2017-10-31,PFE,0.0,0.0,0.0
Long only,2017-10-31,MRK,0.0,0.0,0.0
Long only,2017-10-31,XOM,0.0,0.0,0.0
Long only,2017-10-31,CVX,0.0,0.0,0.0
Long only,2017-10-31,CAT,0.0,0.0,0.2
Long only,2017-10-31,HON,0.2,0.0,0.2
Long only,2017-10-31,NEE,0.0,0.0,0.0
Long only,2017-10-31,DUK,0.2,0.0,0.0
Long only,2017-11-30,AAPL,0.2,0.2,0.0
Long only,2017-11-30,MSFT,0.0,0.2,0.2
Long only,2017-11-30,NVDA,0.0,0.2,0.2
Long only,2017-11-30,ORCL,0.2,0.2,0.0
Long only,2017-11-30,AMZN,0.0,0.0,0.0
Long only,2017-11-30,HD,0.0,0.0,0.0
Long only,2017-11-30,MCD,0.0,0.0,0.2
Long only,2017-11-30,WMT,0.2,0.0,0.0
Long only,2017-11-30,COST,0.0,0.0,0.0
Long only,2017-11-30,PG,0.0,0.0,0.0
Long only,2017-11-30,KO,0.0,0.0,0.0
Long only,2017-11-30,JNJ,0.2,0.2,0.0
Long only,2017-11-30,PFE,0.0,0.0,0.0
Long only,2017-11-30,MRK,0.0,0.0,0.0
Long only,2017-11-30,XOM,0.0,0.0,0.0
Long only,2017-11-30,CVX,0.0,0.0,0.0
Long only,2017-11-30,CAT,0.0,0.0,0.0
Long only,2017-11-30,HON,0.0,0.0,0.2
Long only,2017-11-30,NEE,0.0,0.0,0.2
Long only,2017-11-30,DUK,0.2,0.0,0.0
Long only,2017-12-31,AAPL,0.2,0.0,0.0
Long only,2017-12-31,MSFT,0.0,0.2,0.0
Long only,2017-12-31,NVDA,0.0,0.2,0.0
Long only,2017-12-31,ORCL,0.2,0.2,0.0
Long only,2017-12-31,AMZN,0.0,0.0,0.2
Long only,2017-12-31,HD,0.0,0.0,0.0
Long only,2017-12-31,MCD,0.0,0.0,0.2
Long only,2017-12-31,WMT,0.2,0.0,0.0
Long only,2017-12-31,COST,0.0,0.0,0.0
Long only,2017-12-31,PG,0.2,0.2,0.0
Long only,2017-12-31,KO,0.0,0.0,0.0
Long only,2017-12-31,JNJ,0.0,0.2,0.0
Long only,2017-12-31,PFE,0.0,0.0,0.0
Long only,2017-12-31,MRK,0.0,0.0,0.0
Long only,2017-12-31,XOM,0.0,0.0,0.0
Long only,2017-12-31,CVX,0.0,0.0,0.0
Long only,2017-12-31,CAT,0.0,0.0,0.2
Long only,2017-12-31,HON,0.0,0.0,0.2
Long only,2017-12-31,NEE,0.0,0.0,0.2
Long only,2017-12-31,DUK,0.2,0.0,0.0
Long only,2018-01-31,AAPL,0.2,0.0,0.0
Long only,2018-01-31,MSFT,0.0,0.2,0.0
Long only,2018-01-31,NVDA,0.0,0.2,0.0
Long only,2018-01-31,ORCL,0.2,0.2,0.0
Long only,2018-01-31,AMZN,0.0,0.0,0.0
Long only,2018-01-31,HD,0.0,0.0,0.2
Long only,2018-01-31,MCD,0.0,0.0,0.2
Long only,2018-01-31,WMT,0.0,0.0,0.2
Long only,2018-01-31,COST,0.0,0.0,0.0
Long only,2018-01-31,PG,0.2,0.2,0.0
Long only,2018-01-31,KO,0.0,0.0,0.0
Long only,2018-01-31,JNJ,0.2,0.2,0.0
Long only,2018-01-31,PFE,0.0,0.0,0.0
Long only,2018-01-31,MRK,0.0,0.0,0.0
Long only,2018-01-31,XOM,0.0,0.0,0.0
Long only,2018-01-31,CVX,0.0,0.0,0.0
Long only,2018-01-31,CAT,0.0,0.0,0.2
Long only,2018-01-31,HON,0.0,0.0,0.2
Long only,2018-01-31,NEE,0.0,0.0,0.0
Long only,2018-01-31,DUK,0.2,0.0,0.0
Long only,2018-02-28,AAPL,0.2,0.0,0.0
Long only,2018-02-28,MSFT,0.0,0.2,0.2
Long only,2018-02-28,NVDA,0.0,0.2,0.2
Long only,2018-02-28,ORCL,0.0,0.2,0.0
Long only,2018-02-28,AMZN,0.0,0.0,0.2
Long only,2018-02-28,HD,0.0,0.0,0.0
Long only,2018-02-28,MCD,0.0,0.0,0.2
Long only,2018-02-28,WMT,0.2,0.0,0.0
Long only,2018-02-28,COST,0.0,0.0,0.0
Long only,2018-02-28,PG,0.2,0.2,0.0
Long only,2018-02-28,KO,0.0,0.0,0.0
Long only,2018-02-28,JNJ,0.2,0.2,0.0
Long only,2018-02-28,PFE,0.0,0.0,0.0
Long only,2018-02-28,MRK,0.0,0.0,0.0
Long only,2018-02-28,XOM,0.0,0.0,0.0
Long only,2018-02-28,CVX,0.0,0.0,0.0
Long only,2018-02-28,CAT,0.0,0.0,0.2
Long only,2018-02-28,HON,0.0,0.0,0.0
Long only,2018-02-28,NEE,0.0,0.0,0.0
Long only,2018-02-28,DUK,0.2,0.0,0.0
Long only,2018-03-31,AAPL,0.2,0.0,0.0
Long only,2018-03-31,MSFT,0.0,0.2,0.2
Long only,2018-03-31,NVDA,0.0,0.2,0.2
Long only,2018-03-31,ORCL,0.2,0.2,0.0
Long only,2018-03-31,AMZN,0.0,0.0,0.2
Long only,2018-03-31,HD,0.0,0.0,0.0
Long only,2018-03-31,MCD,0.0,0.0,0.0
Long only,2018-03-31,WMT,0.2,0.0,0.0
Long only,2018-03-31,COST,0.0,0.0,0.0
Long only,2018-03-31,PG,0.2,0.2,0.0
Long only,2018-03-31,KO,0.0,0.0,0.0
Long only,2018-03-31,JNJ,0.0,0.2,0.0
Long only,2018-03-31,PFE,0.0,0.0,0.0
Long only,2018-03-31,MRK,0.0,0.0,0.0
Long only,2018-03-31,XOM,0.0,0.0,0.0
Long only,2018-03-31,CVX,0.0,0.0,0.0
Long only,2018-03-31,CAT,0.0,0.0,0.2
Long only,2018-03-31,HON,0.0,0.0,0.0
Long only,2018-03-31,NEE,0.0,0.0,0.2
Long only,2018-03-31,DUK,0.2,0.0,0.0
Long only,2018-04-30,AAPL,0.2,0.0,0.0
Long only,2018-04-30,MSFT,0.0,0.2,0.2
Long only,2018-04-30,NVDA,0.0,0.2,0.2
Long only,2018-04-30,ORCL,0.2,0.2,0.0
Long only,2018-04-30,AMZN,0.0,0.0,0.2
Long only,2018-04-30,HD,0.0,0.0,0.0
Long only,2018-04-30,MCD,0.0,0.0,0.0
Long only,2018-04-30,WMT,0.2,0.0,0.0
Long only,2018-04-30,COST,0.0,0.0,0.0
Long only,2018-04-30,PG,0.2,0.2,0.0
Long only,2018-04-30,KO,0.0,0.0,0.0
Long only,2018-04-30,JNJ,0.0,0.2,0.0
Long only,2018-04-30,PFE,0.0,0.0,0.0
Long only,2018-04-30,MRK,0.0,0.0,0.0
Long only,2018-04-30,XOM,0.0,0.0,0.0
Long only,2018-04-30,CVX,0.0,0.0,0.0
Long only,2018-04-30,CAT,0.0,0.0,0.2
Long only,2018-04-30,HON,0.0,0.0,0.0
Long only,2018-04-30,NEE,0.0,0.0,0.2
Long only,2018-04-30,DUK,0.2,0.0,0.0
Long only,2018-05-31,AAPL,0.2,0.0,0.0
Long only,2018-05-31,MSFT,0.0,0.2,0.2
Long only,2018-05-31,NVDA,0.0,0.2,0.2
Long only,2018-05-31,ORCL,0.0,0.2,0.0
Long only,2018-05-31,AMZN,0.0,0.0,0.2
Long only,2018-05-31,HD,0.0,0.0,0.0
Long only,2018-05-31,MCD,0.0,0.0,0.0
Long only,2018-05-31,WMT,0.2,0.0,0.0
Long only,2018-05-31,COST,0.0,0.0,0.0
Long only,2018-05-31,PG,0.2,0.2,0.0
Long only,2018-05-31,KO,0.0,0.0,0.0
Long only,2018-05-31,JNJ,0.2,0.2,0.0
Long only,2018-05-31,PFE,0.0,0.0,0.0
Long only,2018-05-31,MRK,0.0,0.0,0.0
Long only,2018-05-31,XOM,0.0,0.0,0.0
Long only,2018-05-31,CVX,0.0,0.0,0.0
Long only,2018-05-31,CAT,0.0,0.0,0.2
Long only,2018-05-31,HON,0.0,0.0,0.0
Long only,2018-05-31,NEE,0.0,0.0,0.2
Long only,2018-05-31,DUK,0.2,0.0,0.0
Long only,2018-06-30,AAPL,0.0,0.0,0.0
Long only,2018-06-30,MSFT,0.0,0.2,0.2
Long only,2018-06-30,NVDA,0.0,0.2,0.2
Long only,2018-06-30,ORCL,0.0,0.2,0.0
Long only,2018-06-30,AMZN,0.0,0.0,0.2
Long only,2018-06-30,HD,0.0,0.0,0.0
Long only,2018-06-30,MCD,0.0,0.0,0.0
Long only,2018-06-30,WMT,0.0,0.0,0.0
Long only,2018-06-30,COST,0.0,0.0,0.2
Long only,2018-06-30,PG,0.2,0.0,0.0
Long only,2018-06-30,KO,0.0,0.0,0.0
Long only,2018-06-30,JNJ,0.0,0.0,0.0
Long only,2018-06-30,PFE,0.2,0.2,0.0
Long only,2018-06-30,MRK,0.0,0.0,0.0
Long only,2018-06-30,XOM,0.2,0.0,0.0
Long only,2018-06-30,CVX,0.0,0.0,0.0
Long only,2018-06-30,CAT,0.0,0.0,0.2
Long only,2018-06-30,HON,0.0,0.0,0.0
Long only,2018-06-30,NEE,0.2,0.2,0.0
Long only,2018-06-30,DUK,0.2,0.0,0.0
Long only,2018-07-31,AAPL,0.0,0.0,0.0
Long only,2018-07-31,MSFT,0.0,0.2,0.2
Long only,2018-07-31,NVDA,0.0,0.2,0.2
Long only,2018-07-31,ORCL,0.0,0.2,0.0
Long only,2018-07-31,AMZN,0.0,0.0,0.2
Long only,2018-07-31,HD,0.0,0.0,0.2
Long only,2018-07-31,MCD,0.0,0.0,0.0
Long only,2018-07-31,WMT,0.0,0.0,0.0
Long only,2018-07-31,COST,0.0,0.0,0.2
Long only,2018-07-31,PG,0.2,0.0,0.0
Long only,2018-07-31,KO,0.0,0.0,0.0
Long only,2018-07-31,JNJ,0.0,0.0,0.0
Long only,2018-07-31,PFE,0.2,0.2,0.0
Long only,2018-07-31,MRK,0.0,0.0,0.0
Long only,2018-07-31,XOM,0.2,0.0,0.0
Long only,2018-07-31,CVX,0.0,0.0,0.0
Long only,2018-07-31,CAT,0.0,0.0,0.0
Long only,2018-07-31,HON,0.0,0.0,0.0
Long only,2018-07-31,NEE,0.2,0.2,0.0
Long only,2018-07-31,DUK,0.2,0.0,0.0
Long only,2018-08-31,AAPL,0.0,0.0,0.0
Long only,2018-08-31,MSFT,0.0,0.2,0.2
Long only,2018-08-31,NVDA,0.0,0.2,0.2
Long only,2018-08-31,ORCL,0.0,0.2,0.0
Long only,2018-08-31,AMZN,0.0,0.0,0.2
Long only,2018-08-31,HD,0.0,0.0,0.2
Long only,2018-08-31,MCD,0.0,0.0,0.0
Long only,2018-08-31,WMT,0.0,0.0,0.0
Long only,2018-08-31,COST,0.0,0.0,0.2
Long only,2018-08-31,PG,0.2,0.0,0.0
Long only,2018-08-31,KO,0.0,0.0,0.0
Long only,2018-08-31,JNJ,0.0,0.0,0.0
Long only,2018-08-31,PFE,0.2,0.2,0.0
Long only,2018-08-31,MRK,0.0,0.0,0.0
Long only,2018-08-31,XOM,0.2,0.0,0.0
Long only,2018-08-31,CVX,0.0,0.0,0.0
Long only,2018-08-31,CAT,0.0,0.0,0.0
Long only,2018-08-31,HON,0.0,0.0,0.0
Long only,2018-08-31,NEE,0.2,0.2,0.0
Long only,2018-08-31,DUK,0.2,0.0,0.0
Long only,2018-09-30,AAPL,0.0,0.0,0.2
Long only,2018-09-30,MSFT,0.0,0.2,0.2
Long only,2018-09-30,NVDA,0.0,0.2,0.2
Long only,2018-09-30,ORCL,0.0,0.2,0.0
Long only,2018-09-30,AMZN,0.0,0.0,0.2
Long only,2018-09-30,HD,0.0,0.0,0.0
Long only,2018-09-30,MCD,0.0,0.0,0.0
Long only,2018-09-30,WMT,0.0,0.0,0.0
Long only,2018-09-30,COST,0.0,0.0,0.2
Long only,2018-09-30,PG,0.2,0.0,0.0
Long only,2018-09-30,KO,0.0,0.0,0.0
Long only,2018-09-30,JNJ,0.0,0.0,0.0
Long only,2018-09-30,PFE,0.2,0.2,0.0
Long only,2018-09-30,MRK,0.0,0.0,0.0
Long only,2018-09-30,XOM,0.2,0.0,0.0
Long only,2018-09-30,CVX,0.0,0.0,0.0
Long only,2018-09-30,CAT,0.0,0.0,0.0
Long only,2018-09-30,HON,0.0,0.0,0.0
Long only,2018-09-30,NEE,0.2,0.2,0.0
Long only,2018-09-30,DUK,0.2,0.0,0.0
Long only,2018-10-31,AAPL,0.0,0.0,0.2
Long only,2018-10-31,MSFT,0.0,0.2,0.2
Long only,2018-10-31,NVDA,0.0,0.2,0.0
Long only,2018-10-31,ORCL,0.0,0.2,0.0
Long only,2018-10-31,AMZN,0.0,0.0,0.2
Long only,2018-10-31,HD,0.0,0.0,0.0
Long only,2018-10-31,MCD,0.0,0.0,0.0
Long only,2018-10-31,WMT,0.0,0.0,0.0
Long only,2018-10-31,COST,0.0,0.0,0.2
Long only,2018-10-31,PG,0.2,0.0,0.0
Long only,2018-10-31,KO,0.0,0.0,0.0
Long only,2018-10-31,JNJ,0.0,0.0,0.0
Long only,2018-10-31,PFE,0.2,0.2,0.2
Long only,2018-10-31,MRK,0.0,0.0,0.0
Long only,2018-10-31,XOM,0.2,0.0,0.0
Long only,2018-10-31,CVX,0.0,0.0,0.0
Long only,2018-10-31,CAT,0.0,0.0,0.0
Long only,2018-10-31,HON,0.0,0.0,0.0
Long only,2018-10-31,NEE,0.2,0.2,0.0
Long only,2018-10-31,DUK,0.2,0.0,0.0
Long only,2018-11-30,AAPL,0.2,0.0,0.0
Long only,2018-11-30,MSFT,0.0,0.2,0.2
Long only,2018-11-30,NVDA,0.0,0.2,0.0
Long only,2018-11-30,ORCL,0.0,0.0,0.0
Long only,2018-11-30,AMZN,0.0,0.0,0.2
Long only,2018-11-30,HD,0.0,0.0,0.0
Long only,2018-11-30,MCD,0.0,0.0,0.0
Long only,2018-11-30,WMT,0.0,0.0,0.0
Long only,2018-11-30,COST,0.0,0.0,0.2
Long only,2018-11-30,PG,0.2,0.2,0.0
Long only,2018-11-30,KO,0.0,0.0,0.0
Long only,2018-11-30,JNJ,0.0,0.0,0.0
Long only,2018-11-30,PFE,0.2,0.2,0.2
Long only,2018-11-30,MRK,0.0,0.0,0.2
Long only,2018-11-30,XOM,0.2,0.0,0.0
Long only,2018-11-30,CVX,0.0,0.0,0.0
Long only,2018-11-30,CAT,0.0,0.0,0.0
Long only,2018-11-30,HON,0.0,0.0,0.0
Long only,2018-11-30,NEE,0.2,0.2,0.0
Long only,2018-11-30,DUK,0.0,0.0,0.0
Long only,2018-12-31,AAPL,0.2,0.2,0.0
Long only,2018-12-31,MSFT,0.0,0.0,0.2
Long only,2018-12-31,NVDA,0.0,0.2,0.0
Long only,2018-12-31,ORCL,0.0,0.0,0.0
Long only,2018-12-31,AMZN,0.0,0.0,0.2
Long only,2018-12-31,HD,0.0,0.0,0.0
Long only,2018-12-31,MCD,0.0,0.2,0.0
Long only,2018-12-31,WMT,0.0,0.0,0.0
Long only,2018-12-31,COST,0.0,0.0,0.2
Long only,2018-12-31,PG,0.0,0.0,0.0
Long only,2018-12-31,KO,0.0,0.0,0.0
Long only,2018-12-31,JNJ,0.0,0.0,0.0
Long only,2018-12-31,PFE,0.2,0.2,0.2
Long only,2018-12-31,MRK,0.0,0.0,0.2
Long only,2018-12-31,XOM,0.2,0.0,0.0
Long only,2018-12-31,CVX,0.0,0.0,0.0
Long only,2018-12-31,CAT,0.0,0.0,0.0
Long only,2018-12-31,HON,0.0,0.0,0.0
Long only,2018-12-31,NEE,0.2,0.2,0.0
Long only,2018-12-31,DUK,0.2,0.0,0.0
Long only,2019-01-31,AAPL,0.2,0.2,0.0
Long only,2019-01-31,MSFT,0.0,0.0,0.2
Long only,2019-01-31,NVDA,0.0,0.2,0.0
Long only,2019-01-31,ORCL,0.0,0.0,0.0
Long only,2019-01-31,AMZN,0.0,0.0,0.0
Long only,2019-01-31,HD,0.0,0.0,0.0
Long only,2019-01-31,MCD,0.0,0.2,0.0
Long only,2019-01-31,WMT,0.0,0.0,0.0
Long only,2019-01-31,COST,0.0,0.0,0.0
Long only,2019-01-31,PG,0.0,0.0,0.0
Long only,2019-01-31,KO,0.0,0.0,0.0
Long only,2019-01-31,JNJ,0.0,0.0,0.0
Long only,2019-01-31,PFE,0.2,0.2,0.2
Long only,2019-01-31,MRK,0.0,0.0,0.2
Long only,2019-01-31,XOM,0.2,0.0,0.0
Long only,2019-01-31,CVX,0.0,0.0,0.0
Long only,2019-01-31,CAT,0.0,0.0,0.0
Long only,2019-01-31,HON,0.0,0.0,0.0
Long only,2019-01-31,NEE,0.2,0.2,0.2
Long only,2019-01-31,DUK,0.2,0.0,0.2
Long only,2019-02-28,AAPL,0.2,0.2,0.0
Long only,2019-02-28,MSFT,0.0,0.0,0.2
Long only,2019-02-28,NVDA,0.0,0.2,0.0
Long only,2019-02-28,ORCL,0.0,0.0,0.0
Long only,2019-02-28,AMZN,0.0,0.0,0.0
Long only,2019-02-28,HD,0.0,0.0,0.0
Long only,2019-02-28,MCD,0.0,0.2,0.0
Long only,2019-02-28,WMT,0.0,0.0,0.0
Long only,2019-02-28,COST,0.0,0.0,0.0
Long only,2019-02-28,PG,0.0,0.0,0.2
Long only,2019-02-28,KO,0.0,0.0,0.0
Long only,2019-02-28,JNJ,0.0,0.0,0.0
Long only,2019-02-28,PFE,0.2,0.2,0.0
Long only,2019-02-28,MRK,0.0,0.0,0.2
Long only,2019-02-28,XOM,0.2,0.0,0.0
Long only,2019-02-28,CVX,0.0,0.0,0.0
Long only,2019-02-28,CAT,0.0,0.0,0.0
Long only,2019-02-28,HON,0.0,0.0,0.0
Long only,2019-02-28,NEE,0.2,0.2,0.2
Long only,2019-02-28,DUK,0.2,0.0,0.2
Long only,2019-03-31,AAPL,0.2,0.2,0.0
Long only,2019-03-31,MSFT,0.0,0.0,0.2
Long only,2019-03-31,NVDA,0.0,0.2,0.0
Long only,2019-03-31,ORCL,0.0,0.0,0.0
Long only,2019-03-31,AMZN,0.0,0.0,0.0
Long only,2019-03-31,HD,0.0,0.0,0.0
Long only,2019-03-31,MCD,0.0,0.2,0.0
Long only,2019-03-31,WMT,0.0,0.0,0.0
Long only,2019-03-31,COST,0.0,0.0,0.0
Long only,2019-03-31,PG,0.0,0.0,0.2
Long only,2019-03-31,KO,0.0,0.0,0.0
Long only,2019-03-31,JNJ,0.0,0.0,0.0
Long only,2019-03-31,PFE,0.2,0.2,0.2
Long only,2019-03-31,MRK,0.0,0.0,0.2
Long only,2019-03-31,XOM,0.2,0.0,0.0
Long only,2019-03-31,CVX,0.0,0.0,0.0
Long only,2019-03-31,CAT,0.0,0.0,0.0
Long only,2019-03-31,HON,0.0,0.0,0.0
Long only,2019-03-31,NEE,0.2,0.2,0.2
Long only,2019-03-31,DUK,0.2,0.0,0.0
Long only,2019-04-30,AAPL,0.2,0.2,0.0
Long only,2019-04-30,MSFT,0.0,0.0,0.2
Long only,2019-04-30,NVDA,0.0,0.2,0.0
Long only,2019-04-30,ORCL,0.0,0.0,0.0
Long only,2019-04-30,AMZN,0.0,0.0,0.0
Long only,2019-04-30,HD,0.0,0.0,0.0
Long only,2019-04-30,MCD,0.0,0.2,0.2
Long only,2019-04-30,WMT,0.0,0.0,0.0
Long only,2019-04-30,COST,0.0,0.0,0.0
Long only,2019-04-30,PG,0.0,0.0,0.2
Long only,2019-04-30,KO,0.0,0.0,0.0
Long only,2019-04-30,JNJ,0.0,0.0,0.0
Long only,2019-04-30,PFE,0.2,0.2,0.0
Long only,2019-04-30,MRK,0.0,0.0,0.2
Long only,2019-04-30,XOM,0.2,0.0,0.0
Long only,2019-04-30,CVX,0.0,0.0,0.0
Long only,2019-04-30,CAT,0.0,0.0,0.0
Long only,2019-04-30,HON,0.0,0.0,0.0
Long only,2019-04-30,NEE,0.2,0.2,0.2
Long only,2019-04-30,DUK,0.2,0.0,0.0
Long only,2019-05-31,AAPL,0.2,0.2,0.0
Long only,2019-05-31,MSFT,0.0,0.0,0.2
Long only,2019-05-31,NVDA,0.0,0.2,0.0
Long only,2019-05-31,ORCL,0.0,0.0,0.0
Long only,2019-05-31,AMZN,0.0,0.0,0.0
Long only,2019-05-31,HD,0.0,0.0,0.0
Long only,2019-05-31,MCD,0.0,0.2,0.2
Long only,2019-05-31,WMT,0.0,0.0,0.0
Long only,2019-05-31,COST,0.0,0.0,0.0
Long only,2019-05-31,PG,0.0,0.0,0.2
Long only,2019-05-31,KO,0.0,0.0,0.0
Long only,2019-05-31,JNJ,0.0,0.0,0.0
Long only,2019-05-31,PFE,0.2,0.2,0.0
Long only,2019-05-31,MRK,0.0,0.0,0.2
Long only,2019-05-31,XOM,0.2,0.0,0.0
Long only,2019-05-31,CVX,0.0,0.0,0.0
Long only,2019-05-31,CAT,0.0,0.0,0.0
Long only,2019-05-31,HON,0.0,0.0,0.0
Long only,2019-05-31,NEE,0.2,0.2,0.0
Long only,2019-05-31,DUK,0.2,0.0,0.2
Long only,2019-06-30,AAPL,0.2,0.2,0.0
Long only,2019-06-30,MSFT,0.0,0.0,0.2
Long only,2019-06-30,NVDA,0.0,0.2,0.0
Long only,2019-06-30,ORCL,0.0,0.0,0.0
Long only,2019-06-30,AMZN,0.0,0.0,0.0
Long only,2019-06-30,HD,0.0,0.0,0.0
Long only,2019-06-30,MCD,0.0,0.2,0.2
Long only,2019-06-30,WMT,0.0,0.0,0.0
Long only,2019-06-30,COST,0.0,0.0,0.0
Long only,2019-06-30,PG,0.0,0.0,0.2
Long only,2019-06-30,KO,0.0,0.0,0.0
Long only,2019-06-30,JNJ,0.0,0.0,0.0
Long only,2019-06-30,PFE,0.0,0.2,0.0
Long only,2019-06-30,MRK,0.0,0.0,0.2
Long only,2019-06-30,XOM,0.2,0.0,0.0
Long only,2019-06-30,CVX,0.2,0.0,0.0
Long only,2019-06-30,CAT,0.2,0.0,0.0
Long only,2019-06-30,HON,0.0,0.0,0.0
Long only,2019-06-30,NEE,0.2,0.2,0.2
Long only,2019-06-30,DUK,0.0,0.0,0.0
Long only,2019-07-31,AAPL,0.2,0.2,0.0
Long only,2019-07-31,MSFT,0.0,0.0,0.0
Long only,2019-07-31,NVDA,0.0,0.2,0.0
Long only,2019-07-31,ORCL,0.0,0.0,0.0
Long only,2019-07-31,AMZN,0.0,0.0,0.0
Long only,2019-07-31,HD,0.0,0.0,0.0
Long only,2019-07-31,MCD,0.0,0.2,0.2
Long only,2019-07-31,WMT,0.0,0.0,0.2
Long only,2019-07-31,COST,0.0,0.0,0.0
Long only,2019-07-31,PG,0.0,0.0,0.2
Long only,2019-07-31,KO,0.0,0.0,0.0
Long only,2019-07-31,JNJ,0.0,0.0,0.0
Long only,2019-07-31,PFE,0.0,0.2,0.0
Long only,2019-07-31,MRK,0.0,0.0,0.2
Long only,2019-07-31,XOM,0.2,0.0,0.0
Long only,2019-07-31,CVX,0.2,0.0,0.0
Long only,2019-07-31,CAT,0.2,0.0,0.0
Long only,2019-07-31,HON,0.0,0.0,0.0
Long only,2019-07-31,NEE,0.2,0.2,0.2
Long only,2019-07-31,DUK,0.0,0.0,0.0
Long only,2019-08-31,AAPL,0.2,0.2,0.0
Long only,2019-08-31,MSFT,0.0,0.0,0.0
Long only,2019-08-31,NVDA,0.0,0.2,0.0
Long only,2019-08-31,ORCL,0.0,0.0,0.0
Long only,2019-08-31,AMZN,0.0,0.0,0.0
Long only,2019-08-31,HD,0.0,0.0,0.0
Long only,2019-08-31,MCD,0.0,0.2,0.2
Long only,2019-08-31,WMT,0.0,0.0,0.0
Long only,2019-08-31,COST,0.0,0.0,0.0
Long only,2019-08-31,PG,0.0,0.0,0.2
Long only,2019-08-31,KO,0.0,0.0,0.2
Long only,2019-08-31,JNJ,0.0,0.0,0.0
Long only,2019-08-31,PFE,0.0,0.2,0.0
Long only,2019-08-31,MRK,0.0,0.0,0.2
Long only,2019-08-31,XOM,0.2,0.0,0.0
Long only,2019-08-31,CVX,0.2,0.0,0.0
Long only,2019-08-31,CAT,0.2,0.0,0.0
Long only,2019-08-31,HON,0.0,0.0,0.0
Long only,2019-08-31,NEE,0.2,0.2,0.2
Long only,2019-08-31,DUK,0.0,0.0,0.0
Long only,2019-09-30,AAPL,0.2,0.2,0.0
Long only,2019-09-30,MSFT,0.0,0.0,0.0
Long only,2019-09-30,NVDA,0.0,0.2,0.0
Long only,2019-09-30,ORCL,0.0,0.0,0.0
Long only,2019-09-30,AMZN,0.0,0.0,0.0
Long only,2019-09-30,HD,0.0,0.0,0.0
Long only,2019-09-30,MCD,0.0,0.2,0.2
Long only,2019-09-30,WMT,0.0,0.0,0.2
Long only,2019-09-30,COST,0.0,0.0,0.0
Long only,2019-09-30,PG,0.0,0.0,0.2
Long only,2019-09-30,KO,0.0,0.0,0.0
Long only,2019-09-30,JNJ,0.0,0.0,0.0
Long only,2019-09-30,PFE,0.0,0.2,0.0
Long only,2019-09-30,MRK,0.0,0.0,0.0
Long only,2019-09-30,XOM,0.2,0.0,0.0
Long only,2019-09-30,CVX,0.2,0.0,0.0
Long only,2019-09-30,CAT,0.2,0.0,0.0
Long only,2019-09-30,HON,0.0,0.0,0.0
Long only,2019-09-30,NEE,0.2,0.2,0.2
Long only,2019-09-30,DUK,0.0,0.0,0.2
Long only,2019-10-31,AAPL,0.0,0.2,0.0
Long only,2019-10-31,MSFT,0.0,0.0,0.0
Long only,2019-10-31,NVDA,0.0,0.2,0.0
Long only,2019-10-31,ORCL,0.0,0.0,0.0
Long only,2019-10-31,AMZN,0.0,0.0,0.0
Long only,2019-10-31,HD,0.0,0.0,0.2
Long only,2019-10-31,MCD,0.0,0.2,0.0
Long only,2019-10-31,WMT,0.0,0.0,0.0
Long only,2019-10-31,COST,0.0,0.0,0.2
Long only,2019-10-31,PG,0.0,0.0,0.2
Long only,2019-10-31,KO,0.0,0.0,0.0
Long only,2019-10-31,JNJ,0.0,0.0,0.0
Long only,2019-10-31,PFE,0.0,0.2,0.0
Long only,2019-10-31,MRK,0.0,0.0,0.0
Long only,2019-10-31,XOM,0.2,0.0,0.0
Long only,2019-10-31,CVX,0.2,0.0,0.0
Long only,2019-10-31,CAT,0.2,0.0,0.0
Long only,2019-10-31,HON,0.2,0.0,0.0
Long only,2019-10-31,NEE,0.2,0.2,0.2
Long only,2019-10-31,DUK,0.0,0.0,0.2
Long only,2019-11-30,AAPL,0.0,0.2,0.2
Long only,2019-11-30,MSFT,0.0,0.0,0.2
Long only,2019-11-30,NVDA,0.0,0.2,0.0
Long only,2019-11-30,ORCL,0.2,0.2,0.0
Long only,2019-11-30,AMZN,0.0,0.0,0.0
Long only,2019-11-30,HD,0.0,0.0,0.2
Long only,2019-11-30,MCD,0.0,0.2,0.0
Long only,2019-11-30,WMT,0.0,0.0,0.0
Long only,2019-11-30,COST,0.0,0.0,0.0
Long only,2019-11-30,PG,0.0,0.0,0.2
Long only,2019-11-30,KO,0.0,0.0,0.0
Long only,2019-11-30,JNJ,0.0,0.0,0.0
Long only,2019-11-30,PFE,0.0,0.0,0.0
Long only,2019-11-30,MRK,0.0,0.0,0.0
Long only,2019-11-30,XOM,0.2,0.0,0.0
Long only,2019-11-30,CVX,0.2,0.0,0.0
Long only,2019-11-30,CAT,0.2,0.0,0.0
Long only,2019-11-30,HON,0.0,0.0,0.0
Long only,2019-11-30,NEE,0.2,0.2,0.2
Long only,2019-11-30,DUK,0.0,0.0,0.0
Long only,2019-12-31,AAPL,0.0,0.0,0.2
Long only,2019-12-31,MSFT,0.0,0.2,0.2
Long only,2019-12-31,NVDA,0.0,0.2,0.0
Long only,2019-12-31,ORCL,0.2,0.2,0.0
Long only,2019-12-31,AMZN,0.0,0.0,0.0
Long only,2019-12-31,HD,0.0,0.0,0.0
Long only,2019-12-31,MCD,0.0,0.2,0.0
Long only,2019-12-31,WMT,0.0,0.0,0.0
Long only,2019-12-31,COST,0.0,0.0,0.2
Long only,2019-12-31,PG,0.0,0.0,0.2
Long only,2019-12-31,KO,0.0,0.0,0.0
Long only,2019-12-31,JNJ,0.0,0.0,0.0
Long only,2019-12-31,PFE,0.0,0.0,0.0
Long only,2019-12-31,MRK,0.0,0.0,0.0
Long only,2019-12-31,XOM,0.2,0.0,0.0
Long only,2019-12-31,CVX,0.2,0.0,0.0
Long only,2019-12-31,CAT,0.2,0.0,0.0
Long only,2019-12-31,HON,0.0,0.0,0.0
Long only,2019-12-31,NEE,0.2,0.2,0.2
Long only,2019-12-31,DUK,0.0,0.0,0.0
Long only,2020-01-31,AAPL,0.0,0.0,0.2
Long only,2020-01-31,MSFT,0.0,0.2,0.2
Long only,2020-01-31,NVDA,0.0,0.2,0.0
Long only,2020-01-31,ORCL,0.2,0.2,0.0
Long only,2020-01-31,AMZN,0.0,0.0,0.0
Long only,2020-01-31,HD,0.0,0.0,0.0
Long only,2020-01-31,MCD,0.0,0.2,0.0
Long only,2020-01-31,WMT,0.0,0.0,0.2
Long only,2020-01-31,COST,0.0,0.0,0.2
Long only,2020-01-31,PG,0.0,0.0,0.0
Long only,2020-01-31,KO,0.0,0.0,0.0
Long only,2020-01-31,JNJ,0.0,0.0,0.0
Long only,2020-01-31,PFE,0.0,0.0,0.0
Long only,2020-01-31,MRK,0.0,0.0,0.0
Long only,2020-01-31,XOM,0.2,0.0,0.0
Long only,2020-01-31,CVX,0.2,0.0,0.0
Long only,2020-01-31,CAT,0.2,0.0,0.0
Long only,2020-01-31,HON,0.2,0.0,0.0
Long only,2020-01-31,NEE,0.0,0.2,0.2
Long only,2020-01-31,DUK,0.0,0.0,0.0
Long only,2020-02-29,AAPL,0.0,0.0,0.2
Long only,2020-02-29,MSFT,0.0,0.2,0.2
Long only,2020-02-29,NVDA,0.0,0.2,0.0
Long only,2020-02-29,ORCL,0.2,0.2,0.0
Long only,2020-02-29,AMZN,0.0,0.0,0.0
Long only,2020-02-29,HD,0.0,0.0,0.0
Long only,2020-02-29,MCD,0.0,0.2,0.0
Long only,2020-02-29,WMT,0.0,0.0,0.0
Long only,2020-02-29,COST,0.0,0.0,0.2
Long only,2020-02-29,PG,0.0,0.0,0.0
Long only,2020-02-29,KO,0.0,0.0,0.2
Long only,2020-02-29,JNJ,0.0,0.0,0.0
Long only,2020-02-29,PFE,0.2,0.0,0.0
Long only,2020-02-29,MRK,0.0,0.0,0.0
Long only,2020-02-29,XOM,0.2,0.0,0.0
Long only,2020-02-29,CVX,0.2,0.0,0.0
Long only,2020-02-29,CAT,0.2,0.0,0.0
Long only,2020-02-29,HON,0.0,0.0,0.0
Long only,2020-02-29,NEE,0.0,0.2,0.2
Long only,2020-02-29,DUK,0.0,0.0,0.0
Long only,2020-03-31,AAPL,0.0,0.0,0.2
Long only,2020-03-31,MSFT,0.0,0.2,0.2
Long only,2020-03-31,NVDA,0.0,0.2,0.2
Long only,2020-03-31,ORCL,0.2,0.2,0.0
Long only,2020-03-31,AMZN,0.0,0.0,0.0
Long only,2020-03-31,HD,0.0,0.0,0.0
Long only,2020-03-31,MCD,0.0,0.2,0.0
Long only,2020-03-31,WMT,0.0,0.0,0.0
Long only,2020-03-31,COST,0.0,0.0,0.2
Long only,2020-03-31,PG,0.0,0.0,0.0
Long only,2020-03-31,KO,0.0,0.0,0.0
Long only,2020-03-31,JNJ,0.0,0.0,0.0
Long only,2020-03-31,PFE,0.0,0.0,0.0
Long only,2020-03-31,MRK,0.0,0.0,0.0
Long only,2020-03-31,XOM,0.2,0.0,0.0
Long only,2020-03-31,CVX,0.2,0.0,0.0
Long only,2020-03-31,CAT,0.2,0.0,0.0
Long only,2020-03-31,HON,0.2,0.0,0.0
Long only,2020-03-31,NEE,0.0,0.2,0.2
Long only,2020-03-31,DUK,0.0,0.0,0.0
Long only,2020-04-30,AAPL,0.0,0.0,0.2
Long only,2020-04-30,MSFT,0.0,0.2,0.2
Long only,2020-04-30,NVDA,0.0,0.2,0.2
Long only,2020-04-30,ORCL,0.2,0.2,0.0
Long only,2020-04-30,AMZN,0.0,0.0,0.0
Long only,2020-04-30,HD,0.0,0.0,0.0
Long only,2020-04-30,MCD,0.0,0.2,0.0
Long only,2020-04-30,WMT,0.0,0.0,0.0
Long only,2020-04-30,COST,0.0,0.0,0.2
Long only,2020-04-30,PG,0.0,0.0,0.0
Long only,2020-04-30,KO,0.0,0.0,0.0
Long only,2020-04-30,JNJ,0.0,0.0,0.0
Long only,2020-04-30,PFE,0.0,0.0,0.0
Long only,2020-04-30,MRK,0.0,0.0,0.0
Long only,2020-04-30,XOM,0.2,0.0,0.0
Long only,2020-04-30,CVX,0.2,0.0,0.0
Long only,2020-04-30,CAT,0.2,0.0,0.0
Long only,2020-04-30,HON,0.2,0.0,0.0
Long only,2020-04-30,NEE,0.0,0.2,0.2
Long only,2020-04-30,DUK,0.0,0.0,0.0
Long only,2020-05-31,AAPL,0.0,0.0,0.2
Long only,2020-05-31,MSFT,0.0,0.2,0.2
Long only,2020-05-31,NVDA,0.0,0.2,0.2
Long only,2020-05-31,ORCL,0.2,0.2,0.0
Long only,2020-05-31,AMZN,0.0,0.0,0.2
Long only,2020-05-31,HD,0.0,0.0,0.0
Long only,2020-05-31,MCD,0.0,0.2,0.0
Long only,2020-05-31,WMT,0.0,0.0,0.0
Long only,2020-05-31,COST,0.0,0.0,0.2
Long only,2020-05-31,PG,0.0,0.0,0.0
Long only,2020-05-31,KO,0.0,0.0,0.0
Long only,2020-05-31,JNJ,0.0,0.0,0.0
Long only,2020-05-31,PFE,0.0,0.0,0.0
Long only,2020-05-31,MRK,0.0,0.0,0.0
Long only,2020-05-31,XOM,0.2,0.0,0.0
Long only,2020-05-31,CVX,0.2,0.0,0.0
Long only,2020-05-31,CAT,0.2,0.0,0.0
Long only,2020-05-31,HON,0.2,0.0,0.0
Long only,2020-05-31,NEE,0.0,0.2,0.0
Long only,2020-05-31,DUK,0.0,0.0,0.0
Long only,2020-06-30,AAPL,0.0,0.0,0.2
Long only,2020-06-30,MSFT,0.0,0.2,0.2
Long only,2020-06-30,NVDA,0.0,0.2,0.2
Long only,2020-06-30,ORCL,0.2,0.2,0.0
Long only,2020-06-30,AMZN,0.0,0.0,0.2
Long only,2020-06-30,HD,0.0,0.0,0.0
Long only,2020-06-30,MCD,0.0,0.2,0.0
Long only,2020-06-30,WMT,0.0,0.0,0.0
Long only,2020-06-30,COST,0.0,0.0,0.2
Long only,2020-06-30,PG,0.0,0.0,0.0
Long only,2020-06-30,KO,0.0,0.0,0.0
Long only,2020-06-30,JNJ,0.0,0.0,0.0
Long only,2020-06-30,PFE,0.2,0.2,0.0
Long only,2020-06-30,MRK,0.0,0.0,0.0
Long only,2020-06-30,XOM,0.2,0.0,0.0
Long only,2020-06-30,CVX,0.0,0.0,0.0
Long only,2020-06-30,CAT,0.2,0.0,0.0
Long only,2020-06-30,HON,0.0,0.0,0.0
Long only,2020-06-30,NEE,0.0,0.0,0.0
Long only,2020-06-30,DUK,0.2,0.0,0.0
Long only,2020-07-31,AAPL,0.0,0.0,0.2
Long only,2020-07-31,MSFT,0.0,0.2,0.2
Long only,2020-07-31,NVDA,0.0,0.2,0.2
Long only,2020-07-31,ORCL,0.2,0.2,0.0
Long only,2020-07-31,AMZN,0.0,0.0,0.2
Long only,2020-07-31,HD,0.0,0.0,0.0
Long only,2020-07-31,MCD,0.0,0.2,0.0
Long only,2020-07-31,WMT,0.0,0.0,0.0
Long only,2020-07-31,COST,0.0,0.0,0.2
Long only,2020-07-31,PG,0.0,0.0,0.0
Long only,2020-07-31,KO,0.0,0.0,0.0
Long only,2020-07-31,JNJ,0.0,0.0,0.0
Long only,2020-07-31,PFE,0.2,0.2,0.0
Long only,2020-07-31,MRK,0.0,0.0,0.0
Long only,2020-07-31,XOM,0.2,0.0,0.0
Long only,2020-07-31,CVX,0.0,0.0,0.0
Long only,2020-07-31,CAT,0.2,0.0,0.0
Long only,2020-07-31,HON,0.0,0.0,0.0
Long only,2020-07-31,NEE,0.0,0.0,0.0
Long only,2020-07-31,DUK,0.2,0.0,0.0
Long only,2020-08-31,AAPL,0.0,0.0,0.2
Long only,2020-08-31,MSFT,0.0,0.2,0.2
Long only,2020-08-31,NVDA,0.0,0.2,0.2
Long only,2020-08-31,ORCL,0.2,0.2,0.0
Long only,2020-08-31,AMZN,0.0,0.0,0.2
Long only,2020-08-31,HD,0.0,0.0,0.0
Long only,2020-08-31,MCD,0.0,0.2,0.0
Long only,2020-08-31,WMT,0.0,0.0,0.0
Long only,2020-08-31,COST,0.0,0.0,0.0
Long only,2020-08-31,PG,0.0,0.0,0.0
Long only,2020-08-31,KO,0.0,0.0,0.0
Long only,2020-08-31,JNJ,0.0,0.0,0.0
Long only,2020-08-31,PFE,0.2,0.2,0.0
Long only,2020-08-31,MRK,0.0,0.0,0.0
Long only,2020-08-31,XOM,0.2,0.0,0.0
Long only,2020-08-31,CVX,0.0,0.0,0.0
Long only,2020-08-31,CAT,0.2,0.0,0.0
Long only,2020-08-31,HON,0.0,0.0,0.0
Long only,2020-08-31,NEE,0.0,0.0,0.2
Long only,2020-08-31,DUK,0.2,0.0,0.0
Long only,2020-09-30,AAPL,0.0,0.0,0.2
Long only,2020-09-30,MSFT,0.0,0.2,0.2
Long only,2020-09-30,NVDA,0.0,0.2,0.2
Long only,2020-09-30,ORCL,0.2,0.2,0.0
Long only,2020-09-30,AMZN,0.0,0.0,0.2
Long only,2020-09-30,HD,0.0,0.0,0.0
Long only,2020-09-30,MCD,0.0,0.2,0.0
Long only,2020-09-30,WMT,0.0,0.0,0.0
Long only,2020-09-30,COST,0.0,0.0,0.2
Long only,2020-09-30,PG,0.0,0.0,0.0
Long only,2020-09-30,KO,0.0,0.0,0.0
Long only,2020-09-30,JNJ,0.0,0.0,0.0
Long only,2020-09-30,PFE,0.2,0.2,0.0
Long only,2020-09-30,MRK,0.0,0.0,0.0
Long only,2020-09-30,XOM,0.2,0.0,0.0
Long only,2020-09-30,CVX,0.0,0.0,0.0
Long only,2020-09-30,CAT,0.2,0.0,0.0
Long only,2020-09-30,HON,0.0,0.0,0.0
Long only,2020-09-30,NEE,0.0,0.0,0.0
Long only,2020-09-30,DUK,0.2,0.0,0.0
Long only,2020-10-31,AAPL,0.0,0.0,0.2
Long only,2020-10-31,MSFT,0.0,0.2,0.2
Long only,2020-10-31,NVDA,0.0,0.2,0.2
Long only,2020-10-31,ORCL,0.2,0.2,0.0
Long only,2020-10-31,AMZN,0.0,0.0,0.2
Long only,2020-10-31,HD,0.0,0.0,0.0
Long only,2020-10-31,MCD,0.0,0.2,0.0
Long only,2020-10-31,WMT,0.0,0.0,0.0
Long only,2020-10-31,COST,0.0,0.0,0.2
Long only,2020-10-31,PG,0.0,0.0,0.0
Long only,2020-10-31,KO,0.0,0.0,0.0
Long only,2020-10-31,JNJ,0.0,0.0,0.0
Long only,2020-10-31,PFE,0.2,0.2,0.0
Long only,2020-10-31,MRK,0.0,0.0,0.0
Long only,2020-10-31,XOM,0.2,0.0,0.0
Long only,2020-10-31,CVX,0.0,0.0,0.0
Long only,2020-10-31,CAT,0.2,0.0,0.0
Long only,2020-10-31,HON,0.0,0.0,0.0
Long only,2020-10-31,NEE,0.0,0.0,0.0
Long only,2020-10-31,DUK,0.2,0.0,0.0
Long only,2020-11-30,AAPL,0.0,0.0,0.2
Long only,2020-11-30,MSFT,0.0,0.2,0.2
Long only,2020-11-30,NVDA,0.0,0.2,0.2
Long only,2020-11-30,ORCL,0.2,0.2,0.0
Long only,2020-11-30,AMZN,0.0,0.0,0.2
Long only,2020-11-30,HD,0.0,0.0,0.0
Long only,2020-11-30,MCD,0.0,0.2,0.0
Long only,2020-11-30,WMT,0.0,0.0,0.0
Long only,2020-11-30,COST,0.0,0.0,0.2
Long only,2020-11-30,PG,0.0,0.0,0.0
Long only,2020-11-30,KO,0.0,0.0,0.0
Long only,2020-11-30,JNJ,0.0,0.0,0.0
Long only,2020-11-30,PFE,0.2,0.2,0.0
Long only,2020-11-30,MRK,0.0,0.0,0.0
Long only,2020-11-30,XOM,0.2,0.0,0.0
Long only,2020-11-30,CVX,0.0,0.0,0.0
Long only,2020-11-30,CAT,0.2,0.0,0.0
Long only,2020-11-30,HON,0.0,0.0,0.0
Long only,2020-11-30,NEE,0.0,0.0,0.0
Long only,2020-11-30,DUK,0.2,0.0,0.0
Long only,2020-12-31,AAPL,0.0,0.0,0.2
Long only,2020-12-31,MSFT,0.0,0.2,0.2
Long only,2020-12-31,NVDA,0.0,0.2,0.2
Long only,2020-12-31,ORCL,0.2,0.2,0.0
Long only,2020-12-31,AMZN,0.0,0.0,0.2
Long only,2020-12-31,HD,0.0,0.0,0.0
Long only,2020-12-31,MCD,0.0,0.2,0.0
Long only,2020-12-31,WMT,0.0,0.0,0.0
Long only,2020-12-31,COST,0.0,0.0,0.2
Long only,2020-12-31,PG,0.0,0.0,0.0
Long only,2020-12-31,KO,0.0,0.0,0.0
Long only,2020-12-31,JNJ,0.0,0.0,0.0
Long only,2020-12-31,PFE,0.2,0.2,0.0
Long only,2020-12-31,MRK,0.0,0.0,0.0
Long only,2020-12-31,XOM,0.2,0.0,0.0
Long only,2020-12-31,CVX,0.0,0.0,0.0
Long only,2020-12-31,CAT,0.2,0.0,0.0
Long only,2020-12-31,HON,0.0,0.0,0.0
Long only,2020-12-31,NEE,0.0,0.0,0.0
Long only,2020-12-31,DUK,0.2,0.0,0.0
Long only,2021-01-31,AAPL,0.0,0.0,0.2
Long only,2021-01-31,MSFT,0.0,0.2,0.0
Long only,2021-01-31,NVDA,0.0,0.2,0.2
Long only,2021-01-31,ORCL,0.2,0.2,0.0
Long only,2021-01-31,AMZN,0.0,0.0,0.2
Long only,2021-01-31,HD,0.0,0.0,0.0
Long only,2021-01-31,MCD,0.0,0.2,0.0
Long only,2021-01-31,WMT,0.0,0.0,0.2
Long only,2021-01-31,COST,0.0,0.0,0.0
Long only,2021-01-31,PG,0.0,0.0,0.0
Long only,2021-01-31,KO,0.0,0.0,0.0
Long only,2021-01-31,JNJ,0.0,0.0,0.0
Long only,2021-01-31,PFE,0.2,0.2,0.0
Long only,2021-01-31,MRK,0.0,0.0,0.0
Long only,2021-01-31,XOM,0.2,0.0,0.0
Long only,2021-01-31,CVX,0.0,0.0,0.0
Long only,2021-01-31,CAT,0.2,0.0,0.2
Long only,2021-01-31,HON,0.0,0.0,0.0
Long only,2021-01-31,NEE,0.0,0.0,0.0
Long only,2021-01-31,DUK,0.2,0.0,0.0
Long only,2021-02-28,AAPL,0.0,0.0,0.2
Long only,2021-02-28,MSFT,0.0,0.2,0.2
Long only,2021-02-28,NVDA,0.0,0.2,0.2
Long only,2021-02-28,ORCL,0.2,0.2,0.0
Long only,2021-02-28,AMZN,0.0,0.0,0.2
Long only,2021-02-28,HD,0.0,0.0,0.0
Long only,2021-02-28,MCD,0.0,0.2,0.0
Long only,2021-02-28,WMT,0.0,0.0,0.0
Long only,2021-02-28,COST,0.0,0.0,0.0
Long only,2021-02-28,PG,0.0,0.0,0.0
Long only,2021-02-28,KO,0.0,0.0,0.0
Long only,2021-02-28,JNJ,0.0,0.0,0.0
Long only,2021-02-28,PFE,0.2,0.2,0.0
Long only,2021-02-28,MRK,0.2,0.0,0.0
Long only,2021-02-28,XOM,0.2,0.0,0.0
Long only,2021-02-28,CVX,0.0,0.0,0.0
Long only,2021-02-28,CAT,0.0,0.0,0.2
Long only,2021-02-28,HON,0.0,0.0,0.0
Long only,2021-02-28,NEE,0.0,0.0,0.0
Long only,2021-02-28,DUK,0.2,0.0,0.0
Long only,2021-03-31,AAPL,0.0,0.0,0.2
Long only,2021-03-31,MSFT,0.0,0.2,0.2
Long only,2021-03-31,NVDA,0.0,0.2,0.2
Long only,2021-03-31,ORCL,0.2,0.2,0.0
Long only,2021-03-31,AMZN,0.0,0.0,0.2
Long only,2021-03-31,HD,0.0,0.0,0.0
Long only,2021-03-31,MCD,0.0,0.2,0.0
Long only,2021-03-31,WMT,0.0,0.0,0.0
Long only,2021-03-31,COST,0.0,0.0,0.0
Long only,2021-03-31,PG,0.0,0.0,0.0
Long only,2021-03-31,KO,0.0,0.0,0.0
Long only,2021-03-31,JNJ,0.0,0.0,0.0
Long only,2021-03-31,PFE,0.2,0.2,0.0
Long only,2021-03-31,MRK,0.2,0.0,0.0
Long only,2021-03-31,XOM,0.2,0.0,0.0
Long only,2021-03-31,CVX,0.0,0.0,0.0
Long only,2021-03-31,CAT,0.0,0.0,0.2
Long only,2021-03-31,HON,0.0,0.0,0.0
Long only,2021-03-31,NEE,0.0,0.0,0.0
Long only,2021-03-31,DUK,0.2,0.0,0.0
Long only,2021-04-30,AAPL,0.0,0.0,0.2
Long only,2021-04-30,MSFT,0.0,0.2,0.0
Long only,2021-04-30,NVDA,0.0,0.2,0.2
Long only,2021-04-30,ORCL,0.0,0.2,0.0
Long only,2021-04-30,AMZN,0.0,0.0,0.0
Long only,2021-04-30,HD,0.0,0.0,0.2
Long only,2021-04-30,MCD,0.0,0.2,0.0
Long only,2021-04-30,WMT,0.0,0.0,0.0
Long only,2021-04-30,COST,0.0,0.0,0.0
Long only,2021-04-30,PG,0.0,0.0,0.0
Long only,2021-04-30,KO,0.0,0.0,0.0
Long only,2021-04-30,JNJ,0.0,0.0,0.0
Long only,2021-04-30,PFE,0.2,0.2,0.0
Long only,2021-04-30,MRK,0.2,0.0,0.0
Long only,2021-04-30,XOM,0.2,0.0,0.0
Long only,2021-04-30,CVX,0.0,0.0,0.0
Long only,2021-04-30,CAT,0.2,0.0,0.2
Long only,2021-04-30,HON,0.0,0.0,0.2
Long only,2021-04-30,NEE,0.0,0.0,0.0
Long only,2021-04-30,DUK,0.2,0.0,0.0
Long only,2021-05-31,AAPL,0.0,0.0,0.2
Long only,2021-05-31,MSFT,0.0,0.2,0.0
Long only,2021-05-31,NVDA,0.0,0.2,0.2
Long only,2021-05-31,ORCL,0.0,0.2,0.2
Long only,2021-05-31,AMZN,0.0,0.0,0.0
Long only,2021-05-31,HD,0.0,0.0,0.0
Long only,2021-05-31,MCD,0.0,0.2,0.0
Long only,2021-05-31,WMT,0.0,0.0,0.0
Long only,2021-05-31,COST,0.0,0.0,0.0
Long only,2021-05-31,PG,0.0,0.0,0.0
Long only,2021-05-31,KO,0.0,0.0,0.0
Long only,2021-05-31,JNJ,0.0,0.0,0.0
Long only,2021-05-31,PFE,0.2,0.2,0.0
Long only,2021-05-31,MRK,0.2,0.0,0.0
Long only,2021-05-31,XOM,0.2,0.0,0.0
Long only,2021-05-31,CVX,0.0,0.0,0.0
Long only,2021-05-31,CAT,0.2,0.0,0.2
Long only,2021-05-31,HON,0.0,0.0,0.2
Long only,2021-05-31,NEE,0.0,0.0,0.0
Long only,2021-05-31,DUK,0.2,0.0,0.0
Long only,2021-06-30,AAPL,0.0,0.0,0.0
Long only,2021-06-30,MSFT,0.0,0.2,0.0
Long only,2021-06-30,NVDA,0.0,0.2,0.2
Long only,2021-06-30,ORCL,0.2,0.2,0.2
Long only,2021-06-30,AMZN,0.0,0.0,0.0
Long only,2021-06-30,HD,0.0,0.0,0.0
Long only,2021-06-30,MCD,0.0,0.2,0.2
Long only,2021-06-30,WMT,0.2,0.0,0.0
Long only,2021-06-30,COST,0.0,0.0,0.0
Long only,2021-06-30,PG,0.2,0.0,0.0
Long only,2021-06-30,KO,0.0,0.2,0.0
Long only,2021-06-30,JNJ,0.0,0.0,0.0
Long only,2021-06-30,PFE,0.2,0.0,0.0
Long only,2021-06-30,MRK,0.2,0.0,0.0
Long only,2021-06-30,XOM,0.0,0.0,0.0
Long only,2021-06-30,CVX,0.0,0.0,0.0
Long only,2021-06-30,CAT,0.0,0.0,0.2
Long only,2021-06-30,HON,0.0,0.0,0.2
Long only,2021-06-30,NEE,0.0,0.0,0.0
Long only,2021-06-30,DUK,0.0,0.0,0.0
Long only,2021-07-31,AAPL,0.0,0.0,0.0
Long only,2021-07-31,MSFT,0.0,0.2,0.2
Long only,2021-07-31,NVDA,0.0,0.2,0.2
Long only,2021-07-31,ORCL,0.2,0.2,0.2
Long only,2021-07-31,AMZN,0.0,0.0,0.0
Long only,2021-07-31,HD,0.2,0.0,0.0
Long only,2021-07-31,MCD,0.0,0.2,0.0
Long only,2021-07-31,WMT,0.0,0.0,0.0
Long only,2021-07-31,COST,0.0,0.0,0.0
Long only,2021-07-31,PG,0.2,0.0,0.0
Long only,2021-07-31,KO,0.0,0.2,0.0
Long only,2021-07-31,JNJ,0.0,0.0,0.0
Long only,2021-07-31,PFE,0.2,0.0,0.0
Long only,2021-07-31,MRK,0.2,0.0,0.0
Long only,2021-07-31,XOM,0.0,0.0,0.0
Long only,2021-07-31,CVX,0.0,0.0,0.0
Long only,2021-07-31,CAT,0.0,0.0,0.2
Long only,2021-07-31,HON,0.0,0.0,0.2
Long only,2021-07-31,NEE,0.0,0.0,0.0
Long only,2021-07-31,DUK,0.0,0.0,0.0
Long only,2021-08-31,AAPL,0.0,0.0,0.0
Long only,2021-08-31,MSFT,0.0,0.2,0.0
Long only,2021-08-31,NVDA,0.0,0.2,0.2
Long only,2021-08-31,ORCL,0.2,0.2,0.2
Long only,2021-08-31,AMZN,0.0,0.0,0.0
Long only,2021-08-31,HD,0.2,0.0,0.0
Long only,2021-08-31,MCD,0.0,0.2,0.0
Long only,2021-08-31,WMT,0.0,0.0,0.0
Long only,2021-08-31,COST,0.0,0.0,0.0
Long only,2021-08-31,PG,0.2,0.0,0.0
Long only,2021-08-31,KO,0.0,0.2,0.0
Long only,2021-08-31,JNJ,0.0,0.0,0.0
Long only,2021-08-31,PFE,0.2,0.0,0.0
Long only,2021-08-31,MRK,0.2,0.0,0.0
Long only,2021-08-31,XOM,0.0,0.0,0.0
Long only,2021-08-31,CVX,0.0,0.0,0.0
Long only,2021-08-31,CAT,0.0,0.0,0.2
Long only,2021-08-31,HON,0.0,0.0,0.2
Long only,2021-08-31,NEE,0.0,0.0,0.0
Long only,2021-08-31,DUK,0.0,0.0,0.2
Long only,2021-09-30,AAPL,0.0,0.0,0.0
Long only,2021-09-30,MSFT,0.0,0.2,0.2
Long only,2021-09-30,NVDA,0.0,0.2,0.2
Long only,2021-09-30,ORCL,0.2,0.2,0.2
Long only,2021-09-30,AMZN,0.0,0.0,0.0
Long only,2021-09-30,HD,0.2,0.0,0.0
Long only,2021-09-30,MCD,0.0,0.2,0.0
Long only,2021-09-30,WMT,0.0,0.0,0.0
Long only,2021-09-30,COST,0.0,0.0,0.0
Long only,2021-09-30,PG,0.2,0.0,0.0
Long only,2021-09-30,KO,0.0,0.2,0.0
Long only,2021-09-30,JNJ,0.0,0.0,0.0
Long only,2021-09-30,PFE,0.2,0.0,0.0
Long only,2021-09-30,MRK,0.2,0.0,0.0
Long only,2021-09-30,XOM,0.0,0.0,0.0
Long only,2021-09-30,CVX,0.0,0.0,0.0
Long only,2021-09-30,CAT,0.0,0.0,0.2
Long only,2021-09-30,HON,0.0,0.0,0.2
Long only,2021-09-30,NEE,0.0,0.0,0.0
Long only,2021-09-30,DUK,0.0,0.0,0.0
Long only,2021-10-31,AAPL,0.0,0.0,0.0
Long only,2021-10-31,MSFT,0.0,0.2,0.2
Long only,2021-10-31,NVDA,0.0,0.2,0.2
Long only,2021-10-31,ORCL,0.2,0.2,0.2
Long only,2021-10-31,AMZN,0.0,0.0,0.0
Long only,2021-10-31,HD,0.2,0.0,0.0
Long only,2021-10-31,MCD,0.0,0.2,0.0
Long only,2021-10-31,WMT,0.0,0.0,0.0
Long only,2021-10-31,COST,0.0,0.0,0.0
Long only,2021-10-31,PG,0.2,0.0,0.0
Long only,2021-10-31,KO,0.0,0.2,0.0
Long only,2021-10-31,JNJ,0.2,0.0,0.0
Long only,2021-10-31,PFE,0.2,0.0,0.0
Long only,2021-10-31,MRK,0.0,0.0,0.0
Long only,2021-10-31,XOM,0.0,0.0,0.2
Long only,2021-10-31,CVX,0.0,0.0,0.2
Long only,2021-10-31,CAT,0.0,0.0,0.0
Long only,2021-10-31,HON,0.0,0.0,0.0
Long only,2021-10-31,NEE,0.0,0.0,0.0
Long only,2021-10-31,DUK,0.0,0.0,0.0
Long only,2021-11-30,AAPL,0.0,0.0,0.0
Long only,2021-11-30,MSFT,0.0,0.2,0.2
Long only,2021-11-30,NVDA,0.0,0.2,0.2
Long only,2021-11-30,ORCL,0.2,0.2,0.2
Long only,2021-11-30,AMZN,0.0,0.0,0.0
Long only,2021-11-30,HD,0.0,0.0,0.2
Long only,2021-11-30,MCD,0.0,0.2,0.0
Long only,2021-11-30,WMT,0.2,0.0,0.0
Long only,2021-11-30,COST,0.0,0.0,0.0
Long only,2021-11-30,PG,0.2,0.0,0.0
Long only,2021-11-30,KO,0.0,0.2,0.0
Long only,2021-11-30,JNJ,0.2,0.0,0.0
Long only,2021-11-30,PFE,0.0,0.0,0.0
Long only,2021-11-30,MRK,0.2,0.0,0.0
Long only,2021-11-30,XOM,0.0,0.0,0.2
Long only,2021-11-30,CVX,0.0,0.0,0.0
Long only,2021-11-30,CAT,0.0,0.0,0.0
Long only,2021-11-30,HON,0.0,0.0,0.0
Long only,2021-11-30,NEE,0.0,0.0,0.0
Long only,2021-11-30,DUK,0.0,0.0,0.0
Long only,2021-12-31,AAPL,0.0,0.0,0.0
Long only,2021-12-31,MSFT,0.0,0.2,0.2
Long only,2021-12-31,NVDA,0.0,0.2,0.2
Long only,2021-12-31,ORCL,0.2,0.2,0.0
Long only,2021-12-31,AMZN,0.0,0.0,0.0
Long only,2021-12-31,HD,0.0,0.0,0.2
Long only,2021-12-31,MCD,0.0,0.2,0.0
Long only,2021-12-31,WMT,0.2,0.0,0.0
Long only,2021-12-31,COST,0.0,0.0,0.2
Long only,2021-12-31,PG,0.2,0.0,0.0
Long only,2021-12-31,KO,0.0,0.2,0.0
Long only,2021-12-31,JNJ,0.0,0.0,0.0
Long only,2021-12-31,PFE,0.0,0.0,0.2
Long only,2021-12-31,MRK,0.2,0.0,0.0
Long only,2021-12-31,XOM,0.0,0.0,0.0
Long only,2021-12-31,CVX,0.0,0.0,0.0
Long only,2021-12-31,CAT,0.0,0.0,0.0
Long only,2021-12-31,HON,0.2,0.0,0.0
Long only,2021-12-31,NEE,0.0,0.0,0.0
Long only,2021-12-31,DUK,0.0,0.0,0.0
Long only,2022-01-31,AAPL,0.0,0.0,0.0
Long only,2022-01-31,MSFT,0.0,0.2,0.2
Long only,2022-01-31,NVDA,0.0,0.2,0.2
Long only,2022-01-31,ORCL,0.2,0.2,0.0
Long only,2022-01-31,AMZN,0.0,0.0,0.0
Long only,2022-01-31,HD,0.2,0.0,0.0
Long only,2022-01-31,MCD,0.0,0.2,0.0
Long only,2022-01-31,WMT,0.2,0.0,0.0
Long only,2022-01-31,COST,0.0,0.0,0.2
Long only,2022-01-31,PG,0.2,0.0,0.2
Long only,2022-01-31,KO,0.0,0.2,0.0
Long only,2022-01-31,JNJ,0.0,0.0,0.0
Long only,2022-01-31,PFE,0.0,0.0,0.2
Long only,2022-01-31,MRK,0.2,0.0,0.0
Long only,2022-01-31,XOM,0.0,0.0,0.0
Long only,2022-01-31,CVX,0.0,0.0,0.0
Long only,2022-01-31,CAT,0.0,0.0,0.0
Long only,2022-01-31,HON,0.0,0.0,0.0
Long only,2022-01-31,NEE,0.0,0.0,0.0
Long only,2022-01-31,DUK,0.0,0.0,0.0
Long only,2022-02-28,AAPL,0.0,0.0,0.2
Long only,2022-02-28,MSFT,0.0,0.2,0.0
Long only,2022-02-28,NVDA,0.0,0.2,0.0
Long only,2022-02-28,ORCL,0.2,0.2,0.0
Long only,2022-02-28,AMZN,0.0,0.0,0.0
Long only,2022-02-28,HD,0.2,0.0,0.0
Long only,2022-02-28,MCD,0.0,0.2,0.2
Long only,2022-02-28,WMT,0.2,0.0,0.0
Long only,2022-02-28,COST,0.0,0.0,0.2
Long only,2022-02-28,PG,0.2,0.0,0.2
Long only,2022-02-28,KO,0.0,0.2,0.0
Long only,2022-02-28,JNJ,0.0,0.0,0.0
Long only,2022-02-28,PFE,0.0,0.0,0.2
Long only,2022-02-28,MRK,0.2,0.0,0.0
Long only,2022-02-28,XOM,0.0,0.0,0.0
Long only,2022-02-28,CVX,0.0,0.0,0.0
Long only,2022-02-28,CAT,0.0,0.0,0.0
Long only,2022-02-28,HON,0.0,0.0,0.0
Long only,2022-02-28,NEE,0.0,0.0,0.0
Long only,2022-02-28,DUK,0.0,0.0,0.0
Long only,2022-03-31,AAPL,0.0,0.2,0.2
Long only,2022-03-31,MSFT,0.0,0.2,0.2
Long only,2022-03-31,NVDA,0.0,0.2,0.2
Long only,2022-03-31,ORCL,0.2,0.2,0.0
Long only,2022-03-31,AMZN,0.0,0.0,0.0
Long only,2022-03-31,HD,0.2,0.0,0.0
Long only,2022-03-31,MCD,0.0,0.2,0.0
Long only,2022-03-31,WMT,0.0,0.0,0.0
Long only,2022-03-31,COST,0.0,0.0,0.2
Long only,2022-03-31,PG,0.2,0.0,0.0
Long only,2022-03-31,KO,0.0,0.0,0.2
Long only,2022-03-31,JNJ,0.0,0.0,0.0
Long only,2022-03-31,PFE,0.0,0.0,0.0
Long only,2022-03-31,MRK,0.2,0.0,0.0
Long only,2022-03-31,XOM,0.0,0.0,0.0
Long only,2022-03-31,CVX,0.0,0.0,0.0
Long only,2022-03-31,CAT,0.0,0.0,0.0
Long only,2022-03-31,HON,0.2,0.0,0.0
Long only,2022-03-31,NEE,0.0,0.0,0.0
Long only,2022-03-31,DUK,0.0,0.0,0.0
Long only,2022-04-30,AAPL,0.2,0.2,0.2
Long only,2022-04-30,MSFT,0.0,0.2,0.0
Long only,2022-04-30,NVDA,0.0,0.2,0.2
Long only,2022-04-30,ORCL,0.2,0.2,0.0
Long only,2022-04-30,AMZN,0.0,0.0,0.0
Long only,2022-04-30,HD,0.2,0.0,0.0
Long only,2022-04-30,MCD,0.0,0.2,0.0
Long only,2022-04-30,WMT,0.0,0.0,0.0
Long only,2022-04-30,COST,0.0,0.0,0.2
Long only,2022-04-30,PG,0.2,0.0,0.0
Long only,2022-04-30,KO,0.0,0.0,0.0
Long only,2022-04-30,JNJ,0.0,0.0,0.0
Long only,2022-04-30,PFE,0.0,0.0,0.0
Long only,2022-04-30,MRK,0.0,0.0,0.0
Long only,2022-04-30,XOM,0.0,0.0,0.2
Long only,2022-04-30,CVX,0.0,0.0,0.2
Long only,2022-04-30,CAT,0.0,0.0,0.0
Long only,2022-04-30,HON,0.2,0.0,0.0
Long only,2022-04-30,NEE,0.0,0.0,0.0
Long only,2022-04-30,DUK,0.0,0.0,0.0
Long only,2022-05-31,AAPL,0.2,0.2,0.2
Long only,2022-05-31,MSFT,0.0,0.2,0.0
Long only,2022-05-31,NVDA,0.0,0.2,0.0
Long only,2022-05-31,ORCL,0.2,0.2,0.0
Long only,2022-05-31,AMZN,0.0,0.0,0.0
Long only,2022-05-31,HD,0.2,0.0,0.0
Long only,2022-05-31,MCD,0.0,0.2,0.0
Long only,2022-05-31,WMT,0.2,0.0,0.0
Long only,2022-05-31,COST,0.0,0.0,0.2
Long only,2022-05-31,PG,0.2,0.0,0.2
Long only,2022-05-31,KO,0.0,0.0,0.0
Long only,2022-05-31,JNJ,0.0,0.0,0.0
Long only,2022-05-31,PFE,0.0,0.0,0.0
Long only,2022-05-31,MRK,0.0,0.0,0.0
Long only,2022-05-31,XOM,0.0,0.0,0.2
Long only,2022-05-31,CVX,0.0,0.0,0.2
Long only,2022-05-31,CAT,0.0,0.0,0.0
Long only,2022-05-31,HON,0.0,0.0,0.0
Long only,2022-05-31,NEE,0.0,0.0,0.0
Long only,2022-05-31,DUK,0.0,0.0,0.0
Long only,2022-06-30,AAPL,0.0,0.0,0.0
Long only,2022-06-30,MSFT,0.0,0.2,0.0
Long only,2022-06-30,NVDA,0.0,0.0,0.0
Long only,2022-06-30,ORCL,0.2,0.2,0.0
Long only,2022-06-30,AMZN,0.0,0.0,0.0
Long only,2022-06-30,HD,0.0,0.0,0.0
Long only,2022-06-30,MCD,0.0,0.2,0.0
Long only,2022-06-30,WMT,0.0,0.0,0.0
Long only,2022-06-30,COST,0.0,0.0,0.0
Long only,2022-06-30,PG,0.0,0.0,0.0
Long only,2022-06-30,KO,0.0,0.0,0.2
Long only,2022-06-30,JNJ,0.0,0.0,0.0
Long only,2022-06-30,PFE,0.2,0.2,0.2
Long only,2022-06-30,MRK,0.2,0.2,0.0
Long only,2022-06-30,XOM,0.2,0.0,0.2
Long only,2022-06-30,CVX,0.0,0.0,0.2
Long only,2022-06-30,CAT,0.2,0.0,0.0
Long only,2022-06-30,HON,0.0,0.0,0.0
Long only,2022-06-30,NEE,0.0,0.0,0.0
Long only,2022-06-30,DUK,0.0,0.0,0.2
Long only,2022-07-31,AAPL,0.0,0.0,0.0
Long only,2022-07-31,MSFT,0.0,0.2,0.0
Long only,2022-07-31,NVDA,0.0,0.2,0.0
Long only,2022-07-31,ORCL,0.2,0.2,0.0
Long only,2022-07-31,AMZN,0.0,0.0,0.0
Long only,2022-07-31,HD,0.0,0.0,0.0
Long only,2022-07-31,MCD,0.0,0.2,0.0
Long only,2022-07-31,WMT,0.0,0.0,0.0
Long only,2022-07-31,COST,0.0,0.0,0.0
Long only,2022-07-31,PG,0.0,0.0,0.0
Long only,2022-07-31,KO,0.0,0.0,0.2
Long only,2022-07-31,JNJ,0.0,0.0,0.0
Long only,2022-07-31,PFE,0.2,0.2,0.2
Long only,2022-07-31,MRK,0.2,0.0,0.2
Long only,2022-07-31,XOM,0.2,0.0,0.2
Long only,2022-07-31,CVX,0.0,0.0,0.2
Long only,2022-07-31,CAT,0.2,0.0,0.0
Long only,2022-07-31,HON,0.0,0.0,0.0
Long only,2022-07-31,NEE,0.0,0.0,0.0
Long only,2022-07-31,DUK,0.0,0.0,0.0
Long only,2022-08-31,AAPL,0.0,0.0,0.0
Long only,2022-08-31,MSFT,0.0,0.2,0.0
Long only,2022-08-31,NVDA,0.0,0.2,0.0
Long only,2022-08-31,ORCL,0.2,0.2,0.0
Long only,2022-08-31,AMZN,0.0,0.0,0.0
Long only,2022-08-31,HD,0.0,0.0,0.0
Long only,2022-08-31,MCD,0.0,0.2,0.0
Long only,2022-08-31,WMT,0.0,0.0,0.0
Long only,2022-08-31,COST,0.0,0.0,0.2
Long only,2022-08-31,PG,0.0,0.0,0.0
Long only,2022-08-31,KO,0.0,0.0,0.2
Long only,2022-08-31,JNJ,0.0,0.0,0.0
Long only,2022-08-31,PFE,0.2,0.2,0.0
Long only,2022-08-31,MRK,0.2,0.0,0.2
Long only,2022-08-31,XOM,0.2,0.0,0.2
Long only,2022-08-31,CVX,0.0,0.0,0.2
Long only,2022-08-31,CAT,0.2,0.0,0.0
Long only,2022-08-31,HON,0.0,0.0,0.0
Long only,2022-08-31,NEE,0.0,0.0,0.0
Long only,2022-08-31,DUK,0.0,0.0,0.0
Long only,2022-09-30,AAPL,0.0,0.0,0.0
Long only,2022-09-30,MSFT,0.0,0.2,0.0
Long only,2022-09-30,NVDA,0.0,0.2,0.0
Long only,2022-09-30,ORCL,0.2,0.2,0.0
Long only,2022-09-30,AMZN,0.0,0.0,0.0
Long only,2022-09-30,HD,0.0,0.0,0.0
Long only,2022-09-30,MCD,0.0,0.2,0.0
Long only,2022-09-30,WMT,0.0,0.0,0.0
Long only,2022-09-30,COST,0.0,0.0,0.2
Long only,2022-09-30,PG,0.0,0.0,0.0
Long only,2022-09-30,KO,0.0,0.0,0.2
Long only,2022-09-30,JNJ,0.0,0.0,0.0
Long only,2022-09-30,PFE,0.2,0.2,0.0
Long only,2022-09-30,MRK,0.2,0.0,0.0
Long only,2022-09-30,XOM,0.2,0.0,0.2
Long only,2022-09-30,CVX,0.0,0.0,0.2
Long only,2022-09-30,CAT,0.2,0.0,0.0
Long only,2022-09-30,HON,0.0,0.0,0.0
Long only,2022-09-30,NEE,0.0,0.0,0.0
Long only,2022-09-30,DUK,0.0,0.0,0.2
Long only,2022-10-31,AAPL,0.0,0.0,0.0
Long only,2022-10-31,MSFT,0.0,0.2,0.0
Long only,2022-10-31,NVDA,0.0,0.2,0.0
Long only,2022-10-31,ORCL,0.2,0.2,0.0
Long only,2022-10-31,AMZN,0.0,0.0,0.0
Long only,2022-10-31,HD,0.2,0.0,0.0
Long only,2022-10-31,MCD,0.0,0.2,0.0
Long only,2022-10-31,WMT,0.0,0.0,0.0
Long only,2022-10-31,COST,0.0,0.0,0.0
Long only,2022-10-31,PG,0.0,0.0,0.0
Long only,2022-10-31,KO,0.0,0.0,0.2
Long only,2022-10-31,JNJ,0.0,0.0,0.2
Long only,2022-10-31,PFE,0.2,0.2,0.2
Long only,2022-10-31,MRK,0.2,0.0,0.0
Long only,2022-10-31,XOM,0.0,0.0,0.2
Long only,2022-10-31,CVX,0.0,0.0,0.2
Long only,2022-10-31,CAT,0.2,0.0,0.0
Long only,2022-10-31,HON,0.0,0.0,0.0
Long only,2022-10-31,NEE,0.0,0.0,0.0
Long only,2022-10-31,DUK,0.0,0.0,0.0
Long only,2022-11-30,AAPL,0.0,0.0,0.0
Long only,2022-11-30,MSFT,0.0,0.2,0.0
Long only,2022-11-30,NVDA,0.0,0.2,0.0
Long only,2022-11-30,ORCL,0.0,0.0,0.0
Long only,2022-11-30,AMZN,0.0,0.0,0.0
Long only,2022-11-30,HD,0.2,0.0,0.0
Long only,2022-11-30,MCD,0.0,0.2,0.0
Long only,2022-11-30,WMT,0.0,0.0,0.0
Long only,2022-11-30,COST,0.0,0.0,0.0
Long only,2022-11-30,PG,0.0,0.0,0.0
Long only,2022-11-30,KO,0.0,0.0,0.2
Long only,2022-11-30,JNJ,0.0,0.0,0.2
Long only,2022-11-30,PFE,0.2,0.2,0.0
Long only,2022-11-30,MRK,0.2,0.2,0.2
Long only,2022-11-30,XOM,0.2,0.0,0.2
Long only,2022-11-30,CVX,0.0,0.0,0.2
Long only,2022-11-30,CAT,0.2,0.0,0.0
Long only,2022-11-30,HON,0.0,0.0,0.0
Long only,2022-11-30,NEE,0.0,0.0,0.0
Long only,2022-11-30,DUK,0.0,0.0,0.0
Long only,2022-12-31,AAPL,0.0,0.0,0.0
Long only,2022-12-31,MSFT,0.0,0.2,0.0
Long only,2022-12-31,NVDA,0.0,0.2,0.0
Long only,2022-12-31,ORCL,0.0,0.0,0.0
Long only,2022-12-31,AMZN,0.0,0.0,0.0
Long only,2022-12-31,HD,0.2,0.0,0.0
Long only,2022-12-31,MCD,0.0,0.2,0.0
Long only,2022-12-31,WMT,0.0,0.0,0.0
Long only,2022-12-31,COST,0.0,0.0,0.0
Long only,2022-12-31,PG,0.0,0.0,0.0
Long only,2022-12-31,KO,0.0,0.0,0.2
Long only,2022-12-31,JNJ,0.0,0.0,0.0
Long only,2022-12-31,PFE,0.2,0.2,0.0
Long only,2022-12-31,MRK,0.2,0.2,0.2
Long only,2022-12-31,XOM,0.2,0.0,0.2
Long only,2022-12-31,CVX,0.0,0.0,0.2
Long only,2022-12-31,CAT,0.2,0.0,0.2
Long only,2022-12-31,HON,0.0,0.0,0.0
Long only,2022-12-31,NEE,0.0,0.0,0.0
Long only,2022-12-31,DUK,0.0,0.0,0.0
Long only,2023-01-31,AAPL,0.0,0.0,0.0
Long only,2023-01-31,MSFT,0.0,0.2,0.0
Long only,2023-01-31,NVDA,0.0,0.2,0.0
Long only,2023-01-31,ORCL,0.0,0.0,0.0
Long only,2023-01-31,AMZN,0.0,0.0,0.0
Long only,2023-01-31,HD,0.2,0.0,0.0
Long only,2023-01-31,MCD,0.0,0.2,0.0
Long only,2023-01-31,WMT,0.0,0.0,0.0
Long only,2023-01-31,COST,0.0,0.0,0.0
Long only,2023-01-31,PG,0.0,0.0,0.0
Long only,2023-01-31,KO,0.0,0.0,0.0
Long only,2023-01-31,JNJ,0.2,0.0,0.0
Long only,2023-01-31,PFE,0.2,0.2,0.0
Long only,2023-01-31,MRK,0.2,0.2,0.2
Long only,2023-01-31,XOM,0.0,0.0,0.2
Long only,2023-01-31,CVX,0.0,0.0,0.2
Long only,2023-01-31,CAT,0.2,0.0,0.2
Long only,2023-01-31,HON,0.0,0.0,0.0
Long only,2023-01-31,NEE,0.0,0.0,0.2
Long only,2023-01-31,DUK,0.0,0.0,0.0
Long only,2023-02-28,AAPL,0.0,0.0,0.0
Long only,2023-02-28,MSFT,0.0,0.2,0.0
Long only,2023-02-28,NVDA,0.0,0.2,0.0
Long only,2023-02-28,ORCL,0.0,0.0,0.2
Long only,2023-02-28,AMZN,0.0,0.0,0.0
Long only,2023-02-28,HD,0.2,0.0,0.0
Long only,2023-02-28,MCD,0.0,0.2,0.0
Long only,2023-02-28,WMT,0.0,0.0,0.0
Long only,2023-02-28,COST,0.0,0.0,0.0
Long only,2023-02-28,PG,0.0,0.0,0.0
Long only,2023-02-28,KO,0.0,0.0,0.0
Long only,2023-02-28,JNJ,0.2,0.0,0.0
Long only,2023-02-28,PFE,0.2,0.2,0.0
Long only,2023-02-28,MRK,0.0,0.2,0.2
Long only,2023-02-28,XOM,0.0,0.0,0.2
Long only,2023-02-28,CVX,0.2,0.0,0.2
Long only,2023-02-28,CAT,0.2,0.0,0.2
Long only,2023-02-28,HON,0.0,0.0,0.0
Long only,2023-02-28,NEE,0.0,0.0,0.0
Long only,2023-02-28,DUK,0.0,0.0,0.0
Long only,2023-03-31,AAPL,0.0,0.0,0.0
Long only,2023-03-31,MSFT,0.0,0.2,0.0
Long only,2023-03-31,NVDA,0.0,0.2,0.0
Long only,2023-03-31,ORCL,0.0,0.0,0.2
Long only,2023-03-31,AMZN,0.0,0.0,0.0
Long only,2023-03-31,HD,0.2,0.0,0.0
Long only,2023-03-31,MCD,0.0,0.2,0.2
Long only,2023-03-31,WMT,0.0,0.0,0.0
Long only,2023-03-31,COST,0.0,0.0,0.0
Long only,2023-03-31,PG,0.0,0.0,0.0
Long only,2023-03-31,KO,0.0,0.0,0.0
Long only,2023-03-31,JNJ,0.2,0.0,0.0
Long only,2023-03-31,PFE,0.2,0.2,0.0
Long only,2023-03-31,MRK,0.0,0.2,0.2
Long only,2023-03-31,XOM,0.0,0.0,0.2
Long only,2023-03-31,CVX,0.2,0.0,0.0
Long only,2023-03-31,CAT,0.2,0.0,0.2
Long only,2023-03-31,HON,0.0,0.0,0.0
Long only,2023-03-31,NEE,0.0,0.0,0.0
Long only,2023-03-31,DUK,0.0,0.0,0.0
Long only,2023-04-30,AAPL,0.0,0.0,0.0
Long only,2023-04-30,MSFT,0.0,0.2,0.0
Long only,2023-04-30,NVDA,0.0,0.2,0.2
Long only,2023-04-30,ORCL,0.0,0.0,0.2
Long only,2023-04-30,AMZN,0.0,0.0,0.0
Long only,2023-04-30,HD,0.2,0.0,0.0
Long only,2023-04-30,MCD,0.0,0.2,0.2
Long only,2023-04-30,WMT,0.0,0.0,0.0
Long only,2023-04-30,COST,0.0,0.0,0.0
Long only,2023-04-30,PG,0.0,0.0,0.0
Long only,2023-04-30,KO,0.0,0.0,0.0
Long only,2023-04-30,JNJ,0.2,0.0,0.0
Long only,2023-04-30,PFE,0.2,0.2,0.0
Long only,2023-04-30,MRK,0.0,0.2,0.2
Long only,2023-04-30,XOM,0.0,0.0,0.2
Long only,2023-04-30,CVX,0.2,0.0,0.0
Long only,2023-04-30,CAT,0.2,0.0,0.0
Long only,2023-04-30,HON,0.0,0.0,0.0
Long only,2023-04-30,NEE,0.0,0.0,0.0
Long only,2023-04-30,DUK,0.0,0.0,0.0
Long only,2023-05-31,AAPL,0.0,0.0,0.0
Long only,2023-05-31,MSFT,0.0,0.2,0.0
Long only,2023-05-31,NVDA,0.0,0.2,0.2
Long only,2023-05-31,ORCL,0.0,0.0,0.2
Long only,2023-05-31,AMZN,0.0,0.0,0.0
Long only,2023-05-31,HD,0.2,0.0,0.0
Long only,2023-05-31,MCD,0.0,0.2,0.2
Long only,2023-05-31,WMT,0.0,0.0,0.2
Long only,2023-05-31,COST,0.0,0.0,0.0
Long only,2023-05-31,PG,0.0,0.0,0.0
Long only,2023-05-31,KO,0.0,0.0,0.0
Long only,2023-05-31,JNJ,0.0,0.0,0.0
Long only,2023-05-31,PFE,0.2,0.2,0.0
Long only,2023-05-31,MRK,0.0,0.2,0.2
Long only,2023-05-31,XOM,0.2,0.0,0.0
Long only,2023-05-31,CVX,0.2,0.0,0.0
Long only,2023-05-31,CAT,0.2,0.0,0.0
Long only,2023-05-31,HON,0.0,0.0,0.0
Long only,2023-05-31,NEE,0.0,0.0,0.0
Long only,2023-05-31,DUK,0.0,0.0,0.0
Long only,2023-06-30,AAPL,0.0,0.2,0.2
Long only,2023-06-30,MSFT,0.0,0.2,0.0
Long only,2023-06-30,NVDA,0.0,0.2,0.2
Long only,2023-06-30,ORCL,0.0,0.0,0.2
Long only,2023-06-30,AMZN,0.0,0.0,0.0
Long only,2023-06-30,HD,0.2,0.0,0.0
Long only,2023-06-30,MCD,0.0,0.2,0.0
Long only,2023-06-30,WMT,0.0,0.0,0.2
Long only,2023-06-30,COST,0.0,0.0,0.0
Long only,2023-06-30,PG,0.0,0.0,0.0
Long only,2023-06-30,KO,0.0,0.0,0.0
Long only,2023-06-30,JNJ,0.0,0.0,0.0
Long only,2023-06-30,PFE,0.2,0.2,0.0
Long only,2023-06-30,MRK,0.0,0.0,0.2
Long only,2023-06-30,XOM,0.2,0.0,0.0
Long only,2023-06-30,CVX,0.2,0.0,0.0
Long only,2023-06-30,CAT,0.2,0.0,0.0
Long only,2023-06-30,HON,0.0,0.0,0.0
Long only,2023-06-30,NEE,0.0,0.0,0.0
Long only,2023-06-30,DUK,0.0,0.0,0.0
Long only,2023-07-31,AAPL,0.0,0.2,0.0
Long only,2023-07-31,MSFT,0.0,0.2,0.0
Long only,2023-07-31,NVDA,0.0,0.0,0.2
Long only,2023-07-31,ORCL,0.0,0.0,0.2
Long only,2023-07-31,AMZN,0.0,0.0,0.0
Long only,2023-07-31,HD,0.2,0.0,0.0
Long only,2023-07-31,MCD,0.0,0.2,0.2
Long only,2023-07-31,WMT,0.0,0.0,0.2
Long only,2023-07-31,COST,0.0,0.0,0.0
Long only,2023-07-31,PG,0.0,0.0,0.0
Long only,2023-07-31,KO,0.0,0.0,0.0
Long only,2023-07-31,JNJ,0.0,0.0,0.0
Long only,2023-07-31,PFE,0.2,0.2,0.0
Long only,2023-07-31,MRK,0.2,0.2,0.2
Long only,2023-07-31,XOM,0.2,0.0,0.0
Long only,2023-07-31,CVX,0.2,0.0,0.0
Long only,2023-07-31,CAT,0.0,0.0,0.0
Long only,2023-07-31,HON,0.0,0.0,0.0
Long only,2023-07-31,NEE,0.0,0.0,0.0
Long only,2023-07-31,DUK,0.0,0.0,0.0
Long only,2023-08-31,AAPL,0.0,0.2,0.0
Long only,2023-08-31,MSFT,0.0,0.2,0.0
Long only,2023-08-31,NVDA,0.0,0.0,0.2
Long only,2023-08-31,ORCL,0.0,0.0,0.2
Long only,2023-08-31,AMZN,0.0,0.0,0.0
Long only,2023-08-31,HD,0.2,0.0,0.0
Long only,2023-08-31,MCD,0.0,0.2,0.0
Long only,2023-08-31,WMT,0.0,0.0,0.2
Long only,2023-08-31,COST,0.0,0.0,0.0
Long only,2023-08-31,PG,0.0,0.0,0.0
Long only,2023-08-31,KO,0.0,0.0,0.0
Long only,2023-08-31,JNJ,0.0,0.0,0.0
Long only,2023-08-31,PFE,0.2,0.2,0.0
Long only,2023-08-31,MRK,0.2,0.2,0.2
Long only,2023-08-31,XOM,0.2,0.0,0.0
Long only,2023-08-31,CVX,0.2,0.0,0.0
Long only,2023-08-31,CAT,0.0,0.0,0.2
Long only,2023-08-31,HON,0.0,0.0,0.0
Long only,2023-08-31,NEE,0.0,0.0,0.0
Long only,2023-08-31,DUK,0.0,0.0,0.0
Long only,2023-09-30,AAPL,0.0,0.2,0.0
Long only,2023-09-30,MSFT,0.0,0.2,0.2
Long only,2023-09-30,NVDA,0.0,0.0,0.2
Long only,2023-09-30,ORCL,0.0,0.0,0.2
Long only,2023-09-30,AMZN,0.0,0.0,0.0
Long only,2023-09-30,HD,0.2,0.0,0.0
Long only,2023-09-30,MCD,0.0,0.2,0.0
Long only,2023-09-30,WMT,0.0,0.0,0.2
Long only,2023-09-30,COST,0.0,0.0,0.0
Long only,2023-09-30,PG,0.0,0.0,0.0
Long only,2023-09-30,KO,0.0,0.0,0.0
Long only,2023-09-30,JNJ,0.0,0.0,0.0
Long only,2023-09-30,PFE,0.2,0.2,0.0
Long only,2023-09-30,MRK,0.2,0.2,0.0
Long only,2023-09-30,XOM,0.2,0.0,0.0
Long only,2023-09-30,CVX,0.2,0.0,0.0
Long only,2023-09-30,CAT,0.0,0.0,0.2
Long only,2023-09-30,HON,0.0,0.0,0.0
Long only,2023-09-30,NEE,0.0,0.0,0.0
Long only,2023-09-30,DUK,0.0,0.0,0.0
Long only,2023-10-31,AAPL,0.0,0.2,0.0
Long only,2023-10-31,MSFT,0.0,0.2,0.2
Long only,2023-10-31,NVDA,0.0,0.0,0.2
Long only,2023-10-31,ORCL,0.0,0.0,0.2
Long only,2023-10-31,AMZN,0.0,0.0,0.0
Long only,2023-10-31,HD,0.2,0.0,0.0
Long only,2023-10-31,MCD,0.0,0.2,0.0
Long only,2023-10-31,WMT,0.0,0.0,0.2
Long only,2023-10-31,COST,0.0,0.0,0.0
Long only,2023-10-31,PG,0.0,0.0,0.0
Long only,2023-10-31,KO,0.0,0.0,0.0
Long only,2023-10-31,JNJ,0.0,0.0,0.0
Long only,2023-10-31,PFE,0.2,0.2,0.0
Long only,2023-10-31,MRK,0.0,0.2,0.0
Long only,2023-10-31,XOM,0.2,0.0,0.0
Long only,2023-10-31,CVX,0.2,0.0,0.0
Long only,2023-10-31,CAT,0.2,0.0,0.2
Long only,2023-10-31,HON,0.0,0.0,0.0
Long only,2023-10-31,NEE,0.0,0.0,0.0
Long only,2023-10-31,DUK,0.0,0.0,0.0
Long only,2023-11-30,AAPL,0.0,0.2,0.2
Long only,2023-11-30,MSFT,0.0,0.2,0.2
Long only,2023-11-30,NVDA,0.0,0.0,0.2
Long only,2023-11-30,ORCL,0.0,0.0,0.2
Long only,2023-11-30,AMZN,0.0,0.0,0.2
Long only,2023-11-30,HD,0.2,0.0,0.0
Long only,2023-11-30,MCD,0.0,0.2,0.0
Long only,2023-11-30,WMT,0.0,0.0,0.0
Long only,2023-11-30,COST,0.0,0.0,0.0
Long only,2023-11-30,PG,0.0,0.0,0.0
Long only,2023-11-30,KO,0.0,0.0,0.0
Long only,2023-11-30,JNJ,0.0,0.0,0.0
Long only,2023-11-30,PFE,0.2,0.2,0.0
Long only,2023-11-30,MRK,0.2,0.2,0.0
Long only,2023-11-30,XOM,0.2,0.0,0.0
Long only,2023-11-30,CVX,0.2,0.0,0.0
Long only,2023-11-30,CAT,0.0,0.0,0.0
Long only,2023-11-30,HON,0.0,0.0,0.0
Long only,2023-11-30,NEE,0.0,0.0,0.0
Long only,2023-11-30,DUK,0.0,0.0,0.0
Long only,2023-12-31,AAPL,0.0,0.2,0.2
Long only,2023-12-31,MSFT,0.0,0.2,0.2
Long only,2023-12-31,NVDA,0.0,0.0,0.2
Long only,2023-12-31,ORCL,0.0,0.0,0.0
Long only,2023-12-31,AMZN,0.0,0.0,0.2
Long only,2023-12-31,HD,0.2,0.0,0.0
Long only,2023-12-31,MCD,0.0,0.2,0.0
Long only,2023-12-31,WMT,0.0,0.0,0.0
Long only,2023-12-31,COST,0.0,0.0,0.2
Long only,2023-12-31,PG,0.0,0.0,0.0
Long only,2023-12-31,KO,0.0,0.0,0.0
Long only,2023-12-31,JNJ,0.0,0.0,0.0
Long only,2023-12-31,PFE,0.2,0.2,0.0
Long only,2023-12-31,MRK,0.2,0.2,0.0
Long only,2023-12-31,XOM,0.2,0.0,0.0
Long only,2023-12-31,CVX,0.2,0.0,0.0
Long only,2023-12-31,CAT,0.0,0.0,0.0
Long only,2023-12-31,HON,0.0,0.0,0.0
Long only,2023-12-31,NEE,0.0,0.0,0.0
Long only,2023-12-31,DUK,0.0,0.0,0.0
Long only,2024-01-31,AAPL,0.0,0.2,0.2
Long only,2024-01-31,MSFT,0.0,0.2,0.2
Long only,2024-01-31,NVDA,0.0,0.0,0.2
Long only,2024-01-31,ORCL,0.0,0.0,0.0
Long only,2024-01-31,AMZN,0.0,0.0,0.2
Long only,2024-01-31,HD,0.2,0.0,0.0
Long only,2024-01-31,MCD,0.0,0.2,0.0
Long only,2024-01-31,WMT,0.0,0.0,0.0
Long only,2024-01-31,COST,0.0,0.0,0.2
Long only,2024-01-31,PG,0.0,0.0,0.0
Long only,2024-01-31,KO,0.0,0.0,0.0
Long only,2024-01-31,JNJ,0.0,0.0,0.0
Long only,2024-01-31,PFE,0.2,0.2,0.0
Long only,2024-01-31,MRK,0.2,0.2,0.0
Long only,2024-01-31,XOM,0.2,0.0,0.0
Long only,2024-01-31,CVX,0.2,0.0,0.0
Long only,2024-01-31,CAT,0.0,0.0,0.0
Long only,2024-01-31,HON,0.0,0.0,0.0
Long only,2024-01-31,NEE,0.0,0.0,0.0
Long only,2024-01-31,DUK,0.0,0.0,0.0
Long only,2024-02-29,AAPL,0.0,0.2,0.2
Long only,2024-02-29,MSFT,0.0,0.2,0.2
Long only,2024-02-29,NVDA,0.0,0.0,0.2
Long only,2024-02-29,ORCL,0.0,0.0,0.0
Long only,2024-02-29,AMZN,0.0,0.0,0.2
Long only,2024-02-29,HD,0.2,0.0,0.0
Long only,2024-02-29,MCD,0.0,0.2,0.0
Long only,2024-02-29,WMT,0.0,0.0,0.0
Long only,2024-02-29,COST,0.0,0.0,0.2
Long only,2024-02-29,PG,0.0,0.0,0.0
Long only,2024-02-29,KO,0.0,0.0,0.0
Long only,2024-02-29,JNJ,0.0,0.0,0.0
Long only,2024-02-29,PFE,0.2,0.2,0.0
Long only,2024-02-29,MRK,0.2,0.2,0.0
Long only,2024-02-29,XOM,0.2,0.0,0.0
Long only,2024-02-29,CVX,0.2,0.0,0.0
Long only,2024-02-29,CAT,0.0,0.0,0.0
Long only,2024-02-29,HON,0.0,0.0,0.0
Long only,2024-02-29,NEE,0.0,0.0,0.0
Long only,2024-02-29,DUK,0.0,0.0,0.0
Long only,2024-03-31,AAPL,0.0,0.2,0.0
Long only,2024-03-31,MSFT,0.0,0.2,0.2
Long only,2024-03-31,NVDA,0.0,0.0,0.2
Long only,2024-03-31,ORCL,0.0,0.0,0.0
Long only,2024-03-31,AMZN,0.0,0.0,0.2
Long only,2024-03-31,HD,0.2,0.0,0.0
Long only,2024-03-31,MCD,0.0,0.2,0.0
Long only,2024-03-31,WMT,0.0,0.0,0.0
Long only,2024-03-31,COST,0.0,0.0,0.2
Long only,2024-03-31,PG,0.0,0.0,0.0
Long only,2024-03-31,KO,0.0,0.0,0.0
Long only,2024-03-31,JNJ,0.0,0.0,0.0
Long only,2024-03-31,PFE,0.2,0.2,0.0
Long only,2024-03-31,MRK,0.2,0.2,0.0
Long only,2024-03-31,XOM,0.2,0.0,0.0
Long only,2024-03-31,CVX,0.2,0.0,0.0
Long only,2024-03-31,CAT,0.0,0.0,0.2
Long only,2024-03-31,HON,0.0,0.0,0.0
Long only,2024-03-31,NEE,0.0,0.0,0.0
Long only,2024-03-31,DUK,0.0,0.0,0.0
Long only,2024-04-30,AAPL,0.0,0.2,0.0
Long only,2024-04-30,MSFT,0.0,0.2,0.2
Long only,2024-04-30,NVDA,0.0,0.0,0.2
Long only,2024-04-30,ORCL,0.0,0.0,0.0
Long only,2024-04-30,AMZN,0.0,0.0,0.2
Long only,2024-04-30,HD,0.2,0.0,0.0
Long only,2024-04-30,MCD,0.0,0.2,0.0
Long only,2024-04-30,WMT,0.0,0.0,0.0
Long only,2024-04-30,COST,0.0,0.0,0.2
Long only,2024-04-30,PG,0.0,0.0,0.0
Long only,2024-04-30,KO,0.0,0.0,0.0
Long only,2024-04-30,JNJ,0.2,0.0,0.0
Long only,2024-04-30,PFE,0.2,0.2,0.0
Long only,2024-04-30,MRK,0.0,0.2,0.0
Long only,2024-04-30,XOM,0.2,0.0,0.0
Long only,2024-04-30,CVX,0.2,0.0,0.0
Long only,2024-04-30,CAT,0.0,0.0,0.2
Long only,2024-04-30,HON,0.0,0.0,0.0
Long only,2024-04-30,NEE,0.0,0.0,0.0
Long only,2024-04-30,DUK,0.0,0.0,0.0
Long only,2024-05-31,AAPL,0.0,0.2,0.0
Long only,2024-05-31,MSFT,0.0,0.2,0.0
Long only,2024-05-31,NVDA,0.0,0.0,0.2
Long only,2024-05-31,ORCL,0.0,0.0,0.0
Long only,2024-05-31,AMZN,0.0,0.0,0.2
Long only,2024-05-31,HD,0.2,0.0,0.0
Long only,2024-05-31,MCD,0.0,0.2,0.0
Long only,2024-05-31,WMT,0.0,0.0,0.2
Long only,2024-05-31,COST,0.0,0.0,0.2
Long only,2024-05-31,PG,0.0,0.0,0.0
Long only,2024-05-31,KO,0.0,0.0,0.0
Long only,2024-05-31,JNJ,0.2,0.0,0.0
Long only,2024-05-31,PFE,0.2,0.2,0.0
Long only,2024-05-31,MRK,0.0,0.2,0.0
Long only,2024-05-31,XOM,0.2,0.0,0.0
Long only,2024-05-31,CVX,0.2,0.0,0.0
Long only,2024-05-31,CAT,0.0,0.0,0.2
Long only,2024-05-31,HON,0.0,0.0,0.0
Long only,2024-05-31,NEE,0.0,0.0,0.0
Long only,2024-05-31,DUK,0.0,0.0,0.0
Long only,2024-06-30,AAPL,0.0,0.2,0.0
Long only,2024-06-30,MSFT,0.0,0.2,0.0
Long only,2024-06-30,NVDA,0.0,0.0,0.2
Long only,2024-06-30,ORCL,0.0,0.0,0.0
Long only,2024-06-30,AMZN,0.0,0.0,0.2
Long only,2024-06-30,HD,0.0,0.0,0.0
Long only,2024-06-30,MCD,0.0,0.2,0.0
Long only,2024-06-30,WMT,0.0,0.0,0.2
Long only,2024-06-30,COST,0.0,0.0,0.2
Long only,2024-06-30,PG,0.0,0.0,0.0
Long only,2024-06-30,KO,0.0,0.0,0.0
Long only,2024-06-30,JNJ,0.2,0.2,0.0
Long only,2024-06-30,PFE,0.0,0.0,0.0
Long only,2024-06-30,MRK,0.0,0.0,0.0
Long only,2024-06-30,XOM,0.2,0.0,0.0
Long only,2024-06-30,CVX,0.2,0.0,0.0
Long only,2024-06-30,CAT,0.2,0.0,0.2
Long only,2024-06-30,HON,0.0,0.0,0.0
Long only,2024-06-30,NEE,0.0,0.2,0.0
Long only,2024-06-30,DUK,0.2,0.0,0.0
Long only,2024-07-31,AAPL,0.0,0.0,0.0
Long only,2024-07-31,MSFT,0.0,0.2,0.2
Long only,2024-07-31,NVDA,0.0,0.2,0.2
Long only,2024-07-31,ORCL,0.0,0.0,0.0
Long only,2024-07-31,AMZN,0.0,0.0,0.2
Long only,2024-07-31,HD,0.0,0.0,0.0
Long only,2024-07-31,MCD,0.0,0.2,0.0
Long only,2024-07-31,WMT,0.0,0.0,0.2
Long only,2024-07-31,COST,0.0,0.0,0.2
Long only,2024-07-31,PG,0.0,0.0,0.0
Long only,2024-07-31,KO,0.0,0.0,0.0
Long only,2024-07-31,JNJ,0.2,0.2,0.0
Long only,2024-07-31,PFE,0.0,0.0,0.0
Long only,2024-07-31,MRK,0.0,0.0,0.0
Long only,2024-07-31,XOM,0.2,0.0,0.0
Long only,2024-07-31,CVX,0.2,0.0,0.0
Long only,2024-07-31,CAT,0.2,0.0,0.0
Long only,2024-07-31,HON,0.0,0.0,0.0
Long only,2024-07-31,NEE,0.0,0.2,0.0
Long only,2024-07-31,DUK,0.2,0.0,0.0
Long only,2024-08-31,AAPL,0.0,0.0,0.0
Long only,2024-08-31,MSFT,0.0,0.2,0.2
Long only,2024-08-31,NVDA,0.0,0.2,0.2
Long only,2024-08-31,ORCL,0.0,0.0,0.0
Long only,2024-08-31,AMZN,0.0,0.0,0.0
Long only,2024-08-31,HD,0.0,0.0,0.0
Long only,2024-08-31,MCD,0.0,0.2,0.0
Long only,2024-08-31,WMT,0.0,0.0,0.2
Long only,2024-08-31,COST,0.0,0.0,0.2
Long only,2024-08-31,PG,0.0,0.0,0.0
Long only,2024-08-31,KO,0.0,0.0,0.0
Long only,2024-08-31,JNJ,0.2,0.2,0.0
Long only,2024-08-31,PFE,0.0,0.0,0.0
Long only,2024-08-31,MRK,0.0,0.0,0.0
Long only,2024-08-31,XOM,0.2,0.0,0.0
Long only,2024-08-31,CVX,0.2,0.0,0.0
Long only,2024-08-31,CAT,0.2,0.0,0.0
Long only,2024-08-31,HON,0.0,0.0,0.0
Long only,2024-08-31,NEE,0.0,0.2,0.0
Long only,2024-08-31,DUK,0.2,0.0,0.2
Long only,2024-09-30,AAPL,0.0,0.0,0.0
Long only,2024-09-30,MSFT,0.0,0.2,0.0
Long only,2024-09-30,NVDA,0.0,0.2,0.2
Long only,2024-09-30,ORCL,0.0,0.0,0.0
Long only,2024-09-30,AMZN,0.0,0.0,0.0
Long only,2024-09-30,HD,0.0,0.0,0.0
Long only,2024-09-30,MCD,0.0,0.2,0.0
Long only,2024-09-30,WMT,0.0,0.0,0.2
Long only,2024-09-30,COST,0.0,0.0,0.2
Long only,2024-09-30,PG,0.0,0.0,0.0
Long only,2024-09-30,KO,0.0,0.0,0.2
Long only,2024-09-30,JNJ,0.2,0.2,0.0
Long only,2024-09-30,PFE,0.0,0.0,0.0
Long only,2024-09-30,MRK,0.0,0.0,0.0
Long only,2024-09-30,XOM,0.2,0.0,0.0
Long only,2024-09-30,CVX,0.2,0.0,0.0
Long only,2024-09-30,CAT,0.2,0.0,0.0
Long only,2024-09-30,HON,0.0,0.0,0.0
Long only,2024-09-30,NEE,0.0,0.2,0.0
Long only,2024-09-30,DUK,0.2,0.0,0.2
Long only,2024-10-31,AAPL,0.0,0.0,0.0
Long only,2024-10-31,MSFT,0.0,0.2,0.0
Long only,2024-10-31,NVDA,0.0,0.2,0.2
Long only,2024-10-31,ORCL,0.0,0.0,0.0
Long only,2024-10-31,AMZN,0.0,0.0,0.0
Long only,2024-10-31,HD,0.0,0.0,0.0
Long only,2024-10-31,MCD,0.0,0.2,0.0
Long only,2024-10-31,WMT,0.0,0.0,0.2
Long only,2024-10-31,COST,0.0,0.0,0.2
Long only,2024-10-31,PG,0.0,0.0,0.0
Long only,2024-10-31,KO,0.0,0.0,0.2
Long only,2024-10-31,JNJ,0.2,0.2,0.0
Long only,2024-10-31,PFE,0.0,0.0,0.0
Long only,2024-10-31,MRK,0.0,0.0,0.0
Long only,2024-10-31,XOM,0.2,0.0,0.0
Long only,2024-10-31,CVX,0.2,0.0,0.0
Long only,2024-10-31,CAT,0.2,0.0,0.2
Long only,2024-10-31,HON,0.0,0.0,0.0
Long only,2024-10-31,NEE,0.0,0.2,0.0
Long only,2024-10-31,DUK,0.2,0.0,0.0
Long only,2024-11-30,AAPL,0.0,0.0,0.0
Long only,2024-11-30,MSFT,0.0,0.2,0.0
Long only,2024-11-30,NVDA,0.0,0.2,0.2
Long only,2024-11-30,ORCL,0.0,0.0,0.2
Long only,2024-11-30,AMZN,0.0,0.0,0.0
Long only,2024-11-30,HD,0.0,0.0,0.0
Long only,2024-11-30,MCD,0.0,0.2,0.0
Long only,2024-11-30,WMT,0.0,0.0,0.2
Long only,2024-11-30,COST,0.0,0.0,0.2
Long only,2024-11-30,PG,0.0,0.0,0.0
Long only,2024-11-30,KO,0.0,0.0,0.0
Long only,2024-11-30,JNJ,0.2,0.2,0.0
Long only,2024-11-30,PFE,0.0,0.0,0.0
Long only,2024-11-30,MRK,0.0,0.0,0.0
Long only,2024-11-30,XOM,0.2,0.0,0.0
Long only,2024-11-30,CVX,0.2,0.0,0.0
Long only,2024-11-30,CAT,0.2,0.0,0.2
Long only,2024-11-30,HON,0.0,0.0,0.0
Long only,2024-11-30,NEE,0.0,0.2,0.0
Long only,2024-11-30,DUK,0.2,0.0,0.0
Long only,2024-12-31,AAPL,0.0,0.0,0.0
Long only,2024-12-31,MSFT,0.0,0.2,0.0
Long only,2024-12-31,NVDA,0.0,0.2,0.2
Long only,2024-12-31,ORCL,0.0,0.0,0.2
Long only,2024-12-31,AMZN,0.0,0.0,0.0
Long only,2024-12-31,HD,0.0,0.0,0.0
Long only,2024-12-31,MCD,0.0,0.2,0.0
Long only,2024-12-31,WMT,0.0,0.0,0.2
Long only,2024-12-31,COST,0.0,0.0,0.2
Long only,2024-12-31,PG,0.0,0.0,0.2
Long only,2024-12-31,KO,0.0,0.0,0.0
Long only,2024-12-31,JNJ,0.2,0.2,0.0
Long only,2024-12-31,PFE,0.0,0.0,0.0
Long only,2024-12-31,MRK,0.0,0.0,0.0
Long only,2024-12-31,XOM,0.2,0.0,0.0
Long only,2024-12-31,CVX,0.2,0.0,0.0
Long only,2024-12-31,CAT,0.2,0.0,0.0
Long only,2024-12-31,HON,0.0,0.0,0.0
Long only,2024-12-31,NEE,0.0,0.2,0.0
Long only,2024-12-31,DUK,0.2,0.0,0.0
Long only,2025-01-31,AAPL,0.0,0.0,0.2
Long only,2025-01-31,MSFT,0.0,0.2,0.0
Long only,2025-01-31,NVDA,0.0,0.2,0.2
Long only,2025-01-31,ORCL,0.0,0.0,0.0
Long only,2025-01-31,AMZN,0.0,0.0,0.2
Long only,2025-01-31,HD,0.0,0.0,0.0
Long only,2025-01-31,MCD,0.0,0.2,0.0
Long only,2025-01-31,WMT,0.0,0.0,0.2
Long only,2025-01-31,COST,0.0,0.0,0.2
Long only,2025-01-31,PG,0.0,0.0,0.0
Long only,2025-01-31,KO,0.0,0.0,0.0
Long only,2025-01-31,JNJ,0.2,0.2,0.0
Long only,2025-01-31,PFE,0.0,0.0,0.0
Long only,2025-01-31,MRK,0.0,0.0,0.0
Long only,2025-01-31,XOM,0.2,0.0,0.0
Long only,2025-01-31,CVX,0.2,0.0,0.0
Long only,2025-01-31,CAT,0.2,0.0,0.0
Long only,2025-01-31,HON,0.0,0.0,0.0
Long only,2025-01-31,NEE,0.0,0.2,0.0
Long only,2025-01-31,DUK,0.2,0.0,0.0
Long only,2025-02-28,AAPL,0.0,0.0,0.0
Long only,2025-02-28,MSFT,0.0,0.2,0.0
Long only,2025-02-28,NVDA,0.0,0.2,0.0
Long only,2025-02-28,ORCL,0.0,0.0,0.2
Long only,2025-02-28,AMZN,0.0,0.0,0.2
Long only,2025-02-28,HD,0.0,0.0,0.0
Long only,2025-02-28,MCD,0.0,0.2,0.0
Long only,2025-02-28,WMT,0.0,0.0,0.2
Long only,2025-02-28,COST,0.0,0.0,0.2
Long only,2025-02-28,PG,0.0,0.0,0.0
Long only,2025-02-28,KO,0.0,0.0,0.0
Long only,2025-02-28,JNJ,0.2,0.2,0.0
Long only,2025-02-28,PFE,0.0,0.0,0.0
Long only,2025-02-28,MRK,0.0,0.0,0.0
Long only,2025-02-28,XOM,0.2,0.0,0.0
Long only,2025-02-28,CVX,0.2,0.0,0.0
Long only,2025-02-28,CAT,0.2,0.0,0.0
Long only,2025-02-28,HON,0.0,0.0,0.0
Long only,2025-02-28,NEE,0.2,0.2,0.0
Long only,2025-02-28,DUK,0.0,0.0,0.2
Long only,2025-03-31,AAPL,0.0,0.0,0.2
Long only,2025-03-31,MSFT,0.0,0.2,0.0
Long only,2025-03-31,NVDA,0.0,0.2,0.0
Long only,2025-03-31,ORCL,0.0,0.0,0.0
Long only,2025-03-31,AMZN,0.0,0.0,0.0
Long only,2025-03-31,HD,0.0,0.0,0.0
Long only,2025-03-31,MCD,0.0,0.2,0.0
Long only,2025-03-31,WMT,0.0,0.0,0.2
Long only,2025-03-31,COST,0.0,0.0,0.2
Long only,2025-03-31,PG,0.0,0.0,0.0
Long only,2025-03-31,KO,0.0,0.0,0.2
Long only,2025-03-31,JNJ,0.2,0.2,0.0
Long only,2025-03-31,PFE,0.0,0.0,0.0
Long only,2025-03-31,MRK,0.0,0.0,0.0
Long only,2025-03-31,XOM,0.2,0.0,0.0
Long only,2025-03-31,CVX,0.2,0.0,0.0
Long only,2025-03-31,CAT,0.2,0.0,0.0
Long only,2025-03-31,HON,0.0,0.0,0.0
Long only,2025-03-31,NEE,0.2,0.2,0.0
Long only,2025-03-31,DUK,0.0,0.0,0.2
Long only,2025-04-30,AAPL,0.0,0.0,0.2
Long only,2025-04-30,MSFT,0.0,0.2,0.0
Long only,2025-04-30,NVDA,0.0,0.2,0.0
Long only,2025-04-30,ORCL,0.0,0.0,0.0
Long only,2025-04-30,AMZN,0.0,0.0,0.0
Long only,2025-04-30,HD,0.0,0.0,0.0
Long only,2025-04-30,MCD,0.0,0.2,0.0
Long only,2025-04-30,WMT,0.0,0.0,0.2
Long only,2025-04-30,COST,0.0,0.0,0.2
Long only,2025-04-30,PG,0.0,0.0,0.0
Long only,2025-04-30,KO,0.0,0.0,0.2
Long only,2025-04-30,JNJ,0.2,0.2,0.0
Long only,2025-04-30,PFE,0.0,0.0,0.0
Long only,2025-04-30,MRK,0.0,0.0,0.0
Long only,2025-04-30,XOM,0.2,0.0,0.0
Long only,2025-04-30,CVX,0.2,0.0,0.0
Long only,2025-04-30,CAT,0.2,0.0,0.0
Long only,2025-04-30,HON,0.0,0.0,0.0
Long only,2025-04-30,NEE,0.2,0.2,0.0
Long only,2025-04-30,DUK,0.0,0.0,0.2
Long only,2025-05-31,AAPL,0.0,0.0,0.0
Long only,2025-05-31,MSFT,0.0,0.2,0.0
Long only,2025-05-31,NVDA,0.0,0.2,0.0
Long only,2025-05-31,ORCL,0.0,0.0,0.0
Long only,2025-05-31,AMZN,0.0,0.0,0.0
Long only,2025-05-31,HD,0.0,0.0,0.0
Long only,2025-05-31,MCD,0.0,0.2,0.2
Long only,2025-05-31,WMT,0.0,0.0,0.2
Long only,2025-05-31,COST,0.0,0.0,0.2
Long only,2025-05-31,PG,0.0,0.0,0.0
Long only,2025-05-31,KO,0.0,0.0,0.2
Long only,2025-05-31,JNJ,0.2,0.2,0.0
Long only,2025-05-31,PFE,0.0,0.0,0.0
Long only,2025-05-31,MRK,0.0,0.0,0.0
Long only,2025-05-31,XOM,0.2,0.0,0.0
Long only,2025-05-31,CVX,0.2,0.0,0.0
Long only,2025-05-31,CAT,0.2,0.0,0.0
Long only,2025-05-31,HON,0.0,0.0,0.0
Long only,2025-05-31,NEE,0.2,0.2,0.0
Long only,2025-05-31,DUK,0.0,0.0,0.2
Long only,2025-06-30,AAPL,0.0,0.0,0.0
Long only,2025-06-30,MSFT,0.0,0.2,0.0
Long only,2025-06-30,NVDA,0.0,0.2,0.0
Long only,2025-06-30,ORCL,0.0,0.0,0.0
Long only,2025-06-30,AMZN,0.0,0.0,0.0
Long only,2025-06-30,HD,0.0,0.0,0.0
Long only,2025-06-30,MCD,0.0,0.2,0.2
Long only,2025-06-30,WMT,0.0,0.0,0.2
Long only,2025-06-30,COST,0.0,0.0,0.2
Long only,2025-06-30,PG,0.0,0.0,0.0
Long only,2025-06-30,KO,0.0,0.0,0.2
Long only,2025-06-30,JNJ,0.0,0.0,0.0
Long only,2025-06-30,PFE,0.2,0.0,0.0
Long only,2025-06-30,MRK,0.2,0.2,0.0
Long only,2025-06-30,XOM,0.2,0.0,0.0
Long only,2025-06-30,CVX,0.2,0.0,0.0
Long only,2025-06-30,CAT,0.2,0.0,0.0
Long only,2025-06-30,HON,0.0,0.0,0.0
Long only,2025-06-30,NEE,0.0,0.2,0.0
Long only,2025-06-30,DUK,0.0,0.0,0.2
Long only,2025-07-31,AAPL,0.0,0.0,0.0
Long only,2025-07-31,MSFT,0.0,0.2,0.2
Long only,2025-07-31,NVDA,0.0,0.2,0.2
Long only,2025-07-31,ORCL,0.0,0.0,0.2
Long only,2025-07-31,AMZN,0.0,0.0,0.0
Long only,2025-07-31,HD,0.0,0.0,0.0
Long only,2025-07-31,MCD,0.0,0.2,0.0
Long only,2025-07-31,WMT,0.0,0.0,0.2
Long only,2025-07-31,COST,0.0,0.0,0.2
Long only,2025-07-31,PG,0.0,0.0,0.0
Long only,2025-07-31,KO,0.0,0.0,0.0
Long only,2025-07-31,JNJ,0.0,0.0,0.0
Long only,2025-07-31,PFE,0.2,0.0,0.0
Long only,2025-07-31,MRK,0.2,0.2,0.0
Long only,2025-07-31,XOM,0.2,0.0,0.0
Long only,2025-07-31,CVX,0.2,0.0,0.0
Long only,2025-07-31,CAT,0.2,0.0,0.0
Long only,2025-07-31,HON,0.0,0.0,0.0
Long only,2025-07-31,NEE,0.0,0.2,0.0
Long only,2025-07-31,DUK,0.0,0.0,0.0
Long only,2025-08-31,AAPL,0.0,0.0,0.0
Long only,2025-08-31,MSFT,0.0,0.2,0.2
Long only,2025-08-31,NVDA,0.0,0.2,0.2
Long only,2025-08-31,ORCL,0.0,0.0,0.2
Long only,2025-08-31,AMZN,0.0,0.0,0.0
Long only,2025-08-31,HD,0.0,0.0,0.0
Long only,2025-08-31,MCD,0.0,0.2,0.0
Long only,2025-08-31,WMT,0.0,0.0,0.2
Long only,2025-08-31,COST,0.0,0.0,0.0
Long only,2025-08-31,PG,0.0,0.0,0.0
Long only,2025-08-31,KO,0.0,0.0,0.0
Long only,2025-08-31,JNJ,0.0,0.0,0.0
Long only,2025-08-31,PFE,0.2,0.0,0.0
Long only,2025-08-31,MRK,0.2,0.2,0.0
Long only,2025-08-31,XOM,0.2,0.0,0.0
Long only,2025-08-31,CVX,0.2,0.0,0.0
Long only,2025-08-31,CAT,0.2,0.0,0.2
Long only,2025-08-31,HON,0.0,0.0,0.0
Long only,2025-08-31,NEE,0.0,0.2,0.0
Long only,2025-08-31,DUK,0.0,0.0,0.0
Long only,2025-09-30,AAPL,0.0,0.0,0.0
Long only,2025-09-30,MSFT,0.0,0.2,0.2
Long only,2025-09-30,NVDA,0.0,0.2,0.2
Long only,2025-09-30,ORCL,0.0,0.0,0.2
Long only,2025-09-30,AMZN,0.0,0.0,0.2
Long only,2025-09-30,HD,0.0,0.0,0.0
Long only,2025-09-30,MCD,0.0,0.2,0.0
Long only,2025-09-30,WMT,0.0,0.0,0.2
Long only,2025-09-30,COST,0.0,0.0,0.0
Long only,2025-09-30,PG,0.0,0.0,0.0
Long only,2025-09-30,KO,0.0,0.0,0.0
Long only,2025-09-30,JNJ,0.0,0.0,0.0
Long only,2025-09-30,PFE,0.2,0.0,0.0
Long only,2025-09-30,MRK,0.2,0.2,0.0
Long only,2025-09-30,XOM,0.2,0.0,0.0
Long only,2025-09-30,CVX,0.2,0.0,0.0
Long only,2025-09-30,CAT,0.0,0.0,0.0
Long only,2025-09-30,HON,0.0,0.0,0.0
Long only,2025-09-30,NEE,0.0,0.2,0.0
Long only,2025-09-30,DUK,0.2,0.0,0.0
Long only,2025-10-31,AAPL,0.0,0.0,0.0
Long only,2025-10-31,MSFT,0.0,0.2,0.2
Long only,2025-10-31,NVDA,0.0,0.2,0.2
Long only,2025-10-31,ORCL,0.0,0.0,0.2
Long only,2025-10-31,AMZN,0.0,0.0,0.0
Long only,2025-10-31,HD,0.0,0.0,0.0
Long only,2025-10-31,MCD,0.0,0.2,0.0
Long only,2025-10-31,WMT,0.0,0.0,0.2
Long only,2025-10-31,COST,0.0,0.0,0.0
Long only,2025-10-31,PG,0.0,0.0,0.0
Long only,2025-10-31,KO,0.0,0.0,0.0
Long only,2025-10-31,JNJ,0.0,0.0,0.2
Long only,2025-10-31,PFE,0.2,0.0,0.0
Long only,2025-10-31,MRK,0.2,0.2,0.0
Long only,2025-10-31,XOM,0.2,0.0,0.0
Long only,2025-10-31,CVX,0.2,0.0,0.0
Long only,2025-10-31,CAT,0.0,0.0,0.0
Long only,2025-10-31,HON,0.0,0.0,0.0
Long only,2025-10-31,NEE,0.0,0.2,0.0
Long only,2025-10-31,DUK,0.2,0.0,0.0
Long only,2025-11-30,AAPL,0.0,0.0,0.0
Long only,2025-11-30,MSFT,0.0,0.2,0.2
Long only,2025-11-30,NVDA,0.0,0.2,0.2
Long only,2025-11-30,ORCL,0.0,0.0,0.2
Long only,2025-11-30,AMZN,0.0,0.0,0.0
Long only,2025-11-30,HD,0.0,0.0,0.0
Long only,2025-11-30,MCD,0.0,0.2,0.0
Long only,2025-11-30,WMT,0.0,0.0,0.0
Long only,2025-11-30,COST,0.0,0.0,0.0
Long only,2025-11-30,PG,0.0,0.0,0.0
Long only,2025-11-30,KO,0.0,0.0,0.0
Long only,2025-11-30,JNJ,0.0,0.0,0.2
Long only,2025-11-30,PFE,0.2,0.0,0.0
Long only,2025-11-30,MRK,0.2,0.2,0.0
Long only,2025-11-30,XOM,0.2,0.0,0.0
Long only,2025-11-30,CVX,0.2,0.0,0.0
Long only,2025-11-30,CAT,0.0,0.0,0.2
Long only,2025-11-30,HON,0.0,0.0,0.0
Long only,2025-11-30,NEE,0.0,0.2,0.0
Long only,2025-11-30,DUK,0.2,0.0,0.0
Long only,2025-12-31,AAPL,0.0,0.0,0.0
Long only,2025-12-31,MSFT,0.0,0.2,0.0
Long only,2025-12-31,NVDA,0.0,0.2,0.0
Long only,2025-12-31,ORCL,0.0,0.0,0.0
Long only,2025-12-31,AMZN,0.0,0.0,0.0
Long only,2025-12-31,HD,0.0,0.0,0.0
Long only,2025-12-31,MCD,0.0,0.2,0.0
Long only,2025-12-31,WMT,0.0,0.0,0.2
Long only,2025-12-31,COST,0.0,0.0,0.0
Long only,2025-12-31,PG,0.0,0.0,0.0
Long only,2025-12-31,KO,0.0,0.0,0.2
Long only,2025-12-31,JNJ,0.0,0.0,0.2
Long only,2025-12-31,PFE,0.2,0.0,0.0
Long only,2025-12-31,MRK,0.2,0.2,0.0
Long only,2025-12-31,XOM,0.2,0.0,0.0
Long only,2025-12-31,CVX,0.2,0.0,0.0
Long only,2025-12-31,CAT,0.0,0.0,0.2
Long only,2025-12-31,HON,0.0,0.0,0.0
Long only,2025-12-31,NEE,0.0,0.2,0.0
Long only,2025-12-31,DUK,0.2,0.0,0.2
Long only,2026-01-31,AAPL,0.0,0.0,0.0
Long only,2026-01-31,MSFT,0.0,0.2,0.2
Long only,2026-01-31,NVDA,0.0,0.2,0.2
Long only,2026-01-31,ORCL,0.0,0.0,0.0
Long only,2026-01-31,AMZN,0.0,0.0,0.0
Long only,2026-01-31,HD,0.0,0.0,0.0
Long only,2026-01-31,MCD,0.0,0.2,0.0
Long only,2026-01-31,WMT,0.0,0.0,0.0
Long only,2026-01-31,COST,0.0,0.0,0.0
Long only,2026-01-31,PG,0.0,0.0,0.0
Long only,2026-01-31,KO,0.0,0.0,0.2
Long only,2026-01-31,JNJ,0.0,0.0,0.2
Long only,2026-01-31,PFE,0.2,0.0,0.0
Long only,2026-01-31,MRK,0.2,0.2,0.0
Long only,2026-01-31,XOM,0.2,0.0,0.0
Long only,2026-01-31,CVX,0.2,0.0,0.0
Long only,2026-01-31,CAT,0.0,0.0,0.2
Long only,2026-01-31,HON,0.0,0.0,0.0
Long only,2026-01-31,NEE,0.0,0.2,0.0
Long only,2026-01-31,DUK,0.2,0.0,0.0
Long-short,2016-10-31,AAPL,0.1,0.1,-0.1
Long-short,2016-10-31,MSFT,-0.1,0.0,0.0
Long-short,2016-10-31,NVDA,-0.1,0.0,0.1
Long-short,2016-10-31,ORCL,0.1,0.1,-0.1
Long-short,2016-10-31,AMZN,-0.1,-0.1,0.1
Long-short,2016-10-31,HD,0.0,0.0,0.0
Long-short,2016-10-31,MCD,0.0,0.1,0.0
Long-short,2016-10-31,WMT,0.1,-0.1,0.1
Long-short,2016-10-31,COST,0.0,-0.1,-0.1
Long-short,2016-10-31,PG,0.0,0.0,0.1
Long-short,2016-10-31,KO,0.0,0.1,-0.1
Long-short,2016-10-31,JNJ,0.0,0.1,0.0
Long-short,2016-10-31,PFE,0.0,0.0,-0.1
Long-short,2016-10-31,MRK,-0.1,0.0,0.0
Long-short,2016-10-31,XOM,0.0,0.0,0.0
Long-short,2016-10-31,CVX,-0.1,-0.1,0.0
Long-short,2016-10-31,CAT,0.0,-0.1,0.0
Long-short,2016-10-31,HON,0.1,0.0,0.0
Long-short,2016-10-31,NEE,0.0,0.0,0.1
Long-short,2016-10-31,DUK,0.1,0.0,0.0
Long-short,2016-11-30,AAPL,0.1,0.1,0.0
Long-short,2016-11-30,MSFT,-0.1,0.0,0.0
Long-short,2016-11-30,NVDA,-0.1,0.0,0.1
Long-short,2016-11-30,ORCL,0.1,0.1,-0.1
Long-short,2016-11-30,AMZN,-0.1,-0.1,0.0
Long-short,2016-11-30,HD,0.0,0.0,-0.1
Long-short,2016-11-30,MCD,0.0,0.1,0.0
Long-short,2016-11-30,WMT,0.1,-0.1,0.1
Long-short,2016-11-30,COST,0.0,-0.1,-0.1
Long-short,2016-11-30,PG,0.0,0.0,0.1
Long-short,2016-11-30,KO,0.0,0.1,-0.1
Long-short,2016-11-30,JNJ,0.0,0.1,0.0
Long-short,2016-11-30,PFE,0.0,0.0,-0.1
Long-short,2016-11-30,MRK,-0.1,0.0,0.0
Long-short,2016-11-30,XOM,0.0,0.0,0.0
Long-short,2016-11-30,CVX,-0.1,-0.1,0.0
Long-short,2016-11-30,CAT,0.0,-0.1,0.0
Long-short,2016-11-30,HON,0.1,0.0,0.0
Long-short,2016-11-30,NEE,0.0,0.0,0.1
Long-short,2016-11-30,DUK,0.1,0.0,0.1
Long-short,2016-12-31,AAPL,0.1,0.1,0.0
Long-short,2016-12-31,MSFT,0.0,0.1,0.0
Long-short,2016-12-31,NVDA,-0.1,0.0,0.1
Long-short,2016-12-31,ORCL,0.1,0.1,0.0
Long-short,2016-12-31,AMZN,-0.1,-0.1,0.0
Long-short,2016-12-31,HD,0.0,0.0,-0.1
Long-short,2016-12-31,MCD,0.0,0.1,-0.1
Long-short,2016-12-31,WMT,0.1,-0.1,0.1
Long-short,2016-12-31,COST,-0.1,-0.1,-0.1
Long-short,2016-12-31,PG,0.0,0.0,0.0
Long-short,2016-12-31,KO,0.0,0.0,-0.1
Long-short,2016-12-31,JNJ,0.0,0.1,0.0
Long-short,2016-12-31,PFE,0.0,0.0,-0.1
Long-short,2016-12-31,MRK,-0.1,0.0,0.1
Long-short,2016-12-31,XOM,0.0,0.0,0.0
Long-short,2016-12-31,CVX,-0.1,-0.1,0.1
Long-short,2016-12-31,CAT,0.0,-0.1,0.1
Long-short,2016-12-31,HON,0.1,0.0,0.0
Long-short,2016-12-31,NEE,0.0,0.0,0.0
Long-short,2016-12-31,DUK,0.1,0.0,0.0
Long-short,2017-01-31,AAPL,0.1,0.1,0.0
Long-short,2017-01-31,MSFT,0.0,0.1,0.0
Long-short,2017-01-31,NVDA,-0.1,0.0,0.1
Long-short,2017-01-31,ORCL,0.1,0.1,0.0
Long-short,2017-01-31,AMZN,-0.1,-0.1,0.1
Long-short,2017-01-31,HD,0.0,0.0,0.0
Long-short,2017-01-31,MCD,0.0,0.1,-0.1
Long-short,2017-01-31,WMT,0.1,-0.1,-0.1
Long-short,2017-01-31,COST,-0.1,-0.1,0.0
Long-short,2017-01-31,PG,0.0,0.0,-0.1
Long-short,2017-01-31,KO,0.0,0.0,-0.1
Long-short,2017-01-31,JNJ,0.0,0.1,0.0
Long-short,2017-01-31,PFE,0.0,0.0,0.0
Long-short,2017-01-31,MRK,-0.1,0.0,0.0
Long-short,2017-01-31,XOM,0.0,0.0,0.1
Long-short,2017-01-31,CVX,-0.1,-0.1,0.1
Long-short,2017-01-31,CAT,0.0,-0.1,0.1
Long-short,2017-01-31,HON,0.1,0.0,0.0
Long-short,2017-01-31,NEE,0.0,0.0,0.0
Long-short,2017-01-31,DUK,0.1,0.0,-0.1
Long-short,2017-02-28,AAPL,0.1,0.1,0.0
Long-short,2017-02-28,MSFT,0.0,0.1,0.1
Long-short,2017-02-28,NVDA,-0.1,0.0,0.1
Long-short,2017-02-28,ORCL,0.1,0.1,0.0
Long-short,2017-02-28,AMZN,-0.1,-0.1,0.1
Long-short,2017-02-28,HD,0.0,0.0,0.0
Long-short,2017-02-28,MCD,0.0,0.1,-0.1
Long-short,2017-02-28,WMT,0.1,-0.1,-0.1
Long-short,2017-02-28,COST,-0.1,-0.1,0.0
Long-short,2017-02-28,PG,0.0,0.0,0.0
Long-short,2017-02-28,KO,0.0,0.0,-0.1
Long-short,2017-02-28,JNJ,0.0,0.1,0.0
Long-short,2017-02-28,PFE,0.0,0.0,-0.1
Long-short,2017-02-28,MRK,-0.1,0.0,0.0
Long-short,2017-02-28,XOM,0.0,0.0,0.0
Long-short,2017-02-28,CVX,-0.1,-0.1,0.1
Long-short,2017-02-28,CAT,0.0,-0.1,0.1
Long-short,2017-02-28,HON,0.1,0.0,0.0
Long-short,2017-02-28,NEE,0.0,0.0,0.0
Long-short,2017-02-28,DUK,0.1,0.0,-0.1
Long-short,2017-03-31,AAPL,0.1,0.1,0.1
Long-short,2017-03-31,MSFT,0.0,0.1,0.0
Long-short,2017-03-31,NVDA,-0.1,0.0,0.1
Long-short,2017-03-31,ORCL,0.0,0.1,0.0
Long-short,2017-03-31,AMZN,-0.1,-0.1,0.1
Long-short,2017-03-31,HD,0.0,0.0,0.0
Long-short,2017-03-31,MCD,0.0,0.1,-0.1
Long-short,2017-03-31,WMT,0.1,-0.1,-0.1
Long-short,2017-03-31,COST,-0.1,-0.1,0.0
Long-short,2017-03-31,PG,0.0,0.0,0.0
Long-short,2017-03-31,KO,0.0,0.0,-0.1
Long-short,2017-03-31,JNJ,0.0,0.1,0.0
Long-short,2017-03-31,PFE,0.0,0.0,0.0
Long-short,2017-03-31,MRK,-0.1,0.0,0.1
Long-short,2017-03-31,XOM,0.1,0.0,-0.1
Long-short,2017-03-31,CVX,-0.1,-0.1,0.1
Long-short,2017-03-31,CAT,0.0,-0.1,0.0
Long-short,2017-03-31,HON,0.1,0.0,0.0
Long-short,2017-03-31,NEE,0.0,0.0,0.0
Long-short,2017-03-31,DUK,0.1,0.0,-0.1
Long-short,2017-04-30,AAPL,0.1,0.1,0.1
Long-short,2017-04-30,MSFT,0.0,0.1,0.1
Long-short,2017-04-30,NVDA,-0.1,0.0,0.1
Long-short,2017-04-30,ORCL,0.1,0.1,0.0
Long-short,2017-04-30,AMZN,-0.1,-0.1,0.1
Long-short,2017-04-30,HD,0.0,0.0,0.0
Long-short,2017-04-30,MCD,0.0,0.1,-0.1
Long-short,2017-04-30,WMT,0.1,-0.1,0.0
Long-short,2017-04-30,COST,-0.1,-0.1,0.0
Long-short,2017-04-30,PG,0.0,0.0,0.1
Long-short,2017-04-30,KO,0.0,0.0,-0.1
Long-short,2017-04-30,JNJ,0.0,0.1,0.0
Long-short,2017-04-30,PFE,0.0,0.0,-0.1
Long-short,2017-04-30,MRK,-0.1,0.0,0.0
Long-short,2017-04-30,XOM,0.1,0.0,-0.1
Long-short,2017-04-30,CVX,-0.1,-0.1,0.0
Long-short,2017-04-30,CAT,0.0,-0.1,0.0
Long-short,2017-04-30,HON,0.0,0.0,0.0
Long-short,2017-04-30,NEE,0.0,0.0,0.0
Long-short,2017-04-30,DUK,0.1,0.0,-0.1
Long-short,2017-05-31,AAPL,0.1,0.1,0.1
Long-short,2017-05-31,MSFT,0.0,0.1,0.1
Long-short,2017-05-31,NVDA,-0.1,0.0,0.1
Long-short,2017-05-31,ORCL,0.1,0.1,0.0
Long-short,2017-05-31,AMZN,-0.1,-0.1,0.1
Long-short,2017-05-31,HD,0.0,0.0,0.0
Long-short,2017-05-31,MCD,0.0,0.1,0.0
Long-short,2017-05-31,WMT,0.1,-0.1,-0.1
Long-short,2017-05-31,COST,-0.1,-0.1,0.0
Long-short,2017-05-31,PG,0.0,0.0,0.0
Long-short,2017-05-31,KO,0.0,0.0,-0.1
Long-short,2017-05-31,JNJ,0.0,0.1,0.0
Long-short,2017-05-31,PFE,0.0,0.0,-0.1
Long-short,2017-05-31,MRK,-0.1,0.0,0.0
Long-short,2017-05-31,XOM,0.1,0.0,-0.1
Long-short,2017-05-31,CVX,-0.1,-0.1,-0.1
Long-short,2017-05-31,CAT,0.0,-0.1,0.1
Long-short,2017-05-31,HON,0.0,0.0,0.0
Long-short,2017-05-31,NEE,0.0,0.0,0.0
Long-short,2017-05-31,DUK,0.1,0.0,0.0
Long-short,2017-06-30,AAPL,0.1,0.1,0.1
Long-short,2017-06-30,MSFT,0.0,0.1,0.1
Long-short,2017-06-30,NVDA,-0.1,0.0,0.1
Long-short,2017-06-30,ORCL,0.0,0.1,0.0
Long-short,2017-06-30,AMZN,-0.1,-0.1,0.1
Long-short,2017-06-30,HD,0.0,0.0,0.0
Long-short,2017-06-30,MCD,0.0,0.1,0.1
Long-short,2017-06-30,WMT,0.1,-0.1,0.0
Long-short,2017-06-30,COST,0.0,-0.1,0.0
Long-short,2017-06-30,PG,0.0,0.0,0.0
Long-short,2017-06-30,KO,0.0,0.0,-0.1
Long-short,2017-06-30,JNJ,0.1,0.1,0.0
Long-short,2017-06-30,PFE,0.0,0.0,-0.1
Long-short,2017-06-30,MRK,-0.1,0.0,0.0
Long-short,2017-06-30,XOM,0.0,0.0,-0.1
Long-short,2017-06-30,CVX,-0.1,-0.1,-0.1
Long-short,2017-06-30,CAT,-0.1,-0.1,0.0
Long-short,2017-06-30,HON,0.1,0.0,0.0
Long-short,2017-06-30,NEE,0.0,0.0,0.0
Long-short,2017-06-30,DUK,0.1,0.0,-0.1
Long-short,2017-07-31,AAPL,0.1,0.1,0.1
Long-short,2017-07-31,MSFT,0.0,0.1,0.1
Long-short,2017-07-31,NVDA,-0.1,0.1,0.1
Long-short,2017-07-31,ORCL,0.0,0.1,0.0
Long-short,2017-07-31,AMZN,-0.1,-0.1,0.1
Long-short,2017-07-31,HD,0.1,0.0,0.0
Long-short,2017-07-31,MCD,0.0,0.0,0.1
Long-short,2017-07-31,WMT,0.1,-0.1,0.0
Long-short,2017-07-31,COST,0.0,-0.1,-0.1
Long-short,2017-07-31,PG,0.0,0.0,0.0
Long-short,2017-07-31,KO,0.0,0.0,0.0
Long-short,2017-07-31,JNJ,0.1,0.1,0.0
Long-short,2017-07-31,PFE,0.0,0.0,-0.1
Long-short,2017-07-31,MRK,-0.1,0.0,0.0
Long-short,2017-07-31,XOM,0.0,0.0,-0.1
Long-short,2017-07-31,CVX,-0.1,-0.1,-0.1
Long-short,2017-07-31,CAT,-0.1,-0.1,0.0
Long-short,2017-07-31,HON,0.1,0.0,0.0
Long-short,2017-07-31,NEE,0.0,0.0,0.0
Long-short,2017-07-31,DUK,0.0,0.0,-0.1
Long-short,2017-08-31,AAPL,0.1,0.1,0.1
Long-short,2017-08-31,MSFT,0.0,0.1,0.1
Long-short,2017-08-31,NVDA,-0.1,0.1,0.1
Long-short,2017-08-31,ORCL,0.0,0.1,0.0
Long-short,2017-08-31,AMZN,-0.1,-0.1,0.1
Long-short,2017-08-31,HD,0.1,0.0,0.0
Long-short,2017-08-31,MCD,0.0,0.0,0.1
Long-short,2017-08-31,WMT,0.1,-0.1,0.0
Long-short,2017-08-31,COST,0.0,-0.1,-0.1
Long-short,2017-08-31,PG,0.0,0.0,-0.1
Long-short,2017-08-31,KO,0.0,0.0,0.0
Long-short,2017-08-31,JNJ,0.1,0.1,0.0
Long-short,2017-08-31,PFE,0.0,0.0,-0.1
Long-short,2017-08-31,MRK,-0.1,0.0,-0.1
Long-short,2017-08-31,XOM,0.0,0.0,-0.1
Long-short,2017-08-31,CVX,-0.1,-0.1,0.0
Long-short,2017-08-31,CAT,-0.1,-0.1,0.0
Long-short,2017-08-31,HON,0.1,0.0,0.0
Long-short,2017-08-31,NEE,0.0,0.0,0.0
Long-short,2017-08-31,DUK,0.0,0.0,0.0
Long-short,2017-09-30,AAPL,0.1,0.1,0.1
Long-short,2017-09-30,MSFT,0.0,0.1,0.1
Long-short,2017-09-30,NVDA,-0.1,0.1,0.1
Long-short,2017-09-30,ORCL,0.0,0.1,0.0
Long-short,2017-09-30,AMZN,-0.1,-0.1,0.0
Long-short,2017-09-30,HD,0.0,0.0,0.0
Long-short,2017-09-30,MCD,0.0,0.0,0.1
Long-short,2017-09-30,WMT,0.1,-0.1,0.0
Long-short,2017-09-30,COST,0.0,-0.1,-0.1
Long-short,2017-09-30,PG,0.0,0.0,-0.1
Long-short,2017-09-30,KO,0.0,0.0,0.0
Long-short,2017-09-30,JNJ,0.1,0.1,0.0
Long-short,2017-09-30,PFE,0.0,0.0,-0.1
Long-short,2017-09-30,MRK,-0.1,0.0,-0.1
Long-short,2017-09-30,XOM,0.0,0.0,-0.1
Long-short,2017-09-30,CVX,-0.1,-0.1,0.0
Long-short,2017-09-30,CAT,-0.1,-0.1,0.0
Long-short,2017-09-30,HON,0.1,0.0,0.0
Long-short,2017-09-30,NEE,0.0,0.0,0.1
Long-short,2017-09-30,DUK,0.1,0.0,0.0
Long-short,2017-10-31,AAPL,0.1,0.1,0.1
Long-short,2017-10-31,MSFT,0.0,0.1,0.0
Long-short,2017-10-31,NVDA,-0.1,0.1,0.1
Long-short,2017-10-31,ORCL,0.0,0.1,0.0
Long-short,2017-10-31,AMZN,-0.1,-0.1,0.0
Long-short,2017-10-31,HD,0.0,0.0,0.0
Long-short,2017-10-31,MCD,0.0,0.0,0.1
Long-short,2017-10-31,WMT,0.1,-0.1,0.0
Long-short,2017-10-31,COST,0.0,-0.1,-0.1
Long-short,2017-10-31,PG,0.1,0.0,-0.1
Long-short,2017-10-31,KO,0.0,0.0,0.0
Long-short,2017-10-31,JNJ,0.0,0.1,0.0
Long-short,2017-10-31,PFE,0.0,0.0,0.0
Long-short,2017-10-31,MRK,0.0,0.0,-0.1
Long-short,2017-10-31,XOM,-0.1,0.0,-0.1
Long-short,2017-10-31,CVX,-0.1,-0.1,0.0
Long-short,2017-10-31,CAT,-0.1,-0.1,0.1
Long-short,2017-10-31,HON,0.1,0.0,0.1
Long-short,2017-10-31,NEE,0.0,0.0,0.0
Long-short,2017-10-31,DUK,0.1,0.0,-0.1
Long-short,2017-11-30,AAPL,0.1,0.1,0.0
Long-short,2017-11-30,MSFT,0.0,0.1,0.1
Long-short,2017-11-30,NVDA,-0.1,0.1,0.1
Long-short,2017-11-30,ORCL,0.1,0.1,0.0
Long-short,2017-11-30,AMZN,-0.1,-0.1,0.0
Long-short,2017-11-30,HD,0.0,0.0,0.0
Long-short,2017-11-30,MCD,0.0,0.0,0.1
Long-short,2017-11-30,WMT,0.1,-0.1,0.0
Long-short,2017-11-30,COST,0.0,-0.1,-0.1
Long-short,2017-11-30,PG,0.0,0.0,-0.1
Long-short,2017-11-30,KO,0.0,0.0,0.0
Long-short,2017-11-30,JNJ,0.1,0.1,0.0
Long-short,2017-11-30,PFE,0.0,0.0,0.0
Long-short,2017-11-30,MRK,0.0,0.0,-0.1
Long-short,2017-11-30,XOM,-0.1,0.0,-0.1
Long-short,2017-11-30,CVX,-0.1,-0.1,-0.1
Long-short,2017-11-30,CAT,-0.1,-0.1,0.0
Long-short,2017-11-30,HON,0.0,0.0,0.1
Long-short,2017-11-30,NEE,0.0,0.0,0.1
Long-short,2017-11-30,DUK,0.1,0.0,0.0
Long-short,2017-12-31,AAPL,0.1,0.0,0.0
Long-short,2017-12-31,MSFT,0.0,0.1,0.0
Long-short,2017-12-31,NVDA,-0.1,0.1,0.0
Long-short,2017-12-31,ORCL,0.1,0.1,0.0
Long-short,2017-12-31,AMZN,-0.1,-0.1,0.1
Long-short,2017-12-31,HD,0.0,0.0,0.0
Long-short,2017-12-31,MCD,0.0,0.0,0.1
Long-short,2017-12-31,WMT,0.1,-0.1,0.0
Long-short,2017-12-31,COST,0.0,-0.1,-0.1
Long-short,2017-12-31,PG,0.1,0.1,-0.1
Long-short,2017-12-31,KO,0.0,0.0,0.0
Long-short,2017-12-31,JNJ,0.0,0.1,0.0
Long-short,2017-12-31,PFE,0.0,0.0,0.0
Long-short,2017-12-31,MRK,0.0,0.0,-0.1
Long-short,2017-12-31,XOM,-0.1,0.0,-0.1
Long-short,2017-12-31,CVX,-0.1,-0.1,-0.1
Long-short,2017-12-31,CAT,-0.1,-0.1,0.1
Long-short,2017-12-31,HON,0.0,0.0,0.1
Long-short,2017-12-31,NEE,0.0,0.0,0.1
Long-short,2017-12-31,DUK,0.1,0.0,0.0
Long-short,2018-01-31,AAPL,0.1,0.0,0.0
Long-short,2018-01-31,MSFT,0.0,0.1,0.0
Long-short,2018-01-31,NVDA,-0.1,0.1,0.0
Long-short,2018-01-31,ORCL,0.1,0.1,0.0
Long-short,2018-01-31,AMZN,-0.1,-0.1,0.0
Long-short,2018-01-31,HD,0.0,0.0,0.1
Long-short,2018-01-31,MCD,0.0,0.0,0.1
Long-short,2018-01-31,WMT,0.0,-0.1,0.1
Long-short,2018-01-31,COST,0.0,-0.1,-0.1
Long-short,2018-01-31,PG,0.1,0.1,-0.1
Long-short,2018-01-31,KO,0.0,0.0,0.0
Long-short,2018-01-31,JNJ,0.1,0.1,0.0
Long-short,2018-01-31,PFE,0.0,0.0,0.0
Long-short,2018-01-31,MRK,0.0,0.0,-0.1
Long-short,2018-01-31,XOM,-0.1,0.0,-0.1
Long-short,2018-01-31,CVX,-0.1,-0.1,-0.1
Long-short,2018-01-31,CAT,-0.1,-0.1,0.1
Long-short,2018-01-31,HON,0.0,0.0,0.1
Long-short,2018-01-31,NEE,0.0,0.0,0.0
Long-short,2018-01-31,DUK,0.1,0.0,0.0
Long-short,2018-02-28,AAPL,0.1,0.0,0.0
Long-short,2018-02-28,MSFT,0.0,0.1,0.1
Long-short,2018-02-28,NVDA,-0.1,0.1,0.1
Long-short,2018-02-28,ORCL,0.0,0.1,0.0
Long-short,2018-02-28,AMZN,-0.1,-0.1,0.1
Long-short,2018-02-28,HD,0.0,0.0,0.0
Long-short,2018-02-28,MCD,0.0,0.0,0.1
Long-short,2018-02-28,WMT,0.1,-0.1,0.0
Long-short,2018-02-28,COST,0.0,-0.1,-0.1
Long-short,2018-02-28,PG,0.1,0.1,-0.1
Long-short,2018-02-28,KO,0.0,0.0,0.0
Long-short,2018-02-28,JNJ,0.1,0.1,0.0
Long-short,2018-02-28,PFE,0.0,0.0,0.0
Long-short,2018-02-28,MRK,0.0,0.0,-0.1
Long-short,2018-02-28,XOM,-0.1,0.0,-0.1
Long-short,2018-02-28,CVX,-0.1,-0.1,0.0
Long-short,2018-02-28,CAT,-0.1,-0.1,0.1
Long-short,2018-02-28,HON,0.0,0.0,0.0
Long-short,2018-02-28,NEE,0.0,0.0,0.0
Long-short,2018-02-28,DUK,0.1,0.0,-0.1
Long-short,2018-03-31,AAPL,0.1,0.0,0.0
Long-short,2018-03-31,MSFT,0.0,0.1,0.1
Long-short,2018-03-31,NVDA,-0.1,0.1,0.1
Long-short,2018-03-31,ORCL,0.1,0.1,0.0
Long-short,2018-03-31,AMZN,-0.1,-0.1,0.1
Long-short,2018-03-31,HD,0.0,0.0,0.0
Long-short,2018-03-31,MCD,0.0,0.0,0.0
Long-short,2018-03-31,WMT,0.1,-0.1,0.0
Long-short,2018-03-31,COST,0.0,-0.1,0.0
Long-short,2018-03-31,PG,0.1,0.1,-0.1
Long-short,2018-03-31,KO,0.0,0.0,0.0
Long-short,2018-03-31,JNJ,0.0,0.1,-0.1
Long-short,2018-03-31,PFE,0.0,0.0,0.0
Long-short,2018-03-31,MRK,0.0,0.0,-0.1
Long-short,2018-03-31,XOM,-0.1,0.0,-0.1
Long-short,2018-03-31,CVX,-0.1,-0.1,0.0
Long-short,2018-03-31,CAT,-0.1,-0.1,0.1
Long-short,2018-03-31,HON,0.0,0.0,0.0
Long-short,2018-03-31,NEE,0.0,0.0,0.1
Long-short,2018-03-31,DUK,0.1,0.0,-0.1
Long-short,2018-04-30,AAPL,0.1,0.0,0.0
Long-short,2018-04-30,MSFT,0.0,0.1,0.1
Long-short,2018-04-30,NVDA,-0.1,0.1,0.1
Long-short,2018-04-30,ORCL,0.1,0.1,0.0
Long-short,2018-04-30,AMZN,-0.1,-0.1,0.1
Long-short,2018-04-30,HD,0.0,0.0,0.0
Long-short,2018-04-30,MCD,0.0,0.0,0.0
Long-short,2018-04-30,WMT,0.1,-0.1,0.0
Long-short,2018-04-30,COST,0.0,-0.1,0.0
Long-short,2018-04-30,PG,0.1,0.1,-0.1
Long-short,2018-04-30,KO,0.0,0.0,-0.1
Long-short,2018-04-30,JNJ,0.0,0.1,0.0
Long-short,2018-04-30,PFE,0.0,0.0,0.0
Long-short,2018-04-30,MRK,0.0,0.0,-0.1
Long-short,2018-04-30,XOM,-0.1,0.0,-0.1
Long-short,2018-04-30,CVX,-0.1,-0.1,0.0
Long-short,2018-04-30,CAT,-0.1,-0.1,0.1
Long-short,2018-04-30,HON,0.0,0.0,0.0
Long-short,2018-04-30,NEE,0.0,0.0,0.1
Long-short,2018-04-30,DUK,0.1,0.0,-0.1
Long-short,2018-05-31,AAPL,0.1,0.0,0.0
Long-short,2018-05-31,MSFT,0.0,0.1,0.1
Long-short,2018-05-31,NVDA,-0.1,0.1,0.1
Long-short,2018-05-31,ORCL,0.0,0.1,0.0
Long-short,2018-05-31,AMZN,-0.1,-0.1,0.1
Long-short,2018-05-31,HD,0.0,0.0,0.0
Long-short,2018-05-31,MCD,0.0,0.0,0.0
Long-short,2018-05-31,WMT,0.1,-0.1,0.0
Long-short,2018-05-31,COST,0.0,-0.1,0.0
Long-short,2018-05-31,PG,0.1,0.1,-0.1
Long-short,2018-05-31,KO,0.0,0.0,-0.1
Long-short,2018-05-31,JNJ,0.1,0.1,0.0
Long-short,2018-05-31,PFE,0.0,0.0,0.0
Long-short,2018-05-31,MRK,0.0,0.0,-0.1
Long-short,2018-05-31,XOM,-0.1,0.0,-0.1
Long-short,2018-05-31,CVX,-0.1,-0.1,0.0
Long-short,2018-05-31,CAT,-0.1,-0.1,0.1
Long-short,2018-05-31,HON,0.0,0.0,0.0
Long-short,2018-05-31,NEE,0.0,0.0,0.1
Long-short,2018-05-31,DUK,0.1,0.0,-0.1
Long-short,2018-06-30,AAPL,0.0,0.0,0.0
Long-short,2018-06-30,MSFT,0.0,0.1,0.1
Long-short,2018-06-30,NVDA,-0.1,0.1,0.1
Long-short,2018-06-30,ORCL,0.0,0.1,0.0
Long-short,2018-06-30,AMZN,-0.1,-0.1,0.1
Long-short,2018-06-30,HD,0.0,0.0,0.0
Long-short,2018-06-30,MCD,0.0,0.0,0.0
Long-short,2018-06-30,WMT,0.0,-0.1,0.0
Long-short,2018-06-30,COST,0.0,-0.1,0.1
Long-short,2018-06-30,PG,0.1,0.0,-0.1
Long-short,2018-06-30,KO,-0.1,0.0,-0.1
Long-short,2018-06-30,JNJ,-0.1,-0.1,-0.1
Long-short,2018-06-30,PFE,0.1,0.1,0.0
Long-short,2018-06-30,MRK,0.0,0.0,-0.1
Long-short,2018-06-30,XOM,0.1,0.0,0.0
Long-short,2018-06-30,CVX,0.0,0.0,0.0
Long-short,2018-06-30,CAT,-0.1,-0.1,0.1
Long-short,2018-06-30,HON,0.0,0.0,0.0
Long-short,2018-06-30,NEE,0.1,0.1,0.0
Long-short,2018-06-30,DUK,0.1,0.0,-0.1
Long-short,2018-07-31,AAPL,0.0,0.0,0.0
Long-short,2018-07-31,MSFT,0.0,0.1,0.1
Long-short,2018-07-31,NVDA,0.0,0.1,0.1
Long-short,2018-07-31,ORCL,0.0,0.1,-0.1
Long-short,2018-07-31,AMZN,-0.1,-0.1,0.1
Long-short,2018-07-31,HD,0.0,0.0,0.1
Long-short,2018-07-31,MCD,0.0,0.0,0.0
Long-short,2018-07-31,WMT,0.0,-0.1,0.0
Long-short,2018-07-31,COST,0.0,-0.1,0.1
Long-short,2018-07-31,PG,0.1,0.0,-0.1
Long-short,2018-07-31,KO,-0.1,0.0,-0.1
Long-short,2018-07-31,JNJ,-0.1,-0.1,-0.1
Long-short,2018-07-31,PFE,0.1,0.1,0.0
Long-short,2018-07-31,MRK,0.0,0.0,0.0
Long-short,2018-07-31,XOM,0.1,0.0,0.0
Long-short,2018-07-31,CVX,0.0,0.0,0.0
Long-short,2018-07-31,CAT,-0.1,-0.1,0.0
Long-short,2018-07-31,HON,-0.1,0.0,0.0
Long-short,2018-07-31,NEE,0.1,0.1,0.0
Long-short,2018-07-31,DUK,0.1,0.0,-0.1
Long-short,2018-08-31,AAPL,0.0,0.0,0.0
Long-short,2018-08-31,MSFT,0.0,0.1,0.1
Long-short,2018-08-31,NVDA,0.0,0.1,0.1
Long-short,2018-08-31,ORCL,0.0,0.1,-0.1
Long-short,2018-08-31,AMZN,-0.1,-0.1,0.1
Long-short,2018-08-31,HD,0.0,0.0,0.1
Long-short,2018-08-31,MCD,0.0,0.0,-0.1
Long-short,2018-08-31,WMT,0.0,-0.1,0.0
Long-short,2018-08-31,COST,0.0,-0.1,0.1
Long-short,2018-08-31,PG,0.1,0.0,-0.1
Long-short,2018-08-31,KO,-0.1,0.0,0.0
Long-short,2018-08-31,JNJ,-0.1,-0.1,-0.1
Long-short,2018-08-31,PFE,0.1,0.1,0.0
Long-short,2018-08-31,MRK,0.0,0.0,0.0
Long-short,2018-08-31,XOM,0.1,0.0,0.0
Long-short,2018-08-31,CVX,0.0,0.0,0.0
Long-short,2018-08-31,CAT,-0.1,-0.1,0.0
Long-short,2018-08-31,HON,-0.1,0.0,0.0
Long-short,2018-08-31,NEE,0.1,0.1,0.0
Long-short,2018-08-31,DUK,0.1,0.0,-0.1
Long-short,2018-09-30,AAPL,0.0,0.0,0.1
Long-short,2018-09-30,MSFT,0.0,0.1,0.1
Long-short,2018-09-30,NVDA,0.0,0.1,0.1
Long-short,2018-09-30,ORCL,0.0,0.1,-0.1
Long-short,2018-09-30,AMZN,-0.1,-0.1,0.1
Long-short,2018-09-30,HD,0.0,0.0,0.0
Long-short,2018-09-30,MCD,0.0,0.0,0.0
Long-short,2018-09-30,WMT,0.0,-0.1,0.0
Long-short,2018-09-30,COST,0.0,-0.1,0.1
Long-short,2018-09-30,PG,0.1,0.0,-0.1
Long-short,2018-09-30,KO,-0.1,0.0,-0.1
Long-short,2018-09-30,JNJ,-0.1,-0.1,0.0
Long-short,2018-09-30,PFE,0.1,0.1,0.0
Long-short,2018-09-30,MRK,0.0,0.0,0.0
Long-short,2018-09-30,XOM,0.1,0.0,-0.1
Long-short,2018-09-30,CVX,0.0,0.0,0.0
Long-short,2018-09-30,CAT,-0.1,-0.1,0.0
Long-short,2018-09-30,HON,-0.1,0.0,0.0
Long-short,2018-09-30,NEE,0.1,0.1,0.0
Long-short,2018-09-30,DUK,0.1,0.0,-0.1
Long-short,2018-10-31,AAPL,0.0,0.0,0.1
Long-short,2018-10-31,MSFT,0.0,0.1,0.1
Long-short,2018-10-31,NVDA,0.0,0.1,0.0
Long-short,2018-10-31,ORCL,0.0,0.1,-0.1
Long-short,2018-10-31,AMZN,-0.1,-0.1,0.1
Long-short,2018-10-31,HD,0.0,0.0,0.0
Long-short,2018-10-31,MCD,0.0,0.0,0.0
Long-short,2018-10-31,WMT,0.0,-0.1,0.0
Long-short,2018-10-31,COST,0.0,-0.1,0.1
Long-short,2018-10-31,PG,0.1,0.0,-0.1
Long-short,2018-10-31,KO,-0.1,0.0,-0.1
Long-short,2018-10-31,JNJ,-0.1,-0.1,-0.1
Long-short,2018-10-31,PFE,0.1,0.1,0.1
Long-short,2018-10-31,MRK,-0.1,0.0,0.0
Long-short,2018-10-31,XOM,0.1,0.0,0.0
Long-short,2018-10-31,CVX,0.0,0.0,0.0
Long-short,2018-10-31,CAT,-0.1,-0.1,0.0
Long-short,2018-10-31,HON,0.0,0.0,0.0
Long-short,2018-10-31,NEE,0.1,0.1,0.0
Long-short,2018-10-31,DUK,0.1,0.0,-0.1
Long-short,2018-11-30,AAPL,0.1,0.0,0.0
Long-short,2018-11-30,MSFT,0.0,0.1,0.1
Long-short,2018-11-30,NVDA,0.0,0.1,0.0
Long-short,2018-11-30,ORCL,0.0,0.0,0.0
Long-short,2018-11-30,AMZN,-0.1,-0.1,0.1
Long-short,2018-11-30,HD,0.0,0.0,0.0
Long-short,2018-11-30,MCD,0.0,0.0,0.0
Long-short,2018-11-30,WMT,0.0,-0.1,0.0
Long-short,2018-11-30,COST,0.0,-0.1,0.1
Long-short,2018-11-30,PG,0.1,0.1,0.0
Long-short,2018-11-30,KO,-0.1,0.0,0.0
Long-short,2018-11-30,JNJ,-0.1,-0.1,0.0
Long-short,2018-11-30,PFE,0.1,0.1,0.1
Long-short,2018-11-30,MRK,-0.1,0.0,0.1
Long-short,2018-11-30,XOM,0.1,0.0,-0.1
Long-short,2018-11-30,CVX,0.0,0.0,-0.1
Long-short,2018-11-30,CAT,-0.1,-0.1,-0.1
Long-short,2018-11-30,HON,0.0,0.0,-0.1
Long-short,2018-11-30,NEE,0.1,0.1,0.0
Long-short,2018-11-30,DUK,0.0,0.0,-0.1
Long-short,2018-12-31,AAPL,0.1,0.1,0.0
Long-short,2018-12-31,MSFT,0.0,0.0,0.1
Long-short,2018-12-31,NVDA,0.0,0.1,-0.1
Long-short,2018-12-31,ORCL,0.0,0.0,0.0
Long-short,2018-12-31,AMZN,-0.1,-0.1,0.1
Long-short,2018-12-31,HD,0.0,0.0,0.0
Long-short,2018-12-31,MCD,0.0,0.1,0.0
Long-short,2018-12-31,WMT,0.0,-0.1,0.0
Long-short,2018-12-31,COST,0.0,-0.1,0.1
Long-short,2018-12-31,PG,0.0,0.0,0.0
Long-short,2018-12-31,KO,-0.1,0.0,0.0
Long-short,2018-12-31,JNJ,-0.1,-0.1,0.0
Long-short,2018-12-31,PFE,0.1,0.1,0.1
Long-short,2018-12-31,MRK,-0.1,0.0,0.1
Long-short,2018-12-31,XOM,0.1,0.0,-0.1
Long-short,2018-12-31,CVX,0.0,0.0,-0.1
Long-short,2018-12-31,CAT,-0.1,-0.1,-0.1
Long-short,2018-12-31,HON,0.0,0.0,-0.1
Long-short,2018-12-31,NEE,0.1,0.1,0.0
Long-short,2018-12-31,DUK,0.1,0.0,0.0
Long-short,2019-01-31,AAPL,0.1,0.1,0.0
Long-short,2019-01-31,MSFT,0.0,0.0,0.1
Long-short,2019-01-31,NVDA,0.0,0.1,-0.1
Long-short,2019-01-31,ORCL,0.0,0.0,0.0
Long-short,2019-01-31,AMZN,-0.1,-0.1,0.0
Long-short,2019-01-31,HD,0.0,0.0,-0.1
Long-short,2019-01-31,MCD,0.0,0.1,0.0
Long-short,2019-01-31,WMT,0.0,-0.1,0.0
Long-short,2019-01-31,COST,0.0,-0.1,0.0
Long-short,2019-01-31,PG,0.0,0.0,0.0
Long-short,2019-01-31,KO,-0.1,0.0,0.0
Long-short,2019-01-31,JNJ,-0.1,-0.1,0.0
Long-short,2019-01-31,PFE,0.1,0.1,0.1
Long-short,2019-01-31,MRK,-0.1,0.0,0.1
Long-short,2019-01-31,XOM,0.1,0.0,-0.1
Long-short,2019-01-31,CVX,0.0,0.0,-0.1
Long-short,2019-01-31,CAT,-0.1,-0.1,0.0
Long-short,2019-01-31,HON,0.0,0.0,-0.1
Long-short,2019-01-31,NEE,0.1,0.1,0.1
Long-short,2019-01-31,DUK,0.1,0.0,0.1
Long-short,2019-02-28,AAPL,0.1,0.1,-0.1
Long-short,2019-02-28,MSFT,0.0,0.0,0.1
Long-short,2019-02-28,NVDA,0.0,0.1,-0.1
Long-short,2019-02-28,ORCL,0.0,0.0,0.0
Long-short,2019-02-28,AMZN,-0.1,-0.1,0.0
Long-short,2019-02-28,HD,0.0,0.0,0.0
Long-short,2019-02-28,MCD,0.0,0.1,0.0
Long-short,2019-02-28,WMT,0.0,-0.1,0.0
Long-short,2019-02-28,COST,0.0,-0.1,0.0
Long-short,2019-02-28,PG,0.0,0.0,0.1
Long-short,2019-02-28,KO,-0.1,0.0,0.0
Long-short,2019-02-28,JNJ,-0.1,-0.1,0.0
Long-short,2019-02-28,PFE,0.1,0.1,0.0
Long-short,2019-02-28,MRK,-0.1,0.0,0.1
Long-short,2019-02-28,XOM,0.1,0.0,-0.1
Long-short,2019-02-28,CVX,0.0,0.0,0.0
Long-short,2019-02-28,CAT,-0.1,-0.1,-0.1
Long-short,2019-02-28,HON,0.0,0.0,-0.1
Long-short,2019-02-28,NEE,0.1,0.1,0.1
Long-short,2019-02-28,DUK,0.1,0.0,0.1
Long-short,2019-03-31,AAPL,0.1,0.1,-0.1
Long-short,2019-03-31,MSFT,0.0,0.0,0.1
Long-short,2019-03-31,NVDA,0.0,0.1,-0.1
Long-short,2019-03-31,ORCL,0.0,0.0,0.0
Long-short,2019-03-31,AMZN,-0.1,-0.1,0.0
Long-short,2019-03-31,HD,0.0,0.0,-0.1
Long-short,2019-03-31,MCD,0.0,0.1,0.0
Long-short,2019-03-31,WMT,0.0,-0.1,0.0
Long-short,2019-03-31,COST,0.0,-0.1,0.0
Long-short,2019-03-31,PG,0.0,0.0,0.1
Long-short,2019-03-31,KO,-0.1,0.0,-0.1
Long-short,2019-03-31,JNJ,-0.1,-0.1,0.0
Long-short,2019-03-31,PFE,0.1,0.1,0.1
Long-short,2019-03-31,MRK,-0.1,0.0,0.1
Long-short,2019-03-31,XOM,0.1,0.0,0.0
Long-short,2019-03-31,CVX,0.0,0.0,0.0
Long-short,2019-03-31,CAT,-0.1,-0.1,-0.1
Long-short,2019-03-31,HON,0.0,0.0,0.0
Long-short,2019-03-31,NEE,0.1,0.1,0.1
Long-short,2019-03-31,DUK,0.1,0.0,0.0
Long-short,2019-04-30,AAPL,0.1,0.1,0.0
Long-short,2019-04-30,MSFT,0.0,0.0,0.1
Long-short,2019-04-30,NVDA,0.0,0.1,-0.1
Long-short,2019-04-30,ORCL,0.0,0.0,0.0
Long-short,2019-04-30,AMZN,-0.1,-0.1,0.0
Long-short,2019-04-30,HD,0.0,0.0,-0.1
Long-short,2019-04-30,MCD,0.0,0.1,0.1
Long-short,2019-04-30,WMT,0.0,-0.1,0.0
Long-short,2019-04-30,COST,0.0,-0.1,0.0
Long-short,2019-04-30,PG,0.0,0.0,0.1
Long-short,2019-04-30,KO,-0.1,0.0,0.0
Long-short,2019-04-30,JNJ,-0.1,-0.1,0.0
Long-short,2019-04-30,PFE,0.1,0.1,0.0
Long-short,2019-04-30,MRK,0.0,0.0,0.1
Long-short,2019-04-30,XOM,0.1,0.0,-0.1
Long-short,2019-04-30,CVX,0.0,0.0,-0.1
Long-short,2019-04-30,CAT,-0.1,-0.1,-0.1
Long-short,2019-04-30,HON,-0.1,0.0,0.0
Long-short,2019-04-30,NEE,0.1,0.1,0.1
Long-short,2019-04-30,DUK,0.1,0.0,0.0
Long-short,2019-05-31,AAPL,0.1,0.1,0.0
Long-short,2019-05-31,MSFT,0.0,0.0,0.1
Long-short,2019-05-31,NVDA,0.0,0.1,-0.1
Long-short,2019-05-31,ORCL,0.0,0.0,0.0
Long-short,2019-05-31,AMZN,-0.1,-0.1,0.0
Long-short,2019-05-31,HD,0.0,0.0,-0.1
Long-short,2019-05-31,MCD,0.0,0.1,0.1
Long-short,2019-05-31,WMT,0.0,-0.1,0.0
Long-short,2019-05-31,COST,0.0,-0.1,0.0
Long-short,2019-05-31,PG,0.0,0.0,0.1
Long-short,2019-05-31,KO,-0.1,0.0,0.0
Long-short,2019-05-31,JNJ,-0.1,-0.1,0.0
Long-short,2019-05-31,PFE,0.1,0.1,0.0
Long-short,2019-05-31,MRK,-0.1,0.0,0.1
Long-short,2019-05-31,XOM,0.1,0.0,-0.1
Long-short,2019-05-31,CVX,0.0,0.0,-0.1
Long-short,2019-05-31,CAT,-0.1,-0.1,-0.1
Long-short,2019-05-31,HON,0.0,0.0,0.0
Long-short,2019-05-31,NEE,0.1,0.1,0.0
Long-short,2019-05-31,DUK,0.1,0.0,0.1
Long-short,2019-06-30,AAPL,0.1,0.1,-0.1
Long-short,2019-06-30,MSFT,-0.1,0.0,0.1
Long-short,2019-06-30,NVDA,0.0,0.1,-0.1
Long-short,2019-06-30,ORCL,-0.1,0.0,0.0
Long-short,2019-06-30,AMZN,-0.1,-0.1,0.0
Long-short,2019-06-30,HD,0.0,-0.1,0.0
Long-short,2019-06-30,MCD,0.0,0.1,0.1
Long-short,2019-06-30,WMT,0.0,-0.1,0.0
Long-short,2019-06-30,COST,-0.1,-0.1,0.0
Long-short,2019-06-30,PG,0.0,0.0,0.1
Long-short,2019-06-30,KO,-0.1,0.0,0.0
Long-short,2019-06-30,JNJ,0.0,0.0,0.0
Long-short,2019-06-30,PFE,0.0,0.1,0.0
Long-short,2019-06-30,MRK,0.0,0.0,0.1
Long-short,2019-06-30,XOM,0.1,-0.1,-0.1
Long-short,2019-06-30,CVX,0.1,0.0,-0.1
Long-short,2019-06-30,CAT,0.1,0.0,-0.1
Long-short,2019-06-30,HON,0.0,0.0,0.0
Long-short,2019-06-30,NEE,0.1,0.1,0.1
Long-short,2019-06-30,DUK,0.0,0.0,0.0
Long-short,2019-07-31,AAPL,0.1,0.1,-0.1
Long-short,2019-07-31,MSFT,-0.1,0.0,0.0
Long-short,2019-07-31,NVDA,0.0,0.1,-0.1
Long-short,2019-07-31,ORCL,-0.1,-0.1,0.0
Long-short,2019-07-31,AMZN,-0.1,-0.1,0.0
Long-short,2019-07-31,HD,0.0,0.0,0.0
Long-short,2019-07-31,MCD,0.0,0.1,0.1
Long-short,2019-07-31,WMT,-0.1,-0.1,0.1
Long-short,2019-07-31,COST,-0.1,-0.1,0.0
Long-short,2019-07-31,PG,0.0,0.0,0.1
Long-short,2019-07-31,KO,0.0,0.0,0.0
Long-short,2019-07-31,JNJ,0.0,0.0,0.0
Long-short,2019-07-31,PFE,0.0,0.1,0.0
Long-short,2019-07-31,MRK,0.0,0.0,0.1
Long-short,2019-07-31,XOM,0.1,-0.1,-0.1
Long-short,2019-07-31,CVX,0.1,0.0,-0.1
Long-short,2019-07-31,CAT,0.1,0.0,-0.1
Long-short,2019-07-31,HON,0.0,0.0,0.0
Long-short,2019-07-31,NEE,0.1,0.1,0.1
Long-short,2019-07-31,DUK,0.0,0.0,0.0
Long-short,2019-08-31,AAPL,0.1,0.1,-0.1
Long-short,2019-08-31,MSFT,-0.1,0.0,0.0
Long-short,2019-08-31,NVDA,0.0,0.1,-0.1
Long-short,2019-08-31,ORCL,-0.1,-0.1,0.0
Long-short,2019-08-31,AMZN,-0.1,-0.1,0.0
Long-short,2019-08-31,HD,0.0,0.0,0.0
Long-short,2019-08-31,MCD,0.0,0.1,0.1
Long-short,2019-08-31,WMT,-0.1,-0.1,0.0
Long-short,2019-08-31,COST,-0.1,-0.1,0.0
Long-short,2019-08-31,PG,0.0,0.0,0.1
Long-short,2019-08-31,KO,0.0,0.0,0.1
Long-short,2019-08-31,JNJ,0.0,0.0,0.0
Long-short,2019-08-31,PFE,0.0,0.1,-0.1
Long-short,2019-08-31,MRK,0.0,0.0,0.1
Long-short,2019-08-31,XOM,0.1,-0.1,-0.1
Long-short,2019-08-31,CVX,0.1,0.0,0.0
Long-short,2019-08-31,CAT,0.1,0.0,-0.1
Long-short,2019-08-31,HON,0.0,0.0,0.0
Long-short,2019-08-31,NEE,0.1,0.1,0.1
Long-short,2019-08-31,DUK,0.0,0.0,0.0
Long-short,2019-09-30,AAPL,0.1,0.1,0.0
Long-short,2019-09-30,MSFT,-0.1,0.0,0.0
Long-short,2019-09-30,NVDA,0.0,0.1,-0.1
Long-short,2019-09-30,ORCL,-0.1,-0.1,0.0
Long-short,2019-09-30,AMZN,-0.1,-0.1,0.0
Long-short,2019-09-30,HD,0.0,0.0,0.0
Long-short,2019-09-30,MCD,0.0,0.1,0.1
Long-short,2019-09-30,WMT,-0.1,-0.1,0.1
Long-short,2019-09-30,COST,-0.1,-0.1,0.0
Long-short,2019-09-30,PG,0.0,0.0,0.1
Long-short,2019-09-30,KO,0.0,0.0,0.0
Long-short,2019-09-30,JNJ,0.0,0.0,-0.1
Long-short,2019-09-30,PFE,0.0,0.1,-0.1
Long-short,2019-09-30,MRK,0.0,0.0,0.0
Long-short,2019-09-30,XOM,0.1,-0.1,-0.1
Long-short,2019-09-30,CVX,0.1,0.0,0.0
Long-short,2019-09-30,CAT,0.1,0.0,-0.1
Long-short,2019-09-30,HON,0.0,0.0,0.0
Long-short,2019-09-30,NEE,0.1,0.1,0.1
Long-short,2019-09-30,DUK,0.0,0.0,0.1
Long-short,2019-10-31,AAPL,0.0,0.1,-0.1
Long-short,2019-10-31,MSFT,-0.1,0.0,0.0
Long-short,2019-10-31,NVDA,0.0,0.1,-0.1
Long-short,2019-10-31,ORCL,-0.1,-0.1,0.0
Long-short,2019-10-31,AMZN,-0.1,-0.1,0.0
Long-short,2019-10-31,HD,0.0,0.0,0.1
Long-short,2019-10-31,MCD,0.0,0.1,0.0
Long-short,2019-10-31,WMT,-0.1,-0.1,0.0
Long-short,2019-10-31,COST,-0.1,-0.1,0.1
Long-short,2019-10-31,PG,0.0,0.0,0.1
Long-short,2019-10-31,KO,0.0,0.0,0.0
Long-short,2019-10-31,JNJ,0.0,0.0,-0.1
Long-short,2019-10-31,PFE,0.0,0.1,-0.1
Long-short,2019-10-31,MRK,0.0,0.0,0.0
Long-short,2019-10-31,XOM,0.1,-0.1,-0.1
Long-short,2019-10-31,CVX,0.1,0.0,0.0
Long-short,2019-10-31,CAT,0.1,0.0,0.0
Long-short,2019-10-31,HON,0.1,0.0,0.0
Long-short,2019-10-31,NEE,0.1,0.1,0.1
Long-short,2019-10-31,DUK,0.0,0.0,0.1
Long-short,2019-11-30,AAPL,0.0,0.1,0.1
Long-short,2019-11-30,MSFT,-0.1,0.0,0.1
Long-short,2019-11-30,NVDA,0.0,0.1,0.0
Long-short,2019-11-30,ORCL,0.1,0.1,0.0
Long-short,2019-11-30,AMZN,-0.1,-0.1,0.0
Long-short,2019-11-30,HD,0.0,0.0,0.1
Long-short,2019-11-30,MCD,0.0,0.1,-0.1
Long-short,2019-11-30,WMT,-0.1,-0.1,0.0
Long-short,2019-11-30,COST,-0.1,-0.1,0.0
Long-short,2019-11-30,PG,0.0,0.0,0.1
Long-short,2019-11-30,KO,-0.1,0.0,0.0
Long-short,2019-11-30,JNJ,0.0,0.0,-0.1
Long-short,2019-11-30,PFE,0.0,0.0,-0.1
Long-short,2019-11-30,MRK,0.0,0.0,0.0
Long-short,2019-11-30,XOM,0.1,-0.1,-0.1
Long-short,2019-11-30,CVX,0.1,-0.1,-0.1
Long-short,2019-11-30,CAT,0.1,0.0,0.0
Long-short,2019-11-30,HON,0.0,0.0,0.0
Long-short,2019-11-30,NEE,0.1,0.1,0.1
Long-short,2019-11-30,DUK,0.0,0.0,0.0
Long-short,2019-12-31,AAPL,0.0,0.0,0.1
Long-short,2019-12-31,MSFT,0.0,0.1,0.1
Long-short,2019-12-31,NVDA,0.0,0.1,0.0
Long-short,2019-12-31,ORCL,0.1,0.1,0.0
Long-short,2019-12-31,AMZN,-0.1,-0.1,0.0
Long-short,2019-12-31,HD,0.0,0.0,0.0
Long-short,2019-12-31,MCD,0.0,0.1,0.0
Long-short,2019-12-31,WMT,-0.1,-0.1,0.0
Long-short,2019-12-31,COST,-0.1,-0.1,0.1
Long-short,2019-12-31,PG,-0.1,-0.1,0.1
Long-short,2019-12-31,KO,-0.1,0.0,0.0
Long-short,2019-12-31,JNJ,0.0,0.0,-0.1
Long-short,2019-12-31,PFE,0.0,0.0,-0.1
Long-short,2019-12-31,MRK,0.0,0.0,0.0
Long-short,2019-12-31,XOM,0.1,-0.1,-0.1
Long-short,2019-12-31,CVX,0.1,0.0,-0.1
Long-short,2019-12-31,CAT,0.1,0.0,0.0
Long-short,2019-12-31,HON,0.0,0.0,0.0
Long-short,2019-12-31,NEE,0.1,0.1,0.1
Long-short,2019-12-31,DUK,0.0,0.0,-0.1
Long-short,2020-01-31,AAPL,0.0,0.0,0.1
Long-short,2020-01-31,MSFT,0.0,0.1,0.1
Long-short,2020-01-31,NVDA,0.0,0.1,0.0
Long-short,2020-01-31,ORCL,0.1,0.1,-0.1
Long-short,2020-01-31,AMZN,-0.1,-0.1,0.0
Long-short,2020-01-31,HD,0.0,0.0,0.0
Long-short,2020-01-31,MCD,0.0,0.1,0.0
Long-short,2020-01-31,WMT,-0.1,-0.1,0.1
Long-short,2020-01-31,COST,-0.1,-0.1,0.1
Long-short,2020-01-31,PG,-0.1,-0.1,0.0
Long-short,2020-01-31,KO,-0.1,0.0,0.0
Long-short,2020-01-31,JNJ,0.0,0.0,0.0
Long-short,2020-01-31,PFE,0.0,0.0,-0.1
Long-short,2020-01-31,MRK,0.0,0.0,0.0
Long-short,2020-01-31,XOM,0.1,-0.1,-0.1
Long-short,2020-01-31,CVX,0.1,0.0,-0.1
Long-short,2020-01-31,CAT,0.1,0.0,0.0
Long-short,2020-01-31,HON,0.1,0.0,0.0
Long-short,2020-01-31,NEE,0.0,0.1,0.1
Long-short,2020-01-31,DUK,0.0,0.0,-0.1
Long-short,2020-02-29,AAPL,0.0,0.0,0.1
Long-short,2020-02-29,MSFT,0.0,0.1,0.1
Long-short,2020-02-29,NVDA,-0.1,0.1,0.0
Long-short,2020-02-29,ORCL,0.1,0.1,-0.1
Long-short,2020-02-29,AMZN,-0.1,-0.1,0.0
Long-short,2020-02-29,HD,0.0,0.0,0.0
Long-short,2020-02-29,MCD,0.0,0.1,0.0
Long-short,2020-02-29,WMT,-0.1,-0.1,0.0
Long-short,2020-02-29,COST,0.0,-0.1,0.1
Long-short,2020-02-29,PG,-0.1,-0.1,0.0
Long-short,2020-02-29,KO,-0.1,0.0,0.1
Long-short,2020-02-29,JNJ,0.0,0.0,0.0
Long-short,2020-02-29,PFE,0.1,0.0,-0.1
Long-short,2020-02-29,MRK,0.0,0.0,0.0
Long-short,2020-02-29,XOM,0.1,-0.1,-0.1
Long-short,2020-02-29,CVX,0.1,0.0,-0.1
Long-short,2020-02-29,CAT,0.1,0.0,-0.1
Long-short,2020-02-29,HON,0.0,0.0,0.0
Long-short,2020-02-29,NEE,0.0,0.1,0.1
Long-short,2020-02-29,DUK,0.0,0.0,0.0
Long-short,2020-03-31,AAPL,0.0,0.0,0.1
Long-short,2020-03-31,MSFT,0.0,0.1,0.1
Long-short,2020-03-31,NVDA,-0.1,0.1,0.1
Long-short,2020-03-31,ORCL,0.1,0.1,-0.1
Long-short,2020-03-31,AMZN,-0.1,-0.1,0.0
Long-short,2020-03-31,HD,0.0,0.0,0.0
Long-short,2020-03-31,MCD,0.0,0.1,0.0
Long-short,2020-03-31,WMT,-0.1,-0.1,0.0
Long-short,2020-03-31,COST,-0.1,-0.1,0.1
Long-short,2020-03-31,PG,-0.1,-0.1,0.0
Long-short,2020-03-31,KO,0.0,0.0,0.0
Long-short,2020-03-31,JNJ,0.0,0.0,0.0
Long-short,2020-03-31,PFE,0.0,0.0,-0.1
Long-short,2020-03-31,MRK,0.0,0.0,-0.1
Long-short,2020-03-31,XOM,0.1,-0.1,-0.1
Long-short,2020-03-31,CVX,0.1,0.0,-0.1
Long-short,2020-03-31,CAT,0.1,0.0,0.0
Long-short,2020-03-31,HON,0.1,0.0,0.0
Long-short,2020-03-31,NEE,0.0,0.1,0.1
Long-short,2020-03-31,DUK,0.0,0.0,0.0
Long-short,2020-04-30,AAPL,0.0,0.0,0.1
Long-short,2020-04-30,MSFT,0.0,0.1,0.1
Long-short,2020-04-30,NVDA,-0.1,0.1,0.1
Long-short,2020-04-30,ORCL,0.1,0.1,0.0
Long-short,2020-04-30,AMZN,-0.1,-0.1,0.0
Long-short,2020-04-30,HD,0.0,0.0,0.0
Long-short,2020-04-30,MCD,0.0,0.1,0.0
Long-short,2020-04-30,WMT,-0.1,-0.1,0.0
Long-short,2020-04-30,COST,-0.1,-0.1,0.1
Long-short,2020-04-30,PG,-0.1,-0.1,0.0
Long-short,2020-04-30,KO,0.0,0.0,0.0
Long-short,2020-04-30,JNJ,0.0,0.0,0.0
Long-short,2020-04-30,PFE,0.0,0.0,-0.1
Long-short,2020-04-30,MRK,0.0,0.0,0.0
Long-short,2020-04-30,XOM,0.1,-0.1,-0.1
Long-short,2020-04-30,CVX,0.1,0.0,-0.1
Long-short,2020-04-30,CAT,0.1,0.0,-0.1
Long-short,2020-04-30,HON,0.1,0.0,-0.1
Long-short,2020-04-30,NEE,0.0,0.1,0.1
Long-short,2020-04-30,DUK,0.0,0.0,0.0
Long-short,2020-05-31,AAPL,0.0,0.0,0.1
Long-short,2020-05-31,MSFT,0.0,0.1,0.1
Long-short,2020-05-31,NVDA,-0.1,0.1,0.1
Long-short,2020-05-31,ORCL,0.1,0.1,0.0
Long-short,2020-05-31,AMZN,-0.1,-0.1,0.1
Long-short,2020-05-31,HD,0.0,0.0,0.0
Long-short,2020-05-31,MCD,0.0,0.1,-0.1
Long-short,2020-05-31,WMT,-0.1,-0.1,0.0
Long-short,2020-05-31,COST,-0.1,-0.1,0.1
Long-short,2020-05-31,PG,-0.1,-0.1,0.0
Long-short,2020-05-31,KO,0.0,0.0,0.0
Long-short,2020-05-31,JNJ,0.0,0.0,0.0
Long-short,2020-05-31,PFE,0.0,0.0,-0.1
Long-short,2020-05-31,MRK,0.0,0.0,0.0
Long-short,2020-05-31,XOM,0.1,-0.1,-0.1
Long-short,2020-05-31,CVX,0.1,0.0,-0.1
Long-short,2020-05-31,CAT,0.1,0.0,0.0
Long-short,2020-05-31,HON,0.1,0.0,-0.1
Long-short,2020-05-31,NEE,0.0,0.1,0.0
Long-short,2020-05-31,DUK,0.0,0.0,0.0
Long-short,2020-06-30,AAPL,0.0,0.0,0.1
Long-short,2020-06-30,MSFT,0.0,0.1,0.1
Long-short,2020-06-30,NVDA,-0.1,0.1,0.1
Long-short,2020-06-30,ORCL,0.1,0.1,0.0
Long-short,2020-06-30,AMZN,-0.1,-0.1,0.1
Long-short,2020-06-30,HD,0.0,0.0,0.0
Long-short,2020-06-30,MCD,0.0,0.1,-0.1
Long-short,2020-06-30,WMT,-0.1,-0.1,0.0
Long-short,2020-06-30,COST,0.0,-0.1,0.1
Long-short,2020-06-30,PG,-0.1,0.0,0.0
Long-short,2020-06-30,KO,0.0,0.0,0.0
Long-short,2020-06-30,JNJ,0.0,0.0,0.0
Long-short,2020-06-30,PFE,0.1,0.1,-0.1
Long-short,2020-06-30,MRK,0.0,0.0,0.0
Long-short,2020-06-30,XOM,0.1,-0.1,-0.1
Long-short,2020-06-30,CVX,-0.1,-0.1,-0.1
Long-short,2020-06-30,CAT,0.1,0.0,0.0
Long-short,2020-06-30,HON,0.0,0.0,-0.1
Long-short,2020-06-30,NEE,0.0,0.0,0.0
Long-short,2020-06-30,DUK,0.1,0.0,0.0
Long-short,2020-07-31,AAPL,0.0,0.0,0.1
Long-short,2020-07-31,MSFT,-0.1,0.1,0.1
Long-short,2020-07-31,NVDA,-0.1,0.1,0.1
Long-short,2020-07-31,ORCL,0.1,0.1,0.0
Long-short,2020-07-31,AMZN,-0.1,-0.1,0.1
Long-short,2020-07-31,HD,0.0,0.0,0.0
Long-short,2020-07-31,MCD,0.0,0.1,-0.1
Long-short,2020-07-31,WMT,0.0,-0.1,0.0
Long-short,2020-07-31,COST,0.0,-0.1,0.1
Long-short,2020-07-31,PG,-0.1,0.0,0.0
Long-short,2020-07-31,KO,0.0,0.0,-0.1
Long-short,2020-07-31,JNJ,0.0,0.0,0.0
Long-short,2020-07-31,PFE,0.1,0.1,-0.1
Long-short,2020-07-31,MRK,0.0,0.0,0.0
Long-short,2020-07-31,XOM,0.1,-0.1,-0.1
Long-short,2020-07-31,CVX,-0.1,-0.1,-0.1
Long-short,2020-07-31,CAT,0.1,0.0,0.0
Long-short,2020-07-31,HON,0.0,0.0,0.0
Long-short,2020-07-31,NEE,0.0,0.0,0.0
Long-short,2020-07-31,DUK,0.1,0.0,0.0
Long-short,2020-08-31,AAPL,0.0,0.0,0.1
Long-short,2020-08-31,MSFT,-0.1,0.1,0.1
Long-short,2020-08-31,NVDA,-0.1,0.1,0.1
Long-short,2020-08-31,ORCL,0.1,0.1,0.0
Long-short,2020-08-31,AMZN,-0.1,-0.1,0.1
Long-short,2020-08-31,HD,0.0,0.0,0.0
Long-short,2020-08-31,MCD,0.0,0.1,-0.1
Long-short,2020-08-31,WMT,0.0,-0.1,0.0
Long-short,2020-08-31,COST,0.0,-0.1,0.0
Long-short,2020-08-31,PG,-0.1,0.0,0.0
Long-short,2020-08-31,KO,0.0,0.0,-0.1
Long-short,2020-08-31,JNJ,0.0,0.0,0.0
Long-short,2020-08-31,PFE,0.1,0.1,0.0
Long-short,2020-08-31,MRK,0.0,0.0,-0.1
Long-short,2020-08-31,XOM,0.1,-0.1,-0.1
Long-short,2020-08-31,CVX,-0.1,-0.1,-0.1
Long-short,2020-08-31,CAT,0.1,0.0,0.0
Long-short,2020-08-31,HON,0.0,0.0,0.0
Long-short,2020-08-31,NEE,0.0,0.0,0.1
Long-short,2020-08-31,DUK,0.1,0.0,0.0
Long-short,2020-09-30,AAPL,0.0,0.0,0.1
Long-short,2020-09-30,MSFT,0.0,0.1,0.1
Long-short,2020-09-30,NVDA,-0.1,0.1,0.1
Long-short,2020-09-30,ORCL,0.1,0.1,0.0
Long-short,2020-09-30,AMZN,-0.1,-0.1,0.1
Long-short,2020-09-30,HD,0.0,0.0,0.0
Long-short,2020-09-30,MCD,0.0,0.1,0.0
Long-short,2020-09-30,WMT,0.0,-0.1,0.0
Long-short,2020-09-30,COST,-0.1,-0.1,0.1
Long-short,2020-09-30,PG,-0.1,0.0,0.0
Long-short,2020-09-30,KO,0.0,0.0,-0.1
Long-short,2020-09-30,JNJ,0.0,0.0,0.0
Long-short,2020-09-30,PFE,0.1,0.1,0.0
Long-short,2020-09-30,MRK,0.0,0.0,0.0
Long-short,2020-09-30,XOM,0.1,-0.1,-0.1
Long-short,2020-09-30,CVX,-0.1,-0.1,-0.1
Long-short,2020-09-30,CAT,0.1,0.0,0.0
Long-short,2020-09-30,HON,0.0,0.0,-0.1
Long-short,2020-09-30,NEE,0.0,0.0,0.0
Long-short,2020-09-30,DUK,0.1,0.0,-0.1
Long-short,2020-10-31,AAPL,0.0,0.0,0.1
Long-short,2020-10-31,MSFT,0.0,0.1,0.1
Long-short,2020-10-31,NVDA,-0.1,0.1,0.1
Long-short,2020-10-31,ORCL,0.1,0.1,0.0
Long-short,2020-10-31,AMZN,-0.1,-0.1,0.1
Long-short,2020-10-31,HD,0.0,0.0,0.0
Long-short,2020-10-31,MCD,0.0,0.1,0.0
Long-short,2020-10-31,WMT,0.0,-0.1,0.0
Long-short,2020-10-31,COST,-0.1,-0.1,0.1
Long-short,2020-10-31,PG,-0.1,0.0,0.0
Long-short,2020-10-31,KO,0.0,0.0,-0.1
Long-short,2020-10-31,JNJ,0.0,0.0,0.0
Long-short,2020-10-31,PFE,0.1,0.1,-0.1
Long-short,2020-10-31,MRK,0.0,0.0,-0.1
Long-short,2020-10-31,XOM,0.1,-0.1,-0.1
Long-short,2020-10-31,CVX,-0.1,-0.1,-0.1
Long-short,2020-10-31,CAT,0.1,0.0,0.0
Long-short,2020-10-31,HON,0.0,0.0,0.0
Long-short,2020-10-31,NEE,0.0,0.0,0.0
Long-short,2020-10-31,DUK,0.1,0.0,0.0
Long-short,2020-11-30,AAPL,0.0,0.0,0.1
Long-short,2020-11-30,MSFT,0.0,0.1,0.1
Long-short,2020-11-30,NVDA,-0.1,0.1,0.1
Long-short,2020-11-30,ORCL,0.1,0.1,0.0
Long-short,2020-11-30,AMZN,-0.1,-0.1,0.1
Long-short,2020-11-30,HD,0.0,0.0,0.0
Long-short,2020-11-30,MCD,0.0,0.1,0.0
Long-short,2020-11-30,WMT,0.0,-0.1,0.0
Long-short,2020-11-30,COST,-0.1,-0.1,0.1
Long-short,2020-11-30,PG,-0.1,0.0,0.0
Long-short,2020-11-30,KO,0.0,0.0,-0.1
Long-short,2020-11-30,JNJ,0.0,0.0,0.0
Long-short,2020-11-30,PFE,0.1,0.1,-0.1
Long-short,2020-11-30,MRK,0.0,0.0,-0.1
Long-short,2020-11-30,XOM,0.1,-0.1,-0.1
Long-short,2020-11-30,CVX,-0.1,-0.1,-0.1
Long-short,2020-11-30,CAT,0.1,0.0,0.0
Long-short,2020-11-30,HON,0.0,0.0,0.0
Long-short,2020-11-30,NEE,0.0,0.0,0.0
Long-short,2020-11-30,DUK,0.1,0.0,0.0
Long-short,2020-12-31,AAPL,-0.1,0.0,0.1
Long-short,2020-12-31,MSFT,0.0,0.1,0.1
Long-short,2020-12-31,NVDA,-0.1,0.1,0.1
Long-short,2020-12-31,ORCL,0.1,0.1,0.0
Long-short,2020-12-31,AMZN,-0.1,-0.1,0.1
Long-short,2020-12-31,HD,0.0,0.0,0.0
Long-short,2020-12-31,MCD,0.0,0.1,0.0
Long-short,2020-12-31,WMT,0.0,-0.1,0.0
Long-short,2020-12-31,COST,-0.1,-0.1,0.1
Long-short,2020-12-31,PG,0.0,0.0,0.0
Long-short,2020-12-31,KO,0.0,0.0,-0.1
Long-short,2020-12-31,JNJ,0.0,0.0,0.0
Long-short,2020-12-31,PFE,0.1,0.1,-0.1
Long-short,2020-12-31,MRK,0.0,0.0,-0.1
Long-short,2020-12-31,XOM,0.1,-0.1,-0.1
Long-short,2020-12-31,CVX,-0.1,-0.1,-0.1
Long-short,2020-12-31,CAT,0.1,0.0,0.0
Long-short,2020-12-31,HON,0.0,0.0,0.0
Long-short,2020-12-31,NEE,0.0,0.0,0.0
Long-short,2020-12-31,DUK,0.1,0.0,0.0
Long-short,2021-01-31,AAPL,-0.1,0.0,0.1
Long-short,2021-01-31,MSFT,0.0,0.1,0.0
Long-short,2021-01-31,NVDA,-0.1,0.1,0.1
Long-short,2021-01-31,ORCL,0.1,0.1,0.0
Long-short,2021-01-31,AMZN,-0.1,-0.1,0.1
Long-short,2021-01-31,HD,0.0,0.0,0.0
Long-short,2021-01-31,MCD,0.0,0.1,0.0
Long-short,2021-01-31,WMT,0.0,-0.1,0.1
Long-short,2021-01-31,COST,-0.1,-0.1,0.0
Long-short,2021-01-31,PG,0.0,0.0,0.0
Long-short,2021-01-31,KO,0.0,0.0,-0.1
Long-short,2021-01-31,JNJ,0.0,0.0,0.0
Long-short,2021-01-31,PFE,0.1,0.1,0.0
Long-short,2021-01-31,MRK,0.0,0.0,-0.1
Long-short,2021-01-31,XOM,0.1,-0.1,-0.1
Long-short,2021-01-31,CVX,-0.1,-0.1,-0.1
Long-short,2021-01-31,CAT,0.1,0.0,0.1
Long-short,2021-01-31,HON,0.0,0.0,0.0
Long-short,2021-01-31,NEE,0.0,0.0,0.0
Long-short,2021-01-31,DUK,0.1,0.0,-0.1
Long-short,2021-02-28,AAPL,-0.1,0.0,0.1
Long-short,2021-02-28,MSFT,-0.1,0.1,0.1
Long-short,2021-02-28,NVDA,-0.1,0.1,0.1
Long-short,2021-02-28,ORCL,0.1,0.1,0.0
Long-short,2021-02-28,AMZN,-0.1,-0.1,0.1
Long-short,2021-02-28,HD,0.0,0.0,0.0
Long-short,2021-02-28,MCD,0.0,0.1,0.0
Long-short,2021-02-28,WMT,0.0,-0.1,0.0
Long-short,2021-02-28,COST,0.0,-0.1,0.0
Long-short,2021-02-28,PG,0.0,0.0,0.0
Long-short,2021-02-28,KO,0.0,0.0,-0.1
Long-short,2021-02-28,JNJ,0.0,0.0,0.0
Long-short,2021-02-28,PFE,0.1,0.1,0.0
Long-short,2021-02-28,MRK,0.1,0.0,-0.1
Long-short,2021-02-28,XOM,0.1,-0.1,-0.1
Long-short,2021-02-28,CVX,-0.1,-0.1,-0.1
Long-short,2021-02-28,CAT,0.0,0.0,0.1
Long-short,2021-02-28,HON,0.0,0.0,0.0
Long-short,2021-02-28,NEE,0.0,0.0,0.0
Long-short,2021-02-28,DUK,0.1,0.0,-0.1
Long-short,2021-03-31,AAPL,0.0,0.0,0.1
Long-short,2021-03-31,MSFT,-0.1,0.1,0.1
Long-short,2021-03-31,NVDA,-0.1,0.1,0.1
Long-short,2021-03-31,ORCL,0.1,0.1,0.0
Long-short,2021-03-31,AMZN,-0.1,-0.1,0.1
Long-short,2021-03-31,HD,0.0,0.0,0.0
Long-short,2021-03-31,MCD,0.0,0.1,0.0
Long-short,2021-03-31,WMT,0.0,-0.1,0.0
Long-short,2021-03-31,COST,0.0,-0.1,0.0
Long-short,2021-03-31,PG,0.0,0.0,-0.1
Long-short,2021-03-31,KO,0.0,0.0,-0.1
Long-short,2021-03-31,JNJ,0.0,0.0,0.0
Long-short,2021-03-31,PFE,0.1,0.1,-0.1
Long-short,2021-03-31,MRK,0.1,0.0,-0.1
Long-short,2021-03-31,XOM,0.1,-0.1,0.0
Long-short,2021-03-31,CVX,-0.1,-0.1,0.0
Long-short,2021-03-31,CAT,0.0,0.0,0.1
Long-short,2021-03-31,HON,0.0,0.0,0.0
Long-short,2021-03-31,NEE,-0.1,0.0,0.0
Long-short,2021-03-31,DUK,0.1,0.0,-0.1
Long-short,2021-04-30,AAPL,0.0,0.0,0.1
Long-short,2021-04-30,MSFT,-0.1,0.1,0.0
Long-short,2021-04-30,NVDA,-0.1,0.1,0.1
Long-short,2021-04-30,ORCL,0.0,0.1,0.0
Long-short,2021-04-30,AMZN,-0.1,-0.1,0.0
Long-short,2021-04-30,HD,0.0,0.0,0.1
Long-short,2021-04-30,MCD,0.0,0.1,0.0
Long-short,2021-04-30,WMT,0.0,-0.1,-0.1
Long-short,2021-04-30,COST,-0.1,-0.1,0.0
Long-short,2021-04-30,PG,0.0,0.0,0.0
Long-short,2021-04-30,KO,0.0,0.0,0.0
Long-short,2021-04-30,JNJ,0.0,0.0,-0.1
Long-short,2021-04-30,PFE,0.1,0.1,-0.1
Long-short,2021-04-30,MRK,0.1,0.0,-0.1
Long-short,2021-04-30,XOM,0.1,-0.1,0.0
Long-short,2021-04-30,CVX,-0.1,-0.1,-0.1
Long-short,2021-04-30,CAT,0.1,0.0,0.1
Long-short,2021-04-30,HON,0.0,0.0,0.1
Long-short,2021-04-30,NEE,0.0,0.0,0.0
Long-short,2021-04-30,DUK,0.1,0.0,0.0
Long-short,2021-05-31,AAPL,0.0,0.0,0.1
Long-short,2021-05-31,MSFT,-0.1,0.1,0.0
Long-short,2021-05-31,NVDA,-0.1,0.1,0.1
Long-short,2021-05-31,ORCL,0.0,0.1,0.1
Long-short,2021-05-31,AMZN,-0.1,-0.1,0.0
Long-short,2021-05-31,HD,0.0,0.0,0.0
Long-short,2021-05-31,MCD,0.0,0.1,0.0
Long-short,2021-05-31,WMT,0.0,-0.1,0.0
Long-short,2021-05-31,COST,-0.1,-0.1,0.0
Long-short,2021-05-31,PG,0.0,0.0,0.0
Long-short,2021-05-31,KO,0.0,0.0,0.0
Long-short,2021-05-31,JNJ,0.0,0.0,-0.1
Long-short,2021-05-31,PFE,0.1,0.1,-0.1
Long-short,2021-05-31,MRK,0.1,0.0,-0.1
Long-short,2021-05-31,XOM,0.1,-0.1,-0.1
Long-short,2021-05-31,CVX,-0.1,-0.1,-0.1
Long-short,2021-05-31,CAT,0.1,0.0,0.1
Long-short,2021-05-31,HON,0.0,0.0,0.1
Long-short,2021-05-31,NEE,0.0,0.0,0.0
Long-short,2021-05-31,DUK,0.1,0.0,0.0
Long-short,2021-06-30,AAPL,0.0,0.0,0.0
Long-short,2021-06-30,MSFT,0.0,0.1,0.0
Long-short,2021-06-30,NVDA,-0.1,0.1,0.1
Long-short,2021-06-30,ORCL,0.1,0.1,0.1
Long-short,2021-06-30,AMZN,-0.1,-0.1,-0.1
Long-short,2021-06-30,HD,0.0,0.0,0.0
Long-short,2021-06-30,MCD,0.0,0.1,0.1
Long-short,2021-06-30,WMT,0.1,-0.1,0.0
Long-short,2021-06-30,COST,0.0,-0.1,0.0
Long-short,2021-06-30,PG,0.1,0.0,0.0
Long-short,2021-06-30,KO,0.0,0.1,0.0
Long-short,2021-06-30,JNJ,0.0,0.0,0.0
Long-short,2021-06-30,PFE,0.1,0.0,-0.1
Long-short,2021-06-30,MRK,0.1,0.0,-0.1
Long-short,2021-06-30,XOM,-0.1,-0.1,-0.1
Long-short,2021-06-30,CVX,-0.1,-0.1,-0.1
Long-short,2021-06-30,CAT,0.0,0.0,0.1
Long-short,2021-06-30,HON,0.0,0.0,0.1
Long-short,2021-06-30,NEE,0.0,0.0,0.0
Long-short,2021-06-30,DUK,-0.1,0.0,0.0
Long-short,2021-07-31,AAPL,0.0,0.0,0.0
Long-short,2021-07-31,MSFT,0.0,0.1,0.1
Long-short,2021-07-31,NVDA,-0.1,0.1,0.1
Long-short,2021-07-31,ORCL,0.1,0.1,0.1
Long-short,2021-07-31,AMZN,-0.1,-0.1,-0.1
Long-short,2021-07-31,HD,0.1,0.0,0.0
Long-short,2021-07-31,MCD,0.0,0.1,0.0
Long-short,2021-07-31,WMT,0.0,-0.1,0.0
Long-short,2021-07-31,COST,0.0,-0.1,0.0
Long-short,2021-07-31,PG,0.1,0.0,-0.1
Long-short,2021-07-31,KO,0.0,0.1,0.0
Long-short,2021-07-31,JNJ,0.0,0.0,0.0
Long-short,2021-07-31,PFE,0.1,0.0,-0.1
Long-short,2021-07-31,MRK,0.1,0.0,-0.1
Long-short,2021-07-31,XOM,-0.1,-0.1,0.0
Long-short,2021-07-31,CVX,-0.1,-0.1,0.0
Long-short,2021-07-31,CAT,0.0,0.0,0.1
Long-short,2021-07-31,HON,0.0,0.0,0.1
Long-short,2021-07-31,NEE,0.0,0.0,-0.1
Long-short,2021-07-31,DUK,-0.1,0.0,0.0
Long-short,2021-08-31,AAPL,0.0,0.0,0.0
Long-short,2021-08-31,MSFT,0.0,0.1,0.0
Long-short,2021-08-31,NVDA,-0.1,0.1,0.1
Long-short,2021-08-31,ORCL,0.1,0.1,0.1
Long-short,2021-08-31,AMZN,-0.1,-0.1,-0.1
Long-short,2021-08-31,HD,0.1,0.0,0.0
Long-short,2021-08-31,MCD,0.0,0.1,0.0
Long-short,2021-08-31,WMT,0.0,-0.1,-0.1
Long-short,2021-08-31,COST,0.0,-0.1,0.0
Long-short,2021-08-31,PG,0.1,0.0,-0.1
Long-short,2021-08-31,KO,0.0,0.1,0.0
Long-short,2021-08-31,JNJ,0.0,0.0,0.0
Long-short,2021-08-31,PFE,0.1,0.0,0.0
Long-short,2021-08-31,MRK,0.1,0.0,-0.1
Long-short,2021-08-31,XOM,-0.1,-0.1,0.0
Long-short,2021-08-31,CVX,-0.1,-0.1,0.0
Long-short,2021-08-31,CAT,0.0,0.0,0.1
Long-short,2021-08-31,HON,0.0,0.0,0.1
Long-short,2021-08-31,NEE,0.0,0.0,-0.1
Long-short,2021-08-31,DUK,-0.1,0.0,0.1
Long-short,2021-09-30,AAPL,0.0,0.0,0.0
Long-short,2021-09-30,MSFT,0.0,0.1,0.1
Long-short,2021-09-30,NVDA,-0.1,0.1,0.1
Long-short,2021-09-30,ORCL,0.1,0.1,0.1
Long-short,2021-09-30,AMZN,-0.1,-0.1,-0.1
Long-short,2021-09-30,HD,0.1,0.0,0.0
Long-short,2021-09-30,MCD,0.0,0.1,-0.1
Long-short,2021-09-30,WMT,0.0,-0.1,-0.1
Long-short,2021-09-30,COST,0.0,-0.1,0.0
Long-short,2021-09-30,PG,0.1,0.0,-0.1
Long-short,2021-09-30,KO,0.0,0.1,0.0
Long-short,2021-09-30,JNJ,0.0,0.0,0.0
Long-short,2021-09-30,PFE,0.1,0.0,0.0
Long-short,2021-09-30,MRK,0.1,0.0,-0.1
Long-short,2021-09-30,XOM,-0.1,-0.1,0.0
Long-short,2021-09-30,CVX,-0.1,-0.1,0.0
Long-short,2021-09-30,CAT,0.0,0.0,0.1
Long-short,2021-09-30,HON,0.0,0.0,0.1
Long-short,2021-09-30,NEE,0.0,0.0,0.0
Long-short,2021-09-30,DUK,-0.1,0.0,0.0
Long-short,2021-10-31,AAPL,0.0,0.0,0.0
Long-short,2021-10-31,MSFT,0.0,0.1,0.1
Long-short,2021-10-31,NVDA,-0.1,0.1,0.1
Long-short,2021-10-31,ORCL,0.1,0.1,0.1
Long-short,2021-10-31,AMZN,-0.1,-0.1,-0.1
Long-short,2021-10-31,HD,0.1,0.0,0.0
Long-short,2021-10-31,MCD,0.0,0.1,0.0
Long-short,2021-10-31,WMT,0.0,-0.1,-0.1
Long-short,2021-10-31,COST,0.0,-0.1,0.0
Long-short,2021-10-31,PG,0.1,0.0,-0.1
Long-short,2021-10-31,KO,0.0,0.1,0.0
Long-short,2021-10-31,JNJ,0.1,0.0,0.0
Long-short,2021-10-31,PFE,0.1,0.0,0.0
Long-short,2021-10-31,MRK,0.0,0.0,0.0
Long-short,2021-10-31,XOM,-0.1,-0.1,0.1
Long-short,2021-10-31,CVX,-0.1,-0.1,0.1
Long-short,2021-10-31,CAT,0.0,0.0,0.0
Long-short,2021-10-31,HON,0.0,0.0,0.0
Long-short,2021-10-31,NEE,-0.1,0.0,-0.1
Long-short,2021-10-31,DUK,0.0,0.0,-0.1
Long-short,2021-11-30,AAPL,0.0,0.0,0.0
Long-short,2021-11-30,MSFT,0.0,0.1,0.1
Long-short,2021-11-30,NVDA,-0.1,0.1,0.1
Long-short,2021-11-30,ORCL,0.1,0.1,0.1
Long-short,2021-11-30,AMZN,-0.1,-0.1,-0.1
Long-short,2021-11-30,HD,0.0,0.0,0.1
Long-short,2021-11-30,MCD,0.0,0.1,0.0
Long-short,2021-11-30,WMT,0.1,-0.1,-0.1
Long-short,2021-11-30,COST,-0.1,-0.1,0.0
Long-short,2021-11-30,PG,0.1,0.0,-0.1
Long-short,2021-11-30,KO,0.0,0.1,-0.1
Long-short,2021-11-30,JNJ,0.1,0.0,0.0
Long-short,2021-11-30,PFE,0.0,0.0,0.0
Long-short,2021-11-30,MRK,0.1,0.0,0.0
Long-short,2021-11-30,XOM,-0.1,-0.1,0.1
Long-short,2021-11-30,CVX,-0.1,-0.1,0.0
Long-short,2021-11-30,CAT,0.0,0.0,0.0
Long-short,2021-11-30,HON,0.0,0.0,-0.1
Long-short,2021-11-30,NEE,0.0,0.0,0.0
Long-short,2021-11-30,DUK,0.0,0.0,0.0
Long-short,2021-12-31,AAPL,0.0,0.0,0.0
Long-short,2021-12-31,MSFT,0.0,0.1,0.1
Long-short,2021-12-31,NVDA,-0.1,0.1,0.1
Long-short,2021-12-31,ORCL,0.1,0.1,0.0
Long-short,2021-12-31,AMZN,-0.1,-0.1,0.0
Long-short,2021-12-31,HD,0.0,0.0,0.1
Long-short,2021-12-31,MCD,0.0,0.1,0.0
Long-short,2021-12-31,WMT,0.1,-0.1,-0.1
Long-short,2021-12-31,COST,0.0,-0.1,0.1
Long-short,2021-12-31,PG,0.1,0.0,0.0
Long-short,2021-12-31,KO,0.0,0.1,-0.1
Long-short,2021-12-31,JNJ,0.0,0.0,-0.1
Long-short,2021-12-31,PFE,0.0,0.0,0.1
Long-short,2021-12-31,MRK,0.1,0.0,-0.1
Long-short,2021-12-31,XOM,-0.1,-0.1,0.0
Long-short,2021-12-31,CVX,-0.1,-0.1,0.0
Long-short,2021-12-31,CAT,0.0,0.0,0.0
Long-short,2021-12-31,HON,0.1,0.0,-0.1
Long-short,2021-12-31,NEE,-0.1,0.0,0.0
Long-short,2021-12-31,DUK,0.0,0.0,0.0
Long-short,2022-01-31,AAPL,0.0,0.0,0.0
Long-short,2022-01-31,MSFT,0.0,0.1,0.1
Long-short,2022-01-31,NVDA,-0.1,0.1,0.1
Long-short,2022-01-31,ORCL,0.1,0.1,0.0
Long-short,2022-01-31,AMZN,-0.1,-0.1,-0.1
Long-short,2022-01-31,HD,0.1,0.0,0.0
Long-short,2022-01-31,MCD,0.0,0.1,0.0
Long-short,2022-01-31,WMT,0.1,-0.1,-0.1
Long-short,2022-01-31,COST,0.0,-0.1,0.1
Long-short,2022-01-31,PG,0.1,0.0,0.1
Long-short,2022-01-31,KO,0.0,0.1,0.0
Long-short,2022-01-31,JNJ,0.0,0.0,-0.1
Long-short,2022-01-31,PFE,0.0,0.0,0.1
Long-short,2022-01-31,MRK,0.1,0.0,-0.1
Long-short,2022-01-31,XOM,-0.1,-0.1,0.0
Long-short,2022-01-31,CVX,-0.1,-0.1,0.0
Long-short,2022-01-31,CAT,0.0,0.0,0.0
Long-short,2022-01-31,HON,0.0,0.0,-0.1
Long-short,2022-01-31,NEE,0.0,0.0,0.0
Long-short,2022-01-31,DUK,-0.1,0.0,0.0
Long-short,2022-02-28,AAPL,0.0,0.0,0.1
Long-short,2022-02-28,MSFT,0.0,0.1,0.0
Long-short,2022-02-28,NVDA,-0.1,0.1,0.0
Long-short,2022-02-28,ORCL,0.1,0.1,0.0
Long-short,2022-02-28,AMZN,-0.1,-0.1,-0.1
Long-short,2022-02-28,HD,0.1,0.0,0.0
Long-short,2022-02-28,MCD,0.0,0.1,0.1
Long-short,2022-02-28,WMT,0.1,-0.1,-0.1
Long-short,2022-02-28,COST,0.0,-0.1,0.1
Long-short,2022-02-28,PG,0.1,0.0,0.1
Long-short,2022-02-28,KO,0.0,0.1,0.0
Long-short,2022-02-28,JNJ,0.0,0.0,0.0
Long-short,2022-02-28,PFE,0.0,0.0,0.1
Long-short,2022-02-28,MRK,0.1,0.0,0.0
Long-short,2022-02-28,XOM,-0.1,-0.1,0.0
Long-short,2022-02-28,CVX,-0.1,-0.1,0.0
Long-short,2022-02-28,CAT,0.0,0.0,-0.1
Long-short,2022-02-28,HON,0.0,0.0,-0.1
Long-short,2022-02-28,NEE,0.0,0.0,-0.1
Long-short,2022-02-28,DUK,-0.1,0.0,0.0
Long-short,2022-03-31,AAPL,0.0,0.1,0.1
Long-short,2022-03-31,MSFT,0.0,0.1,0.1
Long-short,2022-03-31,NVDA,-0.1,0.1,0.1
Long-short,2022-03-31,ORCL,0.1,0.1,0.0
Long-short,2022-03-31,AMZN,-0.1,-0.1,-0.1
Long-short,2022-03-31,HD,0.1,0.0,0.0
Long-short,2022-03-31,MCD,0.0,0.1,0.0
Long-short,2022-03-31,WMT,0.0,-0.1,-0.1
Long-short,2022-03-31,COST,0.0,-0.1,0.1
Long-short,2022-03-31,PG,0.1,0.0,0.0
Long-short,2022-03-31,KO,0.0,0.0,0.1
Long-short,2022-03-31,JNJ,0.0,0.0,-0.1
Long-short,2022-03-31,PFE,0.0,0.0,0.0
Long-short,2022-03-31,MRK,0.1,0.0,0.0
Long-short,2022-03-31,XOM,-0.1,-0.1,0.0
Long-short,2022-03-31,CVX,-0.1,-0.1,0.0
Long-short,2022-03-31,CAT,0.0,0.0,-0.1
Long-short,2022-03-31,HON,0.1,0.0,-0.1
Long-short,2022-03-31,NEE,0.0,0.0,0.0
Long-short,2022-03-31,DUK,-0.1,0.0,0.0
Long-short,2022-04-30,AAPL,0.1,0.1,0.1
Long-short,2022-04-30,MSFT,0.0,0.1,0.0
Long-short,2022-04-30,NVDA,-0.1,0.1,0.1
Long-short,2022-04-30,ORCL,0.1,0.1,-0.1
Long-short,2022-04-30,AMZN,-0.1,-0.1,-0.1
Long-short,2022-04-30,HD,0.1,0.0,-0.1
Long-short,2022-04-30,MCD,0.0,0.1,0.0
Long-short,2022-04-30,WMT,0.0,-0.1,0.0
Long-short,2022-04-30,COST,0.0,-0.1,0.1
Long-short,2022-04-30,PG,0.1,0.0,0.0
Long-short,2022-04-30,KO,0.0,0.0,0.0
Long-short,2022-04-30,JNJ,0.0,0.0,0.0
Long-short,2022-04-30,PFE,0.0,0.0,0.0
Long-short,2022-04-30,MRK,0.0,0.0,0.0
Long-short,2022-04-30,XOM,-0.1,-0.1,0.1
Long-short,2022-04-30,CVX,-0.1,-0.1,0.1
Long-short,2022-04-30,CAT,0.0,0.0,-0.1
Long-short,2022-04-30,HON,0.1,0.0,-0.1
Long-short,2022-04-30,NEE,0.0,0.0,0.0
Long-short,2022-04-30,DUK,-0.1,0.0,0.0
Long-short,2022-05-31,AAPL,0.1,0.1,0.1
Long-short,2022-05-31,MSFT,0.0,0.1,0.0
Long-short,2022-05-31,NVDA,-0.1,0.1,0.0
Long-short,2022-05-31,ORCL,0.1,0.1,-0.1
Long-short,2022-05-31,AMZN,-0.1,-0.1,-0.1
Long-short,2022-05-31,HD,0.1,0.0,-0.1
Long-short,2022-05-31,MCD,0.0,0.1,0.0
Long-short,2022-05-31,WMT,0.1,-0.1,0.0
Long-short,2022-05-31,COST,0.0,-0.1,0.1
Long-short,2022-05-31,PG,0.1,0.0,0.1
Long-short,2022-05-31,KO,0.0,0.0,0.0
Long-short,2022-05-31,JNJ,0.0,0.0,0.0
Long-short,2022-05-31,PFE,0.0,0.0,0.0
Long-short,2022-05-31,MRK,0.0,0.0,0.0
Long-short,2022-05-31,XOM,-0.1,-0.1,0.1
Long-short,2022-05-31,CVX,-0.1,-0.1,0.1
Long-short,2022-05-31,CAT,0.0,0.0,-0.1
Long-short,2022-05-31,HON,0.0,0.0,-0.1
Long-short,2022-05-31,NEE,0.0,0.0,0.0
Long-short,2022-05-31,DUK,-0.1,0.0,0.0
Long-short,2022-06-30,AAPL,0.0,0.0,0.0
Long-short,2022-06-30,MSFT,-0.1,0.1,0.0
Long-short,2022-06-30,NVDA,-0.1,0.0,0.0
Long-short,2022-06-30,ORCL,0.1,0.1,-0.1
Long-short,2022-06-30,AMZN,-0.1,-0.1,-0.1
Long-short,2022-06-30,HD,0.0,-0.1,-0.1
Long-short,2022-06-30,MCD,0.0,0.1,0.0
Long-short,2022-06-30,WMT,0.0,-0.1,-0.1
Long-short,2022-06-30,COST,-0.1,-0.1,0.0
Long-short,2022-06-30,PG,0.0,0.0,0.0
Long-short,2022-06-30,KO,0.0,0.0,0.1
Long-short,2022-06-30,JNJ,0.0,0.0,0.0
Long-short,2022-06-30,PFE,0.1,0.1,0.1
Long-short,2022-06-30,MRK,0.1,0.1,0.0
Long-short,2022-06-30,XOM,0.1,-0.1,0.1
Long-short,2022-06-30,CVX,0.0,0.0,0.1
Long-short,2022-06-30,CAT,0.1,0.0,0.0
Long-short,2022-06-30,HON,0.0,0.0,-0.1
Long-short,2022-06-30,NEE,-0.1,0.0,0.0
Long-short,2022-06-30,DUK,0.0,0.0,0.1
Long-short,2022-07-31,AAPL,0.0,0.0,0.0
Long-short,2022-07-31,MSFT,-0.1,0.1,0.0
Long-short,2022-07-31,NVDA,-0.1,0.1,0.0
Long-short,2022-07-31,ORCL,0.1,0.1,-0.1
Long-short,2022-07-31,AMZN,-0.1,-0.1,-0.1
Long-short,2022-07-31,HD,0.0,0.0,-0.1
Long-short,2022-07-31,MCD,0.0,0.1,0.0
Long-short,2022-07-31,WMT,0.0,-0.1,-0.1
Long-short,2022-07-31,COST,-0.1,-0.1,0.0
Long-short,2022-07-31,PG,0.0,0.0,0.0
Long-short,2022-07-31,KO,0.0,0.0,0.1
Long-short,2022-07-31,JNJ,0.0,0.0,0.0
Long-short,2022-07-31,PFE,0.1,0.1,0.1
Long-short,2022-07-31,MRK,0.1,0.0,0.1
Long-short,2022-07-31,XOM,0.1,-0.1,0.1
Long-short,2022-07-31,CVX,0.0,-0.1,0.1
Long-short,2022-07-31,CAT,0.1,0.0,0.0
Long-short,2022-07-31,HON,0.0,0.0,-0.1
Long-short,2022-07-31,NEE,-0.1,0.0,0.0
Long-short,2022-07-31,DUK,0.0,0.0,0.0
Long-short,2022-08-31,AAPL,0.0,0.0,0.0
Long-short,2022-08-31,MSFT,-0.1,0.1,0.0
Long-short,2022-08-31,NVDA,-0.1,0.1,-0.1
Long-short,2022-08-31,ORCL,0.1,0.1,-0.1
Long-short,2022-08-31,AMZN,-0.1,-0.1,-0.1
Long-short,2022-08-31,HD,0.0,0.0,0.0
Long-short,2022-08-31,MCD,0.0,0.1,0.0
Long-short,2022-08-31,WMT,0.0,-0.1,-0.1
Long-short,2022-08-31,COST,-0.1,-0.1,0.1
Long-short,2022-08-31,PG,0.0,0.0,0.0
Long-short,2022-08-31,KO,0.0,0.0,0.1
Long-short,2022-08-31,JNJ,0.0,0.0,0.0
Long-short,2022-08-31,PFE,0.1,0.1,0.0
Long-short,2022-08-31,MRK,0.1,0.0,0.1
Long-short,2022-08-31,XOM,0.1,-0.1,0.1
Long-short,2022-08-31,CVX,0.0,-0.1,0.1
Long-short,2022-08-31,CAT,0.1,0.0,0.0
Long-short,2022-08-31,HON,0.0,0.0,-0.1
Long-short,2022-08-31,NEE,-0.1,0.0,0.0
Long-short,2022-08-31,DUK,0.0,0.0,0.0
Long-short,2022-09-30,AAPL,0.0,0.0,0.0
Long-short,2022-09-30,MSFT,-0.1,0.1,-0.1
Long-short,2022-09-30,NVDA,-0.1,0.1,-0.1
Long-short,2022-09-30,ORCL,0.1,0.1,-0.1
Long-short,2022-09-30,AMZN,-0.1,-0.1,-0.1
Long-short,2022-09-30,HD,0.0,0.0,0.0
Long-short,2022-09-30,MCD,0.0,0.1,0.0
Long-short,2022-09-30,WMT,0.0,-0.1,0.0
Long-short,2022-09-30,COST,-0.1,-0.1,0.1
Long-short,2022-09-30,PG,0.0,0.0,0.0
Long-short,2022-09-30,KO,0.0,0.0,0.1
Long-short,2022-09-30,JNJ,0.0,0.0,0.0
Long-short,2022-09-30,PFE,0.1,0.1,0.0
Long-short,2022-09-30,MRK,0.1,0.0,0.0
Long-short,2022-09-30,XOM,0.1,-0.1,0.1
Long-short,2022-09-30,CVX,0.0,-0.1,0.1
Long-short,2022-09-30,CAT,0.1,0.0,0.0
Long-short,2022-09-30,HON,0.0,0.0,-0.1
Long-short,2022-09-30,NEE,-0.1,0.0,0.0
Long-short,2022-09-30,DUK,0.0,0.0,0.1
Long-short,2022-10-31,AAPL,0.0,0.0,0.0
Long-short,2022-10-31,MSFT,-0.1,0.1,-0.1
Long-short,2022-10-31,NVDA,-0.1,0.1,-0.1
Long-short,2022-10-31,ORCL,0.1,0.1,-0.1
Long-short,2022-10-31,AMZN,-0.1,-0.1,0.0
Long-short,2022-10-31,HD,0.1,0.0,-0.1
Long-short,2022-10-31,MCD,0.0,0.1,0.0
Long-short,2022-10-31,WMT,0.0,-0.1,0.0
Long-short,2022-10-31,COST,-0.1,-0.1,0.0
Long-short,2022-10-31,PG,0.0,0.0,0.0
Long-short,2022-10-31,KO,0.0,0.0,0.1
Long-short,2022-10-31,JNJ,0.0,0.0,0.1
Long-short,2022-10-31,PFE,0.1,0.1,0.1
Long-short,2022-10-31,MRK,0.1,0.0,0.0
Long-short,2022-10-31,XOM,0.0,-0.1,0.1
Long-short,2022-10-31,CVX,0.0,-0.1,0.1
Long-short,2022-10-31,CAT,0.1,0.0,0.0
Long-short,2022-10-31,HON,0.0,0.0,-0.1
Long-short,2022-10-31,NEE,-0.1,0.0,0.0
Long-short,2022-10-31,DUK,0.0,0.0,0.0
Long-short,2022-11-30,AAPL,0.0,0.0,0.0
Long-short,2022-11-30,MSFT,-0.1,0.1,-0.1
Long-short,2022-11-30,NVDA,-0.1,0.1,-0.1
Long-short,2022-11-30,ORCL,-0.1,0.0,-0.1
Long-short,2022-11-30,AMZN,0.0,-0.1,-0.1
Long-short,2022-11-30,HD,0.1,0.0,-0.1
Long-short,2022-11-30,MCD,0.0,0.1,0.0
Long-short,2022-11-30,WMT,0.0,-0.1,0.0
Long-short,2022-11-30,COST,-0.1,-0.1,0.0
Long-short,2022-11-30,PG,0.0,0.0,0.0
Long-short,2022-11-30,KO,0.0,0.0,0.1
Long-short,2022-11-30,JNJ,0.0,0.0,0.1
Long-short,2022-11-30,PFE,0.1,0.1,0.0
Long-short,2022-11-30,MRK,0.1,0.1,0.1
Long-short,2022-11-30,XOM,0.1,-0.1,0.1
Long-short,2022-11-30,CVX,0.0,-0.1,0.1
Long-short,2022-11-30,CAT,0.1,0.0,0.0
Long-short,2022-11-30,HON,0.0,0.0,0.0
Long-short,2022-11-30,NEE,-0.1,0.0,0.0
Long-short,2022-11-30,DUK,0.0,0.0,0.0
Long-short,2022-12-31,AAPL,0.0,0.0,-0.1
Long-short,2022-12-31,MSFT,0.0,0.1,-0.1
Long-short,2022-12-31,NVDA,-0.1,0.1,-0.1
Long-short,2022-12-31,ORCL,-0.1,0.0,0.0
Long-short,2022-12-31,AMZN,0.0,-0.1,-0.1
Long-short,2022-12-31,HD,0.1,0.0,-0.1
Long-short,2022-12-31,MCD,0.0,0.1,0.0
Long-short,2022-12-31,WMT,0.0,-0.1,0.0
Long-short,2022-12-31,COST,-0.1,-0.1,0.0
Long-short,2022-12-31,PG,0.0,0.0,0.0
Long-short,2022-12-31,KO,-0.1,0.0,0.1
Long-short,2022-12-31,JNJ,0.0,0.0,0.0
Long-short,2022-12-31,PFE,0.1,0.1,0.0
Long-short,2022-12-31,MRK,0.1,0.1,0.1
Long-short,2022-12-31,XOM,0.1,-0.1,0.1
Long-short,2022-12-31,CVX,0.0,-0.1,0.1
Long-short,2022-12-31,CAT,0.1,0.0,0.1
Long-short,2022-12-31,HON,0.0,0.0,0.0
Long-short,2022-12-31,NEE,-0.1,0.0,0.0
Long-short,2022-12-31,DUK,0.0,0.0,0.0
Long-short,2023-01-31,AAPL,0.0,0.0,-0.1
Long-short,2023-01-31,MSFT,0.0,0.1,-0.1
Long-short,2023-01-31,NVDA,-0.1,0.1,-0.1
Long-short,2023-01-31,ORCL,-0.1,0.0,0.0
Long-short,2023-01-31,AMZN,-0.1,-0.1,-0.1
Long-short,2023-01-31,HD,0.1,0.0,-0.1
Long-short,2023-01-31,MCD,0.0,0.1,0.0
Long-short,2023-01-31,WMT,0.0,-0.1,0.0
Long-short,2023-01-31,COST,-0.1,-0.1,0.0
Long-short,2023-01-31,PG,0.0,0.0,0.0
Long-short,2023-01-31,KO,0.0,0.0,0.0
Long-short,2023-01-31,JNJ,0.1,0.0,0.0
Long-short,2023-01-31,PFE,0.1,0.1,0.0
Long-short,2023-01-31,MRK,0.1,0.1,0.1
Long-short,2023-01-31,XOM,0.0,-0.1,0.1
Long-short,2023-01-31,CVX,0.0,-0.1,0.1
Long-short,2023-01-31,CAT,0.1,0.0,0.1
Long-short,2023-01-31,HON,0.0,0.0,0.0
Long-short,2023-01-31,NEE,-0.1,0.0,0.1
Long-short,2023-01-31,DUK,0.0,0.0,0.0
Long-short,2023-02-28,AAPL,0.0,0.0,-0.1
Long-short,2023-02-28,MSFT,0.0,0.1,-0.1
Long-short,2023-02-28,NVDA,-0.1,0.1,0.0
Long-short,2023-02-28,ORCL,-0.1,0.0,0.1
Long-short,2023-02-28,AMZN,-0.1,-0.1,-0.1
Long-short,2023-02-28,HD,0.1,0.0,0.0
Long-short,2023-02-28,MCD,0.0,0.1,0.0
Long-short,2023-02-28,WMT,0.0,-0.1,0.0
Long-short,2023-02-28,COST,-0.1,-0.1,0.0
Long-short,2023-02-28,PG,0.0,0.0,-0.1
Long-short,2023-02-28,KO,0.0,0.0,0.0
Long-short,2023-02-28,JNJ,0.1,0.0,0.0
Long-short,2023-02-28,PFE,0.1,0.1,-0.1
Long-short,2023-02-28,MRK,0.0,0.1,0.1
Long-short,2023-02-28,XOM,0.0,-0.1,0.1
Long-short,2023-02-28,CVX,0.1,-0.1,0.1
Long-short,2023-02-28,CAT,0.1,0.0,0.1
Long-short,2023-02-28,HON,0.0,0.0,0.0
Long-short,2023-02-28,NEE,-0.1,0.0,0.0
Long-short,2023-02-28,DUK,0.0,0.0,0.0
Long-short,2023-03-31,AAPL,0.0,0.0,0.0
Long-short,2023-03-31,MSFT,0.0,0.1,-0.1
Long-short,2023-03-31,NVDA,-0.1,0.1,0.0
Long-short,2023-03-31,ORCL,-0.1,0.0,0.1
Long-short,2023-03-31,AMZN,-0.1,-0.1,-0.1
Long-short,2023-03-31,HD,0.1,0.0,0.0
Long-short,2023-03-31,MCD,0.0,0.1,0.1
Long-short,2023-03-31,WMT,0.0,-0.1,0.0
Long-short,2023-03-31,COST,-0.1,-0.1,0.0
Long-short,2023-03-31,PG,0.0,0.0,0.0
Long-short,2023-03-31,KO,0.0,0.0,0.0
Long-short,2023-03-31,JNJ,0.1,0.0,-0.1
Long-short,2023-03-31,PFE,0.1,0.1,-0.1
Long-short,2023-03-31,MRK,0.0,0.1,0.1
Long-short,2023-03-31,XOM,0.0,-0.1,0.1
Long-short,2023-03-31,CVX,0.1,-0.1,0.0
Long-short,2023-03-31,CAT,0.1,0.0,0.1
Long-short,2023-03-31,HON,0.0,0.0,0.0
Long-short,2023-03-31,NEE,-0.1,0.0,0.0
Long-short,2023-03-31,DUK,0.0,0.0,-0.1
Long-short,2023-04-30,AAPL,0.0,0.0,0.0
Long-short,2023-04-30,MSFT,0.0,0.1,0.0
Long-short,2023-04-30,NVDA,-0.1,0.1,0.1
Long-short,2023-04-30,ORCL,-0.1,0.0,0.1
Long-short,2023-04-30,AMZN,-0.1,-0.1,-0.1
Long-short,2023-04-30,HD,0.1,0.0,0.0
Long-short,2023-04-30,MCD,0.0,0.1,0.1
Long-short,2023-04-30,WMT,0.0,-0.1,0.0
Long-short,2023-04-30,COST,-0.1,-0.1,0.0
Long-short,2023-04-30,PG,0.0,0.0,-0.1
Long-short,2023-04-30,KO,0.0,0.0,0.0
Long-short,2023-04-30,JNJ,0.1,0.0,-0.1
Long-short,2023-04-30,PFE,0.1,0.1,-0.1
Long-short,2023-04-30,MRK,0.0,0.1,0.1
Long-short,2023-04-30,XOM,0.0,-0.1,0.1
Long-short,2023-04-30,CVX,0.1,-0.1,0.0
Long-short,2023-04-30,CAT,0.1,0.0,0.0
Long-short,2023-04-30,HON,0.0,0.0,0.0
Long-short,2023-04-30,NEE,-0.1,0.0,0.0
Long-short,2023-04-30,DUK,0.0,0.0,-0.1
Long-short,2023-05-31,AAPL,0.0,0.0,0.0
Long-short,2023-05-31,MSFT,0.0,0.1,0.0
Long-short,2023-05-31,NVDA,-0.1,0.1,0.1
Long-short,2023-05-31,ORCL,-0.1,0.0,0.1
Long-short,2023-05-31,AMZN,-0.1,-0.1,-0.1
Long-short,2023-05-31,HD,0.1,0.0,0.0
Long-short,2023-05-31,MCD,0.0,0.1,0.1
Long-short,2023-05-31,WMT,0.0,-0.1,0.1
Long-short,2023-05-31,COST,-0.1,-0.1,0.0
Long-short,2023-05-31,PG,0.0,0.0,0.0
Long-short,2023-05-31,KO,0.0,0.0,0.0
Long-short,2023-05-31,JNJ,0.0,0.0,-0.1
Long-short,2023-05-31,PFE,0.1,0.1,-0.1
Long-short,2023-05-31,MRK,0.0,0.1,0.1
Long-short,2023-05-31,XOM,0.1,-0.1,0.0
Long-short,2023-05-31,CVX,0.1,-0.1,-0.1
Long-short,2023-05-31,CAT,0.1,0.0,0.0
Long-short,2023-05-31,HON,0.0,0.0,0.0
Long-short,2023-05-31,NEE,-0.1,0.0,0.0
Long-short,2023-05-31,DUK,0.0,0.0,-0.1
Long-short,2023-06-30,AAPL,0.0,0.1,0.1
Long-short,2023-06-30,MSFT,0.0,0.1,0.0
Long-short,2023-06-30,NVDA,-0.1,0.1,0.1
Long-short,2023-06-30,ORCL,-0.1,0.0,0.1
Long-short,2023-06-30,AMZN,-0.1,-0.1,0.0
Long-short,2023-06-30,HD,0.1,-0.1,0.0
Long-short,2023-06-30,MCD,0.0,0.1,0.0
Long-short,2023-06-30,WMT,0.0,-0.1,0.1
Long-short,2023-06-30,COST,-0.1,-0.1,0.0
Long-short,2023-06-30,PG,0.0,0.0,0.0
Long-short,2023-06-30,KO,0.0,0.0,-0.1
Long-short,2023-06-30,JNJ,0.0,0.0,-0.1
Long-short,2023-06-30,PFE,0.1,0.1,-0.1
Long-short,2023-06-30,MRK,0.0,0.0,0.1
Long-short,2023-06-30,XOM,0.1,0.0,0.0
Long-short,2023-06-30,CVX,0.1,0.0,0.0
Long-short,2023-06-30,CAT,0.1,0.0,0.0
Long-short,2023-06-30,HON,0.0,0.0,0.0
Long-short,2023-06-30,NEE,-0.1,0.0,-0.1
Long-short,2023-06-30,DUK,0.0,-0.1,-0.1
Long-short,2023-07-31,AAPL,0.0,0.1,0.0
Long-short,2023-07-31,MSFT,0.0,0.1,0.0
Long-short,2023-07-31,NVDA,-0.1,0.0,0.1
Long-short,2023-07-31,ORCL,-0.1,0.0,0.1
Long-short,2023-07-31,AMZN,-0.1,-0.1,0.0
Long-short,2023-07-31,HD,0.1,-0.1,0.0
Long-short,2023-07-31,MCD,0.0,0.1,0.1
Long-short,2023-07-31,WMT,-0.1,-0.1,0.1
Long-short,2023-07-31,COST,-0.1,-0.1,0.0
Long-short,2023-07-31,PG,0.0,0.0,0.0
Long-short,2023-07-31,KO,0.0,0.0,-0.1
Long-short,2023-07-31,JNJ,0.0,0.0,-0.1
Long-short,2023-07-31,PFE,0.1,0.1,-0.1
Long-short,2023-07-31,MRK,0.1,0.1,0.1
Long-short,2023-07-31,XOM,0.1,0.0,0.0
Long-short,2023-07-31,CVX,0.1,0.0,0.0
Long-short,2023-07-31,CAT,0.0,0.0,0.0
Long-short,2023-07-31,HON,0.0,0.0,0.0
Long-short,2023-07-31,NEE,0.0,0.0,-0.1
Long-short,2023-07-31,DUK,0.0,-0.1,-0.1
Long-short,2023-08-31,AAPL,0.0,0.1,0.0
Long-short,2023-08-31,MSFT,0.0,0.1,0.0
Long-short,2023-08-31,NVDA,-0.1,0.0,0.1
Long-short,2023-08-31,ORCL,-0.1,0.0,0.1
Long-short,2023-08-31,AMZN,-0.1,-0.1,0.0
Long-short,2023-08-31,HD,0.1,-0.1,0.0
Long-short,2023-08-31,MCD,0.0,0.1,0.0
Long-short,2023-08-31,WMT,-0.1,-0.1,0.1
Long-short,2023-08-31,COST,-0.1,-0.1,0.0
Long-short,2023-08-31,PG,0.0,0.0,0.0
Long-short,2023-08-31,KO,0.0,0.0,-0.1
Long-short,2023-08-31,JNJ,0.0,0.0,0.0
Long-short,2023-08-31,PFE,0.1,0.1,-0.1
Long-short,2023-08-31,MRK,0.1,0.1,0.1
Long-short,2023-08-31,XOM,0.1,0.0,0.0
Long-short,2023-08-31,CVX,0.1,0.0,-0.1
Long-short,2023-08-31,CAT,0.0,0.0,0.1
Long-short,2023-08-31,HON,0.0,0.0,0.0
Long-short,2023-08-31,NEE,0.0,0.0,-0.1
Long-short,2023-08-31,DUK,0.0,-0.1,-0.1
Long-short,2023-09-30,AAPL,0.0,0.1,0.0
Long-short,2023-09-30,MSFT,0.0,0.1,0.1
Long-short,2023-09-30,NVDA,-0.1,0.0,0.1
Long-short,2023-09-30,ORCL,-0.1,0.0,0.1
Long-short,2023-09-30,AMZN,-0.1,-0.1,0.0
Long-short,2023-09-30,HD,0.1,-0.1,0.0
Long-short,2023-09-30,MCD,0.0,0.1,0.0
Long-short,2023-09-30,WMT,-0.1,-0.1,0.1
Long-short,2023-09-30,COST,-0.1,-0.1,0.0
Long-short,2023-09-30,PG,0.0,0.0,0.0
Long-short,2023-09-30,KO,0.0,0.0,-0.1
Long-short,2023-09-30,JNJ,0.0,0.0,-0.1
Long-short,2023-09-30,PFE,0.1,0.1,-0.1
Long-short,2023-09-30,MRK,0.1,0.1,0.0
Long-short,2023-09-30,XOM,0.1,0.0,0.0
Long-short,2023-09-30,CVX,0.1,0.0,0.0
Long-short,2023-09-30,CAT,0.0,0.0,0.1
Long-short,2023-09-30,HON,0.0,0.0,0.0
Long-short,2023-09-30,NEE,0.0,0.0,-0.1
Long-short,2023-09-30,DUK,0.0,-0.1,-0.1
Long-short,2023-10-31,AAPL,0.0,0.1,0.0
Long-short,2023-10-31,MSFT,0.0,0.1,0.1
Long-short,2023-10-31,NVDA,-0.1,0.0,0.1
Long-short,2023-10-31,ORCL,-0.1,0.0,0.1
Long-short,2023-10-31,AMZN,-0.1,-0.1,0.0
Long-short,2023-10-31,HD,0.1,-0.1,0.0
Long-short,2023-10-31,MCD,0.0,0.1,0.0
Long-short,2023-10-31,WMT,-0.1,-0.1,0.1
Long-short,2023-10-31,COST,-0.1,-0.1,0.0
Long-short,2023-10-31,PG,0.0,0.0,0.0
Long-short,2023-10-31,KO,0.0,0.0,-0.1
Long-short,2023-10-31,JNJ,0.0,0.0,-0.1
Long-short,2023-10-31,PFE,0.1,0.1,-0.1
Long-short,2023-10-31,MRK,0.0,0.1,0.0
Long-short,2023-10-31,XOM,0.1,0.0,0.0
Long-short,2023-10-31,CVX,0.1,0.0,0.0
Long-short,2023-10-31,CAT,0.1,0.0,0.1
Long-short,2023-10-31,HON,0.0,0.0,-0.1
Long-short,2023-10-31,NEE,0.0,0.0,-0.1
Long-short,2023-10-31,DUK,0.0,-0.1,0.0
Long-short,2023-11-30,AAPL,0.0,0.1,0.1
Long-short,2023-11-30,MSFT,-0.1,0.1,0.1
Long-short,2023-11-30,NVDA,-0.1,0.0,0.1
Long-short,2023-11-30,ORCL,-0.1,0.0,0.1
Long-short,2023-11-30,AMZN,-0.1,-0.1,0.1
Long-short,2023-11-30,HD,0.1,-0.1,0.0
Long-short,2023-11-30,MCD,0.0,0.1,0.0
Long-short,2023-11-30,WMT,0.0,-0.1,0.0
Long-short,2023-11-30,COST,-0.1,-0.1,0.0
Long-short,2023-11-30,PG,0.0,0.0,0.0
Long-short,2023-11-30,KO,0.0,0.0,-0.1
Long-short,2023-11-30,JNJ,0.0,0.0,-0.1
Long-short,2023-11-30,PFE,0.1,0.1,-0.1
Long-short,2023-11-30,MRK,0.1,0.1,0.0
Long-short,2023-11-30,XOM,0.1,0.0,0.0
Long-short,2023-11-30,CVX,0.1,0.0,0.0
Long-short,2023-11-30,CAT,0.0,0.0,0.0
Long-short,2023-11-30,HON,0.0,0.0,-0.1
Long-short,2023-11-30,NEE,0.0,0.0,-0.1
Long-short,2023-11-30,DUK,0.0,-0.1,0.0
Long-short,2023-12-31,AAPL,0.0,0.1,0.1
Long-short,2023-12-31,MSFT,-0.1,0.1,0.1
Long-short,2023-12-31,NVDA,-0.1,0.0,0.1
Long-short,2023-12-31,ORCL,0.0,0.0,0.0
Long-short,2023-12-31,AMZN,-0.1,-0.1,0.1
Long-short,2023-12-31,HD,0.1,-0.1,0.0
Long-short,2023-12-31,MCD,0.0,0.1,0.0
Long-short,2023-12-31,WMT,-0.1,-0.1,0.0
Long-short,2023-12-31,COST,-0.1,-0.1,0.1
Long-short,2023-12-31,PG,0.0,0.0,0.0
Long-short,2023-12-31,KO,0.0,0.0,-0.1
Long-short,2023-12-31,JNJ,0.0,0.0,-0.1
Long-short,2023-12-31,PFE,0.1,0.1,-0.1
Long-short,2023-12-31,MRK,0.1,0.1,0.0
Long-short,2023-12-31,XOM,0.1,0.0,0.0
Long-short,2023-12-31,CVX,0.1,0.0,-0.1
Long-short,2023-12-31,CAT,0.0,0.0,0.0
Long-short,2023-12-31,HON,0.0,0.0,0.0
Long-short,2023-12-31,NEE,0.0,0.0,-0.1
Long-short,2023-12-31,DUK,0.0,-0.1,0.0
Long-short,2024-01-31,AAPL,0.0,0.1,0.1
Long-short,2024-01-31,MSFT,-0.1,0.1,0.1
Long-short,2024-01-31,NVDA,-0.1,0.0,0.1
Long-short,2024-01-31,ORCL,0.0,0.0,0.0
Long-short,2024-01-31,AMZN,-0.1,-0.1,0.1
Long-short,2024-01-31,HD,0.1,-0.1,0.0
Long-short,2024-01-31,MCD,0.0,0.1,0.0
Long-short,2024-01-31,WMT,-0.1,-0.1,0.0
Long-short,2024-01-31,COST,-0.1,-0.1,0.1
Long-short,2024-01-31,PG,0.0,0.0,0.0
Long-short,2024-01-31,KO,0.0,0.0,0.0
Long-short,2024-01-31,JNJ,0.0,0.0,-0.1
Long-short,2024-01-31,PFE,0.1,0.1,-0.1
Long-short,2024-01-31,MRK,0.1,0.1,0.0
Long-short,2024-01-31,XOM,0.1,0.0,-0.1
Long-short,2024-01-31,CVX,0.1,0.0,-0.1
Long-short,2024-01-31,CAT,0.0,0.0,0.0
Long-short,2024-01-31,HON,0.0,0.0,0.0
Long-short,2024-01-31,NEE,0.0,0.0,-0.1
Long-short,2024-01-31,DUK,0.0,-0.1,0.0
Long-short,2024-02-29,AAPL,0.0,0.1,0.1
Long-short,2024-02-29,MSFT,-0.1,0.1,0.1
Long-short,2024-02-29,NVDA,-0.1,0.0,0.1
Long-short,2024-02-29,ORCL,0.0,0.0,0.0
Long-short,2024-02-29,AMZN,-0.1,-0.1,0.1
Long-short,2024-02-29,HD,0.1,-0.1,0.0
Long-short,2024-02-29,MCD,0.0,0.1,0.0
Long-short,2024-02-29,WMT,-0.1,-0.1,0.0
Long-short,2024-02-29,COST,-0.1,-0.1,0.1
Long-short,2024-02-29,PG,0.0,0.0,0.0
Long-short,2024-02-29,KO,0.0,0.0,-0.1
Long-short,2024-02-29,JNJ,0.0,0.0,0.0
Long-short,2024-02-29,PFE,0.1,0.1,-0.1
Long-short,2024-02-29,MRK,0.1,0.1,0.0
Long-short,2024-02-29,XOM,0.1,0.0,-0.1
Long-short,2024-02-29,CVX,0.1,0.0,-0.1
Long-short,2024-02-29,CAT,0.0,0.0,0.0
Long-short,2024-02-29,HON,0.0,0.0,0.0
Long-short,2024-02-29,NEE,0.0,0.0,-0.1
Long-short,2024-02-29,DUK,0.0,-0.1,0.0
Long-short,2024-03-31,AAPL,0.0,0.1,0.0
Long-short,2024-03-31,MSFT,-0.1,0.1,0.1
Long-short,2024-03-31,NVDA,-0.1,0.0,0.1
Long-short,2024-03-31,ORCL,0.0,0.0,0.0
Long-short,2024-03-31,AMZN,-0.1,-0.1,0.1
Long-short,2024-03-31,HD,0.1,-0.1,0.0
Long-short,2024-03-31,MCD,0.0,0.1,0.0
Long-short,2024-03-31,WMT,-0.1,-0.1,0.0
Long-short,2024-03-31,COST,-0.1,-0.1,0.1
Long-short,2024-03-31,PG,0.0,0.0,0.0
Long-short,2024-03-31,KO,0.0,0.0,-0.1
Long-short,2024-03-31,JNJ,0.0,0.0,0.0
Long-short,2024-03-31,PFE,0.1,0.1,-0.1
Long-short,2024-03-31,MRK,0.1,0.1,0.0
Long-short,2024-03-31,XOM,0.1,0.0,0.0
Long-short,2024-03-31,CVX,0.1,0.0,-0.1
Long-short,2024-03-31,CAT,0.0,0.0,0.1
Long-short,2024-03-31,HON,0.0,0.0,0.0
Long-short,2024-03-31,NEE,0.0,0.0,-0.1
Long-short,2024-03-31,DUK,0.0,-0.1,-0.1
Long-short,2024-04-30,AAPL,0.0,0.1,0.0
Long-short,2024-04-30,MSFT,-0.1,0.1,0.1
Long-short,2024-04-30,NVDA,-0.1,0.0,0.1
Long-short,2024-04-30,ORCL,0.0,0.0,0.0
Long-short,2024-04-30,AMZN,-0.1,-0.1,0.1
Long-short,2024-04-30,HD,0.1,-0.1,0.0
Long-short,2024-04-30,MCD,0.0,0.1,-0.1
Long-short,2024-04-30,WMT,-0.1,-0.1,0.0
Long-short,2024-04-30,COST,-0.1,-0.1,0.1
Long-short,2024-04-30,PG,0.0,0.0,0.0
Long-short,2024-04-30,KO,0.0,0.0,-0.1
Long-short,2024-04-30,JNJ,0.1,0.0,0.0
Long-short,2024-04-30,PFE,0.1,0.1,-0.1
Long-short,2024-04-30,MRK,0.0,0.1,0.0
Long-short,2024-04-30,XOM,0.1,0.0,0.0
Long-short,2024-04-30,CVX,0.1,0.0,-0.1
Long-short,2024-04-30,CAT,0.0,0.0,0.1
Long-short,2024-04-30,HON,0.0,0.0,0.0
Long-short,2024-04-30,NEE,0.0,0.0,-0.1
Long-short,2024-04-30,DUK,0.0,-0.1,0.0
Long-short,2024-05-31,AAPL,0.0,0.1,0.0
Long-short,2024-05-31,MSFT,-0.1,0.1,0.0
Long-short,2024-05-31,NVDA,-0.1,0.0,0.1
Long-short,2024-05-31,ORCL,0.0,0.0,0.0
Long-short,2024-05-31,AMZN,-0.1,-0.1,0.1
Long-short,2024-05-31,HD,0.1,-0.1,0.0
Long-short,2024-05-31,MCD,0.0,0.1,-0.1
Long-short,2024-05-31,WMT,-0.1,-0.1,0.1
Long-short,2024-05-31,COST,-0.1,-0.1,0.1
Long-short,2024-05-31,PG,0.0,0.0,0.0
Long-short,2024-05-31,KO,0.0,0.0,0.0
Long-short,2024-05-31,JNJ,0.1,0.0,-0.1
Long-short,2024-05-31,PFE,0.1,0.1,-0.1
Long-short,2024-05-31,MRK,0.0,0.1,0.0
Long-short,2024-05-31,XOM,0.1,0.0,0.0
Long-short,2024-05-31,CVX,0.1,0.0,0.0
Long-short,2024-05-31,CAT,0.0,0.0,0.1
Long-short,2024-05-31,HON,0.0,0.0,-0.1
Long-short,2024-05-31,NEE,0.0,0.0,-0.1
Long-short,2024-05-31,DUK,0.0,-0.1,0.0
Long-short,2024-06-30,AAPL,0.0,0.1,0.0
Long-short,2024-06-30,MSFT,0.0,0.1,0.0
Long-short,2024-06-30,NVDA,-0.1,0.0,0.1
Long-short,2024-06-30,ORCL,0.0,0.0,-0.1
Long-short,2024-06-30,AMZN,-0.1,-0.1,0.1
Long-short,2024-06-30,HD,0.0,0.0,0.0
Long-short,2024-06-30,MCD,0.0,0.1,-0.1
Long-short,2024-06-30,WMT,0.0,-0.1,0.1
Long-short,2024-06-30,COST,-0.1,-0.1,0.1
Long-short,2024-06-30,PG,0.0,0.0,0.0
Long-short,2024-06-30,KO,0.0,0.0,0.0
Long-short,2024-06-30,JNJ,0.1,0.1,-0.1
Long-short,2024-06-30,PFE,-0.1,-0.1,-0.1
Long-short,2024-06-30,MRK,-0.1,-0.1,0.0
Long-short,2024-06-30,XOM,0.1,0.0,0.0
Long-short,2024-06-30,CVX,0.1,0.0,0.0
Long-short,2024-06-30,CAT,0.1,0.0,0.1
Long-short,2024-06-30,HON,0.0,0.0,-0.1
Long-short,2024-06-30,NEE,0.0,0.1,0.0
Long-short,2024-06-30,DUK,0.1,0.0,0.0
Long-short,2024-07-31,AAPL,0.0,0.0,0.0
Long-short,2024-07-31,MSFT,0.0,0.1,0.1
Long-short,2024-07-31,NVDA,-0.1,0.1,0.1
Long-short,2024-07-31,ORCL,0.0,0.0,0.0
Long-short,2024-07-31,AMZN,-0.1,-0.1,0.1
Long-short,2024-07-31,HD,0.0,0.0,0.0
Long-short,2024-07-31,MCD,0.0,0.1,-0.1
Long-short,2024-07-31,WMT,0.0,-0.1,0.1
Long-short,2024-07-31,COST,-0.1,-0.1,0.1
Long-short,2024-07-31,PG,0.0,0.0,0.0
Long-short,2024-07-31,KO,0.0,0.0,0.0
Long-short,2024-07-31,JNJ,0.1,0.1,-0.1
Long-short,2024-07-31,PFE,-0.1,-0.1,-0.1
Long-short,2024-07-31,MRK,-0.1,-0.1,0.0
Long-short,2024-07-31,XOM,0.1,0.0,0.0
Long-short,2024-07-31,CVX,0.1,0.0,-0.1
Long-short,2024-07-31,CAT,0.1,0.0,0.0
Long-short,2024-07-31,HON,0.0,0.0,0.0
Long-short,2024-07-31,NEE,0.0,0.1,-0.1
Long-short,2024-07-31,DUK,0.1,0.0,0.0
Long-short,2024-08-31,AAPL,0.0,0.0,0.0
Long-short,2024-08-31,MSFT,0.0,0.1,0.1
Long-short,2024-08-31,NVDA,-0.1,0.1,0.1
Long-short,2024-08-31,ORCL,0.0,0.0,0.0
Long-short,2024-08-31,AMZN,-0.1,-0.1,0.0
Long-short,2024-08-31,HD,0.0,0.0,0.0
Long-short,2024-08-31,MCD,0.0,0.1,-0.1
Long-short,2024-08-31,WMT,0.0,-0.1,0.1
Long-short,2024-08-31,COST,-0.1,-0.1,0.1
Long-short,2024-08-31,PG,0.0,0.0,0.0
Long-short,2024-08-31,KO,0.0,0.0,0.0
Long-short,2024-08-31,JNJ,0.1,0.1,-0.1
Long-short,2024-08-31,PFE,-0.1,-0.1,-0.1
Long-short,2024-08-31,MRK,-0.1,-0.1,0.0
Long-short,2024-08-31,XOM,0.1,0.0,-0.1
Long-short,2024-08-31,CVX,0.1,0.0,-0.1
Long-short,2024-08-31,CAT,0.1,0.0,0.0
Long-short,2024-08-31,HON,0.0,0.0,0.0
Long-short,2024-08-31,NEE,0.0,0.1,0.0
Long-short,2024-08-31,DUK,0.1,0.0,0.1
Long-short,2024-09-30,AAPL,0.0,0.0,0.0
Long-short,2024-09-30,MSFT,0.0,0.1,0.0
Long-short,2024-09-30,NVDA,-0.1,0.1,0.1
Long-short,2024-09-30,ORCL,0.0,0.0,0.0
Long-short,2024-09-30,AMZN,-0.1,-0.1,0.0
Long-short,2024-09-30,HD,0.0,0.0,0.0
Long-short,2024-09-30,MCD,0.0,0.1,-0.1
Long-short,2024-09-30,WMT,0.0,-0.1,0.1
Long-short,2024-09-30,COST,-0.1,-0.1,0.1
Long-short,2024-09-30,PG,0.0,0.0,0.0
Long-short,2024-09-30,KO,0.0,0.0,0.1
Long-short,2024-09-30,JNJ,0.1,0.1,-0.1
Long-short,2024-09-30,PFE,-0.1,-0.1,-0.1
Long-short,2024-09-30,MRK,-0.1,-0.1,0.0
Long-short,2024-09-30,XOM,0.1,0.0,-0.1
Long-short,2024-09-30,CVX,0.1,0.0,-0.1
Long-short,2024-09-30,CAT,0.1,0.0,0.0
Long-short,2024-09-30,HON,0.0,0.0,0.0
Long-short,2024-09-30,NEE,0.0,0.1,0.0
Long-short,2024-09-30,DUK,0.1,0.0,0.1
Long-short,2024-10-31,AAPL,0.0,0.0,0.0
Long-short,2024-10-31,MSFT,0.0,0.1,0.0
Long-short,2024-10-31,NVDA,-0.1,0.1,0.1
Long-short,2024-10-31,ORCL,0.0,0.0,0.0
Long-short,2024-10-31,AMZN,-0.1,-0.1,0.0
Long-short,2024-10-31,HD,0.0,0.0,0.0
Long-short,2024-10-31,MCD,0.0,0.1,0.0
Long-short,2024-10-31,WMT,0.0,-0.1,0.1
Long-short,2024-10-31,COST,-0.1,-0.1,0.1
Long-short,2024-10-31,PG,0.0,0.0,0.0
Long-short,2024-10-31,KO,0.0,0.0,0.1
Long-short,2024-10-31,JNJ,0.1,0.1,-0.1
Long-short,2024-10-31,PFE,-0.1,-0.1,-0.1
Long-short,2024-10-31,MRK,-0.1,-0.1,-0.1
Long-short,2024-10-31,XOM,0.1,0.0,-0.1
Long-short,2024-10-31,CVX,0.1,0.0,-0.1
Long-short,2024-10-31,CAT,0.1,0.0,0.1
Long-short,2024-10-31,HON,0.0,0.0,0.0
Long-short,2024-10-31,NEE,0.0,0.1,0.0
Long-short,2024-10-31,DUK,0.1,0.0,0.0
Long-short,2024-11-30,AAPL,0.0,0.0,0.0
Long-short,2024-11-30,MSFT,0.0,0.1,0.0
Long-short,2024-11-30,NVDA,-0.1,0.1,0.1
Long-short,2024-11-30,ORCL,0.0,0.0,0.1
Long-short,2024-11-30,AMZN,-0.1,-0.1,0.0
Long-short,2024-11-30,HD,0.0,0.0,0.0
Long-short,2024-11-30,MCD,0.0,0.1,-0.1
Long-short,2024-11-30,WMT,0.0,-0.1,0.1
Long-short,2024-11-30,COST,-0.1,-0.1,0.1
Long-short,2024-11-30,PG,0.0,0.0,0.0
Long-short,2024-11-30,KO,0.0,0.0,0.0
Long-short,2024-11-30,JNJ,0.1,0.1,-0.1
Long-short,2024-11-30,PFE,-0.1,-0.1,-0.1
Long-short,2024-11-30,MRK,-0.1,-0.1,-0.1
Long-short,2024-11-30,XOM,0.1,0.0,0.0
Long-short,2024-11-30,CVX,0.1,0.0,0.0
Long-short,2024-11-30,CAT,0.1,0.0,0.1
Long-short,2024-11-30,HON,0.0,0.0,-0.1
Long-short,2024-11-30,NEE,0.0,0.1,0.0
Long-short,2024-11-30,DUK,0.1,0.0,0.0
Long-short,2024-12-31,AAPL,0.0,0.0,0.0
Long-short,2024-12-31,MSFT,0.0,0.1,0.0
Long-short,2024-12-31,NVDA,-0.1,0.1,0.1
Long-short,2024-12-31,ORCL,0.0,0.0,0.1
Long-short,2024-12-31,AMZN,-0.1,-0.1,0.0
Long-short,2024-12-31,HD,0.0,0.0,0.0
Long-short,2024-12-31,MCD,0.0,0.1,-0.1
Long-short,2024-12-31,WMT,0.0,-0.1,0.1
Long-short,2024-12-31,COST,-0.1,-0.1,0.1
Long-short,2024-12-31,PG,0.0,0.0,0.1
Long-short,2024-12-31,KO,0.0,0.0,0.0
Long-short,2024-12-31,JNJ,0.1,0.1,-0.1
Long-short,2024-12-31,PFE,-0.1,-0.1,-0.1
Long-short,2024-12-31,MRK,-0.1,-0.1,-0.1
Long-short,2024-12-31,XOM,0.1,0.0,0.0
Long-short,2024-12-31,CVX,0.1,0.0,-0.1
Long-short,2024-12-31,CAT,0.1,0.0,0.0
Long-short,2024-12-31,HON,0.0,0.0,0.0
Long-short,2024-12-31,NEE,0.0,0.1,0.0
Long-short,2024-12-31,DUK,0.1,0.0,0.0
Long-short,2025-01-31,AAPL,0.0,0.0,0.1
Long-short,2025-01-31,MSFT,0.0,0.1,0.0
Long-short,2025-01-31,NVDA,-0.1,0.1,0.1
Long-short,2025-01-31,ORCL,0.0,0.0,0.0
Long-short,2025-01-31,AMZN,-0.1,-0.1,0.1
Long-short,2025-01-31,HD,0.0,0.0,0.0
Long-short,2025-01-31,MCD,0.0,0.1,-0.1
Long-short,2025-01-31,WMT,0.0,-0.1,0.1
Long-short,2025-01-31,COST,-0.1,-0.1,0.1
Long-short,2025-01-31,PG,0.0,0.0,0.0
Long-short,2025-01-31,KO,0.0,0.0,0.0
Long-short,2025-01-31,JNJ,0.1,0.1,-0.1
Long-short,2025-01-31,PFE,-0.1,-0.1,-0.1
Long-short,2025-01-31,MRK,-0.1,-0.1,-0.1
Long-short,2025-01-31,XOM,0.1,0.0,0.0
Long-short,2025-01-31,CVX,0.1,0.0,-0.1
Long-short,2025-01-31,CAT,0.1,0.0,0.0
Long-short,2025-01-31,HON,0.0,0.0,0.0
Long-short,2025-01-31,NEE,0.0,0.1,0.0
Long-short,2025-01-31,DUK,0.1,0.0,0.0
Long-short,2025-02-28,AAPL,0.0,0.0,0.0
Long-short,2025-02-28,MSFT,0.0,0.1,0.0
Long-short,2025-02-28,NVDA,-0.1,0.1,0.0
Long-short,2025-02-28,ORCL,0.0,0.0,0.1
Long-short,2025-02-28,AMZN,-0.1,-0.1,0.1
Long-short,2025-02-28,HD,0.0,0.0,0.0
Long-short,2025-02-28,MCD,0.0,0.1,-0.1
Long-short,2025-02-28,WMT,0.0,-0.1,0.1
Long-short,2025-02-28,COST,-0.1,-0.1,0.1
Long-short,2025-02-28,PG,0.0,0.0,0.0
Long-short,2025-02-28,KO,0.0,0.0,0.0
Long-short,2025-02-28,JNJ,0.1,0.1,-0.1
Long-short,2025-02-28,PFE,-0.1,-0.1,-0.1
Long-short,2025-02-28,MRK,-0.1,-0.1,-0.1
Long-short,2025-02-28,XOM,0.1,0.0,0.0
Long-short,2025-02-28,CVX,0.1,0.0,-0.1
Long-short,2025-02-28,CAT,0.1,0.0,0.0
Long-short,2025-02-28,HON,0.0,0.0,0.0
Long-short,2025-02-28,NEE,0.1,0.1,0.0
Long-short,2025-02-28,DUK,0.0,0.0,0.1
Long-short,2025-03-31,AAPL,0.0,0.0,0.1
Long-short,2025-03-31,MSFT,0.0,0.1,-0.1
Long-short,2025-03-31,NVDA,-0.1,0.1,0.0
Long-short,2025-03-31,ORCL,0.0,0.0,0.0
Long-short,2025-03-31,AMZN,-0.1,-0.1,0.0
Long-short,2025-03-31,HD,0.0,0.0,0.0
Long-short,2025-03-31,MCD,0.0,0.1,0.0
Long-short,2025-03-31,WMT,0.0,-0.1,0.1
Long-short,2025-03-31,COST,-0.1,-0.1,0.1
Long-short,2025-03-31,PG,0.0,0.0,0.0
Long-short,2025-03-31,KO,0.0,0.0,0.1
Long-short,2025-03-31,JNJ,0.1,0.1,0.0
Long-short,2025-03-31,PFE,-0.1,-0.1,-0.1
Long-short,2025-03-31,MRK,-0.1,-0.1,-0.1
Long-short,2025-03-31,XOM,0.1,0.0,-0.1
Long-short,2025-03-31,CVX,0.1,0.0,0.0
Long-short,2025-03-31,CAT,0.1,0.0,-0.1
Long-short,2025-03-31,HON,0.0,0.0,0.0
Long-short,2025-03-31,NEE,0.1,0.1,0.0
Long-short,2025-03-31,DUK,0.0,0.0,0.1
Long-short,2025-04-30,AAPL,0.0,0.0,0.1
Long-short,2025-04-30,MSFT,0.0,0.1,-0.1
Long-short,2025-04-30,NVDA,-0.1,0.1,0.0
Long-short,2025-04-30,ORCL,0.0,0.0,0.0
Long-short,2025-04-30,AMZN,-0.1,-0.1,0.0
Long-short,2025-04-30,HD,0.0,0.0,0.0
Long-short,2025-04-30,MCD,0.0,0.1,0.0
Long-short,2025-04-30,WMT,0.0,-0.1,0.1
Long-short,2025-04-30,COST,-0.1,-0.1,0.1
Long-short,2025-04-30,PG,0.0,0.0,0.0
Long-short,2025-04-30,KO,0.0,0.0,0.1
Long-short,2025-04-30,JNJ,0.1,0.1,0.0
Long-short,2025-04-30,PFE,-0.1,-0.1,-0.1
Long-short,2025-04-30,MRK,-0.1,-0.1,-0.1
Long-short,2025-04-30,XOM,0.1,0.0,-0.1
Long-short,2025-04-30,CVX,0.1,0.0,0.0
Long-short,2025-04-30,CAT,0.1,0.0,-0.1
Long-short,2025-04-30,HON,0.0,0.0,0.0
Long-short,2025-04-30,NEE,0.1,0.1,0.0
Long-short,2025-04-30,DUK,0.0,0.0,0.1
Long-short,2025-05-31,AAPL,0.0,0.0,0.0
Long-short,2025-05-31,MSFT,0.0,0.1,0.0
Long-short,2025-05-31,NVDA,-0.1,0.1,0.0
Long-short,2025-05-31,ORCL,0.0,0.0,0.0
Long-short,2025-05-31,AMZN,-0.1,-0.1,0.0
Long-short,2025-05-31,HD,0.0,0.0,0.0
Long-short,2025-05-31,MCD,0.0,0.1,0.1
Long-short,2025-05-31,WMT,0.0,-0.1,0.1
Long-short,2025-05-31,COST,-0.1,-0.1,0.1
Long-short,2025-05-31,PG,0.0,0.0,0.0
Long-short,2025-05-31,KO,0.0,0.0,0.1
Long-short,2025-05-31,JNJ,0.1,0.1,0.0
Long-short,2025-05-31,PFE,-0.1,-0.1,-0.1
Long-short,2025-05-31,MRK,-0.1,-0.1,-0.1
Long-short,2025-05-31,XOM,0.1,0.0,-0.1
Long-short,2025-05-31,CVX,0.1,0.0,-0.1
Long-short,2025-05-31,CAT,0.1,0.0,0.0
Long-short,2025-05-31,HON,0.0,0.0,0.0
Long-short,2025-05-31,NEE,0.1,0.1,-0.1
Long-short,2025-05-31,DUK,0.0,0.0,0.1
Long-short,2025-06-30,AAPL,0.0,0.0,-0.1
Long-short,2025-06-30,MSFT,-0.1,0.1,0.0
Long-short,2025-06-30,NVDA,-0.1,0.1,0.0
Long-short,2025-06-30,ORCL,-0.1,0.0,0.0
Long-short,2025-06-30,AMZN,0.0,-0.1,0.0
Long-short,2025-06-30,HD,0.0,-0.1,0.0
Long-short,2025-06-30,MCD,0.0,0.1,0.1
Long-short,2025-06-30,WMT,-0.1,-0.1,0.1
Long-short,2025-06-30,COST,-0.1,-0.1,0.1
Long-short,2025-06-30,PG,0.0,0.0,0.0
Long-short,2025-06-30,KO,0.0,0.0,0.1
Long-short,2025-06-30,JNJ,0.0,0.0,0.0
Long-short,2025-06-30,PFE,0.1,0.0,-0.1
Long-short,2025-06-30,MRK,0.1,0.1,-0.1
Long-short,2025-06-30,XOM,0.1,0.0,-0.1
Long-short,2025-06-30,CVX,0.1,-0.1,-0.1
Long-short,2025-06-30,CAT,0.1,0.0,0.0
Long-short,2025-06-30,HON,0.0,0.0,0.0
Long-short,2025-06-30,NEE,0.0,0.1,0.0
Long-short,2025-06-30,DUK,0.0,0.0,0.1
Long-short,2025-07-31,AAPL,0.0,0.0,0.0
Long-short,2025-07-31,MSFT,-0.1,0.1,0.1
Long-short,2025-07-31,NVDA,-0.1,0.1,0.1
Long-short,2025-07-31,ORCL,-0.1,0.0,0.1
Long-short,2025-07-31,AMZN,-0.1,-0.1,0.0
Long-short,2025-07-31,HD,0.0,-0.1,0.0
Long-short,2025-07-31,MCD,0.0,0.1,0.0
Long-short,2025-07-31,WMT,0.0,-0.1,0.1
Long-short,2025-07-31,COST,-0.1,-0.1,0.1
Long-short,2025-07-31,PG,0.0,0.0,-0.1
Long-short,2025-07-31,KO,0.0,0.0,0.0
Long-short,2025-07-31,JNJ,0.0,0.0,-0.1
Long-short,2025-07-31,PFE,0.1,0.0,-0.1
Long-short,2025-07-31,MRK,0.1,0.1,-0.1
Long-short,2025-07-31,XOM,0.1,0.0,0.0
Long-short,2025-07-31,CVX,0.1,-0.1,-0.1
Long-short,2025-07-31,CAT,0.1,0.0,0.0
Long-short,2025-07-31,HON,0.0,0.0,0.0
Long-short,2025-07-31,NEE,0.0,0.1,0.0
Long-short,2025-07-31,DUK,0.0,0.0,0.0
Long-short,2025-08-31,AAPL,0.0,0.0,-0.1
Long-short,2025-08-31,MSFT,-0.1,0.1,0.1
Long-short,2025-08-31,NVDA,-0.1,0.1,0.1
Long-short,2025-08-31,ORCL,-0.1,0.0,0.1
Long-short,2025-08-31,AMZN,-0.1,-0.1,0.0
Long-short,2025-08-31,HD,0.0,-0.1,0.0
Long-short,2025-08-31,MCD,0.0,0.1,0.0
Long-short,2025-08-31,WMT,0.0,-0.1,0.1
Long-short,2025-08-31,COST,-0.1,-0.1,0.0
Long-short,2025-08-31,PG,0.0,0.0,-0.1
Long-short,2025-08-31,KO,0.0,0.0,0.0
Long-short,2025-08-31,JNJ,0.0,0.0,0.0
Long-short,2025-08-31,PFE,0.1,0.0,-0.1
Long-short,2025-08-31,MRK,0.1,0.1,-0.1
Long-short,2025-08-31,XOM,0.1,0.0,0.0
Long-short,2025-08-31,CVX,0.1,-0.1,0.0
Long-short,2025-08-31,CAT,0.1,0.0,0.1
Long-short,2025-08-31,HON,0.0,0.0,0.0
Long-short,2025-08-31,NEE,0.0,0.1,-0.1
Long-short,2025-08-31,DUK,0.0,0.0,0.0
Long-short,2025-09-30,AAPL,0.0,0.0,0.0
Long-short,2025-09-30,MSFT,-0.1,0.1,0.1
Long-short,2025-09-30,NVDA,-0.1,0.1,0.1
Long-short,2025-09-30,ORCL,-0.1,0.0,0.1
Long-short,2025-09-30,AMZN,0.0,-0.1,0.1
Long-short,2025-09-30,HD,0.0,-0.1,0.0
Long-short,2025-09-30,MCD,0.0,0.1,0.0
Long-short,2025-09-30,WMT,-0.1,-0.1,0.1
Long-short,2025-09-30,COST,-0.1,-0.1,0.0
Long-short,2025-09-30,PG,0.0,0.0,-0.1
Long-short,2025-09-30,KO,0.0,0.0,-0.1
Long-short,2025-09-30,JNJ,0.0,0.0,0.0
Long-short,2025-09-30,PFE,0.1,0.0,-0.1
Long-short,2025-09-30,MRK,0.1,0.1,-0.1
Long-short,2025-09-30,XOM,0.1,0.0,0.0
Long-short,2025-09-30,CVX,0.1,-0.1,0.0
Long-short,2025-09-30,CAT,0.0,0.0,0.0
Long-short,2025-09-30,HON,0.0,0.0,0.0
Long-short,2025-09-30,NEE,0.0,0.1,-0.1
Long-short,2025-09-30,DUK,0.1,0.0,0.0
Long-short,2025-10-31,AAPL,-0.1,0.0,0.0
Long-short,2025-10-31,MSFT,0.0,0.1,0.1
Long-short,2025-10-31,NVDA,-0.1,0.1,0.1
Long-short,2025-10-31,ORCL,-0.1,0.0,0.1
Long-short,2025-10-31,AMZN,-0.1,-0.1,0.0
Long-short,2025-10-31,HD,0.0,-0.1,0.0
Long-short,2025-10-31,MCD,0.0,0.1,0.0
Long-short,2025-10-31,WMT,0.0,-0.1,0.1
Long-short,2025-10-31,COST,-0.1,-0.1,0.0
Long-short,2025-10-31,PG,0.0,0.0,-0.1
Long-short,2025-10-31,KO,0.0,0.0,0.0
Long-short,2025-10-31,JNJ,0.0,0.0,0.1
Long-short,2025-10-31,PFE,0.1,0.0,-0.1
Long-short,2025-10-31,MRK,0.1,0.1,-0.1
Long-short,2025-10-31,XOM,0.1,0.0,-0.1
Long-short,2025-10-31,CVX,0.1,-0.1,0.0
Long-short,2025-10-31,CAT,0.0,0.0,0.0
Long-short,2025-10-31,HON,0.0,0.0,-0.1
Long-short,2025-10-31,NEE,0.0,0.1,0.0
Long-short,2025-10-31,DUK,0.1,0.0,0.0
Long-short,2025-11-30,AAPL,-0.1,0.0,0.0
Long-short,2025-11-30,MSFT,0.0,0.1,0.1
Long-short,2025-11-30,NVDA,-0.1,0.1,0.1
Long-short,2025-11-30,ORCL,-0.1,0.0,0.1
Long-short,2025-11-30,AMZN,0.0,-0.1,0.0
Long-short,2025-11-30,HD,0.0,-0.1,-0.1
Long-short,2025-11-30,MCD,0.0,0.1,0.0
Long-short,2025-11-30,WMT,-0.1,-0.1,0.0
Long-short,2025-11-30,COST,-0.1,-0.1,-0.1
Long-short,2025-11-30,PG,0.0,0.0,-0.1
Long-short,2025-11-30,KO,0.0,0.0,0.0
Long-short,2025-11-30,JNJ,0.0,0.0,0.1
Long-short,2025-11-30,PFE,0.1,0.0,0.0
Long-short,2025-11-30,MRK,0.1,0.1,-0.1
Long-short,2025-11-30,XOM,0.1,0.0,0.0
Long-short,2025-11-30,CVX,0.1,-0.1,0.0
Long-short,2025-11-30,CAT,0.0,0.0,0.1
Long-short,2025-11-30,HON,0.0,0.0,-0.1
Long-short,2025-11-30,NEE,0.0,0.1,0.0
Long-short,2025-11-30,DUK,0.1,0.0,0.0
Long-short,2025-12-31,AAPL,-0.1,0.0,0.0
Long-short,2025-12-31,MSFT,0.0,0.1,0.0
Long-short,2025-12-31,NVDA,-0.1,0.1,0.0
Long-short,2025-12-31,ORCL,-0.1,0.0,0.0
Long-short,2025-12-31,AMZN,0.0,-0.1,0.0
Long-short,2025-12-31,HD,0.0,-0.1,-0.1
Long-short,2025-12-31,MCD,0.0,0.1,0.0
Long-short,2025-12-31,WMT,-0.1,-0.1,0.1
Long-short,2025-12-31,COST,-0.1,-0.1,-0.1
Long-short,2025-12-31,PG,0.0,0.0,-0.1
Long-short,2025-12-31,KO,0.0,0.0,0.1
Long-short,2025-12-31,JNJ,0.0,0.0,0.1
Long-short,2025-12-31,PFE,0.1,0.0,-0.1
Long-short,2025-12-31,MRK,0.1,0.1,0.0
Long-short,2025-12-31,XOM,0.1,0.0,0.0
Long-short,2025-12-31,CVX,0.1,-0.1,0.0
Long-short,2025-12-31,CAT,0.0,0.0,0.1
Long-short,2025-12-31,HON,0.0,0.0,-0.1
Long-short,2025-12-31,NEE,0.0,0.1,0.0
Long-short,2025-12-31,DUK,0.1,0.0,0.1
Long-short,2026-01-31,AAPL,-0.1,0.0,0.0
Long-short,2026-01-31,MSFT,0.0,0.1,0.1
Long-short,2026-01-31,NVDA,-0.1,0.1,0.1
Long-short,2026-01-31,ORCL,0.0,0.0,0.0
Long-short,2026-01-31,AMZN,-0.1,-0.1,0.0
Long-short,2026-01-31,HD,0.0,-0.1,-0.1
Long-short,2026-01-31,MCD,0.0,0.1,0.0
Long-short,2026-01-31,WMT,-0.1,-0.1,0.0
Long-short,2026-01-31,COST,-0.1,-0.1,-0.1
Long-short,2026-01-31,PG,0.0,0.0,-0.1
Long-short,2026-01-31,KO,0.0,0.0,0.1
Long-short,2026-01-31,JNJ,0.0,0.0,0.1
Long-short,2026-01-31,PFE,0.1,0.0,-0.1
Long-short,2026-01-31,MRK,0.1,0.1,0.0
Long-short,2026-01-31,XOM,0.1,0.0,0.0
Long-short,2026-01-31,CVX,0.1,-0.1,0.0
Long-short,2026-01-31,CAT,0.0,0.0,0.1
Long-short,2026-01-31,HON,0.0,0.0,-0.1
Long-short,2026-01-31,NEE,0.0,0.1,0.0
Long-short,2026-01-31,DUK,0.1,0.0,0.0
Ranked long-short,2016-10-31,AAPL,0.095,0.085,-0.085
Ranked long-short,2016-10-31,MSFT,-0.065,0.025,-0.015
Ranked long-short,2016-10-31,NVDA,-0.085,-0.005,0.095
Ranked long-short,2016-10-31,ORCL,0.075,0.095,-0.055
Ranked long-short,2016-10-31,AMZN,-0.095,-0.095,0.055
Ranked long-short,2016-10-31,HD,0.025,-0.035,-0.035
Ranked long-short,2016-10-31,MCD,-0.005,0.065,-0.045
Ranked long-short,2016-10-31,WMT,0.085,-0.075,0.085
Ranked long-short,2016-10-31,COST,-0.025,-0.085,-0.095
Ranked long-short,2016-10-31,PG,-0.045,-0.025,0.065
Ranked long-short,2016-10-31,KO,-0.015,0.055,-0.075
Ranked long-short,2016-10-31,JNJ,0.035,0.075,0.045
Ranked long-short,2016-10-31,PFE,-0.035,0.035,-0.065
Ranked long-short,2016-10-31,MRK,-0.055,-0.015,0.035
Ranked long-short,2016-10-31,XOM,0.015,-0.045,-0.025
Ranked long-short,2016-10-31,CVX,-0.075,-0.065,-0.005
Ranked long-short,2016-10-31,CAT,0.045,-0.055,0.025
Ranked long-short,2016-10-31,HON,0.065,0.005,0.005
Ranked long-short,2016-10-31,NEE,0.005,0.045,0.075
Ranked long-short,2016-10-31,DUK,0.055,0.015,0.015
Ranked long-short,2016-11-30,AAPL,0.095,0.085,-0.045
Ranked long-short,2016-11-30,MSFT,-0.065,0.025,0.015
Ranked long-short,2016-11-30,NVDA,-0.085,-0.005,0.095
Ranked long-short,2016-11-30,ORCL,0.055,0.095,-0.065
Ranked long-short,2016-11-30,AMZN,-0.095,-0.095,0.005
Ranked long-short,2016-11-30,HD,0.005,-0.035,-0.085
Ranked long-short,2016-11-30,MCD,-0.015,0.065,-0.035
Ranked long-short,2016-11-30,WMT,0.085,-0.075,0.055
Ranked long-short,2016-11-30,COST,-0.025,-0.085,-0.095
Ranked long-short,2016-11-30,PG,-0.045,-0.025,0.075
Ranked long-short,2016-11-30,KO,-0.005,0.055,-0.075
Ranked long-short,2016-11-30,JNJ,0.035,0.075,0.045
Ranked long-short,2016-11-30,PFE,-0.035,0.035,-0.055
Ranked long-short,2016-11-30,MRK,-0.055,-0.015,-0.005
Ranked long-short,2016-11-30,XOM,0.015,-0.045,-0.025
Ranked long-short,2016-11-30,CVX,-0.075,-0.065,0.035
Ranked long-short,2016-11-30,CAT,0.025,-0.055,0.025
Ranked long-short,2016-11-30,HON,0.065,0.005,-0.015
Ranked long-short,2016-11-30,NEE,0.045,0.045,0.085
Ranked long-short,2016-11-30,DUK,0.075,0.015,0.065
Ranked long-short,2016-12-31,AAPL,0.095,0.085,-0.045
Ranked long-short,2016-12-31,MSFT,-0.015,0.075,0.005
Ranked long-short,2016-12-31,NVDA,-0.085,-0.015,0.095
Ranked long-short,2016-12-31,ORCL,0.075,0.095,-0.015
Ranked long-short,2016-12-31,AMZN,-0.095,-0.095,-0.005
Ranked long-short,2016-12-31,HD,-0.005,-0.035,-0.065
Ranked long-short,2016-12-31,MCD,-0.025,0.055,-0.055
Ranked long-short,2016-12-31,WMT,0.085,-0.075,0.065
Ranked long-short,2016-12-31,COST,-0.055,-0.085,-0.085
Ranked long-short,2016-12-31,PG,0.015,0.035,-0.025
Ranked long-short,2016-12-31,KO,-0.035,0.045,-0.095
Ranked long-short,2016-12-31,JNJ,0.035,0.065,0.025
Ranked long-short,2016-12-31,PFE,-0.045,0.015,-0.075
Ranked long-short,2016-12-31,MRK,-0.065,-0.025,0.055
Ranked long-short,2016-12-31,XOM,0.005,-0.045,0.045
Ranked long-short,2016-12-31,CVX,-0.075,-0.065,0.075
Ranked long-short,2016-12-31,CAT,0.025,-0.055,0.085
Ranked long-short,2016-12-31,HON,0.055,-0.005,0.015
Ranked long-short,2016-12-31,NEE,0.045,0.025,0.035
Ranked long-short,2016-12-31,DUK,0.065,0.005,-0.035
Ranked long-short,2017-01-31,AAPL,0.095,0.085,0.015
Ranked long-short,2017-01-31,MSFT,-0.015,0.075,0.005
Ranked long-short,2017-01-31,NVDA,-0.085,-0.015,0.095
Ranked long-short,2017-01-31,ORCL,0.065,0.095,-0.025
Ranked long-short,2017-01-31,AMZN,-0.095,-0.095,0.055
Ranked long-short,2017-01-31,HD,-0.005,-0.035,-0.015
Ranked long-short,2017-01-31,MCD,-0.035,0.055,-0.085
Ranked long-short,2017-01-31,WMT,0.085,-0.075,-0.055
Ranked long-short,2017-01-31,COST,-0.055,-0.085,-0.035
Ranked long-short,2017-01-31,PG,0.005,0.035,-0.065
Ranked long-short,2017-01-31,KO,-0.025,0.045,-0.095
Ranked long-short,2017-01-31,JNJ,0.045,0.065,0.035
Ranked long-short,2017-01-31,PFE,-0.045,0.015,-0.045
Ranked long-short,2017-01-31,MRK,-0.065,-0.025,0.045
Ranked long-short,2017-01-31,XOM,0.025,-0.045,0.065
Ranked long-short,2017-01-31,CVX,-0.075,-0.065,0.085
Ranked long-short,2017-01-31,CAT,0.015,-0.055,0.075
Ranked long-short,2017-01-31,HON,0.055,-0.005,0.025
Ranked long-short,2017-01-31,NEE,0.035,0.025,-0.005
Ranked long-short,2017-01-31,DUK,0.075,0.005,-0.075
Ranked long-short,2017-02-28,AAPL,0.095,0.085,0.035
Ranked long-short,2017-02-28,MSFT,-0.005,0.075,0.055
Ranked long-short,2017-02-28,NVDA,-0.085,-0.015,0.095
Ranked long-short,2017-02-28,ORCL,0.065,0.095,-0.005
Ranked long-short,2017-02-28,AMZN,-0.095,-0.095,0.085
Ranked long-short,2017-02-28,HD,-0.025,-0.035,0.015
Ranked long-short,2017-02-28,MCD,-0.035,0.055,-0.055
Ranked long-short,2017-02-28,WMT,0.085,-0.075,-0.085
Ranked long-short,2017-02-28,COST,-0.055,-0.085,-0.035
Ranked long-short,2017-02-28,PG,0.005,0.035,-0.015
Ranked long-short,2017-02-28,KO,-0.015,0.045,-0.095
Ranked long-short,2017-02-28,JNJ,0.025,0.065,0.005
Ranked long-short,2017-02-28,PFE,-0.045,0.015,-0.075
Ranked long-short,2017-02-28,MRK,-0.065,-0.025,0.045
Ranked long-short,2017-02-28,XOM,0.045,-0.045,-0.045
Ranked long-short,2017-02-28,CVX,-0.075,-0.065,0.075
Ranked long-short,2017-02-28,CAT,0.015,-0.055,0.065
Ranked long-short,2017-02-28,HON,0.055,-0.005,0.025
Ranked long-short,2017-02-28,NEE,0.035,0.025,-0.025
Ranked long-short,2017-02-28,DUK,0.075,0.005,-0.065
Ranked long-short,2017-03-31,AAPL,0.085,0.065,0.055
Ranked long-short,2017-03-31,MSFT,-0.005,0.085,0.035
Ranked long-short,2017-03-31,NVDA,-0.085,-0.015,0.095
Ranked long-short,2017-03-31,ORCL,0.045,0.095,-0.045
Ranked long-short,2017-03-31,AMZN,-0.095,-0.095,0.085
Ranked long-short,2017-03-31,HD,-0.025,-0.035,-0.015
Ranked long-short,2017-03-31,MCD,-0.035,0.055,-0.075
Ranked long-short,2017-03-31,WMT,0.095,-0.075,-0.055
Ranked long-short,2017-03-31,COST,-0.055,-0.085,-0.035
Ranked long-short,2017-03-31,PG,0.005,0.035,-0.005
Ranked long-short,2017-03-31,KO,-0.015,0.045,-0.095
Ranked long-short,2017-03-31,JNJ,0.015,0.075,0.045
Ranked long-short,2017-03-31,PFE,-0.045,0.015,0.005
Ranked long-short,2017-03-31,MRK,-0.065,-0.025,0.065
Ranked long-short,2017-03-31,XOM,0.055,-0.045,-0.085
Ranked long-short,2017-03-31,CVX,-0.075,-0.065,0.075
Ranked long-short,2017-03-31,CAT,0.035,-0.055,0.025
Ranked long-short,2017-03-31,HON,0.065,-0.005,0.015
Ranked long-short,2017-03-31,NEE,0.025,0.025,-0.025
Ranked long-short,2017-03-31,DUK,0.075,0.005,-0.065
Ranked long-short,2017-04-30,AAPL,0.085,0.065,0.085
Ranked long-short,2017-04-30,MSFT,-0.015,0.085,0.075
Ranked long-short,2017-04-30,NVDA,-0.085,-0.015,0.095
Ranked long-short,2017-04-30,ORCL,0.055,0.095,0.025
Ranked long-short,2017-04-30,AMZN,-0.095,-0.095,0.065
Ranked long-short,2017-04-30,HD,-0.025,-0.035,-0.005
Ranked long-short,2017-04-30,MCD,-0.035,0.055,-0.075
Ranked long-short,2017-04-30,WMT,0.095,-0.075,-0.035
Ranked long-short,2017-04-30,COST,-0.055,-0.085,0.015
Ranked long-short,2017-04-30,PG,0.015,0.035,0.055
Ranked long-short,2017-04-30,KO,-0.005,0.045,-0.085
Ranked long-short,2017-04-30,JNJ,0.025,0.075,0.045
Ranked long-short,2017-04-30,PFE,-0.045,0.015,-0.065
Ranked long-short,2017-04-30,MRK,-0.065,-0.025,0.035
Ranked long-short,2017-04-30,XOM,0.065,-0.045,-0.095
Ranked long-short,2017-04-30,CVX,-0.075,-0.065,-0.045
Ranked long-short,2017-04-30,CAT,0.005,-0.055,0.005
Ranked long-short,2017-04-30,HON,0.045,-0.005,-0.015
Ranked long-short,2017-04-30,NEE,0.035,0.025,-0.025
Ranked long-short,2017-04-30,DUK,0.075,0.005,-0.055
Ranked long-short,2017-05-31,AAPL,0.085,0.065,0.075
Ranked long-short,2017-05-31,MSFT,-0.005,0.085,0.085
Ranked long-short,2017-05-31,NVDA,-0.085,-0.015,0.095
Ranked long-short,2017-05-31,ORCL,0.055,0.095,0.005
Ranked long-short,2017-05-31,AMZN,-0.095,-0.095,0.055
Ranked long-short,2017-05-31,HD,-0.015,-0.035,0.045
Ranked long-short,2017-05-31,MCD,-0.045,0.055,0.015
Ranked long-short,2017-05-31,WMT,0.095,-0.075,-0.055
Ranked long-short,2017-05-31,COST,-0.055,-0.085,0.035
Ranked long-short,2017-05-31,PG,0.035,0.035,-0.025
Ranked long-short,2017-05-31,KO,-0.025,0.045,-0.085
Ranked long-short,2017-05-31,JNJ,0.025,0.075,-0.015
Ranked long-short,2017-05-31,PFE,-0.035,0.015,-0.075
Ranked long-short,2017-05-31,MRK,-0.065,-0.025,-0.035
Ranked long-short,2017-05-31,XOM,0.065,-0.045,-0.095
Ranked long-short,2017-05-31,CVX,-0.075,-0.065,-0.065
Ranked long-short,2017-05-31,CAT,0.005,-0.055,0.065
Ranked long-short,2017-05-31,HON,0.045,-0.005,0.025
Ranked long-short,2017-05-31,NEE,0.015,0.025,-0.005
Ranked long-short,2017-05-31,DUK,0.075,0.005,-0.045
Ranked long-short,2017-06-30,AAPL,0.085,0.065,0.085
Ranked long-short,2017-06-30,MSFT,0.015,0.075,0.075
Ranked long-short,2017-06-30,NVDA,-0.065,0.005,0.095
Ranked long-short,2017-06-30,ORCL,0.025,0.095,-0.015
Ranked long-short,2017-06-30,AMZN,-0.075,-0.075,0.065
Ranked long-short,2017-06-30,HD,0.005,-0.035,0.035
Ranked long-short,2017-06-30,MCD,-0.005,0.055,0.055
Ranked long-short,2017-06-30,WMT,0.095,-0.055,-0.035
Ranked long-short,2017-06-30,COST,-0.035,-0.065,0.015
Ranked long-short,2017-06-30,PG,0.035,0.035,-0.045
Ranked long-short,2017-06-30,KO,-0.025,0.025,-0.055
Ranked long-short,2017-06-30,JNJ,0.055,0.085,-0.025
Ranked long-short,2017-06-30,PFE,-0.015,0.015,-0.085
Ranked long-short,2017-06-30,MRK,-0.055,-0.025,-0.005
Ranked long-short,2017-06-30,XOM,-0.045,-0.045,-0.095
Ranked long-short,2017-06-30,CVX,-0.095,-0.095,-0.075
Ranked long-short,2017-06-30,CAT,-0.085,-0.085,0.045
Ranked long-short,2017-06-30,HON,0.075,-0.005,0.025
Ranked long-short,2017-06-30,NEE,0.045,0.045,0.005
Ranked long-short,2017-06-30,DUK,0.065,-0.015,-0.065
Ranked long-short,2017-07-31,AAPL,0.095,0.055,0.075
Ranked long-short,2017-07-31,MSFT,-0.005,0.065,0.065
Ranked long-short,2017-07-31,NVDA,-0.065,0.095,0.095
Ranked long-short,2017-07-31,ORCL,0.015,0.085,0.035
Ranked long-short,2017-07-31,AMZN,-0.075,-0.075,0.055
Ranked long-short,2017-07-31,HD,0.065,-0.035,0.015
Ranked long-short,2017-07-31,MCD,0.005,0.045,0.085
Ranked long-short,2017-07-31,WMT,0.085,-0.055,-0.035
Ranked long-short,2017-07-31,COST,-0.025,-0.065,-0.075
Ranked long-short,2017-07-31,PG,0.025,0.025,-0.045
Ranked long-short,2017-07-31,KO,-0.035,0.015,-0.025
Ranked long-short,2017-07-31,JNJ,0.055,0.075,-0.015
Ranked long-short,2017-07-31,PFE,-0.015,0.005,-0.085
Ranked long-short,2017-07-31,MRK,-0.055,-0.025,-0.005
Ranked long-short,2017-07-31,XOM,-0.045,-0.045,-0.095
Ranked long-short,2017-07-31,CVX,-0.095,-0.095,-0.055
Ranked long-short,2017-07-31,CAT,-0.085,-0.085,0.045
Ranked long-short,2017-07-31,HON,0.075,-0.005,0.025
Ranked long-short,2017-07-31,NEE,0.035,0.035,0.005
Ranked long-short,2017-07-31,DUK,0.045,-0.015,-0.065
Ranked long-short,2017-08-31,AAPL,0.085,0.055,0.075
Ranked long-short,2017-08-31,MSFT,-0.005,0.065,0.065
Ranked long-short,2017-08-31,NVDA,-0.065,0.095,0.095
Ranked long-short,2017-08-31,ORCL,0.035,0.085,0.015
Ranked long-short,2017-08-31,AMZN,-0.075,-0.075,0.055
Ranked long-short,2017-08-31,HD,0.075,-0.035,-0.015
Ranked long-short,2017-08-31,MCD,0.005,0.045,0.085
Ranked long-short,2017-08-31,WMT,0.095,-0.055,-0.005
Ranked long-short,2017-08-31,COST,-0.025,-0.065,-0.085
Ranked long-short,2017-08-31,PG,0.025,0.025,-0.055
Ranked long-short,2017-08-31,KO,-0.035,0.015,-0.025
Ranked long-short,2017-08-31,JNJ,0.065,0.075,0.005
Ranked long-short,2017-08-31,PFE,-0.015,0.005,-0.075
Ranked long-short,2017-08-31,MRK,-0.055,-0.025,-0.065
Ranked long-short,2017-08-31,XOM,-0.045,-0.045,-0.095
Ranked long-short,2017-08-31,CVX,-0.095,-0.095,-0.045
Ranked long-short,2017-08-31,CAT,-0.085,-0.085,0.045
Ranked long-short,2017-08-31,HON,0.055,-0.005,0.025
Ranked long-short,2017-08-31,NEE,0.015,0.035,0.035
Ranked long-short,2017-08-31,DUK,0.045,-0.015,-0.035
Ranked long-short,2017-09-30,AAPL,0.085,0.055,0.075
Ranked long-short,2017-09-30,MSFT,-0.005,0.065,0.065
Ranked long-short,2017-09-30,NVDA,-0.065,0.095,0.085
Ranked long-short,2017-09-30,ORCL,0.045,0.085,0.035
Ranked long-short,2017-09-30,AMZN,-0.075,-0.075,0.005
Ranked long-short,2017-09-30,HD,0.015,-0.035,0.015
Ranked long-short,2017-09-30,MCD,0.005,0.045,0.095
Ranked long-short,2017-09-30,WMT,0.095,-0.055,-0.035
Ranked long-short,2017-09-30,COST,-0.035,-0.065,-0.065
Ranked long-short,2017-09-30,PG,0.025,0.025,-0.055
Ranked long-short,2017-09-30,KO,-0.015,0.015,-0.015
Ranked long-short,2017-09-30,JNJ,0.075,0.075,-0.005
Ranked long-short,2017-09-30,PFE,-0.025,0.005,-0.085
Ranked long-short,2017-09-30,MRK,-0.055,-0.025,-0.075
Ranked long-short,2017-09-30,XOM,-0.045,-0.045,-0.095
Ranked long-short,2017-09-30,CVX,-0.095,-0.095,-0.045
Ranked long-short,2017-09-30,CAT,-0.085,-0.085,0.045
Ranked long-short,2017-09-30,HON,0.055,-0.005,0.025
Ranked long-short,2017-09-30,NEE,0.035,0.035,0.055
Ranked long-short,2017-09-30,DUK,0.065,-0.015,-0.025
Ranked long-short,2017-10-31,AAPL,0.085,0.055,0.055
Ranked long-short,2017-10-31,MSFT,-0.035,0.065,0.035
Ranked long-short,2017-10-31,NVDA,-0.065,0.095,0.085
Ranked long-short,2017-10-31,ORCL,0.035,0.085,0.025
Ranked long-short,2017-10-31,AMZN,-0.075,-0.075,0.005
Ranked long-short,2017-10-31,HD,0.025,-0.035,0.045
Ranked long-short,2017-10-31,MCD,0.005,0.045,0.095
Ranked long-short,2017-10-31,WMT,0.095,-0.055,-0.045
Ranked long-short,2017-10-31,COST,-0.015,-0.065,-0.065
Ranked long-short,2017-10-31,PG,0.075,0.025,-0.085
Ranked long-short,2017-10-31,KO,-0.025,0.015,-0.035
Ranked long-short,2017-10-31,JNJ,0.045,0.075,-0.005
Ranked long-short,2017-10-31,PFE,-0.005,0.005,-0.025
Ranked long-short,2017-10-31,MRK,-0.045,-0.025,-0.075
Ranked long-short,2017-10-31,XOM,-0.055,-0.045,-0.095
Ranked long-short,2017-10-31,CVX,-0.095,-0.095,-0.015
Ranked long-short,2017-10-31,CAT,-0.085,-0.085,0.065
Ranked long-short,2017-10-31,HON,0.065,-0.005,0.075
Ranked long-short,2017-10-31,NEE,0.015,0.035,0.015
Ranked long-short,2017-10-31,DUK,0.055,-0.015,-0.055
Ranked long-short,2017-11-30,AAPL,0.095,0.055,0.045
Ranked long-short,2017-11-30,MSFT,-0.025,0.065,0.055
Ranked long-short,2017-11-30,NVDA,-0.065,0.085,0.065
Ranked long-short,2017-11-30,ORCL,0.075,0.095,-0.025
Ranked long-short,2017-11-30,AMZN,-0.075,-0.075,0.015
Ranked long-short,2017-11-30,HD,0.015,-0.035,0.005
Ranked long-short,2017-11-30,MCD,0.005,0.045,0.085
Ranked long-short,2017-11-30,WMT,0.085,-0.055,-0.015
Ranked long-short,2017-11-30,COST,-0.035,-0.065,-0.065
Ranked long-short,2017-11-30,PG,0.045,0.025,-0.055
Ranked long-short,2017-11-30,KO,-0.005,0.015,-0.035
Ranked long-short,2017-11-30,JNJ,0.065,0.075,0.025
Ranked long-short,2017-11-30,PFE,-0.015,0.005,-0.045
Ranked long-short,2017-11-30,MRK,-0.045,-0.025,-0.095
Ranked long-short,2017-11-30,XOM,-0.055,-0.045,-0.085
Ranked long-short,2017-11-30,CVX,-0.095,-0.095,-0.075
Ranked long-short,2017-11-30,CAT,-0.085,-0.085,0.035
Ranked long-short,2017-11-30,HON,0.035,-0.005,0.075
Ranked long-short,2017-11-30,NEE,0.025,0.035,0.095
Ranked long-short,2017-11-30,DUK,0.055,-0.015,-0.005
Ranked long-short,2017-12-31,AAPL,0.085,0.045,0.045
Ranked long-short,2017-12-31,MSFT,0.015,0.095,0.035
Ranked long-short,2017-12-31,NVDA,-0.065,0.075,0.005
Ranked long-short,2017-12-31,ORCL,0.075,0.085,-0.015
Ranked long-short,2017-12-31,AMZN,-0.075,-0.075,0.065
Ranked long-short,2017-12-31,HD,0.005,-0.035,0.025
Ranked long-short,2017-12-31,MCD,-0.005,0.035,0.095
Ranked long-short,2017-12-31,WMT,0.065,-0.055,0.015
Ranked long-short,2017-12-31,COST,-0.035,-0.065,-0.055
Ranked long-short,2017-12-31,PG,0.095,0.065,-0.065
Ranked long-short,2017-12-31,KO,-0.015,0.015,-0.035
Ranked long-short,2017-12-31,JNJ,0.045,0.055,-0.005
Ranked long-short,2017-12-31,PFE,-0.025,0.005,-0.045
Ranked long-short,2017-12-31,MRK,-0.045,-0.025,-0.085
Ranked long-short,2017-12-31,XOM,-0.055,-0.045,-0.095
Ranked long-short,2017-12-31,CVX,-0.095,-0.095,-0.075
Ranked long-short,2017-12-31,CAT,-0.085,-0.085,0.055
Ranked long-short,2017-12-31,HON,0.035,-0.005,0.085
Ranked long-short,2017-12-31,NEE,0.025,0.025,0.075
Ranked long-short,2017-12-31,DUK,0.055,-0.015,-0.025
Ranked long-short,2018-01-31,AAPL,0.085,0.045,0.025
Ranked long-short,2018-01-31,MSFT,0.015,0.095,0.035
Ranked long-short,2018-01-31,NVDA,-0.065,0.075,-0.005
Ranked long-short,2018-01-31,ORCL,0.055,0.085,-0.035
Ranked long-short,2018-01-31,AMZN,-0.075,-0.075,0.005
Ranked long-short,2018-01-31,HD,0.005,-0.035,0.055
Ranked long-short,2018-01-31,MCD,-0.005,0.035,0.095
Ranked long-short,2018-01-31,WMT,0.045,-0.055,0.065
Ranked long-short,2018-01-31,COST,-0.035,-0.065,-0.055
Ranked long-short,2018-01-31,PG,0.095,0.065,-0.075
Ranked long-short,2018-01-31,KO,-0.025,0.015,-0.015
Ranked long-short,2018-01-31,JNJ,0.065,0.055,0.015
Ranked long-short,2018-01-31,PFE,-0.015,0.005,-0.025
Ranked long-short,2018-01-31,MRK,-0.045,-0.025,-0.095
Ranked long-short,2018-01-31,XOM,-0.055,-0.045,-0.085
Ranked long-short,2018-01-31,CVX,-0.095,-0.095,-0.065
Ranked long-short,2018-01-31,CAT,-0.085,-0.085,0.075
Ranked long-short,2018-01-31,HON,0.025,-0.005,0.085
Ranked long-short,2018-01-31,NEE,0.035,0.025,0.045
Ranked long-short,2018-01-31,DUK,0.075,-0.015,-0.045
Ranked long-short,2018-02-28,AAPL,0.065,0.045,-0.015
Ranked long-short,2018-02-28,MSFT,-0.005,0.095,0.075
Ranked long-short,2018-02-28,NVDA,-0.065,0.075,0.085
Ranked long-short,2018-02-28,ORCL,0.045,0.085,-0.035
Ranked long-short,2018-02-28,AMZN,-0.075,-0.075,0.055
Ranked long-short,2018-02-28,HD,0.015,-0.035,0.035
Ranked long-short,2018-02-28,MCD,0.005,0.035,0.065
Ranked long-short,2018-02-28,WMT,0.085,-0.055,0.025
Ranked long-short,2018-02-28,COST,-0.035,-0.065,-0.065
Ranked long-short,2018-02-28,PG,0.095,0.065,-0.075
Ranked long-short,2018-02-28,KO,-0.015,0.015,-0.005
Ranked long-short,2018-02-28,JNJ,0.055,0.055,0.005
Ranked long-short,2018-02-28,PFE,-0.025,0.005,-0.045
Ranked long-short,2018-02-28,MRK,-0.045,-0.025,-0.085
Ranked long-short,2018-02-28,XOM,-0.055,-0.045,-0.055
Ranked long-short,2018-02-28,CVX,-0.095,-0.095,-0.025
Ranked long-short,2018-02-28,CAT,-0.085,-0.085,0.095
Ranked long-short,2018-02-28,HON,0.035,-0.005,0.045
Ranked long-short,2018-02-28,NEE,0.025,0.025,0.015
Ranked long-short,2018-02-28,DUK,0.075,-0.015,-0.095
Ranked long-short,2018-03-31,AAPL,0.085,0.045,0.015
Ranked long-short,2018-03-31,MSFT,0.005,0.095,0.075
Ranked long-short,2018-03-31,NVDA,-0.065,0.075,0.095
Ranked long-short,2018-03-31,ORCL,0.055,0.085,-0.015
Ranked long-short,2018-03-31,AMZN,-0.075,-0.075,0.085
Ranked long-short,2018-03-31,HD,0.025,-0.035,0.035
Ranked long-short,2018-03-31,MCD,-0.005,0.035,0.005
Ranked long-short,2018-03-31,WMT,0.075,-0.055,0.025
Ranked long-short,2018-03-31,COST,-0.035,-0.065,-0.005
Ranked long-short,2018-03-31,PG,0.095,0.065,-0.095
Ranked long-short,2018-03-31,KO,-0.015,0.015,-0.035
Ranked long-short,2018-03-31,JNJ,0.045,0.055,-0.055
Ranked long-short,2018-03-31,PFE,-0.025,0.005,-0.025
Ranked long-short,2018-03-31,MRK,-0.045,-0.025,-0.085
Ranked long-short,2018-03-31,XOM,-0.055,-0.045,-0.065
Ranked long-short,2018-03-31,CVX,-0.095,-0.095,-0.045
Ranked long-short,2018-03-31,CAT,-0.085,-0.085,0.065
Ranked long-short,2018-03-31,HON,0.035,-0.005,0.045
Ranked long-short,2018-03-31,NEE,0.015,0.025,0.055
Ranked long-short,2018-03-31,DUK,0.065,-0.015,-0.075
Ranked long-short,2018-04-30,AAPL,0.085,0.045,0.025
Ranked long-short,2018-04-30,MSFT,0.005,0.095,0.075
Ranked long-short,2018-04-30,NVDA,-0.065,0.075,0.095
Ranked long-short,2018-04-30,ORCL,0.065,0.085,-0.045
Ranked long-short,2018-04-30,AMZN,-0.075,-0.075,0.085
Ranked long-short,2018-04-30,HD,0.015,-0.035,0.035
Ranked long-short,2018-04-30,MCD,-0.015,0.035,0.005
Ranked long-short,2018-04-30,WMT,0.075,-0.055,0.045
Ranked long-short,2018-04-30,COST,-0.035,-0.065,-0.015
Ranked long-short,2018-04-30,PG,0.095,0.065,-0.085
Ranked long-short,2018-04-30,KO,-0.005,0.015,-0.055
Ranked long-short,2018-04-30,JNJ,0.045,0.055,-0.035
Ranked long-short,2018-04-30,PFE,-0.025,0.005,-0.025
Ranked long-short,2018-04-30,MRK,-0.045,-0.025,-0.095
Ranked long-short,2018-04-30,XOM,-0.055,-0.045,-0.075
Ranked long-short,2018-04-30,CVX,-0.095,-0.095,-0.005
Ranked long-short,2018-04-30,CAT,-0.085,-0.085,0.065
Ranked long-short,2018-04-30,HON,0.035,-0.005,0.015
Ranked long-short,2018-04-30,NEE,0.025,0.025,0.055
Ranked long-short,2018-04-30,DUK,0.055,-0.015,-0.065
Ranked long-short,2018-05-31,AAPL,0.075,0.045,-0.025
Ranked long-short,2018-05-31,MSFT,-0.015,0.095,0.085
Ranked long-short,2018-05-31,NVDA,-0.065,0.075,0.075
Ranked long-short,2018-05-31,ORCL,0.045,0.085,-0.045
Ranked long-short,2018-05-31,AMZN,-0.075,-0.075,0.095
Ranked long-short,2018-05-31,HD,0.015,-0.035,0.035
Ranked long-short,2018-05-31,MCD,0.005,0.035,-0.015
Ranked long-short,2018-05-31,WMT,0.085,-0.055,-0.005
Ranked long-short,2018-05-31,COST,-0.035,-0.065,0.005
Ranked long-short,2018-05-31,PG,0.095,0.065,-0.095
Ranked long-short,2018-05-31,KO,-0.005,0.015,-0.065
Ranked long-short,2018-05-31,JNJ,0.065,0.055,-0.035
Ranked long-short,2018-05-31,PFE,-0.025,0.005,0.025
Ranked long-short,2018-05-31,MRK,-0.045,-0.025,-0.085
Ranked long-short,2018-05-31,XOM,-0.055,-0.045,-0.055
Ranked long-short,2018-05-31,CVX,-0.095,-0.095,0.045
Ranked long-short,2018-05-31,CAT,-0.085,-0.085,0.065
Ranked long-short,2018-05-31,HON,0.035,-0.005,0.015
Ranked long-short,2018-05-31,NEE,0.025,0.025,0.055
Ranked long-short,2018-05-31,DUK,0.055,-0.015,-0.075
Ranked long-short,2018-06-30,AAPL,0.035,0.025,0.045
Ranked long-short,2018-06-30,MSFT,-0.015,0.075,0.085
Ranked long-short,2018-06-30,NVDA,-0.055,0.055,0.075
Ranked long-short,2018-06-30,ORCL,0.025,0.065,-0.045
Ranked long-short,2018-06-30,AMZN,-0.095,-0.075,0.095
Ranked long-short,2018-06-30,HD,-0.005,0.005,0.035
Ranked long-short,2018-06-30,MCD,0.015,0.035,-0.025
Ranked long-short,2018-06-30,WMT,0.045,-0.055,-0.015
Ranked long-short,2018-06-30,COST,-0.025,-0.065,0.055
Ranked long-short,2018-06-30,PG,0.085,0.045,-0.095
Ranked long-short,2018-06-30,KO,-0.075,-0.045,-0.055
Ranked long-short,2018-06-30,JNJ,-0.085,-0.085,-0.075
Ranked long-short,2018-06-30,PFE,0.095,0.095,-0.005
Ranked long-short,2018-06-30,MRK,-0.035,-0.025,-0.065
Ranked long-short,2018-06-30,XOM,0.065,-0.005,-0.035
Ranked long-short,2018-06-30,CVX,0.005,-0.015,0.015
Ranked long-short,2018-06-30,CAT,-0.065,-0.095,0.065
Ranked long-short,2018-06-30,HON,-0.045,-0.035,0.005
Ranked long-short,2018-06-30,NEE,0.075,0.085,0.025
Ranked long-short,2018-06-30,DUK,0.055,0.015,-0.085
Ranked long-short,2018-07-31,AAPL,0.045,0.025,0.035
Ranked long-short,2018-07-31,MSFT,-0.015,0.065,0.075
Ranked long-short,2018-07-31,NVDA,-0.035,0.085,0.055
Ranked long-short,2018-07-31,ORCL,0.035,0.055,-0.085
Ranked long-short,2018-07-31,AMZN,-0.095,-0.075,0.095
Ranked long-short,2018-07-31,HD,0.015,0.005,0.065
Ranked long-short,2018-07-31,MCD,0.025,0.035,-0.035
Ranked long-short,2018-07-31,WMT,-0.005,-0.065,-0.005
Ranked long-short,2018-07-31,COST,-0.025,-0.055,0.085
Ranked long-short,2018-07-31,PG,0.085,0.045,-0.095
Ranked long-short,2018-07-31,KO,-0.075,-0.045,-0.055
Ranked long-short,2018-07-31,JNJ,-0.085,-0.085,-0.075
Ranked long-short,2018-07-31,PFE,0.095,0.095,0.005
Ranked long-short,2018-07-31,MRK,-0.045,-0.025,-0.045
Ranked long-short,2018-07-31,XOM,0.065,-0.005,-0.025
Ranked long-short,2018-07-31,CVX,0.005,-0.015,0.025
Ranked long-short,2018-07-31,CAT,-0.065,-0.095,0.015
Ranked long-short,2018-07-31,HON,-0.055,-0.035,-0.015
Ranked long-short,2018-07-31,NEE,0.075,0.075,0.045
Ranked long-short,2018-07-31,DUK,0.055,0.015,-0.065
Ranked long-short,2018-08-31,AAPL,0.035,0.025,0.035
Ranked long-short,2018-08-31,MSFT,-0.015,0.065,0.085
Ranked long-short,2018-08-31,NVDA,-0.035,0.085,0.055
Ranked long-short,2018-08-31,ORCL,0.045,0.055,-0.075
Ranked long-short,2018-08-31,AMZN,-0.095,-0.075,0.095
Ranked long-short,2018-08-31,HD,0.005,0.005,0.065
Ranked long-short,2018-08-31,MCD,0.015,0.035,-0.065
Ranked long-short,2018-08-31,WMT,-0.005,-0.065,-0.015
Ranked long-short,2018-08-31,COST,-0.025,-0.055,0.075
Ranked long-short,2018-08-31,PG,0.085,0.045,-0.095
Ranked long-short,2018-08-31,KO,-0.075,-0.045,-0.045
Ranked long-short,2018-08-31,JNJ,-0.085,-0.085,-0.055
Ranked long-short,2018-08-31,PFE,0.095,0.095,0.045
Ranked long-short,2018-08-31,MRK,-0.045,-0.025,-0.035
Ranked long-short,2018-08-31,XOM,0.065,-0.005,-0.025
Ranked long-short,2018-08-31,CVX,0.025,-0.015,0.005
Ranked long-short,2018-08-31,CAT,-0.065,-0.095,-0.005
Ranked long-short,2018-08-31,HON,-0.055,-0.035,0.015
Ranked long-short,2018-08-31,NEE,0.075,0.075,0.025
Ranked long-short,2018-08-31,DUK,0.055,0.015,-0.085
Ranked long-short,2018-09-30,AAPL,0.035,0.025,0.055
Ranked long-short,2018-09-30,MSFT,-0.015,0.065,0.085
Ranked long-short,2018-09-30,NVDA,-0.035,0.085,0.065
Ranked long-short,2018-09-30,ORCL,0.045,0.055,-0.055
Ranked long-short,2018-09-30,AMZN,-0.095,-0.075,0.095
Ranked long-short,2018-09-30,HD,0.005,0.005,0.045
Ranked long-short,2018-09-30,MCD,0.015,0.035,-0.035
Ranked long-short,2018-09-30,WMT,-0.005,-0.065,0.025
Ranked long-short,2018-09-30,COST,-0.025,-0.055,0.075
Ranked long-short,2018-09-30,PG,0.085,0.045,-0.095
Ranked long-short,2018-09-30,KO,-0.075,-0.045,-0.065
Ranked long-short,2018-09-30,JNJ,-0.085,-0.085,-0.025
Ranked long-short,2018-09-30,PFE,0.095,0.095,0.015
Ranked long-short,2018-09-30,MRK,-0.045,-0.025,-0.015
Ranked long-short,2018-09-30,XOM,0.055,-0.005,-0.075
Ranked long-short,2018-09-30,CVX,0.025,-0.015,-0.045
Ranked long-short,2018-09-30,CAT,-0.065,-0.095,-0.005
Ranked long-short,2018-09-30,HON,-0.055,-0.035,0.005
Ranked long-short,2018-09-30,NEE,0.075,0.075,0.035
Ranked long-short,2018-09-30,DUK,0.065,0.015,-0.085
Ranked long-short,2018-10-31,AAPL,0.015,0.025,0.065
Ranked long-short,2018-10-31,MSFT,-0.015,0.065,0.075
Ranked long-short,2018-10-31,NVDA,-0.035,0.085,0.025
Ranked long-short,2018-10-31,ORCL,0.045,0.055,-0.055
Ranked long-short,2018-10-31,AMZN,-0.085,-0.075,0.095
Ranked long-short,2018-10-31,HD,0.025,0.005,0.035
Ranked long-short,2018-10-31,MCD,0.005,0.035,-0.045
Ranked long-short,2018-10-31,WMT,-0.005,-0.065,-0.025
Ranked long-short,2018-10-31,COST,-0.025,-0.055,0.085
Ranked long-short,2018-10-31,PG,0.075,0.045,-0.085
Ranked long-short,2018-10-31,KO,-0.075,-0.045,-0.065
Ranked long-short,2018-10-31,JNJ,-0.095,-0.085,-0.075
Ranked long-short,2018-10-31,PFE,0.095,0.095,0.055
Ranked long-short,2018-10-31,MRK,-0.055,-0.025,0.045
Ranked long-short,2018-10-31,XOM,0.065,-0.005,-0.035
Ranked long-short,2018-10-31,CVX,0.035,-0.015,-0.005
Ranked long-short,2018-10-31,CAT,-0.065,-0.095,-0.015
Ranked long-short,2018-10-31,HON,-0.045,-0.035,0.015
Ranked long-short,2018-10-31,NEE,0.085,0.075,0.005
Ranked long-short,2018-10-31,DUK,0.055,0.015,-0.095
Ranked long-short,2018-11-30,AAPL,0.055,0.035,0.045
Ranked long-short,2018-11-30,MSFT,-0.015,0.065,0.075
Ranked long-short,2018-11-30,NVDA,-0.005,0.085,0.015
Ranked long-short,2018-11-30,ORCL,-0.035,0.015,-0.045
Ranked long-short,2018-11-30,AMZN,-0.085,-0.075,0.085
Ranked long-short,2018-11-30,HD,0.035,0.005,-0.025
Ranked long-short,2018-11-30,MCD,0.005,0.045,-0.005
Ranked long-short,2018-11-30,WMT,0.015,-0.065,0.005
Ranked long-short,2018-11-30,COST,-0.025,-0.055,0.065
Ranked long-short,2018-11-30,PG,0.075,0.055,-0.035
Ranked long-short,2018-11-30,KO,-0.075,-0.045,0.025
Ranked long-short,2018-11-30,JNJ,-0.095,-0.085,-0.015
Ranked long-short,2018-11-30,PFE,0.095,0.095,0.055
Ranked long-short,2018-11-30,MRK,-0.055,-0.025,0.095
Ranked long-short,2018-11-30,XOM,0.065,-0.005,-0.055
Ranked long-short,2018-11-30,CVX,0.025,-0.015,-0.065
Ranked long-short,2018-11-30,CAT,-0.065,-0.095,-0.085
Ranked long-short,2018-11-30,HON,-0.045,-0.035,-0.075
Ranked long-short,2018-11-30,NEE,0.085,0.075,0.035
Ranked long-short,2018-11-30,DUK,0.045,0.025,-0.095
Ranked long-short,2018-12-31,AAPL,0.065,0.055,-0.005
Ranked long-short,2018-12-31,MSFT,-0.025,0.045,0.085
Ranked long-short,2018-12-31,NVDA,0.015,0.085,-0.085
Ranked long-short,2018-12-31,ORCL,-0.035,0.015,-0.025
Ranked long-short,2018-12-31,AMZN,-0.085,-0.075,0.075
Ranked long-short,2018-12-31,HD,0.035,0.005,-0.045
Ranked long-short,2018-12-31,MCD,0.005,0.065,0.025
Ranked long-short,2018-12-31,WMT,-0.005,-0.065,-0.035
Ranked long-short,2018-12-31,COST,-0.015,-0.055,0.055
Ranked long-short,2018-12-31,PG,0.025,0.035,-0.015
Ranked long-short,2018-12-31,KO,-0.075,-0.045,0.035
Ranked long-short,2018-12-31,JNJ,-0.095,-0.085,0.005
Ranked long-short,2018-12-31,PFE,0.095,0.095,0.065
Ranked long-short,2018-12-31,MRK,-0.055,-0.025,0.095
Ranked long-short,2018-12-31,XOM,0.085,-0.005,-0.075
Ranked long-short,2018-12-31,CVX,0.045,-0.015,-0.065
Ranked long-short,2018-12-31,CAT,-0.065,-0.095,-0.095
Ranked long-short,2018-12-31,HON,-0.045,-0.035,-0.055
Ranked long-short,2018-12-31,NEE,0.075,0.075,0.045
Ranked long-short,2018-12-31,DUK,0.055,0.025,0.015
Ranked long-short,2019-01-31,AAPL,0.065,0.055,-0.005
Ranked long-short,2019-01-31,MSFT,-0.025,0.045,0.055
Ranked long-short,2019-01-31,NVDA,-0.005,0.085,-0.075
Ranked long-short,2019-01-31,ORCL,-0.035,0.015,-0.015
Ranked long-short,2019-01-31,AMZN,-0.095,-0.075,0.035
Ranked long-short,2019-01-31,HD,0.035,0.005,-0.055
Ranked long-short,2019-01-31,MCD,0.015,0.065,0.015
Ranked long-short,2019-01-31,WMT,0.005,-0.065,-0.035
Ranked long-short,2019-01-31,COST,-0.015,-0.055,0.025
Ranked long-short,2019-01-31,PG,0.025,0.035,0.045
Ranked long-short,2019-01-31,KO,-0.075,-0.045,0.005
Ranked long-short,2019-01-31,JNJ,-0.085,-0.085,-0.025
Ranked long-short,2019-01-31,PFE,0.095,0.095,0.065
Ranked long-short,2019-01-31,MRK,-0.055,-0.025,0.095
Ranked long-short,2019-01-31,XOM,0.075,-0.005,-0.095
Ranked long-short,2019-01-31,CVX,0.045,-0.015,-0.065
Ranked long-short,2019-01-31,CAT,-0.065,-0.095,-0.045
Ranked long-short,2019-01-31,HON,-0.045,-0.035,-0.085
Ranked long-short,2019-01-31,NEE,0.085,0.075,0.075
Ranked long-short,2019-01-31,DUK,0.055,0.025,0.085
Ranked long-short,2019-02-28,AAPL,0.065,0.055,-0.065
Ranked long-short,2019-02-28,MSFT,-0.025,0.045,0.055
Ranked long-short,2019-02-28,NVDA,-0.015,0.085,-0.095
Ranked long-short,2019-02-28,ORCL,-0.035,0.015,-0.025
Ranked long-short,2019-02-28,AMZN,-0.085,-0.075,0.005
Ranked long-short,2019-02-28,HD,0.045,0.005,-0.045
Ranked long-short,2019-02-28,MCD,0.015,0.065,0.035
Ranked long-short,2019-02-28,WMT,0.005,-0.065,-0.005
Ranked long-short,2019-02-28,COST,-0.005,-0.055,0.025
Ranked long-short,2019-02-28,PG,0.025,0.035,0.085
Ranked long-short,2019-02-28,KO,-0.075,-0.045,0.015
Ranked long-short,2019-02-28,JNJ,-0.095,-0.085,-0.035
Ranked long-short,2019-02-28,PFE,0.095,0.095,0.045
Ranked long-short,2019-02-28,MRK,-0.055,-0.025,0.095
Ranked long-short,2019-02-28,XOM,0.075,-0.005,-0.055
Ranked long-short,2019-02-28,CVX,0.035,-0.015,-0.015
Ranked long-short,2019-02-28,CAT,-0.065,-0.095,-0.085
Ranked long-short,2019-02-28,HON,-0.045,-0.035,-0.075
Ranked long-short,2019-02-28,NEE,0.085,0.075,0.075
Ranked long-short,2019-02-28,DUK,0.055,0.025,0.065
Ranked long-short,2019-03-31,AAPL,0.085,0.055,-0.075
Ranked long-short,2019-03-31,MSFT,-0.025,0.045,0.075
Ranked long-short,2019-03-31,NVDA,-0.015,0.085,-0.095
Ranked long-short,2019-03-31,ORCL,-0.035,0.015,0.025
Ranked long-short,2019-03-31,AMZN,-0.095,-0.075,-0.005
Ranked long-short,2019-03-31,HD,0.045,0.005,-0.065
Ranked long-short,2019-03-31,MCD,0.005,0.065,0.035
Ranked long-short,2019-03-31,WMT,0.015,-0.065,0.005
Ranked long-short,2019-03-31,COST,-0.005,-0.055,0.015
Ranked long-short,2019-03-31,PG,0.025,0.035,0.085
Ranked long-short,2019-03-31,KO,-0.075,-0.045,-0.055
Ranked long-short,2019-03-31,JNJ,-0.085,-0.085,-0.015
Ranked long-short,2019-03-31,PFE,0.095,0.095,0.065
Ranked long-short,2019-03-31,MRK,-0.055,-0.025,0.095
Ranked long-short,2019-03-31,XOM,0.065,-0.005,-0.045
Ranked long-short,2019-03-31,CVX,0.035,-0.015,-0.035
Ranked long-short,2019-03-31,CAT,-0.065,-0.095,-0.085
Ranked long-short,2019-03-31,HON,-0.045,-0.035,-0.025
Ranked long-short,2019-03-31,NEE,0.075,0.075,0.055
Ranked long-short,2019-03-31,DUK,0.055,0.025,0.045
Ranked long-short,2019-04-30,AAPL,0.085,0.055,-0.005
Ranked long-short,2019-04-30,MSFT,-0.035,0.045,0.055
Ranked long-short,2019-04-30,NVDA,-0.015,0.085,-0.095
Ranked long-short,2019-04-30,ORCL,-0.025,0.015,0.035
Ranked long-short,2019-04-30,AMZN,-0.095,-0.075,-0.045
Ranked long-short,2019-04-30,HD,0.035,0.005,-0.065
Ranked long-short,2019-04-30,MCD,0.015,0.065,0.065
Ranked long-short,2019-04-30,WMT,0.005,-0.065,0.005
Ranked long-short,2019-04-30,COST,-0.005,-0.055,0.045
Ranked long-short,2019-04-30,PG,0.025,0.035,0.095
Ranked long-short,2019-04-30,KO,-0.075,-0.045,-0.015
Ranked long-short,2019-04-30,JNJ,-0.085,-0.085,-0.025
Ranked long-short,2019-04-30,PFE,0.095,0.095,0.015
Ranked long-short,2019-04-30,MRK,-0.045,-0.025,0.085
Ranked long-short,2019-04-30,XOM,0.065,-0.005,-0.055
Ranked long-short,2019-04-30,CVX,0.045,-0.015,-0.075
Ranked long-short,2019-04-30,CAT,-0.065,-0.095,-0.085
Ranked long-short,2019-04-30,HON,-0.055,-0.035,-0.035
Ranked long-short,2019-04-30,NEE,0.075,0.075,0.075
Ranked long-short,2019-04-30,DUK,0.055,0.025,0.025
Ranked long-short,2019-05-31,AAPL,0.085,0.055,-0.045
Ranked long-short,2019-05-31,MSFT,-0.035,0.045,0.065
Ranked long-short,2019-05-31,NVDA,0.015,0.085,-0.095
Ranked long-short,2019-05-31,ORCL,-0.025,0.015,-0.015
Ranked long-short,2019-05-31,AMZN,-0.095,-0.075,-0.035
Ranked long-short,2019-05-31,HD,0.035,0.005,-0.055
Ranked long-short,2019-05-31,MCD,-0.005,0.065,0.075
Ranked long-short,2019-05-31,WMT,0.005,-0.065,0.035
Ranked long-short,2019-05-31,COST,-0.015,-0.055,0.025
Ranked long-short,2019-05-31,PG,0.025,0.035,0.095
Ranked long-short,2019-05-31,KO,-0.075,-0.045,-0.005
Ranked long-short,2019-05-31,JNJ,-0.085,-0.085,0.015
Ranked long-short,2019-05-31,PFE,0.095,0.095,-0.025
Ranked long-short,2019-05-31,MRK,-0.055,-0.025,0.085
Ranked long-short,2019-05-31,XOM,0.075,-0.005,-0.065
Ranked long-short,2019-05-31,CVX,0.045,-0.015,-0.075
Ranked long-short,2019-05-31,CAT,-0.065,-0.095,-0.085
Ranked long-short,2019-05-31,HON,-0.045,-0.035,0.005
Ranked long-short,2019-05-31,NEE,0.065,0.075,0.045
Ranked long-short,2019-05-31,DUK,0.055,0.025,0.055
Ranked long-short,2019-06-30,AAPL,0.065,0.065,-0.055
Ranked long-short,2019-06-30,MSFT,-0.085,0.015,0.055
Ranked long-short,2019-06-30,NVDA,-0.035,0.085,-0.095
Ranked long-short,2019-06-30,ORCL,-0.075,-0.045,0.035
Ranked long-short,2019-06-30,AMZN,-0.095,-0.075,-0.035
Ranked long-short,2019-06-30,HD,-0.005,-0.055,-0.045
Ranked long-short,2019-06-30,MCD,0.005,0.075,0.095
Ranked long-short,2019-06-30,WMT,-0.025,-0.095,0.045
Ranked long-short,2019-06-30,COST,-0.065,-0.085,-0.015
Ranked long-short,2019-06-30,PG,-0.015,-0.005,0.085
Ranked long-short,2019-06-30,KO,-0.055,0.045,0.015
Ranked long-short,2019-06-30,JNJ,0.015,0.035,-0.025
Ranked long-short,2019-06-30,PFE,0.035,0.055,0.005
Ranked long-short,2019-06-30,MRK,-0.045,0.005,0.075
Ranked long-short,2019-06-30,XOM,0.075,-0.065,-0.085
Ranked long-short,2019-06-30,CVX,0.055,-0.035,-0.075
Ranked long-short,2019-06-30,CAT,0.095,-0.015,-0.065
Ranked long-short,2019-06-30,HON,0.045,0.025,0.025
Ranked long-short,2019-06-30,NEE,0.085,0.095,0.065
Ranked long-short,2019-06-30,DUK,0.025,-0.025,-0.005
Ranked long-short,2019-07-31,AAPL,0.055,0.065,-0.055
Ranked long-short,2019-07-31,MSFT,-0.085,0.015,0.045
Ranked long-short,2019-07-31,NVDA,-0.005,0.085,-0.095
Ranked long-short,2019-07-31,ORCL,-0.075,-0.055,0.025
Ranked long-short,2019-07-31,AMZN,-0.095,-0.075,-0.045
Ranked long-short,2019-07-31,HD,0.025,-0.035,-0.035
Ranked long-short,2019-07-31,MCD,-0.015,0.075,0.095
Ranked long-short,2019-07-31,WMT,-0.065,-0.095,0.055
Ranked long-short,2019-07-31,COST,-0.055,-0.085,0.035
Ranked long-short,2019-07-31,PG,-0.025,-0.005,0.085
Ranked long-short,2019-07-31,KO,-0.045,0.045,-0.005
Ranked long-short,2019-07-31,JNJ,0.005,0.035,-0.025
Ranked long-short,2019-07-31,PFE,0.035,0.055,0.005
Ranked long-short,2019-07-31,MRK,-0.035,0.005,0.065
Ranked long-short,2019-07-31,XOM,0.075,-0.065,-0.085
Ranked long-short,2019-07-31,CVX,0.065,-0.045,-0.065
Ranked long-short,2019-07-31,CAT,0.095,-0.015,-0.075
Ranked long-short,2019-07-31,HON,0.045,0.025,-0.015
Ranked long-short,2019-07-31,NEE,0.085,0.095,0.075
Ranked long-short,2019-07-31,DUK,0.015,-0.025,0.015
Ranked long-short,2019-08-31,AAPL,0.055,0.065,-0.075
Ranked long-short,2019-08-31,MSFT,-0.085,0.015,0.045
Ranked long-short,2019-08-31,NVDA,-0.005,0.085,-0.095
Ranked long-short,2019-08-31,ORCL,-0.075,-0.055,0.035
Ranked long-short,2019-08-31,AMZN,-0.095,-0.075,-0.045
Ranked long-short,2019-08-31,HD,0.025,-0.035,-0.015
Ranked long-short,2019-08-31,MCD,-0.015,0.075,0.095
Ranked long-short,2019-08-31,WMT,-0.065,-0.095,0.025
Ranked long-short,2019-08-31,COST,-0.055,-0.085,0.015
Ranked long-short,2019-08-31,PG,-0.025,-0.005,0.085
Ranked long-short,2019-08-31,KO,-0.045,0.045,0.055
Ranked long-short,2019-08-31,JNJ,0.015,0.035,-0.035
Ranked long-short,2019-08-31,PFE,0.035,0.055,-0.065
Ranked long-short,2019-08-31,MRK,-0.035,0.005,0.065
Ranked long-short,2019-08-31,XOM,0.085,-0.065,-0.085
Ranked long-short,2019-08-31,CVX,0.075,-0.045,-0.025
Ranked long-short,2019-08-31,CAT,0.095,-0.015,-0.055
Ranked long-short,2019-08-31,HON,0.045,0.025,-0.005
Ranked long-short,2019-08-31,NEE,0.065,0.095,0.075
Ranked long-short,2019-08-31,DUK,0.005,-0.025,0.005
Ranked long-short,2019-09-30,AAPL,0.055,0.065,-0.035
Ranked long-short,2019-09-30,MSFT,-0.085,0.015,0.015
Ranked long-short,2019-09-30,NVDA,-0.005,0.085,-0.075
Ranked long-short,2019-09-30,ORCL,-0.075,-0.055,-0.005
Ranked long-short,2019-09-30,AMZN,-0.095,-0.075,-0.045
Ranked long-short,2019-09-30,HD,0.025,-0.035,0.005
Ranked long-short,2019-09-30,MCD,-0.015,0.075,0.075
Ranked long-short,2019-09-30,WMT,-0.065,-0.095,0.055
Ranked long-short,2019-09-30,COST,-0.055,-0.085,0.035
Ranked long-short,2019-09-30,PG,-0.025,-0.005,0.095
Ranked long-short,2019-09-30,KO,-0.045,0.045,0.045
Ranked long-short,2019-09-30,JNJ,0.015,0.035,-0.055
Ranked long-short,2019-09-30,PFE,0.035,0.055,-0.085
Ranked long-short,2019-09-30,MRK,-0.035,0.005,0.025
Ranked long-short,2019-09-30,XOM,0.085,-0.065,-0.095
Ranked long-short,2019-09-30,CVX,0.075,-0.045,-0.025
Ranked long-short,2019-09-30,CAT,0.095,-0.015,-0.065
Ranked long-short,2019-09-30,HON,0.045,0.025,-0.015
Ranked long-short,2019-09-30,NEE,0.065,0.095,0.085
Ranked long-short,2019-09-30,DUK,0.005,-0.025,0.065
Ranked long-short,2019-10-31,AAPL,0.035,0.065,-0.055
Ranked long-short,2019-10-31,MSFT,-0.085,0.015,0.035
Ranked long-short,2019-10-31,NVDA,-0.015,0.085,-0.065
Ranked long-short,2019-10-31,ORCL,-0.075,-0.055,-0.015
Ranked long-short,2019-10-31,AMZN,-0.095,-0.075,-0.045
Ranked long-short,2019-10-31,HD,0.025,-0.035,0.065
Ranked long-short,2019-10-31,MCD,-0.005,0.075,0.045
Ranked long-short,2019-10-31,WMT,-0.065,-0.095,0.015
Ranked long-short,2019-10-31,COST,-0.055,-0.085,0.055
Ranked long-short,2019-10-31,PG,-0.025,-0.005,0.085
Ranked long-short,2019-10-31,KO,-0.045,0.045,0.025
Ranked long-short,2019-10-31,JNJ,0.015,0.035,-0.075
Ranked long-short,2019-10-31,PFE,0.045,0.055,-0.095
Ranked long-short,2019-10-31,MRK,-0.035,0.005,-0.005
Ranked long-short,2019-10-31,XOM,0.085,-0.065,-0.085
Ranked long-short,2019-10-31,CVX,0.075,-0.045,-0.035
Ranked long-short,2019-10-31,CAT,0.095,-0.015,-0.025
Ranked long-short,2019-10-31,HON,0.055,0.025,0.005
Ranked long-short,2019-10-31,NEE,0.065,0.095,0.095
Ranked long-short,2019-10-31,DUK,0.005,-0.025,0.075
Ranked long-short,2019-11-30,AAPL,0.025,0.055,0.075
Ranked long-short,2019-11-30,MSFT,-0.085,0.005,0.065
Ranked long-short,2019-11-30,NVDA,-0.025,0.085,0.005
Ranked long-short,2019-11-30,ORCL,0.055,0.075,0.015
Ranked long-short,2019-11-30,AMZN,-0.095,-0.075,-0.035
Ranked long-short,2019-11-30,HD,0.015,-0.045,0.055
Ranked long-short,2019-11-30,MCD,-0.015,0.065,-0.055
Ranked long-short,2019-11-30,WMT,-0.075,-0.095,0.035
Ranked long-short,2019-11-30,COST,-0.065,-0.085,0.045
Ranked long-short,2019-11-30,PG,-0.035,-0.015,0.085
Ranked long-short,2019-11-30,KO,-0.055,0.035,-0.015
Ranked long-short,2019-11-30,JNJ,-0.005,0.025,-0.075
Ranked long-short,2019-11-30,PFE,0.035,0.045,-0.095
Ranked long-short,2019-11-30,MRK,-0.045,-0.005,-0.025
Ranked long-short,2019-11-30,XOM,0.085,-0.065,-0.085
Ranked long-short,2019-11-30,CVX,0.075,-0.055,-0.065
Ranked long-short,2019-11-30,CAT,0.095,-0.025,-0.045
Ranked long-short,2019-11-30,HON,0.045,0.015,0.025
Ranked long-short,2019-11-30,NEE,0.065,0.095,0.095
Ranked long-short,2019-11-30,DUK,0.005,-0.035,-0.005
Ranked long-short,2019-12-31,AAPL,0.015,0.045,0.095
Ranked long-short,2019-12-31,MSFT,-0.025,0.075,0.085
Ranked long-short,2019-12-31,NVDA,-0.035,0.085,0.025
Ranked long-short,2019-12-31,ORCL,0.065,0.065,0.015
Ranked long-short,2019-12-31,AMZN,-0.095,-0.075,-0.005
Ranked long-short,2019-12-31,HD,0.025,-0.035,0.005
Ranked long-short,2019-12-31,MCD,-0.005,0.055,-0.025
Ranked long-short,2019-12-31,WMT,-0.075,-0.095,0.035
Ranked long-short,2019-12-31,COST,-0.065,-0.085,0.075
Ranked long-short,2019-12-31,PG,-0.085,-0.065,0.055
Ranked long-short,2019-12-31,KO,-0.055,0.025,-0.015
Ranked long-short,2019-12-31,JNJ,-0.015,0.015,-0.055
Ranked long-short,2019-12-31,PFE,0.035,0.035,-0.095
Ranked long-short,2019-12-31,MRK,-0.045,-0.005,-0.035
Ranked long-short,2019-12-31,XOM,0.085,-0.055,-0.085
Ranked long-short,2019-12-31,CVX,0.075,-0.045,-0.065
Ranked long-short,2019-12-31,CAT,0.095,-0.015,-0.045
Ranked long-short,2019-12-31,HON,0.045,0.005,0.045
Ranked long-short,2019-12-31,NEE,0.055,0.095,0.065
Ranked long-short,2019-12-31,DUK,0.005,-0.025,-0.075
Ranked long-short,2020-01-31,AAPL,0.015,0.045,0.095
Ranked long-short,2020-01-31,MSFT,-0.025,0.075,0.085
Ranked long-short,2020-01-31,NVDA,-0.045,0.085,0.035
Ranked long-short,2020-01-31,ORCL,0.065,0.065,-0.055
Ranked long-short,2020-01-31,AMZN,-0.095,-0.075,-0.025
Ranked long-short,2020-01-31,HD,0.025,-0.035,-0.005
Ranked long-short,2020-01-31,MCD,-0.015,0.055,0.015
Ranked long-short,2020-01-31,WMT,-0.075,-0.095,0.055
Ranked long-short,2020-01-31,COST,-0.065,-0.085,0.065
Ranked long-short,2020-01-31,PG,-0.085,-0.065,0.045
Ranked long-short,2020-01-31,KO,-0.055,0.025,-0.015
Ranked long-short,2020-01-31,JNJ,-0.005,0.015,-0.045
Ranked long-short,2020-01-31,PFE,0.045,0.035,-0.095
Ranked long-short,2020-01-31,MRK,-0.035,-0.005,0.005
Ranked long-short,2020-01-31,XOM,0.085,-0.055,-0.085
Ranked long-short,2020-01-31,CVX,0.075,-0.045,-0.075
Ranked long-short,2020-01-31,CAT,0.095,-0.015,-0.035
Ranked long-short,2020-01-31,HON,0.055,0.005,0.025
Ranked long-short,2020-01-31,NEE,0.035,0.095,0.075
Ranked long-short,2020-01-31,DUK,0.005,-0.025,-0.065
Ranked long-short,2020-02-29,AAPL,0.015,0.045,0.095
Ranked long-short,2020-02-29,MSFT,-0.035,0.075,0.075
Ranked long-short,2020-02-29,NVDA,-0.065,0.085,0.035
Ranked long-short,2020-02-29,ORCL,0.065,0.065,-0.055
Ranked long-short,2020-02-29,AMZN,-0.095,-0.075,-0.005
Ranked long-short,2020-02-29,HD,0.025,-0.035,0.015
Ranked long-short,2020-02-29,MCD,-0.015,0.055,0.005
Ranked long-short,2020-02-29,WMT,-0.075,-0.095,0.025
Ranked long-short,2020-02-29,COST,-0.045,-0.085,0.065
Ranked long-short,2020-02-29,PG,-0.085,-0.065,0.045
Ranked long-short,2020-02-29,KO,-0.055,0.025,0.055
Ranked long-short,2020-02-29,JNJ,0.005,0.015,-0.035
Ranked long-short,2020-02-29,PFE,0.055,0.035,-0.085
Ranked long-short,2020-02-29,MRK,-0.025,-0.005,-0.045
Ranked long-short,2020-02-29,XOM,0.095,-0.055,-0.095
Ranked long-short,2020-02-29,CVX,0.075,-0.045,-0.075
Ranked long-short,2020-02-29,CAT,0.085,-0.015,-0.065
Ranked long-short,2020-02-29,HON,0.045,0.005,-0.015
Ranked long-short,2020-02-29,NEE,0.035,0.095,0.085
Ranked long-short,2020-02-29,DUK,-0.005,-0.025,-0.025
Ranked long-short,2020-03-31,AAPL,0.015,0.045,0.085
Ranked long-short,2020-03-31,MSFT,-0.035,0.075,0.095
Ranked long-short,2020-03-31,NVDA,-0.065,0.085,0.075
Ranked long-short,2020-03-31,ORCL,0.065,0.065,-0.065
Ranked long-short,2020-03-31,AMZN,-0.095,-0.075,0.005
Ranked long-short,2020-03-31,HD,0.025,-0.035,0.015
Ranked long-short,2020-03-31,MCD,-0.005,0.055,-0.005
Ranked long-short,2020-03-31,WMT,-0.075,-0.095,0.045
Ranked long-short,2020-03-31,COST,-0.055,-0.085,0.055
Ranked long-short,2020-03-31,PG,-0.085,-0.065,0.025
Ranked long-short,2020-03-31,KO,-0.025,0.025,0.035
Ranked long-short,2020-03-31,JNJ,-0.015,0.015,-0.035
Ranked long-short,2020-03-31,PFE,0.045,0.035,-0.085
Ranked long-short,2020-03-31,MRK,-0.045,-0.005,-0.055
Ranked long-short,2020-03-31,XOM,0.095,-0.055,-0.095
Ranked long-short,2020-03-31,CVX,0.085,-0.045,-0.075
Ranked long-short,2020-03-31,CAT,0.075,-0.015,-0.045
Ranked long-short,2020-03-31,HON,0.055,0.005,-0.015
Ranked long-short,2020-03-31,NEE,0.035,0.095,0.065
Ranked long-short,2020-03-31,DUK,0.005,-0.025,-0.025
Ranked long-short,2020-04-30,AAPL,0.005,0.045,0.075
Ranked long-short,2020-04-30,MSFT,-0.045,0.075,0.065
Ranked long-short,2020-04-30,NVDA,-0.065,0.085,0.095
Ranked long-short,2020-04-30,ORCL,0.055,0.065,-0.025
Ranked long-short,2020-04-30,AMZN,-0.095,-0.075,0.025
Ranked long-short,2020-04-30,HD,0.025,-0.035,0.015
Ranked long-short,2020-04-30,MCD,-0.005,0.055,-0.045
Ranked long-short,2020-04-30,WMT,-0.075,-0.095,0.045
Ranked long-short,2020-04-30,COST,-0.055,-0.085,0.085
Ranked long-short,2020-04-30,PG,-0.085,-0.065,0.035
Ranked long-short,2020-04-30,KO,-0.025,0.025,-0.015
Ranked long-short,2020-04-30,JNJ,-0.015,0.015,-0.035
Ranked long-short,2020-04-30,PFE,0.035,0.035,-0.075
Ranked long-short,2020-04-30,MRK,-0.035,-0.005,0.005
Ranked long-short,2020-04-30,XOM,0.095,-0.055,-0.095
Ranked long-short,2020-04-30,CVX,0.075,-0.045,-0.085
Ranked long-short,2020-04-30,CAT,0.085,-0.015,-0.065
Ranked long-short,2020-04-30,HON,0.065,0.005,-0.055
Ranked long-short,2020-04-30,NEE,0.045,0.095,0.055
Ranked long-short,2020-04-30,DUK,0.015,-0.025,-0.005
Ranked long-short,2020-05-31,AAPL,-0.005,0.045,0.085
Ranked long-short,2020-05-31,MSFT,-0.045,0.075,0.075
Ranked long-short,2020-05-31,NVDA,-0.065,0.085,0.095
Ranked long-short,2020-05-31,ORCL,0.055,0.065,-0.005
Ranked long-short,2020-05-31,AMZN,-0.095,-0.075,0.055
Ranked long-short,2020-05-31,HD,0.005,-0.035,0.005
Ranked long-short,2020-05-31,MCD,0.015,0.055,-0.055
Ranked long-short,2020-05-31,WMT,-0.075,-0.095,0.045
Ranked long-short,2020-05-31,COST,-0.055,-0.085,0.065
Ranked long-short,2020-05-31,PG,-0.085,-0.065,0.035
Ranked long-short,2020-05-31,KO,-0.025,0.025,-0.035
Ranked long-short,2020-05-31,JNJ,-0.015,0.015,0.025
Ranked long-short,2020-05-31,PFE,0.035,0.035,-0.065
Ranked long-short,2020-05-31,MRK,-0.035,-0.005,-0.015
Ranked long-short,2020-05-31,XOM,0.095,-0.055,-0.095
Ranked long-short,2020-05-31,CVX,0.075,-0.045,-0.085
Ranked long-short,2020-05-31,CAT,0.085,-0.015,-0.045
Ranked long-short,2020-05-31,HON,0.065,0.005,-0.075
Ranked long-short,2020-05-31,NEE,0.045,0.095,0.015
Ranked long-short,2020-05-31,DUK,0.025,-0.025,-0.025
Ranked long-short,2020-06-30,AAPL,-0.015,0.025,0.085
Ranked long-short,2020-06-30,MSFT,-0.045,0.075,0.075
Ranked long-short,2020-06-30,NVDA,-0.065,0.085,0.095
Ranked long-short,2020-06-30,ORCL,0.055,0.055,-0.035
Ranked long-short,2020-06-30,AMZN,-0.095,-0.065,0.065
Ranked long-short,2020-06-30,HD,0.005,-0.035,0.025
Ranked long-short,2020-06-30,MCD,0.015,0.065,-0.055
Ranked long-short,2020-06-30,WMT,-0.055,-0.095,0.035
Ranked long-short,2020-06-30,COST,-0.035,-0.075,0.055
Ranked long-short,2020-06-30,PG,-0.085,-0.045,0.005
Ranked long-short,2020-06-30,KO,0.025,0.035,-0.025
Ranked long-short,2020-06-30,JNJ,-0.005,0.005,0.015
Ranked long-short,2020-06-30,PFE,0.095,0.095,-0.075
Ranked long-short,2020-06-30,MRK,0.035,0.045,-0.015
Ranked long-short,2020-06-30,XOM,0.075,-0.055,-0.095
Ranked long-short,2020-06-30,CVX,-0.075,-0.085,-0.085
Ranked long-short,2020-06-30,CAT,0.085,-0.025,-0.045
Ranked long-short,2020-06-30,HON,0.045,-0.005,-0.065
Ranked long-short,2020-06-30,NEE,-0.025,0.015,0.045
Ranked long-short,2020-06-30,DUK,0.065,-0.015,-0.005
Ranked long-short,2020-07-31,AAPL,-0.025,0.025,0.085
Ranked long-short,2020-07-31,MSFT,-0.055,0.085,0.065
Ranked long-short,2020-07-31,NVDA,-0.085,0.055,0.095
Ranked long-short,2020-07-31,ORCL,0.055,0.065,-0.015
Ranked long-short,2020-07-31,AMZN,-0.095,-0.065,0.075
Ranked long-short,2020-07-31,HD,-0.005,-0.035,0.025
Ranked long-short,2020-07-31,MCD,0.015,0.075,-0.075
Ranked long-short,2020-07-31,WMT,0.005,-0.075,0.035
Ranked long-short,2020-07-31,COST,-0.045,-0.085,0.055
Ranked long-short,2020-07-31,PG,-0.075,-0.045,0.005
Ranked long-short,2020-07-31,KO,0.025,0.035,-0.065
Ranked long-short,2020-07-31,JNJ,-0.015,0.005,0.015
Ranked long-short,2020-07-31,PFE,0.075,0.095,-0.055
Ranked long-short,2020-07-31,MRK,0.035,0.045,-0.035
Ranked long-short,2020-07-31,XOM,0.085,-0.055,-0.095
Ranked long-short,2020-07-31,CVX,-0.065,-0.095,-0.085
Ranked long-short,2020-07-31,CAT,0.095,-0.025,-0.005
Ranked long-short,2020-07-31,HON,0.045,-0.005,-0.045
Ranked long-short,2020-07-31,NEE,-0.035,0.015,0.045
Ranked long-short,2020-07-31,DUK,0.065,-0.015,-0.025
Ranked long-short,2020-08-31,AAPL,-0.035,0.025,0.085
Ranked long-short,2020-08-31,MSFT,-0.055,0.085,0.065
Ranked long-short,2020-08-31,NVDA,-0.085,0.055,0.095
Ranked long-short,2020-08-31,ORCL,0.055,0.065,-0.025
Ranked long-short,2020-08-31,AMZN,-0.095,-0.065,0.075
Ranked long-short,2020-08-31,HD,-0.015,-0.035,0.015
Ranked long-short,2020-08-31,MCD,0.005,0.075,-0.065
Ranked long-short,2020-08-31,WMT,0.015,-0.075,0.045
Ranked long-short,2020-08-31,COST,-0.045,-0.085,0.025
Ranked long-short,2020-08-31,PG,-0.075,-0.045,0.005
Ranked long-short,2020-08-31,KO,0.025,0.035,-0.075
Ranked long-short,2020-08-31,JNJ,-0.005,0.005,0.035
Ranked long-short,2020-08-31,PFE,0.075,0.095,-0.015
Ranked long-short,2020-08-31,MRK,0.035,0.045,-0.055
Ranked long-short,2020-08-31,XOM,0.095,-0.055,-0.095
Ranked long-short,2020-08-31,CVX,-0.065,-0.095,-0.085
Ranked long-short,2020-08-31,CAT,0.085,-0.025,-0.005
Ranked long-short,2020-08-31,HON,0.045,-0.005,-0.035
Ranked long-short,2020-08-31,NEE,-0.025,0.015,0.055
Ranked long-short,2020-08-31,DUK,0.065,-0.015,-0.045
Ranked long-short,2020-09-30,AAPL,-0.035,0.025,0.085
Ranked long-short,2020-09-30,MSFT,-0.045,0.085,0.065
Ranked long-short,2020-09-30,NVDA,-0.085,0.055,0.095
Ranked long-short,2020-09-30,ORCL,0.055,0.065,-0.015
Ranked long-short,2020-09-30,AMZN,-0.095,-0.065,0.075
Ranked long-short,2020-09-30,HD,0.005,-0.035,0.025
Ranked long-short,2020-09-30,MCD,-0.015,0.075,-0.045
Ranked long-short,2020-09-30,WMT,-0.005,-0.075,0.045
Ranked long-short,2020-09-30,COST,-0.055,-0.085,0.055
Ranked long-short,2020-09-30,PG,-0.075,-0.045,0.005
Ranked long-short,2020-09-30,KO,0.025,0.035,-0.065
Ranked long-short,2020-09-30,JNJ,0.015,0.005,0.035
Ranked long-short,2020-09-30,PFE,0.085,0.095,-0.025
Ranked long-short,2020-09-30,MRK,0.035,0.045,-0.035
Ranked long-short,2020-09-30,XOM,0.095,-0.055,-0.095
Ranked long-short,2020-09-30,CVX,-0.065,-0.095,-0.085
Ranked long-short,2020-09-30,CAT,0.075,-0.025,-0.005
Ranked long-short,2020-09-30,HON,0.045,-0.005,-0.055
Ranked long-short,2020-09-30,NEE,-0.025,0.015,0.015
Ranked long-short,2020-09-30,DUK,0.065,-0.015,-0.075
Ranked long-short,2020-10-31,AAPL,-0.025,0.025,0.075
Ranked long-short,2020-10-31,MSFT,-0.045,0.085,0.065
Ranked long-short,2020-10-31,NVDA,-0.085,0.055,0.095
Ranked long-short,2020-10-31,ORCL,0.065,0.065,-0.015
Ranked long-short,2020-10-31,AMZN,-0.095,-0.065,0.085
Ranked long-short,2020-10-31,HD,0.005,-0.035,-0.005
Ranked long-short,2020-10-31,MCD,-0.015,0.075,0.015
Ranked long-short,2020-10-31,WMT,-0.005,-0.075,0.045
Ranked long-short,2020-10-31,COST,-0.055,-0.085,0.055
Ranked long-short,2020-10-31,PG,-0.075,-0.045,0.025
Ranked long-short,2020-10-31,KO,0.025,0.035,-0.075
Ranked long-short,2020-10-31,JNJ,0.015,0.005,0.005
Ranked long-short,2020-10-31,PFE,0.085,0.095,-0.055
Ranked long-short,2020-10-31,MRK,0.045,0.045,-0.065
Ranked long-short,2020-10-31,XOM,0.095,-0.055,-0.095
Ranked long-short,2020-10-31,CVX,-0.065,-0.095,-0.085
Ranked long-short,2020-10-31,CAT,0.075,-0.025,-0.025
Ranked long-short,2020-10-31,HON,0.035,-0.005,-0.045
Ranked long-short,2020-10-31,NEE,-0.035,0.015,0.035
Ranked long-short,2020-10-31,DUK,0.055,-0.015,-0.035
Ranked long-short,2020-11-30,AAPL,-0.035,0.025,0.075
Ranked long-short,2020-11-30,MSFT,-0.045,0.085,0.065
Ranked long-short,2020-11-30,NVDA,-0.085,0.055,0.095
Ranked long-short,2020-11-30,ORCL,0.065,0.065,-0.025
Ranked long-short,2020-11-30,AMZN,-0.095,-0.065,0.085
Ranked long-short,2020-11-30,HD,0.005,-0.035,0.015
Ranked long-short,2020-11-30,MCD,-0.005,0.075,0.005
Ranked long-short,2020-11-30,WMT,-0.015,-0.075,0.045
Ranked long-short,2020-11-30,COST,-0.055,-0.085,0.055
Ranked long-short,2020-11-30,PG,-0.075,-0.045,0.025
Ranked long-short,2020-11-30,KO,0.025,0.035,-0.055
Ranked long-short,2020-11-30,JNJ,0.015,0.005,-0.035
Ranked long-short,2020-11-30,PFE,0.085,0.095,-0.065
Ranked long-short,2020-11-30,MRK,0.045,0.045,-0.075
Ranked long-short,2020-11-30,XOM,0.095,-0.055,-0.095
Ranked long-short,2020-11-30,CVX,-0.065,-0.095,-0.085
Ranked long-short,2020-11-30,CAT,0.075,-0.025,-0.005
Ranked long-short,2020-11-30,HON,0.035,-0.005,-0.045
Ranked long-short,2020-11-30,NEE,-0.025,0.015,0.035
Ranked long-short,2020-11-30,DUK,0.055,-0.015,-0.015
Ranked long-short,2020-12-31,AAPL,-0.055,0.025,0.075
Ranked long-short,2020-12-31,MSFT,-0.035,0.085,0.055
Ranked long-short,2020-12-31,NVDA,-0.085,0.055,0.095
Ranked long-short,2020-12-31,ORCL,0.055,0.065,-0.015
Ranked long-short,2020-12-31,AMZN,-0.095,-0.065,0.085
Ranked long-short,2020-12-31,HD,0.025,-0.045,0.025
Ranked long-short,2020-12-31,MCD,0.005,0.075,-0.025
Ranked long-short,2020-12-31,WMT,-0.005,-0.075,0.045
Ranked long-short,2020-12-31,COST,-0.065,-0.085,0.065
Ranked long-short,2020-12-31,PG,-0.025,-0.005,-0.005
Ranked long-short,2020-12-31,KO,0.015,0.035,-0.055
Ranked long-short,2020-12-31,JNJ,-0.015,0.005,-0.045
Ranked long-short,2020-12-31,PFE,0.085,0.095,-0.065
Ranked long-short,2020-12-31,MRK,0.045,0.045,-0.085
Ranked long-short,2020-12-31,XOM,0.095,-0.055,-0.095
Ranked long-short,2020-12-31,CVX,-0.075,-0.095,-0.075
Ranked long-short,2020-12-31,CAT,0.075,-0.035,0.015
Ranked long-short,2020-12-31,HON,0.035,-0.015,0.005
Ranked long-short,2020-12-31,NEE,-0.045,0.015,0.035
Ranked long-short,2020-12-31,DUK,0.065,-0.025,-0.035
Ranked long-short,2021-01-31,AAPL,-0.055,0.025,0.075
Ranked long-short,2021-01-31,MSFT,-0.035,0.085,0.045
Ranked long-short,2021-01-31,NVDA,-0.085,0.055,0.095
Ranked long-short,2021-01-31,ORCL,0.065,0.065,0.035
Ranked long-short,2021-01-31,AMZN,-0.095,-0.065,0.085
Ranked long-short,2021-01-31,HD,0.005,-0.045,-0.015
Ranked long-short,2021-01-31,MCD,-0.005,0.075,-0.035
Ranked long-short,2021-01-31,WMT,-0.015,-0.075,0.065
Ranked long-short,2021-01-31,COST,-0.065,-0.085,0.025
Ranked long-short,2021-01-31,PG,0.015,-0.005,0.005
Ranked long-short,2021-01-31,KO,0.025,0.035,-0.065
Ranked long-short,2021-01-31,JNJ,-0.025,0.005,-0.025
Ranked long-short,2021-01-31,PFE,0.095,0.095,-0.045
Ranked long-short,2021-01-31,MRK,0.045,0.045,-0.075
Ranked long-short,2021-01-31,XOM,0.085,-0.055,-0.095
Ranked long-short,2021-01-31,CVX,-0.075,-0.095,-0.085
Ranked long-short,2021-01-31,CAT,0.075,-0.035,0.055
Ranked long-short,2021-01-31,HON,0.035,-0.015,0.015
Ranked long-short,2021-01-31,NEE,-0.045,0.015,-0.005
Ranked long-short,2021-01-31,DUK,0.055,-0.025,-0.055
Ranked long-short,2021-02-28,AAPL,-0.055,0.025,0.095
Ranked long-short,2021-02-28,MSFT,-0.065,0.085,0.065
Ranked long-short,2021-02-28,NVDA,-0.085,0.055,0.075
Ranked long-short,2021-02-28,ORCL,0.055,0.065,0.025
Ranked long-short,2021-02-28,AMZN,-0.095,-0.065,0.085
Ranked long-short,2021-02-28,HD,0.015,-0.045,-0.015
Ranked long-short,2021-02-28,MCD,-0.015,0.075,-0.045
Ranked long-short,2021-02-28,WMT,-0.005,-0.075,0.045
Ranked long-short,2021-02-28,COST,-0.035,-0.085,0.035
Ranked long-short,2021-02-28,PG,0.005,-0.005,-0.005
Ranked long-short,2021-02-28,KO,0.035,0.035,-0.095
Ranked long-short,2021-02-28,JNJ,-0.025,0.005,0.015
Ranked long-short,2021-02-28,PFE,0.095,0.095,-0.035
Ranked long-short,2021-02-28,MRK,0.065,0.045,-0.065
Ranked long-short,2021-02-28,XOM,0.085,-0.055,-0.085
Ranked long-short,2021-02-28,CVX,-0.075,-0.095,-0.075
Ranked long-short,2021-02-28,CAT,0.045,-0.035,0.055
Ranked long-short,2021-02-28,HON,0.025,-0.015,-0.025
Ranked long-short,2021-02-28,NEE,-0.045,0.015,0.005
Ranked long-short,2021-02-28,DUK,0.075,-0.025,-0.055
Ranked long-short,2021-03-31,AAPL,-0.035,0.025,0.075
Ranked long-short,2021-03-31,MSFT,-0.065,0.085,0.065
Ranked long-short,2021-03-31,NVDA,-0.085,0.055,0.085
Ranked long-short,2021-03-31,ORCL,0.055,0.065,0.015
Ranked long-short,2021-03-31,AMZN,-0.095,-0.065,0.055
Ranked long-short,2021-03-31,HD,-0.025,-0.045,0.025
Ranked long-short,2021-03-31,MCD,-0.005,0.075,-0.015
Ranked long-short,2021-03-31,WMT,0.015,-0.075,-0.035
Ranked long-short,2021-03-31,COST,-0.045,-0.085,-0.045
Ranked long-short,2021-03-31,PG,0.005,-0.005,-0.055
Ranked long-short,2021-03-31,KO,0.025,0.035,-0.065
Ranked long-short,2021-03-31,JNJ,-0.015,0.005,0.035
Ranked long-short,2021-03-31,PFE,0.095,0.095,-0.075
Ranked long-short,2021-03-31,MRK,0.065,0.045,-0.095
Ranked long-short,2021-03-31,XOM,0.085,-0.055,-0.005
Ranked long-short,2021-03-31,CVX,-0.075,-0.095,0.005
Ranked long-short,2021-03-31,CAT,0.045,-0.035,0.095
Ranked long-short,2021-03-31,HON,0.035,-0.015,0.045
Ranked long-short,2021-03-31,NEE,-0.055,0.015,-0.025
Ranked long-short,2021-03-31,DUK,0.075,-0.025,-0.085
Ranked long-short,2021-04-30,AAPL,-0.035,0.025,0.075
Ranked long-short,2021-04-30,MSFT,-0.065,0.085,0.035
Ranked long-short,2021-04-30,NVDA,-0.085,0.055,0.085
Ranked long-short,2021-04-30,ORCL,0.045,0.065,0.045
Ranked long-short,2021-04-30,AMZN,-0.095,-0.065,0.025
Ranked long-short,2021-04-30,HD,-0.025,-0.045,0.055
Ranked long-short,2021-04-30,MCD,-0.015,0.075,0.005
Ranked long-short,2021-04-30,WMT,0.015,-0.075,-0.065
Ranked long-short,2021-04-30,COST,-0.055,-0.085,-0.015
Ranked long-short,2021-04-30,PG,0.005,-0.005,-0.005
Ranked long-short,2021-04-30,KO,0.035,0.035,-0.045
Ranked long-short,2021-04-30,JNJ,-0.005,0.005,-0.055
Ranked long-short,2021-04-30,PFE,0.095,0.095,-0.095
Ranked long-short,2021-04-30,MRK,0.075,0.045,-0.085
Ranked long-short,2021-04-30,XOM,0.085,-0.055,-0.025
Ranked long-short,2021-04-30,CVX,-0.075,-0.095,-0.075
Ranked long-short,2021-04-30,CAT,0.055,-0.035,0.095
Ranked long-short,2021-04-30,HON,0.025,-0.015,0.065
Ranked long-short,2021-04-30,NEE,-0.045,0.015,0.015
Ranked long-short,2021-04-30,DUK,0.065,-0.025,-0.035
Ranked long-short,2021-05-31,AAPL,-0.035,0.025,0.085
Ranked long-short,2021-05-31,MSFT,-0.065,0.085,0.045
Ranked long-short,2021-05-31,NVDA,-0.095,0.055,0.075
Ranked long-short,2021-05-31,ORCL,0.045,0.065,0.055
Ranked long-short,2021-05-31,AMZN,-0.085,-0.065,0.025
Ranked long-short,2021-05-31,HD,-0.025,-0.045,0.015
Ranked long-short,2021-05-31,MCD,-0.005,0.075,0.035
Ranked long-short,2021-05-31,WMT,0.005,-0.075,-0.045
Ranked long-short,2021-05-31,COST,-0.055,-0.085,0.005
Ranked long-short,2021-05-31,PG,0.025,-0.005,-0.005
Ranked long-short,2021-05-31,KO,0.035,0.035,-0.035
Ranked long-short,2021-05-31,JNJ,-0.015,0.005,-0.065
Ranked long-short,2021-05-31,PFE,0.095,0.095,-0.085
Ranked long-short,2021-05-31,MRK,0.075,0.045,-0.095
Ranked long-short,2021-05-31,XOM,0.085,-0.055,-0.055
Ranked long-short,2021-05-31,CVX,-0.075,-0.095,-0.075
Ranked long-short,2021-05-31,CAT,0.055,-0.035,0.095
Ranked long-short,2021-05-31,HON,0.015,-0.015,0.065
Ranked long-short,2021-05-31,NEE,-0.045,0.015,-0.015
Ranked long-short,2021-05-31,DUK,0.065,-0.025,-0.025
Ranked long-short,2021-06-30,AAPL,-0.015,0.035,0.025
Ranked long-short,2021-06-30,MSFT,-0.035,0.095,-0.015
Ranked long-short,2021-06-30,NVDA,-0.075,0.075,0.075
Ranked long-short,2021-06-30,ORCL,0.095,0.085,0.055
Ranked long-short,2021-06-30,AMZN,-0.065,-0.055,-0.075
Ranked long-short,2021-06-30,HD,0.025,-0.025,0.005
Ranked long-short,2021-06-30,MCD,0.005,0.065,0.065
Ranked long-short,2021-06-30,WMT,0.075,-0.065,-0.035
Ranked long-short,2021-06-30,COST,-0.025,-0.075,-0.005
Ranked long-short,2021-06-30,PG,0.065,0.025,-0.025
Ranked long-short,2021-06-30,KO,0.035,0.055,0.015
Ranked long-short,2021-06-30,JNJ,0.045,0.015,0.035
Ranked long-short,2021-06-30,PFE,0.085,0.045,-0.065
Ranked long-short,2021-06-30,MRK,0.055,0.005,-0.095
Ranked long-short,2021-06-30,XOM,-0.095,-0.095,-0.055
Ranked long-short,2021-06-30,CVX,-0.085,-0.085,-0.085
Ranked long-short,2021-06-30,CAT,-0.005,-0.035,0.095
Ranked long-short,2021-06-30,HON,0.015,-0.015,0.085
Ranked long-short,2021-06-30,NEE,-0.045,-0.005,-0.045
Ranked long-short,2021-06-30,DUK,-0.055,-0.045,0.045
Ranked long-short,2021-07-31,AAPL,-0.015,0.035,0.025
Ranked long-short,2021-07-31,MSFT,-0.035,0.095,0.055
Ranked long-short,2021-07-31,NVDA,-0.075,0.085,0.085
Ranked long-short,2021-07-31,ORCL,0.095,0.075,0.065
Ranked long-short,2021-07-31,AMZN,-0.065,-0.055,-0.055
Ranked long-short,2021-07-31,HD,0.075,-0.025,-0.015
Ranked long-short,2021-07-31,MCD,-0.005,0.065,0.035
Ranked long-short,2021-07-31,WMT,0.045,-0.065,-0.045
Ranked long-short,2021-07-31,COST,-0.025,-0.075,0.015
Ranked long-short,2021-07-31,PG,0.055,0.025,-0.075
Ranked long-short,2021-07-31,KO,0.025,0.055,-0.035
Ranked long-short,2021-07-31,JNJ,0.035,0.015,0.005
Ranked long-short,2021-07-31,PFE,0.085,0.045,-0.085
Ranked long-short,2021-07-31,MRK,0.065,0.005,-0.095
Ranked long-short,2021-07-31,XOM,-0.095,-0.095,0.045
Ranked long-short,2021-07-31,CVX,-0.085,-0.085,-0.025
Ranked long-short,2021-07-31,CAT,0.005,-0.035,0.095
Ranked long-short,2021-07-31,HON,0.015,-0.015,0.075
Ranked long-short,2021-07-31,NEE,-0.045,-0.005,-0.065
Ranked long-short,2021-07-31,DUK,-0.055,-0.045,-0.005
Ranked long-short,2021-08-31,AAPL,-0.015,0.035,-0.015
Ranked long-short,2021-08-31,MSFT,-0.035,0.095,0.025
Ranked long-short,2021-08-31,NVDA,-0.075,0.085,0.055
Ranked long-short,2021-08-31,ORCL,0.085,0.075,0.095
Ranked long-short,2021-08-31,AMZN,-0.065,-0.055,-0.085
Ranked long-short,2021-08-31,HD,0.095,-0.025,-0.025
Ranked long-short,2021-08-31,MCD,0.005,0.065,0.015
Ranked long-short,2021-08-31,WMT,0.045,-0.065,-0.075
Ranked long-short,2021-08-31,COST,-0.025,-0.075,0.045
Ranked long-short,2021-08-31,PG,0.055,0.025,-0.065
Ranked long-short,2021-08-31,KO,0.025,0.055,0.005
Ranked long-short,2021-08-31,JNJ,0.035,0.015,-0.005
Ranked long-short,2021-08-31,PFE,0.065,0.045,-0.035
Ranked long-short,2021-08-31,MRK,0.075,0.005,-0.095
Ranked long-short,2021-08-31,XOM,-0.095,-0.095,0.035
Ranked long-short,2021-08-31,CVX,-0.085,-0.085,-0.045
Ranked long-short,2021-08-31,CAT,-0.005,-0.035,0.065
Ranked long-short,2021-08-31,HON,0.015,-0.015,0.075
Ranked long-short,2021-08-31,NEE,-0.045,-0.005,-0.055
Ranked long-short,2021-08-31,DUK,-0.055,-0.045,0.085
Ranked long-short,2021-09-30,AAPL,-0.015,0.035,0.015
Ranked long-short,2021-09-30,MSFT,-0.025,0.095,0.095
Ranked long-short,2021-09-30,NVDA,-0.075,0.085,0.085
Ranked long-short,2021-09-30,ORCL,0.095,0.075,0.065
Ranked long-short,2021-09-30,AMZN,-0.065,-0.055,-0.075
Ranked long-short,2021-09-30,HD,0.075,-0.025,-0.025
Ranked long-short,2021-09-30,MCD,-0.005,0.065,-0.055
Ranked long-short,2021-09-30,WMT,0.045,-0.065,-0.065
Ranked long-short,2021-09-30,COST,-0.035,-0.075,0.035
Ranked long-short,2021-09-30,PG,0.055,0.025,-0.085
Ranked long-short,2021-09-30,KO,0.025,0.055,-0.045
Ranked long-short,2021-09-30,JNJ,0.035,0.015,-0.015
Ranked long-short,2021-09-30,PFE,0.085,0.045,0.005
Ranked long-short,2021-09-30,MRK,0.065,0.005,-0.095
Ranked long-short,2021-09-30,XOM,-0.095,-0.095,0.045
Ranked long-short,2021-09-30,CVX,-0.085,-0.085,-0.005
Ranked long-short,2021-09-30,CAT,0.005,-0.035,0.055
Ranked long-short,2021-09-30,HON,0.015,-0.015,0.075
Ranked long-short,2021-09-30,NEE,-0.045,-0.005,-0.035
Ranked long-short,2021-09-30,DUK,-0.055,-0.045,0.025
Ranked long-short,2021-10-31,AAPL,-0.015,0.035,0.035
Ranked long-short,2021-10-31,MSFT,-0.045,0.095,0.075
Ranked long-short,2021-10-31,NVDA,-0.075,0.085,0.065
Ranked long-short,2021-10-31,ORCL,0.075,0.075,0.085
Ranked long-short,2021-10-31,AMZN,-0.065,-0.055,-0.075
Ranked long-short,2021-10-31,HD,0.055,-0.025,0.005
Ranked long-short,2021-10-31,MCD,-0.005,0.065,-0.005
Ranked long-short,2021-10-31,WMT,0.045,-0.065,-0.095
Ranked long-short,2021-10-31,COST,-0.025,-0.075,0.025
Ranked long-short,2021-10-31,PG,0.085,0.025,-0.085
Ranked long-short,2021-10-31,KO,0.035,0.055,-0.045
Ranked long-short,2021-10-31,JNJ,0.065,0.015,0.015
Ranked long-short,2021-10-31,PFE,0.095,0.045,-0.025
Ranked long-short,2021-10-31,MRK,0.025,0.005,-0.035
Ranked long-short,2021-10-31,XOM,-0.095,-0.095,0.095
Ranked long-short,2021-10-31,CVX,-0.085,-0.085,0.055
Ranked long-short,2021-10-31,CAT,0.005,-0.035,-0.015
Ranked long-short,2021-10-31,HON,0.015,-0.015,0.045
Ranked long-short,2021-10-31,NEE,-0.055,-0.005,-0.065
Ranked long-short,2021-10-31,DUK,-0.035,-0.045,-0.055
Ranked long-short,2021-11-30,AAPL,-0.015,0.035,0.035
Ranked long-short,2021-11-30,MSFT,-0.035,0.085,0.095
Ranked long-short,2021-11-30,NVDA,-0.075,0.075,0.075
Ranked long-short,2021-11-30,ORCL,0.095,0.095,0.085
Ranked long-short,2021-11-30,AMZN,-0.065,-0.055,-0.085
Ranked long-short,2021-11-30,HD,0.025,-0.025,0.055
Ranked long-short,2021-11-30,MCD,-0.005,0.065,0.005
Ranked long-short,2021-11-30,WMT,0.055,-0.065,-0.095
Ranked long-short,2021-11-30,COST,-0.055,-0.075,0.045
Ranked long-short,2021-11-30,PG,0.065,0.025,-0.075
Ranked long-short,2021-11-30,KO,0.045,0.055,-0.055
Ranked long-short,2021-11-30,JNJ,0.075,0.015,0.025
Ranked long-short,2021-11-30,PFE,0.015,0.045,-0.005
Ranked long-short,2021-11-30,MRK,0.085,0.005,-0.025
Ranked long-short,2021-11-30,XOM,-0.095,-0.095,0.065
Ranked long-short,2021-11-30,CVX,-0.085,-0.085,0.015
Ranked long-short,2021-11-30,CAT,0.005,-0.035,-0.015
Ranked long-short,2021-11-30,HON,0.035,-0.015,-0.065
Ranked long-short,2021-11-30,NEE,-0.045,-0.005,-0.035
Ranked long-short,2021-11-30,DUK,-0.025,-0.045,-0.045
Ranked long-short,2021-12-31,AAPL,-0.025,0.035,0.005
Ranked long-short,2021-12-31,MSFT,-0.005,0.095,0.085
Ranked long-short,2021-12-31,NVDA,-0.075,0.075,0.095
Ranked long-short,2021-12-31,ORCL,0.095,0.085,0.025
Ranked long-short,2021-12-31,AMZN,-0.065,-0.055,-0.045
Ranked long-short,2021-12-31,HD,0.025,-0.025,0.075
Ranked long-short,2021-12-31,MCD,-0.015,0.065,0.015
Ranked long-short,2021-12-31,WMT,0.065,-0.065,-0.085
Ranked long-short,2021-12-31,COST,-0.045,-0.075,0.065
Ranked long-short,2021-12-31,PG,0.075,0.025,-0.025
Ranked long-short,2021-12-31,KO,0.035,0.055,-0.065
Ranked long-short,2021-12-31,JNJ,0.045,0.015,-0.055
Ranked long-short,2021-12-31,PFE,0.015,0.045,0.055
Ranked long-short,2021-12-31,MRK,0.085,0.005,-0.075
Ranked long-short,2021-12-31,XOM,-0.095,-0.095,0.045
Ranked long-short,2021-12-31,CVX,-0.085,-0.085,0.035
Ranked long-short,2021-12-31,CAT,0.005,-0.035,-0.035
Ranked long-short,2021-12-31,HON,0.055,-0.015,-0.095
Ranked long-short,2021-12-31,NEE,-0.055,-0.005,-0.005
Ranked long-short,2021-12-31,DUK,-0.035,-0.045,-0.015
Ranked long-short,2022-01-31,AAPL,-0.025,0.035,0.005
Ranked long-short,2022-01-31,MSFT,-0.005,0.095,0.065
Ranked long-short,2022-01-31,NVDA,-0.075,0.075,0.095
Ranked long-short,2022-01-31,ORCL,0.095,0.085,-0.005
Ranked long-short,2022-01-31,AMZN,-0.065,-0.055,-0.095
Ranked long-short,2022-01-31,HD,0.055,-0.025,0.035
Ranked long-short,2022-01-31,MCD,-0.015,0.065,0.045
Ranked long-short,2022-01-31,WMT,0.075,-0.065,-0.085
Ranked long-short,2022-01-31,COST,-0.045,-0.075,0.085
Ranked long-short,2022-01-31,PG,0.085,0.025,0.055
Ranked long-short,2022-01-31,KO,0.015,0.055,0.025
Ranked long-short,2022-01-31,JNJ,0.035,0.015,-0.065
Ranked long-short,2022-01-31,PFE,0.025,0.045,0.075
Ranked long-short,2022-01-31,MRK,0.065,0.005,-0.075
Ranked long-short,2022-01-31,XOM,-0.095,-0.095,-0.015
Ranked long-short,2022-01-31,CVX,-0.085,-0.085,0.015
Ranked long-short,2022-01-31,CAT,0.005,-0.035,-0.045
Ranked long-short,2022-01-31,HON,0.045,-0.015,-0.055
Ranked long-short,2022-01-31,NEE,-0.035,-0.005,-0.035
Ranked long-short,2022-01-31,DUK,-0.055,-0.045,-0.025
Ranked long-short,2022-02-28,AAPL,-0.035,0.035,0.065
Ranked long-short,2022-02-28,MSFT,-0.005,0.095,0.005
Ranked long-short,2022-02-28,NVDA,-0.075,0.075,0.015
Ranked long-short,2022-02-28,ORCL,0.095,0.085,-0.025
Ranked long-short,2022-02-28,AMZN,-0.065,-0.055,-0.085
Ranked long-short,2022-02-28,HD,0.085,-0.025,0.025
Ranked long-short,2022-02-28,MCD,-0.015,0.065,0.055
Ranked long-short,2022-02-28,WMT,0.055,-0.075,-0.055
Ranked long-short,2022-02-28,COST,-0.025,-0.065,0.075
Ranked long-short,2022-02-28,PG,0.065,0.025,0.085
Ranked long-short,2022-02-28,KO,0.005,0.055,0.045
Ranked long-short,2022-02-28,JNJ,0.025,0.015,-0.045
Ranked long-short,2022-02-28,PFE,0.035,0.045,0.095
Ranked long-short,2022-02-28,MRK,0.075,0.005,-0.035
Ranked long-short,2022-02-28,XOM,-0.095,-0.095,-0.005
Ranked long-short,2022-02-28,CVX,-0.085,-0.085,-0.015
Ranked long-short,2022-02-28,CAT,0.015,-0.035,-0.095
Ranked long-short,2022-02-28,HON,0.045,-0.015,-0.065
Ranked long-short,2022-02-28,NEE,-0.045,-0.005,-0.075
Ranked long-short,2022-02-28,DUK,-0.055,-0.045,0.035
Ranked long-short,2022-03-31,AAPL,0.045,0.065,0.075
Ranked long-short,2022-03-31,MSFT,-0.005,0.095,0.055
Ranked long-short,2022-03-31,NVDA,-0.075,0.075,0.085
Ranked long-short,2022-03-31,ORCL,0.095,0.085,-0.015
Ranked long-short,2022-03-31,AMZN,-0.065,-0.055,-0.075
Ranked long-short,2022-03-31,HD,0.085,-0.025,-0.035
Ranked long-short,2022-03-31,MCD,-0.015,0.055,0.005
Ranked long-short,2022-03-31,WMT,0.035,-0.075,-0.055
Ranked long-short,2022-03-31,COST,-0.035,-0.065,0.095
Ranked long-short,2022-03-31,PG,0.075,0.025,0.025
Ranked long-short,2022-03-31,KO,0.005,0.045,0.065
Ranked long-short,2022-03-31,JNJ,0.015,0.015,-0.065
Ranked long-short,2022-03-31,PFE,0.025,0.035,0.045
Ranked long-short,2022-03-31,MRK,0.055,0.005,-0.045
Ranked long-short,2022-03-31,XOM,-0.095,-0.095,0.035
Ranked long-short,2022-03-31,CVX,-0.085,-0.085,0.015
Ranked long-short,2022-03-31,CAT,-0.025,-0.035,-0.085
Ranked long-short,2022-03-31,HON,0.065,-0.015,-0.095
Ranked long-short,2022-03-31,NEE,-0.045,-0.005,-0.025
Ranked long-short,2022-03-31,DUK,-0.055,-0.045,-0.005
Ranked long-short,2022-04-30,AAPL,0.075,0.065,0.055
Ranked long-short,2022-04-30,MSFT,0.005,0.095,0.015
Ranked long-short,2022-04-30,NVDA,-0.075,0.075,0.075
Ranked long-short,2022-04-30,ORCL,0.095,0.085,-0.055
Ranked long-short,2022-04-30,AMZN,-0.055,-0.055,-0.075
Ranked long-short,2022-04-30,HD,0.085,-0.025,-0.085
Ranked long-short,2022-04-30,MCD,-0.025,0.055,-0.045
Ranked long-short,2022-04-30,WMT,0.035,-0.075,-0.025
Ranked long-short,2022-04-30,COST,-0.035,-0.065,0.095
Ranked long-short,2022-04-30,PG,0.065,0.025,0.035
Ranked long-short,2022-04-30,KO,-0.005,0.045,0.025
Ranked long-short,2022-04-30,JNJ,0.015,0.015,-0.015
Ranked long-short,2022-04-30,PFE,0.045,0.035,0.045
Ranked long-short,2022-04-30,MRK,0.025,0.005,-0.005
Ranked long-short,2022-04-30,XOM,-0.095,-0.095,0.065
Ranked long-short,2022-04-30,CVX,-0.085,-0.085,0.085
Ranked long-short,2022-04-30,CAT,-0.015,-0.035,-0.065
Ranked long-short,2022-04-30,HON,0.055,-0.015,-0.095
Ranked long-short,2022-04-30,NEE,-0.045,-0.005,-0.035
Ranked long-short,2022-04-30,DUK,-0.065,-0.045,0.005
Ranked long-short,2022-05-31,AAPL,0.075,0.065,0.055
Ranked long-short,2022-05-31,MSFT,0.005,0.095,-0.005
Ranked long-short,2022-05-31,NVDA,-0.075,0.075,-0.025
Ranked long-short,2022-05-31,ORCL,0.095,0.085,-0.065
Ranked long-short,2022-05-31,AMZN,-0.055,-0.055,-0.085
Ranked long-short,2022-05-31,HD,0.085,-0.025,-0.055
Ranked long-short,2022-05-31,MCD,-0.025,0.055,-0.015
Ranked long-short,2022-05-31,WMT,0.055,-0.075,-0.035
Ranked long-short,2022-05-31,COST,-0.035,-0.065,0.075
Ranked long-short,2022-05-31,PG,0.065,0.025,0.065
Ranked long-short,2022-05-31,KO,-0.005,0.045,0.035
Ranked long-short,2022-05-31,JNJ,0.035,0.015,0.005
Ranked long-short,2022-05-31,PFE,0.025,0.035,0.025
Ranked long-short,2022-05-31,MRK,0.015,0.005,0.045
Ranked long-short,2022-05-31,XOM,-0.095,-0.095,0.085
Ranked long-short,2022-05-31,CVX,-0.085,-0.085,0.095
Ranked long-short,2022-05-31,CAT,-0.015,-0.035,-0.075
Ranked long-short,2022-05-31,HON,0.045,-0.015,-0.095
Ranked long-short,2022-05-31,NEE,-0.045,-0.005,-0.045
Ranked long-short,2022-05-31,DUK,-0.065,-0.045,0.015
Ranked long-short,2022-06-30,AAPL,-0.005,0.025,-0.005
Ranked long-short,2022-06-30,MSFT,-0.055,0.095,-0.025
Ranked long-short,2022-06-30,NVDA,-0.095,0.035,-0.045
Ranked long-short,2022-06-30,ORCL,0.085,0.085,-0.065
Ranked long-short,2022-06-30,AMZN,-0.065,-0.075,-0.095
Ranked long-short,2022-06-30,HD,0.025,-0.055,-0.055
Ranked long-short,2022-06-30,MCD,-0.015,0.075,0.005
Ranked long-short,2022-06-30,WMT,-0.025,-0.095,-0.075
Ranked long-short,2022-06-30,COST,-0.075,-0.085,0.025
Ranked long-short,2022-06-30,PG,-0.035,-0.005,0.015
Ranked long-short,2022-06-30,KO,-0.045,0.015,0.065
Ranked long-short,2022-06-30,JNJ,0.015,0.045,0.035
Ranked long-short,2022-06-30,PFE,0.095,0.065,0.075
Ranked long-short,2022-06-30,MRK,0.055,0.055,0.045
Ranked long-short,2022-06-30,XOM,0.065,-0.065,0.085
Ranked long-short,2022-06-30,CVX,0.045,-0.045,0.095
Ranked long-short,2022-06-30,CAT,0.075,-0.035,-0.035
Ranked long-short,2022-06-30,HON,0.035,-0.015,-0.085
Ranked long-short,2022-06-30,NEE,-0.085,0.005,-0.015
Ranked long-short,2022-06-30,DUK,0.005,-0.025,0.055
Ranked long-short,2022-07-31,AAPL,-0.035,0.025,-0.015
Ranked long-short,2022-07-31,MSFT,-0.055,0.095,-0.025
Ranked long-short,2022-07-31,NVDA,-0.075,0.085,-0.045
Ranked long-short,2022-07-31,ORCL,0.085,0.075,-0.075
Ranked long-short,2022-07-31,AMZN,-0.065,-0.075,-0.085
Ranked long-short,2022-07-31,HD,0.045,-0.045,-0.065
Ranked long-short,2022-07-31,MCD,-0.025,0.065,0.025
Ranked long-short,2022-07-31,WMT,-0.015,-0.095,-0.055
Ranked long-short,2022-07-31,COST,-0.095,-0.085,0.045
Ranked long-short,2022-07-31,PG,-0.005,-0.005,0.005
Ranked long-short,2022-07-31,KO,-0.045,0.015,0.055
Ranked long-short,2022-07-31,JNJ,0.025,0.035,0.035
Ranked long-short,2022-07-31,PFE,0.095,0.055,0.065
Ranked long-short,2022-07-31,MRK,0.065,0.045,0.075
Ranked long-short,2022-07-31,XOM,0.055,-0.065,0.095
Ranked long-short,2022-07-31,CVX,0.035,-0.055,0.085
Ranked long-short,2022-07-31,CAT,0.075,-0.035,-0.035
Ranked long-short,2022-07-31,HON,0.005,-0.015,-0.095
Ranked long-short,2022-07-31,NEE,-0.085,0.005,-0.005
Ranked long-short,2022-07-31,DUK,0.015,-0.025,0.015
Ranked long-short,2022-08-31,AAPL,-0.035,0.025,0.035
Ranked long-short,2022-08-31,MSFT,-0.055,0.095,-0.035
Ranked long-short,2022-08-31,NVDA,-0.065,0.085,-0.065
Ranked long-short,2022-08-31,ORCL,0.085,0.075,-0.075
Ranked long-short,2022-08-31,AMZN,-0.075,-0.075,-0.085
Ranked long-short,2022-08-31,HD,0.045,-0.045,-0.045
Ranked long-short,2022-08-31,MCD,-0.015,0.065,0.045
Ranked long-short,2022-08-31,WMT,-0.025,-0.095,-0.055
Ranked long-short,2022-08-31,COST,-0.085,-0.085,0.055
Ranked long-short,2022-08-31,PG,-0.005,-0.005,-0.015
Ranked long-short,2022-08-31,KO,-0.045,0.015,0.075
Ranked long-short,2022-08-31,JNJ,0.025,0.035,0.005
Ranked long-short,2022-08-31,PFE,0.095,0.055,0.025
Ranked long-short,2022-08-31,MRK,0.065,0.045,0.065
Ranked long-short,2022-08-31,XOM,0.055,-0.065,0.095
Ranked long-short,2022-08-31,CVX,0.035,-0.055,0.085
Ranked long-short,2022-08-31,CAT,0.075,-0.035,-0.025
Ranked long-short,2022-08-31,HON,0.005,-0.015,-0.095
Ranked long-short,2022-08-31,NEE,-0.095,0.005,-0.005
Ranked long-short,2022-08-31,DUK,0.015,-0.025,0.015
Ranked long-short,2022-09-30,AAPL,-0.025,0.025,0.045
Ranked long-short,2022-09-30,MSFT,-0.055,0.095,-0.055
Ranked long-short,2022-09-30,NVDA,-0.065,0.085,-0.095
Ranked long-short,2022-09-30,ORCL,0.085,0.075,-0.065
Ranked long-short,2022-09-30,AMZN,-0.075,-0.075,-0.075
Ranked long-short,2022-09-30,HD,0.045,-0.045,-0.045
Ranked long-short,2022-09-30,MCD,-0.015,0.065,0.015
Ranked long-short,2022-09-30,WMT,-0.045,-0.095,-0.025
Ranked long-short,2022-09-30,COST,-0.085,-0.085,0.065
Ranked long-short,2022-09-30,PG,-0.005,-0.005,-0.015
Ranked long-short,2022-09-30,KO,-0.035,0.015,0.075
Ranked long-short,2022-09-30,JNJ,0.015,0.035,-0.005
Ranked long-short,2022-09-30,PFE,0.095,0.055,0.005
Ranked long-short,2022-09-30,MRK,0.055,0.045,0.035
Ranked long-short,2022-09-30,XOM,0.065,-0.065,0.095
Ranked long-short,2022-09-30,CVX,0.035,-0.055,0.085
Ranked long-short,2022-09-30,CAT,0.075,-0.035,-0.035
Ranked long-short,2022-09-30,HON,0.005,-0.015,-0.085
Ranked long-short,2022-09-30,NEE,-0.095,0.005,0.025
Ranked long-short,2022-09-30,DUK,0.025,-0.025,0.055
Ranked long-short,2022-10-31,AAPL,-0.025,0.025,0.015
Ranked long-short,2022-10-31,MSFT,-0.055,0.095,-0.085
Ranked long-short,2022-10-31,NVDA,-0.075,0.085,-0.075
Ranked long-short,2022-10-31,ORCL,0.085,0.075,-0.095
Ranked long-short,2022-10-31,AMZN,-0.065,-0.075,-0.045
Ranked long-short,2022-10-31,HD,0.065,-0.045,-0.055
Ranked long-short,2022-10-31,MCD,-0.035,0.065,0.005
Ranked long-short,2022-10-31,WMT,-0.045,-0.095,-0.015
Ranked long-short,2022-10-31,COST,-0.095,-0.085,0.035
Ranked long-short,2022-10-31,PG,0.005,-0.005,-0.025
Ranked long-short,2022-10-31,KO,-0.015,0.015,0.055
Ranked long-short,2022-10-31,JNJ,0.025,0.035,0.075
Ranked long-short,2022-10-31,PFE,0.095,0.055,0.065
Ranked long-short,2022-10-31,MRK,0.055,0.045,0.045
Ranked long-short,2022-10-31,XOM,0.035,-0.065,0.095
Ranked long-short,2022-10-31,CVX,0.015,-0.055,0.085
Ranked long-short,2022-10-31,CAT,0.075,-0.035,-0.035
Ranked long-short,2022-10-31,HON,-0.005,-0.015,-0.065
Ranked long-short,2022-10-31,NEE,-0.085,0.005,0.025
Ranked long-short,2022-10-31,DUK,0.045,-0.025,-0.005
Ranked long-short,2022-11-30,AAPL,0.015,0.035,0.025
Ranked long-short,2022-11-30,MSFT,-0.055,0.095,-0.085
Ranked long-short,2022-11-30,NVDA,-0.075,0.085,-0.095
Ranked long-short,2022-11-30,ORCL,-0.065,-0.015,-0.055
Ranked long-short,2022-11-30,AMZN,-0.035,-0.075,-0.075
Ranked long-short,2022-11-30,HD,0.075,-0.045,-0.065
Ranked long-short,2022-11-30,MCD,-0.005,0.075,0.045
Ranked long-short,2022-11-30,WMT,-0.045,-0.095,0.015
Ranked long-short,2022-11-30,COST,-0.095,-0.085,-0.005
Ranked long-short,2022-11-30,PG,0.005,0.005,-0.035
Ranked long-short,2022-11-30,KO,-0.025,0.025,0.065
Ranked long-short,2022-11-30,JNJ,0.025,0.045,0.055
Ranked long-short,2022-11-30,PFE,0.095,0.065,-0.045
Ranked long-short,2022-11-30,MRK,0.055,0.055,0.075
Ranked long-short,2022-11-30,XOM,0.065,-0.065,0.095
Ranked long-short,2022-11-30,CVX,0.035,-0.055,0.085
Ranked long-short,2022-11-30,CAT,0.085,-0.035,0.035
Ranked long-short,2022-11-30,HON,-0.015,-0.005,0.005
Ranked long-short,2022-11-30,NEE,-0.085,0.015,-0.025
Ranked long-short,2022-11-30,DUK,0.045,-0.025,-0.015
Ranked long-short,2022-12-31,AAPL,0.015,0.035,-0.055
Ranked long-short,2022-12-31,MSFT,0.005,0.095,-0.085
Ranked long-short,2022-12-31,NVDA,-0.075,0.085,-0.075
Ranked long-short,2022-12-31,ORCL,-0.065,-0.015,0.005
Ranked long-short,2022-12-31,AMZN,-0.015,-0.075,-0.095
Ranked long-short,2022-12-31,HD,0.085,-0.045,-0.065
Ranked long-short,2022-12-31,MCD,-0.025,0.075,0.015
Ranked long-short,2022-12-31,WMT,-0.045,-0.095,0.035
Ranked long-short,2022-12-31,COST,-0.085,-0.085,-0.035
Ranked long-short,2022-12-31,PG,-0.005,0.005,-0.025
Ranked long-short,2022-12-31,KO,-0.055,0.025,0.065
Ranked long-short,2022-12-31,JNJ,0.025,0.045,0.045
Ranked long-short,2022-12-31,PFE,0.095,0.065,-0.045
Ranked long-short,2022-12-31,MRK,0.055,0.055,0.085
Ranked long-short,2022-12-31,XOM,0.065,-0.065,0.095
Ranked long-short,2022-12-31,CVX,0.045,-0.055,0.075
Ranked long-short,2022-12-31,CAT,0.075,-0.035,0.055
Ranked long-short,2022-12-31,HON,-0.035,-0.005,0.025
Ranked long-short,2022-12-31,NEE,-0.095,0.015,-0.015
Ranked long-short,2022-12-31,DUK,0.035,-0.025,-0.005
Ranked long-short,2023-01-31,AAPL,0.005,0.035,-0.085
Ranked long-short,2023-01-31,MSFT,-0.005,0.095,-0.075
Ranked long-short,2023-01-31,NVDA,-0.095,0.085,-0.065
Ranked long-short,2023-01-31,ORCL,-0.065,-0.015,-0.005
Ranked long-short,2023-01-31,AMZN,-0.055,-0.075,-0.095
Ranked long-short,2023-01-31,HD,0.085,-0.045,-0.055
Ranked long-short,2023-01-31,MCD,-0.025,0.075,0.015
Ranked long-short,2023-01-31,WMT,-0.045,-0.095,0.005
Ranked long-short,2023-01-31,COST,-0.085,-0.085,-0.035
Ranked long-short,2023-01-31,PG,0.015,0.005,-0.045
Ranked long-short,2023-01-31,KO,-0.035,0.025,0.035
Ranked long-short,2023-01-31,JNJ,0.065,0.045,0.025
Ranked long-short,2023-01-31,PFE,0.095,0.065,-0.025
Ranked long-short,2023-01-31,MRK,0.075,0.055,0.095
Ranked long-short,2023-01-31,XOM,0.035,-0.065,0.085
Ranked long-short,2023-01-31,CVX,0.045,-0.055,0.075
Ranked long-short,2023-01-31,CAT,0.055,-0.035,0.065
Ranked long-short,2023-01-31,HON,-0.015,-0.005,0.045
Ranked long-short,2023-01-31,NEE,-0.075,0.015,0.055
Ranked long-short,2023-01-31,DUK,0.025,-0.025,-0.015
Ranked long-short,2023-02-28,AAPL,-0.015,0.035,-0.065
Ranked long-short,2023-02-28,MSFT,-0.005,0.095,-0.085
Ranked long-short,2023-02-28,NVDA,-0.095,0.085,-0.045
Ranked long-short,2023-02-28,ORCL,-0.065,-0.015,0.055
Ranked long-short,2023-02-28,AMZN,-0.055,-0.075,-0.095
Ranked long-short,2023-02-28,HD,0.085,-0.045,-0.005
Ranked long-short,2023-02-28,MCD,-0.025,0.075,0.045
Ranked long-short,2023-02-28,WMT,-0.045,-0.095,0.025
Ranked long-short,2023-02-28,COST,-0.075,-0.085,-0.025
Ranked long-short,2023-02-28,PG,0.015,0.005,-0.075
Ranked long-short,2023-02-28,KO,-0.035,0.025,-0.035
Ranked long-short,2023-02-28,JNJ,0.075,0.045,0.015
Ranked long-short,2023-02-28,PFE,0.095,0.065,-0.055
Ranked long-short,2023-02-28,MRK,0.025,0.055,0.095
Ranked long-short,2023-02-28,XOM,0.035,-0.065,0.085
Ranked long-short,2023-02-28,CVX,0.065,-0.055,0.065
Ranked long-short,2023-02-28,CAT,0.055,-0.035,0.075
Ranked long-short,2023-02-28,HON,0.005,-0.005,0.035
Ranked long-short,2023-02-28,NEE,-0.085,0.015,-0.015
Ranked long-short,2023-02-28,DUK,0.045,-0.025,0.005
Ranked long-short,2023-03-31,AAPL,-0.005,0.035,-0.025
Ranked long-short,2023-03-31,MSFT,-0.045,0.095,-0.055
Ranked long-short,2023-03-31,NVDA,-0.095,0.085,0.015
Ranked long-short,2023-03-31,ORCL,-0.075,-0.015,0.055
Ranked long-short,2023-03-31,AMZN,-0.055,-0.075,-0.095
Ranked long-short,2023-03-31,HD,0.085,-0.045,0.025
Ranked long-short,2023-03-31,MCD,-0.025,0.075,0.065
Ranked long-short,2023-03-31,WMT,-0.035,-0.095,0.005
Ranked long-short,2023-03-31,COST,-0.065,-0.085,-0.045
Ranked long-short,2023-03-31,PG,0.005,0.005,-0.015
Ranked long-short,2023-03-31,KO,-0.015,0.025,-0.005
Ranked long-short,2023-03-31,JNJ,0.065,0.045,-0.085
Ranked long-short,2023-03-31,PFE,0.095,0.065,-0.075
Ranked long-short,2023-03-31,MRK,0.035,0.055,0.095
Ranked long-short,2023-03-31,XOM,0.045,-0.065,0.085
Ranked long-short,2023-03-31,CVX,0.055,-0.055,0.035
Ranked long-short,2023-03-31,CAT,0.075,-0.035,0.075
Ranked long-short,2023-03-31,HON,0.015,-0.005,0.045
Ranked long-short,2023-03-31,NEE,-0.085,0.015,-0.035
Ranked long-short,2023-03-31,DUK,0.025,-0.025,-0.065
Ranked long-short,2023-04-30,AAPL,-0.005,0.035,0.025
Ranked long-short,2023-04-30,MSFT,-0.045,0.095,0.005
Ranked long-short,2023-04-30,NVDA,-0.095,0.085,0.085
Ranked long-short,2023-04-30,ORCL,-0.075,-0.015,0.095
Ranked long-short,2023-04-30,AMZN,-0.055,-0.075,-0.065
Ranked long-short,2023-04-30,HD,0.075,-0.045,-0.015
Ranked long-short,2023-04-30,MCD,-0.025,0.075,0.055
Ranked long-short,2023-04-30,WMT,-0.035,-0.095,-0.025
Ranked long-short,2023-04-30,COST,-0.065,-0.085,-0.045
Ranked long-short,2023-04-30,PG,0.005,0.005,-0.055
Ranked long-short,2023-04-30,KO,-0.015,0.025,-0.035
Ranked long-short,2023-04-30,JNJ,0.055,0.045,-0.095
Ranked long-short,2023-04-30,PFE,0.095,0.065,-0.085
Ranked long-short,2023-04-30,MRK,0.025,0.055,0.075
Ranked long-short,2023-04-30,XOM,0.035,-0.065,0.065
Ranked long-short,2023-04-30,CVX,0.065,-0.055,0.015
Ranked long-short,2023-04-30,CAT,0.085,-0.035,0.035
Ranked long-short,2023-04-30,HON,0.015,-0.005,-0.005
Ranked long-short,2023-04-30,NEE,-0.085,0.015,0.045
Ranked long-short,2023-04-30,DUK,0.045,-0.025,-0.075
Ranked long-short,2023-05-31,AAPL,-0.015,0.035,0.035
Ranked long-short,2023-05-31,MSFT,-0.045,0.095,0.025
Ranked long-short,2023-05-31,NVDA,-0.095,0.085,0.055
Ranked long-short,2023-05-31,ORCL,-0.085,-0.015,0.095
Ranked long-short,2023-05-31,AMZN,-0.055,-0.075,-0.065
Ranked long-short,2023-05-31,HD,0.075,-0.045,-0.045
Ranked long-short,2023-05-31,MCD,-0.025,0.075,0.075
Ranked long-short,2023-05-31,WMT,-0.035,-0.095,0.065
Ranked long-short,2023-05-31,COST,-0.065,-0.085,0.015
Ranked long-short,2023-05-31,PG,0.015,0.005,0.005
Ranked long-short,2023-05-31,KO,-0.005,0.025,-0.035
Ranked long-short,2023-05-31,JNJ,0.035,0.045,-0.085
Ranked long-short,2023-05-31,PFE,0.095,0.065,-0.095
Ranked long-short,2023-05-31,MRK,0.025,0.055,0.085
Ranked long-short,2023-05-31,XOM,0.055,-0.065,0.045
Ranked long-short,2023-05-31,CVX,0.065,-0.055,-0.055
Ranked long-short,2023-05-31,CAT,0.085,-0.035,-0.015
Ranked long-short,2023-05-31,HON,0.005,-0.005,-0.005
Ranked long-short,2023-05-31,NEE,-0.075,0.015,-0.025
Ranked long-short,2023-05-31,DUK,0.045,-0.025,-0.075
Ranked long-short,2023-06-30,AAPL,-0.015,0.055,0.065
Ranked long-short,2023-06-30,MSFT,-0.035,0.095,0.045
Ranked long-short,2023-06-30,NVDA,-0.085,0.085,0.095
Ranked long-short,2023-06-30,ORCL,-0.075,-0.005,0.085
Ranked long-short,2023-06-30,AMZN,-0.095,-0.095,-0.005
Ranked long-short,2023-06-30,HD,0.055,-0.055,-0.025
Ranked long-short,2023-06-30,MCD,-0.045,0.065,0.035
Ranked long-short,2023-06-30,WMT,-0.025,-0.085,0.075
Ranked long-short,2023-06-30,COST,-0.065,-0.075,-0.015
Ranked long-short,2023-06-30,PG,0.025,0.005,-0.045
Ranked long-short,2023-06-30,KO,0.005,0.025,-0.055
Ranked long-short,2023-06-30,JNJ,0.035,0.035,-0.075
Ranked long-short,2023-06-30,PFE,0.095,0.075,-0.095
Ranked long-short,2023-06-30,MRK,0.045,0.045,0.055
Ranked long-short,2023-06-30,XOM,0.085,-0.035,0.015
Ranked long-short,2023-06-30,CVX,0.075,-0.015,-0.035
Ranked long-short,2023-06-30,CAT,0.065,-0.045,0.025
Ranked long-short,2023-06-30,HON,-0.005,-0.025,0.005
Ranked long-short,2023-06-30,NEE,-0.055,0.015,-0.065
Ranked long-short,2023-06-30,DUK,0.015,-0.065,-0.085
Ranked long-short,2023-07-31,AAPL,-0.015,0.065,0.045
Ranked long-short,2023-07-31,MSFT,-0.025,0.095,0.035
Ranked long-short,2023-07-31,NVDA,-0.085,0.005,0.095
Ranked long-short,2023-07-31,ORCL,-0.075,-0.005,0.085
Ranked long-short,2023-07-31,AMZN,-0.095,-0.095,-0.035
Ranked long-short,2023-07-31,HD,0.055,-0.055,-0.015
Ranked long-short,2023-07-31,MCD,-0.035,0.075,0.055
Ranked long-short,2023-07-31,WMT,-0.055,-0.085,0.065
Ranked long-short,2023-07-31,COST,-0.065,-0.075,-0.025
Ranked long-short,2023-07-31,PG,0.025,0.015,0.015
Ranked long-short,2023-07-31,KO,0.005,0.035,-0.065
Ranked long-short,2023-07-31,JNJ,0.035,0.045,-0.055
Ranked long-short,2023-07-31,PFE,0.095,0.085,-0.095
Ranked long-short,2023-07-31,MRK,0.065,0.055,0.075
Ranked long-short,2023-07-31,XOM,0.085,-0.035,0.005
Ranked long-short,2023-07-31,CVX,0.075,-0.015,-0.045
Ranked long-short,2023-07-31,CAT,0.045,-0.045,0.025
Ranked long-short,2023-07-31,HON,0.015,-0.025,-0.005
Ranked long-short,2023-07-31,NEE,-0.045,0.025,-0.075
Ranked long-short,2023-07-31,DUK,-0.005,-0.065,-0.085
Ranked long-short,2023-08-31,AAPL,-0.015,0.065,0.025
Ranked long-short,2023-08-31,MSFT,-0.045,0.095,0.045
Ranked long-short,2023-08-31,NVDA,-0.085,0.005,0.095
Ranked long-short,2023-08-31,ORCL,-0.075,-0.005,0.085
Ranked long-short,2023-08-31,AMZN,-0.095,-0.095,-0.045
Ranked long-short,2023-08-31,HD,0.055,-0.055,0.005
Ranked long-short,2023-08-31,MCD,-0.035,0.075,0.035
Ranked long-short,2023-08-31,WMT,-0.055,-0.085,0.075
Ranked long-short,2023-08-31,COST,-0.065,-0.075,-0.015
Ranked long-short,2023-08-31,PG,0.015,0.015,0.015
Ranked long-short,2023-08-31,KO,-0.005,0.035,-0.055
Ranked long-short,2023-08-31,JNJ,0.035,0.045,-0.005
Ranked long-short,2023-08-31,PFE,0.095,0.085,-0.095
Ranked long-short,2023-08-31,MRK,0.065,0.055,0.055
Ranked long-short,2023-08-31,XOM,0.085,-0.035,-0.025
Ranked long-short,2023-08-31,CVX,0.075,-0.015,-0.065
Ranked long-short,2023-08-31,CAT,0.045,-0.045,0.065
Ranked long-short,2023-08-31,HON,0.025,-0.025,-0.035
Ranked long-short,2023-08-31,NEE,-0.025,0.025,-0.085
Ranked long-short,2023-08-31,DUK,0.005,-0.065,-0.075
Ranked long-short,2023-09-30,AAPL,-0.015,0.065,0.045
Ranked long-short,2023-09-30,MSFT,-0.045,0.095,0.055
Ranked long-short,2023-09-30,NVDA,-0.085,0.005,0.095
Ranked long-short,2023-09-30,ORCL,-0.075,-0.005,0.085
Ranked long-short,2023-09-30,AMZN,-0.095,-0.095,-0.025
Ranked long-short,2023-09-30,HD,0.065,-0.055,-0.005
Ranked long-short,2023-09-30,MCD,-0.035,0.075,0.035
Ranked long-short,2023-09-30,WMT,-0.055,-0.085,0.065
Ranked long-short,2023-09-30,COST,-0.065,-0.075,-0.015
Ranked long-short,2023-09-30,PG,0.025,0.015,0.025
Ranked long-short,2023-09-30,KO,0.005,0.035,-0.055
Ranked long-short,2023-09-30,JNJ,0.035,0.045,-0.065
Ranked long-short,2023-09-30,PFE,0.095,0.085,-0.095
Ranked long-short,2023-09-30,MRK,0.055,0.055,0.015
Ranked long-short,2023-09-30,XOM,0.085,-0.035,0.005
Ranked long-short,2023-09-30,CVX,0.075,-0.015,-0.035
Ranked long-short,2023-09-30,CAT,0.045,-0.045,0.075
Ranked long-short,2023-09-30,HON,0.015,-0.025,-0.045
Ranked long-short,2023-09-30,NEE,-0.025,0.025,-0.085
Ranked long-short,2023-09-30,DUK,-0.005,-0.065,-0.075
Ranked long-short,2023-10-31,AAPL,-0.015,0.065,0.015
Ranked long-short,2023-10-31,MSFT,-0.045,0.095,0.075
Ranked long-short,2023-10-31,NVDA,-0.085,0.005,0.095
Ranked long-short,2023-10-31,ORCL,-0.075,-0.005,0.085
Ranked long-short,2023-10-31,AMZN,-0.095,-0.095,0.045
Ranked long-short,2023-10-31,HD,0.065,-0.055,-0.015
Ranked long-short,2023-10-31,MCD,-0.035,0.075,-0.035
Ranked long-short,2023-10-31,WMT,-0.055,-0.085,0.065
Ranked long-short,2023-10-31,COST,-0.065,-0.075,0.035
Ranked long-short,2023-10-31,PG,0.015,0.015,0.025
Ranked long-short,2023-10-31,KO,0.005,0.035,-0.065
Ranked long-short,2023-10-31,JNJ,0.035,0.045,-0.075
Ranked long-short,2023-10-31,PFE,0.095,0.085,-0.095
Ranked long-short,2023-10-31,MRK,0.045,0.055,-0.005
Ranked long-short,2023-10-31,XOM,0.085,-0.035,0.005
Ranked long-short,2023-10-31,CVX,0.075,-0.015,-0.025
Ranked long-short,2023-10-31,CAT,0.055,-0.045,0.055
Ranked long-short,2023-10-31,HON,0.025,-0.025,-0.055
Ranked long-short,2023-10-31,NEE,-0.025,0.025,-0.085
Ranked long-short,2023-10-31,DUK,-0.005,-0.065,-0.045
Ranked long-short,2023-11-30,AAPL,-0.025,0.065,0.055
Ranked long-short,2023-11-30,MSFT,-0.065,0.095,0.085
Ranked long-short,2023-11-30,NVDA,-0.085,-0.005,0.095
Ranked long-short,2023-11-30,ORCL,-0.055,0.005,0.065
Ranked long-short,2023-11-30,AMZN,-0.095,-0.095,0.075
Ranked long-short,2023-11-30,HD,0.055,-0.055,-0.035
Ranked long-short,2023-11-30,MCD,-0.035,0.075,-0.015
Ranked long-short,2023-11-30,WMT,-0.045,-0.085,0.045
Ranked long-short,2023-11-30,COST,-0.075,-0.075,0.035
Ranked long-short,2023-11-30,PG,0.025,0.015,0.015
Ranked long-short,2023-11-30,KO,0.015,0.035,-0.055
Ranked long-short,2023-11-30,JNJ,0.035,0.045,-0.075
Ranked long-short,2023-11-30,PFE,0.095,0.085,-0.095
Ranked long-short,2023-11-30,MRK,0.065,0.055,0.005
Ranked long-short,2023-11-30,XOM,0.085,-0.035,-0.005
Ranked long-short,2023-11-30,CVX,0.075,-0.015,-0.045
Ranked long-short,2023-11-30,CAT,0.045,-0.045,0.025
Ranked long-short,2023-11-30,HON,0.005,-0.025,-0.065
Ranked long-short,2023-11-30,NEE,-0.015,0.025,-0.085
Ranked long-short,2023-11-30,DUK,-0.005,-0.065,-0.025
Ranked long-short,2023-12-31,AAPL,-0.025,0.065,0.065
Ranked long-short,2023-12-31,MSFT,-0.065,0.095,0.075
Ranked long-short,2023-12-31,NVDA,-0.085,-0.005,0.095
Ranked long-short,2023-12-31,ORCL,-0.035,0.005,0.045
Ranked long-short,2023-12-31,AMZN,-0.095,-0.095,0.085
Ranked long-short,2023-12-31,HD,0.055,-0.055,0.005
Ranked long-short,2023-12-31,MCD,-0.045,0.075,0.025
Ranked long-short,2023-12-31,WMT,-0.055,-0.085,0.035
Ranked long-short,2023-12-31,COST,-0.075,-0.075,0.055
Ranked long-short,2023-12-31,PG,0.025,0.015,-0.005
Ranked long-short,2023-12-31,KO,0.015,0.035,-0.065
Ranked long-short,2023-12-31,JNJ,0.035,0.045,-0.055
Ranked long-short,2023-12-31,PFE,0.095,0.085,-0.095
Ranked long-short,2023-12-31,MRK,0.065,0.055,-0.035
Ranked long-short,2023-12-31,XOM,0.085,-0.035,-0.015
Ranked long-short,2023-12-31,CVX,0.075,-0.015,-0.075
Ranked long-short,2023-12-31,CAT,0.045,-0.045,0.015
Ranked long-short,2023-12-31,HON,0.005,-0.025,-0.025
Ranked long-short,2023-12-31,NEE,-0.005,0.025,-0.085
Ranked long-short,2023-12-31,DUK,-0.015,-0.065,-0.045
Ranked long-short,2024-01-31,AAPL,-0.025,0.065,0.055
Ranked long-short,2024-01-31,MSFT,-0.065,0.095,0.085
Ranked long-short,2024-01-31,NVDA,-0.085,-0.005,0.095
Ranked long-short,2024-01-31,ORCL,-0.045,0.005,0.035
Ranked long-short,2024-01-31,AMZN,-0.095,-0.095,0.075
Ranked long-short,2024-01-31,HD,0.065,-0.055,0.015
Ranked long-short,2024-01-31,MCD,-0.035,0.075,0.025
Ranked long-short,2024-01-31,WMT,-0.055,-0.085,0.045
Ranked long-short,2024-01-31,COST,-0.075,-0.075,0.065
Ranked long-short,2024-01-31,PG,0.025,0.015,-0.005
Ranked long-short,2024-01-31,KO,0.015,0.035,-0.035
Ranked long-short,2024-01-31,JNJ,0.035,0.045,-0.055
Ranked long-short,2024-01-31,PFE,0.095,0.085,-0.095
Ranked long-short,2024-01-31,MRK,0.055,0.055,-0.015
Ranked long-short,2024-01-31,XOM,0.085,-0.035,-0.065
Ranked long-short,2024-01-31,CVX,0.075,-0.015,-0.085
Ranked long-short,2024-01-31,CAT,0.045,-0.045,0.005
Ranked long-short,2024-01-31,HON,0.005,-0.025,-0.025
Ranked long-short,2024-01-31,NEE,-0.005,0.025,-0.075
Ranked long-short,2024-01-31,DUK,-0.015,-0.065,-0.045
Ranked long-short,2024-02-29,AAPL,-0.025,0.065,0.055
Ranked long-short,2024-02-29,MSFT,-0.065,0.095,0.075
Ranked long-short,2024-02-29,NVDA,-0.085,-0.005,0.095
Ranked long-short,2024-02-29,ORCL,-0.045,0.005,0.025
Ranked long-short,2024-02-29,AMZN,-0.095,-0.095,0.085
Ranked long-short,2024-02-29,HD,0.065,-0.055,0.035
Ranked long-short,2024-02-29,MCD,-0.035,0.075,-0.005
Ranked long-short,2024-02-29,WMT,-0.055,-0.085,0.045
Ranked long-short,2024-02-29,COST,-0.075,-0.075,0.065
Ranked long-short,2024-02-29,PG,0.015,0.015,0.005
Ranked long-short,2024-02-29,KO,-0.005,0.035,-0.055
Ranked long-short,2024-02-29,JNJ,0.045,0.045,-0.035
Ranked long-short,2024-02-29,PFE,0.095,0.085,-0.095
Ranked long-short,2024-02-29,MRK,0.055,0.055,-0.015
Ranked long-short,2024-02-29,XOM,0.085,-0.035,-0.065
Ranked long-short,2024-02-29,CVX,0.075,-0.015,-0.075
Ranked long-short,2024-02-29,CAT,0.035,-0.045,0.015
Ranked long-short,2024-02-29,HON,0.005,-0.025,-0.025
Ranked long-short,2024-02-29,NEE,0.025,0.025,-0.085
Ranked long-short,2024-02-29,DUK,-0.015,-0.065,-0.045
Ranked long-short,2024-03-31,AAPL,0.025,0.065,-0.005
Ranked long-short,2024-03-31,MSFT,-0.065,0.095,0.065
Ranked long-short,2024-03-31,NVDA,-0.085,-0.005,0.095
Ranked long-short,2024-03-31,ORCL,-0.045,0.005,0.015
Ranked long-short,2024-03-31,AMZN,-0.095,-0.095,0.075
Ranked long-short,2024-03-31,HD,0.065,-0.055,0.045
Ranked long-short,2024-03-31,MCD,-0.035,0.075,-0.025
Ranked long-short,2024-03-31,WMT,-0.055,-0.085,0.035
Ranked long-short,2024-03-31,COST,-0.075,-0.075,0.085
Ranked long-short,2024-03-31,PG,0.035,0.015,0.005
Ranked long-short,2024-03-31,KO,0.015,0.035,-0.075
Ranked long-short,2024-03-31,JNJ,0.045,0.045,-0.015
Ranked long-short,2024-03-31,PFE,0.095,0.085,-0.095
Ranked long-short,2024-03-31,MRK,0.055,0.055,0.025
Ranked long-short,2024-03-31,XOM,0.075,-0.035,-0.045
Ranked long-short,2024-03-31,CVX,0.085,-0.015,-0.055
Ranked long-short,2024-03-31,CAT,-0.005,-0.045,0.055
Ranked long-short,2024-03-31,HON,0.005,-0.025,-0.035
Ranked long-short,2024-03-31,NEE,-0.025,0.025,-0.085
Ranked long-short,2024-03-31,DUK,-0.015,-0.065,-0.065
Ranked long-short,2024-04-30,AAPL,0.015,0.065,-0.015
Ranked long-short,2024-04-30,MSFT,-0.055,0.095,0.055
Ranked long-short,2024-04-30,NVDA,-0.085,-0.005,0.095
Ranked long-short,2024-04-30,ORCL,-0.045,0.005,0.025
Ranked long-short,2024-04-30,AMZN,-0.095,-0.095,0.085
Ranked long-short,2024-04-30,HD,0.065,-0.055,0.035
Ranked long-short,2024-04-30,MCD,-0.035,0.075,-0.055
Ranked long-short,2024-04-30,WMT,-0.065,-0.085,0.045
Ranked long-short,2024-04-30,COST,-0.075,-0.075,0.075
Ranked long-short,2024-04-30,PG,0.005,0.015,0.005
Ranked long-short,2024-04-30,KO,-0.005,0.035,-0.075
Ranked long-short,2024-04-30,JNJ,0.055,0.045,-0.045
Ranked long-short,2024-04-30,PFE,0.095,0.085,-0.095
Ranked long-short,2024-04-30,MRK,0.045,0.055,0.015
Ranked long-short,2024-04-30,XOM,0.075,-0.035,-0.025
Ranked long-short,2024-04-30,CVX,0.085,-0.015,-0.065
Ranked long-short,2024-04-30,CAT,0.035,-0.045,0.065
Ranked long-short,2024-04-30,HON,0.025,-0.025,-0.005
Ranked long-short,2024-04-30,NEE,-0.025,0.025,-0.085
Ranked long-short,2024-04-30,DUK,-0.015,-0.065,-0.035
Ranked long-short,2024-05-31,AAPL,-0.015,0.065,-0.045
Ranked long-short,2024-05-31,MSFT,-0.055,0.095,0.045
Ranked long-short,2024-05-31,NVDA,-0.085,-0.005,0.095
Ranked long-short,2024-05-31,ORCL,-0.045,0.005,-0.015
Ranked long-short,2024-05-31,AMZN,-0.095,-0.095,0.075
Ranked long-short,2024-05-31,HD,0.065,-0.055,0.015
Ranked long-short,2024-05-31,MCD,-0.005,0.075,-0.085
Ranked long-short,2024-05-31,WMT,-0.065,-0.085,0.055
Ranked long-short,2024-05-31,COST,-0.075,-0.075,0.085
Ranked long-short,2024-05-31,PG,0.015,0.015,0.035
Ranked long-short,2024-05-31,KO,0.005,0.035,-0.025
Ranked long-short,2024-05-31,JNJ,0.055,0.045,-0.075
Ranked long-short,2024-05-31,PFE,0.095,0.085,-0.095
Ranked long-short,2024-05-31,MRK,0.045,0.055,0.025
Ranked long-short,2024-05-31,XOM,0.085,-0.035,-0.005
Ranked long-short,2024-05-31,CVX,0.075,-0.015,-0.035
Ranked long-short,2024-05-31,CAT,0.035,-0.045,0.065
Ranked long-short,2024-05-31,HON,0.025,-0.025,-0.055
Ranked long-short,2024-05-31,NEE,-0.035,0.025,-0.065
Ranked long-short,2024-05-31,DUK,-0.025,-0.065,0.005
Ranked long-short,2024-06-30,AAPL,-0.015,0.055,-0.045
Ranked long-short,2024-06-30,MSFT,-0.025,0.085,0.045
Ranked long-short,2024-06-30,NVDA,-0.085,0.015,0.095
Ranked long-short,2024-06-30,ORCL,-0.035,0.025,-0.055
Ranked long-short,2024-06-30,AMZN,-0.065,-0.055,0.055
Ranked long-short,2024-06-30,HD,0.035,-0.025,-0.015
Ranked long-short,2024-06-30,MCD,0.025,0.075,-0.085
Ranked long-short,2024-06-30,WMT,-0.045,-0.085,0.075
Ranked long-short,2024-06-30,COST,-0.055,-0.075,0.085
Ranked long-short,2024-06-30,PG,-0.005,0.035,0.025
Ranked long-short,2024-06-30,KO,0.005,0.045,-0.005
Ranked long-short,2024-06-30,JNJ,0.095,0.095,-0.075
Ranked long-short,2024-06-30,PFE,-0.075,-0.065,-0.095
Ranked long-short,2024-06-30,MRK,-0.095,-0.095,0.015
Ranked long-short,2024-06-30,XOM,0.085,-0.045,0.005
Ranked long-short,2024-06-30,CVX,0.075,-0.035,-0.035
Ranked long-short,2024-06-30,CAT,0.065,-0.005,0.065
Ranked long-short,2024-06-30,HON,0.015,0.005,-0.065
Ranked long-short,2024-06-30,NEE,0.045,0.065,-0.025
Ranked long-short,2024-06-30,DUK,0.055,-0.015,0.035
Ranked long-short,2024-07-31,AAPL,-0.015,0.045,-0.025
Ranked long-short,2024-07-31,MSFT,-0.035,0.075,0.055
Ranked long-short,2024-07-31,NVDA,-0.085,0.095,0.095
Ranked long-short,2024-07-31,ORCL,-0.045,0.015,0.025
Ranked long-short,2024-07-31,AMZN,-0.065,-0.055,0.075
Ranked long-short,2024-07-31,HD,0.015,-0.045,-0.035
Ranked long-short,2024-07-31,MCD,0.035,0.065,-0.075
Ranked long-short,2024-07-31,WMT,-0.025,-0.085,0.065
Ranked long-short,2024-07-31,COST,-0.055,-0.075,0.085
Ranked long-short,2024-07-31,PG,-0.005,0.025,-0.005
Ranked long-short,2024-07-31,KO,0.005,0.035,-0.045
Ranked long-short,2024-07-31,JNJ,0.095,0.085,-0.085
Ranked long-short,2024-07-31,PFE,-0.075,-0.065,-0.095
Ranked long-short,2024-07-31,MRK,-0.095,-0.095,0.035
Ranked long-short,2024-07-31,XOM,0.085,-0.035,0.005
Ranked long-short,2024-07-31,CVX,0.075,-0.025,-0.055
Ranked long-short,2024-07-31,CAT,0.065,-0.005,0.045
Ranked long-short,2024-07-31,HON,0.025,0.005,0.015
Ranked long-short,2024-07-31,NEE,0.045,0.055,-0.065
Ranked long-short,2024-07-31,DUK,0.055,-0.015,-0.015
Ranked long-short,2024-08-31,AAPL,-0.015,0.045,0.015
Ranked long-short,2024-08-31,MSFT,-0.035,0.075,0.055
Ranked long-short,2024-08-31,NVDA,-0.085,0.095,0.085
Ranked long-short,2024-08-31,ORCL,-0.045,0.015,-0.025
Ranked long-short,2024-08-31,AMZN,-0.055,-0.055,0.035
Ranked long-short,2024-08-31,HD,0.035,-0.045,-0.035
Ranked long-short,2024-08-31,MCD,0.015,0.065,-0.075
Ranked long-short,2024-08-31,WMT,-0.025,-0.085,0.065
Ranked long-short,2024-08-31,COST,-0.065,-0.075,0.095
Ranked long-short,2024-08-31,PG,0.005,0.025,0.025
Ranked long-short,2024-08-31,KO,-0.005,0.035,0.045
Ranked long-short,2024-08-31,JNJ,0.095,0.085,-0.065
Ranked long-short,2024-08-31,PFE,-0.075,-0.065,-0.095
Ranked long-short,2024-08-31,MRK,-0.095,-0.095,-0.045
Ranked long-short,2024-08-31,XOM,0.075,-0.035,-0.055
Ranked long-short,2024-08-31,CVX,0.085,-0.025,-0.085
Ranked long-short,2024-08-31,CAT,0.065,-0.005,-0.005
Ranked long-short,2024-08-31,HON,0.025,0.005,-0.015
Ranked long-short,2024-08-31,NEE,0.045,0.055,0.005
Ranked long-short,2024-08-31,DUK,0.055,-0.015,0.075
Ranked long-short,2024-09-30,AAPL,-0.015,0.045,0.015
Ranked long-short,2024-09-30,MSFT,-0.035,0.075,0.035
Ranked long-short,2024-09-30,NVDA,-0.085,0.095,0.095
Ranked long-short,2024-09-30,ORCL,-0.045,0.015,-0.015
Ranked long-short,2024-09-30,AMZN,-0.065,-0.055,0.045
Ranked long-short,2024-09-30,HD,0.015,-0.045,-0.025
Ranked long-short,2024-09-30,MCD,0.025,0.065,-0.055
Ranked long-short,2024-09-30,WMT,-0.025,-0.085,0.075
Ranked long-short,2024-09-30,COST,-0.055,-0.075,0.085
Ranked long-short,2024-09-30,PG,-0.005,0.025,0.025
Ranked long-short,2024-09-30,KO,0.005,0.035,0.065
Ranked long-short,2024-09-30,JNJ,0.095,0.085,-0.065
Ranked long-short,2024-09-30,PFE,-0.075,-0.065,-0.095
Ranked long-short,2024-09-30,MRK,-0.095,-0.095,-0.035
Ranked long-short,2024-09-30,XOM,0.075,-0.035,-0.075
Ranked long-short,2024-09-30,CVX,0.085,-0.025,-0.085
Ranked long-short,2024-09-30,CAT,0.065,-0.005,-0.005
Ranked long-short,2024-09-30,HON,0.035,0.005,-0.045
Ranked long-short,2024-09-30,NEE,0.045,0.055,0.005
Ranked long-short,2024-09-30,DUK,0.055,-0.015,0.055
Ranked long-short,2024-10-31,AAPL,-0.015,0.045,-0.005
Ranked long-short,2024-10-31,MSFT,-0.025,0.075,-0.025
Ranked long-short,2024-10-31,NVDA,-0.085,0.095,0.095
Ranked long-short,2024-10-31,ORCL,-0.045,0.015,0.045
Ranked long-short,2024-10-31,AMZN,-0.065,-0.055,0.015
Ranked long-short,2024-10-31,HD,0.015,-0.045,0.005
Ranked long-short,2024-10-31,MCD,0.025,0.065,-0.035
Ranked long-short,2024-10-31,WMT,-0.035,-0.085,0.075
Ranked long-short,2024-10-31,COST,-0.055,-0.075,0.085
Ranked long-short,2024-10-31,PG,-0.005,0.025,-0.015
Ranked long-short,2024-10-31,KO,0.005,0.035,0.055
Ranked long-short,2024-10-31,JNJ,0.095,0.085,-0.055
Ranked long-short,2024-10-31,PFE,-0.075,-0.065,-0.095
Ranked long-short,2024-10-31,MRK,-0.095,-0.095,-0.065
Ranked long-short,2024-10-31,XOM,0.085,-0.035,-0.075
Ranked long-short,2024-10-31,CVX,0.075,-0.025,-0.085
Ranked long-short,2024-10-31,CAT,0.065,-0.005,0.065
Ranked long-short,2024-10-31,HON,0.035,0.005,-0.045
Ranked long-short,2024-10-31,NEE,0.045,0.055,0.025
Ranked long-short,2024-10-31,DUK,0.055,-0.015,0.035
Ranked long-short,2024-11-30,AAPL,-0.015,0.045,-0.005
Ranked long-short,2024-11-30,MSFT,-0.025,0.075,-0.035
Ranked long-short,2024-11-30,NVDA,-0.085,0.095,0.095
Ranked long-short,2024-11-30,ORCL,-0.045,0.025,0.055
Ranked long-short,2024-11-30,AMZN,-0.075,-0.055,0.035
Ranked long-short,2024-11-30,HD,0.005,-0.045,0.015
Ranked long-short,2024-11-30,MCD,0.035,0.065,-0.065
Ranked long-short,2024-11-30,WMT,-0.035,-0.085,0.085
Ranked long-short,2024-11-30,COST,-0.055,-0.075,0.075
Ranked long-short,2024-11-30,PG,-0.005,0.015,-0.015
Ranked long-short,2024-11-30,KO,0.025,0.035,0.005
Ranked long-short,2024-11-30,JNJ,0.095,0.085,-0.075
Ranked long-short,2024-11-30,PFE,-0.065,-0.065,-0.095
Ranked long-short,2024-11-30,MRK,-0.095,-0.095,-0.085
Ranked long-short,2024-11-30,XOM,0.085,-0.035,-0.025
Ranked long-short,2024-11-30,CVX,0.075,-0.025,-0.045
Ranked long-short,2024-11-30,CAT,0.065,-0.005,0.065
Ranked long-short,2024-11-30,HON,0.015,0.005,-0.055
Ranked long-short,2024-11-30,NEE,0.045,0.055,0.025
Ranked long-short,2024-11-30,DUK,0.055,-0.015,0.045
Ranked long-short,2024-12-31,AAPL,-0.025,0.045,-0.005
Ranked long-short,2024-12-31,MSFT,-0.015,0.075,-0.025
Ranked long-short,2024-12-31,NVDA,-0.085,0.095,0.085
Ranked long-short,2024-12-31,ORCL,-0.035,0.025,0.065
Ranked long-short,2024-12-31,AMZN,-0.075,-0.055,0.035
Ranked long-short,2024-12-31,HD,0.015,-0.045,0.005
Ranked long-short,2024-12-31,MCD,0.035,0.065,-0.065
Ranked long-short,2024-12-31,WMT,-0.045,-0.085,0.095
Ranked long-short,2024-12-31,COST,-0.055,-0.075,0.075
Ranked long-short,2024-12-31,PG,-0.005,0.015,0.055
Ranked long-short,2024-12-31,KO,0.025,0.035,-0.035
Ranked long-short,2024-12-31,JNJ,0.095,0.085,-0.075
Ranked long-short,2024-12-31,PFE,-0.065,-0.065,-0.095
Ranked long-short,2024-12-31,MRK,-0.095,-0.095,-0.085
Ranked long-short,2024-12-31,XOM,0.085,-0.035,-0.015
Ranked long-short,2024-12-31,CVX,0.075,-0.025,-0.055
Ranked long-short,2024-12-31,CAT,0.065,-0.005,0.045
Ranked long-short,2024-12-31,HON,0.005,0.005,-0.045
Ranked long-short,2024-12-31,NEE,0.045,0.055,0.015
Ranked long-short,2024-12-31,DUK,0.055,-0.015,0.025
Ranked long-short,2025-01-31,AAPL,-0.025,0.045,0.065
Ranked long-short,2025-01-31,MSFT,-0.015,0.075,-0.035
Ranked long-short,2025-01-31,NVDA,-0.085,0.095,0.085
Ranked long-short,2025-01-31,ORCL,-0.035,0.025,0.045
Ranked long-short,2025-01-31,AMZN,-0.075,-0.055,0.055
Ranked long-short,2025-01-31,HD,0.005,-0.045,-0.005
Ranked long-short,2025-01-31,MCD,0.025,0.065,-0.055
Ranked long-short,2025-01-31,WMT,-0.045,-0.085,0.095
Ranked long-short,2025-01-31,COST,-0.055,-0.075,0.075
Ranked long-short,2025-01-31,PG,-0.005,0.015,-0.015
Ranked long-short,2025-01-31,KO,0.015,0.035,-0.045
Ranked long-short,2025-01-31,JNJ,0.095,0.085,-0.085
Ranked long-short,2025-01-31,PFE,-0.065,-0.065,-0.065
Ranked long-short,2025-01-31,MRK,-0.095,-0.095,-0.095
Ranked long-short,2025-01-31,XOM,0.085,-0.035,-0.025
Ranked long-short,2025-01-31,CVX,0.075,-0.025,-0.075
Ranked long-short,2025-01-31,CAT,0.065,-0.005,0.015
Ranked long-short,2025-01-31,HON,0.035,0.005,0.005
Ranked long-short,2025-01-31,NEE,0.045,0.055,0.035
Ranked long-short,2025-01-31,DUK,0.055,-0.015,0.025
Ranked long-short,2025-02-28,AAPL,-0.025,0.045,0.045
Ranked long-short,2025-02-28,MSFT,-0.015,0.075,-0.045
Ranked long-short,2025-02-28,NVDA,-0.085,0.095,0.025
Ranked long-short,2025-02-28,ORCL,-0.035,0.025,0.065
Ranked long-short,2025-02-28,AMZN,-0.075,-0.055,0.055
Ranked long-short,2025-02-28,HD,0.025,-0.045,-0.015
Ranked long-short,2025-02-28,MCD,0.015,0.065,-0.065
Ranked long-short,2025-02-28,WMT,-0.045,-0.085,0.095
Ranked long-short,2025-02-28,COST,-0.055,-0.075,0.085
Ranked long-short,2025-02-28,PG,0.005,0.015,-0.005
Ranked long-short,2025-02-28,KO,-0.005,0.035,0.015
Ranked long-short,2025-02-28,JNJ,0.095,0.085,-0.085
Ranked long-short,2025-02-28,PFE,-0.065,-0.065,-0.055
Ranked long-short,2025-02-28,MRK,-0.095,-0.095,-0.095
Ranked long-short,2025-02-28,XOM,0.085,-0.035,-0.035
Ranked long-short,2025-02-28,CVX,0.075,-0.025,-0.075
Ranked long-short,2025-02-28,CAT,0.065,-0.005,0.005
Ranked long-short,2025-02-28,HON,0.035,0.005,-0.025
Ranked long-short,2025-02-28,NEE,0.055,0.055,0.035
Ranked long-short,2025-02-28,DUK,0.045,-0.015,0.075
Ranked long-short,2025-03-31,AAPL,-0.025,0.045,0.075
Ranked long-short,2025-03-31,MSFT,-0.015,0.075,-0.085
Ranked long-short,2025-03-31,NVDA,-0.085,0.095,0.035
Ranked long-short,2025-03-31,ORCL,-0.035,0.025,0.045
Ranked long-short,2025-03-31,AMZN,-0.065,-0.055,0.025
Ranked long-short,2025-03-31,HD,0.025,-0.045,-0.025
Ranked long-short,2025-03-31,MCD,0.015,0.065,0.005
Ranked long-short,2025-03-31,WMT,-0.045,-0.085,0.095
Ranked long-short,2025-03-31,COST,-0.055,-0.075,0.085
Ranked long-short,2025-03-31,PG,0.005,0.015,0.015
Ranked long-short,2025-03-31,KO,-0.005,0.035,0.055
Ranked long-short,2025-03-31,JNJ,0.095,0.085,-0.015
Ranked long-short,2025-03-31,PFE,-0.075,-0.065,-0.075
Ranked long-short,2025-03-31,MRK,-0.095,-0.095,-0.095
Ranked long-short,2025-03-31,XOM,0.085,-0.035,-0.055
Ranked long-short,2025-03-31,CVX,0.075,-0.025,-0.035
Ranked long-short,2025-03-31,CAT,0.065,-0.005,-0.065
Ranked long-short,2025-03-31,HON,0.035,0.005,-0.045
Ranked long-short,2025-03-31,NEE,0.055,0.055,-0.005
Ranked long-short,2025-03-31,DUK,0.045,-0.015,0.065
Ranked long-short,2025-04-30,AAPL,-0.025,0.045,0.065
Ranked long-short,2025-04-30,MSFT,-0.015,0.075,-0.085
Ranked long-short,2025-04-30,NVDA,-0.085,0.095,0.015
Ranked long-short,2025-04-30,ORCL,-0.035,0.025,0.025
Ranked long-short,2025-04-30,AMZN,-0.075,-0.055,0.005
Ranked long-short,2025-04-30,HD,0.025,-0.045,-0.005
Ranked long-short,2025-04-30,MCD,0.005,0.065,0.035
Ranked long-short,2025-04-30,WMT,-0.045,-0.085,0.095
Ranked long-short,2025-04-30,COST,-0.055,-0.075,0.085
Ranked long-short,2025-04-30,PG,0.015,0.015,-0.015
Ranked long-short,2025-04-30,KO,-0.005,0.035,0.055
Ranked long-short,2025-04-30,JNJ,0.095,0.085,0.045
Ranked long-short,2025-04-30,PFE,-0.065,-0.065,-0.075
Ranked long-short,2025-04-30,MRK,-0.095,-0.095,-0.095
Ranked long-short,2025-04-30,XOM,0.085,-0.035,-0.055
Ranked long-short,2025-04-30,CVX,0.075,-0.025,-0.045
Ranked long-short,2025-04-30,CAT,0.065,-0.005,-0.065
Ranked long-short,2025-04-30,HON,0.035,0.005,-0.035
Ranked long-short,2025-04-30,NEE,0.055,0.055,-0.025
Ranked long-short,2025-04-30,DUK,0.045,-0.015,0.075
Ranked long-short,2025-05-31,AAPL,-0.015,0.045,0.015
Ranked long-short,2025-05-31,MSFT,-0.025,0.075,0.005
Ranked long-short,2025-05-31,NVDA,-0.085,0.095,-0.015
Ranked long-short,2025-05-31,ORCL,-0.035,0.025,0.045
Ranked long-short,2025-05-31,AMZN,-0.075,-0.055,-0.005
Ranked long-short,2025-05-31,HD,0.035,-0.045,0.025
Ranked long-short,2025-05-31,MCD,0.015,0.065,0.085
Ranked long-short,2025-05-31,WMT,-0.045,-0.085,0.095
Ranked long-short,2025-05-31,COST,-0.055,-0.075,0.075
Ranked long-short,2025-05-31,PG,0.005,0.015,-0.035
Ranked long-short,2025-05-31,KO,-0.005,0.035,0.055
Ranked long-short,2025-05-31,JNJ,0.095,0.085,0.035
Ranked long-short,2025-05-31,PFE,-0.065,-0.065,-0.085
Ranked long-short,2025-05-31,MRK,-0.095,-0.095,-0.095
Ranked long-short,2025-05-31,XOM,0.085,-0.035,-0.055
Ranked long-short,2025-05-31,CVX,0.075,-0.025,-0.065
Ranked long-short,2025-05-31,CAT,0.065,-0.005,-0.045
Ranked long-short,2025-05-31,HON,0.025,0.005,-0.025
Ranked long-short,2025-05-31,NEE,0.055,0.055,-0.075
Ranked long-short,2025-05-31,DUK,0.045,-0.015,0.065
Ranked long-short,2025-06-30,AAPL,-0.035,0.045,-0.055
Ranked long-short,2025-06-30,MSFT,-0.055,0.085,-0.025
Ranked long-short,2025-06-30,NVDA,-0.095,0.095,0.015
Ranked long-short,2025-06-30,ORCL,-0.085,0.025,0.045
Ranked long-short,2025-06-30,AMZN,-0.045,-0.065,0.005
Ranked long-short,2025-06-30,HD,0.025,-0.055,0.025
Ranked long-short,2025-06-30,MCD,0.005,0.075,0.085
Ranked long-short,2025-06-30,WMT,-0.065,-0.095,0.095
Ranked long-short,2025-06-30,COST,-0.075,-0.085,0.075
Ranked long-short,2025-06-30,PG,-0.005,0.015,-0.015
Ranked long-short,2025-06-30,KO,-0.025,0.035,0.055
Ranked long-short,2025-06-30,JNJ,-0.015,-0.015,0.035
Ranked long-short,2025-06-30,PFE,0.065,-0.035,-0.085
Ranked long-short,2025-06-30,MRK,0.095,0.055,-0.095
Ranked long-short,2025-06-30,XOM,0.085,-0.045,-0.065
Ranked long-short,2025-06-30,CVX,0.075,-0.075,-0.075
Ranked long-short,2025-06-30,CAT,0.055,0.005,-0.005
Ranked long-short,2025-06-30,HON,0.015,-0.005,-0.035
Ranked long-short,2025-06-30,NEE,0.035,0.065,-0.045
Ranked long-short,2025-06-30,DUK,0.045,-0.025,0.065
Ranked long-short,2025-07-31,AAPL,-0.035,0.045,-0.045
Ranked long-short,2025-07-31,MSFT,-0.065,0.085,0.065
Ranked long-short,2025-07-31,NVDA,-0.085,0.095,0.055
Ranked long-short,2025-07-31,ORCL,-0.095,0.025,0.085
Ranked long-short,2025-07-31,AMZN,-0.055,-0.055,0.045
Ranked long-short,2025-07-31,HD,0.015,-0.065,-0.015
Ranked long-short,2025-07-31,MCD,-0.005,0.075,0.035
Ranked long-short,2025-07-31,WMT,-0.045,-0.095,0.095
Ranked long-short,2025-07-31,COST,-0.075,-0.085,0.075
Ranked long-short,2025-07-31,PG,0.005,0.015,-0.075
Ranked long-short,2025-07-31,KO,-0.015,0.035,-0.005
Ranked long-short,2025-07-31,JNJ,-0.025,-0.015,-0.065
Ranked long-short,2025-07-31,PFE,0.065,-0.035,-0.085
Ranked long-short,2025-07-31,MRK,0.095,0.055,-0.095
Ranked long-short,2025-07-31,XOM,0.085,-0.045,-0.035
Ranked long-short,2025-07-31,CVX,0.075,-0.075,-0.055
Ranked long-short,2025-07-31,CAT,0.055,0.005,0.005
Ranked long-short,2025-07-31,HON,0.025,-0.005,0.025
Ranked long-short,2025-07-31,NEE,0.035,0.065,-0.025
Ranked long-short,2025-07-31,DUK,0.045,-0.025,0.015
Ranked long-short,2025-08-31,AAPL,-0.035,0.045,-0.055
Ranked long-short,2025-08-31,MSFT,-0.065,0.085,0.075
Ranked long-short,2025-08-31,NVDA,-0.085,0.095,0.065
Ranked long-short,2025-08-31,ORCL,-0.095,0.025,0.095
Ranked long-short,2025-08-31,AMZN,-0.055,-0.055,0.045
Ranked long-short,2025-08-31,HD,-0.005,-0.065,-0.015
Ranked long-short,2025-08-31,MCD,0.005,0.075,0.015
Ranked long-short,2025-08-31,WMT,-0.045,-0.095,0.085
Ranked long-short,2025-08-31,COST,-0.075,-0.085,0.025
Ranked long-short,2025-08-31,PG,0.015,0.015,-0.075
Ranked long-short,2025-08-31,KO,-0.015,0.035,-0.045
Ranked long-short,2025-08-31,JNJ,-0.025,-0.015,-0.025
Ranked long-short,2025-08-31,PFE,0.065,-0.035,-0.085
Ranked long-short,2025-08-31,MRK,0.095,0.055,-0.095
Ranked long-short,2025-08-31,XOM,0.085,-0.045,-0.035
Ranked long-short,2025-08-31,CVX,0.075,-0.075,-0.005
Ranked long-short,2025-08-31,CAT,0.055,0.005,0.055
Ranked long-short,2025-08-31,HON,0.025,-0.005,0.005
Ranked long-short,2025-08-31,NEE,0.035,0.065,-0.065
Ranked long-short,2025-08-31,DUK,0.045,-0.025,0.035
Ranked long-short,2025-09-30,AAPL,-0.045,0.045,-0.025
Ranked long-short,2025-09-30,MSFT,-0.065,0.085,0.085
Ranked long-short,2025-09-30,NVDA,-0.085,0.095,0.095
Ranked long-short,2025-09-30,ORCL,-0.095,0.025,0.055
Ranked long-short,2025-09-30,AMZN,-0.035,-0.055,0.065
Ranked long-short,2025-09-30,HD,-0.015,-0.065,-0.015
Ranked long-short,2025-09-30,MCD,0.005,0.075,-0.005
Ranked long-short,2025-09-30,WMT,-0.055,-0.095,0.075
Ranked long-short,2025-09-30,COST,-0.075,-0.085,0.005
Ranked long-short,2025-09-30,PG,0.015,0.015,-0.075
Ranked long-short,2025-09-30,KO,-0.005,0.035,-0.055
Ranked long-short,2025-09-30,JNJ,-0.025,-0.015,0.045
Ranked long-short,2025-09-30,PFE,0.065,-0.035,-0.085
Ranked long-short,2025-09-30,MRK,0.095,0.055,-0.095
Ranked long-short,2025-09-30,XOM,0.085,-0.045,-0.045
Ranked long-short,2025-09-30,CVX,0.075,-0.075,0.025
Ranked long-short,2025-09-30,CAT,0.045,0.005,0.035
Ranked long-short,2025-09-30,HON,0.025,-0.005,-0.035
Ranked long-short,2025-09-30,NEE,0.035,0.065,-0.065
Ranked long-short,2025-09-30,DUK,0.055,-0.025,0.015
Ranked long-short,2025-10-31,AAPL,-0.055,0.045,0.025
Ranked long-short,2025-10-31,MSFT,-0.045,0.085,0.095
Ranked long-short,2025-10-31,NVDA,-0.085,0.095,0.065
Ranked long-short,2025-10-31,ORCL,-0.095,0.025,0.085
Ranked long-short,2025-10-31,AMZN,-0.065,-0.055,0.015
Ranked long-short,2025-10-31,HD,0.015,-0.065,-0.035
Ranked long-short,2025-10-31,MCD,-0.005,0.075,-0.015
Ranked long-short,2025-10-31,WMT,-0.035,-0.095,0.075
Ranked long-short,2025-10-31,COST,-0.075,-0.085,0.005
Ranked long-short,2025-10-31,PG,0.025,0.015,-0.095
Ranked long-short,2025-10-31,KO,-0.015,0.035,-0.005
Ranked long-short,2025-10-31,JNJ,-0.025,-0.015,0.055
Ranked long-short,2025-10-31,PFE,0.065,-0.035,-0.055
Ranked long-short,2025-10-31,MRK,0.095,0.055,-0.085
Ranked long-short,2025-10-31,XOM,0.085,-0.045,-0.065
Ranked long-short,2025-10-31,CVX,0.075,-0.075,-0.045
Ranked long-short,2025-10-31,CAT,0.005,0.005,0.045
Ranked long-short,2025-10-31,HON,0.045,-0.005,-0.075
Ranked long-short,2025-10-31,NEE,0.035,0.065,-0.025
Ranked long-short,2025-10-31,DUK,0.055,-0.025,0.035
Ranked long-short,2025-11-30,AAPL,-0.055,0.045,0.035
Ranked long-short,2025-11-30,MSFT,-0.035,0.085,0.065
Ranked long-short,2025-11-30,NVDA,-0.095,0.095,0.075
Ranked long-short,2025-11-30,ORCL,-0.075,0.025,0.055
Ranked long-short,2025-11-30,AMZN,-0.045,-0.055,0.045
Ranked long-short,2025-11-30,HD,0.035,-0.065,-0.085
Ranked long-short,2025-11-30,MCD,-0.005,0.075,-0.015
Ranked long-short,2025-11-30,WMT,-0.065,-0.095,0.015
Ranked long-short,2025-11-30,COST,-0.085,-0.085,-0.055
Ranked long-short,2025-11-30,PG,0.025,0.015,-0.095
Ranked long-short,2025-11-30,KO,-0.015,0.035,0.025
Ranked long-short,2025-11-30,JNJ,-0.025,-0.015,0.085
Ranked long-short,2025-11-30,PFE,0.065,-0.035,-0.045
Ranked long-short,2025-11-30,MRK,0.075,0.055,-0.065
Ranked long-short,2025-11-30,XOM,0.085,-0.045,-0.025
Ranked long-short,2025-11-30,CVX,0.095,-0.075,-0.035
Ranked long-short,2025-11-30,CAT,0.005,0.005,0.095
Ranked long-short,2025-11-30,HON,0.045,-0.005,-0.075
Ranked long-short,2025-11-30,NEE,0.015,0.065,-0.005
Ranked long-short,2025-11-30,DUK,0.055,-0.025,0.005
Ranked long-short,2025-12-31,AAPL,-0.055,0.045,-0.015
Ranked long-short,2025-12-31,MSFT,-0.035,0.085,0.025
Ranked long-short,2025-12-31,NVDA,-0.095,0.095,0.035
Ranked long-short,2025-12-31,ORCL,-0.075,0.025,-0.005
Ranked long-short,2025-12-31,AMZN,-0.045,-0.055,-0.045
Ranked long-short,2025-12-31,HD,0.025,-0.065,-0.075
Ranked long-short,2025-12-31,MCD,-0.005,0.075,0.015
Ranked long-short,2025-12-31,WMT,-0.065,-0.095,0.055
Ranked long-short,2025-12-31,COST,-0.085,-0.085,-0.065
Ranked long-short,2025-12-31,PG,0.045,0.015,-0.095
Ranked long-short,2025-12-31,KO,-0.015,0.035,0.075
Ranked long-short,2025-12-31,JNJ,-0.025,-0.015,0.095
Ranked long-short,2025-12-31,PFE,0.065,-0.035,-0.055
Ranked long-short,2025-12-31,MRK,0.085,0.055,-0.035
Ranked long-short,2025-12-31,XOM,0.075,-0.045,0.005
Ranked long-short,2025-12-31,CVX,0.095,-0.075,-0.025
Ranked long-short,2025-12-31,CAT,0.005,0.005,0.085
Ranked long-short,2025-12-31,HON,0.035,-0.005,-0.085
Ranked long-short,2025-12-31,NEE,0.015,0.065,0.045
Ranked long-short,2025-12-31,DUK,0.055,-0.025,0.065
Ranked long-short,2026-01-31,AAPL,-0.055,0.045,0.025
Ranked long-short,2026-01-31,MSFT,-0.025,0.085,0.065
Ranked long-short,2026-01-31,NVDA,-0.095,0.095,0.075
Ranked long-short,2026-01-31,ORCL,-0.045,0.025,-0.015
Ranked long-short,2026-01-31,AMZN,-0.065,-0.055,-0.045
Ranked long-short,2026-01-31,HD,0.035,-0.065,-0.085
Ranked long-short,2026-01-31,MCD,0.005,0.075,0.005
Ranked long-short,2026-01-31,WMT,-0.075,-0.095,0.045
Ranked long-short,2026-01-31,COST,-0.085,-0.085,-0.075
Ranked long-short,2026-01-31,PG,0.045,0.015,-0.095
Ranked long-short,2026-01-31,KO,-0.005,0.035,0.055
Ranked long-short,2026-01-31,JNJ,-0.035,-0.015,0.095
Ranked long-short,2026-01-31,PFE,0.075,-0.035,-0.055
Ranked long-short,2026-01-31,MRK,0.095,0.055,-0.025
Ranked long-short,2026-01-31,XOM,0.065,-0.045,0.035
Ranked long-short,2026-01-31,CVX,0.085,-0.075,-0.035
Ranked long-short,2026-01-31,CAT,-0.015,0.005,0.085
Ranked long-short,2026-01-31,HON,0.025,-0.005,-0.065
Ranked long-short,2026-01-31,NEE,0.015,0.065,0.015
Ranked long-short,2026-01-31,DUK,0.055,-0.025,-0.005
Sector neutral,2016-10-31,AAPL,0.10037174721189591,0.048165137614678895,-0.07720588235294118
Sector neutral,2016-10-31,MSFT,-0.07806691449814127,-0.03440366972477064,0.0
Sector neutral,2016-10-31,NVDA,-0.10037174721189591,-0.0756880733944954,0.12132352941176472
Sector neutral,2016-10-31,ORCL,0.07806691449814127,0.06192660550458715,-0.04411764705882353
Sector neutral,2016-10-31,AMZN,-0.07806691449814127,-0.10091743119266056,0.0698529411764706
Sector neutral,2016-10-31,HD,0.05576208178438662,-0.018348623853211017,-0.02941176470588235
Sector neutral,2016-10-31,MCD,0.02230483271375465,0.11926605504587154,-0.04044117647058823
Sector neutral,2016-10-31,WMT,0.09479553903345726,-0.05848623853211009,0.09926470588235295
Sector neutral,2016-10-31,COST,-0.02788104089219331,-0.07224770642201835,-0.09926470588235295
Sector neutral,2016-10-31,PG,-0.05018587360594796,0.010321100917431191,0.07720588235294118
Sector neutral,2016-10-31,KO,-0.016728624535315987,0.12041284403669723,-0.07720588235294118
Sector neutral,2016-10-31,JNJ,0.059479553903345736,0.05963302752293578,0.04411764705882353
Sector neutral,2016-10-31,PFE,-0.018587360594795533,0.00458715596330276,-0.07720588235294118
Sector neutral,2016-10-31,MRK,-0.040892193308550186,-0.06422018348623852,0.03308823529411765
Sector neutral,2016-10-31,XOM,0.05018587360594796,0.013761467889908256,-0.011029411764705883
Sector neutral,2016-10-31,CVX,-0.05018587360594796,-0.013761467889908256,0.011029411764705883
Sector neutral,2016-10-31,CAT,-0.011152416356877325,-0.041284403669724766,0.011029411764705883
Sector neutral,2016-10-31,HON,0.011152416356877325,0.041284403669724766,-0.011029411764705883
Sector neutral,2016-10-31,NEE,-0.02788104089219331,0.020642201834862383,0.03308823529411765
Sector neutral,2016-10-31,DUK,0.02788104089219331,-0.020642201834862383,-0.03308823529411765
Sector neutral,2016-11-30,AAPL,0.11154598825831703,0.048165137614678895,-0.054000000000000006
Sector neutral,2016-11-30,MSFT,-0.07632093933463797,-0.03440366972477064,0.018000000000000002
Sector neutral,2016-11-30,NVDA,-0.09980430528375735,-0.0756880733944954,0.114
Sector neutral,2016-11-30,ORCL,0.06457925636007829,0.06192660550458715,-0.078
Sector neutral,2016-11-30,AMZN,-0.07045009784735813,-0.10091743119266056,0.052
Sector neutral,2016-11-30,HD,0.04696673189823875,-0.018348623853211017,-0.05600000000000001
Sector neutral,2016-11-30,MCD,0.023483365949119376,0.11926605504587154,0.003999999999999997
Sector neutral,2016-11-30,WMT,0.09686888454011743,-0.05848623853211009,0.078
Sector neutral,2016-11-30,COST,-0.032289628180039144,-0.07224770642201835,-0.10200000000000001
Sector neutral,2016-11-30,PG,-0.05577299412915852,0.010321100917431191,0.10200000000000001
Sector neutral,2016-11-30,KO,-0.008806262230919766,0.12041284403669723,-0.078
Sector neutral,2016-11-30,JNJ,0.06262230919765167,0.05963302752293578,0.060000000000000005
Sector neutral,2016-11-30,PFE,-0.01956947162426614,0.00458715596330276,-0.060000000000000005
Sector neutral,2016-11-30,MRK,-0.043052837573385516,-0.06422018348623852,0.0
Sector neutral,2016-11-30,XOM,0.052837573385518595,0.013761467889908256,-0.036000000000000004
Sector neutral,2016-11-30,CVX,-0.052837573385518595,-0.013761467889908256,0.036000000000000004
Sector neutral,2016-11-30,CAT,-0.023483365949119376,-0.041284403669724766,0.024
Sector neutral,2016-11-30,HON,0.023483365949119376,0.041284403669724766,-0.024
Sector neutral,2016-11-30,NEE,-0.017612524461839533,0.020642201834862383,0.012
Sector neutral,2016-11-30,DUK,0.017612524461839533,-0.020642201834862383,-0.012
Sector neutral,2016-12-31,AAPL,0.09489795918367347,0.034090909090909095,-0.06991525423728814
Sector neutral,2016-12-31,MSFT,-0.03979591836734694,0.020454545454545454,-0.006355932203389831
Sector neutral,2016-12-31,NVDA,-0.12551020408163266,-0.10227272727272728,0.10805084745762714
Sector neutral,2016-12-31,ORCL,0.07040816326530612,0.04772727272727273,-0.03177966101694916
Sector neutral,2016-12-31,AMZN,-0.06530612244897958,-0.09545454545454546,0.04661016949152543
Sector neutral,2016-12-31,HD,0.04489795918367347,-0.013636363636363637,-0.029661016949152543
Sector neutral,2016-12-31,MCD,0.020408163265306124,0.1090909090909091,-0.01694915254237288
Sector neutral,2016-12-31,WMT,0.1010204081632653,-0.07500000000000001,0.12711864406779663
Sector neutral,2016-12-31,COST,-0.07040816326530612,-0.08863636363636364,-0.06355932203389832
Sector neutral,2016-12-31,PG,0.015306122448979591,0.07500000000000001,0.012711864406779662
Sector neutral,2016-12-31,KO,-0.04591836734693877,0.08863636363636364,-0.07627118644067797
Sector neutral,2016-12-31,JNJ,0.07346938775510203,0.06363636363636363,0.029661016949152554
Sector neutral,2016-12-31,PFE,-0.024489795918367346,-0.004545454545454554,-0.09745762711864407
Sector neutral,2016-12-31,MRK,-0.04897959183673469,-0.059090909090909104,0.06779661016949154
Sector neutral,2016-12-31,XOM,0.04897959183673469,0.013636363636363637,-0.019067796610169493
Sector neutral,2016-12-31,CVX,-0.04897959183673469,-0.013636363636363637,0.019067796610169493
Sector neutral,2016-12-31,CAT,-0.01836734693877551,-0.034090909090909095,0.04449152542372882
Sector neutral,2016-12-31,HON,0.01836734693877551,0.034090909090909095,-0.04449152542372882
Sector neutral,2016-12-31,NEE,-0.012244897959183673,0.013636363636363637,0.04449152542372882
Sector neutral,2016-12-31,DUK,0.012244897959183673,-0.013636363636363637,-0.04449152542372882
Sector neutral,2017-01-31,AAPL,0.09486166007905138,0.034090909090909095,-0.012328767123287671
Sector neutral,2017-01-31,MSFT,-0.035573122529644265,0.020454545454545454,-0.028767123287671233
Sector neutral,2017-01-31,NVDA,-0.11857707509881421,-0.10227272727272728,0.11917808219178082
Sector neutral,2017-01-31,ORCL,0.059288537549407105,0.04772727272727273,-0.07808219178082192
Sector neutral,2017-01-31,AMZN,-0.059288537549407105,-0.09545454545454546,0.11506849315068493
Sector neutral,2017-01-31,HD,0.04743083003952569,-0.013636363636363637,0.0
Sector neutral,2017-01-31,MCD,0.011857707509881422,0.1090909090909091,-0.11506849315068493
Sector neutral,2017-01-31,WMT,0.09782608695652173,-0.07500000000000001,0.012328767123287671
Sector neutral,2017-01-31,COST,-0.06818181818181818,-0.08863636363636364,0.045205479452054796
Sector neutral,2017-01-31,PG,0.0029644268774703555,0.07500000000000001,-0.00410958904109589
Sector neutral,2017-01-31,KO,-0.03260869565217391,0.08863636363636364,-0.05342465753424657
Sector neutral,2017-01-31,JNJ,0.07905138339920947,0.06363636363636363,0.03835616438356165
Sector neutral,2017-01-31,PFE,-0.027667984189723323,-0.004545454545454554,-0.09315068493150684
Sector neutral,2017-01-31,MRK,-0.05138339920948617,-0.059090909090909104,0.054794520547945216
Sector neutral,2017-01-31,XOM,0.059288537549407105,0.013636363636363637,-0.01643835616438356
Sector neutral,2017-01-31,CVX,-0.059288537549407105,-0.013636363636363637,0.01643835616438356
Sector neutral,2017-01-31,CAT,-0.023715415019762844,-0.034090909090909095,0.0410958904109589
Sector neutral,2017-01-31,HON,0.023715415019762844,0.034090909090909095,-0.0410958904109589
Sector neutral,2017-01-31,NEE,-0.023715415019762844,0.013636363636363637,0.057534246575342465
Sector neutral,2017-01-31,DUK,0.023715415019762844,-0.013636363636363637,-0.057534246575342465
Sector neutral,2017-02-28,AAPL,0.09647302904564316,0.034090909090909095,-0.013824884792626725
Sector neutral,2017-02-28,MSFT,-0.028008298755186723,0.020454545454545454,0.013824884792626725
Sector neutral,2017-02-28,NVDA,-0.12759336099585064,-0.10227272727272728,0.06912442396313363
Sector neutral,2017-02-28,ORCL,0.059128630705394196,0.04772727272727273,-0.06912442396313363
Sector neutral,2017-02-28,AMZN,-0.05394190871369295,-0.09545454545454546,0.09677419354838708
Sector neutral,2017-02-28,HD,0.033195020746887974,-0.013636363636363637,0.0
Sector neutral,2017-02-28,MCD,0.020746887966804985,0.1090909090909091,-0.09677419354838708
Sector neutral,2017-02-28,WMT,0.09958506224066391,-0.07500000000000001,-0.0380184331797235
Sector neutral,2017-02-28,COST,-0.07468879668049792,-0.08863636363636364,0.031105990783410135
Sector neutral,2017-02-28,PG,0.0,0.07500000000000001,0.05875576036866359
Sector neutral,2017-02-28,KO,-0.024896265560165977,0.08863636363636364,-0.05184331797235022
Sector neutral,2017-02-28,JNJ,0.06639004149377593,0.06363636363636363,0.01843317972350231
Sector neutral,2017-02-28,PFE,-0.020746887966804985,-0.004545454545454554,-0.0921658986175115
Sector neutral,2017-02-28,MRK,-0.04564315352697096,-0.059090909090909104,0.07373271889400922
Sector neutral,2017-02-28,XOM,0.07468879668049792,0.013636363636363637,-0.08294930875576036
Sector neutral,2017-02-28,CVX,-0.07468879668049792,-0.013636363636363637,0.08294930875576036
Sector neutral,2017-02-28,CAT,-0.024896265560165977,-0.034090909090909095,0.02764976958525345
Sector neutral,2017-02-28,HON,0.024896265560165977,0.034090909090909095,-0.02764976958525345
Sector neutral,2017-02-28,NEE,-0.024896265560165977,0.013636363636363637,0.02764976958525345
Sector neutral,2017-02-28,DUK,0.024896265560165977,-0.013636363636363637,-0.02764976958525345
Sector neutral,2017-03-31,AAPL,0.09554140127388536,0.010112359550561797,0.027777777777777776
Sector neutral,2017-03-31,MSFT,-0.01910828025477707,0.03707865168539325,0.0
Sector neutral,2017-03-31,NVDA,-0.12101910828025478,-0.09775280898876404,0.08333333333333333
Sector neutral,2017-03-31,ORCL,0.044585987261146494,0.05056179775280899,-0.1111111111111111
Sector neutral,2017-03-31,AMZN,-0.05520169851380042,-0.0943820224719101,0.12037037037037036
Sector neutral,2017-03-31,HD,0.033970276008492575,-0.013483146067415729,-0.018518518518518528
Sector neutral,2017-03-31,MCD,0.021231422505307858,0.10786516853932583,-0.10185185185185186
Sector neutral,2017-03-31,WMT,0.11146496815286625,-0.0741573033707865,-0.010416666666666666
Sector neutral,2017-03-31,COST,-0.07961783439490445,-0.08764044943820225,0.017361111111111112
Sector neutral,2017-03-31,PG,-0.0031847133757961785,0.0741573033707865,0.059027777777777776
Sector neutral,2017-03-31,KO,-0.028662420382165606,0.08764044943820225,-0.06597222222222222
Sector neutral,2017-03-31,JNJ,0.059447983014861996,0.07191011235955057,0.009259259259259252
Sector neutral,2017-03-31,PFE,-0.01698513800424628,-0.008988764044943812,-0.04629629629629631
Sector neutral,2017-03-31,MRK,-0.04246284501061571,-0.06292134831460673,0.03703703703703703
Sector neutral,2017-03-31,XOM,0.08280254777070063,0.013483146067415729,-0.1111111111111111
Sector neutral,2017-03-31,CVX,-0.08280254777070063,-0.013483146067415729,0.1111111111111111
Sector neutral,2017-03-31,CAT,-0.01910828025477707,-0.033707865168539325,0.006944444444444444
Sector neutral,2017-03-31,HON,0.01910828025477707,0.033707865168539325,-0.006944444444444444
Sector neutral,2017-03-31,NEE,-0.03184713375796178,0.013483146067415729,0.027777777777777776
Sector neutral,2017-03-31,DUK,0.03184713375796178,-0.013483146067415729,-0.027777777777777776
Sector neutral,2017-04-30,AAPL,0.09109311740890688,0.010112359550561797,0.022727272727272728
Sector neutral,2017-04-30,MSFT,-0.03036437246963563,0.03707865168539325,0.007575757575757576
Sector neutral,2017-04-30,NVDA,-0.11538461538461539,-0.09775280898876404,0.03787878787878788
Sector neutral,2017-04-30,ORCL,0.05465587044534413,0.05056179775280899,-0.06818181818181818
Sector neutral,2017-04-30,AMZN,-0.05263157894736842,-0.0943820224719101,0.10606060606060606
Sector neutral,2017-04-30,HD,0.03238866396761134,-0.013483146067415729,0.0
Sector neutral,2017-04-30,MCD,0.02024291497975709,0.10786516853932583,-0.10606060606060606
Sector neutral,2017-04-30,WMT,0.10020242914979757,-0.0741573033707865,-0.03409090909090909
Sector neutral,2017-04-30,COST,-0.0819838056680162,-0.08764044943820225,0.041666666666666664
Sector neutral,2017-04-30,PG,0.003036437246963563,0.0741573033707865,0.10227272727272728
Sector neutral,2017-04-30,KO,-0.021255060728744942,0.08764044943820225,-0.10984848484848485
Sector neutral,2017-04-30,JNJ,0.06477732793522267,0.07191011235955057,0.06060606060606061
Sector neutral,2017-04-30,PFE,-0.02024291497975709,-0.008988764044943812,-0.10606060606060606
Sector neutral,2017-04-30,MRK,-0.04453441295546559,-0.06292134831460673,0.045454545454545456
Sector neutral,2017-04-30,XOM,0.08502024291497977,0.013483146067415729,-0.03787878787878788
Sector neutral,2017-04-30,CVX,-0.08502024291497977,-0.013483146067415729,0.03787878787878788
Sector neutral,2017-04-30,CAT,-0.024291497975708502,-0.033707865168539325,0.015151515151515152
Sector neutral,2017-04-30,HON,0.024291497975708502,0.033707865168539325,-0.015151515151515152
Sector neutral,2017-04-30,NEE,-0.024291497975708502,0.013483146067415729,0.022727272727272728
Sector neutral,2017-04-30,DUK,0.024291497975708502,-0.013483146067415729,-0.022727272727272728
Sector neutral,2017-05-31,AAPL,0.08365384615384615,0.010112359550561797,0.020270270270270268
Sector neutral,2017-05-31,MSFT,-0.02019230769230769,0.03707865168539325,0.040540540540540536
Sector neutral,2017-05-31,NVDA,-0.11249999999999999,-0.09775280898876404,0.06081081081081081
Sector neutral,2017-05-31,ORCL,0.04903846153846154,0.05056179775280899,-0.12162162162162161
Sector neutral,2017-05-31,AMZN,-0.049999999999999996,-0.0943820224719101,0.03378378378378377
Sector neutral,2017-05-31,HD,0.04230769230769231,-0.013483146067415729,0.0135135135135135
Sector neutral,2017-05-31,MCD,0.007692307692307695,0.10786516853932583,-0.04729729729729731
Sector neutral,2017-05-31,WMT,0.09519230769230769,-0.0741573033707865,-0.04560810810810811
Sector neutral,2017-05-31,COST,-0.07788461538461539,-0.08764044943820225,0.13682432432432431
Sector neutral,2017-05-31,PG,0.02596153846153846,0.0741573033707865,0.015202702702702702
Sector neutral,2017-05-31,KO,-0.04326923076923077,0.08764044943820225,-0.10641891891891891
Sector neutral,2017-05-31,JNJ,0.05769230769230769,0.07191011235955057,0.05405405405405406
Sector neutral,2017-05-31,PFE,-0.011538461538461537,-0.008988764044943812,-0.06756756756756756
Sector neutral,2017-05-31,MRK,-0.04615384615384615,-0.06292134831460673,0.01351351351351352
Sector neutral,2017-05-31,XOM,0.08076923076923076,0.013483146067415729,-0.030405405405405404
Sector neutral,2017-05-31,CVX,-0.08076923076923076,-0.013483146067415729,0.030405405405405404
Sector neutral,2017-05-31,CAT,-0.023076923076923075,-0.033707865168539325,0.040540540540540536
Sector neutral,2017-05-31,HON,0.023076923076923075,0.033707865168539325,-0.040540540540540536
Sector neutral,2017-05-31,NEE,-0.03461538461538461,0.013483146067415729,0.040540540540540536
Sector neutral,2017-05-31,DUK,0.03461538461538461,-0.013483146067415729,-0.040540540540540536
Sector neutral,2017-06-30,AAPL,0.0875,0.006696428571428571,0.05244755244755245
Sector neutral,2017-06-30,MSFT,0.0,0.020089285714285712,0.03146853146853147
Sector neutral,2017-06-30,NVDA,-0.1,-0.07366071428571429,0.07342657342657342
Sector neutral,2017-06-30,ORCL,0.0125,0.046875,-0.15734265734265734
Sector neutral,2017-06-30,AMZN,-0.0625,-0.07589285714285714,0.027972027972027986
Sector neutral,2017-06-30,HD,0.0375,-0.02232142857142856,-0.034965034965034954
Sector neutral,2017-06-30,MCD,0.025,0.09821428571428571,0.006993006993007006
Sector neutral,2017-06-30,WMT,0.096875,-0.05357142857142857,-0.01048951048951049
Sector neutral,2017-06-30,COST,-0.065625,-0.06696428571428571,0.09440559440559441
Sector neutral,2017-06-30,PG,0.021875,0.06696428571428571,-0.03146853146853147
Sector neutral,2017-06-30,KO,-0.053125,0.05357142857142857,-0.05244755244755245
Sector neutral,2017-06-30,JNJ,0.075,0.08035714285714285,0.02797202797202797
Sector neutral,2017-06-30,PFE,-0.0125,-0.013392857142857142,-0.09790209790209792
Sector neutral,2017-06-30,MRK,-0.0625,-0.06696428571428571,0.06993006993006992
Sector neutral,2017-06-30,XOM,0.03125,0.033482142857142856,-0.02097902097902098
Sector neutral,2017-06-30,CVX,-0.03125,-0.033482142857142856,0.02097902097902098
Sector neutral,2017-06-30,CAT,-0.1,-0.05357142857142857,0.02097902097902098
Sector neutral,2017-06-30,HON,0.1,0.05357142857142857,-0.02097902097902098
Sector neutral,2017-06-30,NEE,-0.0125,0.040178571428571425,0.07342657342657342
Sector neutral,2017-06-30,DUK,0.0125,-0.040178571428571425,-0.07342657342657342
Sector neutral,2017-07-31,AAPL,0.10159362549800798,-0.030927835051546396,0.017307692307692305
Sector neutral,2017-07-31,MSFT,-0.017928286852589643,-0.015463917525773198,-0.005769230769230769
Sector neutral,2017-07-31,NVDA,-0.08964143426294821,0.030927835051546396,0.06346153846153846
Sector neutral,2017-07-31,ORCL,0.005976095617529881,0.015463917525773198,-0.075
Sector neutral,2017-07-31,AMZN,-0.08764940239043827,-0.08247422680412374,0.007692307692307706
Sector neutral,2017-07-31,HD,0.0796812749003984,-0.02061855670103094,-0.08461538461538459
Sector neutral,2017-07-31,MCD,0.007968127490039835,0.10309278350515465,0.07692307692307693
Sector neutral,2017-07-31,WMT,0.08665338645418327,-0.054123711340206195,0.023076923076923075
Sector neutral,2017-07-31,COST,-0.044820717131474105,-0.0695876288659794,-0.06923076923076922
Sector neutral,2017-07-31,PG,0.014940239043824704,0.0695876288659794,0.0
Sector neutral,2017-07-31,KO,-0.05677290836653387,0.054123711340206195,0.04615384615384615
Sector neutral,2017-07-31,JNJ,0.07171314741035857,0.08762886597938145,0.04615384615384615
Sector neutral,2017-07-31,PFE,-0.011952191235059762,-0.02061855670103094,-0.11538461538461538
Sector neutral,2017-07-31,MRK,-0.059760956175298814,-0.06701030927835054,0.06923076923076922
Sector neutral,2017-07-31,XOM,0.029880478087649407,0.038659793814433,-0.04615384615384615
Sector neutral,2017-07-31,CVX,-0.029880478087649407,-0.038659793814433,0.04615384615384615
Sector neutral,2017-07-31,CAT,-0.0956175298804781,-0.06185567010309279,0.023076923076923075
Sector neutral,2017-07-31,HON,0.0956175298804781,0.06185567010309279,-0.023076923076923075
Sector neutral,2017-07-31,NEE,-0.005976095617529881,0.038659793814433,0.08076923076923076
Sector neutral,2017-07-31,DUK,0.005976095617529881,-0.038659793814433,-0.08076923076923076
Sector neutral,2017-08-31,AAPL,0.08269961977186313,-0.030927835051546396,0.022388059701492536
Sector neutral,2017-08-31,MSFT,-0.019961977186311788,-0.015463917525773198,0.004477611940298507
Sector neutral,2017-08-31,NVDA,-0.08840304182509506,0.030927835051546396,0.058208955223880594
Sector neutral,2017-08-31,ORCL,0.02566539923954373,0.015463917525773198,-0.08507462686567163
Sector neutral,2017-08-31,AMZN,-0.08745247148288973,-0.08247422680412374,0.023880597014925384
Sector neutral,2017-08-31,HD,0.08365019011406846,-0.02061855670103094,-0.10149253731343282
Sector neutral,2017-08-31,MCD,0.0038022813688213,0.10309278350515465,0.07761194029850747
Sector neutral,2017-08-31,WMT,0.09125475285171103,-0.054123711340206195,0.06716417910447761
Sector neutral,2017-08-31,COST,-0.045627376425855515,-0.0695876288659794,-0.07611940298507462
Sector neutral,2017-08-31,PG,0.011406844106463879,0.0695876288659794,-0.022388059701492536
Sector neutral,2017-08-31,KO,-0.0570342205323194,0.054123711340206195,0.03134328358208955
Sector neutral,2017-08-31,JNJ,0.07604562737642585,0.08762886597938145,0.08955223880597014
Sector neutral,2017-08-31,PFE,-0.01520912547528518,-0.02061855670103094,-0.05373134328358209
Sector neutral,2017-08-31,MRK,-0.0608365019011407,-0.06701030927835054,-0.035820895522388055
Sector neutral,2017-08-31,XOM,0.0285171102661597,0.038659793814433,-0.04477611940298507
Sector neutral,2017-08-31,CVX,-0.0285171102661597,-0.038659793814433,0.04477611940298507
Sector neutral,2017-08-31,CAT,-0.07984790874524715,-0.06185567010309279,0.017910447761194027
Sector neutral,2017-08-31,HON,0.07984790874524715,0.06185567010309279,-0.017910447761194027
Sector neutral,2017-08-31,NEE,-0.017110266159695818,0.038659793814433,0.0626865671641791
Sector neutral,2017-08-31,DUK,0.017110266159695818,-0.038659793814433,-0.0626865671641791
Sector neutral,2017-09-30,AAPL,0.08171206225680935,-0.030927835051546396,0.020270270270270268
Sector neutral,2017-09-30,MSFT,-0.02334630350194553,-0.015463917525773198,0.0
Sector neutral,2017-09-30,NVDA,-0.09338521400778212,0.030927835051546396,0.040540540540540536
Sector neutral,2017-09-30,ORCL,0.03501945525291829,0.015463917525773198,-0.06081081081081081
Sector neutral,2017-09-30,AMZN,-0.06614785992217899,-0.08247422680412374,-0.06756756756756757
Sector neutral,2017-09-30,HD,0.03891050583657589,-0.02061855670103094,-0.04729729729729731
Sector neutral,2017-09-30,MCD,0.027237354085603124,0.10309278350515465,0.11486486486486484
Sector neutral,2017-09-30,WMT,0.09046692607003892,-0.054123711340206195,0.015202702702702702
Sector neutral,2017-09-30,COST,-0.06128404669260701,-0.0695876288659794,-0.04560810810810811
Sector neutral,2017-09-30,PG,0.008754863813229572,0.0695876288659794,-0.025337837837837836
Sector neutral,2017-09-30,KO,-0.03793774319066148,0.054123711340206195,0.05574324324324324
Sector neutral,2017-09-30,JNJ,0.08949416342412451,0.08762886597938145,0.10135135135135134
Sector neutral,2017-09-30,PFE,-0.027237354085603124,-0.02061855670103094,-0.06081081081081081
Sector neutral,2017-09-30,MRK,-0.062256809338521416,-0.06701030927835054,-0.040540540540540536
Sector neutral,2017-09-30,XOM,0.02918287937743191,0.038659793814433,-0.05067567567567567
Sector neutral,2017-09-30,CVX,-0.02918287937743191,-0.038659793814433,0.05067567567567567
Sector neutral,2017-09-30,CAT,-0.08171206225680935,-0.06185567010309279,0.020270270270270268
Sector neutral,2017-09-30,HON,0.08171206225680935,0.06185567010309279,-0.020270270270270268
Sector neutral,2017-09-30,NEE,-0.017509727626459144,0.038659793814433,0.08108108108108107
Sector neutral,2017-09-30,DUK,0.017509727626459144,-0.038659793814433,-0.08108108108108107
Sector neutral,2017-10-31,AAPL,0.0916030534351145,-0.030927835051546396,0.010344827586206896
Sector neutral,2017-10-31,MSFT,-0.04580152671755725,-0.015463917525773198,-0.03103448275862069
Sector neutral,2017-10-31,NVDA,-0.0801526717557252,0.030927835051546396,0.07241379310344827
Sector neutral,2017-10-31,ORCL,0.03435114503816794,0.015463917525773198,-0.05172413793103448
Sector neutral,2017-10-31,AMZN,-0.06870229007633588,-0.08247422680412374,-0.08965517241379312
Sector neutral,2017-10-31,HD,0.04580152671755725,-0.02061855670103094,-0.006896551724137943
Sector neutral,2017-10-31,MCD,0.022900763358778626,0.10309278350515465,0.09655172413793102
Sector neutral,2017-10-31,WMT,0.07156488549618321,-0.054123711340206195,0.02586206896551724
Sector neutral,2017-10-31,COST,-0.05438931297709924,-0.0695876288659794,-0.015517241379310345
Sector neutral,2017-10-31,PG,0.048664122137404585,0.0695876288659794,-0.05689655172413793
Sector neutral,2017-10-31,KO,-0.06583969465648855,0.054123711340206195,0.04655172413793103
Sector neutral,2017-10-31,JNJ,0.05343511450381679,0.08762886597938145,0.06206896551724138
Sector neutral,2017-10-31,PFE,-0.0038167938931297778,-0.02061855670103094,0.020689655172413793
Sector neutral,2017-10-31,MRK,-0.04961832061068703,-0.06701030927835054,-0.08275862068965517
Sector neutral,2017-10-31,XOM,0.022900763358778626,0.038659793814433,-0.08275862068965517
Sector neutral,2017-10-31,CVX,-0.022900763358778626,-0.038659793814433,0.08275862068965517
Sector neutral,2017-10-31,CAT,-0.08587786259541985,-0.06185567010309279,-0.010344827586206896
Sector neutral,2017-10-31,HON,0.08587786259541985,0.06185567010309279,0.010344827586206896
Sector neutral,2017-10-31,NEE,-0.022900763358778626,0.038659793814433,0.07241379310344827
Sector neutral,2017-10-31,DUK,0.022900763358778626,-0.038659793814433,-0.07241379310344827
Sector neutral,2017-11-30,AAPL,0.0872093023255814,-0.030927835051546396,0.01764705882352941
Sector neutral,2017-11-30,MSFT,-0.05232558139534884,-0.015463917525773198,0.03529411764705882
Sector neutral,2017-11-30,NVDA,-0.09883720930232558,0.015463917525773198,0.05294117647058823
Sector neutral,2017-11-30,ORCL,0.06395348837209303,0.030927835051546396,-0.10588235294117646
Sector neutral,2017-11-30,AMZN,-0.06589147286821705,-0.08247422680412374,-0.03529411764705882
Sector neutral,2017-11-30,HD,0.03875968992248063,-0.02061855670103094,-0.05294117647058823
Sector neutral,2017-11-30,MCD,0.02713178294573644,0.10309278350515465,0.08823529411764705
Sector neutral,2017-11-30,WMT,0.07267441860465117,-0.054123711340206195,0.048529411764705876
Sector neutral,2017-11-30,COST,-0.06686046511627906,-0.0695876288659794,-0.039705882352941174
Sector neutral,2017-11-30,PG,0.02616279069767442,0.0695876288659794,-0.022058823529411763
Sector neutral,2017-11-30,KO,-0.03197674418604651,0.054123711340206195,0.013235294117647057
Sector neutral,2017-11-30,JNJ,0.07364341085271318,0.08762886597938145,0.11176470588235293
Sector neutral,2017-11-30,PFE,-0.019379844961240303,-0.02061855670103094,-0.011764705882352946
Sector neutral,2017-11-30,MRK,-0.05426356589147286,-0.06701030927835054,-0.09999999999999999
Sector neutral,2017-11-30,XOM,0.023255813953488372,0.038659793814433,-0.008823529411764706
Sector neutral,2017-11-30,CVX,-0.023255813953488372,-0.038659793814433,0.008823529411764706
Sector neutral,2017-11-30,CAT,-0.06976744186046512,-0.06185567010309279,-0.03529411764705882
Sector neutral,2017-11-30,HON,0.06976744186046512,0.06185567010309279,0.03529411764705882
Sector neutral,2017-11-30,NEE,-0.01744186046511628,0.038659793814433,0.08823529411764705
Sector neutral,2017-11-30,DUK,0.01744186046511628,-0.038659793814433,-0.08823529411764705
Sector neutral,2017-12-31,AAPL,0.07040816326530612,-0.04712041884816753,0.05574324324324325
Sector neutral,2017-12-31,MSFT,-0.015306122448979591,0.031413612565445025,0.03547297297297298
Sector neutral,2017-12-31,NVDA,-0.11326530612244898,0.0,-0.02533783783783784
Sector neutral,2017-12-31,ORCL,0.058163265306122446,0.015706806282722512,-0.06587837837837839
Sector neutral,2017-12-31,AMZN,-0.061224489795918366,-0.07853403141361257,0.006756756756756734
Sector neutral,2017-12-31,HD,0.03673469387755102,-0.015706806282722512,-0.07432432432432436
Sector neutral,2017-12-31,MCD,0.024489795918367346,0.09424083769633507,0.06756756756756754
Sector neutral,2017-12-31,WMT,0.04591836734693877,-0.0706806282722513,0.10135135135135136
Sector neutral,2017-12-31,COST,-0.07653061224489796,-0.08638743455497382,-0.04054054054054054
Sector neutral,2017-12-31,PG,0.08265306122448979,0.11780104712041883,-0.060810810810810814
Sector neutral,2017-12-31,KO,-0.05204081632653061,0.03926701570680628,0.0
Sector neutral,2017-12-31,JNJ,0.0653061224489796,0.06806282722513089,0.08108108108108109
Sector neutral,2017-12-31,PFE,-0.020408163265306114,-0.010471204188481666,0.0
Sector neutral,2017-12-31,MRK,-0.04489795918367346,-0.0575916230366492,-0.08108108108108109
Sector neutral,2017-12-31,XOM,0.024489795918367346,0.03926701570680628,-0.02027027027027027
Sector neutral,2017-12-31,CVX,-0.024489795918367346,-0.03926701570680628,0.02027027027027027
Sector neutral,2017-12-31,CAT,-0.07346938775510203,-0.06282722513089005,-0.030405405405405407
Sector neutral,2017-12-31,HON,0.07346938775510203,0.06282722513089005,0.030405405405405407
Sector neutral,2017-12-31,NEE,-0.01836734693877551,0.031413612565445025,0.10135135135135136
Sector neutral,2017-12-31,DUK,0.01836734693877551,-0.031413612565445025,-0.10135135135135136
Sector neutral,2018-01-31,AAPL,0.0774793388429752,-0.04712041884816753,0.03260869565217391
Sector neutral,2018-01-31,MSFT,-0.009297520661157025,0.031413612565445025,0.048913043478260865
Sector neutral,2018-01-31,NVDA,-0.10847107438016529,0.0,-0.016304347826086956
Sector neutral,2018-01-31,ORCL,0.040289256198347105,0.015706806282722512,-0.06521739130434782
Sector neutral,2018-01-31,AMZN,-0.06198347107438016,-0.07853403141361257,-0.07608695652173912
Sector neutral,2018-01-31,HD,0.0371900826446281,-0.015706806282722512,0.0054347826086956616
Sector neutral,2018-01-31,MCD,0.024793388429752063,0.09424083769633507,0.07065217391304349
Sector neutral,2018-01-31,WMT,0.03099173553719008,-0.0706806282722513,0.13858695652173914
Sector neutral,2018-01-31,COST,-0.06818181818181818,-0.08638743455497382,-0.057065217391304345
Sector neutral,2018-01-31,PG,0.09297520661157024,0.11780104712041883,-0.08967391304347826
Sector neutral,2018-01-31,KO,-0.05578512396694214,0.03926701570680628,0.008152173913043478
Sector neutral,2018-01-31,JNJ,0.07851239669421488,0.06806282722513089,0.08152173913043478
Sector neutral,2018-01-31,PFE,-0.02066115702479338,-0.010471204188481666,0.016304347826086956
Sector neutral,2018-01-31,MRK,-0.057851239669421475,-0.0575916230366492,-0.09782608695652173
Sector neutral,2018-01-31,XOM,0.024793388429752063,0.03926701570680628,-0.016304347826086956
Sector neutral,2018-01-31,CVX,-0.024793388429752063,-0.03926701570680628,0.016304347826086956
Sector neutral,2018-01-31,CAT,-0.06818181818181818,-0.06282722513089005,-0.008152173913043478
Sector neutral,2018-01-31,HON,0.06818181818181818,0.06282722513089005,0.008152173913043478
Sector neutral,2018-01-31,NEE,-0.024793388429752063,0.031413612565445025,0.0733695652173913
Sector neutral,2018-01-31,DUK,0.024793388429752063,-0.031413612565445025,-0.0733695652173913
Sector neutral,2018-02-28,AAPL,0.06445312499999999,-0.04712041884816753,-0.06189320388349514
Sector neutral,2018-02-28,MSFT,-0.017578124999999997,0.031413612565445025,0.0691747572815534
Sector neutral,2018-02-28,NVDA,-0.08789062499999999,0.0,0.0837378640776699
Sector neutral,2018-02-28,ORCL,0.04101562499999999,0.015706806282722512,-0.09101941747572814
Sector neutral,2018-02-28,AMZN,-0.06640624999999999,-0.07853403141361257,0.004854368932038843
Sector neutral,2018-02-28,HD,0.0390625,-0.015706806282722512,-0.024271844660194164
Sector neutral,2018-02-28,MCD,0.027343750000000003,0.09424083769633507,0.01941747572815535
Sector neutral,2018-02-28,WMT,0.06152343749999999,-0.0706806282722513,0.08009708737864077
Sector neutral,2018-02-28,COST,-0.07910156249999999,-0.08638743455497382,-0.050970873786407765
Sector neutral,2018-02-28,PG,0.07324218749999999,0.11780104712041883,-0.06553398058252427
Sector neutral,2018-02-28,KO,-0.05566406249999999,0.03926701570680628,0.03640776699029126
Sector neutral,2018-02-28,JNJ,0.07031249999999999,0.06806282722513089,0.06796116504854369
Sector neutral,2018-02-28,PFE,-0.023437499999999997,-0.010471204188481666,-0.00485436893203883
Sector neutral,2018-02-28,MRK,-0.04687499999999999,-0.0575916230366492,-0.06310679611650484
Sector neutral,2018-02-28,XOM,0.023437499999999997,0.03926701570680628,-0.021844660194174755
Sector neutral,2018-02-28,CVX,-0.023437499999999997,-0.03926701570680628,0.021844660194174755
Sector neutral,2018-02-28,CAT,-0.07031249999999999,-0.06282722513089005,0.03640776699029126
Sector neutral,2018-02-28,HON,0.07031249999999999,0.06282722513089005,-0.03640776699029126
Sector neutral,2018-02-28,NEE,-0.029296874999999997,0.031413612565445025,0.08009708737864077
Sector neutral,2018-02-28,DUK,0.029296874999999997,-0.031413612565445025,-0.08009708737864077
Sector neutral,2018-03-31,AAPL,0.07647058823529412,-0.04712041884816753,-0.043193717277486915
Sector neutral,2018-03-31,MSFT,-0.01764705882352941,0.031413612565445025,0.05104712041884817
Sector neutral,2018-03-31,NVDA,-0.1,0.0,0.0824607329842932
Sector neutral,2018-03-31,ORCL,0.041176470588235294,0.015706806282722512,-0.09031413612565445
Sector neutral,2018-03-31,AMZN,-0.06666666666666667,-0.07853403141361257,0.0680628272251309
Sector neutral,2018-03-31,HD,0.05098039215686275,-0.015706806282722512,-0.010471204188481666
Sector neutral,2018-03-31,MCD,0.01568627450980393,0.09424083769633507,-0.057591623036649206
Sector neutral,2018-03-31,WMT,0.052941176470588235,-0.0706806282722513,0.0824607329842932
Sector neutral,2018-03-31,COST,-0.07647058823529412,-0.08638743455497382,0.03534031413612566
Sector neutral,2018-03-31,PG,0.07647058823529412,0.11780104712041883,-0.10602094240837696
Sector neutral,2018-03-31,KO,-0.052941176470588235,0.03926701570680628,-0.011780104712041885
Sector neutral,2018-03-31,JNJ,0.0627450980392157,0.06806282722513089,0.0
Sector neutral,2018-03-31,PFE,-0.019607843137254895,-0.010471204188481666,0.04712041884816754
Sector neutral,2018-03-31,MRK,-0.04313725490196078,-0.0575916230366492,-0.04712041884816754
Sector neutral,2018-03-31,XOM,0.023529411764705882,0.03926701570680628,-0.015706806282722512
Sector neutral,2018-03-31,CVX,-0.023529411764705882,-0.03926701570680628,0.015706806282722512
Sector neutral,2018-03-31,CAT,-0.07058823529411765,-0.06282722513089005,0.015706806282722512
Sector neutral,2018-03-31,HON,0.07058823529411765,0.06282722513089005,-0.015706806282722512
Sector neutral,2018-03-31,NEE,-0.029411764705882353,0.031413612565445025,0.10209424083769635
Sector neutral,2018-03-31,DUK,0.029411764705882353,-0.031413612565445025,-0.10209424083769635
Sector neutral,2018-04-30,AAPL,0.07653061224489796,-0.04712041884816753,-0.016163793103448277
Sector neutral,2018-04-30,MSFT,-0.02142857142857143,0.031413612565445025,0.04849137931034483
Sector neutral,2018-04-30,NVDA,-0.10714285714285714,0.0,0.07435344827586207
Sector neutral,2018-04-30,ORCL,0.05204081632653061,0.015706806282722512,-0.10668103448275863
Sector neutral,2018-04-30,AMZN,-0.061224489795918366,-0.07853403141361257,0.0560344827586207
Sector neutral,2018-04-30,HD,0.04897959183673469,-0.015706806282722512,-0.008620689655172407
Sector neutral,2018-04-30,MCD,0.012244897959183673,0.09424083769633507,-0.04741379310344827
Sector neutral,2018-04-30,WMT,0.05204081632653061,-0.0706806282722513,0.09375
Sector neutral,2018-04-30,COST,-0.08265306122448979,-0.08638743455497382,0.016163793103448277
Sector neutral,2018-04-30,PG,0.07653061224489796,0.11780104712041883,-0.07435344827586207
Sector neutral,2018-04-30,KO,-0.04591836734693877,0.03926701570680628,-0.03556034482758621
Sector neutral,2018-04-30,JNJ,0.0653061224489796,0.06806282722513089,0.02155172413793104
Sector neutral,2018-04-30,PFE,-0.020408163265306114,-0.010471204188481666,0.03448275862068966
Sector neutral,2018-04-30,MRK,-0.04489795918367346,-0.0575916230366492,-0.05603448275862069
Sector neutral,2018-04-30,XOM,0.024489795918367346,0.03926701570680628,-0.04525862068965517
Sector neutral,2018-04-30,CVX,-0.024489795918367346,-0.03926701570680628,0.04525862068965517
Sector neutral,2018-04-30,CAT,-0.07346938775510203,-0.06282722513089005,0.032327586206896554
Sector neutral,2018-04-30,HON,0.07346938775510203,0.06282722513089005,-0.032327586206896554
Sector neutral,2018-04-30,NEE,-0.01836734693877551,0.031413612565445025,0.07758620689655173
Sector neutral,2018-04-30,DUK,0.01836734693877551,-0.031413612565445025,-0.07758620689655173
Sector neutral,2018-05-31,AAPL,0.07587548638132297,-0.04712041884816753,-0.05297397769516729
Sector neutral,2018-05-31,MSFT,-0.02918287937743191,0.031413612565445025,0.06970260223048327
Sector neutral,2018-05-31,NVDA,-0.08754863813229573,0.0,0.058550185873605956
Sector neutral,2018-05-31,ORCL,0.04085603112840468,0.015706806282722512,-0.07527881040892194
Sector neutral,2018-05-31,AMZN,-0.06614785992217899,-0.07853403141361257,0.06319702602230483
Sector neutral,2018-05-31,HD,0.03891050583657589,-0.015706806282722512,-0.003717472118959115
Sector neutral,2018-05-31,MCD,0.027237354085603124,0.09424083769633507,-0.059479553903345736
Sector neutral,2018-05-31,WMT,0.05836575875486382,-0.0706806282722513,0.03903345724907063
Sector neutral,2018-05-31,COST,-0.08171206225680935,-0.08638743455497382,0.05018587360594796
Sector neutral,2018-05-31,PG,0.07003891050583658,0.11780104712041883,-0.06133828996282528
Sector neutral,2018-05-31,KO,-0.04669260700389106,0.03926701570680628,-0.02788104089219331
Sector neutral,2018-05-31,JNJ,0.07782101167315175,0.06806282722513089,-0.003717472118959105
Sector neutral,2018-05-31,PFE,-0.027237354085603124,-0.010471204188481666,0.06319702602230484
Sector neutral,2018-05-31,MRK,-0.05058365758754865,-0.0575916230366492,-0.05947955390334573
Sector neutral,2018-05-31,XOM,0.02334630350194553,0.03926701570680628,-0.05576208178438662
Sector neutral,2018-05-31,CVX,-0.02334630350194553,-0.03926701570680628,0.05576208178438662
Sector neutral,2018-05-31,CAT,-0.07003891050583658,-0.06282722513089005,0.02788104089219331
Sector neutral,2018-05-31,HON,0.07003891050583658,0.06282722513089005,-0.02788104089219331
Sector neutral,2018-05-31,NEE,-0.017509727626459144,0.031413612565445025,0.07249070631970261
Sector neutral,2018-05-31,DUK,0.017509727626459144,-0.031413612565445025,-0.07249070631970261
Sector neutral,2018-06-30,AAPL,0.046875,-0.044334975369458136,0.00635593220338983
Sector neutral,2018-06-30,MSFT,-0.015625,0.029556650246305424,0.05720338983050847
Sector neutral,2018-06-30,NVDA,-0.065625,0.0,0.04449152542372881
Sector neutral,2018-06-30,ORCL,0.034375,0.014778325123152712,-0.10805084745762711
Sector neutral,2018-06-30,AMZN,-0.08333333333333334,-0.09359605911330052,0.07627118644067796
Sector neutral,2018-06-30,HD,0.029166666666666664,0.024630541871921176,0.0
Sector neutral,2018-06-30,MCD,0.05416666666666666,0.06896551724137931,-0.07627118644067796
Sector neutral,2018-06-30,WMT,0.046875,-0.03694581280788178,0.015889830508474576
Sector neutral,2018-06-30,COST,-0.040625,-0.05172413793103449,0.1048728813559322
Sector neutral,2018-06-30,PG,0.096875,0.11083743842364534,-0.0858050847457627
Sector neutral,2018-06-30,KO,-0.103125,-0.022167487684729068,-0.034957627118644065
Sector neutral,2018-06-30,JNJ,-0.09583333333333333,-0.1182266009852217,-0.03389830508474576
Sector neutral,2018-06-30,PFE,0.12916666666666668,0.1477832512315271,0.055084745762711856
Sector neutral,2018-06-30,MRK,-0.033333333333333326,-0.029556650246305424,-0.021186440677966104
Sector neutral,2018-06-30,XOM,0.0375,0.007389162561576356,-0.03177966101694915
Sector neutral,2018-06-30,CVX,-0.0375,-0.007389162561576356,0.03177966101694915
Sector neutral,2018-06-30,CAT,-0.0125,-0.044334975369458136,0.03813559322033898
Sector neutral,2018-06-30,HON,0.0125,0.044334975369458136,-0.03813559322033898
Sector neutral,2018-06-30,NEE,0.0125,0.05172413793103449,0.06991525423728813
Sector neutral,2018-06-30,DUK,-0.0125,-0.05172413793103449,-0.06991525423728813
Sector neutral,2018-07-31,AAPL,0.048913043478260865,-0.04802955665024631,0.017241379310344827
Sector neutral,2018-07-31,MSFT,-0.02934782608695652,0.011083743842364534,0.06321839080459771
Sector neutral,2018-07-31,NVDA,-0.05543478260869565,0.04064039408866996,0.040229885057471264
Sector neutral,2018-07-31,ORCL,0.035869565217391305,-0.003694581280788178,-0.1206896551724138
Sector neutral,2018-07-31,AMZN,-0.09999999999999999,-0.09359605911330052,0.06130268199233717
Sector neutral,2018-07-31,HD,0.04347826086956522,0.024630541871921176,0.026819923371647517
Sector neutral,2018-07-31,MCD,0.05652173913043479,0.06896551724137931,-0.08812260536398467
Sector neutral,2018-07-31,WMT,0.0,-0.05172413793103449,0.014367816091954023
Sector neutral,2018-07-31,COST,-0.02608695652173913,-0.03694581280788178,0.11781609195402298
Sector neutral,2018-07-31,PG,0.11739130434782608,0.11083743842364534,-0.08908045977011494
Sector neutral,2018-07-31,KO,-0.09130434782608696,-0.022167487684729068,-0.04310344827586207
Sector neutral,2018-07-31,JNJ,-0.09565217391304348,-0.1182266009852217,-0.0421455938697318
Sector neutral,2018-07-31,PFE,0.13913043478260867,0.1477832512315271,0.04980842911877394
Sector neutral,2018-07-31,MRK,-0.04347826086956522,-0.029556650246305424,-0.007662835249042149
Sector neutral,2018-07-31,XOM,0.03913043478260869,0.007389162561576356,-0.028735632183908046
Sector neutral,2018-07-31,CVX,-0.03913043478260869,-0.007389162561576356,0.028735632183908046
Sector neutral,2018-07-31,CAT,-0.006521739130434782,-0.044334975369458136,0.017241379310344827
Sector neutral,2018-07-31,HON,0.006521739130434782,0.044334975369458136,-0.017241379310344827
Sector neutral,2018-07-31,NEE,0.013043478260869565,0.044334975369458136,0.06321839080459771
Sector neutral,2018-07-31,DUK,-0.013043478260869565,-0.044334975369458136,-0.06321839080459771
Sector neutral,2018-08-31,AAPL,0.0375,-0.04802955665024631,0.011450381679389311
Sector neutral,2018-08-31,MSFT,-0.030681818181818178,0.011083743842364534,0.06870229007633587
Sector neutral,2018-08-31,NVDA,-0.057954545454545446,0.04064039408866996,0.034351145038167934
Sector neutral,2018-08-31,ORCL,0.05113636363636363,-0.003694581280788178,-0.11450381679389311
Sector neutral,2018-08-31,AMZN,-0.09545454545454544,-0.09359605911330052,0.07251908396946564
Sector neutral,2018-08-31,HD,0.0409090909090909,0.024630541871921176,0.03816793893129771
Sector neutral,2018-08-31,MCD,0.054545454545454536,0.06896551724137931,-0.11068702290076333
Sector neutral,2018-08-31,WMT,0.0,-0.05172413793103449,0.005725190839694656
Sector neutral,2018-08-31,COST,-0.027272727272727268,-0.03694581280788178,0.10877862595419846
Sector neutral,2018-08-31,PG,0.12272727272727271,0.11083743842364534,-0.08587786259541984
Sector neutral,2018-08-31,KO,-0.09545454545454544,-0.022167487684729068,-0.028625954198473278
Sector neutral,2018-08-31,JNJ,-0.09999999999999999,-0.1182266009852217,-0.045801526717557245
Sector neutral,2018-08-31,PFE,0.14545454545454542,0.1477832512315271,0.06870229007633587
Sector neutral,2018-08-31,MRK,-0.045454545454545456,-0.029556650246305424,-0.022900763358778622
Sector neutral,2018-08-31,XOM,0.027272727272727268,0.007389162561576356,-0.017175572519083967
Sector neutral,2018-08-31,CVX,-0.027272727272727268,-0.007389162561576356,0.017175572519083967
Sector neutral,2018-08-31,CAT,-0.006818181818181817,-0.044334975369458136,-0.011450381679389311
Sector neutral,2018-08-31,HON,0.006818181818181817,0.044334975369458136,0.011450381679389311
Sector neutral,2018-08-31,NEE,0.013636363636363634,0.044334975369458136,0.06297709923664122
Sector neutral,2018-08-31,DUK,-0.013636363636363634,-0.044334975369458136,-0.06297709923664122
Sector neutral,2018-09-30,AAPL,0.038551401869158876,-0.04802955665024631,0.02210526315789474
Sector neutral,2018-09-30,MSFT,-0.03154205607476635,0.011083743842364534,0.060000000000000005
Sector neutral,2018-09-30,NVDA,-0.05957943925233644,0.04064039408866996,0.03473684210526316
Sector neutral,2018-09-30,ORCL,0.05257009345794392,-0.003694581280788178,-0.11684210526315791
Sector neutral,2018-09-30,AMZN,-0.09813084112149531,-0.09359605911330052,0.07578947368421053
Sector neutral,2018-09-30,HD,0.04205607476635514,0.024630541871921176,0.012631578947368423
Sector neutral,2018-09-30,MCD,0.05607476635514018,0.06896551724137931,-0.08842105263157896
Sector neutral,2018-09-30,WMT,0.0,-0.05172413793103449,0.05052631578947369
Sector neutral,2018-09-30,COST,-0.02803738317757009,-0.03694581280788178,0.1136842105263158
Sector neutral,2018-09-30,PG,0.1261682242990654,0.11083743842364534,-0.10105263157894738
Sector neutral,2018-09-30,KO,-0.09813084112149531,-0.022167487684729068,-0.06315789473684211
Sector neutral,2018-09-30,JNJ,-0.102803738317757,-0.1182266009852217,-0.021052631578947364
Sector neutral,2018-09-30,PFE,0.1495327102803738,0.1477832512315271,0.029473684210526326
Sector neutral,2018-09-30,MRK,-0.04672897196261683,-0.029556650246305424,-0.00842105263157894
Sector neutral,2018-09-30,XOM,0.02102803738317757,0.007389162561576356,-0.018947368421052633
Sector neutral,2018-09-30,CVX,-0.02102803738317757,-0.007389162561576356,0.018947368421052633
Sector neutral,2018-09-30,CAT,-0.007009345794392522,-0.044334975369458136,-0.006315789473684211
Sector neutral,2018-09-30,HON,0.007009345794392522,0.044334975369458136,0.006315789473684211
Sector neutral,2018-09-30,NEE,0.007009345794392522,0.044334975369458136,0.07578947368421053
Sector neutral,2018-09-30,DUK,-0.007009345794392522,-0.044334975369458136,-0.07578947368421053
Sector neutral,2018-10-31,AAPL,0.017361111111111112,-0.04802955665024631,0.04368932038834951
Sector neutral,2018-10-31,MSFT,-0.024305555555555556,0.011083743842364534,0.05533980582524271
Sector neutral,2018-10-31,NVDA,-0.052083333333333336,0.04064039408866996,-0.0029126213592233006
Sector neutral,2018-10-31,ORCL,0.059027777777777776,-0.003694581280788178,-0.09611650485436893
Sector neutral,2018-10-31,AMZN,-0.09259259259259259,-0.09359605911330052,0.07766990291262134
Sector neutral,2018-10-31,HD,0.060185185185185196,0.024630541871921176,0.007766990291262128
Sector neutral,2018-10-31,MCD,0.03240740740740741,0.06896551724137931,-0.0854368932038835
Sector neutral,2018-10-31,WMT,0.003472222222222222,-0.05172413793103449,-0.0029126213592233006
Sector neutral,2018-10-31,COST,-0.024305555555555556,-0.03694581280788178,0.12524271844660192
Sector neutral,2018-10-31,PG,0.11458333333333333,0.11083743842364534,-0.07281553398058252
Sector neutral,2018-10-31,KO,-0.09375,-0.022167487684729068,-0.04951456310679611
Sector neutral,2018-10-31,JNJ,-0.10648148148148147,-0.1182266009852217,-0.0970873786407767
Sector neutral,2018-10-31,PFE,0.1574074074074074,0.1477832512315271,0.05436893203883494
Sector neutral,2018-10-31,MRK,-0.050925925925925916,-0.029556650246305424,0.04271844660194173
Sector neutral,2018-10-31,XOM,0.020833333333333332,0.007389162561576356,-0.017475728155339803
Sector neutral,2018-10-31,CVX,-0.020833333333333332,-0.007389162561576356,0.017475728155339803
Sector neutral,2018-10-31,CAT,-0.013888888888888888,-0.044334975369458136,-0.017475728155339803
Sector neutral,2018-10-31,HON,0.013888888888888888,0.044334975369458136,0.017475728155339803
Sector neutral,2018-10-31,NEE,0.020833333333333332,0.044334975369458136,0.058252427184466014
Sector neutral,2018-10-31,DUK,-0.020833333333333332,-0.044334975369458136,-0.058252427184466014
Sector neutral,2018-11-30,AAPL,0.07173913043478261,-0.020881670533642687,0.03341584158415841
Sector neutral,2018-11-30,MSFT,-0.01956521739130435,0.020881670533642687,0.07797029702970296
Sector neutral,2018-11-30,NVDA,-0.006521739130434783,0.04872389791183294,-0.011138613861386136
Sector neutral,2018-11-30,ORCL,-0.045652173913043485,-0.04872389791183294,-0.10024752475247524
Sector neutral,2018-11-30,AMZN,-0.09130434782608697,-0.0928074245939675,0.09900990099009899
Sector neutral,2018-11-30,HD,0.06521739130434784,0.01856148491879351,-0.06435643564356436
Sector neutral,2018-11-30,MCD,0.026086956521739132,0.07424593967517401,-0.034653465346534656
Sector neutral,2018-11-30,WMT,0.022826086956521743,-0.05220417633410672,-0.014851485148514849
Sector neutral,2018-11-30,COST,-0.029347826086956526,-0.0382830626450116,0.07425742574257424
Sector neutral,2018-11-30,PG,0.10108695652173914,0.11484918793503479,-0.07425742574257424
Sector neutral,2018-11-30,KO,-0.09456521739130436,-0.02436194895591647,0.014851485148514849
Sector neutral,2018-11-30,JNJ,-0.1,-0.111368909512761,-0.08910891089108909
Sector neutral,2018-11-30,PFE,0.14782608695652177,0.13921113689095127,0.014851485148514849
Sector neutral,2018-11-30,MRK,-0.04782608695652174,-0.02784222737819025,0.07425742574257424
Sector neutral,2018-11-30,XOM,0.026086956521739132,0.006960556844547563,0.0074257425742574245
Sector neutral,2018-11-30,CVX,-0.026086956521739132,-0.006960556844547563,-0.0074257425742574245
Sector neutral,2018-11-30,CAT,-0.013043478260869566,-0.041763341067285374,-0.0074257425742574245
Sector neutral,2018-11-30,HON,0.013043478260869566,0.041763341067285374,0.0074257425742574245
Sector neutral,2018-11-30,NEE,0.026086956521739132,0.03480278422273782,0.09653465346534652
Sector neutral,2018-11-30,DUK,-0.026086956521739132,-0.03480278422273782,-0.09653465346534652
Sector neutral,2018-12-31,AAPL,0.08551068883610452,0.007334963325183375,0.003926701570680628
Sector neutral,2018-12-31,MSFT,-0.04275534441805226,-0.007334963325183375,0.14528795811518325
Sector neutral,2018-12-31,NVDA,0.014251781472684088,0.051344743276283626,-0.12172774869109948
Sector neutral,2018-12-31,ORCL,-0.05700712589073635,-0.051344743276283626,-0.0274869109947644
Sector neutral,2018-12-31,AMZN,-0.09976247030878861,-0.10757946210268951,0.08900523560209424
Sector neutral,2018-12-31,HD,0.07125890736342044,0.009779951100244492,-0.09947643979057592
Sector neutral,2018-12-31,MCD,0.028503562945368176,0.097799511002445,0.010471204188481666
Sector neutral,2018-12-31,WMT,0.01781472684085511,-0.047677261613691936,-0.07068062827225131
Sector neutral,2018-12-31,COST,0.003562945368171022,-0.03300733496332519,0.07068062827225131
Sector neutral,2018-12-31,PG,0.06057007125890737,0.09902200488997556,-0.03926701570680628
Sector neutral,2018-12-31,KO,-0.0819477434679335,-0.018337408312958436,0.03926701570680628
Sector neutral,2018-12-31,JNJ,-0.10926365795724466,-0.117359413202934,-0.07853403141361257
Sector neutral,2018-12-31,PFE,0.161520190023753,0.1466992665036675,0.015706806282722512
Sector neutral,2018-12-31,MRK,-0.052256532066508314,-0.0293398533007335,0.06282722513089005
Sector neutral,2018-12-31,XOM,0.028503562945368176,0.007334963325183375,-0.007853403141361256
Sector neutral,2018-12-31,CVX,-0.028503562945368176,-0.007334963325183375,0.007853403141361256
Sector neutral,2018-12-31,CAT,-0.014251781472684088,-0.04400977995110025,-0.031413612565445025
Sector neutral,2018-12-31,HON,0.014251781472684088,0.04400977995110025,0.031413612565445025
Sector neutral,2018-12-31,NEE,0.014251781472684088,0.03667481662591687,0.02356020942408377
Sector neutral,2018-12-31,DUK,-0.014251781472684088,-0.03667481662591687,-0.02356020942408377
Sector neutral,2019-01-31,AAPL,0.09154929577464789,0.007334963325183375,0.008823529411764706
Sector neutral,2019-01-31,MSFT,-0.035211267605633804,-0.007334963325183375,0.11470588235294119
Sector neutral,2019-01-31,NVDA,-0.007042253521126761,0.051344743276283626,-0.11470588235294119
Sector neutral,2019-01-31,ORCL,-0.04929577464788732,-0.051344743276283626,-0.008823529411764706
Sector neutral,2019-01-31,AMZN,-0.11267605633802817,-0.10757946210268951,0.06470588235294117
Sector neutral,2019-01-31,HD,0.07042253521126761,0.009779951100244492,-0.09411764705882354
Sector neutral,2019-01-31,MCD,0.04225352112676056,0.097799511002445,0.029411764705882342
Sector neutral,2019-01-31,WMT,0.028169014084507043,-0.047677261613691936,-0.07941176470588236
Sector neutral,2019-01-31,COST,0.0,-0.03300733496332519,0.026470588235294117
Sector neutral,2019-01-31,PG,0.056338028169014086,0.09902200488997556,0.061764705882352944
Sector neutral,2019-01-31,KO,-0.08450704225352113,-0.018337408312958436,-0.008823529411764706
Sector neutral,2019-01-31,JNJ,-0.09859154929577464,-0.117359413202934,-0.12352941176470589
Sector neutral,2019-01-31,PFE,0.15492957746478872,0.1466992665036675,0.03529411764705882
Sector neutral,2019-01-31,MRK,-0.056338028169014086,-0.0293398533007335,0.08823529411764706
Sector neutral,2019-01-31,XOM,0.02112676056338028,0.007334963325183375,-0.026470588235294117
Sector neutral,2019-01-31,CVX,-0.02112676056338028,-0.007334963325183375,0.026470588235294117
Sector neutral,2019-01-31,CAT,-0.014084507042253521,-0.04400977995110025,0.03529411764705882
Sector neutral,2019-01-31,HON,0.014084507042253521,0.04400977995110025,-0.03529411764705882
Sector neutral,2019-01-31,NEE,0.02112676056338028,0.03667481662591687,-0.008823529411764706
Sector neutral,2019-01-31,DUK,-0.02112676056338028,-0.03667481662591687,0.008823529411764706
Sector neutral,2019-02-28,AAPL,0.09246575342465753,0.007334963325183375,-0.05539772727272727
Sector neutral,2019-02-28,MSFT,-0.030821917808219176,-0.007334963325183375,0.14914772727272727
Sector neutral,2019-02-28,NVDA,-0.017123287671232876,0.051344743276283626,-0.10653409090909091
Sector neutral,2019-02-28,ORCL,-0.04452054794520548,-0.051344743276283626,0.01278409090909091
Sector neutral,2019-02-28,AMZN,-0.1050228310502283,-0.10757946210268951,0.011363636363636354
Sector neutral,2019-02-28,HD,0.07305936073059362,0.009779951100244492,-0.07386363636363638
Sector neutral,2019-02-28,MCD,0.03196347031963471,0.097799511002445,0.06249999999999999
Sector neutral,2019-02-28,WMT,0.023972602739726026,-0.047677261613691936,-0.05965909090909091
Sector neutral,2019-02-28,COST,0.010273972602739725,-0.03300733496332519,-0.008522727272727274
Sector neutral,2019-02-28,PG,0.05136986301369863,0.09902200488997556,0.09375
Sector neutral,2019-02-28,KO,-0.08561643835616438,-0.018337408312958436,-0.02556818181818182
Sector neutral,2019-02-28,JNJ,-0.1050228310502283,-0.117359413202934,-0.11931818181818182
Sector neutral,2019-02-28,PFE,0.15525114155251143,0.1466992665036675,0.017045454545454548
Sector neutral,2019-02-28,MRK,-0.050228310502283095,-0.0293398533007335,0.10227272727272728
Sector neutral,2019-02-28,XOM,0.0273972602739726,0.007334963325183375,-0.034090909090909095
Sector neutral,2019-02-28,CVX,-0.0273972602739726,-0.007334963325183375,0.034090909090909095
Sector neutral,2019-02-28,CAT,-0.0136986301369863,-0.04400977995110025,-0.008522727272727274
Sector neutral,2019-02-28,HON,0.0136986301369863,0.04400977995110025,0.008522727272727274
Sector neutral,2019-02-28,NEE,0.02054794520547945,0.03667481662591687,0.008522727272727274
Sector neutral,2019-02-28,DUK,-0.02054794520547945,-0.03667481662591687,-0.008522727272727274
Sector neutral,2019-03-31,AAPL,0.11073825503355705,0.007334963325183375,-0.0784090909090909
Sector neutral,2019-03-31,MSFT,-0.03691275167785235,-0.007334963325183375,0.12613636363636363
Sector neutral,2019-03-31,NVDA,-0.02348993288590604,0.051344743276283626,-0.10568181818181817
Sector neutral,2019-03-31,ORCL,-0.050335570469798654,-0.051344743276283626,0.057954545454545446
Sector neutral,2019-03-31,AMZN,-0.10738255033557047,-0.10757946210268951,0.009090909090909082
Sector neutral,2019-03-31,HD,0.08053691275167785,0.009779951100244492,-0.07272727272727272
Sector neutral,2019-03-31,MCD,0.026845637583892617,0.097799511002445,0.06363636363636362
Sector neutral,2019-03-31,WMT,0.03355704697986577,-0.047677261613691936,-0.010227272727272725
Sector neutral,2019-03-31,COST,0.006711409395973154,-0.03300733496332519,0.0034090909090909085
Sector neutral,2019-03-31,PG,0.04697986577181208,0.09902200488997556,0.09886363636363635
Sector neutral,2019-03-31,KO,-0.087248322147651,-0.018337408312958436,-0.09204545454545453
Sector neutral,2019-03-31,JNJ,-0.09395973154362416,-0.117359413202934,-0.08636363636363636
Sector neutral,2019-03-31,PFE,0.1476510067114094,0.1466992665036675,0.022727272727272717
Sector neutral,2019-03-31,MRK,-0.053691275167785234,-0.0293398533007335,0.06363636363636362
Sector neutral,2019-03-31,XOM,0.020134228187919462,0.007334963325183375,-0.006818181818181817
Sector neutral,2019-03-31,CVX,-0.020134228187919462,-0.007334963325183375,0.006818181818181817
Sector neutral,2019-03-31,CAT,-0.013422818791946308,-0.04400977995110025,-0.0409090909090909
Sector neutral,2019-03-31,HON,0.013422818791946308,0.04400977995110025,0.0409090909090909
Sector neutral,2019-03-31,NEE,0.013422818791946308,0.03667481662591687,0.006818181818181817
Sector neutral,2019-03-31,DUK,-0.013422818791946308,-0.03667481662591687,-0.006818181818181817
Sector neutral,2019-04-30,AAPL,0.11565420560747662,0.007334963325183375,-0.0033783783783783786
Sector neutral,2019-04-30,MSFT,-0.05257009345794392,-0.007334963325183375,0.0777027027027027
Sector neutral,2019-04-30,NVDA,-0.024532710280373828,0.051344743276283626,-0.125
Sector neutral,2019-04-30,ORCL,-0.038551401869158876,-0.051344743276283626,0.05067567567567568
Sector neutral,2019-04-30,AMZN,-0.11214953271028036,-0.10757946210268951,-0.04054054054054054
Sector neutral,2019-04-30,HD,0.07009345794392523,0.009779951100244492,-0.06756756756756757
Sector neutral,2019-04-30,MCD,0.04205607476635514,0.097799511002445,0.10810810810810811
Sector neutral,2019-04-30,WMT,0.024532710280373828,-0.047677261613691936,-0.037162162162162164
Sector neutral,2019-04-30,COST,0.010514018691588784,-0.03300733496332519,0.016891891891891893
Sector neutral,2019-04-30,PG,0.05257009345794392,0.09902200488997556,0.08445945945945946
Sector neutral,2019-04-30,KO,-0.08761682242990652,-0.018337408312958436,-0.06418918918918919
Sector neutral,2019-04-30,JNJ,-0.102803738317757,-0.117359413202934,-0.06756756756756757
Sector neutral,2019-04-30,PFE,0.1495327102803738,0.1466992665036675,-0.013513513513513514
Sector neutral,2019-04-30,MRK,-0.04672897196261683,-0.0293398533007335,0.08108108108108109
Sector neutral,2019-04-30,XOM,0.014018691588785045,0.007334963325183375,0.013513513513513514
Sector neutral,2019-04-30,CVX,-0.014018691588785045,-0.007334963325183375,-0.013513513513513514
Sector neutral,2019-04-30,CAT,-0.007009345794392522,-0.04400977995110025,-0.033783783783783786
Sector neutral,2019-04-30,HON,0.007009345794392522,0.04400977995110025,0.033783783783783786
Sector neutral,2019-04-30,NEE,0.014018691588785045,0.03667481662591687,0.033783783783783786
Sector neutral,2019-04-30,DUK,-0.014018691588785045,-0.03667481662591687,-0.033783783783783786
Sector neutral,2019-05-31,AAPL,0.10613207547169813,0.007334963325183375,-0.03237410071942446
Sector neutral,2019-05-31,MSFT,-0.06367924528301888,-0.007334963325183375,0.12589928057553956
Sector neutral,2019-05-31,NVDA,0.007075471698113209,0.051344743276283626,-0.10431654676258993
Sector neutral,2019-05-31,ORCL,-0.04952830188679246,-0.051344743276283626,0.01079136690647482
Sector neutral,2019-05-31,AMZN,-0.1037735849056604,-0.10757946210268951,-0.04316546762589928
Sector neutral,2019-05-31,HD,0.08018867924528301,0.009779951100244492,-0.07194244604316546
Sector neutral,2019-05-31,MCD,0.023584905660377353,0.097799511002445,0.11510791366906475
Sector neutral,2019-05-31,WMT,0.028301886792452834,-0.047677261613691936,-0.0035971223021582736
Sector neutral,2019-05-31,COST,0.0,-0.03300733496332519,-0.017985611510791366
Sector neutral,2019-05-31,PG,0.05660377358490567,0.09902200488997556,0.08273381294964029
Sector neutral,2019-05-31,KO,-0.0849056603773585,-0.018337408312958436,-0.06115107913669065
Sector neutral,2019-05-31,JNJ,-0.09905660377358493,-0.117359413202934,-0.014388489208633094
Sector neutral,2019-05-31,PFE,0.1556603773584906,0.1466992665036675,-0.07194244604316546
Sector neutral,2019-05-31,MRK,-0.05660377358490567,-0.0293398533007335,0.08633093525179857
Sector neutral,2019-05-31,XOM,0.021226415094339625,0.007334963325183375,0.007194244604316547
Sector neutral,2019-05-31,CVX,-0.021226415094339625,-0.007334963325183375,-0.007194244604316547
Sector neutral,2019-05-31,CAT,-0.014150943396226417,-0.04400977995110025,-0.06474820143884892
Sector neutral,2019-05-31,HON,0.014150943396226417,0.04400977995110025,0.06474820143884892
Sector neutral,2019-05-31,NEE,0.007075471698113209,0.03667481662591687,-0.007194244604316547
Sector neutral,2019-05-31,DUK,-0.007075471698113209,-0.03667481662591687,0.007194244604316547
Sector neutral,2019-06-30,AAPL,0.156,0.04216867469879518,-0.047999999999999994
Sector neutral,2019-06-30,MSFT,-0.084,-0.018072289156626505,0.08399999999999999
Sector neutral,2019-06-30,NVDA,-0.004,0.06626506024096386,-0.09599999999999999
Sector neutral,2019-06-30,ORCL,-0.068,-0.09036144578313253,0.05999999999999999
Sector neutral,2019-06-30,AMZN,-0.10133333333333333,-0.0682730923694779,-0.047999999999999994
Sector neutral,2019-06-30,HD,0.04266666666666667,-0.04417670682730923,-0.05999999999999999
Sector neutral,2019-06-30,MCD,0.05866666666666667,0.11244979919678716,0.10799999999999998
Sector neutral,2019-06-30,WMT,0.024,-0.07228915662650602,0.014999999999999998
Sector neutral,2019-06-30,COST,-0.04,-0.060240963855421686,-0.056999999999999995
Sector neutral,2019-06-30,PG,0.04,0.03614457831325301,0.06299999999999999
Sector neutral,2019-06-30,KO,-0.024,0.0963855421686747,-0.020999999999999998
Sector neutral,2019-06-30,JNJ,0.021333333333333343,0.00401606425702812,-0.052000000000000005
Sector neutral,2019-06-30,PFE,0.053333333333333344,0.028112449799196793,-0.016000000000000004
Sector neutral,2019-06-30,MRK,-0.07466666666666666,-0.03212851405622489,0.06799999999999999
Sector neutral,2019-06-30,XOM,0.016,-0.018072289156626505,-0.005999999999999999
Sector neutral,2019-06-30,CVX,-0.016,0.018072289156626505,0.005999999999999999
Sector neutral,2019-06-30,CAT,0.04,-0.024096385542168676,-0.05399999999999999
Sector neutral,2019-06-30,HON,-0.04,0.024096385542168676,0.05399999999999999
Sector neutral,2019-06-30,NEE,0.048,0.07228915662650602,0.041999999999999996
Sector neutral,2019-06-30,DUK,-0.048,-0.07228915662650602,-0.041999999999999996
Sector neutral,2019-07-31,AAPL,0.13826815642458098,0.04591836734693877,-0.04666666666666667
Sector neutral,2019-07-31,MSFT,-0.09636871508379888,-0.015306122448979591,0.08666666666666667
Sector neutral,2019-07-31,NVDA,0.037709497206703906,0.07040816326530612,-0.1
Sector neutral,2019-07-31,ORCL,-0.07960893854748603,-0.1010204081632653,0.06
Sector neutral,2019-07-31,AMZN,-0.11173184357541899,-0.07755102040816327,-0.06666666666666667
Sector neutral,2019-07-31,HD,0.08938547486033518,-0.028571428571428577,-0.05333333333333334
Sector neutral,2019-07-31,MCD,0.022346368715083793,0.10612244897959182,0.12
Sector neutral,2019-07-31,WMT,-0.029329608938547483,-0.07346938775510203,0.016666666666666666
Sector neutral,2019-07-31,COST,-0.012569832402234636,-0.061224489795918366,-0.01
Sector neutral,2019-07-31,PG,0.037709497206703906,0.03673469387755102,0.056666666666666664
Sector neutral,2019-07-31,KO,0.004189944134078212,0.09795918367346938,-0.06333333333333334
Sector neutral,2019-07-31,JNJ,0.0055865921787709594,0.004081632653061232,-0.05333333333333334
Sector neutral,2019-07-31,PFE,0.0558659217877095,0.028571428571428577,-0.013333333333333334
Sector neutral,2019-07-31,MRK,-0.06145251396648043,-0.032653061224489785,0.06666666666666667
Sector neutral,2019-07-31,XOM,0.008379888268156424,-0.012244897959183673,-0.013333333333333334
Sector neutral,2019-07-31,CVX,-0.008379888268156424,0.012244897959183673,0.013333333333333334
Sector neutral,2019-07-31,CAT,0.04189944134078212,-0.024489795918367346,-0.04
Sector neutral,2019-07-31,HON,-0.04189944134078212,0.024489795918367346,0.04
Sector neutral,2019-07-31,NEE,0.058659217877094966,0.07346938775510203,0.04
Sector neutral,2019-07-31,DUK,-0.058659217877094966,-0.07346938775510203,-0.04
Sector neutral,2019-08-31,AAPL,0.13904494382022473,0.04591836734693877,-0.061764705882352944
Sector neutral,2019-08-31,MSFT,-0.09691011235955058,-0.015306122448979591,0.07941176470588235
Sector neutral,2019-08-31,NVDA,0.037921348314606744,0.07040816326530612,-0.08529411764705883
Sector neutral,2019-08-31,ORCL,-0.0800561797752809,-0.1010204081632653,0.06764705882352941
Sector neutral,2019-08-31,AMZN,-0.11235955056179776,-0.07755102040816327,-0.06666666666666667
Sector neutral,2019-08-31,HD,0.0898876404494382,-0.028571428571428577,-0.031372549019607836
Sector neutral,2019-08-31,MCD,0.022471910112359546,0.10612244897959182,0.09803921568627452
Sector neutral,2019-08-31,WMT,-0.029494382022471913,-0.07346938775510203,-0.023529411764705882
Sector neutral,2019-08-31,COST,-0.012640449438202249,-0.061224489795918366,-0.03529411764705882
Sector neutral,2019-08-31,PG,0.037921348314606744,0.03673469387755102,0.047058823529411764
Sector neutral,2019-08-31,KO,0.0042134831460674165,0.09795918367346938,0.011764705882352941
Sector neutral,2019-08-31,JNJ,0.016853932584269666,0.004081632653061232,-0.02745098039215687
Sector neutral,2019-08-31,PFE,0.050561797752808994,0.028571428571428577,-0.0627450980392157
Sector neutral,2019-08-31,MRK,-0.06741573033707866,-0.032653061224489785,0.09019607843137255
Sector neutral,2019-08-31,XOM,0.008426966292134833,-0.012244897959183673,-0.03529411764705882
Sector neutral,2019-08-31,CVX,-0.008426966292134833,0.012244897959183673,0.03529411764705882
Sector neutral,2019-08-31,CAT,0.04213483146067416,-0.024489795918367346,-0.029411764705882353
Sector neutral,2019-08-31,HON,-0.04213483146067416,0.024489795918367346,0.029411764705882353
Sector neutral,2019-08-31,NEE,0.050561797752808994,0.07346938775510203,0.041176470588235294
Sector neutral,2019-08-31,DUK,-0.050561797752808994,-0.07346938775510203,-0.041176470588235294
Sector neutral,2019-09-30,AAPL,0.13904494382022473,0.04591836734693877,-0.0169971671388102
Sector neutral,2019-09-30,MSFT,-0.09691011235955058,-0.015306122448979591,0.0679886685552408
Sector neutral,2019-09-30,NVDA,0.037921348314606744,0.07040816326530612,-0.08498583569405099
Sector neutral,2019-09-30,ORCL,-0.0800561797752809,-0.1010204081632653,0.0339943342776204
Sector neutral,2019-09-30,AMZN,-0.11235955056179776,-0.07755102040816327,-0.09631728045325778
Sector neutral,2019-09-30,HD,0.0898876404494382,-0.028571428571428577,-0.011331444759206789
Sector neutral,2019-09-30,MCD,0.022471910112359546,0.10612244897959182,0.1076487252124646
Sector neutral,2019-09-30,WMT,-0.029494382022471913,-0.07346938775510203,-0.00424929178470255
Sector neutral,2019-09-30,COST,-0.012640449438202249,-0.061224489795918366,-0.03824362606232295
Sector neutral,2019-09-30,PG,0.037921348314606744,0.03673469387755102,0.06373937677053824
Sector neutral,2019-09-30,KO,0.0042134831460674165,0.09795918367346938,-0.021246458923512748
Sector neutral,2019-09-30,JNJ,0.016853932584269666,0.004081632653061232,-0.028328611898017005
Sector neutral,2019-09-30,PFE,0.050561797752808994,0.028571428571428577,-0.0793201133144476
Sector neutral,2019-09-30,MRK,-0.06741573033707866,-0.032653061224489785,0.10764872521246459
Sector neutral,2019-09-30,XOM,0.008426966292134833,-0.012244897959183673,-0.059490084985835696
Sector neutral,2019-09-30,CVX,-0.008426966292134833,0.012244897959183673,0.059490084985835696
Sector neutral,2019-09-30,CAT,0.04213483146067416,-0.024489795918367346,-0.042492917847025496
Sector neutral,2019-09-30,HON,-0.04213483146067416,0.024489795918367346,0.042492917847025496
Sector neutral,2019-09-30,NEE,0.050561797752808994,0.07346938775510203,0.0169971671388102
Sector neutral,2019-09-30,DUK,-0.050561797752808994,-0.07346938775510203,-0.0169971671388102
Sector neutral,2019-10-31,AAPL,0.12352941176470589,0.04591836734693877,-0.05172413793103448
Sector neutral,2019-10-31,MSFT,-0.08823529411764706,-0.015306122448979591,0.10344827586206896
Sector neutral,2019-10-31,NVDA,0.03529411764705882,0.07040816326530612,-0.06896551724137931
Sector neutral,2019-10-31,ORCL,-0.07058823529411765,-0.1010204081632653,0.017241379310344827
Sector neutral,2019-10-31,AMZN,-0.12352941176470589,-0.07755102040816327,-0.11494252873563217
Sector neutral,2019-10-31,HD,0.08823529411764706,-0.028571428571428577,0.07471264367816093
Sector neutral,2019-10-31,MCD,0.03529411764705882,0.10612244897959182,0.04022988505747128
Sector neutral,2019-10-31,WMT,-0.030882352941176472,-0.07346938775510203,-0.05172413793103448
Sector neutral,2019-10-31,COST,-0.013235294117647059,-0.061224489795918366,0.017241379310344827
Sector neutral,2019-10-31,PG,0.03970588235294118,0.03673469387755102,0.06896551724137931
Sector neutral,2019-10-31,KO,0.004411764705882353,0.09795918367346938,-0.034482758620689655
Sector neutral,2019-10-31,JNJ,0.01176470588235293,0.004081632653061232,-0.028735632183908053
Sector neutral,2019-10-31,PFE,0.06470588235294117,0.028571428571428577,-0.06321839080459771
Sector neutral,2019-10-31,MRK,-0.07647058823529414,-0.032653061224489785,0.09195402298850575
Sector neutral,2019-10-31,XOM,0.008823529411764706,-0.012244897959183673,-0.04310344827586207
Sector neutral,2019-10-31,CVX,-0.008823529411764706,0.012244897959183673,0.04310344827586207
Sector neutral,2019-10-31,CAT,0.03529411764705882,-0.024489795918367346,-0.02586206896551724
Sector neutral,2019-10-31,HON,-0.03529411764705882,0.024489795918367346,0.02586206896551724
Sector neutral,2019-10-31,NEE,0.052941176470588235,0.07346938775510203,0.017241379310344827
Sector neutral,2019-10-31,DUK,-0.052941176470588235,-0.07346938775510203,-0.017241379310344827
Sector neutral,2019-11-30,AAPL,0.057352941176470586,0.0,0.05526315789473684
Sector neutral,2019-11-30,MSFT,-0.13676470588235293,-0.07142857142857142,0.039473684210526314
Sector neutral,2019-11-30,NVDA,-0.03088235294117647,0.04285714285714286,-0.05526315789473684
Sector neutral,2019-11-30,ORCL,0.11029411764705882,0.02857142857142857,-0.039473684210526314
Sector neutral,2019-11-30,AMZN,-0.11176470588235293,-0.08095238095238094,-0.036842105263157905
Sector neutral,2019-11-30,HD,0.08235294117647059,-0.038095238095238085,0.10526315789473682
Sector neutral,2019-11-30,MCD,0.029411764705882356,0.11904761904761905,-0.06842105263157895
Sector neutral,2019-11-30,WMT,-0.03088235294117647,-0.07857142857142857,-0.003947368421052632
Sector neutral,2019-11-30,COST,-0.013235294117647057,-0.06428571428571428,0.011842105263157895
Sector neutral,2019-11-30,PG,0.039705882352941174,0.03571428571428571,0.075
Sector neutral,2019-11-30,KO,0.004411764705882353,0.10714285714285714,-0.08289473684210526
Sector neutral,2019-11-30,JNJ,0.0,0.00476190476190477,-0.015789473684210527
Sector neutral,2019-11-30,PFE,0.07058823529411765,0.03333333333333334,-0.04736842105263158
Sector neutral,2019-11-30,MRK,-0.07058823529411765,-0.038095238095238085,0.06315789473684211
Sector neutral,2019-11-30,XOM,0.008823529411764706,-0.007142857142857143,-0.015789473684210527
Sector neutral,2019-11-30,CVX,-0.008823529411764706,0.007142857142857143,0.015789473684210527
Sector neutral,2019-11-30,CAT,0.044117647058823525,-0.02857142857142857,-0.05526315789473684
Sector neutral,2019-11-30,HON,-0.044117647058823525,0.02857142857142857,0.05526315789473684
Sector neutral,2019-11-30,NEE,0.05294117647058823,0.09285714285714286,0.07894736842105263
Sector neutral,2019-11-30,DUK,-0.05294117647058823,-0.09285714285714286,-0.07894736842105263
Sector neutral,2019-12-31,AAPL,0.01935483870967742,-0.041158536585365856,0.06666666666666667
Sector neutral,2019-12-31,MSFT,-0.05806451612903226,0.013719512195121951,0.05
Sector neutral,2019-12-31,NVDA,-0.07741935483870968,0.03201219512195122,-0.05
Sector neutral,2019-12-31,ORCL,0.11612903225806452,-0.004573170731707318,-0.06666666666666667
Sector neutral,2019-12-31,AMZN,-0.13548387096774195,-0.10365853658536585,0.005555555555555565
Sector neutral,2019-12-31,HD,0.09677419354838711,-0.03048780487804877,0.022222222222222233
Sector neutral,2019-12-31,MCD,0.03870967741935484,0.13414634146341464,-0.02777777777777777
Sector neutral,2019-12-31,WMT,-0.00967741935483871,-0.07317073170731708,-0.004166666666666667
Sector neutral,2019-12-31,COST,0.00967741935483871,-0.054878048780487805,0.0625
Sector neutral,2019-12-31,PG,-0.02903225806451613,-0.01829268292682927,0.029166666666666667
Sector neutral,2019-12-31,KO,0.02903225806451613,0.14634146341463417,-0.0875
Sector neutral,2019-12-31,JNJ,-0.012903225806451602,0.0,0.011111111111111117
Sector neutral,2019-12-31,PFE,0.0838709677419355,0.03658536585365854,-0.05555555555555555
Sector neutral,2019-12-31,MRK,-0.07096774193548386,-0.03658536585365854,0.044444444444444446
Sector neutral,2019-12-31,XOM,0.00967741935483871,-0.009146341463414635,-0.016666666666666666
Sector neutral,2019-12-31,CVX,-0.00967741935483871,0.009146341463414635,0.016666666666666666
Sector neutral,2019-12-31,CAT,0.048387096774193554,-0.01829268292682927,-0.075
Sector neutral,2019-12-31,HON,-0.048387096774193554,0.01829268292682927,0.075
Sector neutral,2019-12-31,NEE,0.048387096774193554,0.10975609756097561,0.11666666666666667
Sector neutral,2019-12-31,DUK,-0.048387096774193554,-0.10975609756097561,-0.11666666666666667
Sector neutral,2020-01-31,AAPL,0.025510204081632654,-0.041158536585365856,0.08396946564885496
Sector neutral,2020-01-31,MSFT,-0.05612244897959184,0.013719512195121951,0.06870229007633588
Sector neutral,2020-01-31,NVDA,-0.09693877551020408,0.03201219512195122,-0.007633587786259542
Sector neutral,2020-01-31,ORCL,0.12755102040816327,-0.004573170731707318,-0.1450381679389313
Sector neutral,2020-01-31,AMZN,-0.1360544217687075,-0.10365853658536585,-0.030534351145038167
Sector neutral,2020-01-31,HD,0.10884353741496598,-0.03048780487804877,0.0
Sector neutral,2020-01-31,MCD,0.027210884353741492,0.13414634146341464,0.030534351145038167
Sector neutral,2020-01-31,WMT,-0.01020408163265306,-0.07317073170731708,0.026717557251908396
Sector neutral,2020-01-31,COST,0.01020408163265306,-0.054878048780487805,0.04198473282442748
Sector neutral,2020-01-31,PG,-0.030612244897959183,-0.01829268292682927,0.011450381679389313
Sector neutral,2020-01-31,KO,0.030612244897959183,0.14634146341463417,-0.08015267175572519
Sector neutral,2020-01-31,JNJ,-0.013605442176870736,0.0,0.0
Sector neutral,2020-01-31,PFE,0.08843537414965988,0.03658536585365854,-0.07633587786259542
Sector neutral,2020-01-31,MRK,-0.0748299319727891,-0.03658536585365854,0.07633587786259542
Sector neutral,2020-01-31,XOM,0.01020408163265306,-0.009146341463414635,-0.007633587786259542
Sector neutral,2020-01-31,CVX,-0.01020408163265306,0.009146341463414635,0.007633587786259542
Sector neutral,2020-01-31,CAT,0.04081632653061224,-0.01829268292682927,-0.04580152671755725
Sector neutral,2020-01-31,HON,-0.04081632653061224,0.01829268292682927,0.04580152671755725
Sector neutral,2020-01-31,NEE,0.030612244897959183,0.10975609756097561,0.10687022900763359
Sector neutral,2020-01-31,DUK,-0.030612244897959183,-0.10975609756097561,-0.10687022900763359
Sector neutral,2020-02-29,AAPL,0.03571428571428571,-0.041158536585365856,0.115
Sector neutral,2020-02-29,MSFT,-0.05357142857142857,0.013719512195121951,0.075
Sector neutral,2020-02-29,NVDA,-0.10714285714285714,0.03201219512195122,-0.005
Sector neutral,2020-02-29,ORCL,0.125,-0.004573170731707318,-0.185
Sector neutral,2020-02-29,AMZN,-0.11904761904761905,-0.10365853658536585,-0.02
Sector neutral,2020-02-29,HD,0.09523809523809523,-0.03048780487804877,0.02
Sector neutral,2020-02-29,MCD,0.023809523809523805,0.13414634146341464,0.0
Sector neutral,2020-02-29,WMT,-0.017857142857142856,-0.07317073170731708,-0.045
Sector neutral,2020-02-29,COST,0.03571428571428571,-0.054878048780487805,0.035
Sector neutral,2020-02-29,PG,-0.03571428571428571,-0.01829268292682927,-0.005
Sector neutral,2020-02-29,KO,0.017857142857142856,0.14634146341463417,0.015
Sector neutral,2020-02-29,JNJ,-0.011904761904761894,0.0,0.04
Sector neutral,2020-02-29,PFE,0.0773809523809524,0.03658536585365854,-0.06
Sector neutral,2020-02-29,MRK,-0.06547619047619047,-0.03658536585365854,0.02
Sector neutral,2020-02-29,XOM,0.017857142857142856,-0.009146341463414635,-0.02
Sector neutral,2020-02-29,CVX,-0.017857142857142856,0.009146341463414635,0.02
Sector neutral,2020-02-29,CAT,0.03571428571428571,-0.01829268292682927,-0.05
Sector neutral,2020-02-29,HON,-0.03571428571428571,0.01829268292682927,0.05
Sector neutral,2020-02-29,NEE,0.03571428571428571,0.10975609756097561,0.11
Sector neutral,2020-02-29,DUK,-0.03571428571428571,-0.10975609756097561,-0.11
Sector neutral,2020-03-31,AAPL,0.03571428571428571,-0.041158536585365856,0.07839721254355402
Sector neutral,2020-03-31,MSFT,-0.05357142857142857,0.013719512195121951,0.09930313588850175
Sector neutral,2020-03-31,NVDA,-0.10714285714285714,0.03201219512195122,0.05749128919860628
Sector neutral,2020-03-31,ORCL,0.125,-0.004573170731707318,-0.23519163763066203
Sector neutral,2020-03-31,AMZN,-0.125,-0.10365853658536585,0.0
Sector neutral,2020-03-31,HD,0.08928571428571429,-0.03048780487804877,0.020905923344947737
Sector neutral,2020-03-31,MCD,0.03571428571428571,0.13414634146341464,-0.020905923344947737
Sector neutral,2020-03-31,WMT,-0.026785714285714284,-0.07317073170731708,0.010452961672473868
Sector neutral,2020-03-31,COST,0.008928571428571428,-0.054878048780487805,0.03135888501742161
Sector neutral,2020-03-31,PG,-0.044642857142857144,-0.01829268292682927,-0.03135888501742161
Sector neutral,2020-03-31,KO,0.0625,0.14634146341463417,-0.010452961672473868
Sector neutral,2020-03-31,JNJ,-0.017857142857142856,0.0,0.04878048780487805
Sector neutral,2020-03-31,PFE,0.08928571428571429,0.03658536585365854,-0.05574912891986064
Sector neutral,2020-03-31,MRK,-0.07142857142857142,-0.03658536585365854,0.006968641114982573
Sector neutral,2020-03-31,XOM,0.008928571428571428,-0.009146341463414635,-0.020905923344947737
Sector neutral,2020-03-31,CVX,-0.008928571428571428,0.009146341463414635,0.020905923344947737
Sector neutral,2020-03-31,CAT,0.017857142857142856,-0.01829268292682927,-0.03135888501742161
Sector neutral,2020-03-31,HON,-0.017857142857142856,0.01829268292682927,0.03135888501742161
Sector neutral,2020-03-31,NEE,0.026785714285714284,0.10975609756097561,0.09407665505226481
Sector neutral,2020-03-31,DUK,-0.026785714285714284,-0.10975609756097561,-0.09407665505226481
Sector neutral,2020-04-30,AAPL,0.032407407407407406,-0.041158536585365856,0.043973941368078175
Sector neutral,2020-04-30,MSFT,-0.06018518518518518,0.013719512195121951,0.024429967426710098
Sector neutral,2020-04-30,NVDA,-0.09722222222222222,0.03201219512195122,0.08306188925081434
Sector neutral,2020-04-30,ORCL,0.125,-0.004573170731707318,-0.15146579804560262
Sector neutral,2020-04-30,AMZN,-0.12962962962962962,-0.10365853658536585,0.0521172638436482
Sector neutral,2020-04-30,HD,0.09259259259259259,-0.03048780487804877,0.03257328990228012
Sector neutral,2020-04-30,MCD,0.037037037037037035,0.13414634146341464,-0.08469055374592835
Sector neutral,2020-04-30,WMT,-0.027777777777777776,-0.07317073170731708,0.01465798045602606
Sector neutral,2020-04-30,COST,0.009259259259259259,-0.054878048780487805,0.09283387622149837
Sector neutral,2020-04-30,PG,-0.046296296296296294,-0.01829268292682927,-0.00488599348534202
Sector neutral,2020-04-30,KO,0.06481481481481481,0.14634146341463417,-0.10260586319218241
Sector neutral,2020-04-30,JNJ,-0.018518518518518517,0.0,0.0
Sector neutral,2020-04-30,PFE,0.07407407407407407,0.03658536585365854,-0.07817589576547232
Sector neutral,2020-04-30,MRK,-0.05555555555555555,-0.03658536585365854,0.07817589576547232
Sector neutral,2020-04-30,XOM,0.018518518518518517,-0.009146341463414635,-0.00977198697068404
Sector neutral,2020-04-30,CVX,-0.018518518518518517,0.009146341463414635,0.00977198697068404
Sector neutral,2020-04-30,CAT,0.018518518518518517,-0.01829268292682927,-0.00977198697068404
Sector neutral,2020-04-30,HON,-0.018518518518518517,0.01829268292682927,0.00977198697068404
Sector neutral,2020-04-30,NEE,0.027777777777777776,0.10975609756097561,0.05863192182410424
Sector neutral,2020-04-30,DUK,-0.027777777777777776,-0.10975609756097561,-0.05863192182410424
Sector neutral,2020-05-31,AAPL,0.019230769230769232,-0.041158536585365856,0.04115853658536585
Sector neutral,2020-05-31,MSFT,-0.057692307692307696,0.013719512195121951,0.022865853658536585
Sector neutral,2020-05-31,NVDA,-0.09615384615384616,0.03201219512195122,0.05945121951219512
Sector neutral,2020-05-31,ORCL,0.1346153846153846,-0.004573170731707318,-0.12347560975609755
Sector neutral,2020-05-31,AMZN,-0.1346153846153846,-0.10365853658536585,0.0975609756097561
Sector neutral,2020-05-31,HD,0.057692307692307696,-0.03048780487804877,0.006097560975609767
Sector neutral,2020-05-31,MCD,0.07692307692307693,0.13414634146341464,-0.10365853658536583
Sector neutral,2020-05-31,WMT,-0.028846153846153848,-0.07317073170731708,0.03201219512195122
Sector neutral,2020-05-31,COST,0.009615384615384616,-0.054878048780487805,0.06859756097560975
Sector neutral,2020-05-31,PG,-0.04807692307692308,-0.01829268292682927,0.01371951219512195
Sector neutral,2020-05-31,KO,0.0673076923076923,0.14634146341463417,-0.11432926829268292
Sector neutral,2020-05-31,JNJ,-0.019230769230769232,0.0,0.07926829268292683
Sector neutral,2020-05-31,PFE,0.07692307692307693,0.03658536585365854,-0.08536585365853656
Sector neutral,2020-05-31,MRK,-0.057692307692307696,-0.03658536585365854,0.006097560975609767
Sector neutral,2020-05-31,XOM,0.019230769230769232,-0.009146341463414635,-0.009146341463414634
Sector neutral,2020-05-31,CVX,-0.019230769230769232,0.009146341463414635,0.009146341463414634
Sector neutral,2020-05-31,CAT,0.019230769230769232,-0.01829268292682927,0.0274390243902439
Sector neutral,2020-05-31,HON,-0.019230769230769232,0.01829268292682927,-0.0274390243902439
Sector neutral,2020-05-31,NEE,0.019230769230769232,0.10975609756097561,0.036585365853658534
Sector neutral,2020-05-31,DUK,-0.019230769230769232,-0.10975609756097561,-0.036585365853658534
Sector neutral,2020-06-30,AAPL,0.003099173553719009,-0.06176470588235294,0.049723756906077346
Sector neutral,2020-06-30,MSFT,-0.034090909090909095,0.026470588235294114,0.03314917127071823
Sector neutral,2020-06-30,NVDA,-0.05888429752066116,0.044117647058823525,0.06629834254143646
Sector neutral,2020-06-30,ORCL,0.08987603305785125,-0.008823529411764706,-0.14917127071823205
Sector neutral,2020-06-30,AMZN,-0.08677685950413225,-0.09411764705882353,0.08839779005524863
Sector neutral,2020-06-30,HD,0.0371900826446281,-0.0411764705882353,0.022099447513812164
Sector neutral,2020-06-30,MCD,0.04958677685950414,0.13529411764705881,-0.11049723756906076
Sector neutral,2020-06-30,WMT,-0.021694214876033062,-0.08823529411764705,0.029005524861878452
Sector neutral,2020-06-30,COST,0.003099173553719009,-0.05294117647058823,0.062154696132596686
Sector neutral,2020-06-30,PG,-0.05888429752066116,0.0,-0.020718232044198894
Sector neutral,2020-06-30,KO,0.07747933884297521,0.1411764705882353,-0.07044198895027624
Sector neutral,2020-06-30,JNJ,-0.05785123966942149,-0.07647058823529412,0.06629834254143646
Sector neutral,2020-06-30,PFE,0.06611570247933886,0.08235294117647057,-0.08287292817679558
Sector neutral,2020-06-30,MRK,-0.008264462809917349,-0.005882352941176481,0.016574585635359115
Sector neutral,2020-06-30,XOM,0.09297520661157026,0.026470588235294114,-0.008287292817679558
Sector neutral,2020-06-30,CVX,-0.09297520661157026,-0.026470588235294114,0.008287292817679558
Sector neutral,2020-06-30,CAT,0.02479338842975207,-0.01764705882352941,0.016574585635359115
Sector neutral,2020-06-30,HON,-0.02479338842975207,0.01764705882352941,-0.016574585635359115
Sector neutral,2020-06-30,NEE,-0.05578512396694216,0.026470588235294114,0.04143646408839779
Sector neutral,2020-06-30,DUK,0.05578512396694216,-0.026470588235294114,-0.04143646408839779
Sector neutral,2020-07-31,AAPL,0.0029527559055118114,-0.05652173913043478,0.04156171284634761
Sector neutral,2020-07-31,MSFT,-0.032480314960629926,0.04782608695652174,0.01133501259445844
Sector neutral,2020-07-31,NVDA,-0.06791338582677166,-0.004347826086956522,0.056675062972292196
Sector neutral,2020-07-31,ORCL,0.09744094488188977,0.013043478260869565,-0.10957178841309825
Sector neutral,2020-07-31,AMZN,-0.07874015748031497,-0.09855072463768115,0.10075566750629723
Sector neutral,2020-07-31,HD,0.027559055118110236,-0.046376811594202885,0.0251889168765743
Sector neutral,2020-07-31,MCD,0.051181102362204724,0.14492753623188406,-0.12594458438287157
Sector neutral,2020-07-31,WMT,0.032480314960629926,-0.05652173913043478,0.04156171284634761
Sector neutral,2020-07-31,COST,-0.0265748031496063,-0.07391304347826087,0.07178841309823679
Sector neutral,2020-07-31,PG,-0.06200787401574804,-0.004347826086956522,-0.0037783375314861464
Sector neutral,2020-07-31,KO,0.056102362204724414,0.13478260869565217,-0.10957178841309825
Sector neutral,2020-07-31,JNJ,-0.05511811023622047,-0.07536231884057971,0.06045340050377834
Sector neutral,2020-07-31,PFE,0.05118110236220474,0.08115942028985507,-0.04534005037783376
Sector neutral,2020-07-31,MRK,0.003937007874015756,-0.005797101449275373,-0.015113350125944586
Sector neutral,2020-07-31,XOM,0.08858267716535434,0.034782608695652174,-0.007556675062972293
Sector neutral,2020-07-31,CVX,-0.08858267716535434,-0.034782608695652174,0.007556675062972293
Sector neutral,2020-07-31,CAT,0.029527559055118113,-0.017391304347826087,0.03022670025188917
Sector neutral,2020-07-31,HON,-0.029527559055118113,0.017391304347826087,-0.03022670025188917
Sector neutral,2020-07-31,NEE,-0.05905511811023623,0.02608695652173913,0.05289672544080605
Sector neutral,2020-07-31,DUK,0.05905511811023623,-0.02608695652173913,-0.05289672544080605
Sector neutral,2020-08-31,AAPL,-0.006097560975609756,-0.05652173913043478,0.043478260869565216
Sector neutral,2020-08-31,MSFT,-0.03048780487804878,0.04782608695652174,0.014492753623188406
Sector neutral,2020-08-31,NVDA,-0.06707317073170732,-0.004347826086956522,0.057971014492753624
Sector neutral,2020-08-31,ORCL,0.10365853658536585,0.013043478260869565,-0.11594202898550725
Sector neutral,2020-08-31,AMZN,-0.07317073170731707,-0.09855072463768115,0.09661835748792269
Sector neutral,2020-08-31,HD,0.024390243902439025,-0.046376811594202885,0.009661835748792261
Sector neutral,2020-08-31,MCD,0.04878048780487805,0.14492753623188406,-0.10628019323671499
Sector neutral,2020-08-31,WMT,0.042682926829268296,-0.05652173913043478,0.06521739130434782
Sector neutral,2020-08-31,COST,-0.03048780487804878,-0.07391304347826087,0.036231884057971016
Sector neutral,2020-08-31,PG,-0.06707317073170732,-0.004347826086956522,0.007246376811594203
Sector neutral,2020-08-31,KO,0.054878048780487805,0.13478260869565217,-0.10869565217391304
Sector neutral,2020-08-31,JNJ,-0.04878048780487805,-0.07536231884057971,0.06763285024154589
Sector neutral,2020-08-31,PFE,0.04878048780487805,0.08115942028985507,-0.004830917874396144
Sector neutral,2020-08-31,MRK,0.0,-0.005797101449275373,-0.06280193236714977
Sector neutral,2020-08-31,XOM,0.0975609756097561,0.034782608695652174,-0.007246376811594203
Sector neutral,2020-08-31,CVX,-0.0975609756097561,-0.034782608695652174,0.007246376811594203
Sector neutral,2020-08-31,CAT,0.024390243902439025,-0.017391304347826087,0.021739130434782608
Sector neutral,2020-08-31,HON,-0.024390243902439025,0.017391304347826087,-0.021739130434782608
Sector neutral,2020-08-31,NEE,-0.054878048780487805,0.02608695652173913,0.07246376811594203
Sector neutral,2020-08-31,DUK,0.054878048780487805,-0.02608695652173913,-0.07246376811594203
Sector neutral,2020-09-30,AAPL,-0.009433962264150943,-0.05652173913043478,0.04114713216957605
Sector neutral,2020-09-30,MSFT,-0.0220125786163522,0.04782608695652174,0.011221945137157106
Sector neutral,2020-09-30,NVDA,-0.07232704402515723,-0.004347826086956522,0.056109725685785525
Sector neutral,2020-09-30,ORCL,0.10377358490566038,0.013043478260869565,-0.10847880299251869
Sector neutral,2020-09-30,AMZN,-0.07547169811320754,-0.09855072463768115,0.08478802992518701
Sector neutral,2020-09-30,HD,0.050314465408805034,-0.046376811594202885,0.00997506234413964
Sector neutral,2020-09-30,MCD,0.025157232704402517,0.14492753623188406,-0.09476309226932668
Sector neutral,2020-09-30,WMT,0.02830188679245283,-0.05652173913043478,0.05236907730673316
Sector neutral,2020-09-30,COST,-0.03459119496855346,-0.07391304347826087,0.06733167082294263
Sector neutral,2020-09-30,PG,-0.059748427672955975,-0.004347826086956522,-0.007481296758104737
Sector neutral,2020-09-30,KO,0.0660377358490566,0.13478260869565217,-0.11221945137157105
Sector neutral,2020-09-30,JNJ,-0.03773584905660377,-0.07536231884057971,0.06483790523690773
Sector neutral,2020-09-30,PFE,0.050314465408805034,0.08115942028985507,-0.024937655860349114
Sector neutral,2020-09-30,MRK,-0.012578616352201259,-0.005797101449275373,-0.03990024937655859
Sector neutral,2020-09-30,XOM,0.10062893081761007,0.034782608695652174,-0.007481296758104737
Sector neutral,2020-09-30,CVX,-0.10062893081761007,-0.034782608695652174,0.007481296758104737
Sector neutral,2020-09-30,CAT,0.018867924528301886,-0.017391304347826087,0.037406483790523685
Sector neutral,2020-09-30,HON,-0.018867924528301886,0.017391304347826087,-0.037406483790523685
Sector neutral,2020-09-30,NEE,-0.05660377358490566,0.02608695652173913,0.06733167082294263
Sector neutral,2020-09-30,DUK,0.05660377358490566,-0.02608695652173913,-0.06733167082294263
Sector neutral,2020-10-31,AAPL,-0.003092783505154639,-0.05652173913043478,0.03287671232876713
Sector neutral,2020-10-31,MSFT,-0.02783505154639175,0.04782608695652174,0.016438356164383564
Sector neutral,2020-10-31,NVDA,-0.07731958762886597,-0.004347826086956522,0.06575342465753425
Sector neutral,2020-10-31,ORCL,0.10824742268041236,0.013043478260869565,-0.11506849315068494
Sector neutral,2020-10-31,AMZN,-0.07422680412371133,-0.09855072463768115,0.08767123287671234
Sector neutral,2020-10-31,HD,0.049484536082474224,-0.046376811594202885,-0.06027397260273972
Sector neutral,2020-10-31,MCD,0.024742268041237112,0.14492753623188406,-0.027397260273972594
Sector neutral,2020-10-31,WMT,0.02783505154639175,-0.05652173913043478,0.05342465753424658
Sector neutral,2020-10-31,COST,-0.03402061855670103,-0.07391304347826087,0.06986301369863014
Sector neutral,2020-10-31,PG,-0.05876288659793814,-0.004347826086956522,0.020547945205479454
Sector neutral,2020-10-31,KO,0.06494845360824741,0.13478260869565217,-0.14383561643835618
Sector neutral,2020-10-31,JNJ,-0.041237113402061855,-0.07536231884057971,0.07123287671232877
Sector neutral,2020-10-31,PFE,0.045360824742268026,0.08115942028985507,-0.027397260273972608
Sector neutral,2020-10-31,MRK,-0.004123711340206193,-0.005797101449275373,-0.04383561643835617
Sector neutral,2020-10-31,XOM,0.09896907216494845,0.034782608695652174,-0.008219178082191782
Sector neutral,2020-10-31,CVX,-0.09896907216494845,-0.034782608695652174,0.008219178082191782
Sector neutral,2020-10-31,CAT,0.024742268041237112,-0.017391304347826087,0.016438356164383564
Sector neutral,2020-10-31,HON,-0.024742268041237112,0.017391304347826087,-0.016438356164383564
Sector neutral,2020-10-31,NEE,-0.0556701030927835,0.02608695652173913,0.05753424657534247
Sector neutral,2020-10-31,DUK,0.0556701030927835,-0.02608695652173913,-0.05753424657534247
Sector neutral,2020-11-30,AAPL,-0.0125,-0.05652173913043478,0.04115853658536585
Sector neutral,2020-11-30,MSFT,-0.025,0.04782608695652174,0.022865853658536585
Sector neutral,2020-11-30,NVDA,-0.075,-0.004347826086956522,0.07774390243902439
Sector neutral,2020-11-30,ORCL,0.1125,0.013043478260869565,-0.14176829268292682
Sector neutral,2020-11-30,AMZN,-0.07916666666666666,-0.09855072463768115,0.09146341463414634
Sector neutral,2020-11-30,HD,0.04583333333333334,-0.046376811594202885,-0.036585365853658534
Sector neutral,2020-11-30,MCD,0.03333333333333334,0.14492753623188406,-0.0548780487804878
Sector neutral,2020-11-30,WMT,0.01875,-0.05652173913043478,0.050304878048780484
Sector neutral,2020-11-30,COST,-0.03125,-0.07391304347826087,0.06859756097560975
Sector neutral,2020-11-30,PG,-0.05625,-0.004347826086956522,0.01371951219512195
Sector neutral,2020-11-30,KO,0.06875,0.13478260869565217,-0.13262195121951217
Sector neutral,2020-11-30,JNJ,-0.04166666666666667,-0.07536231884057971,0.04268292682926828
Sector neutral,2020-11-30,PFE,0.04583333333333332,0.08115942028985507,-0.012195121951219516
Sector neutral,2020-11-30,MRK,-0.004166666666666674,-0.005797101449275373,-0.030487804878048783
Sector neutral,2020-11-30,XOM,0.1,0.034782608695652174,-0.009146341463414634
Sector neutral,2020-11-30,CVX,-0.1,-0.034782608695652174,0.009146341463414634
Sector neutral,2020-11-30,CAT,0.025,-0.017391304347826087,0.036585365853658534
Sector neutral,2020-11-30,HON,-0.025,0.017391304347826087,-0.036585365853658534
Sector neutral,2020-11-30,NEE,-0.05,0.02608695652173913,0.04573170731707317
Sector neutral,2020-11-30,DUK,0.05,-0.02608695652173913,-0.04573170731707317
Sector neutral,2020-12-31,AAPL,-0.029644268774703553,-0.05186170212765957,0.04029850746268657
Sector neutral,2020-12-31,MSFT,-0.005928853754940711,0.04388297872340425,0.004477611940298507
Sector neutral,2020-12-31,NVDA,-0.06521739130434782,-0.003989361702127659,0.07611940298507462
Sector neutral,2020-12-31,ORCL,0.10079051383399208,0.011968085106382979,-0.1208955223880597
Sector neutral,2020-12-31,AMZN,-0.08695652173913043,-0.0851063829787234,0.10149253731343282
Sector neutral,2020-12-31,HD,0.055335968379446626,-0.053191489361702135,-0.005970149253731354
Sector neutral,2020-12-31,MCD,0.031620553359683785,0.1382978723404255,-0.0955223880597015
Sector neutral,2020-12-31,WMT,0.017786561264822132,-0.0678191489361702,0.058208955223880594
Sector neutral,2020-12-31,COST,-0.0533596837944664,-0.08377659574468084,0.09402985074626866
Sector neutral,2020-12-31,PG,-0.005928853754940711,0.04388297872340425,-0.03134328358208955
Sector neutral,2020-12-31,KO,0.04150197628458498,0.1077127659574468,-0.1208955223880597
Sector neutral,2020-12-31,JNJ,-0.06324110671936758,-0.06914893617021277,0.035820895522388055
Sector neutral,2020-12-31,PFE,0.055335968379446626,0.07446808510638296,0.0
Sector neutral,2020-12-31,MRK,0.007905138339920941,-0.005319148936170222,-0.035820895522388055
Sector neutral,2020-12-31,XOM,0.10079051383399208,0.031914893617021274,-0.017910447761194027
Sector neutral,2020-12-31,CVX,-0.10079051383399208,-0.031914893617021274,0.017910447761194027
Sector neutral,2020-12-31,CAT,0.023715415019762844,-0.015957446808510637,0.008955223880597014
Sector neutral,2020-12-31,HON,-0.023715415019762844,0.015957446808510637,-0.008955223880597014
Sector neutral,2020-12-31,NEE,-0.06521739130434782,0.031914893617021274,0.0626865671641791
Sector neutral,2020-12-31,DUK,0.06521739130434782,-0.031914893617021274,-0.0626865671641791
Sector neutral,2021-01-31,AAPL,-0.032038834951456305,-0.05186170212765957,0.023148148148148147
Sector neutral,2021-01-31,MSFT,-0.008737864077669901,0.04388297872340425,-0.032407407407407406
Sector neutral,2021-01-31,NVDA,-0.06699029126213592,-0.003989361702127659,0.06018518518518518
Sector neutral,2021-01-31,ORCL,0.10776699029126212,0.011968085106382979,-0.05092592592592592
Sector neutral,2021-01-31,AMZN,-0.07378640776699028,-0.0851063829787234,0.1358024691358025
Sector neutral,2021-01-31,HD,0.04271844660194175,-0.053191489361702135,-0.049382716049382706
Sector neutral,2021-01-31,MCD,0.031067961165048542,0.1382978723404255,-0.08641975308641975
Sector neutral,2021-01-31,WMT,-0.005825242718446601,-0.0678191489361702,0.10648148148148148
Sector neutral,2021-01-31,COST,-0.06407766990291261,-0.08377659574468084,0.032407407407407406
Sector neutral,2021-01-31,PG,0.029126213592233007,0.04388297872340425,-0.004629629629629629
Sector neutral,2021-01-31,KO,0.04077669902912621,0.1077127659574468,-0.13425925925925927
Sector neutral,2021-01-31,JNJ,-0.07378640776699029,-0.06914893617021277,0.043209876543209874
Sector neutral,2021-01-31,PFE,0.06601941747572813,0.07446808510638296,0.006172839506172834
Sector neutral,2021-01-31,MRK,0.007766990291262128,-0.005319148936170222,-0.04938271604938272
Sector neutral,2021-01-31,XOM,0.09320388349514562,0.031914893617021274,-0.009259259259259259
Sector neutral,2021-01-31,CVX,-0.09320388349514562,-0.031914893617021274,0.009259259259259259
Sector neutral,2021-01-31,CAT,0.023300970873786405,-0.015957446808510637,0.037037037037037035
Sector neutral,2021-01-31,HON,-0.023300970873786405,0.015957446808510637,-0.037037037037037035
Sector neutral,2021-01-31,NEE,-0.058252427184466014,0.031914893617021274,0.046296296296296294
Sector neutral,2021-01-31,DUK,0.058252427184466014,-0.031914893617021274,-0.046296296296296294
Sector neutral,2021-02-28,AAPL,-0.021042084168336674,-0.05186170212765957,0.046153846153846156
Sector neutral,2021-02-28,MSFT,-0.033066132264529056,0.04388297872340425,0.0
Sector neutral,2021-02-28,NVDA,-0.05711422845691382,-0.003989361702127659,0.015384615384615385
Sector neutral,2021-02-28,ORCL,0.11122244488977956,0.011968085106382979,-0.06153846153846154
Sector neutral,2021-02-28,AMZN,-0.07615230460921843,-0.0851063829787234,0.11794871794871795
Sector neutral,2021-02-28,HD,0.056112224448897796,-0.053191489361702135,-0.03589743589743591
Sector neutral,2021-02-28,MCD,0.020040080160320644,0.1382978723404255,-0.08205128205128207
Sector neutral,2021-02-28,WMT,-0.006012024048096192,-0.0678191489361702,0.07692307692307693
Sector neutral,2021-02-28,COST,-0.04208416833667335,-0.08377659574468084,0.06153846153846154
Sector neutral,2021-02-28,PG,0.006012024048096192,0.04388297872340425,0.0
Sector neutral,2021-02-28,KO,0.04208416833667335,0.1077127659574468,-0.13846153846153847
Sector neutral,2021-02-28,JNJ,-0.0841683366733467,-0.06914893617021277,0.06666666666666667
Sector neutral,2021-02-28,PFE,0.06012024048096192,0.07446808510638296,-0.010256410256410262
Sector neutral,2021-02-28,MRK,0.02404809619238477,-0.005319148936170222,-0.05641025641025642
Sector neutral,2021-02-28,XOM,0.09619238476953908,0.031914893617021274,-0.007692307692307693
Sector neutral,2021-02-28,CVX,-0.09619238476953908,-0.031914893617021274,0.007692307692307693
Sector neutral,2021-02-28,CAT,0.012024048096192385,-0.015957446808510637,0.06153846153846154
Sector neutral,2021-02-28,HON,-0.012024048096192385,0.015957446808510637,-0.06153846153846154
Sector neutral,2021-02-28,NEE,-0.07214428857715431,0.031914893617021274,0.046153846153846156
Sector neutral,2021-02-28,DUK,0.07214428857715431,-0.031914893617021274,-0.046153846153846156
Sector neutral,2021-03-31,AAPL,-0.0031315240083507304,-0.05186170212765957,0.03103448275862069
Sector neutral,2021-03-31,MSFT,-0.04070981210855949,0.04388297872340425,0.010344827586206896
Sector neutral,2021-03-31,NVDA,-0.06576200417536533,-0.003989361702127659,0.05172413793103448
Sector neutral,2021-03-31,ORCL,0.10960334029227556,0.011968085106382979,-0.09310344827586206
Sector neutral,2021-03-31,AMZN,-0.06680584551148225,-0.0851063829787234,0.06896551724137932
Sector neutral,2021-03-31,HD,0.020876826722338204,-0.053191489361702135,0.006896551724137943
Sector neutral,2021-03-31,MCD,0.04592901878914405,0.1382978723404255,-0.07586206896551723
Sector neutral,2021-03-31,WMT,0.018789144050104383,-0.0678191489361702,0.03103448275862069
Sector neutral,2021-03-31,COST,-0.056367432150313146,-0.08377659574468084,0.010344827586206896
Sector neutral,2021-03-31,PG,0.006263048016701461,0.04388297872340425,-0.010344827586206896
Sector neutral,2021-03-31,KO,0.031315240083507306,0.1077127659574468,-0.03103448275862069
Sector neutral,2021-03-31,JNJ,-0.07933194154488518,-0.06914893617021277,0.16551724137931034
Sector neutral,2021-03-31,PFE,0.05845511482254696,0.07446808510638296,-0.06206896551724138
Sector neutral,2021-03-31,MRK,0.020876826722338194,-0.005319148936170222,-0.10344827586206896
Sector neutral,2021-03-31,XOM,0.10020876826722337,0.031914893617021274,-0.010344827586206896
Sector neutral,2021-03-31,CVX,-0.10020876826722337,-0.031914893617021274,0.010344827586206896
Sector neutral,2021-03-31,CAT,0.006263048016701461,-0.015957446808510637,0.05172413793103448
Sector neutral,2021-03-31,HON,-0.006263048016701461,0.015957446808510637,-0.05172413793103448
Sector neutral,2021-03-31,NEE,-0.08141962421711899,0.031914893617021274,0.06206896551724138
Sector neutral,2021-03-31,DUK,0.08141962421711899,-0.031914893617021274,-0.06206896551724138
Sector neutral,2021-04-30,AAPL,0.0,-0.05186170212765957,0.0375
Sector neutral,2021-04-30,MSFT,-0.0379746835443038,0.04388297872340425,-0.0625
Sector neutral,2021-04-30,NVDA,-0.06329113924050633,-0.003989361702127659,0.0625
Sector neutral,2021-04-30,ORCL,0.10126582278481013,0.011968085106382979,-0.0375
Sector neutral,2021-04-30,AMZN,-0.06329113924050633,-0.0851063829787234,-0.008333333333333349
Sector neutral,2021-04-30,HD,0.02531645569620253,-0.053191489361702135,0.06666666666666665
Sector neutral,2021-04-30,MCD,0.0379746835443038,0.1382978723404255,-0.05833333333333335
Sector neutral,2021-04-30,WMT,0.0189873417721519,-0.0678191489361702,-0.08125
Sector neutral,2021-04-30,COST,-0.06962025316455696,-0.08377659574468084,0.04375
Sector neutral,2021-04-30,PG,0.006329113924050633,0.04388297872340425,0.06875
Sector neutral,2021-04-30,KO,0.04430379746835443,0.1077127659574468,-0.03125
Sector neutral,2021-04-30,JNJ,-0.0759493670886076,-0.06914893617021277,0.058333333333333334
Sector neutral,2021-04-30,PFE,0.05063291139240506,0.07446808510638296,-0.041666666666666664
Sector neutral,2021-04-30,MRK,0.02531645569620253,-0.005319148936170222,-0.016666666666666663
Sector neutral,2021-04-30,XOM,0.10126582278481013,0.031914893617021274,0.0625
Sector neutral,2021-04-30,CVX,-0.10126582278481013,-0.031914893617021274,-0.0625
Sector neutral,2021-04-30,CAT,0.0189873417721519,-0.015957446808510637,0.0375
Sector neutral,2021-04-30,HON,-0.0189873417721519,0.015957446808510637,-0.0375
Sector neutral,2021-04-30,NEE,-0.06962025316455696,0.031914893617021274,0.0625
Sector neutral,2021-04-30,DUK,0.06962025316455696,-0.031914893617021274,-0.0625
Sector neutral,2021-05-31,AAPL,0.0030425963488843817,-0.05186170212765957,0.07894736842105263
Sector neutral,2021-05-31,MSFT,-0.0334685598377282,0.04388297872340425,-0.07894736842105263
Sector neutral,2021-05-31,NVDA,-0.06997971602434078,-0.003989361702127659,0.039473684210526314
Sector neutral,2021-05-31,ORCL,0.10040567951318459,0.011968085106382979,-0.039473684210526314
Sector neutral,2021-05-31,AMZN,-0.0567951318458418,-0.0851063829787234,0.0
Sector neutral,2021-05-31,HD,0.016227180527383367,-0.053191489361702135,-0.039473684210526314
Sector neutral,2021-05-31,MCD,0.04056795131845842,0.1382978723404255,0.039473684210526314
Sector neutral,2021-05-31,WMT,0.0030425963488843817,-0.0678191489361702,-0.09868421052631578
Sector neutral,2021-05-31,COST,-0.06997971602434078,-0.08377659574468084,0.09868421052631578
Sector neutral,2021-05-31,PG,0.027383367139959435,0.04388297872340425,0.05921052631578947
Sector neutral,2021-05-31,KO,0.039553752535496964,0.1077127659574468,-0.05921052631578947
Sector neutral,2021-05-31,JNJ,-0.08113590263691683,-0.06914893617021277,0.06578947368421051
Sector neutral,2021-05-31,PFE,0.052738336713995956,0.07446808510638296,-0.01315789473684211
Sector neutral,2021-05-31,MRK,0.028397565922920903,-0.005319148936170222,-0.052631578947368425
Sector neutral,2021-05-31,XOM,0.09736308316430022,0.031914893617021274,0.039473684210526314
Sector neutral,2021-05-31,CVX,-0.09736308316430022,-0.031914893617021274,-0.039473684210526314
Sector neutral,2021-05-31,CAT,0.024340770791075054,-0.015957446808510637,0.05921052631578947
Sector neutral,2021-05-31,HON,-0.024340770791075054,0.015957446808510637,-0.05921052631578947
Sector neutral,2021-05-31,NEE,-0.0669371196754564,0.031914893617021274,0.019736842105263157
Sector neutral,2021-05-31,DUK,0.0669371196754564,-0.031914893617021274,-0.019736842105263157
Sector neutral,2021-06-30,AAPL,-0.014195583596214513,-0.06797583081570997,-0.016129032258064516
Sector neutral,2021-06-30,MSFT,-0.052050473186119876,0.04078549848942598,-0.08064516129032258
Sector neutral,2021-06-30,NVDA,-0.1277602523659306,0.004531722054380665,0.06451612903225806
Sector neutral,2021-06-30,ORCL,0.194006309148265,0.022658610271903325,0.03225806451612903
Sector neutral,2021-06-30,AMZN,-0.10094637223974766,-0.0906344410876133,-0.11827956989247312
Sector neutral,2021-06-30,HD,0.0694006309148265,-0.03625377643504532,0.010752688172043001
Sector neutral,2021-06-30,MCD,0.03154574132492113,0.1268882175226586,0.1075268817204301
Sector neutral,2021-06-30,WMT,0.07097791798107256,-0.0906344410876133,-0.036290322580645164
Sector neutral,2021-06-30,COST,-0.11829652996845427,-0.10876132930513596,0.012096774193548387
Sector neutral,2021-06-30,PG,0.052050473186119876,0.07250755287009064,-0.020161290322580645
Sector neutral,2021-06-30,KO,-0.00473186119873817,0.1268882175226586,0.04435483870967742
Sector neutral,2021-06-30,JNJ,-0.03154574132492116,-0.012084592145015095,0.12365591397849462
Sector neutral,2021-06-30,PFE,0.04416403785488957,0.042296072507552886,-0.03763440860215053
Sector neutral,2021-06-30,MRK,-0.012618296529968478,-0.030211480362537756,-0.08602150537634408
Sector neutral,2021-06-30,XOM,-0.00946372239747634,-0.00906344410876133,0.024193548387096774
Sector neutral,2021-06-30,CVX,0.00946372239747634,0.00906344410876133,-0.024193548387096774
Sector neutral,2021-06-30,CAT,-0.01892744479495268,-0.01812688821752266,0.008064516129032258
Sector neutral,2021-06-30,HON,0.01892744479495268,0.01812688821752266,-0.008064516129032258
Sector neutral,2021-06-30,NEE,0.00946372239747634,0.03625377643504532,-0.07258064516129033
Sector neutral,2021-06-30,DUK,-0.00946372239747634,-0.03625377643504532,0.07258064516129033
Sector neutral,2021-07-31,AAPL,-0.014018691588785047,-0.06797583081570997,-0.06018518518518518
Sector neutral,2021-07-31,MSFT,-0.0514018691588785,0.04078549848942598,-0.004629629629629629
Sector neutral,2021-07-31,NVDA,-0.1261682242990654,0.022658610271903325,0.05092592592592592
Sector neutral,2021-07-31,ORCL,0.19158878504672897,0.004531722054380665,0.013888888888888888
Sector neutral,2021-07-31,AMZN,-0.12461059190031151,-0.0906344410876133,-0.08024691358024692
Sector neutral,2021-07-31,HD,0.1370716510903427,-0.03625377643504532,-0.0061728395061728504
Sector neutral,2021-07-31,MCD,-0.012461059190031142,0.1268882175226586,0.08641975308641975
Sector neutral,2021-07-31,WMT,0.037383177570093455,-0.0906344410876133,-0.018518518518518517
Sector neutral,2021-07-31,COST,-0.09345794392523364,-0.10876132930513596,0.09259259259259259
Sector neutral,2021-07-31,PG,0.056074766355140186,0.07250755287009064,-0.07407407407407407
Sector neutral,2021-07-31,KO,0.0,0.1268882175226586,0.0
Sector neutral,2021-07-31,JNJ,-0.04984423676012463,-0.012084592145015095,0.11728395061728394
Sector neutral,2021-07-31,PFE,0.04361370716510901,0.042296072507552886,-0.04938271604938272
Sector neutral,2021-07-31,MRK,0.0062305295950155545,-0.030211480362537756,-0.06790123456790124
Sector neutral,2021-07-31,XOM,-0.009345794392523364,-0.00906344410876133,0.06481481481481481
Sector neutral,2021-07-31,CVX,0.009345794392523364,0.00906344410876133,-0.06481481481481481
Sector neutral,2021-07-31,CAT,-0.009345794392523364,-0.01812688821752266,0.018518518518518517
Sector neutral,2021-07-31,HON,0.009345794392523364,0.01812688821752266,-0.018518518518518517
Sector neutral,2021-07-31,NEE,0.009345794392523364,0.03625377643504532,-0.05555555555555555
Sector neutral,2021-07-31,DUK,-0.009345794392523364,-0.03625377643504532,0.05555555555555555
Sector neutral,2021-08-31,AAPL,-0.009202453987730062,-0.06797583081570997,-0.07173913043478261
Sector neutral,2021-08-31,MSFT,-0.04601226993865031,0.04078549848942598,-0.019565217391304346
Sector neutral,2021-08-31,NVDA,-0.11963190184049081,0.022658610271903325,0.019565217391304346
Sector neutral,2021-08-31,ORCL,0.17484662576687118,0.004531722054380665,0.07173913043478261
Sector neutral,2021-08-31,AMZN,-0.1411042944785276,-0.0906344410876133,-0.06956521739130433
Sector neutral,2021-08-31,HD,0.1533742331288344,-0.03625377643504532,0.008695652173913047
Sector neutral,2021-08-31,MCD,-0.012269938650306738,0.1268882175226586,0.06086956521739131
Sector neutral,2021-08-31,WMT,0.03680981595092025,-0.0906344410876133,-0.06847826086956521
Sector neutral,2021-08-31,COST,-0.09202453987730062,-0.10876132930513596,0.08804347826086956
Sector neutral,2021-08-31,PG,0.055214723926380375,0.07250755287009064,-0.05543478260869565
Sector neutral,2021-08-31,KO,0.0,0.1268882175226586,0.035869565217391305
Sector neutral,2021-08-31,JNJ,-0.0429447852760736,-0.012084592145015095,0.05217391304347826
Sector neutral,2021-08-31,PFE,0.012269938650306771,0.042296072507552886,0.013043478260869565
Sector neutral,2021-08-31,MRK,0.030674846625766895,-0.030211480362537756,-0.06521739130434782
Sector neutral,2021-08-31,XOM,-0.009202453987730062,-0.00906344410876133,0.05217391304347826
Sector neutral,2021-08-31,CVX,0.009202453987730062,0.00906344410876133,-0.05217391304347826
Sector neutral,2021-08-31,CAT,-0.018404907975460124,-0.01812688821752266,-0.006521739130434782
Sector neutral,2021-08-31,HON,0.018404907975460124,0.01812688821752266,0.006521739130434782
Sector neutral,2021-08-31,NEE,0.009202453987730062,0.03625377643504532,-0.09130434782608696
Sector neutral,2021-08-31,DUK,-0.009202453987730062,-0.03625377643504532,0.09130434782608696
Sector neutral,2021-09-30,AAPL,-0.01834862385321101,-0.06797583081570997,-0.09036144578313254
Sector neutral,2021-09-30,MSFT,-0.03669724770642202,0.04078549848942598,0.054216867469879526
Sector neutral,2021-09-30,NVDA,-0.12844036697247707,0.022658610271903325,0.03614457831325302
Sector neutral,2021-09-30,ORCL,0.1834862385321101,0.004531722054380665,0.0
Sector neutral,2021-09-30,AMZN,-0.12232415902140671,-0.0906344410876133,-0.04216867469879518
Sector neutral,2021-09-30,HD,0.13455657492354742,-0.03625377643504532,0.04819277108433736
Sector neutral,2021-09-30,MCD,-0.012232415902140662,0.1268882175226586,-0.006024096385542164
Sector neutral,2021-09-30,WMT,0.04128440366972477,-0.0906344410876133,-0.04518072289156627
Sector neutral,2021-09-30,COST,-0.10550458715596331,-0.10876132930513596,0.13554216867469882
Sector neutral,2021-09-30,PG,0.05963302752293578,0.07250755287009064,-0.08132530120481929
Sector neutral,2021-09-30,KO,0.0045871559633027525,0.1268882175226586,-0.009036144578313254
Sector neutral,2021-09-30,JNJ,-0.04892966360856271,-0.012084592145015095,0.03614457831325302
Sector neutral,2021-09-30,PFE,0.04281345565749233,0.042296072507552886,0.07228915662650603
Sector neutral,2021-09-30,MRK,0.006116207951070315,-0.030211480362537756,-0.10843373493975905
Sector neutral,2021-09-30,XOM,-0.009174311926605505,-0.00906344410876133,0.04518072289156627
Sector neutral,2021-09-30,CVX,0.009174311926605505,0.00906344410876133,-0.04518072289156627
Sector neutral,2021-09-30,CAT,-0.009174311926605505,-0.01812688821752266,-0.01807228915662651
Sector neutral,2021-09-30,HON,0.009174311926605505,0.01812688821752266,0.01807228915662651
Sector neutral,2021-09-30,NEE,0.009174311926605505,0.03625377643504532,-0.054216867469879526
Sector neutral,2021-09-30,DUK,-0.009174311926605505,-0.03625377643504532,0.054216867469879526
Sector neutral,2021-10-31,AAPL,0.0,-0.06797583081570997,-0.061224489795918366
Sector neutral,2021-10-31,MSFT,-0.05625000000000001,0.04078549848942598,0.02040816326530612
Sector neutral,2021-10-31,NVDA,-0.11250000000000002,0.022658610271903325,0.0
Sector neutral,2021-10-31,ORCL,0.16875,0.004531722054380665,0.04081632653061224
Sector neutral,2021-10-31,AMZN,-0.11250000000000002,-0.0906344410876133,-0.10204081632653061
Sector neutral,2021-10-31,HD,0.11250000000000002,-0.03625377643504532,0.061224489795918366
Sector neutral,2021-10-31,MCD,0.0,0.1268882175226586,0.04081632653061224
Sector neutral,2021-10-31,WMT,0.018750000000000003,-0.0906344410876133,-0.09183673469387756
Sector neutral,2021-10-31,COST,-0.11250000000000002,-0.10876132930513596,0.15306122448979592
Sector neutral,2021-10-31,PG,0.09375000000000001,0.07250755287009064,-0.07142857142857142
Sector neutral,2021-10-31,KO,0.0,0.1268882175226586,0.01020408163265306
Sector neutral,2021-10-31,JNJ,0.006249999999999979,-0.012084592145015095,0.061224489795918366
Sector neutral,2021-10-31,PFE,0.062499999999999986,0.042296072507552886,-0.02040816326530612
Sector neutral,2021-10-31,MRK,-0.06875000000000003,-0.030211480362537756,-0.04081632653061224
Sector neutral,2021-10-31,XOM,-0.009375000000000001,-0.00906344410876133,0.04081632653061224
Sector neutral,2021-10-31,CVX,0.009375000000000001,0.00906344410876133,-0.04081632653061224
Sector neutral,2021-10-31,CAT,-0.009375000000000001,-0.01812688821752266,-0.061224489795918366
Sector neutral,2021-10-31,HON,0.009375000000000001,0.01812688821752266,0.061224489795918366
Sector neutral,2021-10-31,NEE,-0.018750000000000003,0.03625377643504532,-0.01020408163265306
Sector neutral,2021-10-31,DUK,0.018750000000000003,-0.03625377643504532,0.01020408163265306
Sector neutral,2021-11-30,AAPL,-0.012162162162162161,-0.06797583081570997,-0.06559766763848397
Sector neutral,2021-11-30,MSFT,-0.04459459459459459,0.022658610271903325,0.03935860058309038
Sector neutral,2021-11-30,NVDA,-0.10945945945945945,0.004531722054380665,0.004373177842565598
Sector neutral,2021-11-30,ORCL,0.1662162162162162,0.04078549848942598,0.02186588921282799
Sector neutral,2021-11-30,AMZN,-0.08108108108108107,-0.0906344410876133,-0.13411078717201166
Sector neutral,2021-11-30,HD,0.06486486486486485,-0.03625377643504532,0.11078717201166183
Sector neutral,2021-11-30,MCD,0.016216216216216214,0.1268882175226586,0.023323615160349864
Sector neutral,2021-11-30,WMT,0.04459459459459459,-0.0906344410876133,-0.08746355685131196
Sector neutral,2021-11-30,COST,-0.13378378378378378,-0.10876132930513596,0.15743440233236153
Sector neutral,2021-11-30,PG,0.06081081081081081,0.07250755287009064,-0.052478134110787174
Sector neutral,2021-11-30,KO,0.028378378378378376,0.1268882175226586,-0.01749271137026239
Sector neutral,2021-11-30,JNJ,0.027027027027027046,-0.012084592145015095,0.0466472303206997
Sector neutral,2021-11-30,PFE,-0.07027027027027025,0.042296072507552886,-0.005830903790087474
Sector neutral,2021-11-30,MRK,0.04324324324324326,-0.030211480362537756,-0.040816326530612256
Sector neutral,2021-11-30,XOM,-0.008108108108108107,-0.00906344410876133,0.04373177842565598
Sector neutral,2021-11-30,CVX,0.008108108108108107,0.00906344410876133,-0.04373177842565598
Sector neutral,2021-11-30,CAT,-0.024324324324324322,-0.01812688821752266,0.04373177842565598
Sector neutral,2021-11-30,HON,0.024324324324324322,0.01812688821752266,-0.04373177842565598
Sector neutral,2021-11-30,NEE,-0.016216216216216214,0.03625377643504532,0.008746355685131196
Sector neutral,2021-11-30,DUK,0.016216216216216214,-0.03625377643504532,-0.008746355685131196
Sector neutral,2021-12-31,AAPL,-0.037709497206703906,-0.06797583081570997,-0.06785714285714285
Sector neutral,2021-12-31,MSFT,-0.004189944134078212,0.04078549848942598,0.04642857142857143
Sector neutral,2021-12-31,NVDA,-0.12150837988826815,0.004531722054380665,0.060714285714285714
Sector neutral,2021-12-31,ORCL,0.16340782122905026,0.022658610271903325,-0.039285714285714285
Sector neutral,2021-12-31,AMZN,-0.07821229050279328,-0.0906344410876133,-0.08571428571428572
Sector neutral,2021-12-31,HD,0.07262569832402235,-0.03625377643504532,0.08571428571428572
Sector neutral,2021-12-31,MCD,0.0055865921787709594,0.1268882175226586,0.0
Sector neutral,2021-12-31,WMT,0.05446927374301676,-0.0906344410876133,-0.08214285714285714
Sector neutral,2021-12-31,COST,-0.12988826815642457,-0.10876132930513596,0.13214285714285715
Sector neutral,2021-12-31,PG,0.0712290502793296,0.07250755287009064,0.0035714285714285713
Sector neutral,2021-12-31,KO,0.004189944134078212,0.1268882175226586,-0.05357142857142857
Sector neutral,2021-12-31,JNJ,-0.0055865921787709594,-0.012084592145015095,-0.04285714285714286
Sector neutral,2021-12-31,PFE,-0.0558659217877095,0.042296072507552886,0.11428571428571428
Sector neutral,2021-12-31,MRK,0.06145251396648043,-0.030211480362537756,-0.07142857142857142
Sector neutral,2021-12-31,XOM,-0.008379888268156424,-0.00906344410876133,0.007142857142857143
Sector neutral,2021-12-31,CVX,0.008379888268156424,0.00906344410876133,-0.007142857142857143
Sector neutral,2021-12-31,CAT,-0.04189944134078212,-0.01812688821752266,0.04285714285714286
Sector neutral,2021-12-31,HON,0.04189944134078212,0.01812688821752266,-0.04285714285714286
Sector neutral,2021-12-31,NEE,-0.01675977653631285,0.03625377643504532,0.007142857142857143
Sector neutral,2021-12-31,DUK,0.01675977653631285,-0.03625377643504532,-0.007142857142857143
Sector neutral,2022-01-31,AAPL,-0.03580901856763926,-0.06797583081570997,-0.044117647058823525
Sector neutral,2022-01-31,MSFT,-0.003978779840848806,0.04078549848942598,0.031512605042016806
Sector neutral,2022-01-31,NVDA,-0.11538461538461539,0.004531722054380665,0.06932773109243696
Sector neutral,2022-01-31,ORCL,0.15517241379310345,0.022658610271903325,-0.056722689075630245
Sector neutral,2022-01-31,AMZN,-0.09018567639257294,-0.0906344410876133,-0.11344537815126049
Sector neutral,2022-01-31,HD,0.10079575596816978,-0.03625377643504532,0.050420168067226885
Sector neutral,2022-01-31,MCD,-0.010610079575596808,0.1268882175226586,0.06302521008403361
Sector neutral,2022-01-31,WMT,0.06763925729442971,-0.0906344410876133,-0.13235294117647056
Sector neutral,2022-01-31,COST,-0.12334217506631301,-0.10876132930513596,0.08193277310924368
Sector neutral,2022-01-31,PG,0.08355437665782493,0.07250755287009064,0.044117647058823525
Sector neutral,2022-01-31,KO,-0.027851458885941646,0.1268882175226586,0.006302521008403361
Sector neutral,2022-01-31,JNJ,-0.010610079575596808,-0.012084592145015095,-0.0546218487394958
Sector neutral,2022-01-31,PFE,-0.026525198938992037,0.042296072507552886,0.1218487394957983
Sector neutral,2022-01-31,MRK,0.03713527851458887,-0.030211480362537756,-0.06722689075630252
Sector neutral,2022-01-31,XOM,-0.007957559681697613,-0.00906344410876133,-0.018907563025210083
Sector neutral,2022-01-31,CVX,0.007957559681697613,0.00906344410876133,0.018907563025210083
Sector neutral,2022-01-31,CAT,-0.03183023872679045,-0.01812688821752266,0.006302521008403361
Sector neutral,2022-01-31,HON,0.03183023872679045,0.01812688821752266,-0.006302521008403361
Sector neutral,2022-01-31,NEE,0.015915119363395226,0.03625377643504532,-0.006302521008403361
Sector neutral,2022-01-31,DUK,-0.015915119363395226,-0.03625377643504532,0.006302521008403361
Sector neutral,2022-02-28,AAPL,-0.04864864864864865,-0.06797583081570997,0.06396588486140725
Sector neutral,2022-02-28,MSFT,0.0,0.04078549848942598,-0.012793176972281451
Sector neutral,2022-02-28,NVDA,-0.11351351351351352,0.004531722054380665,0.0
Sector neutral,2022-02-28,ORCL,0.16216216216216217,0.022658610271903325,-0.051172707889125806
Sector neutral,2022-02-28,AMZN,-0.1081081081081081,-0.0906344410876133,-0.10660980810234544
Sector neutral,2022-02-28,HD,0.13513513513513514,-0.03625377643504532,0.03411513859275053
Sector neutral,2022-02-28,MCD,-0.027027027027027018,0.1268882175226586,0.07249466950959488
Sector neutral,2022-02-28,WMT,0.04864864864864865,-0.10876132930513596,-0.11833688699360342
Sector neutral,2022-02-28,COST,-0.08108108108108109,-0.0906344410876133,0.047974413646055446
Sector neutral,2022-02-28,PG,0.06486486486486487,0.07250755287009064,0.06076759061833689
Sector neutral,2022-02-28,KO,-0.032432432432432434,0.1268882175226586,0.009594882729211088
Sector neutral,2022-02-28,JNJ,-0.032432432432432434,-0.012084592145015095,-0.06396588486140725
Sector neutral,2022-02-28,PFE,-0.016216216216216217,0.042296072507552886,0.11513859275053306
Sector neutral,2022-02-28,MRK,0.04864864864864865,-0.030211480362537756,-0.051172707889125806
Sector neutral,2022-02-28,XOM,-0.008108108108108109,-0.00906344410876133,0.006396588486140726
Sector neutral,2022-02-28,CVX,0.008108108108108109,0.00906344410876133,-0.006396588486140726
Sector neutral,2022-02-28,CAT,-0.024324324324324326,-0.01812688821752266,-0.019189765458422176
Sector neutral,2022-02-28,HON,0.024324324324324326,0.01812688821752266,0.019189765458422176
Sector neutral,2022-02-28,NEE,0.008108108108108109,0.03625377643504532,-0.07036247334754799
Sector neutral,2022-02-28,DUK,-0.008108108108108109,-0.03625377643504532,0.07036247334754799
Sector neutral,2022-03-31,AAPL,0.04390243902439025,-0.03125,0.04285714285714286
Sector neutral,2022-03-31,MSFT,-0.02926829268292683,0.03125,0.008571428571428572
Sector neutral,2022-03-31,NVDA,-0.13170731707317074,-0.010416666666666666,0.06
Sector neutral,2022-03-31,ORCL,0.11707317073170732,0.010416666666666666,-0.11142857142857142
Sector neutral,2022-03-31,AMZN,-0.0975609756097561,-0.09722222222222221,-0.06857142857142857
Sector neutral,2022-03-31,HD,0.12195121951219513,-0.03472222222222221,0.0
Sector neutral,2022-03-31,MCD,-0.02439024390243902,0.13194444444444445,0.06857142857142857
Sector neutral,2022-03-31,WMT,0.021951219512195124,-0.11979166666666667,-0.15
Sector neutral,2022-03-31,COST,-0.08048780487804878,-0.09895833333333333,0.10714285714285714
Sector neutral,2022-03-31,PG,0.08048780487804878,0.08854166666666667,-0.012857142857142857
Sector neutral,2022-03-31,KO,-0.021951219512195124,0.13020833333333334,0.05571428571428571
Sector neutral,2022-03-31,JNJ,-0.02439024390243902,-0.006944444444444457,-0.07428571428571429
Sector neutral,2022-03-31,PFE,-0.009756097560975601,0.03472222222222221,0.11428571428571427
Sector neutral,2022-03-31,MRK,0.034146341463414644,-0.02777777777777779,-0.04000000000000001
Sector neutral,2022-03-31,XOM,-0.007317073170731708,-0.010416666666666666,0.017142857142857144
Sector neutral,2022-03-31,CVX,0.007317073170731708,0.010416666666666666,-0.017142857142857144
Sector neutral,2022-03-31,CAT,-0.06585365853658537,-0.020833333333333332,0.008571428571428572
Sector neutral,2022-03-31,HON,0.06585365853658537,0.020833333333333332,-0.008571428571428572
Sector neutral,2022-03-31,NEE,0.007317073170731708,0.041666666666666664,-0.017142857142857144
Sector neutral,2022-03-31,DUK,-0.007317073170731708,-0.041666666666666664,0.017142857142857144
Sector neutral,2022-04-30,AAPL,0.07352941176470588,-0.03125,0.06372549019607843
Sector neutral,2022-04-30,MSFT,-0.029411764705882353,0.03125,-0.014705882352941176
Sector neutral,2022-04-30,NVDA,-0.14705882352941177,-0.010416666666666666,0.10294117647058823
Sector neutral,2022-04-30,ORCL,0.10294117647058823,0.010416666666666666,-0.15196078431372548
Sector neutral,2022-04-30,AMZN,-0.08333333333333333,-0.09722222222222221,-0.013071895424836598
Sector neutral,2022-04-30,HD,0.12254901960784315,-0.03472222222222221,-0.0326797385620915
Sector neutral,2022-04-30,MCD,-0.039215686274509796,0.13194444444444445,0.04575163398692811
Sector neutral,2022-04-30,WMT,0.029411764705882353,-0.11979166666666667,-0.11274509803921569
Sector neutral,2022-04-30,COST,-0.07352941176470588,-0.09895833333333333,0.12254901960784313
Sector neutral,2022-04-30,PG,0.07352941176470588,0.08854166666666667,0.004901960784313725
Sector neutral,2022-04-30,KO,-0.029411764705882353,0.13020833333333334,-0.014705882352941176
Sector neutral,2022-04-30,JNJ,-0.019607843137254912,-0.006944444444444457,-0.045751633986928116
Sector neutral,2022-04-30,PFE,0.02450980392156862,0.03472222222222221,0.0718954248366013
Sector neutral,2022-04-30,MRK,-0.004901960784313734,-0.02777777777777779,-0.026143790849673214
Sector neutral,2022-04-30,XOM,-0.007352941176470588,-0.010416666666666666,-0.0196078431372549
Sector neutral,2022-04-30,CVX,0.007352941176470588,0.010416666666666666,0.0196078431372549
Sector neutral,2022-04-30,CAT,-0.051470588235294115,-0.020833333333333332,0.029411764705882353
Sector neutral,2022-04-30,HON,0.051470588235294115,0.020833333333333332,-0.029411764705882353
Sector neutral,2022-04-30,NEE,0.014705882352941176,0.041666666666666664,-0.0392156862745098
Sector neutral,2022-04-30,DUK,-0.014705882352941176,-0.041666666666666664,0.0392156862745098
Sector neutral,2022-05-31,AAPL,0.07389162561576355,-0.03125,0.13448275862068965
Sector neutral,2022-05-31,MSFT,-0.029556650246305424,0.03125,0.010344827586206896
Sector neutral,2022-05-31,NVDA,-0.1477832512315271,-0.010416666666666666,-0.03103448275862069
Sector neutral,2022-05-31,ORCL,0.10344827586206898,0.010416666666666666,-0.11379310344827585
Sector neutral,2022-05-31,AMZN,-0.08374384236453203,-0.09722222222222221,-0.0689655172413793
Sector neutral,2022-05-31,HD,0.12315270935960594,-0.03472222222222221,-0.006896551724137925
Sector neutral,2022-05-31,MCD,-0.039408866995073885,0.13194444444444445,0.07586206896551724
Sector neutral,2022-05-31,WMT,0.05172413793103449,-0.11979166666666667,-0.14482758620689654
Sector neutral,2022-05-31,COST,-0.08128078817733991,-0.09895833333333333,0.08275862068965517
Sector neutral,2022-05-31,PG,0.06650246305418721,0.08854166666666667,0.06206896551724138
Sector neutral,2022-05-31,KO,-0.03694581280788178,0.13020833333333334,0.0
Sector neutral,2022-05-31,JNJ,0.014778325123152712,-0.006944444444444457,-0.041379310344827586
Sector neutral,2022-05-31,PFE,0.0,0.03472222222222221,0.0
Sector neutral,2022-05-31,MRK,-0.014778325123152712,-0.02777777777777779,0.041379310344827586
Sector neutral,2022-05-31,XOM,-0.007389162561576356,-0.010416666666666666,-0.010344827586206896
Sector neutral,2022-05-31,CVX,0.007389162561576356,0.010416666666666666,0.010344827586206896
Sector neutral,2022-05-31,CAT,-0.044334975369458136,-0.020833333333333332,0.020689655172413793
Sector neutral,2022-05-31,HON,0.044334975369458136,0.020833333333333332,-0.020689655172413793
Sector neutral,2022-05-31,NEE,0.014778325123152712,0.041666666666666664,-0.06206896551724138
Sector neutral,2022-05-31,DUK,-0.014778325123152712,-0.041666666666666664,0.06206896551724138
Sector neutral,2022-06-30,AAPL,0.020380434782608696,-0.059659090909090905,0.05678233438485805
Sector neutral,2022-06-30,MSFT,-0.06114130434782609,0.059659090909090905,0.01892744479495268
Sector neutral,2022-06-30,NVDA,-0.12635869565217392,-0.04261363636363636,-0.01892744479495268
Sector neutral,2022-06-30,ORCL,0.1671195652173913,0.04261363636363636,-0.05678233438485805
Sector neutral,2022-06-30,AMZN,-0.07608695652173912,-0.09659090909090907,-0.0883280757097792
Sector neutral,2022-06-30,HD,0.07065217391304349,-0.062499999999999986,-0.01261829652996846
Sector neutral,2022-06-30,MCD,0.0054347826086956616,0.1590909090909091,0.10094637223974763
Sector neutral,2022-06-30,WMT,0.03260869565217391,-0.08948863636363635,-0.15615141955835962
Sector neutral,2022-06-30,COST,-0.048913043478260865,-0.07244318181818181,0.033123028391167195
Sector neutral,2022-06-30,PG,0.016304347826086956,0.06392045454545454,0.014195583596214513
Sector neutral,2022-06-30,KO,0.0,0.09801136363636363,0.10883280757097792
Sector neutral,2022-06-30,JNJ,-0.06521739130434782,-0.017045454545454544,-0.03154574132492113
Sector neutral,2022-06-30,PFE,0.06521739130434782,0.017045454545454544,0.04416403785488961
Sector neutral,2022-06-30,MRK,0.0,0.0,-0.012618296529968443
Sector neutral,2022-06-30,XOM,0.016304347826086956,-0.017045454545454544,-0.00946372239747634
Sector neutral,2022-06-30,CVX,-0.016304347826086956,0.017045454545454544,0.00946372239747634
Sector neutral,2022-06-30,CAT,0.03260869565217391,-0.017045454545454544,0.04731861198738171
Sector neutral,2022-06-30,HON,-0.03260869565217391,0.017045454545454544,-0.04731861198738171
Sector neutral,2022-06-30,NEE,-0.0733695652173913,0.025568181818181816,-0.06624605678233439
Sector neutral,2022-06-30,DUK,0.0733695652173913,-0.025568181818181816,0.06624605678233439
Sector neutral,2022-07-31,AAPL,-0.02102803738317757,-0.08544303797468354,0.05
Sector neutral,2022-07-31,MSFT,-0.049065420560747655,0.04746835443037975,0.03
Sector neutral,2022-07-31,NVDA,-0.07710280373831775,0.02848101265822785,-0.01
Sector neutral,2022-07-31,ORCL,0.14719626168224298,0.00949367088607595,-0.07
Sector neutral,2022-07-31,AMZN,-0.07009345794392523,-0.10759493670886075,-0.08666666666666666
Sector neutral,2022-07-31,HD,0.08411214953271028,-0.050632911392405056,-0.04666666666666666
Sector neutral,2022-07-31,MCD,-0.014018691588785045,0.15822784810126583,0.13333333333333333
Sector neutral,2022-07-31,WMT,0.035046728971962614,-0.09968354430379747,-0.135
Sector neutral,2022-07-31,COST,-0.07710280373831775,-0.08069620253164557,0.065
Sector neutral,2022-07-31,PG,0.049065420560747655,0.07120253164556962,-0.015
Sector neutral,2022-07-31,KO,-0.007009345794392522,0.10917721518987342,0.085
Sector neutral,2022-07-31,JNJ,-0.05140186915887852,-0.0189873417721519,-0.04666666666666664
Sector neutral,2022-07-31,PFE,0.0467289719626168,0.0189873417721519,0.013333333333333357
Sector neutral,2022-07-31,MRK,0.004672897196261665,0.0,0.033333333333333354
Sector neutral,2022-07-31,XOM,0.014018691588785045,-0.00949367088607595,0.01
Sector neutral,2022-07-31,CVX,-0.014018691588785045,0.00949367088607595,-0.01
Sector neutral,2022-07-31,CAT,0.049065420560747655,-0.0189873417721519,0.06
Sector neutral,2022-07-31,HON,-0.049065420560747655,0.0189873417721519,-0.06
Sector neutral,2022-07-31,NEE,-0.07009345794392523,0.02848101265822785,-0.02
Sector neutral,2022-07-31,DUK,0.07009345794392523,-0.02848101265822785,0.02
Sector neutral,2022-08-31,AAPL,-0.025059665871121715,-0.08544303797468354,0.10714285714285715
Sector neutral,2022-08-31,MSFT,-0.05369928400954653,0.04746835443037975,0.0
Sector neutral,2022-08-31,NVDA,-0.06801909307875895,0.02848101265822785,-0.04591836734693878
Sector neutral,2022-08-31,ORCL,0.14677804295942717,0.00949367088607595,-0.06122448979591837
Sector neutral,2022-08-31,AMZN,-0.08591885441527446,-0.10759493670886075,-0.08673469387755103
Sector neutral,2022-08-31,HD,0.08591885441527446,-0.050632911392405056,-0.02551020408163266
Sector neutral,2022-08-31,MCD,0.0,0.15822784810126583,0.11224489795918367
Sector neutral,2022-08-31,WMT,0.021479713603818614,-0.09968354430379747,-0.10714285714285715
Sector neutral,2022-08-31,COST,-0.06443914081145584,-0.08069620253164557,0.06122448979591837
Sector neutral,2022-08-31,PG,0.05011933174224343,0.07120253164556962,-0.04591836734693878
Sector neutral,2022-08-31,KO,-0.007159904534606205,0.10917721518987342,0.09183673469387756
Sector neutral,2022-08-31,JNJ,-0.05250596658711218,-0.0189873417721519,-0.04081632653061224
Sector neutral,2022-08-31,PFE,0.04773269689737468,0.0189873417721519,-0.010204081632653053
Sector neutral,2022-08-31,MRK,0.004773269689737452,0.0,0.05102040816326532
Sector neutral,2022-08-31,XOM,0.01431980906921241,-0.00949367088607595,0.007653061224489797
Sector neutral,2022-08-31,CVX,-0.01431980906921241,0.00949367088607595,-0.007653061224489797
Sector neutral,2022-08-31,CAT,0.05011933174224343,-0.0189873417721519,0.053571428571428575
Sector neutral,2022-08-31,HON,-0.05011933174224343,0.0189873417721519,-0.053571428571428575
Sector neutral,2022-08-31,NEE,-0.07875894988066824,0.02848101265822785,-0.015306122448979593
Sector neutral,2022-08-31,DUK,0.07875894988066824,-0.02848101265822785,0.015306122448979593
Sector neutral,2022-09-30,AAPL,-0.014084507042253521,-0.08544303797468354,0.14788732394366197
Sector neutral,2022-09-30,MSFT,-0.056338028169014086,0.04746835443037975,-0.02112676056338028
Sector neutral,2022-09-30,NVDA,-0.07042253521126761,0.02848101265822785,-0.08873239436619719
Sector neutral,2022-09-30,ORCL,0.14084507042253522,0.00949367088607595,-0.03802816901408451
Sector neutral,2022-09-30,AMZN,-0.08450704225352113,-0.10759493670886075,-0.06760563380281691
Sector neutral,2022-09-30,HD,0.08450704225352113,-0.050632911392405056,-0.016901408450704227
Sector neutral,2022-09-30,MCD,0.0,0.15822784810126583,0.08450704225352113
Sector neutral,2022-09-30,WMT,-0.0035211267605633804,-0.09968354430379747,-0.08450704225352113
Sector neutral,2022-09-30,COST,-0.05985915492957746,-0.08069620253164557,0.06760563380281691
Sector neutral,2022-09-30,PG,0.0528169014084507,0.07120253164556962,-0.06760563380281691
Sector neutral,2022-09-30,KO,0.01056338028169014,0.10917721518987342,0.08450704225352113
Sector neutral,2022-09-30,JNJ,-0.056338028169014086,-0.0189873417721519,-0.028169014084507032
Sector neutral,2022-09-30,PFE,0.056338028169014086,0.0189873417721519,-0.011267605633802807
Sector neutral,2022-09-30,MRK,0.0,0.0,0.03943661971830987
Sector neutral,2022-09-30,XOM,0.02112676056338028,-0.00949367088607595,0.008450704225352114
Sector neutral,2022-09-30,CVX,-0.02112676056338028,0.00949367088607595,-0.008450704225352114
Sector neutral,2022-09-30,CAT,0.04929577464788732,-0.0189873417721519,0.04225352112676056
Sector neutral,2022-09-30,HON,-0.04929577464788732,0.0189873417721519,-0.04225352112676056
Sector neutral,2022-09-30,NEE,-0.08450704225352113,0.02848101265822785,-0.02535211267605634
Sector neutral,2022-09-30,DUK,0.08450704225352113,-0.02848101265822785,0.02535211267605634
Sector neutral,2022-10-31,AAPL,-0.009473684210526316,-0.08544303797468354,0.1642335766423358
Sector neutral,2022-10-31,MSFT,-0.04736842105263159,0.04746835443037975,-0.05474452554744526
Sector neutral,2022-10-31,NVDA,-0.07263157894736844,0.02848101265822785,-0.032846715328467155
Sector neutral,2022-10-31,ORCL,0.12947368421052632,0.00949367088607595,-0.07664233576642336
Sector neutral,2022-10-31,AMZN,-0.06736842105263159,-0.10759493670886075,-0.0291970802919708
Sector neutral,2022-10-31,HD,0.0968421052631579,-0.050632911392405056,-0.0510948905109489
Sector neutral,2022-10-31,MCD,-0.029473684210526326,0.15822784810126583,0.08029197080291972
Sector neutral,2022-10-31,WMT,-0.009473684210526316,-0.09968354430379747,-0.060218978102189784
Sector neutral,2022-10-31,COST,-0.07263157894736844,-0.08069620253164557,0.04927007299270073
Sector neutral,2022-10-31,PG,0.05368421052631579,0.07120253164556962,-0.0821167883211679
Sector neutral,2022-10-31,KO,0.02842105263157895,0.10917721518987342,0.09306569343065695
Sector neutral,2022-10-31,JNJ,-0.04210526315789473,-0.0189873417721519,0.029197080291970778
Sector neutral,2022-10-31,PFE,0.046315789473684234,0.0189873417721519,0.007299270072992675
Sector neutral,2022-10-31,MRK,-0.004210526315789459,0.0,-0.03649635036496353
Sector neutral,2022-10-31,XOM,0.012631578947368423,-0.00949367088607595,0.010948905109489052
Sector neutral,2022-10-31,CVX,-0.012631578947368423,0.00949367088607595,-0.010948905109489052
Sector neutral,2022-10-31,CAT,0.05052631578947369,-0.0189873417721519,0.032846715328467155
Sector neutral,2022-10-31,HON,-0.05052631578947369,0.0189873417721519,-0.032846715328467155
Sector neutral,2022-10-31,NEE,-0.08210526315789475,0.02848101265822785,0.032846715328467155
Sector neutral,2022-10-31,DUK,0.08210526315789475,-0.02848101265822785,-0.032846715328467155
Sector neutral,2022-11-30,AAPL,0.08571428571428572,-0.023076923076923078,0.124
Sector neutral,2022-11-30,MSFT,-0.014285714285714285,0.06923076923076923,-0.052
Sector neutral,2022-11-30,NVDA,-0.04285714285714286,0.05384615384615385,-0.068
Sector neutral,2022-11-30,ORCL,-0.02857142857142857,-0.1,-0.004
Sector neutral,2022-11-30,AMZN,-0.06666666666666665,-0.09230769230769231,-0.06933333333333333
Sector neutral,2022-11-30,HD,0.09047619047619049,-0.046153846153846156,-0.05333333333333333
Sector neutral,2022-11-30,MCD,-0.0238095238095238,0.13846153846153847,0.12266666666666667
Sector neutral,2022-11-30,WMT,-0.007142857142857143,-0.08846153846153847,0.008
Sector neutral,2022-11-30,COST,-0.07857142857142857,-0.07307692307692308,-0.024
Sector neutral,2022-11-30,PG,0.06428571428571428,0.06538461538461539,-0.072
Sector neutral,2022-11-30,KO,0.02142857142857143,0.09615384615384616,0.088
Sector neutral,2022-11-30,JNJ,-0.0476190476190476,-0.015384615384615385,0.04266666666666666
Sector neutral,2022-11-30,PFE,0.052380952380952396,0.015384615384615385,-0.11733333333333335
Sector neutral,2022-11-30,MRK,-0.004761904761904745,0.0,0.07466666666666666
Sector neutral,2022-11-30,XOM,0.02142857142857143,-0.007692307692307693,0.008
Sector neutral,2022-11-30,CVX,-0.02142857142857143,0.007692307692307693,-0.008
Sector neutral,2022-11-30,CAT,0.07142857142857142,-0.023076923076923078,0.024
Sector neutral,2022-11-30,HON,-0.07142857142857142,0.023076923076923078,-0.024
Sector neutral,2022-11-30,NEE,-0.09285714285714286,0.03076923076923077,-0.008
Sector neutral,2022-11-30,DUK,0.09285714285714286,-0.03076923076923077,0.008
Sector neutral,2022-12-31,AAPL,0.06221198156682028,-0.023076923076923078,-0.004109589041095891
Sector neutral,2022-12-31,MSFT,0.048387096774193554,0.06923076923076923,-0.05342465753424658
Sector neutral,2022-12-31,NVDA,-0.06221198156682028,0.05384615384615385,-0.036986301369863014
Sector neutral,2022-12-31,ORCL,-0.048387096774193554,-0.1,0.0945205479452055
Sector neutral,2022-12-31,AMZN,-0.041474654377880185,-0.09230769230769231,-0.07671232876712329
Sector neutral,2022-12-31,HD,0.09677419354838711,-0.046153846153846156,-0.027397260273972608
Sector neutral,2022-12-31,MCD,-0.055299539170506916,0.13846153846153847,0.10410958904109589
Sector neutral,2022-12-31,WMT,0.0034562211981566822,-0.08846153846153847,0.04109589041095891
Sector neutral,2022-12-31,COST,-0.051843317972350235,-0.07307692307692308,-0.07397260273972603
Sector neutral,2022-12-31,PG,0.0587557603686636,0.06538461538461539,-0.05753424657534247
Sector neutral,2022-12-31,KO,-0.010368663594470046,0.09615384615384616,0.09041095890410959
Sector neutral,2022-12-31,JNJ,-0.04608294930875575,-0.015384615384615385,0.027397260273972594
Sector neutral,2022-12-31,PFE,0.05069124423963135,0.015384615384615385,-0.12054794520547947
Sector neutral,2022-12-31,MRK,-0.0046082949308755596,0.0,0.09315068493150684
Sector neutral,2022-12-31,XOM,0.013824884792626729,-0.007692307692307693,0.016438356164383564
Sector neutral,2022-12-31,CVX,-0.013824884792626729,0.007692307692307693,-0.016438356164383564
Sector neutral,2022-12-31,CAT,0.07603686635944701,-0.023076923076923078,0.024657534246575345
Sector neutral,2022-12-31,HON,-0.07603686635944701,0.023076923076923078,-0.024657534246575345
Sector neutral,2022-12-31,NEE,-0.08986175115207373,0.03076923076923077,-0.008219178082191782
Sector neutral,2022-12-31,DUK,0.08986175115207373,-0.03076923076923077,0.008219178082191782
Sector neutral,2023-01-31,AAPL,0.06923076923076923,-0.023076923076923078,-0.048104956268221574
Sector neutral,2023-01-31,MSFT,0.05384615384615385,0.06923076923076923,-0.030612244897959186
Sector neutral,2023-01-31,NVDA,-0.08461538461538462,0.05384615384615385,-0.013119533527696793
Sector neutral,2023-01-31,ORCL,-0.038461538461538464,-0.1,0.09183673469387756
Sector neutral,2023-01-31,AMZN,-0.08717948717948718,-0.09230769230769231,-0.08746355685131196
Sector neutral,2023-01-31,HD,0.12820512820512822,-0.046153846153846156,-0.01749271137026239
Sector neutral,2023-01-31,MCD,-0.04102564102564102,0.13846153846153847,0.10495626822157435
Sector neutral,2023-01-31,WMT,-0.011538461538461539,-0.08846153846153847,0.026239067055393587
Sector neutral,2023-01-31,COST,-0.07307692307692308,-0.07307692307692308,-0.04373177842565598
Sector neutral,2023-01-31,PG,0.08076923076923077,0.06538461538461539,-0.06122448979591837
Sector neutral,2023-01-31,KO,0.0038461538461538464,0.09615384615384616,0.07871720116618076
Sector neutral,2023-01-31,JNJ,-0.020512820512820495,-0.015384615384615385,-0.011661807580174917
Sector neutral,2023-01-31,PFE,0.02564102564102566,0.015384615384615385,-0.09912536443148687
Sector neutral,2023-01-31,MRK,-0.00512820512820511,0.0,0.11078717201166183
Sector neutral,2023-01-31,XOM,-0.007692307692307693,-0.007692307692307693,0.008746355685131196
Sector neutral,2023-01-31,CVX,0.007692307692307693,0.007692307692307693,-0.008746355685131196
Sector neutral,2023-01-31,CAT,0.05384615384615385,-0.023076923076923078,0.01749271137026239
Sector neutral,2023-01-31,HON,-0.05384615384615385,0.023076923076923078,-0.01749271137026239
Sector neutral,2023-01-31,NEE,-0.07692307692307693,0.03076923076923077,0.06122448979591837
Sector neutral,2023-01-31,DUK,0.07692307692307693,-0.03076923076923077,-0.06122448979591837
Sector neutral,2023-02-28,AAPL,0.0430622009569378,-0.023076923076923078,-0.04433497536945812
Sector neutral,2023-02-28,MSFT,0.05741626794258374,0.06923076923076923,-0.07389162561576354
Sector neutral,2023-02-28,NVDA,-0.07177033492822968,0.05384615384615385,-0.014778325123152709
Sector neutral,2023-02-28,ORCL,-0.02870813397129187,-0.1,0.1330049261083744
Sector neutral,2023-02-28,AMZN,-0.0813397129186603,-0.09230769230769231,-0.11330049261083742
Sector neutral,2023-02-28,HD,0.1196172248803828,-0.046153846153846156,0.019704433497536953
Sector neutral,2023-02-28,MCD,-0.03827751196172249,0.13846153846153847,0.09359605911330049
Sector neutral,2023-02-28,WMT,-0.014354066985645935,-0.08846153846153847,0.07758620689655171
Sector neutral,2023-02-28,COST,-0.05741626794258374,-0.07307692307692308,0.003694581280788177
Sector neutral,2023-02-28,PG,0.07177033492822968,0.06538461538461539,-0.07019704433497537
Sector neutral,2023-02-28,KO,0.0,0.09615384615384616,-0.01108374384236453
Sector neutral,2023-02-28,JNJ,0.014354066985645935,-0.015384615384615385,-0.004926108374384245
Sector neutral,2023-02-28,PFE,0.0430622009569378,0.015384615384615385,-0.10837438423645321
Sector neutral,2023-02-28,MRK,-0.05741626794258374,0.0,0.11330049261083742
Sector neutral,2023-02-28,XOM,-0.0215311004784689,-0.007692307692307693,0.014778325123152709
Sector neutral,2023-02-28,CVX,0.0215311004784689,0.007692307692307693,-0.014778325123152709
Sector neutral,2023-02-28,CAT,0.03588516746411484,-0.023076923076923078,0.029556650246305417
Sector neutral,2023-02-28,HON,-0.03588516746411484,0.023076923076923078,-0.029556650246305417
Sector neutral,2023-02-28,NEE,-0.09330143540669858,0.03076923076923077,-0.014778325123152709
Sector neutral,2023-02-28,DUK,0.09330143540669858,-0.03076923076923077,0.014778325123152709
Sector neutral,2023-03-31,AAPL,0.08108108108108109,-0.023076923076923078,-0.030405405405405407
Sector neutral,2023-03-31,MSFT,0.016216216216216217,0.06923076923076923,-0.07094594594594594
Sector neutral,2023-03-31,NVDA,-0.06486486486486487,0.05384615384615385,0.02364864864864865
Sector neutral,2023-03-31,ORCL,-0.032432432432432434,-0.1,0.0777027027027027
Sector neutral,2023-03-31,AMZN,-0.09189189189189188,-0.09230769230769231,-0.12612612612612614
Sector neutral,2023-03-31,HD,0.13513513513513514,-0.046153846153846156,0.03603603603603603
Sector neutral,2023-03-31,MCD,-0.04324324324324324,0.13846153846153847,0.09009009009009009
Sector neutral,2023-03-31,WMT,-0.012162162162162163,-0.08846153846153847,0.02702702702702703
Sector neutral,2023-03-31,COST,-0.060810810810810814,-0.07307692307692308,-0.04054054054054054
Sector neutral,2023-03-31,PG,0.052702702702702706,0.06538461538461539,0.0
Sector neutral,2023-03-31,KO,0.02027027027027027,0.09615384615384616,0.013513513513513514
Sector neutral,2023-03-31,JNJ,0.0,-0.015384615384615385,-0.0855855855855856
Sector neutral,2023-03-31,PFE,0.04864864864864865,0.015384615384615385,-0.07207207207207209
Sector neutral,2023-03-31,MRK,-0.04864864864864865,0.0,0.15765765765765766
Sector neutral,2023-03-31,XOM,-0.008108108108108109,-0.007692307692307693,0.033783783783783786
Sector neutral,2023-03-31,CVX,0.008108108108108109,0.007692307692307693,-0.033783783783783786
Sector neutral,2023-03-31,CAT,0.04864864864864865,-0.023076923076923078,0.02027027027027027
Sector neutral,2023-03-31,HON,-0.04864864864864865,0.023076923076923078,-0.02027027027027027
Sector neutral,2023-03-31,NEE,-0.0891891891891892,0.03076923076923077,0.02027027027027027
Sector neutral,2023-03-31,DUK,0.0891891891891892,-0.03076923076923077,-0.02027027027027027
Sector neutral,2023-04-30,AAPL,0.075,-0.023076923076923078,-0.03683035714285715
Sector neutral,2023-04-30,MSFT,0.015,0.06923076923076923,-0.06361607142857144
Sector neutral,2023-04-30,NVDA,-0.06,0.05384615384615385,0.04352678571428572
Sector neutral,2023-04-30,ORCL,-0.03,-0.1,0.05691964285714286
Sector neutral,2023-04-30,AMZN,-0.08,-0.09230769230769231,-0.07589285714285715
Sector neutral,2023-04-30,HD,0.11499999999999998,-0.046153846153846156,-0.008928571428571421
Sector neutral,2023-04-30,MCD,-0.035,0.13846153846153847,0.08482142857142859
Sector neutral,2023-04-30,WMT,-0.01125,-0.08846153846153847,0.020089285714285716
Sector neutral,2023-04-30,COST,-0.056249999999999994,-0.07307692307692308,-0.006696428571428572
Sector neutral,2023-04-30,PG,0.048749999999999995,0.06538461538461539,-0.020089285714285716
Sector neutral,2023-04-30,KO,0.01875,0.09615384615384616,0.006696428571428572
Sector neutral,2023-04-30,JNJ,-0.004999999999999982,-0.015384615384615385,-0.08035714285714286
Sector neutral,2023-04-30,PFE,0.055000000000000014,0.015384615384615385,-0.06696428571428573
Sector neutral,2023-04-30,MRK,-0.04999999999999998,0.0,0.1473214285714286
Sector neutral,2023-04-30,XOM,-0.0225,-0.007692307692307693,0.03348214285714286
Sector neutral,2023-04-30,CVX,0.0225,0.007692307692307693,-0.03348214285714286
Sector neutral,2023-04-30,CAT,0.0525,-0.023076923076923078,0.026785714285714288
Sector neutral,2023-04-30,HON,-0.0525,0.023076923076923078,-0.026785714285714288
Sector neutral,2023-04-30,NEE,-0.09749999999999999,0.03076923076923077,0.08035714285714286
Sector neutral,2023-04-30,DUK,0.09749999999999999,-0.03076923076923077,-0.08035714285714286
Sector neutral,2023-05-31,AAPL,0.0661764705882353,-0.023076923076923078,-0.02282608695652174
Sector neutral,2023-05-31,MSFT,0.022058823529411766,0.06923076923076923,-0.035869565217391305
Sector neutral,2023-05-31,NVDA,-0.051470588235294115,0.05384615384615385,0.003260869565217391
Sector neutral,2023-05-31,ORCL,-0.03676470588235294,-0.1,0.05543478260869565
Sector neutral,2023-05-31,AMZN,-0.07843137254901962,-0.09230769230769231,-0.06956521739130435
Sector neutral,2023-05-31,HD,0.11274509803921567,-0.046153846153846156,-0.04347826086956522
Sector neutral,2023-05-31,MCD,-0.03431372549019609,0.13846153846153847,0.11304347826086955
Sector neutral,2023-05-31,WMT,-0.01838235294117647,-0.08846153846153847,0.06847826086956521
Sector neutral,2023-05-31,COST,-0.0625,-0.07307692307692308,0.003260869565217391
Sector neutral,2023-05-31,PG,0.05514705882352941,0.06538461538461539,-0.009782608695652173
Sector neutral,2023-05-31,KO,0.025735294117647058,0.09615384615384616,-0.06195652173913043
Sector neutral,2023-05-31,JNJ,-0.02450980392156862,-0.015384615384615385,-0.06956521739130433
Sector neutral,2023-05-31,PFE,0.06372549019607844,0.015384615384615385,-0.08260869565217391
Sector neutral,2023-05-31,MRK,-0.039215686274509796,0.0,0.15217391304347827
Sector neutral,2023-05-31,XOM,-0.007352941176470588,-0.007692307692307693,0.06521739130434782
Sector neutral,2023-05-31,CVX,0.007352941176470588,0.007692307692307693,-0.06521739130434782
Sector neutral,2023-05-31,CAT,0.058823529411764705,-0.023076923076923078,-0.006521739130434782
Sector neutral,2023-05-31,HON,-0.058823529411764705,0.023076923076923078,0.006521739130434782
Sector neutral,2023-05-31,NEE,-0.08823529411764706,0.03076923076923077,0.03260869565217391
Sector neutral,2023-05-31,DUK,0.08823529411764706,-0.03076923076923077,-0.03260869565217391
Sector neutral,2023-06-30,AAPL,0.06048387096774194,-0.003712871287128713,-0.012857142857142855
Sector neutral,2023-06-30,MSFT,0.028225806451612902,0.055693069306930694,-0.04714285714285713
Sector neutral,2023-06-30,NVDA,-0.05241935483870968,0.04084158415841584,0.03857142857142856
Sector neutral,2023-06-30,ORCL,-0.036290322580645164,-0.09282178217821783,0.021428571428571425
Sector neutral,2023-06-30,AMZN,-0.10752688172043011,-0.09900990099009901,-0.011428571428571416
Sector neutral,2023-06-30,HD,0.13440860215053763,-0.03960396039603961,-0.04571428571428569
Sector neutral,2023-06-30,MCD,-0.02688172043010753,0.1386138613861386,0.05714285714285714
Sector neutral,2023-06-30,WMT,-0.016129032258064516,-0.07797029702970297,0.14571428571428569
Sector neutral,2023-06-30,COST,-0.08064516129032258,-0.06311881188118812,-0.00857142857142857
Sector neutral,2023-06-30,PG,0.06451612903225806,0.055693069306930694,-0.05999999999999999
Sector neutral,2023-06-30,KO,0.03225806451612903,0.0853960396039604,-0.07714285714285712
Sector neutral,2023-06-30,JNJ,-0.03763440860215052,-0.024752475247524747,-0.06285714285714285
Sector neutral,2023-06-30,PFE,0.059139784946236576,0.03465346534653466,-0.09714285714285713
Sector neutral,2023-06-30,MRK,-0.021505376344086002,-0.009900990099009892,0.15999999999999995
Sector neutral,2023-06-30,XOM,0.008064516129032258,-0.014851485148514853,0.04285714285714285
Sector neutral,2023-06-30,CVX,-0.008064516129032258,0.014851485148514853,-0.04285714285714285
Sector neutral,2023-06-30,CAT,0.056451612903225805,-0.014851485148514853,0.01714285714285714
Sector neutral,2023-06-30,HON,-0.056451612903225805,0.014851485148514853,-0.01714285714285714
Sector neutral,2023-06-30,NEE,-0.056451612903225805,0.05940594059405941,0.01714285714285714
Sector neutral,2023-06-30,DUK,0.056451612903225805,-0.05940594059405941,-0.01714285714285714
Sector neutral,2023-07-31,AAPL,0.06140350877192982,0.033482142857142856,-0.03
Sector neutral,2023-07-31,MSFT,0.043859649122807015,0.07366071428571429,-0.045
Sector neutral,2023-07-31,NVDA,-0.06140350877192982,-0.046875,0.045
Sector neutral,2023-07-31,ORCL,-0.043859649122807015,-0.06026785714285714,0.03
Sector neutral,2023-07-31,AMZN,-0.12280701754385964,-0.09375,-0.054999999999999986
Sector neutral,2023-07-31,HD,0.14035087719298245,-0.040178571428571425,-0.02499999999999999
Sector neutral,2023-07-31,MCD,-0.017543859649122806,0.13392857142857142,0.08
Sector neutral,2023-07-31,WMT,-0.05701754385964912,-0.07700892857142856,0.10124999999999999
Sector neutral,2023-07-31,COST,-0.07456140350877193,-0.06361607142857142,-0.033749999999999995
Sector neutral,2023-07-31,PG,0.08333333333333333,0.056919642857142856,0.02625
Sector neutral,2023-07-31,KO,0.04824561403508772,0.08370535714285714,-0.09375
Sector neutral,2023-07-31,JNJ,-0.05263157894736842,-0.022321428571428586,-0.045
Sector neutral,2023-07-31,PFE,0.05263157894736842,0.031249999999999983,-0.105
Sector neutral,2023-07-31,MRK,0.0,-0.008928571428571444,0.15
Sector neutral,2023-07-31,XOM,0.008771929824561403,-0.013392857142857142,0.0375
Sector neutral,2023-07-31,CVX,-0.008771929824561403,0.013392857142857142,-0.0375
Sector neutral,2023-07-31,CAT,0.02631578947368421,-0.013392857142857142,0.0225
Sector neutral,2023-07-31,HON,-0.02631578947368421,0.013392857142857142,-0.0225
Sector neutral,2023-07-31,NEE,-0.03508771929824561,0.06026785714285714,0.0075
Sector neutral,2023-07-31,DUK,0.03508771929824561,-0.06026785714285714,-0.0075
Sector neutral,2023-08-31,AAPL,0.0784313725490196,0.033482142857142856,-0.05625000000000001
Sector neutral,2023-08-31,MSFT,0.0196078431372549,0.07366071428571429,-0.026250000000000002
Sector neutral,2023-08-31,NVDA,-0.058823529411764705,-0.046875,0.04875000000000001
Sector neutral,2023-08-31,ORCL,-0.0392156862745098,-0.06026785714285714,0.03375
Sector neutral,2023-08-31,AMZN,-0.13725490196078433,-0.09375,-0.06500000000000002
Sector neutral,2023-08-31,HD,0.1568627450980392,-0.040178571428571425,0.009999999999999993
Sector neutral,2023-08-31,MCD,-0.0196078431372549,0.13392857142857142,0.055
Sector neutral,2023-08-31,WMT,-0.05392156862745098,-0.07700892857142856,0.10500000000000001
Sector neutral,2023-08-31,COST,-0.07352941176470588,-0.06361607142857142,-0.030000000000000006
Sector neutral,2023-08-31,PG,0.08333333333333333,0.056919642857142856,0.015000000000000003
Sector neutral,2023-08-31,KO,0.04411764705882353,0.08370535714285714,-0.09000000000000001
Sector neutral,2023-08-31,JNJ,-0.058823529411764705,-0.022321428571428586,0.015000000000000003
Sector neutral,2023-08-31,PFE,0.058823529411764705,0.031249999999999983,-0.12000000000000002
Sector neutral,2023-08-31,MRK,0.0,-0.008928571428571444,0.10500000000000001
Sector neutral,2023-08-31,XOM,0.00980392156862745,-0.013392857142857142,0.030000000000000006
Sector neutral,2023-08-31,CVX,-0.00980392156862745,0.013392857142857142,-0.030000000000000006
Sector neutral,2023-08-31,CAT,0.0196078431372549,-0.013392857142857142,0.07500000000000001
Sector neutral,2023-08-31,HON,-0.0196078431372549,0.013392857142857142,-0.07500000000000001
Sector neutral,2023-08-31,NEE,-0.029411764705882353,0.06026785714285714,-0.0075000000000000015
Sector neutral,2023-08-31,DUK,0.029411764705882353,-0.06026785714285714,0.0075000000000000015
Sector neutral,2023-09-30,AAPL,0.07272727272727272,0.033482142857142856,-0.041436464088397795
Sector neutral,2023-09-30,MSFT,0.01818181818181818,0.07366071428571429,-0.024861878453038676
Sector neutral,2023-09-30,NVDA,-0.05454545454545454,-0.046875,0.041436464088397795
Sector neutral,2023-09-30,ORCL,-0.03636363636363636,-0.06026785714285714,0.024861878453038676
Sector neutral,2023-09-30,AMZN,-0.13333333333333333,-0.09375,-0.0441988950276243
Sector neutral,2023-09-30,HD,0.15757575757575756,-0.040178571428571425,-0.011049723756906068
Sector neutral,2023-09-30,MCD,-0.024242424242424253,0.13392857142857142,0.0552486187845304
Sector neutral,2023-09-30,WMT,-0.05909090909090909,-0.07700892857142856,0.0994475138121547
Sector neutral,2023-09-30,COST,-0.07727272727272727,-0.06361607142857142,-0.03314917127071824
Sector neutral,2023-09-30,PG,0.08636363636363636,0.056919642857142856,0.03314917127071824
Sector neutral,2023-09-30,KO,0.05,0.08370535714285714,-0.0994475138121547
Sector neutral,2023-09-30,JNJ,-0.048484848484848506,-0.022321428571428586,-0.0276243093922652
Sector neutral,2023-09-30,PFE,0.06060606060606059,0.031249999999999983,-0.07734806629834255
Sector neutral,2023-09-30,MRK,-0.012121212121212142,-0.008928571428571444,0.10497237569060774
Sector neutral,2023-09-30,XOM,0.00909090909090909,-0.013392857142857142,0.03314917127071824
Sector neutral,2023-09-30,CVX,-0.00909090909090909,0.013392857142857142,-0.03314917127071824
Sector neutral,2023-09-30,CAT,0.02727272727272727,-0.013392857142857142,0.0994475138121547
Sector neutral,2023-09-30,HON,-0.02727272727272727,0.013392857142857142,-0.0994475138121547
Sector neutral,2023-09-30,NEE,-0.01818181818181818,0.06026785714285714,-0.00828729281767956
Sector neutral,2023-09-30,DUK,0.01818181818181818,-0.06026785714285714,0.00828729281767956
Sector neutral,2023-10-31,AAPL,0.07317073170731707,0.033482142857142856,-0.08139534883720931
Sector neutral,2023-10-31,MSFT,0.018292682926829267,0.07366071428571429,0.011627906976744186
Sector neutral,2023-10-31,NVDA,-0.0548780487804878,-0.046875,0.04263565891472868
Sector neutral,2023-10-31,ORCL,-0.036585365853658534,-0.06026785714285714,0.027131782945736434
Sector neutral,2023-10-31,AMZN,-0.13414634146341464,-0.09375,0.07235142118863049
Sector neutral,2023-10-31,HD,0.15853658536585363,-0.040178571428571425,-0.020671834625323005
Sector neutral,2023-10-31,MCD,-0.024390243902439032,0.13392857142857142,-0.051679586563307504
Sector neutral,2023-10-31,WMT,-0.0548780487804878,-0.07700892857142856,0.07751937984496124
Sector neutral,2023-10-31,COST,-0.07317073170731707,-0.06361607142857142,0.031007751937984496
Sector neutral,2023-10-31,PG,0.07317073170731707,0.056919642857142856,0.015503875968992248
Sector neutral,2023-10-31,KO,0.0548780487804878,0.08370535714285714,-0.12403100775193798
Sector neutral,2023-10-31,JNJ,-0.04268292682926827,-0.022321428571428586,-0.025839793281653752
Sector neutral,2023-10-31,PFE,0.06707317073170734,0.031249999999999983,-0.056847545219638244
Sector neutral,2023-10-31,MRK,-0.024390243902439,-0.008928571428571444,0.08268733850129198
Sector neutral,2023-10-31,XOM,0.009146341463414634,-0.013392857142857142,0.023255813953488372
Sector neutral,2023-10-31,CVX,-0.009146341463414634,0.013392857142857142,-0.023255813953488372
Sector neutral,2023-10-31,CAT,0.0274390243902439,-0.013392857142857142,0.08527131782945736
Sector neutral,2023-10-31,HON,-0.0274390243902439,0.013392857142857142,-0.08527131782945736
Sector neutral,2023-10-31,NEE,-0.018292682926829267,0.06026785714285714,-0.031007751937984496
Sector neutral,2023-10-31,DUK,0.018292682926829267,-0.06026785714285714,0.031007751937984496
Sector neutral,2023-11-30,AAPL,0.06372549019607843,0.033482142857142856,-0.031578947368421054
Sector neutral,2023-11-30,MSFT,-0.014705882352941176,0.07366071428571429,0.015789473684210527
Sector neutral,2023-11-30,NVDA,-0.05392156862745098,-0.06026785714285714,0.031578947368421054
Sector neutral,2023-11-30,ORCL,0.004901960784313725,-0.046875,-0.015789473684210527
Sector neutral,2023-11-30,AMZN,-0.13725490196078433,-0.09375,0.10526315789473682
Sector neutral,2023-11-30,HD,0.1568627450980392,-0.040178571428571425,-0.06842105263157895
Sector neutral,2023-11-30,MCD,-0.0196078431372549,0.13392857142857142,-0.036842105263157905
Sector neutral,2023-11-30,WMT,-0.049019607843137254,-0.07700892857142856,0.05526315789473684
Sector neutral,2023-11-30,COST,-0.10784313725490197,-0.06361607142857142,0.039473684210526314
Sector neutral,2023-11-30,PG,0.08823529411764706,0.056919642857142856,0.007894736842105263
Sector neutral,2023-11-30,KO,0.06862745098039216,0.08370535714285714,-0.10263157894736842
Sector neutral,2023-11-30,JNJ,-0.058823529411764705,-0.022321428571428586,-0.031578947368421054
Sector neutral,2023-11-30,PFE,0.058823529411764705,0.031249999999999983,-0.06315789473684211
Sector neutral,2023-11-30,MRK,0.0,-0.008928571428571444,0.09473684210526316
Sector neutral,2023-11-30,XOM,0.00980392156862745,-0.013392857142857142,0.031578947368421054
Sector neutral,2023-11-30,CVX,-0.00980392156862745,0.013392857142857142,-0.031578947368421054
Sector neutral,2023-11-30,CAT,0.0392156862745098,-0.013392857142857142,0.07105263157894737
Sector neutral,2023-11-30,HON,-0.0392156862745098,0.013392857142857142,-0.07105263157894737
Sector neutral,2023-11-30,NEE,-0.00980392156862745,0.06026785714285714,-0.04736842105263158
Sector neutral,2023-11-30,DUK,0.00980392156862745,-0.06026785714285714,0.04736842105263158
Sector neutral,2023-12-31,AAPL,0.050304878048780484,0.033482142857142856,-0.009615384615384616
Sector neutral,2023-12-31,MSFT,-0.022865853658536585,0.07366071428571429,0.009615384615384616
Sector neutral,2023-12-31,NVDA,-0.05945121951219512,-0.06026785714285714,0.04807692307692308
Sector neutral,2023-12-31,ORCL,0.03201219512195122,-0.046875,-0.04807692307692308
Sector neutral,2023-12-31,AMZN,-0.12195121951219512,-0.09375,0.08974358974358973
Sector neutral,2023-12-31,HD,0.15243902439024387,-0.040178571428571425,-0.06410256410256411
Sector neutral,2023-12-31,MCD,-0.030487804878048783,0.13392857142857142,-0.025641025641025654
Sector neutral,2023-12-31,WMT,-0.05945121951219512,-0.07700892857142856,0.057692307692307696
Sector neutral,2023-12-31,COST,-0.09603658536585365,-0.06361607142857142,0.09615384615384616
Sector neutral,2023-12-31,PG,0.08689024390243902,0.056919642857142856,-0.019230769230769232
Sector neutral,2023-12-31,KO,0.06859756097560975,0.08370535714285714,-0.1346153846153846
Sector neutral,2023-12-31,JNJ,-0.0548780487804878,-0.022321428571428586,0.012820512820512827
Sector neutral,2023-12-31,PFE,0.0548780487804878,0.031249999999999983,-0.0641025641025641
Sector neutral,2023-12-31,MRK,0.0,-0.008928571428571444,0.05128205128205129
Sector neutral,2023-12-31,XOM,0.009146341463414634,-0.013392857142857142,0.057692307692307696
Sector neutral,2023-12-31,CVX,-0.009146341463414634,0.013392857142857142,-0.057692307692307696
Sector neutral,2023-12-31,CAT,0.036585365853658534,-0.013392857142857142,0.038461538461538464
Sector neutral,2023-12-31,HON,-0.036585365853658534,0.013392857142857142,-0.038461538461538464
Sector neutral,2023-12-31,NEE,0.009146341463414634,0.06026785714285714,-0.038461538461538464
Sector neutral,2023-12-31,DUK,-0.009146341463414634,-0.06026785714285714,0.038461538461538464
Sector neutral,2024-01-31,AAPL,0.05454545454545454,0.033482142857142856,-0.02640845070422535
Sector neutral,2024-01-31,MSFT,-0.01818181818181818,0.07366071428571429,0.03697183098591549
Sector neutral,2024-01-31,NVDA,-0.05454545454545454,-0.06026785714285714,0.058098591549295774
Sector neutral,2024-01-31,ORCL,0.01818181818181818,-0.046875,-0.06866197183098591
Sector neutral,2024-01-31,AMZN,-0.13333333333333333,-0.09375,0.07746478873239435
Sector neutral,2024-01-31,HD,0.15757575757575756,-0.040178571428571425,-0.049295774647887335
Sector neutral,2024-01-31,MCD,-0.024242424242424253,0.13392857142857142,-0.028169014084507053
Sector neutral,2024-01-31,WMT,-0.05909090909090909,-0.07700892857142856,0.058098591549295774
Sector neutral,2024-01-31,COST,-0.09545454545454546,-0.06361607142857142,0.10035211267605633
Sector neutral,2024-01-31,PG,0.08636363636363636,0.056919642857142856,-0.04753521126760563
Sector neutral,2024-01-31,KO,0.06818181818181818,0.08370535714285714,-0.11091549295774647
Sector neutral,2024-01-31,JNJ,-0.048484848484848506,-0.022321428571428586,0.0
Sector neutral,2024-01-31,PFE,0.06060606060606059,0.031249999999999983,-0.08450704225352113
Sector neutral,2024-01-31,MRK,-0.012121212121212142,-0.008928571428571444,0.08450704225352113
Sector neutral,2024-01-31,XOM,0.00909090909090909,-0.013392857142857142,0.02112676056338028
Sector neutral,2024-01-31,CVX,-0.00909090909090909,0.013392857142857142,-0.02112676056338028
Sector neutral,2024-01-31,CAT,0.03636363636363636,-0.013392857142857142,0.03169014084507042
Sector neutral,2024-01-31,HON,-0.03636363636363636,0.013392857142857142,-0.03169014084507042
Sector neutral,2024-01-31,NEE,0.00909090909090909,0.06026785714285714,-0.03169014084507042
Sector neutral,2024-01-31,DUK,-0.00909090909090909,-0.06026785714285714,0.03169014084507042
Sector neutral,2024-02-29,AAPL,0.056249999999999994,0.033482142857142856,-0.014240506329113924
Sector neutral,2024-02-29,MSFT,-0.01875,0.07366071428571429,0.02373417721518987
Sector neutral,2024-02-29,NVDA,-0.056249999999999994,-0.06026785714285714,0.06170886075949367
Sector neutral,2024-02-29,ORCL,0.01875,-0.046875,-0.07120253164556961
Sector neutral,2024-02-29,AMZN,-0.1375,-0.09375,0.08860759493670885
Sector neutral,2024-02-29,HD,0.16249999999999998,-0.040178571428571425,-0.006329113924050643
Sector neutral,2024-02-29,MCD,-0.02500000000000001,0.13392857142857142,-0.08227848101265824
Sector neutral,2024-02-29,WMT,-0.046875,-0.07700892857142856,0.056962025316455694
Sector neutral,2024-02-29,COST,-0.08437499999999999,-0.06361607142857142,0.09493670886075949
Sector neutral,2024-02-29,PG,0.08437499999999999,0.056919642857142856,-0.018987341772151896
Sector neutral,2024-02-29,KO,0.046875,0.08370535714285714,-0.13291139240506328
Sector neutral,2024-02-29,JNJ,-0.0375,-0.022321428571428586,0.025316455696202524
Sector neutral,2024-02-29,PFE,0.056249999999999994,0.031249999999999983,-0.08860759493670886
Sector neutral,2024-02-29,MRK,-0.01875,-0.008928571428571444,0.06329113924050632
Sector neutral,2024-02-29,XOM,0.009375,-0.013392857142857142,0.009493670886075948
Sector neutral,2024-02-29,CVX,-0.009375,0.013392857142857142,-0.009493670886075948
Sector neutral,2024-02-29,CAT,0.028124999999999997,-0.013392857142857142,0.03797468354430379
Sector neutral,2024-02-29,HON,-0.028124999999999997,0.013392857142857142,-0.03797468354430379
Sector neutral,2024-02-29,NEE,0.0375,0.06026785714285714,-0.03797468354430379
Sector neutral,2024-02-29,DUK,-0.0375,-0.06026785714285714,0.03797468354430379
Sector neutral,2024-03-31,AAPL,0.11671469740634005,0.033482142857142856,-0.06721698113207548
Sector neutral,2024-03-31,MSFT,-0.03890489913544668,0.07366071428571429,0.03183962264150944
Sector neutral,2024-03-31,NVDA,-0.07348703170028818,-0.06026785714285714,0.07429245283018869
Sector neutral,2024-03-31,ORCL,-0.004322766570605187,-0.046875,-0.03891509433962265
Sector neutral,2024-03-31,AMZN,-0.12680115273775217,-0.09375,0.061320754716981146
Sector neutral,2024-03-31,HD,0.14985590778097982,-0.040178571428571425,0.018867924528301896
Sector neutral,2024-03-31,MCD,-0.023054755043227675,0.13392857142857142,-0.08018867924528301
Sector neutral,2024-03-31,WMT,-0.06051873198847262,-0.07700892857142856,0.03183962264150944
Sector neutral,2024-03-31,COST,-0.09510086455331412,-0.06361607142857142,0.10259433962264153
Sector neutral,2024-03-31,PG,0.09510086455331412,0.056919642857142856,-0.010613207547169812
Sector neutral,2024-03-31,KO,0.06051873198847262,0.08370535714285714,-0.12382075471698115
Sector neutral,2024-03-31,JNJ,-0.034582132564841495,-0.022321428571428586,0.018867924528301886
Sector neutral,2024-03-31,PFE,0.05187319884726225,0.031249999999999983,-0.09433962264150945
Sector neutral,2024-03-31,MRK,-0.017291066282420747,-0.008928571428571444,0.07547169811320756
Sector neutral,2024-03-31,XOM,-0.008645533141210374,-0.013392857142857142,0.007075471698113209
Sector neutral,2024-03-31,CVX,0.008645533141210374,0.013392857142857142,-0.007075471698113209
Sector neutral,2024-03-31,CAT,-0.008645533141210374,-0.013392857142857142,0.06367924528301888
Sector neutral,2024-03-31,HON,0.008645533141210374,0.013392857142857142,-0.06367924528301888
Sector neutral,2024-03-31,NEE,-0.008645533141210374,0.06026785714285714,-0.014150943396226417
Sector neutral,2024-03-31,DUK,0.008645533141210374,-0.06026785714285714,0.014150943396226417
Sector neutral,2024-04-30,AAPL,0.11093247588424437,0.033482142857142856,-0.07268722466960352
Sector neutral,2024-04-30,MSFT,-0.024115755627009645,0.07366071428571429,0.019823788546255505
Sector neutral,2024-04-30,NVDA,-0.0819935691318328,-0.06026785714285714,0.07268722466960352
Sector neutral,2024-04-30,ORCL,-0.004823151125401929,-0.046875,-0.019823788546255505
Sector neutral,2024-04-30,AMZN,-0.1414790996784566,-0.09375,0.08370044052863436
Sector neutral,2024-04-30,HD,0.16720257234726688,-0.040178571428571425,0.017621145374449344
Sector neutral,2024-04-30,MCD,-0.0257234726688103,0.13392857142857142,-0.10132158590308368
Sector neutral,2024-04-30,WMT,-0.05787781350482315,-0.07700892857142856,0.042951541850220265
Sector neutral,2024-04-30,COST,-0.07717041800643086,-0.06361607142857142,0.08259911894273127
Sector neutral,2024-04-30,PG,0.07717041800643086,0.056919642857142856,-0.009911894273127752
Sector neutral,2024-04-30,KO,0.05787781350482315,0.08370535714285714,-0.11563876651982379
Sector neutral,2024-04-30,JNJ,-0.019292604501607715,-0.022321428571428586,-0.004405286343612331
Sector neutral,2024-04-30,PFE,0.05787781350482315,0.031249999999999983,-0.07048458149779735
Sector neutral,2024-04-30,MRK,-0.03858520900321543,-0.008928571428571444,0.07488986784140969
Sector neutral,2024-04-30,XOM,-0.009646302250803858,-0.013392857142857142,0.026431718061674006
Sector neutral,2024-04-30,CVX,0.009646302250803858,0.013392857142857142,-0.026431718061674006
Sector neutral,2024-04-30,CAT,0.009646302250803858,-0.013392857142857142,0.046255506607929514
Sector neutral,2024-04-30,HON,-0.009646302250803858,0.013392857142857142,-0.046255506607929514
Sector neutral,2024-04-30,NEE,-0.009646302250803858,0.06026785714285714,-0.03303964757709251
Sector neutral,2024-04-30,DUK,0.009646302250803858,-0.06026785714285714,0.03303964757709251
Sector neutral,2024-05-31,AAPL,0.07046979865771813,0.033482142857142856,-0.07471264367816093
Sector neutral,2024-05-31,MSFT,-0.010067114093959733,0.07366071428571429,0.028735632183908046
Sector neutral,2024-05-31,NVDA,-0.07046979865771813,-0.06026785714285714,0.08620689655172414
Sector neutral,2024-05-31,ORCL,0.010067114093959733,-0.046875,-0.040229885057471264
Sector neutral,2024-05-31,AMZN,-0.16778523489932887,-0.09375,0.0842911877394636
Sector neutral,2024-05-31,HD,0.15436241610738255,-0.040178571428571425,0.015325670498084297
Sector neutral,2024-05-31,MCD,0.013422818791946298,0.13392857142857142,-0.09961685823754789
Sector neutral,2024-05-31,WMT,-0.07046979865771813,-0.07700892857142856,0.020114942528735632
Sector neutral,2024-05-31,COST,-0.09060402684563759,-0.06361607142857142,0.05459770114942529
Sector neutral,2024-05-31,PG,0.09060402684563759,0.056919642857142856,-0.0028735632183908046
Sector neutral,2024-05-31,KO,0.07046979865771813,0.08370535714285714,-0.07183908045977011
Sector neutral,2024-05-31,JNJ,-0.020134228187919465,-0.022321428571428586,-0.030651340996168584
Sector neutral,2024-05-31,PFE,0.06040268456375839,0.031249999999999983,-0.05363984674329502
Sector neutral,2024-05-31,MRK,-0.04026845637583893,-0.008928571428571444,0.0842911877394636
Sector neutral,2024-05-31,XOM,0.010067114093959733,-0.013392857142857142,0.017241379310344827
Sector neutral,2024-05-31,CVX,-0.010067114093959733,0.013392857142857142,-0.017241379310344827
Sector neutral,2024-05-31,CAT,0.010067114093959733,-0.013392857142857142,0.06896551724137931
Sector neutral,2024-05-31,HON,-0.010067114093959733,0.013392857142857142,-0.06896551724137931
Sector neutral,2024-05-31,NEE,-0.010067114093959733,0.06026785714285714,-0.040229885057471264
Sector neutral,2024-05-31,DUK,0.010067114093959733,-0.06026785714285714,0.040229885057471264
Sector neutral,2024-06-30,AAPL,0.0398936170212766,0.012096774193548388,-0.062264150943396226
Sector neutral,2024-06-30,MSFT,0.023936170212765957,0.048387096774193554,0.03962264150943397
Sector neutral,2024-06-30,NVDA,-0.07180851063829788,-0.036290322580645164,0.09622641509433963
Sector neutral,2024-06-30,ORCL,0.00797872340425532,-0.024193548387096777,-0.07358490566037736
Sector neutral,2024-06-30,AMZN,-0.10106382978723405,-0.06451612903225808,0.07924528301886793
Sector neutral,2024-06-30,HD,0.058510638297872335,-0.028225806451612913,0.0
Sector neutral,2024-06-30,MCD,0.042553191489361694,0.09274193548387097,-0.07924528301886793
Sector neutral,2024-06-30,WMT,-0.03191489361702128,-0.07862903225806453,0.033962264150943396
Sector neutral,2024-06-30,COST,-0.047872340425531915,-0.06653225806451614,0.04528301886792453
Sector neutral,2024-06-30,PG,0.03191489361702128,0.06653225806451614,-0.022641509433962266
Sector neutral,2024-06-30,KO,0.047872340425531915,0.07862903225806453,-0.05660377358490566
Sector neutral,2024-06-30,JNJ,0.19148936170212766,0.14112903225806453,-0.02641509433962264
Sector neutral,2024-06-30,PFE,-0.0797872340425532,-0.05241935483870969,-0.0490566037735849
Sector neutral,2024-06-30,MRK,-0.11170212765957448,-0.08870967741935486,0.07547169811320756
Sector neutral,2024-06-30,XOM,0.00797872340425532,-0.006048387096774194,0.022641509433962266
Sector neutral,2024-06-30,CVX,-0.00797872340425532,0.006048387096774194,-0.022641509433962266
Sector neutral,2024-06-30,CAT,0.0398936170212766,-0.006048387096774194,0.07358490566037736
Sector neutral,2024-06-30,HON,-0.0398936170212766,0.006048387096774194,-0.07358490566037736
Sector neutral,2024-06-30,NEE,-0.00797872340425532,0.048387096774193554,-0.033962264150943396
Sector neutral,2024-06-30,DUK,0.00797872340425532,-0.048387096774193554,0.033962264150943396
Sector neutral,2024-07-31,AAPL,0.05172413793103448,-0.015756302521008403,-0.07530120481927711
Sector neutral,2024-07-31,MSFT,0.017241379310344827,0.022058823529411763,0.02108433734939759
Sector neutral,2024-07-31,NVDA,-0.06896551724137931,0.0472689075630252,0.06927710843373494
Sector neutral,2024-07-31,ORCL,0.0,-0.05357142857142857,-0.015060240963855422
Sector neutral,2024-07-31,AMZN,-0.10344827586206896,-0.0546218487394958,0.10441767068273092
Sector neutral,2024-07-31,HD,0.034482758620689655,-0.04201680672268908,-0.028112449799196793
Sector neutral,2024-07-31,MCD,0.06896551724137931,0.09663865546218485,-0.07630522088353414
Sector neutral,2024-07-31,WMT,-0.008620689655172414,-0.07563025210084033,0.04819277108433735
Sector neutral,2024-07-31,COST,-0.0603448275862069,-0.06302521008403361,0.07228915662650602
Sector neutral,2024-07-31,PG,0.02586206896551724,0.06302521008403361,-0.03614457831325301
Sector neutral,2024-07-31,KO,0.04310344827586207,0.07563025210084033,-0.08433734939759036
Sector neutral,2024-07-31,JNJ,0.20689655172413793,0.13865546218487393,-0.04417670682730924
Sector neutral,2024-07-31,PFE,-0.08620689655172414,-0.050420168067226885,-0.05622489959839358
Sector neutral,2024-07-31,MRK,-0.1206896551724138,-0.08823529411764705,0.1004016064257028
Sector neutral,2024-07-31,XOM,0.008620689655172414,-0.006302521008403361,0.03614457831325301
Sector neutral,2024-07-31,CVX,-0.008620689655172414,0.006302521008403361,-0.03614457831325301
Sector neutral,2024-07-31,CAT,0.034482758620689655,-0.006302521008403361,0.018072289156626505
Sector neutral,2024-07-31,HON,-0.034482758620689655,0.006302521008403361,-0.018072289156626505
Sector neutral,2024-07-31,NEE,-0.008620689655172414,0.044117647058823525,-0.030120481927710843
Sector neutral,2024-07-31,DUK,0.008620689655172414,-0.044117647058823525,0.030120481927710843
Sector neutral,2024-08-31,AAPL,0.05202312138728324,-0.015756302521008403,-0.03343949044585987
Sector neutral,2024-08-31,MSFT,0.017341040462427747,0.022058823529411763,0.042993630573248405
Sector neutral,2024-08-31,NVDA,-0.06936416184971099,0.0472689075630252,0.10031847133757961
Sector neutral,2024-08-31,ORCL,0.0,-0.05357142857142857,-0.10987261146496814
Sector neutral,2024-08-31,AMZN,-0.09248554913294799,-0.0546218487394958,0.11464968152866241
Sector neutral,2024-08-31,HD,0.06358381502890173,-0.04201680672268908,-0.01910828025477707
Sector neutral,2024-08-31,MCD,0.028901734104046235,0.09663865546218485,-0.09554140127388534
Sector neutral,2024-08-31,WMT,-0.004335260115606937,-0.07563025210084033,0.014331210191082801
Sector neutral,2024-08-31,COST,-0.07369942196531792,-0.06302521008403361,0.07165605095541401
Sector neutral,2024-08-31,PG,0.047687861271676305,0.06302521008403361,-0.06210191082802548
Sector neutral,2024-08-31,KO,0.030346820809248557,0.07563025210084033,-0.023885350318471336
Sector neutral,2024-08-31,JNJ,0.20809248554913296,0.13865546218487393,0.00636942675159236
Sector neutral,2024-08-31,PFE,-0.08670520231213873,-0.050420168067226885,-0.05095541401273885
Sector neutral,2024-08-31,MRK,-0.12138728323699423,-0.08823529411764705,0.0445859872611465
Sector neutral,2024-08-31,XOM,-0.008670520231213874,-0.006302521008403361,0.028662420382165602
Sector neutral,2024-08-31,CVX,0.008670520231213874,0.006302521008403361,-0.028662420382165602
Sector neutral,2024-08-31,CAT,0.034682080924855495,-0.006302521008403361,0.009554140127388535
Sector neutral,2024-08-31,HON,-0.034682080924855495,0.006302521008403361,-0.009554140127388535
Sector neutral,2024-08-31,NEE,-0.008670520231213874,0.044117647058823525,-0.06687898089171974
Sector neutral,2024-08-31,DUK,0.008670520231213874,-0.044117647058823525,0.06687898089171974
Sector neutral,2024-09-30,AAPL,0.05325443786982248,-0.015756302521008403,-0.036585365853658534
Sector neutral,2024-09-30,MSFT,0.01775147928994083,0.022058823529411763,0.005226480836236933
Sector neutral,2024-09-30,NVDA,-0.07100591715976332,0.0472689075630252,0.13066202090592333
Sector neutral,2024-09-30,ORCL,0.0,-0.05357142857142857,-0.09930313588850173
Sector neutral,2024-09-30,AMZN,-0.10059171597633135,-0.0546218487394958,0.11846689895470382
Sector neutral,2024-09-30,HD,0.04142011834319528,-0.04201680672268908,-0.027874564459930324
Sector neutral,2024-09-30,MCD,0.059171597633136105,0.09663865546218485,-0.09059233449477352
Sector neutral,2024-09-30,WMT,-0.008875739644970414,-0.07563025210084033,0.02613240418118467
Sector neutral,2024-09-30,COST,-0.0621301775147929,-0.06302521008403361,0.0470383275261324
Sector neutral,2024-09-30,PG,0.02662721893491124,0.06302521008403361,-0.078397212543554
Sector neutral,2024-09-30,KO,0.04437869822485207,0.07563025210084033,0.005226480836236933
Sector neutral,2024-09-30,JNJ,0.21301775147928992,0.13865546218487393,0.0
Sector neutral,2024-09-30,PFE,-0.08875739644970414,-0.050420168067226885,-0.0627177700348432
Sector neutral,2024-09-30,MRK,-0.1242603550295858,-0.08823529411764705,0.0627177700348432
Sector neutral,2024-09-30,XOM,-0.008875739644970414,-0.006302521008403361,0.010452961672473867
Sector neutral,2024-09-30,CVX,0.008875739644970414,0.006302521008403361,-0.010452961672473867
Sector neutral,2024-09-30,CAT,0.02662721893491124,-0.006302521008403361,0.04181184668989547
Sector neutral,2024-09-30,HON,-0.02662721893491124,0.006302521008403361,-0.04181184668989547
Sector neutral,2024-09-30,NEE,-0.008875739644970414,0.044117647058823525,-0.05226480836236934
Sector neutral,2024-09-30,DUK,0.008875739644970414,-0.044117647058823525,0.05226480836236934
Sector neutral,2024-10-31,AAPL,0.04714285714285714,-0.015756302521008403,-0.06055900621118013
Sector neutral,2024-10-31,MSFT,0.03,0.022058823529411763,-0.09782608695652174
Sector neutral,2024-10-31,NVDA,-0.07285714285714286,0.0472689075630252,0.12577639751552797
Sector neutral,2024-10-31,ORCL,-0.004285714285714286,-0.05357142857142857,0.03260869565217391
Sector neutral,2024-10-31,AMZN,-0.09714285714285713,-0.0546218487394958,0.037267080745341616
Sector neutral,2024-10-31,HD,0.04000000000000001,-0.04201680672268908,0.018633540372670808
Sector neutral,2024-10-31,MCD,0.05714285714285715,0.09663865546218485,-0.055900621118012424
Sector neutral,2024-10-31,WMT,-0.02142857142857143,-0.07563025210084033,0.04658385093167702
Sector neutral,2024-10-31,COST,-0.05571428571428571,-0.06302521008403361,0.06521739130434782
Sector neutral,2024-10-31,PG,0.03,0.06302521008403361,-0.12111801242236025
Sector neutral,2024-10-31,KO,0.04714285714285714,0.07563025210084033,0.009316770186335404
Sector neutral,2024-10-31,JNJ,0.2057142857142857,0.13865546218487393,0.031055900621118012
Sector neutral,2024-10-31,PFE,-0.08571428571428572,-0.050420168067226885,-0.04347826086956522
Sector neutral,2024-10-31,MRK,-0.12,-0.08823529411764705,0.012422360248447202
Sector neutral,2024-10-31,XOM,0.008571428571428572,-0.006302521008403361,0.009316770186335404
Sector neutral,2024-10-31,CVX,-0.008571428571428572,0.006302521008403361,-0.009316770186335404
Sector neutral,2024-10-31,CAT,0.025714285714285714,-0.006302521008403361,0.10248447204968944
Sector neutral,2024-10-31,HON,-0.025714285714285714,0.006302521008403361,-0.10248447204968944
Sector neutral,2024-10-31,NEE,-0.008571428571428572,0.044117647058823525,-0.009316770186335404
Sector neutral,2024-10-31,DUK,0.008571428571428572,-0.044117647058823525,0.009316770186335404
Sector neutral,2024-11-30,AAPL,0.04365079365079365,-0.019396551724137928,-0.04924242424242424
Sector neutral,2024-11-30,MSFT,0.027777777777777776,0.019396551724137928,-0.0946969696969697
Sector neutral,2024-11-30,NVDA,-0.06746031746031746,0.045258620689655166,0.10227272727272728
Sector neutral,2024-11-30,ORCL,-0.003968253968253968,-0.045258620689655166,0.041666666666666664
Sector neutral,2024-11-30,AMZN,-0.10052910052910054,-0.05603448275862069,0.06060606060606061
Sector neutral,2024-11-30,HD,0.026455026455026447,-0.04310344827586207,0.030303030303030304
Sector neutral,2024-11-30,MCD,0.07407407407407407,0.09913793103448273,-0.09090909090909091
Sector neutral,2024-11-30,WMT,-0.027777777777777776,-0.07435344827586206,0.07196969696969698
Sector neutral,2024-11-30,COST,-0.05952380952380952,-0.06142241379310344,0.056818181818181816
Sector neutral,2024-11-30,PG,0.01984126984126984,0.05495689655172413,-0.07954545454545454
Sector neutral,2024-11-30,KO,0.06746031746031746,0.08081896551724137,-0.04924242424242424
Sector neutral,2024-11-30,JNJ,0.18518518518518517,0.1422413793103448,0.015151515151515152
Sector neutral,2024-11-30,PFE,-0.0687830687830688,-0.051724137931034475,-0.015151515151515152
Sector neutral,2024-11-30,MRK,-0.11640211640211641,-0.09051724137931033,0.0
Sector neutral,2024-11-30,XOM,0.007936507936507936,-0.006465517241379309,0.015151515151515152
Sector neutral,2024-11-30,CVX,-0.007936507936507936,0.006465517241379309,-0.015151515151515152
Sector neutral,2024-11-30,CAT,0.03968253968253968,-0.006465517241379309,0.09090909090909091
Sector neutral,2024-11-30,HON,-0.03968253968253968,0.006465517241379309,-0.09090909090909091
Sector neutral,2024-11-30,NEE,-0.007936507936507936,0.045258620689655166,-0.015151515151515152
Sector neutral,2024-11-30,DUK,0.007936507936507936,-0.045258620689655166,0.015151515151515152
Sector neutral,2024-12-31,AAPL,0.022842639593908632,-0.019396551724137928,-0.056603773584905655
Sector neutral,2024-12-31,MSFT,0.03807106598984772,0.019396551724137928,-0.0889487870619946
Sector neutral,2024-12-31,NVDA,-0.0685279187817259,0.045258620689655166,0.0889487870619946
Sector neutral,2024-12-31,ORCL,0.007614213197969544,-0.045258620689655166,0.056603773584905655
Sector neutral,2024-12-31,AMZN,-0.10152284263959391,-0.05603448275862069,0.07008086253369272
Sector neutral,2024-12-31,HD,0.035532994923857884,-0.04310344827586207,0.021563342318059307
Sector neutral,2024-12-31,MCD,0.06598984771573606,0.09913793103448273,-0.09164420485175201
Sector neutral,2024-12-31,WMT,-0.03807106598984772,-0.07435344827586206,0.07681940700808625
Sector neutral,2024-12-31,COST,-0.05329949238578681,-0.06142241379310344,0.0444743935309973
Sector neutral,2024-12-31,PG,0.022842639593908632,0.05495689655172413,0.012129380053908356
Sector neutral,2024-12-31,KO,0.0685279187817259,0.08081896551724137,-0.1334231805929919
Sector neutral,2024-12-31,JNJ,0.17766497461928935,0.1422413793103448,0.016172506738544475
Sector neutral,2024-12-31,PFE,-0.06598984771573606,-0.051724137931034475,-0.016172506738544475
Sector neutral,2024-12-31,MRK,-0.11167512690355333,-0.09051724137931033,0.0
Sector neutral,2024-12-31,XOM,0.007614213197969544,-0.006465517241379309,0.03234501347708895
Sector neutral,2024-12-31,CVX,-0.007614213197969544,0.006465517241379309,-0.03234501347708895
Sector neutral,2024-12-31,CAT,0.045685279187817264,-0.006465517241379309,0.07277628032345013
Sector neutral,2024-12-31,HON,-0.045685279187817264,0.006465517241379309,-0.07277628032345013
Sector neutral,2024-12-31,NEE,-0.007614213197969544,0.045258620689655166,-0.008086253369272238
Sector neutral,2024-12-31,DUK,0.007614213197969544,-0.045258620689655166,0.008086253369272238
Sector neutral,2025-01-31,AAPL,0.024861878453038676,-0.019396551724137928,0.04189944134078212
Sector neutral,2025-01-31,MSFT,0.041436464088397795,0.019396551724137928,-0.12569832402234635
Sector neutral,2025-01-31,NVDA,-0.07458563535911603,0.045258620689655166,0.07541899441340781
Sector neutral,2025-01-31,ORCL,0.00828729281767956,-0.045258620689655166,0.008379888268156424
Sector neutral,2025-01-31,AMZN,-0.0994475138121547,-0.05603448275862069,0.09497206703910613
Sector neutral,2025-01-31,HD,0.03314917127071824,-0.04310344827586207,-0.0055865921787709594
Sector neutral,2025-01-31,MCD,0.06629834254143648,0.09913793103448273,-0.0893854748603352
Sector neutral,2025-01-31,WMT,-0.03729281767955801,-0.07435344827586206,0.11312849162011172
Sector neutral,2025-01-31,COST,-0.05386740331491713,-0.06142241379310344,0.07960893854748603
Sector neutral,2025-01-31,PG,0.029005524861878455,0.05495689655172413,-0.0712290502793296
Sector neutral,2025-01-31,KO,0.06215469613259669,0.08081896551724137,-0.12150837988826815
Sector neutral,2025-01-31,JNJ,0.19337016574585636,0.1422413793103448,-0.005586592178770952
Sector neutral,2025-01-31,PFE,-0.07182320441988951,-0.051724137931034475,0.027932960893854743
Sector neutral,2025-01-31,MRK,-0.12154696132596687,-0.09051724137931033,-0.0223463687150838
Sector neutral,2025-01-31,XOM,0.00828729281767956,-0.006465517241379309,0.04189944134078212
Sector neutral,2025-01-31,CVX,-0.00828729281767956,0.006465517241379309,-0.04189944134078212
Sector neutral,2025-01-31,CAT,0.024861878453038676,-0.006465517241379309,0.008379888268156424
Sector neutral,2025-01-31,HON,-0.024861878453038676,0.006465517241379309,-0.008379888268156424
Sector neutral,2025-01-31,NEE,-0.00828729281767956,0.045258620689655166,0.008379888268156424
Sector neutral,2025-01-31,DUK,0.00828729281767956,-0.045258620689655166,-0.008379888268156424
Sector neutral,2025-02-28,AAPL,0.025,-0.019396551724137928,0.03824362606232295
Sector neutral,2025-02-28,MSFT,0.041666666666666664,0.019396551724137928,-0.11473087818696885
Sector neutral,2025-02-28,NVDA,-0.075,0.045258620689655166,0.00424929178470255
Sector neutral,2025-02-28,ORCL,0.008333333333333333,-0.045258620689655166,0.07223796033994336
Sector neutral,2025-02-28,AMZN,-0.10555555555555557,-0.05603448275862069,0.1076487252124646
Sector neutral,2025-02-28,HD,0.0611111111111111,-0.04310344827586207,-0.011331444759206789
Sector neutral,2025-02-28,MCD,0.04444444444444443,0.09913793103448273,-0.09631728045325778
Sector neutral,2025-02-28,WMT,-0.03333333333333333,-0.07435344827586206,0.08073654390934845
Sector neutral,2025-02-28,COST,-0.05,-0.06142241379310344,0.06373937677053824
Sector neutral,2025-02-28,PG,0.05,0.05495689655172413,-0.08923512747875355
Sector neutral,2025-02-28,KO,0.03333333333333333,0.08081896551724137,-0.05524079320113315
Sector neutral,2025-02-28,JNJ,0.19444444444444445,0.1422413793103448,-0.011331444759206798
Sector neutral,2025-02-28,PFE,-0.07222222222222223,-0.051724137931034475,0.0396600566572238
Sector neutral,2025-02-28,MRK,-0.12222222222222223,-0.09051724137931033,-0.028328611898016998
Sector neutral,2025-02-28,XOM,0.008333333333333333,-0.006465517241379309,0.0339943342776204
Sector neutral,2025-02-28,CVX,-0.008333333333333333,0.006465517241379309,-0.0339943342776204
Sector neutral,2025-02-28,CAT,0.025,-0.006465517241379309,0.0254957507082153
Sector neutral,2025-02-28,HON,-0.025,0.006465517241379309,-0.0254957507082153
Sector neutral,2025-02-28,NEE,0.008333333333333333,0.045258620689655166,-0.0339943342776204
Sector neutral,2025-02-28,DUK,-0.008333333333333333,-0.045258620689655166,0.0339943342776204
Sector neutral,2025-03-31,AAPL,0.025280898876404494,-0.019396551724137928,0.10058309037900874
Sector neutral,2025-03-31,MSFT,0.042134831460674156,0.019396551724137928,-0.17930029154518948
Sector neutral,2025-03-31,NVDA,-0.07584269662921347,0.045258620689655166,0.03061224489795918
Sector neutral,2025-03-31,ORCL,0.008426966292134831,-0.045258620689655166,0.04810495626822157
Sector neutral,2025-03-31,AMZN,-0.09550561797752807,-0.05603448275862069,0.04081632653061225
Sector neutral,2025-03-31,HD,0.05617977528089888,-0.04310344827586207,-0.046647230320699694
Sector neutral,2025-03-31,MCD,0.03932584269662922,0.09913793103448273,0.005830903790087473
Sector neutral,2025-03-31,WMT,-0.033707865168539325,-0.07435344827586206,0.056851311953352766
Sector neutral,2025-03-31,COST,-0.05056179775280899,-0.06142241379310344,0.039358600583090375
Sector neutral,2025-03-31,PG,0.05056179775280899,0.05495689655172413,-0.08309037900874634
Sector neutral,2025-03-31,KO,0.033707865168539325,0.08081896551724137,-0.013119533527696792
Sector neutral,2025-03-31,JNJ,0.20224719101123595,0.1422413793103448,0.08163265306122448
Sector neutral,2025-03-31,PFE,-0.08426966292134831,-0.051724137931034475,-0.023323615160349847
Sector neutral,2025-03-31,MRK,-0.11797752808988764,-0.09051724137931033,-0.058309037900874626
Sector neutral,2025-03-31,XOM,0.008426966292134831,-0.006465517241379309,-0.017492711370262388
Sector neutral,2025-03-31,CVX,-0.008426966292134831,0.006465517241379309,0.017492711370262388
Sector neutral,2025-03-31,CAT,0.025280898876404494,-0.006465517241379309,-0.017492711370262388
Sector neutral,2025-03-31,HON,-0.025280898876404494,0.006465517241379309,0.017492711370262388
Sector neutral,2025-03-31,NEE,0.008426966292134831,0.045258620689655166,-0.06122448979591836
Sector neutral,2025-03-31,DUK,-0.008426966292134831,-0.045258620689655166,0.06122448979591836
Sector neutral,2025-04-30,AAPL,0.024861878453038676,-0.019396551724137928,0.08823529411764706
Sector neutral,2025-04-30,MSFT,0.041436464088397795,0.019396551724137928,-0.1323529411764706
Sector neutral,2025-04-30,NVDA,-0.07458563535911603,0.045258620689655166,0.014705882352941176
Sector neutral,2025-04-30,ORCL,0.00828729281767956,-0.045258620689655166,0.029411764705882353
Sector neutral,2025-04-30,AMZN,-0.0994475138121547,-0.05603448275862069,-0.009803921568627442
Sector neutral,2025-04-30,HD,0.06629834254143648,-0.04310344827586207,-0.02450980392156862
Sector neutral,2025-04-30,MCD,0.03314917127071824,0.09913793103448273,0.03431372549019609
Sector neutral,2025-04-30,WMT,-0.03729281767955801,-0.07435344827586206,0.058823529411764705
Sector neutral,2025-04-30,COST,-0.05386740331491713,-0.06142241379310344,0.04411764705882353
Sector neutral,2025-04-30,PG,0.06215469613259669,0.05495689655172413,-0.10294117647058823
Sector neutral,2025-04-30,KO,0.029005524861878455,0.08081896551724137,0.0
Sector neutral,2025-04-30,JNJ,0.19337016574585636,0.1422413793103448,0.12745098039215688
Sector neutral,2025-04-30,PFE,-0.07182320441988951,-0.051724137931034475,-0.04901960784313725
Sector neutral,2025-04-30,MRK,-0.12154696132596687,-0.09051724137931033,-0.0784313725490196
Sector neutral,2025-04-30,XOM,0.00828729281767956,-0.006465517241379309,-0.007352941176470588
Sector neutral,2025-04-30,CVX,-0.00828729281767956,0.006465517241379309,0.007352941176470588
Sector neutral,2025-04-30,CAT,0.024861878453038676,-0.006465517241379309,-0.022058823529411766
Sector neutral,2025-04-30,HON,-0.024861878453038676,0.006465517241379309,0.022058823529411766
Sector neutral,2025-04-30,NEE,0.00828729281767956,0.045258620689655166,-0.07352941176470588
Sector neutral,2025-04-30,DUK,-0.00828729281767956,-0.045258620689655166,0.07352941176470588
Sector neutral,2025-05-31,AAPL,0.04054054054054054,-0.019396551724137928,0.003722084367245657
Sector neutral,2025-05-31,MSFT,0.024324324324324326,0.019396551724137928,-0.011166253101736972
Sector neutral,2025-05-31,NVDA,-0.07297297297297298,0.045258620689655166,-0.04094292803970223
Sector neutral,2025-05-31,ORCL,0.008108108108108109,-0.045258620689655166,0.04838709677419355
Sector neutral,2025-05-31,AMZN,-0.1081081081081081,-0.05603448275862069,-0.059553349875930514
Sector neutral,2025-05-31,HD,0.07027027027027029,-0.04310344827586207,-0.014888337468982629
Sector neutral,2025-05-31,MCD,0.03783783783783785,0.09913793103448273,0.07444168734491315
Sector neutral,2025-05-31,WMT,-0.032432432432432434,-0.07435344827586206,0.0707196029776675
Sector neutral,2025-05-31,COST,-0.04864864864864865,-0.06142241379310344,0.04094292803970223
Sector neutral,2025-05-31,PG,0.04864864864864865,0.05495689655172413,-0.1228287841191067
Sector neutral,2025-05-31,KO,0.032432432432432434,0.08081896551724137,0.011166253101736972
Sector neutral,2025-05-31,JNJ,0.1891891891891892,0.1422413793103448,0.12406947890818856
Sector neutral,2025-05-31,PFE,-0.07027027027027029,-0.051724137931034475,-0.05459057071960298
Sector neutral,2025-05-31,MRK,-0.11891891891891894,-0.09051724137931033,-0.06947890818858561
Sector neutral,2025-05-31,XOM,0.008108108108108109,-0.006465517241379309,0.007444168734491314
Sector neutral,2025-05-31,CVX,-0.008108108108108109,0.006465517241379309,-0.007444168734491314
Sector neutral,2025-05-31,CAT,0.032432432432432434,-0.006465517241379309,-0.014888337468982629
Sector neutral,2025-05-31,HON,-0.032432432432432434,0.006465517241379309,0.014888337468982629
Sector neutral,2025-05-31,NEE,0.008108108108108109,0.045258620689655166,-0.10421836228287841
Sector neutral,2025-05-31,DUK,-0.008108108108108109,-0.045258620689655166,0.10421836228287841
Sector neutral,2025-06-30,AAPL,0.06964285714285713,-0.02312775330396476,-0.072992700729927
Sector neutral,2025-06-30,MSFT,0.026785714285714284,0.029735682819383262,-0.029197080291970802
Sector neutral,2025-06-30,NVDA,-0.05892857142857142,0.04295154185022027,0.029197080291970802
Sector neutral,2025-06-30,ORCL,-0.0375,-0.04955947136563877,0.072992700729927
Sector neutral,2025-06-30,AMZN,-0.0857142857142857,-0.06607929515418504,-0.048661800486618015
Sector neutral,2025-06-30,HD,0.06428571428571428,-0.052863436123348026,-0.01946472019464721
Sector neutral,2025-06-30,MCD,0.021428571428571425,0.11894273127753305,0.06812652068126519
Sector neutral,2025-06-30,WMT,-0.04821428571428571,-0.08259911894273128,0.06204379562043796
Sector neutral,2025-06-30,COST,-0.06964285714285713,-0.06938325991189428,0.032846715328467155
Sector neutral,2025-06-30,PG,0.08035714285714285,0.06277533039647577,-0.09854014598540146
Sector neutral,2025-06-30,KO,0.0375,0.08920704845814979,0.0036496350364963502
Sector neutral,2025-06-30,JNJ,-0.1357142857142857,-0.022026431718061668,0.12165450121654499
Sector neutral,2025-06-30,PFE,0.0357142857142857,-0.04845814977973568,-0.05352798053527981
Sector neutral,2025-06-30,MRK,0.09999999999999998,0.07048458149779738,-0.0681265206812652
Sector neutral,2025-06-30,XOM,0.010714285714285713,0.019823788546255508,0.0072992700729927005
Sector neutral,2025-06-30,CVX,-0.010714285714285713,-0.019823788546255508,-0.0072992700729927005
Sector neutral,2025-06-30,CAT,0.04285714285714285,0.006607929515418503,0.021897810218978103
Sector neutral,2025-06-30,HON,-0.04285714285714285,-0.006607929515418503,-0.021897810218978103
Sector neutral,2025-06-30,NEE,-0.010714285714285713,0.059471365638766524,-0.08029197080291971
Sector neutral,2025-06-30,DUK,0.010714285714285713,-0.059471365638766524,0.08029197080291971
Sector neutral,2025-07-31,AAPL,0.07608695652173914,-0.02312775330396476,-0.1401098901098901
Sector neutral,2025-07-31,MSFT,0.010869565217391304,0.029735682819383262,0.04120879120879121
Sector neutral,2025-07-31,NVDA,-0.03260869565217391,0.04295154185022027,0.024725274725274728
Sector neutral,2025-07-31,ORCL,-0.05434782608695652,-0.04955947136563877,0.07417582417582418
Sector neutral,2025-07-31,AMZN,-0.08695652173913043,-0.052863436123348026,0.03846153846153847
Sector neutral,2025-07-31,HD,0.06521739130434782,-0.06607929515418504,-0.06043956043956043
Sector neutral,2025-07-31,MCD,0.021739130434782608,0.11894273127753305,0.02197802197802199
Sector neutral,2025-07-31,WMT,-0.02717391304347826,-0.08259911894273128,0.11950549450549451
Sector neutral,2025-07-31,COST,-0.09239130434782608,-0.06938325991189428,0.08653846153846154
Sector neutral,2025-07-31,PG,0.08152173913043478,0.06277533039647577,-0.16071428571428573
Sector neutral,2025-07-31,KO,0.03804347826086957,0.08920704845814979,-0.04532967032967033
Sector neutral,2025-07-31,JNJ,-0.15217391304347827,-0.022026431718061668,0.027472527472527472
Sector neutral,2025-07-31,PFE,0.043478260869565216,-0.04845814977973568,-0.0054945054945054975
Sector neutral,2025-07-31,MRK,0.10869565217391304,0.07048458149779738,-0.02197802197802198
Sector neutral,2025-07-31,XOM,0.010869565217391304,0.019823788546255508,0.016483516483516484
Sector neutral,2025-07-31,CVX,-0.010869565217391304,-0.019823788546255508,-0.016483516483516484
Sector neutral,2025-07-31,CAT,0.03260869565217391,0.006607929515418503,-0.016483516483516484
Sector neutral,2025-07-31,HON,-0.03260869565217391,-0.006607929515418503,0.016483516483516484
Sector neutral,2025-07-31,NEE,-0.010869565217391304,0.059471365638766524,-0.03296703296703297
Sector neutral,2025-07-31,DUK,0.010869565217391304,-0.059471365638766524,0.03296703296703297
Sector neutral,2025-08-31,AAPL,0.07553956834532374,-0.02312775330396476,-0.13215859030837004
Sector neutral,2025-08-31,MSFT,0.010791366906474819,0.029735682819383262,0.03964757709251101
Sector neutral,2025-08-31,NVDA,-0.03237410071942446,0.04295154185022027,0.026431718061674006
Sector neutral,2025-08-31,ORCL,-0.0539568345323741,-0.04955947136563877,0.06607929515418502
Sector neutral,2025-08-31,AMZN,-0.079136690647482,-0.052863436123348026,0.03964757709251101
Sector neutral,2025-08-31,HD,0.0287769784172662,-0.06607929515418504,-0.03964757709251101
Sector neutral,2025-08-31,MCD,0.05035971223021584,0.11894273127753305,0.0
Sector neutral,2025-08-31,WMT,-0.03237410071942446,-0.08259911894273128,0.11563876651982379
Sector neutral,2025-08-31,COST,-0.09712230215827337,-0.06938325991189428,0.03634361233480176
Sector neutral,2025-08-31,PG,0.09712230215827337,0.06277533039647577,-0.09581497797356828
Sector neutral,2025-08-31,KO,0.03237410071942446,0.08920704845814979,-0.05616740088105727
Sector neutral,2025-08-31,JNJ,-0.1510791366906475,-0.022026431718061668,0.05726872246696035
Sector neutral,2025-08-31,PFE,0.043165467625899276,-0.04845814977973568,-0.02202643171806167
Sector neutral,2025-08-31,MRK,0.1079136690647482,0.07048458149779738,-0.035242290748898675
Sector neutral,2025-08-31,XOM,0.010791366906474819,0.019823788546255508,-0.019823788546255505
Sector neutral,2025-08-31,CVX,-0.010791366906474819,-0.019823788546255508,0.019823788546255505
Sector neutral,2025-08-31,CAT,0.03237410071942446,0.006607929515418503,0.03303964757709251
Sector neutral,2025-08-31,HON,-0.03237410071942446,-0.006607929515418503,-0.03303964757709251
Sector neutral,2025-08-31,NEE,-0.010791366906474819,0.059471365638766524,-0.06607929515418502
Sector neutral,2025-08-31,DUK,0.010791366906474819,-0.059471365638766524,0.06607929515418502
Sector neutral,2025-09-30,AAPL,0.0625,-0.02312775330396476,-0.08959537572254335
Sector neutral,2025-09-30,MSFT,0.017045454545454544,0.029735682819383262,0.03757225433526012
Sector neutral,2025-09-30,NVDA,-0.028409090909090908,0.04295154185022027,0.049132947976878616
Sector neutral,2025-09-30,ORCL,-0.05113636363636364,-0.04955947136563877,0.002890173410404624
Sector neutral,2025-09-30,AMZN,-0.045454545454545456,-0.052863436123348026,0.057803468208092484
Sector neutral,2025-09-30,HD,0.0,-0.06607929515418504,-0.03468208092485549
Sector neutral,2025-09-30,MCD,0.045454545454545456,0.11894273127753305,-0.023121387283236993
Sector neutral,2025-09-30,WMT,-0.056818181818181816,-0.08259911894273128,0.10115606936416185
Sector neutral,2025-09-30,COST,-0.10227272727272728,-0.06938325991189428,0.02023121387283237
Sector neutral,2025-09-30,PG,0.10227272727272728,0.06277533039647577,-0.07225433526011561
Sector neutral,2025-09-30,KO,0.056818181818181816,0.08920704845814979,-0.049132947976878616
Sector neutral,2025-09-30,JNJ,-0.1590909090909091,-0.022026431718061668,0.10404624277456648
Sector neutral,2025-09-30,PFE,0.045454545454545456,-0.04845814977973568,-0.046242774566473986
Sector neutral,2025-09-30,MRK,0.11363636363636363,0.07048458149779738,-0.057803468208092484
Sector neutral,2025-09-30,XOM,0.011363636363636364,0.019823788546255508,-0.04046242774566474
Sector neutral,2025-09-30,CVX,-0.011363636363636364,-0.019823788546255508,0.04046242774566474
Sector neutral,2025-09-30,CAT,0.022727272727272728,0.006607929515418503,0.04046242774566474
Sector neutral,2025-09-30,HON,-0.022727272727272728,-0.006607929515418503,-0.04046242774566474
Sector neutral,2025-09-30,NEE,-0.022727272727272728,0.059471365638766524,-0.046242774566473986
Sector neutral,2025-09-30,DUK,0.022727272727272728,-0.059471365638766524,0.046242774566473986
Sector neutral,2025-10-31,AAPL,0.029801324503311258,-0.02312775330396476,-0.06159420289855073
Sector neutral,2025-10-31,MSFT,0.04966887417218543,0.029735682819383262,0.03985507246376811
Sector neutral,2025-10-31,NVDA,-0.029801324503311258,0.04295154185022027,-0.0036231884057971015
Sector neutral,2025-10-31,ORCL,-0.04966887417218543,-0.04955947136563877,0.025362318840579712
Sector neutral,2025-10-31,AMZN,-0.09271523178807946,-0.052863436123348026,0.03864734299516907
Sector neutral,2025-10-31,HD,0.06622516556291391,-0.06607929515418504,-0.03381642512077296
Sector neutral,2025-10-31,MCD,0.026490066225165573,0.11894273127753305,-0.004830917874396144
Sector neutral,2025-10-31,WMT,-0.01986754966887417,-0.08259911894273128,0.11594202898550725
Sector neutral,2025-10-31,COST,-0.09933774834437085,-0.06938325991189428,0.014492753623188406
Sector neutral,2025-10-31,PG,0.09933774834437085,0.06277533039647577,-0.13043478260869565
Sector neutral,2025-10-31,KO,0.01986754966887417,0.08920704845814979,0.0
Sector neutral,2025-10-31,JNJ,-0.1390728476821192,-0.022026431718061668,0.12077294685990336
Sector neutral,2025-10-31,PFE,0.03973509933774834,-0.04845814977973568,-0.03864734299516909
Sector neutral,2025-10-31,MRK,0.09933774834437085,0.07048458149779738,-0.0821256038647343
Sector neutral,2025-10-31,XOM,0.009933774834437085,0.019823788546255508,-0.014492753623188406
Sector neutral,2025-10-31,CVX,-0.009933774834437085,-0.019823788546255508,0.014492753623188406
Sector neutral,2025-10-31,CAT,-0.03973509933774834,0.006607929515418503,0.08695652173913043
Sector neutral,2025-10-31,HON,0.03973509933774834,-0.006607929515418503,-0.08695652173913043
Sector neutral,2025-10-31,NEE,-0.01986754966887417,0.059471365638766524,-0.043478260869565216
Sector neutral,2025-10-31,DUK,0.01986754966887417,-0.059471365638766524,0.043478260869565216
Sector neutral,2025-11-30,AAPL,0.018633540372670804,-0.02312775330396476,-0.03
Sector neutral,2025-11-30,MSFT,0.05590062111801242,0.029735682819383262,0.01
Sector neutral,2025-11-30,NVDA,-0.05590062111801242,0.04295154185022027,0.023333333333333334
Sector neutral,2025-11-30,ORCL,-0.018633540372670804,-0.04955947136563877,-0.0033333333333333335
Sector neutral,2025-11-30,AMZN,-0.07453416149068322,-0.052863436123348026,0.08444444444444445
Sector neutral,2025-11-30,HD,0.07453416149068322,-0.06607929515418504,-0.08888888888888888
Sector neutral,2025-11-30,MCD,0.0,0.11894273127753305,0.004444444444444452
Sector neutral,2025-11-30,WMT,-0.05590062111801242,-0.08259911894273128,0.056666666666666664
Sector neutral,2025-11-30,COST,-0.09316770186335403,-0.06938325991189428,-0.03666666666666667
Sector neutral,2025-11-30,PG,0.11180124223602483,0.06277533039647577,-0.09
Sector neutral,2025-11-30,KO,0.03726708074534161,0.08920704845814979,0.07
Sector neutral,2025-11-30,JNJ,-0.11801242236024845,-0.022026431718061668,0.12444444444444445
Sector neutral,2025-11-30,PFE,0.0496894409937888,-0.04845814977973568,-0.04888888888888888
Sector neutral,2025-11-30,MRK,0.0683229813664596,0.07048458149779738,-0.07555555555555554
Sector neutral,2025-11-30,XOM,-0.009316770186335402,0.019823788546255508,0.006666666666666667
Sector neutral,2025-11-30,CVX,0.009316770186335402,-0.019823788546255508,-0.006666666666666667
Sector neutral,2025-11-30,CAT,-0.03726708074534161,0.006607929515418503,0.11333333333333333
Sector neutral,2025-11-30,HON,0.03726708074534161,-0.006607929515418503,-0.11333333333333333
Sector neutral,2025-11-30,NEE,-0.03726708074534161,0.059471365638766524,-0.006666666666666667
Sector neutral,2025-11-30,DUK,0.03726708074534161,-0.059471365638766524,0.006666666666666667
Sector neutral,2025-12-31,AAPL,0.017964071856287425,-0.02312775330396476,-0.028517110266159693
Sector neutral,2025-12-31,MSFT,0.05389221556886228,0.029735682819383262,0.017110266159695818
Sector neutral,2025-12-31,NVDA,-0.05389221556886228,0.04295154185022027,0.028517110266159693
Sector neutral,2025-12-31,ORCL,-0.017964071856287425,-0.04955947136563877,-0.017110266159695818
Sector neutral,2025-12-31,AMZN,-0.06586826347305388,-0.052863436123348026,-0.011406844106463877
Sector neutral,2025-12-31,HD,0.0598802395209581,-0.06607929515418504,-0.04562737642585551
Sector neutral,2025-12-31,MCD,0.005988023952095819,0.11894273127753305,0.05703422053231939
Sector neutral,2025-12-31,WMT,-0.06287425149700598,-0.08259911894273128,0.07129277566539924
Sector neutral,2025-12-31,COST,-0.09880239520958084,-0.06938325991189428,-0.06558935361216729
Sector neutral,2025-12-31,PG,0.1347305389221557,0.06277533039647577,-0.09980988593155893
Sector neutral,2025-12-31,KO,0.02694610778443114,0.08920704845814979,0.094106463878327
Sector neutral,2025-12-31,JNJ,-0.11976047904191617,-0.022026431718061668,0.10646387832699619
Sector neutral,2025-12-31,PFE,0.04191616766467067,-0.04845814977973568,-0.06463878326996196
Sector neutral,2025-12-31,MRK,0.07784431137724553,0.07048458149779738,-0.04182509505703421
Sector neutral,2025-12-31,XOM,-0.017964071856287425,0.019823788546255508,0.017110266159695818
Sector neutral,2025-12-31,CVX,0.017964071856287425,-0.019823788546255508,-0.017110266159695818
Sector neutral,2025-12-31,CAT,-0.02694610778443114,0.006607929515418503,0.09695817490494296
Sector neutral,2025-12-31,HON,0.02694610778443114,-0.006607929515418503,-0.09695817490494296
Sector neutral,2025-12-31,NEE,-0.03592814371257485,0.059471365638766524,-0.011406844106463877
Sector neutral,2025-12-31,DUK,0.03592814371257485,-0.059471365638766524,0.011406844106463877
Sector neutral,2026-01-31,AAPL,0.0,-0.02312775330396476,-0.013686131386861313
Sector neutral,2026-01-31,MSFT,0.04591836734693877,0.029735682819383262,0.03010948905109489
Sector neutral,2026-01-31,NVDA,-0.06122448979591836,0.04295154185022027,0.04105839416058394
Sector neutral,2026-01-31,ORCL,0.01530612244897959,-0.04955947136563877,-0.05748175182481751
Sector neutral,2026-01-31,AMZN,-0.086734693877551,-0.052863436123348026,-0.0036496350364963468
Sector neutral,2026-01-31,HD,0.0663265306122449,-0.06607929515418504,-0.047445255474452545
Sector neutral,2026-01-31,MCD,0.020408163265306128,0.11894273127753305,0.051094890510948905
Sector neutral,2026-01-31,WMT,-0.06887755102040816,-0.08259911894273128,0.06843065693430657
Sector neutral,2026-01-31,COST,-0.08418367346938774,-0.06938325991189428,-0.06295620437956204
Sector neutral,2026-01-31,PG,0.11479591836734693,0.06277533039647577,-0.08485401459854014
Sector neutral,2026-01-31,KO,0.038265306122448974,0.08920704845814979,0.0793795620437956
Sector neutral,2026-01-31,JNJ,-0.12244897959183672,-0.022026431718061668,0.09854014598540145
Sector neutral,2026-01-31,PFE,0.04591836734693877,-0.04845814977973568,-0.0656934306569343
Sector neutral,2026-01-31,MRK,0.07653061224489795,0.07048458149779738,-0.03284671532846715
Sector neutral,2026-01-31,XOM,-0.01530612244897959,0.019823788546255508,0.038321167883211674
Sector neutral,2026-01-31,CVX,0.01530612244897959,-0.019823788546255508,-0.038321167883211674
Sector neutral,2026-01-31,CAT,-0.03061224489795918,0.006607929515418503,0.08211678832116788
Sector neutral,2026-01-31,HON,0.03061224489795918,-0.006607929515418503,-0.08211678832116788
Sector neutral,2026-01-31,NEE,-0.03061224489795918,0.059471365638766524,0.01094890510948905
Sector neutral,2026-01-31,DUK,0.03061224489795918,-0.059471365638766524,-0.01094890510948905
