signal,model,epoch,training_mse_scaled
2023-01-06,LSTM,1,1.0194828510284424
2023-01-06,LSTM,2,1.018333077430725
2023-01-06,LSTM,3,1.017202615737915
2023-01-06,LSTM,4,1.0160934925079346
2023-01-06,LSTM,5,1.015006422996521
2023-01-06,LSTM,6,1.0139415264129639
2023-01-06,LSTM,7,1.0128988027572632
2023-01-06,LSTM,8,1.0118783712387085
2023-01-06,LSTM,9,1.010880470275879
2023-01-06,LSTM,10,1.009904384613037
2023-01-06,LSTM,11,1.008949637413025
2023-01-06,LSTM,12,1.0080156326293945
2023-01-06,LSTM,13,1.0071018934249878
2023-01-06,LSTM,14,1.0062073469161987
2023-01-06,LSTM,15,1.0053311586380005
2023-01-06,LSTM,16,1.0044729709625244
2023-01-06,LSTM,17,1.0036317110061646
2023-01-06,LSTM,18,1.0028070211410522
2023-01-06,LSTM,19,1.0019978284835815
2023-01-06,LSTM,20,1.0012034177780151
2023-01-06,LSTM,21,1.0004231929779053
2023-01-06,LSTM,22,0.999656081199646
2023-01-06,LSTM,23,0.9989013671875
2023-01-06,LSTM,24,0.9981580972671509
2023-01-06,LSTM,25,0.9974256753921509
2023-01-06,LSTM,26,0.9967029094696045
2023-01-06,LSTM,27,0.9959891438484192
2023-01-06,LSTM,28,0.9952835440635681
2023-01-06,LSTM,29,0.9945850968360901
2023-01-06,LSTM,30,0.9938932657241821
2023-01-06,LSTM,31,0.9932070970535278
2023-01-06,LSTM,32,0.9925256967544556
2023-01-06,LSTM,33,0.9918484687805176
2023-01-06,LSTM,34,0.9911746382713318
2023-01-06,LSTM,35,0.9905033111572266
2023-01-06,LSTM,36,0.9898337125778198
2023-01-06,LSTM,37,0.9891652464866638
2023-01-06,LSTM,38,0.9884968400001526
2023-01-06,LSTM,39,0.9878278374671936
2023-01-06,LSTM,40,0.9871574640274048
2023-01-06,LSTM,41,0.9864851236343384
2023-01-06,LSTM,42,0.9858099222183228
2023-01-06,LSTM,43,0.9851313829421997
2023-01-06,LSTM,44,0.9844486117362976
2023-01-06,LSTM,45,0.9837610721588135
2023-01-06,LSTM,46,0.9830679893493652
2023-01-06,LSTM,47,0.9823691844940186
2023-01-06,LSTM,48,0.981663703918457
2023-01-06,LSTM,49,0.9809510707855225
2023-01-06,LSTM,50,0.9802312254905701
2023-01-06,LSTM,51,0.9795030355453491
2023-01-06,LSTM,52,0.9787665605545044
2023-01-06,LSTM,53,0.9780211448669434
2023-01-06,LSTM,54,0.9772664308547974
2023-01-06,LSTM,55,0.9765021204948425
2023-01-06,LSTM,56,0.9757278561592102
2023-01-06,LSTM,57,0.9749429225921631
2023-01-06,LSTM,58,0.9741472005844116
2023-01-06,LSTM,59,0.9733400344848633
2023-01-06,LSTM,60,0.9725211262702942
2023-01-06,LSTM,61,0.9716899394989014
2023-01-06,LSTM,62,0.9708459377288818
2023-01-06,LSTM,63,0.9699885249137878
2023-01-06,LSTM,64,0.9691171050071716
2023-01-06,LSTM,65,0.9682312607765198
2023-01-06,LSTM,66,0.9673302173614502
2023-01-06,LSTM,67,0.9664136171340942
2023-01-06,LSTM,68,0.9654808640480042
2023-01-06,LSTM,69,0.964531660079956
2023-01-06,LSTM,70,0.9635655879974365
2023-01-06,LSTM,71,0.9625822901725769
2023-01-06,LSTM,72,0.9615813493728638
2023-01-06,LSTM,73,0.9605627059936523
2023-01-06,LSTM,74,0.9595259428024292
2023-01-06,LSTM,75,0.95847088098526
2023-01-06,LSTM,76,0.9573970437049866
2023-01-06,LSTM,77,0.956304132938385
2023-01-06,LSTM,78,0.9551919102668762
2023-01-06,LSTM,79,0.9540596604347229
2023-01-06,LSTM,80,0.9529072642326355
2023-01-06,CNN,1,1.1693395376205444
2023-01-06,CNN,2,1.1602410078048706
2023-01-06,CNN,3,1.151476502418518
2023-01-06,CNN,4,1.1431241035461426
2023-01-06,CNN,5,1.135157585144043
2023-01-06,CNN,6,1.1274956464767456
2023-01-06,CNN,7,1.1202441453933716
2023-01-06,CNN,8,1.1133296489715576
2023-01-06,CNN,9,1.106784701347351
2023-01-06,CNN,10,1.1006115674972534
2023-01-06,CNN,11,1.0947202444076538
2023-01-06,CNN,12,1.0891849994659424
2023-01-06,CNN,13,1.0840483903884888
2023-01-06,CNN,14,1.0791993141174316
2023-01-06,CNN,15,1.0745632648468018
2023-01-06,CNN,16,1.0701390504837036
2023-01-06,CNN,17,1.0660390853881836
2023-01-06,CNN,18,1.0622460842132568
2023-01-06,CNN,19,1.0585870742797852
2023-01-06,CNN,20,1.0551211833953857
2023-01-06,CNN,21,1.051813006401062
2023-01-06,CNN,22,1.0487462282180786
2023-01-06,CNN,23,1.0458730459213257
2023-01-06,CNN,24,1.0431450605392456
2023-01-06,CNN,25,1.0405915975570679
2023-01-06,CNN,26,1.038195013999939
2023-01-06,CNN,27,1.0358704328536987
2023-01-06,CNN,28,1.0336202383041382
2023-01-06,CNN,29,1.0314961671829224
2023-01-06,CNN,30,1.029475212097168
2023-01-06,CNN,31,1.0275797843933105
2023-01-06,CNN,32,1.0257809162139893
2023-01-06,CNN,33,1.0241156816482544
2023-01-06,CNN,34,1.0225508213043213
2023-01-06,CNN,35,1.0210634469985962
2023-01-06,CNN,36,1.0196560621261597
2023-01-06,CNN,37,1.0183053016662598
2023-01-06,CNN,38,1.017021894454956
2023-01-06,CNN,39,1.015784502029419
2023-01-06,CNN,40,1.0145753622055054
2023-01-06,CNN,41,1.0134062767028809
2023-01-06,CNN,42,1.012303352355957
2023-01-06,CNN,43,1.011240839958191
2023-01-06,CNN,44,1.0102277994155884
2023-01-06,CNN,45,1.0092575550079346
2023-01-06,CNN,46,1.0083357095718384
2023-01-06,CNN,47,1.007429599761963
2023-01-06,CNN,48,1.0065336227416992
2023-01-06,CNN,49,1.0056350231170654
2023-01-06,CNN,50,1.004763126373291
2023-01-06,CNN,51,1.0039052963256836
2023-01-06,CNN,52,1.0030375719070435
2023-01-06,CNN,53,1.0022029876708984
2023-01-06,CNN,54,1.0013923645019531
2023-01-06,CNN,55,1.0005791187286377
2023-01-06,CNN,56,0.9997743368148804
2023-01-06,CNN,57,0.9989702701568604
2023-01-06,CNN,58,0.9981884360313416
2023-01-06,CNN,59,0.9974116086959839
2023-01-06,CNN,60,0.9966254234313965
2023-01-06,CNN,61,0.9958244562149048
2023-01-06,CNN,62,0.9950114488601685
2023-01-06,CNN,63,0.9942014813423157
2023-01-06,CNN,64,0.9933858513832092
2023-01-06,CNN,65,0.9925743937492371
2023-01-06,CNN,66,0.9917646050453186
2023-01-06,CNN,67,0.990940511226654
2023-01-06,CNN,68,0.9901165962219238
2023-01-06,CNN,69,0.9892986416816711
2023-01-06,CNN,70,0.9884669184684753
2023-01-06,CNN,71,0.9876183271408081
2023-01-06,CNN,72,0.9867638349533081
2023-01-06,CNN,73,0.9858957529067993
2023-01-06,CNN,74,0.9850190877914429
2023-01-06,CNN,75,0.9841309189796448
2023-01-06,CNN,76,0.9832233786582947
2023-01-06,CNN,77,0.9822902679443359
2023-01-06,CNN,78,0.9813508987426758
2023-01-06,CNN,79,0.9804185032844543
2023-01-06,CNN,80,0.9794958829879761
2023-02-03,LSTM,1,1.019370436668396
2023-02-03,LSTM,2,1.0182417631149292
2023-02-03,LSTM,3,1.0171351432800293
2023-02-03,LSTM,4,1.0160496234893799
2023-02-03,LSTM,5,1.0149861574172974
2023-02-03,LSTM,6,1.013946294784546
2023-02-03,LSTM,7,1.012929916381836
2023-02-03,LSTM,8,1.0119367837905884
2023-02-03,LSTM,9,1.0109660625457764
2023-02-03,LSTM,10,1.010016918182373
2023-02-03,LSTM,11,1.0090887546539307
2023-02-03,LSTM,12,1.0081806182861328
2023-02-03,LSTM,13,1.0072914361953735
2023-02-03,LSTM,14,1.006420612335205
2023-02-03,LSTM,15,1.0055670738220215
2023-02-03,LSTM,16,1.0047301054000854
2023-02-03,LSTM,17,1.0039091110229492
2023-02-03,LSTM,18,1.003103256225586
2023-02-03,LSTM,19,1.002312183380127
2023-02-03,LSTM,20,1.001535177230835
2023-02-03,LSTM,21,1.0007715225219727
2023-02-03,LSTM,22,1.0000208616256714
2023-02-03,LSTM,23,0.9992823600769043
2023-02-03,LSTM,24,0.9985555410385132
2023-02-03,LSTM,25,0.9978395700454712
2023-02-03,LSTM,26,0.9971337914466858
2023-02-03,LSTM,27,0.9964373707771301
2023-02-03,LSTM,28,0.9957495927810669
2023-02-03,LSTM,29,0.9950697422027588
2023-02-03,LSTM,30,0.9943969249725342
2023-02-03,LSTM,31,0.9937306642532349
2023-02-03,LSTM,32,0.9930700659751892
2023-02-03,LSTM,33,0.9924142956733704
2023-02-03,LSTM,34,0.9917623996734619
2023-02-03,LSTM,35,0.9911138415336609
2023-02-03,LSTM,36,0.9904677867889404
2023-02-03,LSTM,37,0.9898233413696289
2023-02-03,LSTM,38,0.9891796112060547
2023-02-03,LSTM,39,0.98853600025177
2023-02-03,LSTM,40,0.9878915548324585
2023-02-03,LSTM,41,0.9872457385063171
2023-02-03,LSTM,42,0.9865977764129639
2023-02-03,LSTM,43,0.9859467148780823
2023-02-03,LSTM,44,0.9852920770645142
2023-02-03,LSTM,45,0.9846330881118774
2023-02-03,LSTM,46,0.9839690327644348
2023-02-03,LSTM,47,0.9832992553710938
2023-02-03,LSTM,48,0.982623279094696
2023-02-03,LSTM,49,0.9819403886795044
2023-02-03,LSTM,50,0.981249988079071
2023-02-03,LSTM,51,0.9805516600608826
2023-02-03,LSTM,52,0.9798448085784912
2023-02-03,LSTM,53,0.9791287779808044
2023-02-03,LSTM,54,0.9784033894538879
2023-02-03,LSTM,55,0.9776679277420044
2023-02-03,LSTM,56,0.9769222140312195
2023-02-03,LSTM,57,0.9761656522750854
2023-02-03,LSTM,58,0.9753979444503784
2023-02-03,LSTM,59,0.9746184349060059
2023-02-03,LSTM,60,0.9738270044326782
2023-02-03,LSTM,61,0.9730232357978821
2023-02-03,LSTM,62,0.9722062349319458
2023-02-03,LSTM,63,0.9713760614395142
2023-02-03,LSTM,64,0.9705320596694946
2023-02-03,LSTM,65,0.9696736931800842
2023-02-03,LSTM,66,0.9688007831573486
2023-02-03,LSTM,67,0.9679125547409058
2023-02-03,LSTM,68,0.9670088291168213
2023-02-03,LSTM,69,0.9660890102386475
2023-02-03,LSTM,70,0.96515291929245
2023-02-03,LSTM,71,0.9642003178596497
2023-02-03,LSTM,72,0.9632309079170227
2023-02-03,LSTM,73,0.9622443914413452
2023-02-03,LSTM,74,0.9612405300140381
2023-02-03,LSTM,75,0.9602193832397461
2023-02-03,LSTM,76,0.9591804146766663
2023-02-03,LSTM,77,0.9581236839294434
2023-02-03,LSTM,78,0.9570487141609192
2023-02-03,LSTM,79,0.9559552073478699
2023-02-03,LSTM,80,0.9548425674438477
2023-02-03,CNN,1,1.1677565574645996
2023-02-03,CNN,2,1.1586627960205078
2023-02-03,CNN,3,1.1499645709991455
2023-02-03,CNN,4,1.1416335105895996
2023-02-03,CNN,5,1.133727788925171
2023-02-03,CNN,6,1.1261368989944458
2023-02-03,CNN,7,1.1189173460006714
2023-02-03,CNN,8,1.111990213394165
2023-02-03,CNN,9,1.1054555177688599
2023-02-03,CNN,10,1.0992724895477295
2023-02-03,CNN,11,1.0933905839920044
2023-02-03,CNN,12,1.0878725051879883
2023-02-03,CNN,13,1.0827271938323975
2023-02-03,CNN,14,1.0778672695159912
2023-02-03,CNN,15,1.0732496976852417
2023-02-03,CNN,16,1.0688116550445557
2023-02-03,CNN,17,1.0646915435791016
2023-02-03,CNN,18,1.0608432292938232
2023-02-03,CNN,19,1.0572397708892822
2023-02-03,CNN,20,1.0538153648376465
2023-02-03,CNN,21,1.0505337715148926
2023-02-03,CNN,22,1.0474251508712769
2023-02-03,CNN,23,1.0444960594177246
2023-02-03,CNN,24,1.0417293310165405
2023-02-03,CNN,25,1.0391424894332886
2023-02-03,CNN,26,1.0367330312728882
2023-02-03,CNN,27,1.0344270467758179
2023-02-03,CNN,28,1.032236933708191
2023-02-03,CNN,29,1.0301668643951416
2023-02-03,CNN,30,1.028193473815918
2023-02-03,CNN,31,1.0263047218322754
2023-02-03,CNN,32,1.024521827697754
2023-02-03,CNN,33,1.022871971130371
2023-02-03,CNN,34,1.021306037902832
2023-02-03,CNN,35,1.019816279411316
2023-02-03,CNN,36,1.0184022188186646
2023-02-03,CNN,37,1.0170698165893555
2023-02-03,CNN,38,1.0157970190048218
2023-02-03,CNN,39,1.014573335647583
2023-02-03,CNN,40,1.013407588005066
2023-02-03,CNN,41,1.0122888088226318
2023-02-03,CNN,42,1.011232614517212
2023-02-03,CNN,43,1.010215163230896
2023-02-03,CNN,44,1.0092380046844482
2023-02-03,CNN,45,1.008300542831421
2023-02-03,CNN,46,1.0074037313461304
2023-02-03,CNN,47,1.0065250396728516
2023-02-03,CNN,48,1.0056661367416382
2023-02-03,CNN,49,1.0048221349716187
2023-02-03,CNN,50,1.00398588180542
2023-02-03,CNN,51,1.0031548738479614
2023-02-03,CNN,52,1.0023294687271118
2023-02-03,CNN,53,1.001523494720459
2023-02-03,CNN,54,1.0007305145263672
2023-02-03,CNN,55,0.9999357461929321
2023-02-03,CNN,56,0.9991198778152466
2023-02-03,CNN,57,0.9983049631118774
2023-02-03,CNN,58,0.9975242018699646
2023-02-03,CNN,59,0.9967525005340576
2023-02-03,CNN,60,0.9959771633148193
2023-02-03,CNN,61,0.9951762557029724
2023-02-03,CNN,62,0.9943591356277466
2023-02-03,CNN,63,0.9935401082038879
2023-02-03,CNN,64,0.9927315711975098
2023-02-03,CNN,65,0.9919126629829407
2023-02-03,CNN,66,0.9911001920700073
2023-02-03,CNN,67,0.9902850985527039
2023-02-03,CNN,68,0.98946613073349
2023-02-03,CNN,69,0.9886416792869568
2023-02-03,CNN,70,0.987797737121582
2023-02-03,CNN,71,0.9869574904441833
2023-02-03,CNN,72,0.9861113429069519
2023-02-03,CNN,73,0.9852580428123474
2023-02-03,CNN,74,0.9843882918357849
2023-02-03,CNN,75,0.9835013747215271
2023-02-03,CNN,76,0.9826027750968933
2023-02-03,CNN,77,0.9816977381706238
2023-02-03,CNN,78,0.9807881712913513
2023-02-03,CNN,79,0.9798740744590759
2023-02-03,CNN,80,0.9789505004882812
2023-03-03,LSTM,1,1.020373821258545
2023-03-03,LSTM,2,1.01919424533844
2023-03-03,LSTM,3,1.0180381536483765
2023-03-03,LSTM,4,1.0169079303741455
2023-03-03,LSTM,5,1.015803575515747
2023-03-03,LSTM,6,1.0147252082824707
2023-03-03,LSTM,7,1.013671875
2023-03-03,LSTM,8,1.0126417875289917
2023-03-03,LSTM,9,1.0116342306137085
2023-03-03,LSTM,10,1.0106475353240967
2023-03-03,LSTM,11,1.0096808671951294
2023-03-03,LSTM,12,1.0087330341339111
2023-03-03,LSTM,13,1.0078034400939941
2023-03-03,LSTM,14,1.0068912506103516
2023-03-03,LSTM,15,1.005995750427246
2023-03-03,LSTM,16,1.0051164627075195
2023-03-03,LSTM,17,1.0042529106140137
2023-03-03,LSTM,18,1.0034046173095703
2023-03-03,LSTM,19,1.0025707483291626
2023-03-03,LSTM,20,1.001751184463501
2023-03-03,LSTM,21,1.0009450912475586
2023-03-03,LSTM,22,1.000152349472046
2023-03-03,LSTM,23,0.9993720650672913
2023-03-03,LSTM,24,0.9986038208007812
2023-03-03,LSTM,25,0.9978470206260681
2023-03-03,LSTM,26,0.9971012473106384
2023-03-03,LSTM,27,0.9963657259941101
2023-03-03,LSTM,28,0.9956400394439697
2023-03-03,LSTM,29,0.9949234127998352
2023-03-03,LSTM,30,0.9942156076431274
2023-03-03,LSTM,31,0.9935154914855957
2023-03-03,LSTM,32,0.9928226470947266
2023-03-03,LSTM,33,0.9921364784240723
2023-03-03,LSTM,34,0.9914562702178955
2023-03-03,LSTM,35,0.9907812476158142
2023-03-03,LSTM,36,0.9901107549667358
2023-03-03,LSTM,37,0.9894441366195679
2023-03-03,LSTM,38,0.9887804985046387
2023-03-03,LSTM,39,0.9881193041801453
2023-03-03,LSTM,40,0.987459659576416
2023-03-03,LSTM,41,0.9868009686470032
2023-03-03,LSTM,42,0.9861425161361694
2023-03-03,LSTM,43,0.9854835271835327
2023-03-03,LSTM,44,0.9848232269287109
2023-03-03,LSTM,45,0.9841611385345459
2023-03-03,LSTM,46,0.9834963083267212
2023-03-03,LSTM,47,0.9828281402587891
2023-03-03,LSTM,48,0.9821558594703674
2023-03-03,LSTM,49,0.981478750705719
2023-03-03,LSTM,50,0.9807960391044617
2023-03-03,LSTM,51,0.9801069498062134
2023-03-03,LSTM,52,0.979410707950592
2023-03-03,LSTM,53,0.9787065982818604
2023-03-03,LSTM,54,0.9779938459396362
2023-03-03,LSTM,55,0.977271556854248
2023-03-03,LSTM,56,0.9765391945838928
2023-03-03,LSTM,57,0.9757957458496094
2023-03-03,LSTM,58,0.9750405550003052
2023-03-03,LSTM,59,0.9742727875709534
2023-03-03,LSTM,60,0.973491907119751
2023-03-03,LSTM,61,0.9726970791816711
2023-03-03,LSTM,62,0.9718874096870422
2023-03-03,LSTM,63,0.971062421798706
2023-03-03,LSTM,64,0.970221221446991
2023-03-03,LSTM,65,0.9693630337715149
2023-03-03,LSTM,66,0.9684876203536987
2023-03-03,LSTM,67,0.9675940275192261
2023-03-03,LSTM,68,0.966681718826294
2023-03-03,LSTM,69,0.9657501578330994
2023-03-03,LSTM,70,0.9647989273071289
2023-03-03,LSTM,71,0.9638276100158691
2023-03-03,LSTM,72,0.9628360271453857
2023-03-03,LSTM,73,0.9618238806724548
2023-03-03,LSTM,74,0.9607908129692078
2023-03-03,LSTM,75,0.9597369432449341
2023-03-03,LSTM,76,0.9586620926856995
2023-03-03,LSTM,77,0.95756596326828
2023-03-03,LSTM,78,0.9564487934112549
2023-03-03,LSTM,79,0.9553104043006897
2023-03-03,LSTM,80,0.9541506171226501
2023-03-03,CNN,1,1.166399598121643
2023-03-03,CNN,2,1.157317042350769
2023-03-03,CNN,3,1.1486225128173828
2023-03-03,CNN,4,1.1403359174728394
2023-03-03,CNN,5,1.132393717765808
2023-03-03,CNN,6,1.1247884035110474
2023-03-03,CNN,7,1.1174720525741577
2023-03-03,CNN,8,1.1104549169540405
2023-03-03,CNN,9,1.1039235591888428
2023-03-03,CNN,10,1.0977067947387695
2023-03-03,CNN,11,1.0917631387710571
2023-03-03,CNN,12,1.086148977279663
2023-03-03,CNN,13,1.0810058116912842
2023-03-03,CNN,14,1.0761587619781494
2023-03-03,CNN,15,1.0715229511260986
2023-03-03,CNN,16,1.0670779943466187
2023-03-03,CNN,17,1.0629688501358032
2023-03-03,CNN,18,1.0591249465942383
2023-03-03,CNN,19,1.0555325746536255
2023-03-03,CNN,20,1.0521098375320435
2023-03-03,CNN,21,1.0488330125808716
2023-03-03,CNN,22,1.0457326173782349
2023-03-03,CNN,23,1.0428261756896973
2023-03-03,CNN,24,1.0400604009628296
2023-03-03,CNN,25,1.03743314743042
2023-03-03,CNN,26,1.0349845886230469
2023-03-03,CNN,27,1.032679557800293
2023-03-03,CNN,28,1.0304770469665527
2023-03-03,CNN,29,1.028363823890686
2023-03-03,CNN,30,1.026323914527893
2023-03-03,CNN,31,1.0243827104568481
2023-03-03,CNN,32,1.0225647687911987
2023-03-03,CNN,33,1.0208227634429932
2023-03-03,CNN,34,1.0191841125488281
2023-03-03,CNN,35,1.0176295042037964
2023-03-03,CNN,36,1.016162633895874
2023-03-03,CNN,37,1.014763593673706
2023-03-03,CNN,38,1.0133979320526123
2023-03-03,CNN,39,1.0120420455932617
2023-03-03,CNN,40,1.0107544660568237
2023-03-03,CNN,41,1.0095150470733643
2023-03-03,CNN,42,1.0083284378051758
2023-03-03,CNN,43,1.0071945190429688
2023-03-03,CNN,44,1.0061088800430298
2023-03-03,CNN,45,1.005050539970398
2023-03-03,CNN,46,1.0040196180343628
2023-03-03,CNN,47,1.0030310153961182
2023-03-03,CNN,48,1.0020390748977661
2023-03-03,CNN,49,1.0010414123535156
2023-03-03,CNN,50,1.0000481605529785
2023-03-03,CNN,51,0.9990548491477966
2023-03-03,CNN,52,0.9980793595314026
2023-03-03,CNN,53,0.9971104264259338
2023-03-03,CNN,54,0.9961646795272827
2023-03-03,CNN,55,0.9952211380004883
2023-03-03,CNN,56,0.9942622184753418
2023-03-03,CNN,57,0.9933085441589355
2023-03-03,CNN,58,0.9923486113548279
2023-03-03,CNN,59,0.9913913011550903
2023-03-03,CNN,60,0.9904382824897766
2023-03-03,CNN,61,0.9894735813140869
2023-03-03,CNN,62,0.988551676273346
2023-03-03,CNN,63,0.9876168966293335
2023-03-03,CNN,64,0.9866818785667419
2023-03-03,CNN,65,0.985770046710968
2023-03-03,CNN,66,0.984862208366394
2023-03-03,CNN,67,0.9839414954185486
2023-03-03,CNN,68,0.9830195903778076
2023-03-03,CNN,69,0.9820988774299622
2023-03-03,CNN,70,0.9811674356460571
2023-03-03,CNN,71,0.9802172780036926
2023-03-03,CNN,72,0.9792410731315613
2023-03-03,CNN,73,0.9782314300537109
2023-03-03,CNN,74,0.9772069454193115
2023-03-03,CNN,75,0.9761804342269897
2023-03-03,CNN,76,0.9751443266868591
2023-03-03,CNN,77,0.9741058349609375
2023-03-03,CNN,78,0.9730534553527832
2023-03-03,CNN,79,0.9719861745834351
2023-03-03,CNN,80,0.9709262251853943
2023-03-31,LSTM,1,1.0203022956848145
2023-03-31,LSTM,2,1.0191417932510376
2023-03-31,LSTM,3,1.0180047750473022
2023-03-31,LSTM,4,1.0168914794921875
2023-03-31,LSTM,5,1.0158032178878784
2023-03-31,LSTM,6,1.0147396326065063
2023-03-31,LSTM,7,1.0137004852294922
2023-03-31,LSTM,8,1.0126850605010986
2023-03-31,LSTM,9,1.0116924047470093
2023-03-31,LSTM,10,1.0107214450836182
2023-03-31,LSTM,11,1.0097708702087402
2023-03-31,LSTM,12,1.0088396072387695
2023-03-31,LSTM,13,1.0079265832901
2023-03-31,LSTM,14,1.0070312023162842
2023-03-31,LSTM,15,1.006152629852295
2023-03-31,LSTM,16,1.0052903890609741
2023-03-31,LSTM,17,1.0044435262680054
2023-03-31,LSTM,18,1.0036119222640991
2023-03-31,LSTM,19,1.002794623374939
2023-03-31,LSTM,20,1.0019912719726562
2023-03-31,LSTM,21,1.0012013912200928
2023-03-31,LSTM,22,1.0004241466522217
2023-03-31,LSTM,23,0.9996592402458191
2023-03-31,LSTM,24,0.9989059567451477
2023-03-31,LSTM,25,0.9981638193130493
2023-03-31,LSTM,26,0.9974324107170105
2023-03-31,LSTM,27,0.9967109560966492
2023-03-31,LSTM,28,0.9959988594055176
2023-03-31,LSTM,29,0.9952956438064575
2023-03-31,LSTM,30,0.9946006536483765
2023-03-31,LSTM,31,0.9939134120941162
2023-03-31,LSTM,32,0.9932331442832947
2023-03-31,LSTM,33,0.9925592541694641
2023-03-31,LSTM,34,0.9918912053108215
2023-03-31,LSTM,35,0.9912283420562744
2023-03-31,LSTM,36,0.9905697703361511
2023-03-31,LSTM,37,0.9899148941040039
2023-03-31,LSTM,38,0.9892632365226746
2023-03-31,LSTM,39,0.9886137843132019
2023-03-31,LSTM,40,0.987966001033783
2023-03-31,LSTM,41,0.9873191714286804
2023-03-31,LSTM,42,0.986672580242157
2023-03-31,LSTM,43,0.9860256314277649
2023-03-31,LSTM,44,0.9853774309158325
2023-03-31,LSTM,45,0.9847275018692017
2023-03-31,LSTM,46,0.9840751886367798
2023-03-31,LSTM,47,0.9834194779396057
2023-03-31,LSTM,48,0.9827598333358765
2023-03-31,LSTM,49,0.9820957183837891
2023-03-31,LSTM,50,0.9814261198043823
2023-03-31,LSTM,51,0.9807507395744324
2023-03-31,LSTM,52,0.9800682067871094
2023-03-31,LSTM,53,0.979378342628479
2023-03-31,LSTM,54,0.9786800146102905
2023-03-31,LSTM,55,0.9779728651046753
2023-03-31,LSTM,56,0.9772558212280273
2023-03-31,LSTM,57,0.9765281677246094
2023-03-31,LSTM,58,0.9757891893386841
2023-03-31,LSTM,59,0.9750381708145142
2023-03-31,LSTM,60,0.974274218082428
2023-03-31,LSTM,61,0.973496675491333
2023-03-31,LSTM,62,0.9727045893669128
2023-03-31,LSTM,63,0.9718974232673645
2023-03-31,LSTM,64,0.9710742235183716
2023-03-31,LSTM,65,0.9702344536781311
2023-03-31,LSTM,66,0.9693772792816162
2023-03-31,LSTM,67,0.9685020446777344
2023-03-31,LSTM,68,0.9676082134246826
2023-03-31,LSTM,69,0.9666950702667236
2023-03-31,LSTM,70,0.9657623171806335
2023-03-31,LSTM,71,0.9648095369338989
2023-03-31,LSTM,72,0.963836133480072
2023-03-31,LSTM,73,0.9628422260284424
2023-03-31,LSTM,74,0.9618274569511414
2023-03-31,LSTM,75,0.9607916474342346
2023-03-31,LSTM,76,0.9597347974777222
2023-03-31,LSTM,77,0.958656907081604
2023-03-31,LSTM,78,0.9575577974319458
2023-03-31,LSTM,79,0.9564375281333923
2023-03-31,LSTM,80,0.9552959203720093
2023-03-31,CNN,1,1.1664661169052124
2023-03-31,CNN,2,1.1574435234069824
2023-03-31,CNN,3,1.1487854719161987
2023-03-31,CNN,4,1.1405423879623413
2023-03-31,CNN,5,1.1326740980148315
2023-03-31,CNN,6,1.1250351667404175
2023-03-31,CNN,7,1.1177579164505005
2023-03-31,CNN,8,1.1107841730117798
2023-03-31,CNN,9,1.1042207479476929
2023-03-31,CNN,10,1.0980358123779297
2023-03-31,CNN,11,1.092118740081787
2023-03-31,CNN,12,1.0865232944488525
2023-03-31,CNN,13,1.0813158750534058
2023-03-31,CNN,14,1.0764631032943726
2023-03-31,CNN,15,1.0718662738800049
2023-03-31,CNN,16,1.0674558877944946
2023-03-31,CNN,17,1.063354253768921
2023-03-31,CNN,18,1.0595381259918213
2023-03-31,CNN,19,1.0559061765670776
2023-03-31,CNN,20,1.0524780750274658
2023-03-31,CNN,21,1.0491657257080078
2023-03-31,CNN,22,1.0460622310638428
2023-03-31,CNN,23,1.0431573390960693
2023-03-31,CNN,24,1.0403975248336792
2023-03-31,CNN,25,1.0378329753875732
2023-03-31,CNN,26,1.0354446172714233
2023-03-31,CNN,27,1.0331312417984009
2023-03-31,CNN,28,1.0309371948242188
2023-03-31,CNN,29,1.0288257598876953
2023-03-31,CNN,30,1.0268023014068604
2023-03-31,CNN,31,1.0249041318893433
2023-03-31,CNN,32,1.023125410079956
2023-03-31,CNN,33,1.0214221477508545
2023-03-31,CNN,34,1.0198025703430176
2023-03-31,CNN,35,1.0182607173919678
2023-03-31,CNN,36,1.0168110132217407
2023-03-31,CNN,37,1.0154352188110352
2023-03-31,CNN,38,1.014056921005249
2023-03-31,CNN,39,1.012739896774292
2023-03-31,CNN,40,1.0114644765853882
2023-03-31,CNN,41,1.0102289915084839
2023-03-31,CNN,42,1.0090528726577759
2023-03-31,CNN,43,1.0079413652420044
2023-03-31,CNN,44,1.0069059133529663
2023-03-31,CNN,45,1.0058796405792236
2023-03-31,CNN,46,1.0048789978027344
2023-03-31,CNN,47,1.0038855075836182
2023-03-31,CNN,48,1.0028870105743408
2023-03-31,CNN,49,1.0018820762634277
2023-03-31,CNN,50,1.0008727312088013
2023-03-31,CNN,51,0.9998845458030701
2023-03-31,CNN,52,0.9989187121391296
2023-03-31,CNN,53,0.9979615807533264
2023-03-31,CNN,54,0.9970453977584839
2023-03-31,CNN,55,0.996118426322937
2023-03-31,CNN,56,0.9951761960983276
2023-03-31,CNN,57,0.9942238330841064
2023-03-31,CNN,58,0.9932644367218018
2023-03-31,CNN,59,0.9923059344291687
2023-03-31,CNN,60,0.9913719296455383
2023-03-31,CNN,61,0.9904390573501587
2023-03-31,CNN,62,0.9895066618919373
2023-03-31,CNN,63,0.9885618090629578
2023-03-31,CNN,64,0.9876161217689514
2023-03-31,CNN,65,0.9866728782653809
2023-03-31,CNN,66,0.9857479333877563
2023-03-31,CNN,67,0.984841525554657
2023-03-31,CNN,68,0.9839279055595398
2023-03-31,CNN,69,0.9830103516578674
2023-03-31,CNN,70,0.982079029083252
2023-03-31,CNN,71,0.9811262488365173
2023-03-31,CNN,72,0.9801438450813293
2023-03-31,CNN,73,0.9791350364685059
2023-03-31,CNN,74,0.9781099557876587
2023-03-31,CNN,75,0.9770835041999817
2023-03-31,CNN,76,0.976059079170227
2023-03-31,CNN,77,0.9750285744667053
2023-03-31,CNN,78,0.9739810824394226
2023-03-31,CNN,79,0.9728971123695374
2023-03-31,CNN,80,0.9718083739280701
2023-04-28,LSTM,1,1.0202370882034302
2023-04-28,LSTM,2,1.0190860033035278
2023-04-28,LSTM,3,1.0179580450057983
2023-04-28,LSTM,4,1.0168546438217163
2023-04-28,LSTM,5,1.0157763957977295
2023-04-28,LSTM,6,1.014723777770996
2023-04-28,LSTM,7,1.0136964321136475
2023-04-28,LSTM,8,1.012692928314209
2023-04-28,LSTM,9,1.0117123126983643
2023-04-28,LSTM,10,1.0107531547546387
2023-04-28,LSTM,11,1.009814739227295
2023-04-28,LSTM,12,1.0088963508605957
2023-04-28,LSTM,13,1.007996916770935
2023-04-28,LSTM,14,1.0071156024932861
2023-04-28,LSTM,15,1.0062518119812012
2023-04-28,LSTM,16,1.0054045915603638
2023-04-28,LSTM,17,1.0045732259750366
2023-04-28,LSTM,18,1.0037569999694824
2023-04-28,LSTM,19,1.0029555559158325
2023-04-28,LSTM,20,1.0021679401397705
2023-04-28,LSTM,21,1.0013937950134277
2023-04-28,LSTM,22,1.000632643699646
2023-04-28,LSTM,23,0.9998838305473328
2023-04-28,LSTM,24,0.9991469979286194
2023-04-28,LSTM,25,0.9984216690063477
2023-04-28,LSTM,26,0.9977070093154907
2023-04-28,LSTM,27,0.9970027208328247
2023-04-28,LSTM,28,0.9963083267211914
2023-04-28,LSTM,29,0.995622992515564
2023-04-28,LSTM,30,0.9949463605880737
2023-04-28,LSTM,31,0.9942775964736938
2023-04-28,LSTM,32,0.9936163425445557
2023-04-28,LSTM,33,0.9929615259170532
2023-04-28,LSTM,34,0.9923129677772522
2023-04-28,LSTM,35,0.9916695356369019
2023-04-28,LSTM,36,0.991030752658844
2023-04-28,LSTM,37,0.9903960227966309
2023-04-28,LSTM,38,0.989764392375946
2023-04-28,LSTM,39,0.989135205745697
2023-04-28,LSTM,40,0.9885079264640808
2023-04-28,LSTM,41,0.9878817796707153
2023-04-28,LSTM,42,0.9872559905052185
2023-04-28,LSTM,43,0.9866299629211426
2023-04-28,LSTM,44,0.9860031008720398
2023-04-28,LSTM,45,0.9853745102882385
2023-04-28,LSTM,46,0.984743595123291
2023-04-28,LSTM,47,0.9841097593307495
2023-04-28,LSTM,48,0.9834722280502319
2023-04-28,LSTM,49,0.982830286026001
2023-04-28,LSTM,50,0.9821832776069641
2023-04-28,LSTM,51,0.9815304279327393
2023-04-28,LSTM,52,0.9808710813522339
2023-04-28,LSTM,53,0.9802047610282898
2023-04-28,LSTM,54,0.979530394077301
2023-04-28,LSTM,55,0.9788475036621094
2023-04-28,LSTM,56,0.9781553745269775
2023-04-28,LSTM,57,0.9774532914161682
2023-04-28,LSTM,58,0.9767405390739441
2023-04-28,LSTM,59,0.976016640663147
2023-04-28,LSTM,60,0.9752807021141052
2023-04-28,LSTM,61,0.9745321273803711
2023-04-28,LSTM,62,0.973770260810852
2023-04-28,LSTM,63,0.9729944467544556
2023-04-28,LSTM,64,0.9722039103507996
2023-04-28,LSTM,65,0.9713980555534363
2023-04-28,LSTM,66,0.9705763459205627
2023-04-28,LSTM,67,0.9697380065917969
2023-04-28,LSTM,68,0.9688825011253357
2023-04-28,LSTM,69,0.9680092334747314
2023-04-28,LSTM,70,0.9671177864074707
2023-04-28,LSTM,71,0.9662076830863953
2023-04-28,LSTM,72,0.9652786254882812
2023-04-28,LSTM,73,0.9643303155899048
2023-04-28,LSTM,74,0.9633626341819763
2023-04-28,LSTM,75,0.962375283241272
2023-04-28,LSTM,76,0.9613685011863708
2023-04-28,LSTM,77,0.9603420495986938
2023-04-28,LSTM,78,0.9592958092689514
2023-04-28,LSTM,79,0.958230197429657
2023-04-28,LSTM,80,0.9571447968482971
2023-04-28,CNN,1,1.1673786640167236
2023-04-28,CNN,2,1.1584044694900513
2023-04-28,CNN,3,1.149801254272461
2023-04-28,CNN,4,1.1416497230529785
2023-04-28,CNN,5,1.13387930393219
2023-04-28,CNN,6,1.1263667345046997
2023-04-28,CNN,7,1.1191257238388062
2023-04-28,CNN,8,1.1122483015060425
2023-04-28,CNN,9,1.1057721376419067
2023-04-28,CNN,10,1.0996185541152954
2023-04-28,CNN,11,1.0937271118164062
2023-04-28,CNN,12,1.0882254838943481
2023-04-28,CNN,13,1.0830237865447998
2023-04-28,CNN,14,1.0781515836715698
2023-04-28,CNN,15,1.073559284210205
2023-04-28,CNN,16,1.0691983699798584
2023-04-28,CNN,17,1.0651310682296753
2023-04-28,CNN,18,1.0612788200378418
2023-04-28,CNN,19,1.0576382875442505
2023-04-28,CNN,20,1.0542118549346924
2023-04-28,CNN,21,1.0509697198867798
2023-04-28,CNN,22,1.0478955507278442
2023-04-28,CNN,23,1.0450924634933472
2023-04-28,CNN,24,1.042470097541809
2023-04-28,CNN,25,1.0399552583694458
2023-04-28,CNN,26,1.0375338792800903
2023-04-28,CNN,27,1.035222053527832
2023-04-28,CNN,28,1.0330157279968262
2023-04-28,CNN,29,1.0308986902236938
2023-04-28,CNN,30,1.0288879871368408
2023-04-28,CNN,31,1.0269924402236938
2023-04-28,CNN,32,1.025200605392456
2023-04-28,CNN,33,1.023532509803772
2023-04-28,CNN,34,1.0219653844833374
2023-04-28,CNN,35,1.020462155342102
2023-04-28,CNN,36,1.0190376043319702
2023-04-28,CNN,37,1.0176774263381958
2023-04-28,CNN,38,1.0163730382919312
2023-04-28,CNN,39,1.0151088237762451
2023-04-28,CNN,40,1.0138694047927856
2023-04-28,CNN,41,1.012660264968872
2023-04-28,CNN,42,1.0115220546722412
2023-04-28,CNN,43,1.0104659795761108
2023-04-28,CNN,44,1.0094534158706665
2023-04-28,CNN,45,1.0084646940231323
2023-04-28,CNN,46,1.0074827671051025
2023-04-28,CNN,47,1.0064990520477295
2023-04-28,CNN,48,1.0055315494537354
2023-04-28,CNN,49,1.0045846700668335
2023-04-28,CNN,50,1.0036572217941284
2023-04-28,CNN,51,1.0027339458465576
2023-04-28,CNN,52,1.001805305480957
2023-04-28,CNN,53,1.0008913278579712
2023-04-28,CNN,54,0.9999961256980896
2023-04-28,CNN,55,0.9990942478179932
2023-04-28,CNN,56,0.9982016682624817
2023-04-28,CNN,57,0.9973336458206177
2023-04-28,CNN,58,0.9964482188224792
2023-04-28,CNN,59,0.9955524802207947
2023-04-28,CNN,60,0.9946749806404114
2023-04-28,CNN,61,0.993800938129425
2023-04-28,CNN,62,0.9929203987121582
2023-04-28,CNN,63,0.9920341968536377
2023-04-28,CNN,64,0.991155743598938
2023-04-28,CNN,65,0.9902706146240234
2023-04-28,CNN,66,0.989391028881073
2023-04-28,CNN,67,0.9885295033454895
2023-04-28,CNN,68,0.9876618385314941
2023-04-28,CNN,69,0.9868088364601135
2023-04-28,CNN,70,0.9859547019004822
2023-04-28,CNN,71,0.9850804209709167
2023-04-28,CNN,72,0.9842051267623901
2023-04-28,CNN,73,0.9833418130874634
2023-04-28,CNN,74,0.9824904799461365
2023-04-28,CNN,75,0.9816416501998901
2023-04-28,CNN,76,0.9807727336883545
2023-04-28,CNN,77,0.9798867106437683
2023-04-28,CNN,78,0.9789927005767822
2023-04-28,CNN,79,0.9780939817428589
2023-04-28,CNN,80,0.9771653413772583
2023-05-26,LSTM,1,1.021114468574524
2023-05-26,LSTM,2,1.0200165510177612
2023-05-26,LSTM,3,1.0189391374588013
2023-05-26,LSTM,4,1.0178849697113037
2023-05-26,LSTM,5,1.0168527364730835
2023-05-26,LSTM,6,1.015840768814087
2023-05-26,LSTM,7,1.014848232269287
2023-05-26,LSTM,8,1.0138746500015259
2023-05-26,LSTM,9,1.012919306755066
2023-05-26,LSTM,10,1.0119824409484863
2023-05-26,LSTM,11,1.0110639333724976
2023-05-26,LSTM,12,1.0101633071899414
2023-05-26,LSTM,13,1.0092805624008179
2023-05-26,LSTM,14,1.0084154605865479
2023-05-26,LSTM,15,1.0075675249099731
2023-05-26,LSTM,16,1.0067365169525146
2023-05-26,LSTM,17,1.0059220790863037
2023-05-26,LSTM,18,1.0051238536834717
2023-05-26,LSTM,19,1.0043412446975708
2023-05-26,LSTM,20,1.0035736560821533
2023-05-26,LSTM,21,1.0028207302093506
2023-05-26,LSTM,22,1.0020818710327148
2023-05-26,LSTM,23,1.0013564825057983
2023-05-26,LSTM,24,1.0006438493728638
2023-05-26,LSTM,25,0.9999434351921082
2023-05-26,LSTM,26,0.9992546439170837
2023-05-26,LSTM,27,0.9985767006874084
2023-05-26,LSTM,28,0.9979091286659241
2023-05-26,LSTM,29,0.9972509741783142
2023-05-26,LSTM,30,0.9966021180152893
2023-05-26,LSTM,31,0.9959616661071777
2023-05-26,LSTM,32,0.9953288435935974
2023-05-26,LSTM,33,0.9947032928466797
2023-05-26,LSTM,34,0.9940839409828186
2023-05-26,LSTM,35,0.993470311164856
2023-05-26,LSTM,36,0.9928616881370544
2023-05-26,LSTM,37,0.9922571182250977
2023-05-26,LSTM,38,0.9916561245918274
2023-05-26,LSTM,39,0.9910577535629272
2023-05-26,LSTM,40,0.9904612898826599
2023-05-26,LSTM,41,0.9898658990859985
2023-05-26,LSTM,42,0.9892708659172058
2023-05-26,LSTM,43,0.9886757731437683
2023-05-26,LSTM,44,0.988079309463501
2023-05-26,LSTM,45,0.9874812960624695
2023-05-26,LSTM,46,0.986880898475647
2023-05-26,LSTM,47,0.9862773418426514
2023-05-26,LSTM,48,0.9856702089309692
2023-05-26,LSTM,49,0.9850588440895081
2023-05-26,LSTM,50,0.9844426512718201
2023-05-26,LSTM,51,0.9838211536407471
2023-05-26,LSTM,52,0.9831936359405518
2023-05-26,LSTM,53,0.9825597405433655
2023-05-26,LSTM,54,0.9819189310073853
2023-05-26,LSTM,55,0.9812706112861633
2023-05-26,LSTM,56,0.9806140661239624
2023-05-26,LSTM,57,0.9799493551254272
2023-05-26,LSTM,58,0.9792754650115967
2023-05-26,LSTM,59,0.978592038154602
2023-05-26,LSTM,60,0.9778984785079956
2023-05-26,LSTM,61,0.9771944880485535
2023-05-26,LSTM,62,0.9764791131019592
2023-05-26,LSTM,63,0.9757522344589233
2023-05-26,LSTM,64,0.9750131368637085
2023-05-26,LSTM,65,0.9742614030838013
2023-05-26,LSTM,66,0.973496675491333
2023-05-26,LSTM,67,0.9727184772491455
2023-05-26,LSTM,68,0.9719265699386597
2023-05-26,LSTM,69,0.9711208343505859
2023-05-26,LSTM,70,0.9703009128570557
2023-05-26,LSTM,71,0.9694667458534241
2023-05-26,LSTM,72,0.9686183333396912
2023-05-26,LSTM,73,0.9677554965019226
2023-05-26,LSTM,74,0.9668781757354736
2023-05-26,LSTM,75,0.9659862518310547
2023-05-26,LSTM,76,0.965079665184021
2023-05-26,LSTM,77,0.9641582369804382
2023-05-26,LSTM,78,0.9632216095924377
2023-05-26,LSTM,79,0.9622697830200195
2023-05-26,LSTM,80,0.9613022208213806
2023-05-26,CNN,1,1.1673619747161865
2023-05-26,CNN,2,1.158445954322815
2023-05-26,CNN,3,1.1498557329177856
2023-05-26,CNN,4,1.1417200565338135
2023-05-26,CNN,5,1.1339458227157593
2023-05-26,CNN,6,1.126448392868042
2023-05-26,CNN,7,1.1192158460617065
2023-05-26,CNN,8,1.1123474836349487
2023-05-26,CNN,9,1.1058695316314697
2023-05-26,CNN,10,1.0997146368026733
2023-05-26,CNN,11,1.0938401222229004
2023-05-26,CNN,12,1.0883742570877075
2023-05-26,CNN,13,1.0832056999206543
2023-05-26,CNN,14,1.078381061553955
2023-05-26,CNN,15,1.0738389492034912
2023-05-26,CNN,16,1.0695229768753052
2023-05-26,CNN,17,1.0655115842819214
2023-05-26,CNN,18,1.0616956949234009
2023-05-26,CNN,19,1.0581679344177246
2023-05-26,CNN,20,1.0548570156097412
2023-05-26,CNN,21,1.0516759157180786
2023-05-26,CNN,22,1.048706293106079
2023-05-26,CNN,23,1.0459630489349365
2023-05-26,CNN,24,1.0433531999588013
2023-05-26,CNN,25,1.040903091430664
2023-05-26,CNN,26,1.038552165031433
2023-05-26,CNN,27,1.0363026857376099
2023-05-26,CNN,28,1.034148931503296
2023-05-26,CNN,29,1.0321136713027954
2023-05-26,CNN,30,1.030181646347046
2023-05-26,CNN,31,1.0283417701721191
2023-05-26,CNN,32,1.0266035795211792
2023-05-26,CNN,33,1.024961233139038
2023-05-26,CNN,34,1.0234434604644775
2023-05-26,CNN,35,1.022005319595337
2023-05-26,CNN,36,1.0206307172775269
2023-05-26,CNN,37,1.0193184614181519
2023-05-26,CNN,38,1.0180848836898804
2023-05-26,CNN,39,1.0168925523757935
2023-05-26,CNN,40,1.015747308731079
2023-05-26,CNN,41,1.0146214962005615
2023-05-26,CNN,42,1.013504147529602
2023-05-26,CNN,43,1.012437105178833
2023-05-26,CNN,44,1.0113993883132935
2023-05-26,CNN,45,1.010389804840088
2023-05-26,CNN,46,1.0093764066696167
2023-05-26,CNN,47,1.0083906650543213
2023-05-26,CNN,48,1.0074337720870972
2023-05-26,CNN,49,1.0064955949783325
2023-05-26,CNN,50,1.0055903196334839
2023-05-26,CNN,51,1.0047038793563843
2023-05-26,CNN,52,1.0038344860076904
2023-05-26,CNN,53,1.0029526948928833
2023-05-26,CNN,54,1.0020560026168823
2023-05-26,CNN,55,1.0011661052703857
2023-05-26,CNN,56,1.0002845525741577
2023-05-26,CNN,57,0.9994258880615234
2023-05-26,CNN,58,0.9985946416854858
2023-05-26,CNN,59,0.9977687001228333
2023-05-26,CNN,60,0.9969240427017212
2023-05-26,CNN,61,0.9960951805114746
2023-05-26,CNN,62,0.9952693581581116
2023-05-26,CNN,63,0.9944527745246887
2023-05-26,CNN,64,0.9936529397964478
2023-05-26,CNN,65,0.9928621053695679
2023-05-26,CNN,66,0.9920700192451477
2023-05-26,CNN,67,0.9912553429603577
2023-05-26,CNN,68,0.9904458522796631
2023-05-26,CNN,69,0.9896453619003296
2023-05-26,CNN,70,0.988855242729187
2023-05-26,CNN,71,0.9880585670471191
2023-05-26,CNN,72,0.9872331023216248
2023-05-26,CNN,73,0.9863739013671875
2023-05-26,CNN,74,0.9854992628097534
2023-05-26,CNN,75,0.9846087098121643
2023-05-26,CNN,76,0.9837320446968079
2023-05-26,CNN,77,0.9828549027442932
2023-05-26,CNN,78,0.9819622039794922
2023-05-26,CNN,79,0.9810466170310974
2023-05-26,CNN,80,0.9801129102706909
2023-06-23,LSTM,1,1.021530032157898
2023-06-23,LSTM,2,1.020465612411499
2023-06-23,LSTM,3,1.0194206237792969
2023-06-23,LSTM,4,1.0183931589126587
2023-06-23,LSTM,5,1.0173835754394531
2023-06-23,LSTM,6,1.0163929462432861
2023-06-23,LSTM,7,1.0154218673706055
2023-06-23,LSTM,8,1.014469861984253
2023-06-23,LSTM,9,1.0135371685028076
2023-06-23,LSTM,10,1.0126231908798218
2023-06-23,LSTM,11,1.0117275714874268
2023-06-23,LSTM,12,1.0108495950698853
2023-06-23,LSTM,13,1.0099893808364868
2023-06-23,LSTM,14,1.0091456174850464
2023-06-23,LSTM,15,1.008318305015564
2023-06-23,LSTM,16,1.007506251335144
2023-06-23,LSTM,17,1.0067095756530762
2023-06-23,LSTM,18,1.005927562713623
2023-06-23,LSTM,19,1.0051599740982056
2023-06-23,LSTM,20,1.0044063329696655
2023-06-23,LSTM,21,1.0036660432815552
2023-06-23,LSTM,22,1.0029388666152954
2023-06-23,LSTM,23,1.0022239685058594
2023-06-23,LSTM,24,1.0015208721160889
2023-06-23,LSTM,25,1.0008291006088257
2023-06-23,LSTM,26,1.0001481771469116
2023-06-23,LSTM,27,0.9994773864746094
2023-06-23,LSTM,28,0.9988162517547607
2023-06-23,LSTM,29,0.9981640577316284
2023-06-23,LSTM,30,0.9975205063819885
2023-06-23,LSTM,31,0.9968846440315247
2023-06-23,LSTM,32,0.9962560534477234
2023-06-23,LSTM,33,0.9956339001655579
2023-06-23,LSTM,34,0.9950176477432251
2023-06-23,LSTM,35,0.9944064617156982
2023-06-23,LSTM,36,0.9937997460365295
2023-06-23,LSTM,37,0.9931969046592712
2023-06-23,LSTM,38,0.9925970435142517
2023-06-23,LSTM,39,0.9919994473457336
2023-06-23,LSTM,40,0.9914035201072693
2023-06-23,LSTM,41,0.9908084869384766
2023-06-23,LSTM,42,0.9902138710021973
2023-06-23,LSTM,43,0.9896185994148254
2023-06-23,LSTM,44,0.989022433757782
2023-06-23,LSTM,45,0.98842453956604
2023-06-23,LSTM,46,0.9878243803977966
2023-06-23,LSTM,47,0.9872214198112488
2023-06-23,LSTM,48,0.9866152405738831
2023-06-23,LSTM,49,0.9860050082206726
2023-06-23,LSTM,50,0.9853905439376831
2023-06-23,LSTM,51,0.9847712516784668
2023-06-23,LSTM,52,0.9841467142105103
2023-06-23,LSTM,53,0.9835164546966553
2023-06-23,LSTM,54,0.9828800559043884
2023-06-23,LSTM,55,0.9822369813919067
2023-06-23,LSTM,56,0.9815869927406311
2023-06-23,LSTM,57,0.980929434299469
2023-06-23,LSTM,58,0.9802637696266174
2023-06-23,LSTM,59,0.9795899391174316
2023-06-23,LSTM,60,0.97890704870224
2023-06-23,LSTM,61,0.9782149791717529
2023-06-23,LSTM,62,0.9775129556655884
2023-06-23,LSTM,63,0.9768008589744568
2023-06-23,LSTM,64,0.9760780334472656
2023-06-23,LSTM,65,0.9753445386886597
2023-06-23,LSTM,66,0.9745997190475464
2023-06-23,LSTM,67,0.9738433957099915
2023-06-23,LSTM,68,0.9730754494667053
2023-06-23,LSTM,69,0.9722955226898193
2023-06-23,LSTM,70,0.9715033173561096
2023-06-23,LSTM,71,0.9706990122795105
2023-06-23,LSTM,72,0.9698819518089294
2023-06-23,LSTM,73,0.9690521955490112
2023-06-23,LSTM,74,0.9682093262672424
2023-06-23,LSTM,75,0.9673532843589783
2023-06-23,LSTM,76,0.9664835333824158
2023-06-23,LSTM,77,0.9655998349189758
2023-06-23,LSTM,78,0.9647021293640137
2023-06-23,LSTM,79,0.9637899994850159
2023-06-23,LSTM,80,0.9628633856773376
2023-06-23,CNN,1,1.1678862571716309
2023-06-23,CNN,2,1.1588960886001587
2023-06-23,CNN,3,1.1502232551574707
2023-06-23,CNN,4,1.1419894695281982
2023-06-23,CNN,5,1.1340930461883545
2023-06-23,CNN,6,1.1265310049057007
2023-06-23,CNN,7,1.1192805767059326
2023-06-23,CNN,8,1.112388253211975
2023-06-23,CNN,9,1.105873942375183
2023-06-23,CNN,10,1.099740982055664
2023-06-23,CNN,11,1.0939397811889648
2023-06-23,CNN,12,1.0884979963302612
2023-06-23,CNN,13,1.0833464860916138
2023-06-23,CNN,14,1.078598141670227
2023-06-23,CNN,15,1.0741277933120728
2023-06-23,CNN,16,1.0698868036270142
2023-06-23,CNN,17,1.0659211874008179
2023-06-23,CNN,18,1.0621819496154785
2023-06-23,CNN,19,1.0587011575698853
2023-06-23,CNN,20,1.0554157495498657
2023-06-23,CNN,21,1.0523231029510498
2023-06-23,CNN,22,1.0495094060897827
2023-06-23,CNN,23,1.0468237400054932
2023-06-23,CNN,24,1.0442482233047485
2023-06-23,CNN,25,1.0417861938476562
2023-06-23,CNN,26,1.0394651889801025
2023-06-23,CNN,27,1.0372376441955566
2023-06-23,CNN,28,1.0351014137268066
2023-06-23,CNN,29,1.033077359199524
2023-06-23,CNN,30,1.0311803817749023
2023-06-23,CNN,31,1.0293924808502197
2023-06-23,CNN,32,1.0277448892593384
2023-06-23,CNN,33,1.0261824131011963
2023-06-23,CNN,34,1.0246763229370117
2023-06-23,CNN,35,1.023211121559143
2023-06-23,CNN,36,1.0218029022216797
2023-06-23,CNN,37,1.0204640626907349
2023-06-23,CNN,38,1.0191912651062012
2023-06-23,CNN,39,1.0179473161697388
2023-06-23,CNN,40,1.016730785369873
2023-06-23,CNN,41,1.015541911125183
2023-06-23,CNN,42,1.0143979787826538
2023-06-23,CNN,43,1.0132834911346436
2023-06-23,CNN,44,1.012201189994812
2023-06-23,CNN,45,1.0111082792282104
2023-06-23,CNN,46,1.0100244283676147
2023-06-23,CNN,47,1.0089280605316162
2023-06-23,CNN,48,1.0078544616699219
2023-06-23,CNN,49,1.0067800283432007
2023-06-23,CNN,50,1.0057176351547241
2023-06-23,CNN,51,1.0046700239181519
2023-06-23,CNN,52,1.0036613941192627
2023-06-23,CNN,53,1.0027122497558594
2023-06-23,CNN,54,1.0017807483673096
2023-06-23,CNN,55,1.0008410215377808
2023-06-23,CNN,56,0.9999217987060547
2023-06-23,CNN,57,0.9990247488021851
2023-06-23,CNN,58,0.998137891292572
2023-06-23,CNN,59,0.9972679018974304
2023-06-23,CNN,60,0.9964160323143005
2023-06-23,CNN,61,0.9955764412879944
2023-06-23,CNN,62,0.9947558641433716
2023-06-23,CNN,63,0.9939407706260681
2023-06-23,CNN,64,0.993143618106842
2023-06-23,CNN,65,0.9923447370529175
2023-06-23,CNN,66,0.9915415048599243
2023-06-23,CNN,67,0.9907360076904297
2023-06-23,CNN,68,0.9899381399154663
2023-06-23,CNN,69,0.9891523718833923
2023-06-23,CNN,70,0.9883936643600464
2023-06-23,CNN,71,0.9876385927200317
2023-06-23,CNN,72,0.9868997931480408
2023-06-23,CNN,73,0.9861670732498169
2023-06-23,CNN,74,0.9854158759117126
2023-06-23,CNN,75,0.984636127948761
2023-06-23,CNN,76,0.983847975730896
2023-06-23,CNN,77,0.983016848564148
2023-06-23,CNN,78,0.9821682572364807
2023-06-23,CNN,79,0.9813121557235718
2023-06-23,CNN,80,0.9804476499557495
2023-07-21,LSTM,1,1.021506667137146
2023-07-21,LSTM,2,1.0204615592956543
2023-07-21,LSTM,3,1.0194264650344849
2023-07-21,LSTM,4,1.0184094905853271
2023-07-21,LSTM,5,1.017410159111023
2023-07-21,LSTM,6,1.01642906665802
2023-07-21,LSTM,7,1.0154666900634766
2023-07-21,LSTM,8,1.0145230293273926
2023-07-21,LSTM,9,1.0135974884033203
2023-07-21,LSTM,10,1.0126888751983643
2023-07-21,LSTM,11,1.0117977857589722
2023-07-21,LSTM,12,1.0109238624572754
2023-07-21,LSTM,13,1.0100672245025635
2023-07-21,LSTM,14,1.0092271566390991
2023-07-21,LSTM,15,1.0084037780761719
2023-07-21,LSTM,16,1.0075963735580444
2023-07-21,LSTM,17,1.006804347038269
2023-07-21,LSTM,18,1.006027340888977
2023-07-21,LSTM,19,1.0052649974822998
2023-07-21,LSTM,20,1.004516363143921
2023-07-21,LSTM,21,1.0037809610366821
2023-07-21,LSTM,22,1.0030584335327148
2023-07-21,LSTM,23,1.0023478269577026
2023-07-21,LSTM,24,1.0016487836837769
2023-07-21,LSTM,25,1.0009609460830688
2023-07-21,LSTM,26,1.0002832412719727
2023-07-21,LSTM,27,0.9996157288551331
2023-07-21,LSTM,28,0.9989574551582336
2023-07-21,LSTM,29,0.9983081221580505
2023-07-21,LSTM,30,0.9976667761802673
2023-07-21,LSTM,31,0.9970331788063049
2023-07-21,LSTM,32,0.9964066743850708
2023-07-21,LSTM,33,0.9957864880561829
2023-07-21,LSTM,34,0.9951720237731934
2023-07-21,LSTM,35,0.9945624470710754
2023-07-21,LSTM,36,0.9939573407173157
2023-07-21,LSTM,37,0.9933557510375977
2023-07-21,LSTM,38,0.9927572011947632
2023-07-21,LSTM,39,0.9921607375144958
2023-07-21,LSTM,40,0.9915660619735718
2023-07-21,LSTM,41,0.9909721612930298
2023-07-21,LSTM,42,0.9903782606124878
2023-07-21,LSTM,43,0.9897840619087219
2023-07-21,LSTM,44,0.9891887903213501
2023-07-21,LSTM,45,0.9885918498039246
2023-07-21,LSTM,46,0.9879926443099976
2023-07-21,LSTM,47,0.9873907566070557
2023-07-21,LSTM,48,0.9867854118347168
2023-07-21,LSTM,49,0.9861763715744019
2023-07-21,LSTM,50,0.9855630993843079
2023-07-21,LSTM,51,0.9849449992179871
2023-07-21,LSTM,52,0.9843218922615051
2023-07-21,LSTM,53,0.9836930632591248
2023-07-21,LSTM,54,0.9830583333969116
2023-07-21,LSTM,55,0.9824168682098389
2023-07-21,LSTM,56,0.9817687273025513
2023-07-21,LSTM,57,0.9811132550239563
2023-07-21,LSTM,58,0.9804498553276062
2023-07-21,LSTM,59,0.9797782897949219
2023-07-21,LSTM,60,0.9790979623794556
2023-07-21,LSTM,61,0.9784086346626282
2023-07-21,LSTM,62,0.9777097702026367
2023-07-21,LSTM,63,0.9770010113716125
2023-07-21,LSTM,64,0.9762819409370422
2023-07-21,LSTM,65,0.9755523204803467
2023-07-21,LSTM,66,0.974811851978302
2023-07-21,LSTM,67,0.9740601778030396
2023-07-21,LSTM,68,0.9732972383499146
2023-07-21,LSTM,69,0.9725226759910583
2023-07-21,LSTM,70,0.9717362523078918
2023-07-21,LSTM,71,0.9709379076957703
2023-07-21,LSTM,72,0.9701271057128906
2023-07-21,LSTM,73,0.9693038463592529
2023-07-21,LSTM,74,0.968467652797699
2023-07-21,LSTM,75,0.9676184058189392
2023-07-21,LSTM,76,0.9667556881904602
2023-07-21,LSTM,77,0.9658794403076172
2023-07-21,LSTM,78,0.9649893045425415
2023-07-21,LSTM,79,0.9640851616859436
2023-07-21,LSTM,80,0.9631668329238892
2023-07-21,CNN,1,1.1681863069534302
2023-07-21,CNN,2,1.1591659784317017
2023-07-21,CNN,3,1.1505002975463867
2023-07-21,CNN,4,1.142227292060852
2023-07-21,CNN,5,1.1343363523483276
2023-07-21,CNN,6,1.1267564296722412
2023-07-21,CNN,7,1.119521141052246
2023-07-21,CNN,8,1.1126365661621094
2023-07-21,CNN,9,1.106179118156433
2023-07-21,CNN,10,1.1000362634658813
2023-07-21,CNN,11,1.0942168235778809
2023-07-21,CNN,12,1.0887584686279297
2023-07-21,CNN,13,1.0836193561553955
2023-07-21,CNN,14,1.0788729190826416
2023-07-21,CNN,15,1.0743998289108276
2023-07-21,CNN,16,1.070172905921936
2023-07-21,CNN,17,1.0662167072296143
2023-07-21,CNN,18,1.062504768371582
2023-07-21,CNN,19,1.059045672416687
2023-07-21,CNN,20,1.055789589881897
2023-07-21,CNN,21,1.0527229309082031
2023-07-21,CNN,22,1.0499078035354614
2023-07-21,CNN,23,1.047228217124939
2023-07-21,CNN,24,1.0446696281433105
2023-07-21,CNN,25,1.0422158241271973
2023-07-21,CNN,26,1.0398832559585571
2023-07-21,CNN,27,1.0376437902450562
2023-07-21,CNN,28,1.0355160236358643
2023-07-21,CNN,29,1.0335575342178345
2023-07-21,CNN,30,1.0317126512527466
2023-07-21,CNN,31,1.0299545526504517
2023-07-21,CNN,32,1.0283048152923584
2023-07-21,CNN,33,1.0267165899276733
2023-07-21,CNN,34,1.0251731872558594
2023-07-21,CNN,35,1.023685097694397
2023-07-21,CNN,36,1.0222519636154175
2023-07-21,CNN,37,1.020878791809082
2023-07-21,CNN,38,1.0195692777633667
2023-07-21,CNN,39,1.018309473991394
2023-07-21,CNN,40,1.017114520072937
2023-07-21,CNN,41,1.0159274339675903
2023-07-21,CNN,42,1.0147919654846191
2023-07-21,CNN,43,1.01368248462677
2023-07-21,CNN,44,1.0125741958618164
2023-07-21,CNN,45,1.0114707946777344
2023-07-21,CNN,46,1.0103861093521118
2023-07-21,CNN,47,1.009308934211731
2023-07-21,CNN,48,1.0082215070724487
2023-07-21,CNN,49,1.007139801979065
2023-07-21,CNN,50,1.0060676336288452
2023-07-21,CNN,51,1.0050063133239746
2023-07-21,CNN,52,1.004009485244751
2023-07-21,CNN,53,1.0030561685562134
2023-07-21,CNN,54,1.0021241903305054
2023-07-21,CNN,55,1.0011911392211914
2023-07-21,CNN,56,1.0002690553665161
2023-07-21,CNN,57,0.9993674755096436
2023-07-21,CNN,58,0.9984667301177979
2023-07-21,CNN,59,0.9976086616516113
2023-07-21,CNN,60,0.9967610239982605
2023-07-21,CNN,61,0.9959418773651123
2023-07-21,CNN,62,0.9951299428939819
2023-07-21,CNN,63,0.9943229556083679
2023-07-21,CNN,64,0.9935290217399597
2023-07-21,CNN,65,0.9927307963371277
2023-07-21,CNN,66,0.9919277429580688
2023-07-21,CNN,67,0.9911260008811951
2023-07-21,CNN,68,0.9903265833854675
2023-07-21,CNN,69,0.9895328879356384
2023-07-21,CNN,70,0.9887603521347046
2023-07-21,CNN,71,0.9880102276802063
2023-07-21,CNN,72,0.9872691631317139
2023-07-21,CNN,73,0.9865407943725586
2023-07-21,CNN,74,0.9857918620109558
2023-07-21,CNN,75,0.9850260019302368
2023-07-21,CNN,76,0.9842380881309509
2023-07-21,CNN,77,0.9834209084510803
2023-07-21,CNN,78,0.9825907349586487
2023-07-21,CNN,79,0.9817485809326172
2023-07-21,CNN,80,0.9808880090713501
2023-08-18,LSTM,1,1.021702766418457
2023-08-18,LSTM,2,1.0206283330917358
2023-08-18,LSTM,3,1.0195696353912354
2023-08-18,LSTM,4,1.0185294151306152
2023-08-18,LSTM,5,1.017508625984192
2023-08-18,LSTM,6,1.0165072679519653
2023-08-18,LSTM,7,1.0155258178710938
2023-08-18,LSTM,8,1.014564037322998
2023-08-18,LSTM,9,1.0136219263076782
2023-08-18,LSTM,10,1.0126988887786865
2023-08-18,LSTM,11,1.0117948055267334
2023-08-18,LSTM,12,1.0109091997146606
2023-08-18,LSTM,13,1.0100419521331787
2023-08-18,LSTM,14,1.0091924667358398
2023-08-18,LSTM,15,1.0083608627319336
2023-08-18,LSTM,16,1.007546067237854
2023-08-18,LSTM,17,1.006747841835022
2023-08-18,LSTM,18,1.0059655904769897
2023-08-18,LSTM,19,1.0051987171173096
2023-08-18,LSTM,20,1.0044463872909546
2023-08-18,LSTM,21,1.0037081241607666
2023-08-18,LSTM,22,1.0029830932617188
2023-08-18,LSTM,23,1.0022706985473633
2023-08-18,LSTM,24,1.0015703439712524
2023-08-18,LSTM,25,1.000881314277649
2023-08-18,LSTM,26,1.000203013420105
2023-08-18,LSTM,27,0.9995347261428833
2023-08-18,LSTM,28,0.9988757967948914
2023-08-18,LSTM,29,0.9982254505157471
2023-08-18,LSTM,30,0.9975833296775818
2023-08-18,LSTM,31,0.9969484806060791
2023-08-18,LSTM,32,0.9963204264640808
2023-08-18,LSTM,33,0.9956982135772705
2023-08-18,LSTM,34,0.9950815439224243
2023-08-18,LSTM,35,0.9944692850112915
2023-08-18,LSTM,36,0.9938610792160034
2023-08-18,LSTM,37,0.9932559728622437
2023-08-18,LSTM,38,0.992653489112854
2023-08-18,LSTM,39,0.9920528531074524
2023-08-18,LSTM,40,0.991453230381012
2023-08-18,LSTM,41,0.9908542037010193
2023-08-18,LSTM,42,0.9902551174163818
2023-08-18,LSTM,43,0.9896553158760071
2023-08-18,LSTM,44,0.989054262638092
2023-08-18,LSTM,45,0.9884513020515442
2023-08-18,LSTM,46,0.9878458380699158
2023-08-18,LSTM,47,0.9872377514839172
2023-08-18,LSTM,48,0.9866260886192322
2023-08-18,LSTM,49,0.9860106706619263
2023-08-18,LSTM,50,0.9853910803794861
2023-08-18,LSTM,51,0.98476642370224
2023-08-18,LSTM,52,0.9841369390487671
2023-08-18,LSTM,53,0.983501672744751
2023-08-18,LSTM,54,0.9828603267669678
2023-08-18,LSTM,55,0.9822125434875488
2023-08-18,LSTM,56,0.9815578460693359
2023-08-18,LSTM,57,0.9808956980705261
2023-08-18,LSTM,58,0.9802259206771851
2023-08-18,LSTM,59,0.9795480370521545
2023-08-18,LSTM,60,0.9788614511489868
2023-08-18,LSTM,61,0.9781659841537476
2023-08-18,LSTM,62,0.9774611592292786
2023-08-18,LSTM,63,0.9767467379570007
2023-08-18,LSTM,64,0.9760221838951111
2023-08-18,LSTM,65,0.9752872586250305
2023-08-18,LSTM,66,0.974541962146759
2023-08-18,LSTM,67,0.9737856984138489
2023-08-18,LSTM,68,0.9730186462402344
2023-08-18,LSTM,69,0.9722403287887573
2023-08-18,LSTM,70,0.971450924873352
2023-08-18,LSTM,71,0.9706498384475708
2023-08-18,LSTM,72,0.9698372483253479
2023-08-18,LSTM,73,0.9690129160881042
2023-08-18,LSTM,74,0.9681764245033264
2023-08-18,LSTM,75,0.9673277139663696
2023-08-18,LSTM,76,0.9664663672447205
2023-08-18,LSTM,77,0.9655922651290894
2023-08-18,LSTM,78,0.9647052884101868
2023-08-18,LSTM,79,0.9638049006462097
2023-08-18,LSTM,80,0.9628915190696716
2023-08-18,CNN,1,1.167884349822998
2023-08-18,CNN,2,1.1588517427444458
2023-08-18,CNN,3,1.1501598358154297
2023-08-18,CNN,4,1.141831874847412
2023-08-18,CNN,5,1.1338833570480347
2023-08-18,CNN,6,1.1262787580490112
2023-08-18,CNN,7,1.1190345287322998
2023-08-18,CNN,8,1.112154483795166
2023-08-18,CNN,9,1.1056888103485107
2023-08-18,CNN,10,1.099535584449768
2023-08-18,CNN,11,1.0937103033065796
2023-08-18,CNN,12,1.0882319211959839
2023-08-18,CNN,13,1.0830975770950317
2023-08-18,CNN,14,1.0783075094223022
2023-08-18,CNN,15,1.0737855434417725
2023-08-18,CNN,16,1.0695334672927856
2023-08-18,CNN,17,1.0655696392059326
2023-08-18,CNN,18,1.0618404150009155
2023-08-18,CNN,19,1.0583561658859253
2023-08-18,CNN,20,1.0550594329833984
2023-08-18,CNN,21,1.0519720315933228
2023-08-18,CNN,22,1.0491440296173096
2023-08-18,CNN,23,1.046439528465271
2023-08-18,CNN,24,1.0438543558120728
2023-08-18,CNN,25,1.04136061668396
2023-08-18,CNN,26,1.0390135049819946
2023-08-18,CNN,27,1.0367623567581177
2023-08-18,CNN,28,1.0346301794052124
2023-08-18,CNN,29,1.0326652526855469
2023-08-18,CNN,30,1.0308096408843994
2023-08-18,CNN,31,1.0290864706039429
2023-08-18,CNN,32,1.0274416208267212
2023-08-18,CNN,33,1.0258474349975586
2023-08-18,CNN,34,1.0243223905563354
2023-08-18,CNN,35,1.022861361503601
2023-08-18,CNN,36,1.0214438438415527
2023-08-18,CNN,37,1.0200799703598022
2023-08-18,CNN,38,1.0187666416168213
2023-08-18,CNN,39,1.017505407333374
2023-08-18,CNN,40,1.016298770904541
2023-08-18,CNN,41,1.0151573419570923
2023-08-18,CNN,42,1.014070987701416
2023-08-18,CNN,43,1.0130008459091187
2023-08-18,CNN,44,1.0119483470916748
2023-08-18,CNN,45,1.0109120607376099
2023-08-18,CNN,46,1.0098800659179688
2023-08-18,CNN,47,1.0088552236557007
2023-08-18,CNN,48,1.0078532695770264
2023-08-18,CNN,49,1.006845474243164
2023-08-18,CNN,50,1.005836844444275
2023-08-18,CNN,51,1.0048108100891113
2023-08-18,CNN,52,1.0038357973098755
2023-08-18,CNN,53,1.0028780698776245
2023-08-18,CNN,54,1.001945972442627
2023-08-18,CNN,55,1.0010321140289307
2023-08-18,CNN,56,1.0001564025878906
2023-08-18,CNN,57,0.9992743730545044
2023-08-18,CNN,58,0.9984089732170105
2023-08-18,CNN,59,0.9975453615188599
2023-08-18,CNN,60,0.9967260360717773
2023-08-18,CNN,61,0.9959099888801575
2023-08-18,CNN,62,0.995097815990448
2023-08-18,CNN,63,0.9943246245384216
2023-08-18,CNN,64,0.9935482144355774
2023-08-18,CNN,65,0.9927647709846497
2023-08-18,CNN,66,0.9919812083244324
2023-08-18,CNN,67,0.9911876916885376
2023-08-18,CNN,68,0.9904032349586487
2023-08-18,CNN,69,0.9896348118782043
2023-08-18,CNN,70,0.9888576865196228
2023-08-18,CNN,71,0.9881030321121216
2023-08-18,CNN,72,0.9873585104942322
2023-08-18,CNN,73,0.9866195321083069
2023-08-18,CNN,74,0.9858962297439575
2023-08-18,CNN,75,0.9851800203323364
2023-08-18,CNN,76,0.9844691753387451
2023-08-18,CNN,77,0.9837502241134644
2023-08-18,CNN,78,0.9830052852630615
2023-08-18,CNN,79,0.9822251796722412
2023-08-18,CNN,80,0.9814132452011108
2023-09-15,LSTM,1,1.0220407247543335
2023-09-15,LSTM,2,1.020951747894287
2023-09-15,LSTM,3,1.0198808908462524
2023-09-15,LSTM,4,1.01883065700531
2023-09-15,LSTM,5,1.0178011655807495
2023-09-15,LSTM,6,1.0167920589447021
2023-09-15,LSTM,7,1.0158021450042725
2023-09-15,LSTM,8,1.0148316621780396
2023-09-15,LSTM,9,1.0138804912567139
2023-09-15,LSTM,10,1.0129485130310059
2023-09-15,LSTM,11,1.0120353698730469
2023-09-15,LSTM,12,1.0111408233642578
2023-09-15,LSTM,13,1.0102647542953491
2023-09-15,LSTM,14,1.0094070434570312
2023-09-15,LSTM,15,1.0085670948028564
2023-09-15,LSTM,16,1.0077444314956665
2023-09-15,LSTM,17,1.0069388151168823
2023-09-15,LSTM,18,1.006149411201477
2023-09-15,LSTM,19,1.0053757429122925
2023-09-15,LSTM,20,1.00461745262146
2023-09-15,LSTM,21,1.0038737058639526
2023-09-15,LSTM,22,1.0031437873840332
2023-09-15,LSTM,23,1.002427101135254
2023-09-15,LSTM,24,1.0017231702804565
2023-09-15,LSTM,25,1.0010308027267456
2023-09-15,LSTM,26,1.000349760055542
2023-09-15,LSTM,27,0.9996793270111084
2023-09-15,LSTM,28,0.999018669128418
2023-09-15,LSTM,29,0.9983669519424438
2023-09-15,LSTM,30,0.9977238178253174
2023-09-15,LSTM,31,0.9970881938934326
2023-09-15,LSTM,32,0.9964591264724731
2023-09-15,LSTM,33,0.9958364963531494
2023-09-15,LSTM,34,0.9952191114425659
2023-09-15,LSTM,35,0.9946064352989197
2023-09-15,LSTM,36,0.9939974546432495
2023-09-15,LSTM,37,0.993391752243042
2023-09-15,LSTM,38,0.992788553237915
2023-09-15,LSTM,39,0.9921870231628418
2023-09-15,LSTM,40,0.9915866255760193
2023-09-15,LSTM,41,0.9909867644309998
2023-09-15,LSTM,42,0.9903866052627563
2023-09-15,LSTM,43,0.989785373210907
2023-09-15,LSTM,44,0.9891829490661621
2023-09-15,LSTM,45,0.9885786175727844
2023-09-15,LSTM,46,0.9879716038703918
2023-09-15,LSTM,47,0.98736172914505
2023-09-15,LSTM,48,0.986748456954956
2023-09-15,LSTM,49,0.9861311912536621
2023-09-15,LSTM,50,0.9855096936225891
2023-09-15,LSTM,51,0.9848835468292236
2023-09-15,LSTM,52,0.9842522144317627
2023-09-15,LSTM,53,0.9836153388023376
2023-09-15,LSTM,54,0.9829723834991455
2023-09-15,LSTM,55,0.9823232293128967
2023-09-15,LSTM,56,0.9816672205924988
2023-09-15,LSTM,57,0.9810038805007935
2023-09-15,LSTM,58,0.9803326725959778
2023-09-15,LSTM,59,0.9796534180641174
2023-09-15,LSTM,60,0.9789658784866333
2023-09-15,LSTM,61,0.9782690405845642
2023-09-15,LSTM,62,0.9775629639625549
2023-09-15,LSTM,63,0.976847231388092
2023-09-15,LSTM,64,0.9761214256286621
2023-09-15,LSTM,65,0.9753852486610413
2023-09-15,LSTM,66,0.9746387004852295
2023-09-15,LSTM,67,0.973881721496582
2023-09-15,LSTM,68,0.9731139540672302
2023-09-15,LSTM,69,0.972335159778595
2023-09-15,LSTM,70,0.9715454578399658
2023-09-15,LSTM,71,0.9707446098327637
2023-09-15,LSTM,72,0.9699326753616333
2023-09-15,LSTM,73,0.9691091775894165
2023-09-15,LSTM,74,0.9682742357254028
2023-09-15,LSTM,75,0.9674274921417236
2023-09-15,LSTM,76,0.9665688276290894
2023-09-15,LSTM,77,0.9656978845596313
2023-09-15,LSTM,78,0.9648147821426392
2023-09-15,LSTM,79,0.9639191031455994
2023-09-15,LSTM,80,0.9630109667778015
2023-09-15,CNN,1,1.166882038116455
2023-09-15,CNN,2,1.1578301191329956
2023-09-15,CNN,3,1.1491235494613647
2023-09-15,CNN,4,1.1407796144485474
2023-09-15,CNN,5,1.1328105926513672
2023-09-15,CNN,6,1.1251705884933472
2023-09-15,CNN,7,1.1179111003875732
2023-09-15,CNN,8,1.11102294921875
2023-09-15,CNN,9,1.1045634746551514
2023-09-15,CNN,10,1.0984067916870117
2023-09-15,CNN,11,1.0925908088684082
2023-09-15,CNN,12,1.087101697921753
2023-09-15,CNN,13,1.081905484199524
2023-09-15,CNN,14,1.0770930051803589
2023-09-15,CNN,15,1.0725547075271606
2023-09-15,CNN,16,1.0682860612869263
2023-09-15,CNN,17,1.0643221139907837
2023-09-15,CNN,18,1.0605785846710205
2023-09-15,CNN,19,1.0570628643035889
2023-09-15,CNN,20,1.053754210472107
2023-09-15,CNN,21,1.0506409406661987
2023-09-15,CNN,22,1.0477876663208008
2023-09-15,CNN,23,1.045087456703186
2023-09-15,CNN,24,1.042504072189331
2023-09-15,CNN,25,1.0400488376617432
2023-09-15,CNN,26,1.0377031564712524
2023-09-15,CNN,27,1.035466194152832
2023-09-15,CNN,28,1.0333601236343384
2023-09-15,CNN,29,1.0313798189163208
2023-09-15,CNN,30,1.0295275449752808
2023-09-15,CNN,31,1.0278172492980957
2023-09-15,CNN,32,1.026184320449829
2023-09-15,CNN,33,1.0246167182922363
2023-09-15,CNN,34,1.0231209993362427
2023-09-15,CNN,35,1.0217031240463257
2023-09-15,CNN,36,1.020334243774414
2023-09-15,CNN,37,1.0190123319625854
2023-09-15,CNN,38,1.017724871635437
2023-09-15,CNN,39,1.0164555311203003
2023-09-15,CNN,40,1.0152419805526733
2023-09-15,CNN,41,1.0141223669052124
2023-09-15,CNN,42,1.0130261182785034
2023-09-15,CNN,43,1.0119792222976685
2023-09-15,CNN,44,1.0109769105911255
2023-09-15,CNN,45,1.0099873542785645
2023-09-15,CNN,46,1.0090346336364746
2023-09-15,CNN,47,1.008072018623352
2023-09-15,CNN,48,1.007125735282898
2023-09-15,CNN,49,1.0061882734298706
2023-09-15,CNN,50,1.0052556991577148
2023-09-15,CNN,51,1.004325032234192
2023-09-15,CNN,52,1.0034326314926147
2023-09-15,CNN,53,1.0025640726089478
2023-09-15,CNN,54,1.0016858577728271
2023-09-15,CNN,55,1.000820517539978
2023-09-15,CNN,56,0.9999749660491943
2023-09-15,CNN,57,0.9991291761398315
2023-09-15,CNN,58,0.9982868432998657
2023-09-15,CNN,59,0.9974640011787415
2023-09-15,CNN,60,0.9966558814048767
2023-09-15,CNN,61,0.995875895023346
2023-09-15,CNN,62,0.9951329827308655
2023-09-15,CNN,63,0.9943942427635193
2023-09-15,CNN,64,0.9936556816101074
2023-09-15,CNN,65,0.99290531873703
2023-09-15,CNN,66,0.9921505451202393
2023-09-15,CNN,67,0.9913971424102783
2023-09-15,CNN,68,0.9906508922576904
2023-09-15,CNN,69,0.9899205565452576
2023-09-15,CNN,70,0.9892054200172424
2023-09-15,CNN,71,0.9884899258613586
2023-09-15,CNN,72,0.9877772927284241
2023-09-15,CNN,73,0.9870664477348328
2023-09-15,CNN,74,0.9863581657409668
2023-09-15,CNN,75,0.9856598973274231
2023-09-15,CNN,76,0.9849555492401123
2023-09-15,CNN,77,0.9842451810836792
2023-09-15,CNN,78,0.9835228323936462
2023-09-15,CNN,79,0.9828061461448669
2023-09-15,CNN,80,0.9820945262908936
2023-10-13,LSTM,1,1.023367166519165
2023-10-13,LSTM,2,1.0222684144973755
2023-10-13,LSTM,3,1.0211868286132812
2023-10-13,LSTM,4,1.0201239585876465
2023-10-13,LSTM,5,1.0190811157226562
2023-10-13,LSTM,6,1.0180577039718628
2023-10-13,LSTM,7,1.017053246498108
2023-10-13,LSTM,8,1.0160678625106812
2023-10-13,LSTM,9,1.0151013135910034
2023-10-13,LSTM,10,1.0141539573669434
2023-10-13,LSTM,11,1.01322603225708
2023-10-13,LSTM,12,1.0123177766799927
2023-10-13,LSTM,13,1.0114288330078125
2023-10-13,LSTM,14,1.0105592012405396
2023-10-13,LSTM,15,1.0097085237503052
2023-10-13,LSTM,16,1.0088759660720825
2023-10-13,LSTM,17,1.0080612897872925
2023-10-13,LSTM,18,1.0072637796401978
2023-10-13,LSTM,19,1.0064828395843506
2023-10-13,LSTM,20,1.0057176351547241
2023-10-13,LSTM,21,1.004967451095581
2023-10-13,LSTM,22,1.0042316913604736
2023-10-13,LSTM,23,1.0035094022750854
2023-10-13,LSTM,24,1.0028002262115479
2023-10-13,LSTM,25,1.002103328704834
2023-10-13,LSTM,26,1.001417875289917
2023-10-13,LSTM,27,1.0007432699203491
2023-10-13,LSTM,28,1.0000790357589722
2023-10-13,LSTM,29,0.9994245171546936
2023-10-13,LSTM,30,0.9987787008285522
2023-10-13,LSTM,31,0.998141348361969
2023-10-13,LSTM,32,0.997511625289917
2023-10-13,LSTM,33,0.9968886375427246
2023-10-13,LSTM,34,0.9962719678878784
2023-10-13,LSTM,35,0.9956606030464172
2023-10-13,LSTM,36,0.9950540065765381
2023-10-13,LSTM,37,0.9944515824317932
2023-10-13,LSTM,38,0.9938524961471558
2023-10-13,LSTM,39,0.9932560920715332
2023-10-13,LSTM,40,0.9926617741584778
2023-10-13,LSTM,41,0.992068886756897
2023-10-13,LSTM,42,0.991476833820343
2023-10-13,LSTM,43,0.9908849596977234
2023-10-13,LSTM,44,0.9902927279472351
2023-10-13,LSTM,45,0.9896995425224304
2023-10-13,LSTM,46,0.9891049265861511
2023-10-13,LSTM,47,0.9885081052780151
2023-10-13,LSTM,48,0.9879087209701538
2023-10-13,LSTM,49,0.9873062968254089
2023-10-13,LSTM,50,0.986700177192688
2023-10-13,LSTM,51,0.9860899448394775
2023-10-13,LSTM,52,0.9854750037193298
2023-10-13,LSTM,53,0.9848546981811523
2023-10-13,LSTM,54,0.9842286109924316
2023-10-13,LSTM,55,0.98359614610672
2023-10-13,LSTM,56,0.9829568266868591
2023-10-13,LSTM,57,0.9823102355003357
2023-10-13,LSTM,58,0.9816556572914124
2023-10-13,LSTM,59,0.9809929132461548
2023-10-13,LSTM,60,0.9803213477134705
2023-10-13,LSTM,61,0.9796404838562012
2023-10-13,LSTM,62,0.9789503812789917
2023-10-13,LSTM,63,0.9782505035400391
2023-10-13,LSTM,64,0.9775407910346985
2023-10-13,LSTM,65,0.9768206477165222
2023-10-13,LSTM,66,0.976090133190155
2023-10-13,LSTM,67,0.9753491282463074
2023-10-13,LSTM,68,0.9745974540710449
2023-10-13,LSTM,69,0.9738351106643677
2023-10-13,LSTM,70,0.9730616807937622
2023-10-13,LSTM,71,0.9722773432731628
2023-10-13,LSTM,72,0.9714813828468323
2023-10-13,LSTM,73,0.9706740975379944
2023-10-13,LSTM,74,0.9698556065559387
2023-10-13,LSTM,75,0.9690250754356384
2023-10-13,LSTM,76,0.9681829810142517
2023-10-13,LSTM,77,0.9673289656639099
2023-10-13,LSTM,78,0.9664632081985474
2023-10-13,LSTM,79,0.9655853509902954
2023-10-13,LSTM,80,0.9646955728530884
2023-10-13,CNN,1,1.1651896238327026
2023-10-13,CNN,2,1.1561932563781738
2023-10-13,CNN,3,1.147552728652954
2023-10-13,CNN,4,1.139276385307312
2023-10-13,CNN,5,1.1313406229019165
2023-10-13,CNN,6,1.1237491369247437
2023-10-13,CNN,7,1.1165235042572021
2023-10-13,CNN,8,1.1096901893615723
2023-10-13,CNN,9,1.1032272577285767
2023-10-13,CNN,10,1.0971370935440063
2023-10-13,CNN,11,1.091407299041748
2023-10-13,CNN,12,1.0860137939453125
2023-10-13,CNN,13,1.0809087753295898
2023-10-13,CNN,14,1.0761475563049316
2023-10-13,CNN,15,1.071644902229309
2023-10-13,CNN,16,1.0674643516540527
2023-10-13,CNN,17,1.0635343790054321
2023-10-13,CNN,18,1.059829592704773
2023-10-13,CNN,19,1.0563877820968628
2023-10-13,CNN,20,1.0531258583068848
2023-10-13,CNN,21,1.0501179695129395
2023-10-13,CNN,22,1.047359824180603
2023-10-13,CNN,23,1.0447396039962769
2023-10-13,CNN,24,1.0422431230545044
2023-10-13,CNN,25,1.0398499965667725
2023-10-13,CNN,26,1.0375813245773315
2023-10-13,CNN,27,1.0354194641113281
2023-10-13,CNN,28,1.0333772897720337
2023-10-13,CNN,29,1.031504511833191
2023-10-13,CNN,30,1.029761552810669
2023-10-13,CNN,31,1.0281226634979248
2023-10-13,CNN,32,1.0265523195266724
2023-10-13,CNN,33,1.025059700012207
2023-10-13,CNN,34,1.0236225128173828
2023-10-13,CNN,35,1.0222457647323608
2023-10-13,CNN,36,1.0209158658981323
2023-10-13,CNN,37,1.0196348428726196
2023-10-13,CNN,38,1.0183942317962646
2023-10-13,CNN,39,1.0172029733657837
2023-10-13,CNN,40,1.0160408020019531
2023-10-13,CNN,41,1.0149095058441162
2023-10-13,CNN,42,1.013830304145813
2023-10-13,CNN,43,1.0127832889556885
2023-10-13,CNN,44,1.0117822885513306
2023-10-13,CNN,45,1.010810136795044
2023-10-13,CNN,46,1.009836196899414
2023-10-13,CNN,47,1.0088821649551392
2023-10-13,CNN,48,1.007956862449646
2023-10-13,CNN,49,1.0070689916610718
2023-10-13,CNN,50,1.0061848163604736
2023-10-13,CNN,51,1.0053339004516602
2023-10-13,CNN,52,1.0044602155685425
2023-10-13,CNN,53,1.0035803318023682
2023-10-13,CNN,54,1.0027071237564087
2023-10-13,CNN,55,1.0018630027770996
2023-10-13,CNN,56,1.001042366027832
2023-10-13,CNN,57,1.0002515316009521
2023-10-13,CNN,58,0.9994801878929138
2023-10-13,CNN,59,0.9987154603004456
2023-10-13,CNN,60,0.9979242086410522
2023-10-13,CNN,61,0.9971091747283936
2023-10-13,CNN,62,0.996300995349884
2023-10-13,CNN,63,0.9955459833145142
2023-10-13,CNN,64,0.9948194026947021
2023-10-13,CNN,65,0.9941052198410034
2023-10-13,CNN,66,0.9933993816375732
2023-10-13,CNN,67,0.9926878213882446
2023-10-13,CNN,68,0.9919632077217102
2023-10-13,CNN,69,0.9912304282188416
2023-10-13,CNN,70,0.9904956221580505
2023-10-13,CNN,71,0.9897390007972717
2023-10-13,CNN,72,0.9889799952507019
2023-10-13,CNN,73,0.9882345795631409
2023-10-13,CNN,74,0.9875063300132751
2023-10-13,CNN,75,0.9867884516716003
2023-10-13,CNN,76,0.9860714673995972
2023-10-13,CNN,77,0.9853426218032837
2023-10-13,CNN,78,0.9846171736717224
2023-10-13,CNN,79,0.983888566493988
2023-10-13,CNN,80,0.9831796288490295
2023-11-10,LSTM,1,1.0234920978546143
2023-11-10,LSTM,2,1.0223933458328247
2023-11-10,LSTM,3,1.021315574645996
2023-11-10,LSTM,4,1.0202579498291016
2023-11-10,LSTM,5,1.019219994544983
2023-11-10,LSTM,6,1.018201470375061
2023-11-10,LSTM,7,1.0172017812728882
2023-11-10,LSTM,8,1.0162206888198853
2023-11-10,LSTM,9,1.0152581930160522
2023-11-10,LSTM,10,1.0143141746520996
2023-11-10,LSTM,11,1.013388991355896
2023-11-10,LSTM,12,1.0124822854995728
2023-11-10,LSTM,13,1.0115947723388672
2023-11-10,LSTM,14,1.010725975036621
2023-11-10,LSTM,15,1.009875774383545
2023-11-10,LSTM,16,1.0090436935424805
2023-11-10,LSTM,17,1.0082294940948486
2023-11-10,LSTM,18,1.007432460784912
2023-11-10,LSTM,19,1.0066518783569336
2023-11-10,LSTM,20,1.0058873891830444
2023-11-10,LSTM,21,1.0051378011703491
2023-11-10,LSTM,22,1.0044028759002686
2023-11-10,LSTM,23,1.0036816596984863
2023-11-10,LSTM,24,1.002973198890686
2023-11-10,LSTM,25,1.0022770166397095
2023-11-10,LSTM,26,1.0015926361083984
2023-11-10,LSTM,27,1.000918984413147
2023-11-10,LSTM,28,1.0002557039260864
2023-11-10,LSTM,29,0.9996017217636108
2023-11-10,LSTM,30,0.998956561088562
2023-11-10,LSTM,31,0.998319685459137
2023-11-10,LSTM,32,0.9976902008056641
2023-11-10,LSTM,33,0.9970674514770508
2023-11-10,LSTM,34,0.9964510202407837
2023-11-10,LSTM,35,0.9958397746086121
2023-11-10,LSTM,36,0.9952333569526672
2023-11-10,LSTM,37,0.9946310520172119
2023-11-10,LSTM,38,0.9940322637557983
2023-11-10,LSTM,39,0.9934362173080444
2023-11-10,LSTM,40,0.9928422570228577
2023-11-10,LSTM,41,0.9922499656677246
2023-11-10,LSTM,42,0.9916585087776184
2023-11-10,LSTM,43,0.9910675883293152
2023-11-10,LSTM,44,0.9904763698577881
2023-11-10,LSTM,45,0.9898844957351685
2023-11-10,LSTM,46,0.9892911314964294
2023-11-10,LSTM,47,0.9886958599090576
2023-11-10,LSTM,48,0.9880980849266052
2023-11-10,LSTM,49,0.9874975681304932
2023-11-10,LSTM,50,0.9868932366371155
2023-11-10,LSTM,51,0.9862850308418274
2023-11-10,LSTM,52,0.985672116279602
2023-11-10,LSTM,53,0.9850541353225708
2023-11-10,LSTM,54,0.9844304323196411
2023-11-10,LSTM,55,0.9838005900382996
2023-11-10,LSTM,56,0.9831640720367432
2023-11-10,LSTM,57,0.9825202822685242
2023-11-10,LSTM,58,0.9818689823150635
2023-11-10,LSTM,59,0.9812094569206238
2023-11-10,LSTM,60,0.9805414080619812
2023-11-10,LSTM,61,0.9798646569252014
2023-11-10,LSTM,62,0.9791785478591919
2023-11-10,LSTM,63,0.9784832000732422
2023-11-10,LSTM,64,0.9777780771255493
2023-11-10,LSTM,65,0.9770631194114685
2023-11-10,LSTM,66,0.9763380885124207
2023-11-10,LSTM,67,0.9756030440330505
2023-11-10,LSTM,68,0.9748576879501343
2023-11-10,LSTM,69,0.9741018414497375
2023-11-10,LSTM,70,0.9733355045318604
2023-11-10,LSTM,71,0.9725584387779236
2023-11-10,LSTM,72,0.9717705845832825
2023-11-10,LSTM,73,0.9709716439247131
2023-11-10,LSTM,74,0.9701616764068604
2023-11-10,LSTM,75,0.9693405032157898
2023-11-10,LSTM,76,0.9685078859329224
2023-11-10,LSTM,77,0.9676639437675476
2023-11-10,LSTM,78,0.966808557510376
2023-11-10,LSTM,79,0.9659417271614075
2023-11-10,LSTM,80,0.9650632739067078
2023-11-10,CNN,1,1.1653263568878174
2023-11-10,CNN,2,1.1563892364501953
2023-11-10,CNN,3,1.1477669477462769
2023-11-10,CNN,4,1.139514446258545
2023-11-10,CNN,5,1.1316267251968384
2023-11-10,CNN,6,1.1240280866622925
2023-11-10,CNN,7,1.1167545318603516
2023-11-10,CNN,8,1.1098823547363281
2023-11-10,CNN,9,1.1034084558486938
2023-11-10,CNN,10,1.097259759902954
2023-11-10,CNN,11,1.091479778289795
2023-11-10,CNN,12,1.0860668420791626
2023-11-10,CNN,13,1.0809656381607056
2023-11-10,CNN,14,1.0761955976486206
2023-11-10,CNN,15,1.0716763734817505
2023-11-10,CNN,16,1.0674890279769897
2023-11-10,CNN,17,1.063550353050232
2023-11-10,CNN,18,1.0598456859588623
2023-11-10,CNN,19,1.0564019680023193
2023-11-10,CNN,20,1.0531846284866333
2023-11-10,CNN,21,1.0501810312271118
2023-11-10,CNN,22,1.0474050045013428
2023-11-10,CNN,23,1.0447685718536377
2023-11-10,CNN,24,1.0422770977020264
2023-11-10,CNN,25,1.0398967266082764
2023-11-10,CNN,26,1.0376256704330444
2023-11-10,CNN,27,1.035453200340271
2023-11-10,CNN,28,1.0334116220474243
2023-11-10,CNN,29,1.0315290689468384
2023-11-10,CNN,30,1.029799222946167
2023-11-10,CNN,31,1.0281693935394287
2023-11-10,CNN,32,1.0265954732894897
2023-11-10,CNN,33,1.0251067876815796
2023-11-10,CNN,34,1.0236763954162598
2023-11-10,CNN,35,1.0222910642623901
2023-11-10,CNN,36,1.0209606885910034
2023-11-10,CNN,37,1.0196876525878906
2023-11-10,CNN,38,1.018450379371643
2023-11-10,CNN,39,1.0172566175460815
2023-11-10,CNN,40,1.016089677810669
2023-11-10,CNN,41,1.01496160030365
2023-11-10,CNN,42,1.0138767957687378
2023-11-10,CNN,43,1.0128453969955444
2023-11-10,CNN,44,1.0118625164031982
2023-11-10,CNN,45,1.0108932256698608
2023-11-10,CNN,46,1.009955644607544
2023-11-10,CNN,47,1.0090227127075195
2023-11-10,CNN,48,1.0081119537353516
2023-11-10,CNN,49,1.0072249174118042
2023-11-10,CNN,50,1.0063772201538086
2023-11-10,CNN,51,1.005529522895813
2023-11-10,CNN,52,1.0046707391738892
2023-11-10,CNN,53,1.003801941871643
2023-11-10,CNN,54,1.0029356479644775
2023-11-10,CNN,55,1.0020818710327148
2023-11-10,CNN,56,1.0012426376342773
2023-11-10,CNN,57,1.0004390478134155
2023-11-10,CNN,58,0.9996592998504639
2023-11-10,CNN,59,0.9988881945610046
2023-11-10,CNN,60,0.9981006979942322
2023-11-10,CNN,61,0.9973047971725464
2023-11-10,CNN,62,0.9965253472328186
2023-11-10,CNN,63,0.9957823753356934
2023-11-10,CNN,64,0.995055615901947
2023-11-10,CNN,65,0.9943500757217407
2023-11-10,CNN,66,0.9936690926551819
2023-11-10,CNN,67,0.9929805397987366
2023-11-10,CNN,68,0.9922890663146973
2023-11-10,CNN,69,0.9915665984153748
2023-11-10,CNN,70,0.9908187985420227
2023-11-10,CNN,71,0.9900701642036438
2023-11-10,CNN,72,0.9893212914466858
2023-11-10,CNN,73,0.9885832071304321
2023-11-10,CNN,74,0.9878485202789307
2023-11-10,CNN,75,0.9871103167533875
2023-11-10,CNN,76,0.9863891005516052
2023-11-10,CNN,77,0.985653281211853
2023-11-10,CNN,78,0.9849090576171875
2023-11-10,CNN,79,0.9841598868370056
2023-11-10,CNN,80,0.9834610223770142
2023-12-08,LSTM,1,1.0224417448043823
2023-12-08,LSTM,2,1.0213443040847778
2023-12-08,LSTM,3,1.0202665328979492
2023-12-08,LSTM,4,1.0192091464996338
2023-12-08,LSTM,5,1.0181703567504883
2023-12-08,LSTM,6,1.0171486139297485
2023-12-08,LSTM,7,1.0161442756652832
2023-12-08,LSTM,8,1.0151580572128296
2023-12-08,LSTM,9,1.0141899585723877
2023-12-08,LSTM,10,1.0132405757904053
2023-12-08,LSTM,11,1.0123096704483032
2023-12-08,LSTM,12,1.0113979578018188
2023-12-08,LSTM,13,1.0105054378509521
2023-12-08,LSTM,14,1.0096319913864136
2023-12-08,LSTM,15,1.0087776184082031
2023-12-08,LSTM,16,1.0079421997070312
2023-12-08,LSTM,17,1.0071251392364502
2023-12-08,LSTM,18,1.0063261985778809
2023-12-08,LSTM,19,1.0055450201034546
2023-12-08,LSTM,20,1.0047805309295654
2023-12-08,LSTM,21,1.0040324926376343
2023-12-08,LSTM,22,1.0033000707626343
2023-12-08,LSTM,23,1.0025826692581177
2023-12-08,LSTM,24,1.001879334449768
2023-12-08,LSTM,25,1.0011897087097168
2023-12-08,LSTM,26,1.000512719154358
2023-12-08,LSTM,27,0.9998477697372437
2023-12-08,LSTM,28,0.9991942644119263
2023-12-08,LSTM,29,0.9985511898994446
2023-12-08,LSTM,30,0.9979179501533508
2023-12-08,LSTM,31,0.9972937107086182
2023-12-08,LSTM,32,0.9966777563095093
2023-12-08,LSTM,33,0.9960697889328003
2023-12-08,LSTM,34,0.9954683780670166
2023-12-08,LSTM,35,0.9948732852935791
2023-12-08,LSTM,36,0.9942836761474609
2023-12-08,LSTM,37,0.9936989545822144
2023-12-08,LSTM,38,0.9931185245513916
2023-12-08,LSTM,39,0.9925416111946106
2023-12-08,LSTM,40,0.9919676780700684
2023-12-08,LSTM,41,0.9913960099220276
2023-12-08,LSTM,42,0.9908261299133301
2023-12-08,LSTM,43,0.9902573823928833
2023-12-08,LSTM,44,0.9896891713142395
2023-12-08,LSTM,45,0.9891211986541748
2023-12-08,LSTM,46,0.9885525107383728
2023-12-08,LSTM,47,0.9879828691482544
2023-12-08,LSTM,48,0.9874118566513062
2023-12-08,LSTM,49,0.986838698387146
2023-12-08,LSTM,50,0.9862633347511292
2023-12-08,LSTM,51,0.9856849312782288
2023-12-08,LSTM,52,0.985103189945221
2023-12-08,LSTM,53,0.9845176935195923
2023-12-08,LSTM,54,0.9839279651641846
2023-12-08,LSTM,55,0.9833335280418396
2023-12-08,LSTM,56,0.9827340841293335
2023-12-08,LSTM,57,0.9821289777755737
2023-12-08,LSTM,58,0.9815179705619812
2023-12-08,LSTM,59,0.980900228023529
2023-12-08,LSTM,60,0.9802756309509277
2023-12-08,LSTM,61,0.9796432852745056
2023-12-08,LSTM,62,0.9790032505989075
2023-12-08,LSTM,63,0.9783546328544617
2023-12-08,LSTM,64,0.9776972532272339
2023-12-08,LSTM,65,0.9770303964614868
2023-12-08,LSTM,66,0.9763540029525757
2023-12-08,LSTM,67,0.9756675362586975
2023-12-08,LSTM,68,0.9749709963798523
2023-12-08,LSTM,69,0.9742637872695923
2023-12-08,LSTM,70,0.9735459685325623
2023-12-08,LSTM,71,0.9728173017501831
2023-12-08,LSTM,72,0.9720777273178101
2023-12-08,LSTM,73,0.9713269472122192
2023-12-08,LSTM,74,0.9705649018287659
2023-12-08,LSTM,75,0.9697914719581604
2023-12-08,LSTM,76,0.9690062403678894
2023-12-08,LSTM,77,0.9682093858718872
2023-12-08,LSTM,78,0.9674006104469299
2023-12-08,LSTM,79,0.9665798544883728
2023-12-08,LSTM,80,0.9657468795776367
2023-12-08,CNN,1,1.1710129976272583
2023-12-08,CNN,2,1.1618685722351074
2023-12-08,CNN,3,1.1529955863952637
2023-12-08,CNN,4,1.1445246934890747
2023-12-08,CNN,5,1.1364352703094482
2023-12-08,CNN,6,1.1286903619766235
2023-12-08,CNN,7,1.1212667226791382
2023-12-08,CNN,8,1.1142176389694214
2023-12-08,CNN,9,1.107535719871521
2023-12-08,CNN,10,1.101190209388733
2023-12-08,CNN,11,1.0951679944992065
2023-12-08,CNN,12,1.0895342826843262
2023-12-08,CNN,13,1.0842880010604858
2023-12-08,CNN,14,1.079366683959961
2023-12-08,CNN,15,1.0746511220932007
2023-12-08,CNN,16,1.0702358484268188
2023-12-08,CNN,17,1.0661283731460571
2023-12-08,CNN,18,1.062272071838379
2023-12-08,CNN,19,1.058602213859558
2023-12-08,CNN,20,1.055172324180603
2023-12-08,CNN,21,1.0519893169403076
2023-12-08,CNN,22,1.0490310192108154
2023-12-08,CNN,23,1.046288013458252
2023-12-08,CNN,24,1.0436817407608032
2023-12-08,CNN,25,1.041192889213562
2023-12-08,CNN,26,1.0388474464416504
2023-12-08,CNN,27,1.0366270542144775
2023-12-08,CNN,28,1.034559726715088
2023-12-08,CNN,29,1.0326427221298218
2023-12-08,CNN,30,1.0308561325073242
2023-12-08,CNN,31,1.0291705131530762
2023-12-08,CNN,32,1.0275784730911255
2023-12-08,CNN,33,1.0260390043258667
2023-12-08,CNN,34,1.0245665311813354
2023-12-08,CNN,35,1.0231592655181885
2023-12-08,CNN,36,1.0217993259429932
2023-12-08,CNN,37,1.0204843282699585
2023-12-08,CNN,38,1.0192222595214844
2023-12-08,CNN,39,1.0180103778839111
2023-12-08,CNN,40,1.016865611076355
2023-12-08,CNN,41,1.0157430171966553
2023-12-08,CNN,42,1.0146665573120117
2023-12-08,CNN,43,1.0136243104934692
2023-12-08,CNN,44,1.0126255750656128
2023-12-08,CNN,45,1.011637806892395
2023-12-08,CNN,46,1.0106650590896606
2023-12-08,CNN,47,1.0096969604492188
2023-12-08,CNN,48,1.008758544921875
2023-12-08,CNN,49,1.0078387260437012
2023-12-08,CNN,50,1.0069280862808228
2023-12-08,CNN,51,1.0060057640075684
2023-12-08,CNN,52,1.0050684213638306
2023-12-08,CNN,53,1.0041093826293945
2023-12-08,CNN,54,1.0031747817993164
2023-12-08,CNN,55,1.002254843711853
2023-12-08,CNN,56,1.0013585090637207
2023-12-08,CNN,57,1.0004948377609253
2023-12-08,CNN,58,0.9996678829193115
2023-12-08,CNN,59,0.9988481402397156
2023-12-08,CNN,60,0.9980344176292419
2023-12-08,CNN,61,0.9972519278526306
2023-12-08,CNN,62,0.9964730739593506
2023-12-08,CNN,63,0.9956855177879333
2023-12-08,CNN,64,0.9948835968971252
2023-12-08,CNN,65,0.9940841197967529
2023-12-08,CNN,66,0.9933039546012878
2023-12-08,CNN,67,0.9925233125686646
2023-12-08,CNN,68,0.9917446374893188
2023-12-08,CNN,69,0.9909685850143433
2023-12-08,CNN,70,0.9901797771453857
2023-12-08,CNN,71,0.9894102811813354
2023-12-08,CNN,72,0.9886506199836731
2023-12-08,CNN,73,0.9879035949707031
2023-12-08,CNN,74,0.9871669411659241
2023-12-08,CNN,75,0.9864289164543152
2023-12-08,CNN,76,0.9856895208358765
2023-12-08,CNN,77,0.984969437122345
2023-12-08,CNN,78,0.984248697757721
2023-12-08,CNN,79,0.9835285544395447
2023-12-08,CNN,80,0.9828119874000549
2024-01-05,LSTM,1,1.0225435495376587
2024-01-05,LSTM,2,1.0214407444000244
2024-01-05,LSTM,3,1.0203596353530884
2024-01-05,LSTM,4,1.019299030303955
2024-01-05,LSTM,5,1.0182570219039917
2024-01-05,LSTM,6,1.01723313331604
2024-01-05,LSTM,7,1.0162276029586792
2024-01-05,LSTM,8,1.0152404308319092
2024-01-05,LSTM,9,1.0142722129821777
2024-01-05,LSTM,10,1.0133228302001953
2024-01-05,LSTM,11,1.0123928785324097
2024-01-05,LSTM,12,1.0114820003509521
2024-01-05,LSTM,13,1.0105904340744019
2024-01-05,LSTM,14,1.0097180604934692
2024-01-05,LSTM,15,1.008864402770996
2024-01-05,LSTM,16,1.008029818534851
2024-01-05,LSTM,17,1.0072133541107178
2024-01-05,LSTM,18,1.0064146518707275
2024-01-05,LSTM,19,1.0056333541870117
2024-01-05,LSTM,20,1.0048688650131226
2024-01-05,LSTM,21,1.0041204690933228
2024-01-05,LSTM,22,1.0033875703811646
2024-01-05,LSTM,23,1.0026695728302002
2024-01-05,LSTM,24,1.001965880393982
2024-01-05,LSTM,25,1.001275658607483
2024-01-05,LSTM,26,1.0005983114242554
2024-01-05,LSTM,27,0.9999330043792725
2024-01-05,LSTM,28,0.9992790818214417
2024-01-05,LSTM,29,0.9986357092857361
2024-01-05,LSTM,30,0.9980024099349976
2024-01-05,LSTM,31,0.9973782896995544
2024-01-05,LSTM,32,0.9967628717422485
2024-01-05,LSTM,33,0.9961548447608948
2024-01-05,LSTM,34,0.9955539107322693
2024-01-05,LSTM,35,0.9949591755867004
2024-01-05,LSTM,36,0.9943700432777405
2024-01-05,LSTM,37,0.9937855005264282
2024-01-05,LSTM,38,0.9932049512863159
2024-01-05,LSTM,39,0.9926278591156006
2024-01-05,LSTM,40,0.992053210735321
2024-01-05,LSTM,41,0.991480827331543
2024-01-05,LSTM,42,0.9909093379974365
2024-01-05,LSTM,43,0.9903386235237122
2024-01-05,LSTM,44,0.989767849445343
2024-01-05,LSTM,45,0.9891964793205261
2024-01-05,LSTM,46,0.988624095916748
2024-01-05,LSTM,47,0.9880498647689819
2024-01-05,LSTM,48,0.9874735474586487
2024-01-05,LSTM,49,0.9868944883346558
2024-01-05,LSTM,50,0.9863123893737793
2024-01-05,LSTM,51,0.9857266545295715
2024-01-05,LSTM,52,0.9851368069648743
2024-01-05,LSTM,53,0.9845426678657532
2024-01-05,LSTM,54,0.9839435815811157
2024-01-05,LSTM,55,0.9833394289016724
2024-01-05,LSTM,56,0.9827296733856201
2024-01-05,LSTM,57,0.9821138978004456
2024-01-05,LSTM,58,0.9814916849136353
2024-01-05,LSTM,59,0.9808627963066101
2024-01-05,LSTM,60,0.9802265763282776
2024-01-05,LSTM,61,0.9795827865600586
2024-01-05,LSTM,62,0.978931188583374
2024-01-05,LSTM,63,0.978270947933197
2024-01-05,LSTM,64,0.9776018261909485
2024-01-05,LSTM,65,0.9769235849380493
2024-01-05,LSTM,66,0.9762356281280518
2024-01-05,LSTM,67,0.9755380153656006
2024-01-05,LSTM,68,0.9748300313949585
2024-01-05,LSTM,69,0.974111795425415
2024-01-05,LSTM,70,0.9733830094337463
2024-01-05,LSTM,71,0.9726434946060181
2024-01-05,LSTM,72,0.9718932509422302
2024-01-05,LSTM,73,0.9711319804191589
2024-01-05,LSTM,74,0.970359742641449
2024-01-05,LSTM,75,0.9695766568183899
2024-01-05,LSTM,76,0.9687820672988892
2024-01-05,LSTM,77,0.9679760932922363
2024-01-05,LSTM,78,0.9671586751937866
2024-01-05,LSTM,79,0.9663294553756714
2024-01-05,LSTM,80,0.9654885530471802
2024-01-05,CNN,1,1.1707484722137451
2024-01-05,CNN,2,1.1616071462631226
2024-01-05,CNN,3,1.152747631072998
2024-01-05,CNN,4,1.1442795991897583
2024-01-05,CNN,5,1.1361979246139526
2024-01-05,CNN,6,1.1284483671188354
2024-01-05,CNN,7,1.1210039854049683
2024-01-05,CNN,8,1.1139488220214844
2024-01-05,CNN,9,1.107249140739441
2024-01-05,CNN,10,1.100908875465393
2024-01-05,CNN,11,1.0948865413665771
2024-01-05,CNN,12,1.0892571210861206
2024-01-05,CNN,13,1.0840147733688354
2024-01-05,CNN,14,1.0790832042694092
2024-01-05,CNN,15,1.0743740797042847
2024-01-05,CNN,16,1.0699471235275269
2024-01-05,CNN,17,1.0658304691314697
2024-01-05,CNN,18,1.0619760751724243
2024-01-05,CNN,19,1.0583021640777588
2024-01-05,CNN,20,1.0549124479293823
2024-01-05,CNN,21,1.051722526550293
2024-01-05,CNN,22,1.048754334449768
2024-01-05,CNN,23,1.0460165739059448
2024-01-05,CNN,24,1.0433976650238037
2024-01-05,CNN,25,1.0409101247787476
2024-01-05,CNN,26,1.0385518074035645
2024-01-05,CNN,27,1.0363317728042603
2024-01-05,CNN,28,1.0342490673065186
2024-01-05,CNN,29,1.0323227643966675
2024-01-05,CNN,30,1.030530333518982
2024-01-05,CNN,31,1.0288349390029907
2024-01-05,CNN,32,1.0272303819656372
2024-01-05,CNN,33,1.0256860256195068
2024-01-05,CNN,34,1.0242207050323486
2024-01-05,CNN,35,1.0228159427642822
2024-01-05,CNN,36,1.0214660167694092
2024-01-05,CNN,37,1.0201590061187744
2024-01-05,CNN,38,1.018917441368103
2024-01-05,CNN,39,1.0177216529846191
2024-01-05,CNN,40,1.016578197479248
2024-01-05,CNN,41,1.0154577493667603
2024-01-05,CNN,42,1.0143734216690063
2024-01-05,CNN,43,1.0133153200149536
2024-01-05,CNN,44,1.0123094320297241
2024-01-05,CNN,45,1.011306881904602
2024-01-05,CNN,46,1.0103182792663574
2024-01-05,CNN,47,1.0093399286270142
2024-01-05,CNN,48,1.00838303565979
2024-01-05,CNN,49,1.0074468851089478
2024-01-05,CNN,50,1.0064868927001953
2024-01-05,CNN,51,1.0055314302444458
2024-01-05,CNN,52,1.004582405090332
2024-01-05,CNN,53,1.00364351272583
2024-01-05,CNN,54,1.002716302871704
2024-01-05,CNN,55,1.0018165111541748
2024-01-05,CNN,56,1.000929832458496
2024-01-05,CNN,57,1.0000569820404053
2024-01-05,CNN,58,0.9991965293884277
2024-01-05,CNN,59,0.9983683824539185
2024-01-05,CNN,60,0.9975696802139282
2024-01-05,CNN,61,0.9967300295829773
2024-01-05,CNN,62,0.9958887696266174
2024-01-05,CNN,63,0.9950812458992004
2024-01-05,CNN,64,0.9942704439163208
2024-01-05,CNN,65,0.9934677481651306
2024-01-05,CNN,66,0.9926713705062866
2024-01-05,CNN,67,0.9918836951255798
2024-01-05,CNN,68,0.9911131262779236
2024-01-05,CNN,69,0.9903447031974792
2024-01-05,CNN,70,0.9895859956741333
2024-01-05,CNN,71,0.9888258576393127
2024-01-05,CNN,72,0.9880710244178772
2024-01-05,CNN,73,0.9873130321502686
2024-01-05,CNN,74,0.9865731596946716
2024-01-05,CNN,75,0.9858468174934387
2024-01-05,CNN,76,0.9851140975952148
2024-01-05,CNN,77,0.9843565821647644
2024-01-05,CNN,78,0.9835981130599976
2024-01-05,CNN,79,0.9828487038612366
2024-01-05,CNN,80,0.9821115732192993
2024-02-02,LSTM,1,1.0225223302841187
2024-02-02,LSTM,2,1.0214253664016724
2024-02-02,LSTM,3,1.0203508138656616
2024-02-02,LSTM,4,1.0192943811416626
2024-02-02,LSTM,5,1.0182559490203857
2024-02-02,LSTM,6,1.0172357559204102
2024-02-02,LSTM,7,1.0162345170974731
2024-02-02,LSTM,8,1.0152525901794434
2024-02-02,LSTM,9,1.0142899751663208
2024-02-02,LSTM,10,1.013346791267395
2024-02-02,LSTM,11,1.0124235153198242
2024-02-02,LSTM,12,1.0115196704864502
2024-02-02,LSTM,13,1.010635495185852
2024-02-02,LSTM,14,1.0097702741622925
2024-02-02,LSTM,15,1.008924126625061
2024-02-02,LSTM,16,1.0080963373184204
2024-02-02,LSTM,17,1.0072866678237915
2024-02-02,LSTM,18,1.006494402885437
2024-02-02,LSTM,19,1.0057193040847778
2024-02-02,LSTM,20,1.004960536956787
2024-02-02,LSTM,21,1.004217505455017
2024-02-02,LSTM,22,1.0034898519515991
2024-02-02,LSTM,23,1.0027767419815063
2024-02-02,LSTM,24,1.0020776987075806
2024-02-02,LSTM,25,1.0013917684555054
2024-02-02,LSTM,26,1.000718593597412
2024-02-02,LSTM,27,1.0000572204589844
2024-02-02,LSTM,28,0.9994071125984192
2024-02-02,LSTM,29,0.9987674355506897
2024-02-02,LSTM,30,0.9981372356414795
2024-02-02,LSTM,31,0.9975161552429199
2024-02-02,LSTM,32,0.9969033002853394
2024-02-02,LSTM,33,0.9962977766990662
2024-02-02,LSTM,34,0.9956988096237183
2024-02-02,LSTM,35,0.9951059818267822
2024-02-02,LSTM,36,0.9945183396339417
2024-02-02,LSTM,37,0.9939351081848145
2024-02-02,LSTM,38,0.9933555722236633
2024-02-02,LSTM,39,0.9927790760993958
2024-02-02,LSTM,40,0.992205023765564
2024-02-02,LSTM,41,0.991632342338562
2024-02-02,LSTM,42,0.9910609126091003
2024-02-02,LSTM,43,0.9904898405075073
2024-02-02,LSTM,44,0.9899182915687561
2024-02-02,LSTM,45,0.989345908164978
2024-02-02,LSTM,46,0.9887722730636597
2024-02-02,LSTM,47,0.9881965517997742
2024-02-02,LSTM,48,0.9876184463500977
2024-02-02,LSTM,49,0.9870375394821167
2024-02-02,LSTM,50,0.9864531755447388
2024-02-02,LSTM,51,0.98586505651474
2024-02-02,LSTM,52,0.9852728247642517
2024-02-02,LSTM,53,0.984675943851471
2024-02-02,LSTM,54,0.9840742945671082
2024-02-02,LSTM,55,0.9834673404693604
2024-02-02,LSTM,56,0.9828545451164246
2024-02-02,LSTM,57,0.9822360873222351
2024-02-02,LSTM,58,0.9816112518310547
2024-02-02,LSTM,59,0.9809796214103699
2024-02-02,LSTM,60,0.9803409576416016
2024-02-02,LSTM,61,0.9796948432922363
2024-02-02,LSTM,62,0.9790408611297607
2024-02-02,LSTM,63,0.9783786535263062
2024-02-02,LSTM,64,0.9777077436447144
2024-02-02,LSTM,65,0.977027952671051
2024-02-02,LSTM,66,0.9763385653495789
2024-02-02,LSTM,67,0.9756394624710083
2024-02-02,LSTM,68,0.9749304056167603
2024-02-02,LSTM,69,0.9742111563682556
2024-02-02,LSTM,70,0.9734813570976257
2024-02-02,LSTM,71,0.9727411270141602
2024-02-02,LSTM,72,0.9719900488853455
2024-02-02,LSTM,73,0.9712282419204712
2024-02-02,LSTM,74,0.9704555869102478
2024-02-02,LSTM,75,0.9696718454360962
2024-02-02,LSTM,76,0.9688771367073059
2024-02-02,LSTM,77,0.9680708646774292
2024-02-02,LSTM,78,0.9672532677650452
2024-02-02,LSTM,79,0.9664239883422852
2024-02-02,LSTM,80,0.9655828475952148
2024-02-02,CNN,1,1.1706558465957642
2024-02-02,CNN,2,1.161511778831482
2024-02-02,CNN,3,1.1526445150375366
2024-02-02,CNN,4,1.1441656351089478
2024-02-02,CNN,5,1.1360750198364258
2024-02-02,CNN,6,1.1283161640167236
2024-02-02,CNN,7,1.1208568811416626
2024-02-02,CNN,8,1.1137864589691162
2024-02-02,CNN,9,1.1070804595947266
2024-02-02,CNN,10,1.100738286972046
2024-02-02,CNN,11,1.0946944952011108
2024-02-02,CNN,12,1.0890607833862305
2024-02-02,CNN,13,1.0838121175765991
2024-02-02,CNN,14,1.0788742303848267
2024-02-02,CNN,15,1.0741679668426514
2024-02-02,CNN,16,1.069728136062622
2024-02-02,CNN,17,1.0656100511550903
2024-02-02,CNN,18,1.061751365661621
2024-02-02,CNN,19,1.0580772161483765
2024-02-02,CNN,20,1.054661512374878
2024-02-02,CNN,21,1.0514347553253174
2024-02-02,CNN,22,1.0484284162521362
2024-02-02,CNN,23,1.045678734779358
2024-02-02,CNN,24,1.0430454015731812
2024-02-02,CNN,25,1.0405515432357788
2024-02-02,CNN,26,1.0381830930709839
2024-02-02,CNN,27,1.0359641313552856
2024-02-02,CNN,28,1.0338881015777588
2024-02-02,CNN,29,1.0319350957870483
2024-02-02,CNN,30,1.0301157236099243
2024-02-02,CNN,31,1.0284041166305542
2024-02-02,CNN,32,1.0267558097839355
2024-02-02,CNN,33,1.0251846313476562
2024-02-02,CNN,34,1.0236963033676147
2024-02-02,CNN,35,1.0222705602645874
2024-02-02,CNN,36,1.0209120512008667
2024-02-02,CNN,37,1.019606113433838
2024-02-02,CNN,38,1.0183601379394531
2024-02-02,CNN,39,1.0171403884887695
2024-02-02,CNN,40,1.015971064567566
2024-02-02,CNN,41,1.0148378610610962
2024-02-02,CNN,42,1.0137333869934082
2024-02-02,CNN,43,1.0126837491989136
2024-02-02,CNN,44,1.011656641960144
2024-02-02,CNN,45,1.0106440782546997
2024-02-02,CNN,46,1.0096416473388672
2024-02-02,CNN,47,1.0086265802383423
2024-02-02,CNN,48,1.0076245069503784
2024-02-02,CNN,49,1.006636619567871
2024-02-02,CNN,50,1.0056650638580322
2024-02-02,CNN,51,1.0047115087509155
2024-02-02,CNN,52,1.0037963390350342
2024-02-02,CNN,53,1.0028839111328125
2024-02-02,CNN,54,1.0019761323928833
2024-02-02,CNN,55,1.0010552406311035
2024-02-02,CNN,56,1.0001364946365356
2024-02-02,CNN,57,0.9992353320121765
2024-02-02,CNN,58,0.9983586668968201
2024-02-02,CNN,59,0.9975038766860962
2024-02-02,CNN,60,0.996671736240387
2024-02-02,CNN,61,0.995840311050415
2024-02-02,CNN,62,0.9950321912765503
2024-02-02,CNN,63,0.9942405223846436
2024-02-02,CNN,64,0.9934482574462891
2024-02-02,CNN,65,0.9926653504371643
2024-02-02,CNN,66,0.991878867149353
2024-02-02,CNN,67,0.9911045432090759
2024-02-02,CNN,68,0.9903579950332642
2024-02-02,CNN,69,0.989606499671936
2024-02-02,CNN,70,0.9888535141944885
2024-02-02,CNN,71,0.9881009459495544
2024-02-02,CNN,72,0.9873585104942322
2024-02-02,CNN,73,0.9865930080413818
2024-02-02,CNN,74,0.985823929309845
2024-02-02,CNN,75,0.9850638508796692
2024-02-02,CNN,76,0.9843141436576843
2024-02-02,CNN,77,0.9835510849952698
2024-02-02,CNN,78,0.9827640652656555
2024-02-02,CNN,79,0.9819762706756592
2024-02-02,CNN,80,0.9811886548995972
2024-03-01,LSTM,1,1.0219011306762695
2024-03-01,LSTM,2,1.0208053588867188
2024-03-01,LSTM,3,1.0197330713272095
2024-03-01,LSTM,4,1.0186818838119507
2024-03-01,LSTM,5,1.0176500082015991
2024-03-01,LSTM,6,1.0166374444961548
2024-03-01,LSTM,7,1.0156446695327759
2024-03-01,LSTM,8,1.0146715641021729
2024-03-01,LSTM,9,1.0137178897857666
2024-03-01,LSTM,10,1.0127840042114258
2024-03-01,LSTM,11,1.0118695497512817
2024-03-01,LSTM,12,1.0109747648239136
2024-03-01,LSTM,13,1.0100992918014526
2024-03-01,LSTM,14,1.0092432498931885
2024-03-01,LSTM,15,1.0084062814712524
2024-03-01,LSTM,16,1.0075881481170654
2024-03-01,LSTM,17,1.0067881345748901
2024-03-01,LSTM,18,1.0060057640075684
2024-03-01,LSTM,19,1.0052406787872314
2024-03-01,LSTM,20,1.004491925239563
2024-03-01,LSTM,21,1.0037592649459839
2024-03-01,LSTM,22,1.0030416250228882
2024-03-01,LSTM,23,1.0023385286331177
2024-03-01,LSTM,24,1.001649260520935
2024-03-01,LSTM,25,1.0009733438491821
2024-03-01,LSTM,26,1.000309705734253
2024-03-01,LSTM,27,0.9996577501296997
2024-03-01,LSTM,28,0.9990167021751404
2024-03-01,LSTM,29,0.9983858466148376
2024-03-01,LSTM,30,0.9977643489837646
2024-03-01,LSTM,31,0.9971513748168945
2024-03-01,LSTM,32,0.99654620885849
2024-03-01,LSTM,33,0.9959478974342346
2024-03-01,LSTM,34,0.9953557848930359
2024-03-01,LSTM,35,0.9947693347930908
2024-03-01,LSTM,36,0.9941874146461487
2024-03-01,LSTM,37,0.9936094880104065
2024-03-01,LSTM,38,0.993034839630127
2024-03-01,LSTM,39,0.992462694644928
2024-03-01,LSTM,40,0.9918925762176514
2024-03-01,LSTM,41,0.9913236498832703
2024-03-01,LSTM,42,0.9907554388046265
2024-03-01,LSTM,43,0.9901870489120483
2024-03-01,LSTM,44,0.989618182182312
2024-03-01,LSTM,45,0.989048182964325
2024-03-01,LSTM,46,0.988476574420929
2024-03-01,LSTM,47,0.9879027605056763
2024-03-01,LSTM,48,0.9873263835906982
2024-03-01,LSTM,49,0.9867468476295471
2024-03-01,LSTM,50,0.9861639738082886
2024-03-01,LSTM,51,0.9855771660804749
2024-03-01,LSTM,52,0.9849861264228821
2024-03-01,LSTM,53,0.9843904972076416
2024-03-01,LSTM,54,0.9837899208068848
2024-03-01,LSTM,55,0.9831840395927429
2024-03-01,LSTM,56,0.9825726747512817
2024-03-01,LSTM,57,0.9819552898406982
2024-03-01,LSTM,58,0.9813317060470581
2024-03-01,LSTM,59,0.9807013869285583
2024-03-01,LSTM,60,0.9800640344619751
2024-03-01,LSTM,61,0.9794191718101501
2024-03-01,LSTM,62,0.9787665009498596
2024-03-01,LSTM,63,0.978105366230011
2024-03-01,LSTM,64,0.9774355292320251
2024-03-01,LSTM,65,0.9767563939094543
2024-03-01,LSTM,66,0.9760677218437195
2024-03-01,LSTM,67,0.9753690361976624
2024-03-01,LSTM,68,0.9746600389480591
2024-03-01,LSTM,69,0.9739403128623962
2024-03-01,LSTM,70,0.9732097387313843
2024-03-01,LSTM,71,0.9724680781364441
2024-03-01,LSTM,72,0.9717152714729309
2024-03-01,LSTM,73,0.9709508419036865
2024-03-01,LSTM,74,0.9701751470565796
2024-03-01,LSTM,75,0.9693875908851624
2024-03-01,LSTM,76,0.96858811378479
2024-03-01,LSTM,77,0.9677765965461731
2024-03-01,LSTM,78,0.9669525027275085
2024-03-01,LSTM,79,0.9661160111427307
2024-03-01,LSTM,80,0.9652665853500366
2024-03-01,CNN,1,1.1706072092056274
2024-03-01,CNN,2,1.1614526510238647
2024-03-01,CNN,3,1.152567982673645
2024-03-01,CNN,4,1.1440773010253906
2024-03-01,CNN,5,1.1359676122665405
2024-03-01,CNN,6,1.1282031536102295
2024-03-01,CNN,7,1.1207389831542969
2024-03-01,CNN,8,1.1136500835418701
2024-03-01,CNN,9,1.106939673423767
2024-03-01,CNN,10,1.1005746126174927
2024-03-01,CNN,11,1.094517707824707
2024-03-01,CNN,12,1.088849663734436
2024-03-01,CNN,13,1.0835814476013184
2024-03-01,CNN,14,1.0786281824111938
2024-03-01,CNN,15,1.073906421661377
2024-03-01,CNN,16,1.0694475173950195
2024-03-01,CNN,17,1.0653101205825806
2024-03-01,CNN,18,1.0614298582077026
2024-03-01,CNN,19,1.0577361583709717
2024-03-01,CNN,20,1.0543140172958374
2024-03-01,CNN,21,1.0510709285736084
2024-03-01,CNN,22,1.0480787754058838
2024-03-01,CNN,23,1.0453217029571533
2024-03-01,CNN,24,1.0426781177520752
2024-03-01,CNN,25,1.0401734113693237
2024-03-01,CNN,26,1.0377905368804932
2024-03-01,CNN,27,1.0355699062347412
2024-03-01,CNN,28,1.0334802865982056
2024-03-01,CNN,29,1.031522512435913
2024-03-01,CNN,30,1.0296928882598877
2024-03-01,CNN,31,1.0279686450958252
2024-03-01,CNN,32,1.0263105630874634
2024-03-01,CNN,33,1.0247387886047363
2024-03-01,CNN,34,1.0232435464859009
2024-03-01,CNN,35,1.0218122005462646
2024-03-01,CNN,36,1.0204381942749023
2024-03-01,CNN,37,1.0191199779510498
2024-03-01,CNN,38,1.0178548097610474
2024-03-01,CNN,39,1.0166383981704712
2024-03-01,CNN,40,1.0154575109481812
2024-03-01,CNN,41,1.014311671257019
2024-03-01,CNN,42,1.0132038593292236
2024-03-01,CNN,43,1.012137770652771
2024-03-01,CNN,44,1.011086106300354
2024-03-01,CNN,45,1.010047197341919
2024-03-01,CNN,46,1.009005069732666
2024-03-01,CNN,47,1.0079851150512695
2024-03-01,CNN,48,1.0069983005523682
2024-03-01,CNN,49,1.006003737449646
2024-03-01,CNN,50,1.0050405263900757
2024-03-01,CNN,51,1.0041183233261108
2024-03-01,CNN,52,1.0031970739364624
2024-03-01,CNN,53,1.0022858381271362
2024-03-01,CNN,54,1.001366138458252
2024-03-01,CNN,55,1.0004308223724365
2024-03-01,CNN,56,0.9995095729827881
2024-03-01,CNN,57,0.9986020922660828
2024-03-01,CNN,58,0.997718095779419
2024-03-01,CNN,59,0.9968839883804321
2024-03-01,CNN,60,0.9960582852363586
2024-03-01,CNN,61,0.9952390193939209
2024-03-01,CNN,62,0.9944183826446533
2024-03-01,CNN,63,0.99360591173172
2024-03-01,CNN,64,0.9928190112113953
2024-03-01,CNN,65,0.9920336604118347
2024-03-01,CNN,66,0.9912519454956055
2024-03-01,CNN,67,0.99048912525177
2024-03-01,CNN,68,0.9897261261940002
2024-03-01,CNN,69,0.9889639616012573
2024-03-01,CNN,70,0.9882046580314636
2024-03-01,CNN,71,0.9874485731124878
2024-03-01,CNN,72,0.9866746068000793
2024-03-01,CNN,73,0.9859030842781067
2024-03-01,CNN,74,0.9851423501968384
2024-03-01,CNN,75,0.9843837022781372
2024-03-01,CNN,76,0.9836006760597229
2024-03-01,CNN,77,0.9828133583068848
2024-03-01,CNN,78,0.9820343852043152
2024-03-01,CNN,79,0.9812407493591309
2024-03-01,CNN,80,0.9804648160934448
2024-03-29,LSTM,1,1.0217393636703491
2024-03-29,LSTM,2,1.0206356048583984
2024-03-29,LSTM,3,1.0195550918579102
2024-03-29,LSTM,4,1.0184991359710693
2024-03-29,LSTM,5,1.017465353012085
2024-03-29,LSTM,6,1.0164521932601929
2024-03-29,LSTM,7,1.015459656715393
2024-03-29,LSTM,8,1.0144872665405273
2024-03-29,LSTM,9,1.0135352611541748
2024-03-29,LSTM,10,1.0126031637191772
2024-03-29,LSTM,11,1.0116910934448242
2024-03-29,LSTM,12,1.0107989311218262
2024-03-29,LSTM,13,1.0099263191223145
2024-03-29,LSTM,14,1.0090734958648682
2024-03-29,LSTM,15,1.00823974609375
2024-03-29,LSTM,16,1.0074244737625122
2024-03-29,LSTM,17,1.0066275596618652
2024-03-29,LSTM,18,1.0058480501174927
2024-03-29,LSTM,19,1.0050853490829468
2024-03-29,LSTM,20,1.0043388605117798
2024-03-29,LSTM,21,1.003607988357544
2024-03-29,LSTM,22,1.0028918981552124
2024-03-29,LSTM,23,1.0021899938583374
2024-03-29,LSTM,24,1.001501441001892
2024-03-29,LSTM,25,1.0008258819580078
2024-03-29,LSTM,26,1.0001620054244995
2024-03-29,LSTM,27,0.9995095729827881
2024-03-29,LSTM,28,0.9988677501678467
2024-03-29,LSTM,29,0.9982357025146484
2024-03-29,LSTM,30,0.997612714767456
2024-03-29,LSTM,31,0.9969981908798218
2024-03-29,LSTM,32,0.9963910579681396
2024-03-29,LSTM,33,0.9957908987998962
2024-03-29,LSTM,34,0.9951969385147095
2024-03-29,LSTM,35,0.9946082830429077
2024-03-29,LSTM,36,0.9940244555473328
2024-03-29,LSTM,37,0.9934445023536682
2024-03-29,LSTM,38,0.9928678274154663
2024-03-29,LSTM,39,0.9922940135002136
2024-03-29,LSTM,40,0.9917221069335938
2024-03-29,LSTM,41,0.9911514520645142
2024-03-29,LSTM,42,0.9905816912651062
2024-03-29,LSTM,43,0.9900120496749878
2024-03-29,LSTM,44,0.9894418120384216
2024-03-29,LSTM,45,0.9888705611228943
2024-03-29,LSTM,46,0.9882978796958923
2024-03-29,LSTM,47,0.987723171710968
2024-03-29,LSTM,48,0.9871459007263184
2024-03-29,LSTM,49,0.9865659475326538
2024-03-29,LSTM,50,0.9859822988510132
2024-03-29,LSTM,51,0.9853950142860413
2024-03-29,LSTM,52,0.9848036170005798
2024-03-29,LSTM,53,0.9842077493667603
2024-03-29,LSTM,54,0.9836069345474243
2024-03-29,LSTM,55,0.9830009937286377
2024-03-29,LSTM,56,0.9823895692825317
2024-03-29,LSTM,57,0.981772243976593
2024-03-29,LSTM,58,0.9811486601829529
2024-03-29,LSTM,59,0.9805185794830322
2024-03-29,LSTM,60,0.9798813462257385
2024-03-29,LSTM,61,0.9792367815971375
2024-03-29,LSTM,62,0.9785844683647156
2024-03-29,LSTM,63,0.9779237508773804
2024-03-29,LSTM,64,0.977254331111908
2024-03-29,LSTM,65,0.9765757322311401
2024-03-29,LSTM,66,0.9758875966072083
2024-03-29,LSTM,67,0.9751895666122437
2024-03-29,LSTM,68,0.9744811654090881
2024-03-29,LSTM,69,0.9737621545791626
2024-03-29,LSTM,70,0.9730324745178223
2024-03-29,LSTM,71,0.9722916483879089
2024-03-29,LSTM,72,0.9715395569801331
2024-03-29,LSTM,73,0.9707761406898499
2024-03-29,LSTM,74,0.970001220703125
2024-03-29,LSTM,75,0.969214677810669
2024-03-29,LSTM,76,0.9684160947799683
2024-03-29,LSTM,77,0.9676055312156677
2024-03-29,LSTM,78,0.9667823910713196
2024-03-29,LSTM,79,0.9659466743469238
2024-03-29,LSTM,80,0.965097963809967
2024-03-29,CNN,1,1.1715532541275024
2024-03-29,CNN,2,1.1623413562774658
2024-03-29,CNN,3,1.1534066200256348
2024-03-29,CNN,4,1.1448508501052856
2024-03-29,CNN,5,1.1366750001907349
2024-03-29,CNN,6,1.1288515329360962
2024-03-29,CNN,7,1.1213304996490479
2024-03-29,CNN,8,1.114172339439392
2024-03-29,CNN,9,1.1074049472808838
2024-03-29,CNN,10,1.1009650230407715
2024-03-29,CNN,11,1.0948524475097656
2024-03-29,CNN,12,1.0891190767288208
2024-03-29,CNN,13,1.0837774276733398
2024-03-29,CNN,14,1.0787758827209473
2024-03-29,CNN,15,1.0740102529525757
2024-03-29,CNN,16,1.069494605064392
2024-03-29,CNN,17,1.0653122663497925
2024-03-29,CNN,18,1.0613737106323242
2024-03-29,CNN,19,1.0576244592666626
2024-03-29,CNN,20,1.054146647453308
2024-03-29,CNN,21,1.050864338874817
2024-03-29,CNN,22,1.047819972038269
2024-03-29,CNN,23,1.04501211643219
2024-03-29,CNN,24,1.042325496673584
2024-03-29,CNN,25,1.0397789478302002
2024-03-29,CNN,26,1.037370204925537
2024-03-29,CNN,27,1.0351229906082153
2024-03-29,CNN,28,1.0330146551132202
2024-03-29,CNN,29,1.0310344696044922
2024-03-29,CNN,30,1.0291666984558105
2024-03-29,CNN,31,1.0274068117141724
2024-03-29,CNN,32,1.0257139205932617
2024-03-29,CNN,33,1.0241031646728516
2024-03-29,CNN,34,1.0225791931152344
2024-03-29,CNN,35,1.0211302042007446
2024-03-29,CNN,36,1.019740343093872
2024-03-29,CNN,37,1.0184143781661987
2024-03-29,CNN,38,1.0171395540237427
2024-03-29,CNN,39,1.0159064531326294
2024-03-29,CNN,40,1.0147087574005127
2024-03-29,CNN,41,1.0135327577590942
2024-03-29,CNN,42,1.0123798847198486
2024-03-29,CNN,43,1.011271595954895
2024-03-29,CNN,44,1.0101920366287231
2024-03-29,CNN,45,1.0091121196746826
2024-03-29,CNN,46,1.0080310106277466
2024-03-29,CNN,47,1.006980538368225
2024-03-29,CNN,48,1.0059516429901123
2024-03-29,CNN,49,1.0049465894699097
2024-03-29,CNN,50,1.0039658546447754
2024-03-29,CNN,51,1.0030409097671509
2024-03-29,CNN,52,1.0021369457244873
2024-03-29,CNN,53,1.0012227296829224
2024-03-29,CNN,54,1.0003021955490112
2024-03-29,CNN,55,0.9993892312049866
2024-03-29,CNN,56,0.9985186457633972
2024-03-29,CNN,57,0.9976353645324707
2024-03-29,CNN,58,0.9967564940452576
2024-03-29,CNN,59,0.9958986639976501
2024-03-29,CNN,60,0.9950771331787109
2024-03-29,CNN,61,0.9942506551742554
2024-03-29,CNN,62,0.993431806564331
2024-03-29,CNN,63,0.9926227331161499
2024-03-29,CNN,64,0.9918214082717896
2024-03-29,CNN,65,0.9910191893577576
2024-03-29,CNN,66,0.9902248382568359
2024-03-29,CNN,67,0.9894620180130005
2024-03-29,CNN,68,0.9887079000473022
2024-03-29,CNN,69,0.987946629524231
2024-03-29,CNN,70,0.9872016310691833
2024-03-29,CNN,71,0.9864580035209656
2024-03-29,CNN,72,0.9857017993927002
2024-03-29,CNN,73,0.9849324226379395
2024-03-29,CNN,74,0.9841694235801697
2024-03-29,CNN,75,0.9834151864051819
2024-03-29,CNN,76,0.9826703071594238
2024-03-29,CNN,77,0.9819160103797913
2024-03-29,CNN,78,0.9811644554138184
2024-03-29,CNN,79,0.9803948998451233
2024-03-29,CNN,80,0.9796520471572876
2024-04-26,LSTM,1,1.021881341934204
2024-04-26,LSTM,2,1.02078378200531
2024-04-26,LSTM,3,1.0197113752365112
2024-04-26,LSTM,4,1.018660545349121
2024-04-26,LSTM,5,1.0176314115524292
2024-04-26,LSTM,6,1.0166239738464355
2024-04-26,LSTM,7,1.0156375169754028
2024-04-26,LSTM,8,1.0146714448928833
2024-04-26,LSTM,9,1.0137253999710083
2024-04-26,LSTM,10,1.012798547744751
2024-04-26,LSTM,11,1.0118908882141113
2024-04-26,LSTM,12,1.0110019445419312
2024-04-26,LSTM,13,1.0101318359375
2024-04-26,LSTM,14,1.0092802047729492
2024-04-26,LSTM,15,1.0084471702575684
2024-04-26,LSTM,16,1.0076320171356201
2024-04-26,LSTM,17,1.0068347454071045
2024-04-26,LSTM,18,1.0060549974441528
2024-04-26,LSTM,19,1.0052920579910278
2024-04-26,LSTM,20,1.0045456886291504
2024-04-26,LSTM,21,1.0038151741027832
2024-04-26,LSTM,22,1.003100037574768
2024-04-26,LSTM,23,1.0023994445800781
2024-04-26,LSTM,24,1.0017129182815552
2024-04-26,LSTM,25,1.0010395050048828
2024-04-26,LSTM,26,1.0003783702850342
2024-04-26,LSTM,27,0.9997292757034302
2024-04-26,LSTM,28,0.9990913271903992
2024-04-26,LSTM,29,0.9984635710716248
2024-04-26,LSTM,30,0.9978452324867249
2024-04-26,LSTM,31,0.9972358345985413
2024-04-26,LSTM,32,0.9966345429420471
2024-04-26,LSTM,33,0.9960405230522156
2024-04-26,LSTM,34,0.9954532384872437
2024-04-26,LSTM,35,0.994871973991394
2024-04-26,LSTM,36,0.9942959547042847
2024-04-26,LSTM,37,0.9937243461608887
2024-04-26,LSTM,38,0.9931569695472717
2024-04-26,LSTM,39,0.9925925135612488
2024-04-26,LSTM,40,0.9920307993888855
2024-04-26,LSTM,41,0.9914709329605103
2024-04-26,LSTM,42,0.9909123778343201
2024-04-26,LSTM,43,0.9903544187545776
2024-04-26,LSTM,44,0.9897966384887695
2024-04-26,LSTM,45,0.9892382621765137
2024-04-26,LSTM,46,0.9886791110038757
2024-04-26,LSTM,47,0.9881182909011841
2024-04-26,LSTM,48,0.9875554442405701
2024-04-26,LSTM,49,0.986990213394165
2024-04-26,LSTM,50,0.986422061920166
2024-04-26,LSTM,51,0.9858505725860596
2024-04-26,LSTM,52,0.9852755069732666
2024-04-26,LSTM,53,0.9846963882446289
2024-04-26,LSTM,54,0.9841126799583435
2024-04-26,LSTM,55,0.9835243225097656
2024-04-26,LSTM,56,0.9829307794570923
2024-04-26,LSTM,57,0.9823318123817444
2024-04-26,LSTM,58,0.9817269444465637
2024-04-26,LSTM,59,0.9811159372329712
2024-04-26,LSTM,60,0.980498194694519
2024-04-26,LSTM,61,0.9798734784126282
2024-04-26,LSTM,62,0.9792412519454956
2024-04-26,LSTM,63,0.9786012768745422
2024-04-26,LSTM,64,0.9779529571533203
2024-04-26,LSTM,65,0.9772961139678955
2024-04-26,LSTM,66,0.9766300916671753
2024-04-26,LSTM,67,0.9759548306465149
2024-04-26,LSTM,68,0.9752697944641113
2024-04-26,LSTM,69,0.974574863910675
2024-04-26,LSTM,70,0.9738696217536926
2024-04-26,LSTM,71,0.9731541872024536
2024-04-26,LSTM,72,0.972428023815155
2024-04-26,LSTM,73,0.9716912508010864
2024-04-26,LSTM,74,0.9709435701370239
2024-04-26,LSTM,75,0.9701848030090332
2024-04-26,LSTM,76,0.9694144129753113
2024-04-26,LSTM,77,0.968632698059082
2024-04-26,LSTM,78,0.9678388833999634
2024-04-26,LSTM,79,0.9670328497886658
2024-04-26,LSTM,80,0.9662143588066101
2024-04-26,CNN,1,1.172690749168396
2024-04-26,CNN,2,1.1634477376937866
2024-04-26,CNN,3,1.1544880867004395
2024-04-26,CNN,4,1.1458921432495117
2024-04-26,CNN,5,1.1376785039901733
2024-04-26,CNN,6,1.129834771156311
2024-04-26,CNN,7,1.1222941875457764
2024-04-26,CNN,8,1.1150857210159302
2024-04-26,CNN,9,1.1082894802093506
2024-04-26,CNN,10,1.1018050909042358
2024-04-26,CNN,11,1.0956616401672363
2024-04-26,CNN,12,1.089922308921814
2024-04-26,CNN,13,1.0845295190811157
2024-04-26,CNN,14,1.0794892311096191
2024-04-26,CNN,15,1.074706792831421
2024-04-26,CNN,16,1.0701504945755005
2024-04-26,CNN,17,1.065929889678955
2024-04-26,CNN,18,1.061970829963684
2024-04-26,CNN,19,1.0581979751586914
2024-04-26,CNN,20,1.0547024011611938
2024-04-26,CNN,21,1.0513821840286255
2024-04-26,CNN,22,1.0482978820800781
2024-04-26,CNN,23,1.04547917842865
2024-04-26,CNN,24,1.0428006649017334
2024-04-26,CNN,25,1.0402573347091675
2024-04-26,CNN,26,1.0378177165985107
2024-04-26,CNN,27,1.0355302095413208
2024-04-26,CNN,28,1.033400297164917
2024-04-26,CNN,29,1.0314067602157593
2024-04-26,CNN,30,1.0295251607894897
2024-04-26,CNN,31,1.0277330875396729
2024-04-26,CNN,32,1.026033878326416
2024-04-26,CNN,33,1.0244046449661255
2024-04-26,CNN,34,1.0228478908538818
2024-04-26,CNN,35,1.0213849544525146
2024-04-26,CNN,36,1.0199886560440063
2024-04-26,CNN,37,1.0186527967453003
2024-04-26,CNN,38,1.017370581626892
2024-04-26,CNN,39,1.0161455869674683
2024-04-26,CNN,40,1.014948844909668
2024-04-26,CNN,41,1.013761043548584
2024-04-26,CNN,42,1.01259183883667
2024-04-26,CNN,43,1.0114542245864868
2024-04-26,CNN,44,1.0103511810302734
2024-04-26,CNN,45,1.0092618465423584
2024-04-26,CNN,46,1.0081729888916016
2024-04-26,CNN,47,1.0070873498916626
2024-04-26,CNN,48,1.0060718059539795
2024-04-26,CNN,49,1.0050675868988037
2024-04-26,CNN,50,1.0041019916534424
2024-04-26,CNN,51,1.0031769275665283
2024-04-26,CNN,52,1.0022543668746948
2024-04-26,CNN,53,1.001345157623291
2024-04-26,CNN,54,1.0004255771636963
2024-04-26,CNN,55,0.9995114803314209
2024-04-26,CNN,56,0.9986249208450317
2024-04-26,CNN,57,0.9977355003356934
2024-04-26,CNN,58,0.9968412518501282
2024-04-26,CNN,59,0.9959587454795837
2024-04-26,CNN,60,0.9951152801513672
2024-04-26,CNN,61,0.9942829608917236
2024-04-26,CNN,62,0.9934704303741455
2024-04-26,CNN,63,0.9926631450653076
2024-04-26,CNN,64,0.991845428943634
2024-04-26,CNN,65,0.9910539984703064
2024-04-26,CNN,66,0.9902688264846802
2024-04-26,CNN,67,0.9894870519638062
2024-04-26,CNN,68,0.9887127876281738
2024-04-26,CNN,69,0.9879514575004578
2024-04-26,CNN,70,0.9872093796730042
2024-04-26,CNN,71,0.986472487449646
2024-04-26,CNN,72,0.9857324361801147
2024-04-26,CNN,73,0.9849783182144165
2024-04-26,CNN,74,0.9842366576194763
2024-04-26,CNN,75,0.9834883213043213
2024-04-26,CNN,76,0.9827376008033752
2024-04-26,CNN,77,0.9819941520690918
2024-04-26,CNN,78,0.981231153011322
2024-04-26,CNN,79,0.9804596304893494
2024-04-26,CNN,80,0.97971510887146
2024-05-24,LSTM,1,1.0215014219284058
2024-05-24,LSTM,2,1.0204176902770996
2024-05-24,LSTM,3,1.0193551778793335
2024-05-24,LSTM,4,1.0183144807815552
2024-05-24,LSTM,5,1.0172947645187378
2024-05-24,LSTM,6,1.0162955522537231
2024-05-24,LSTM,7,1.0153167247772217
2024-05-24,LSTM,8,1.0143578052520752
2024-05-24,LSTM,9,1.0134187936782837
2024-05-24,LSTM,10,1.0124999284744263
2024-05-24,LSTM,11,1.0116015672683716
2024-05-24,LSTM,12,1.0107232332229614
2024-05-24,LSTM,13,1.0098650455474854
2024-05-24,LSTM,14,1.009027123451233
2024-05-24,LSTM,15,1.0082085132598877
2024-05-24,LSTM,16,1.0074093341827393
2024-05-24,LSTM,17,1.0066288709640503
2024-05-24,LSTM,18,1.0058667659759521
2024-05-24,LSTM,19,1.0051220655441284
2024-05-24,LSTM,20,1.0043940544128418
2024-05-24,LSTM,21,1.0036823749542236
2024-05-24,LSTM,22,1.0029863119125366
2024-05-24,LSTM,23,1.0023046731948853
2024-05-24,LSTM,24,1.0016372203826904
2024-05-24,LSTM,25,1.0009828805923462
2024-05-24,LSTM,26,1.0003410577774048
2024-05-24,LSTM,27,0.9997109770774841
2024-05-24,LSTM,28,0.9990916848182678
2024-05-24,LSTM,29,0.9984825849533081
2024-05-24,LSTM,30,0.9978828430175781
2024-05-24,LSTM,31,0.9972917437553406
2024-05-24,LSTM,32,0.9967085123062134
2024-05-24,LSTM,33,0.9961323142051697
2024-05-24,LSTM,34,0.9955625534057617
2024-05-24,LSTM,35,0.9949982762336731
2024-05-24,LSTM,36,0.9944388270378113
2024-05-24,LSTM,37,0.9938835501670837
2024-05-24,LSTM,38,0.993331789970398
2024-05-24,LSTM,39,0.992782711982727
2024-05-24,LSTM,40,0.9922356605529785
2024-05-24,LSTM,41,0.9916900992393494
2024-05-24,LSTM,42,0.9911454319953918
2024-05-24,LSTM,43,0.9906005859375
2024-05-24,LSTM,44,0.990055501461029
2024-05-24,LSTM,45,0.9895095229148865
2024-05-24,LSTM,46,0.9889618158340454
2024-05-24,LSTM,47,0.9884120225906372
2024-05-24,LSTM,48,0.9878597259521484
2024-05-24,LSTM,49,0.9873043894767761
2024-05-24,LSTM,50,0.9867453575134277
2024-05-24,LSTM,51,0.986182689666748
2024-05-24,LSTM,52,0.9856157898902893
2024-05-24,LSTM,53,0.9850441217422485
2024-05-24,LSTM,54,0.9844675064086914
2024-05-24,LSTM,55,0.9838857650756836
2024-05-24,LSTM,56,0.9832983613014221
2024-05-24,LSTM,57,0.9827049970626831
2024-05-24,LSTM,58,0.9821053147315979
2024-05-24,LSTM,59,0.9814989566802979
2024-05-24,LSTM,60,0.9808857440948486
2024-05-24,LSTM,61,0.9802649021148682
2024-05-24,LSTM,62,0.9796363115310669
2024-05-24,LSTM,63,0.9789993762969971
2024-05-24,LSTM,64,0.9783536791801453
2024-05-24,LSTM,65,0.9776986837387085
2024-05-24,LSTM,66,0.9770339727401733
2024-05-24,LSTM,67,0.976358950138092
2024-05-24,LSTM,68,0.9756733179092407
2024-05-24,LSTM,69,0.9749769568443298
2024-05-24,LSTM,70,0.9742691516876221
2024-05-24,LSTM,71,0.9735499620437622
2024-05-24,LSTM,72,0.9728190898895264
2024-05-24,LSTM,73,0.972076416015625
2024-05-24,LSTM,74,0.971321702003479
2024-05-24,LSTM,75,0.9705550074577332
2024-05-24,LSTM,76,0.9697758555412292
2024-05-24,LSTM,77,0.9689841270446777
2024-05-24,LSTM,78,0.9681798219680786
2024-05-24,LSTM,79,0.9673625230789185
2024-05-24,LSTM,80,0.9665321111679077
2024-05-24,CNN,1,1.1714773178100586
2024-05-24,CNN,2,1.1622755527496338
2024-05-24,CNN,3,1.1533664464950562
2024-05-24,CNN,4,1.1448031663894653
2024-05-24,CNN,5,1.1366288661956787
2024-05-24,CNN,6,1.1288243532180786
2024-05-24,CNN,7,1.1213500499725342
2024-05-24,CNN,8,1.1141830682754517
2024-05-24,CNN,9,1.1074188947677612
2024-05-24,CNN,10,1.1009602546691895
2024-05-24,CNN,11,1.0948222875595093
2024-05-24,CNN,12,1.0891146659851074
2024-05-24,CNN,13,1.083725094795227
2024-05-24,CNN,14,1.078710675239563
2024-05-24,CNN,15,1.0739572048187256
2024-05-24,CNN,16,1.0694234371185303
2024-05-24,CNN,17,1.0652250051498413
2024-05-24,CNN,18,1.061290979385376
2024-05-24,CNN,19,1.0575510263442993
2024-05-24,CNN,20,1.0540814399719238
2024-05-24,CNN,21,1.0508002042770386
2024-05-24,CNN,22,1.0477327108383179
2024-05-24,CNN,23,1.0449285507202148
2024-05-24,CNN,24,1.0422639846801758
2024-05-24,CNN,25,1.0397273302078247
2024-05-24,CNN,26,1.037338137626648
2024-05-24,CNN,27,1.0350865125656128
2024-05-24,CNN,28,1.0329833030700684
2024-05-24,CNN,29,1.0309984683990479
2024-05-24,CNN,30,1.0291260480880737
2024-05-24,CNN,31,1.0273528099060059
2024-05-24,CNN,32,1.025673270225525
2024-05-24,CNN,33,1.0240552425384521
2024-05-24,CNN,34,1.0225082635879517
2024-05-24,CNN,35,1.0210473537445068
2024-05-24,CNN,36,1.0196614265441895
2024-05-24,CNN,37,1.0183333158493042
2024-05-24,CNN,38,1.017065405845642
2024-05-24,CNN,39,1.01585054397583
2024-05-24,CNN,40,1.014669418334961
2024-05-24,CNN,41,1.0135115385055542
2024-05-24,CNN,42,1.0123685598373413
2024-05-24,CNN,43,1.0112497806549072
2024-05-24,CNN,44,1.0101678371429443
2024-05-24,CNN,45,1.009095549583435
2024-05-24,CNN,46,1.0080198049545288
2024-05-24,CNN,47,1.0069315433502197
2024-05-24,CNN,48,1.005889892578125
2024-05-24,CNN,49,1.0048922300338745
2024-05-24,CNN,50,1.00392746925354
2024-05-24,CNN,51,1.0030138492584229
2024-05-24,CNN,52,1.0020970106124878
2024-05-24,CNN,53,1.0011953115463257
2024-05-24,CNN,54,1.0002654790878296
2024-05-24,CNN,55,0.9993432760238647
2024-05-24,CNN,56,0.9984641075134277
2024-05-24,CNN,57,0.9975904226303101
2024-05-24,CNN,58,0.9967038631439209
2024-05-24,CNN,59,0.995827317237854
2024-05-24,CNN,60,0.9949643015861511
2024-05-24,CNN,61,0.9941271543502808
2024-05-24,CNN,62,0.993297278881073
2024-05-24,CNN,63,0.9924851655960083
2024-05-24,CNN,64,0.9916712641716003
2024-05-24,CNN,65,0.9908729195594788
2024-05-24,CNN,66,0.9900851845741272
2024-05-24,CNN,67,0.9893181920051575
2024-05-24,CNN,68,0.9885652661323547
2024-05-24,CNN,69,0.9878137111663818
2024-05-24,CNN,70,0.9870554804801941
2024-05-24,CNN,71,0.9863142371177673
2024-05-24,CNN,72,0.9855816960334778
2024-05-24,CNN,73,0.9848528504371643
2024-05-24,CNN,74,0.9841136336326599
2024-05-24,CNN,75,0.9833769798278809
2024-05-24,CNN,76,0.9826393127441406
2024-05-24,CNN,77,0.9819052815437317
2024-05-24,CNN,78,0.9811626076698303
2024-05-24,CNN,79,0.9803914427757263
2024-05-24,CNN,80,0.9796220660209656
2024-06-21,LSTM,1,1.0210577249526978
2024-06-21,LSTM,2,1.0199806690216064
2024-06-21,LSTM,3,1.0189262628555298
2024-06-21,LSTM,4,1.0178931951522827
2024-06-21,LSTM,5,1.0168801546096802
2024-06-21,LSTM,6,1.0158873796463013
2024-06-21,LSTM,7,1.0149152278900146
2024-06-21,LSTM,8,1.013964056968689
2024-06-21,LSTM,9,1.0130339860916138
2024-06-21,LSTM,10,1.0121245384216309
2024-06-21,LSTM,11,1.0112354755401611
2024-06-21,LSTM,12,1.0103667974472046
2024-06-21,LSTM,13,1.0095183849334717
2024-06-21,LSTM,14,1.0086896419525146
2024-06-21,LSTM,15,1.0078805685043335
2024-06-21,LSTM,16,1.0070903301239014
2024-06-21,LSTM,17,1.0063189268112183
2024-06-21,LSTM,18,1.0055656433105469
2024-06-21,LSTM,19,1.0048298835754395
2024-06-21,LSTM,20,1.0041106939315796
2024-06-21,LSTM,21,1.0034079551696777
2024-06-21,LSTM,22,1.0027204751968384
2024-06-21,LSTM,23,1.0020477771759033
2024-06-21,LSTM,24,1.0013891458511353
2024-06-21,LSTM,25,1.0007436275482178
2024-06-21,LSTM,26,1.0001107454299927
2024-06-21,LSTM,27,0.999489426612854
2024-06-21,LSTM,28,0.9988790154457092
2024-06-21,LSTM,29,0.9982784986495972
2024-06-21,LSTM,30,0.9976876378059387
2024-06-21,LSTM,31,0.9971049427986145
2024-06-21,LSTM,32,0.9965299963951111
2024-06-21,LSTM,33,0.9959619045257568
2024-06-21,LSTM,34,0.9953999519348145
2024-06-21,LSTM,35,0.9948433041572571
2024-06-21,LSTM,36,0.9942913055419922
2024-06-21,LSTM,37,0.9937430620193481
2024-06-21,LSTM,38,0.9931978583335876
2024-06-21,LSTM,39,0.9926551580429077
2024-06-21,LSTM,40,0.992114245891571
2024-06-21,LSTM,41,0.9915744662284851
2024-06-21,LSTM,42,0.9910351634025574
2024-06-21,LSTM,43,0.9904959201812744
2024-06-21,LSTM,44,0.9899556636810303
2024-06-21,LSTM,45,0.9894145131111145
2024-06-21,LSTM,46,0.9888713955879211
2024-06-21,LSTM,47,0.9883261322975159
2024-06-21,LSTM,48,0.9877781867980957
2024-06-21,LSTM,49,0.9872270822525024
2024-06-21,LSTM,50,0.9866722822189331
2024-06-21,LSTM,51,0.9861137270927429
2024-06-21,LSTM,52,0.9855507612228394
2024-06-21,LSTM,53,0.9849830865859985
2024-06-21,LSTM,54,0.9844104051589966
2024-06-21,LSTM,55,0.9838324785232544
2024-06-21,LSTM,56,0.9832490086555481
2024-06-21,LSTM,57,0.982659637928009
2024-06-21,LSTM,58,0.9820640683174133
2024-06-21,LSTM,59,0.9814618825912476
2024-06-21,LSTM,60,0.9808527827262878
2024-06-21,LSTM,61,0.9802364706993103
2024-06-21,LSTM,62,0.979612410068512
2024-06-21,LSTM,63,0.9789800643920898
2024-06-21,LSTM,64,0.9783391356468201
2024-06-21,LSTM,65,0.9776891469955444
2024-06-21,LSTM,66,0.9770293235778809
2024-06-21,LSTM,67,0.976359486579895
2024-06-21,LSTM,68,0.9756790995597839
2024-06-21,LSTM,69,0.9749876856803894
2024-06-21,LSTM,70,0.9742848873138428
2024-06-21,LSTM,71,0.9735704660415649
2024-06-21,LSTM,72,0.9728440642356873
2024-06-21,LSTM,73,0.9721059203147888
2024-06-21,LSTM,74,0.9713553190231323
2024-06-21,LSTM,75,0.9705923795700073
2024-06-21,LSTM,76,0.9698169827461243
2024-06-21,LSTM,77,0.9690287709236145
2024-06-21,LSTM,78,0.9682279229164124
2024-06-21,LSTM,79,0.9674139618873596
2024-06-21,LSTM,80,0.9665866494178772
2024-06-21,CNN,1,1.1693962812423706
2024-06-21,CNN,2,1.1602658033370972
2024-06-21,CNN,3,1.1514334678649902
2024-06-21,CNN,4,1.1429452896118164
2024-06-21,CNN,5,1.13483726978302
2024-06-21,CNN,6,1.127100944519043
2024-06-21,CNN,7,1.1197196245193481
2024-06-21,CNN,8,1.1126185655593872
2024-06-21,CNN,9,1.105903148651123
2024-06-21,CNN,10,1.099495530128479
2024-06-21,CNN,11,1.0933928489685059
2024-06-21,CNN,12,1.0877054929733276
2024-06-21,CNN,13,1.0823534727096558
2024-06-21,CNN,14,1.077383279800415
2024-06-21,CNN,15,1.072636604309082
2024-06-21,CNN,16,1.0681260824203491
2024-06-21,CNN,17,1.0639305114746094
2024-06-21,CNN,18,1.0600100755691528
2024-06-21,CNN,19,1.0562986135482788
2024-06-21,CNN,20,1.0528744459152222
2024-06-21,CNN,21,1.049629807472229
2024-06-21,CNN,22,1.0465854406356812
2024-06-21,CNN,23,1.0437953472137451
2024-06-21,CNN,24,1.0411741733551025
2024-06-21,CNN,25,1.0386837720870972
2024-06-21,CNN,26,1.0363378524780273
2024-06-21,CNN,27,1.0341455936431885
2024-06-21,CNN,28,1.0320661067962646
2024-06-21,CNN,29,1.0301157236099243
2024-06-21,CNN,30,1.0282734632492065
2024-06-21,CNN,31,1.0265247821807861
2024-06-21,CNN,32,1.0248819589614868
2024-06-21,CNN,33,1.0233136415481567
2024-06-21,CNN,34,1.0218247175216675
2024-06-21,CNN,35,1.0203980207443237
2024-06-21,CNN,36,1.0190153121948242
2024-06-21,CNN,37,1.0176883935928345
2024-06-21,CNN,38,1.0164382457733154
2024-06-21,CNN,39,1.0152474641799927
2024-06-21,CNN,40,1.0140950679779053
2024-06-21,CNN,41,1.0129636526107788
2024-06-21,CNN,42,1.0118608474731445
2024-06-21,CNN,43,1.0107873678207397
2024-06-21,CNN,44,1.0097572803497314
2024-06-21,CNN,45,1.0087547302246094
2024-06-21,CNN,46,1.0077685117721558
2024-06-21,CNN,47,1.0067569017410278
2024-06-21,CNN,48,1.0057076215744019
2024-06-21,CNN,49,1.0046533346176147
2024-06-21,CNN,50,1.0036132335662842
2024-06-21,CNN,51,1.0026004314422607
2024-06-21,CNN,52,1.0016264915466309
2024-06-21,CNN,53,1.0006791353225708
2024-06-21,CNN,54,0.9997321367263794
2024-06-21,CNN,55,0.9987703561782837
2024-06-21,CNN,56,0.9978209733963013
2024-06-21,CNN,57,0.9969225525856018
2024-06-21,CNN,58,0.9960530400276184
2024-06-21,CNN,59,0.9951538443565369
2024-06-21,CNN,60,0.9942641258239746
2024-06-21,CNN,61,0.9933695197105408
2024-06-21,CNN,62,0.9924950003623962
2024-06-21,CNN,63,0.9916291832923889
2024-06-21,CNN,64,0.9907593131065369
2024-06-21,CNN,65,0.9898878335952759
2024-06-21,CNN,66,0.9890214800834656
2024-06-21,CNN,67,0.9881738424301147
2024-06-21,CNN,68,0.9873200058937073
2024-06-21,CNN,69,0.9864516258239746
2024-06-21,CNN,70,0.9855864644050598
2024-06-21,CNN,71,0.9847362041473389
2024-06-21,CNN,72,0.9839045405387878
2024-06-21,CNN,73,0.9830747842788696
2024-06-21,CNN,74,0.9822399616241455
2024-06-21,CNN,75,0.9813953638076782
2024-06-21,CNN,76,0.9805405735969543
2024-06-21,CNN,77,0.9796634912490845
2024-06-21,CNN,78,0.978781521320343
2024-06-21,CNN,79,0.9779119491577148
2024-06-21,CNN,80,0.977043092250824
2024-07-19,LSTM,1,1.0206555128097534
2024-07-19,LSTM,2,1.019607424736023
2024-07-19,LSTM,3,1.0185819864273071
2024-07-19,LSTM,4,1.0175766944885254
2024-07-19,LSTM,5,1.0165914297103882
2024-07-19,LSTM,6,1.0156261920928955
2024-07-19,LSTM,7,1.0146805047988892
2024-07-19,LSTM,8,1.013753890991211
2024-07-19,LSTM,9,1.0128461122512817
2024-07-19,LSTM,10,1.0119572877883911
2024-07-19,LSTM,11,1.011087417602539
2024-07-19,LSTM,12,1.010236144065857
2024-07-19,LSTM,13,1.0094035863876343
2024-07-19,LSTM,14,1.008589267730713
2024-07-19,LSTM,15,1.0077933073043823
2024-07-19,LSTM,16,1.0070152282714844
2024-07-19,LSTM,17,1.0062549114227295
2024-07-19,LSTM,18,1.0055122375488281
2024-07-19,LSTM,19,1.0047868490219116
2024-07-19,LSTM,20,1.0040782690048218
2024-07-19,LSTM,21,1.0033856630325317
2024-07-19,LSTM,22,1.002708911895752
2024-07-19,LSTM,23,1.002046823501587
2024-07-19,LSTM,24,1.001399040222168
2024-07-19,LSTM,25,1.00076425075531
2024-07-19,LSTM,26,1.0001418590545654
2024-07-19,LSTM,27,0.9995309710502625
2024-07-19,LSTM,28,0.9989306330680847
2024-07-19,LSTM,29,0.998339831829071
2024-07-19,LSTM,30,0.9977580308914185
2024-07-19,LSTM,31,0.9971839189529419
2024-07-19,LSTM,32,0.9966169595718384
2024-07-19,LSTM,33,0.9960563778877258
2024-07-19,LSTM,34,0.9955012202262878
2024-07-19,LSTM,35,0.9949508309364319
2024-07-19,LSTM,36,0.9944043159484863
2024-07-19,LSTM,37,0.9938612580299377
2024-07-19,LSTM,38,0.993320643901825
2024-07-19,LSTM,39,0.9927821159362793
2024-07-19,LSTM,40,0.9922447800636292
2024-07-19,LSTM,41,0.9917080998420715
2024-07-19,LSTM,42,0.9911713600158691
2024-07-19,LSTM,43,0.9906342625617981
2024-07-19,LSTM,44,0.9900961518287659
2024-07-19,LSTM,45,0.9895563721656799
2024-07-19,LSTM,46,0.9890146255493164
2024-07-19,LSTM,47,0.9884702563285828
2024-07-19,LSTM,48,0.9879229664802551
2024-07-19,LSTM,49,0.9873724579811096
2024-07-19,LSTM,50,0.9868180751800537
2024-07-19,LSTM,51,0.9862596392631531
2024-07-19,LSTM,52,0.9856969714164734
2024-07-19,LSTM,53,0.9851293563842773
2024-07-19,LSTM,54,0.9845569133758545
2024-07-19,LSTM,55,0.9839791059494019
2024-07-19,LSTM,56,0.9833959937095642
2024-07-19,LSTM,57,0.9828066229820251
2024-07-19,LSTM,58,0.9822112917900085
2024-07-19,LSTM,59,0.9816094040870667
2024-07-19,LSTM,60,0.9810006022453308
2024-07-19,LSTM,61,0.9803844690322876
2024-07-19,LSTM,62,0.9797604084014893
2024-07-19,LSTM,63,0.9791282415390015
2024-07-19,LSTM,64,0.9784871935844421
2024-07-19,LSTM,65,0.9778368473052979
2024-07-19,LSTM,66,0.9771766662597656
2024-07-19,LSTM,67,0.9765060544013977
2024-07-19,LSTM,68,0.9758245348930359
2024-07-19,LSTM,69,0.9751318693161011
2024-07-19,LSTM,70,0.9744275808334351
2024-07-19,LSTM,71,0.9737113118171692
2024-07-19,LSTM,72,0.9729828834533691
2024-07-19,LSTM,73,0.9722420573234558
2024-07-19,LSTM,74,0.9714887142181396
2024-07-19,LSTM,75,0.9707226157188416
2024-07-19,LSTM,76,0.9699435830116272
2024-07-19,LSTM,77,0.9691517353057861
2024-07-19,LSTM,78,0.9683464765548706
2024-07-19,LSTM,79,0.9675278663635254
2024-07-19,LSTM,80,0.9666957259178162
2024-07-19,CNN,1,1.168830394744873
2024-07-19,CNN,2,1.1597920656204224
2024-07-19,CNN,3,1.1510621309280396
2024-07-19,CNN,4,1.1426583528518677
2024-07-19,CNN,5,1.1346272230148315
2024-07-19,CNN,6,1.1269539594650269
2024-07-19,CNN,7,1.1196141242980957
2024-07-19,CNN,8,1.112562894821167
2024-07-19,CNN,9,1.1058942079544067
2024-07-19,CNN,10,1.099556565284729
2024-07-19,CNN,11,1.0935437679290771
2024-07-19,CNN,12,1.08790922164917
2024-07-19,CNN,13,1.0825964212417603
2024-07-19,CNN,14,1.0776727199554443
2024-07-19,CNN,15,1.0730056762695312
2024-07-19,CNN,16,1.0685549974441528
2024-07-19,CNN,17,1.064428448677063
2024-07-19,CNN,18,1.0605747699737549
2024-07-19,CNN,19,1.0569443702697754
2024-07-19,CNN,20,1.0535459518432617
2024-07-19,CNN,21,1.0503209829330444
2024-07-19,CNN,22,1.047274112701416
2024-07-19,CNN,23,1.0444698333740234
2024-07-19,CNN,24,1.0418461561203003
2024-07-19,CNN,25,1.039382815361023
2024-07-19,CNN,26,1.0370689630508423
2024-07-19,CNN,27,1.0348891019821167
2024-07-19,CNN,28,1.03285813331604
2024-07-19,CNN,29,1.0309182405471802
2024-07-19,CNN,30,1.029080867767334
2024-07-19,CNN,31,1.0273429155349731
2024-07-19,CNN,32,1.0257292985916138
2024-07-19,CNN,33,1.0241954326629639
2024-07-19,CNN,34,1.0227347612380981
2024-07-19,CNN,35,1.0213276147842407
2024-07-19,CNN,36,1.0199682712554932
2024-07-19,CNN,37,1.0186699628829956
2024-07-19,CNN,38,1.0174307823181152
2024-07-19,CNN,39,1.0162391662597656
2024-07-19,CNN,40,1.01510488986969
2024-07-19,CNN,41,1.0140150785446167
2024-07-19,CNN,42,1.012963056564331
2024-07-19,CNN,43,1.0119603872299194
2024-07-19,CNN,44,1.0109938383102417
2024-07-19,CNN,45,1.0100457668304443
2024-07-19,CNN,46,1.0091232061386108
2024-07-19,CNN,47,1.0082170963287354
2024-07-19,CNN,48,1.0073132514953613
2024-07-19,CNN,49,1.006438970565796
2024-07-19,CNN,50,1.0055738687515259
2024-07-19,CNN,51,1.0047115087509155
2024-07-19,CNN,52,1.0038591623306274
2024-07-19,CNN,53,1.0030173063278198
2024-07-19,CNN,54,1.0021867752075195
2024-07-19,CNN,55,1.0013644695281982
2024-07-19,CNN,56,1.000558853149414
2024-07-19,CNN,57,0.9997602701187134
2024-07-19,CNN,58,0.9989910125732422
2024-07-19,CNN,59,0.9982317090034485
2024-07-19,CNN,60,0.9975019097328186
2024-07-19,CNN,61,0.9967964291572571
2024-07-19,CNN,62,0.9960904717445374
2024-07-19,CNN,63,0.9953798651695251
2024-07-19,CNN,64,0.9946682453155518
2024-07-19,CNN,65,0.9939591288566589
2024-07-19,CNN,66,0.9932420253753662
2024-07-19,CNN,67,0.9925204515457153
2024-07-19,CNN,68,0.9917911291122437
2024-07-19,CNN,69,0.9910513758659363
2024-07-19,CNN,70,0.9903126358985901
2024-07-19,CNN,71,0.9895818829536438
2024-07-19,CNN,72,0.9888638854026794
2024-07-19,CNN,73,0.9881451725959778
2024-07-19,CNN,74,0.9874362349510193
2024-07-19,CNN,75,0.9867278337478638
2024-07-19,CNN,76,0.9860185980796814
2024-07-19,CNN,77,0.9853030443191528
2024-07-19,CNN,78,0.9845850467681885
2024-07-19,CNN,79,0.9838724136352539
2024-07-19,CNN,80,0.9831704497337341
2024-08-16,LSTM,1,1.0198405981063843
2024-08-16,LSTM,2,1.0187443494796753
2024-08-16,LSTM,3,1.0176711082458496
2024-08-16,LSTM,4,1.0166244506835938
2024-08-16,LSTM,5,1.0156041383743286
2024-08-16,LSTM,6,1.0146088600158691
2024-08-16,LSTM,7,1.0136367082595825
2024-08-16,LSTM,8,1.012686014175415
2024-08-16,LSTM,9,1.0117558240890503
2024-08-16,LSTM,10,1.0108455419540405
2024-08-16,LSTM,11,1.0099549293518066
2024-08-16,LSTM,12,1.0090839862823486
2024-08-16,LSTM,13,1.0082324743270874
2024-08-16,LSTM,14,1.0073999166488647
2024-08-16,LSTM,15,1.0065860748291016
2024-08-16,LSTM,16,1.0057905912399292
2024-08-16,LSTM,17,1.0050127506256104
2024-08-16,LSTM,18,1.004252314567566
2024-08-16,LSTM,19,1.0035086870193481
2024-08-16,LSTM,20,1.0027811527252197
2024-08-16,LSTM,21,1.0020694732666016
2024-08-16,LSTM,22,1.0013728141784668
2024-08-16,LSTM,23,1.0006906986236572
2024-08-16,LSTM,24,1.0000226497650146
2024-08-16,LSTM,25,0.9993677139282227
2024-08-16,LSTM,26,0.9987254738807678
2024-08-16,LSTM,27,0.9980952143669128
2024-08-16,LSTM,28,0.9974761009216309
2024-08-16,LSTM,29,0.9968674778938293
2024-08-16,LSTM,30,0.9962687492370605
2024-08-16,LSTM,31,0.9956790208816528
2024-08-16,LSTM,32,0.9950975775718689
2024-08-16,LSTM,33,0.9945236444473267
2024-08-16,LSTM,34,0.9939571619033813
2024-08-16,LSTM,35,0.9933965802192688
2024-08-16,LSTM,36,0.9928417205810547
2024-08-16,LSTM,37,0.9922916293144226
2024-08-16,LSTM,38,0.9917458295822144
2024-08-16,LSTM,39,0.9912033677101135
2024-08-16,LSTM,40,0.9906638860702515
2024-08-16,LSTM,41,0.990126371383667
2024-08-16,LSTM,42,0.9895903468132019
2024-08-16,LSTM,43,0.9890550971031189
2024-08-16,LSTM,44,0.9885197877883911
2024-08-16,LSTM,45,0.9879840016365051
2024-08-16,LSTM,46,0.9874469637870789
2024-08-16,LSTM,47,0.9869077801704407
2024-08-16,LSTM,48,0.9863661527633667
2024-08-16,LSTM,49,0.9858213663101196
2024-08-16,LSTM,50,0.9852728247642517
2024-08-16,LSTM,51,0.9847196936607361
2024-08-16,LSTM,52,0.9841614365577698
2024-08-16,LSTM,53,0.9835978150367737
2024-08-16,LSTM,54,0.9830278158187866
2024-08-16,LSTM,55,0.9824511408805847
2024-08-16,LSTM,56,0.9818673133850098
2024-08-16,LSTM,57,0.9812759160995483
2024-08-16,LSTM,58,0.9806763529777527
2024-08-16,LSTM,59,0.9800681471824646
2024-08-16,LSTM,60,0.9794511795043945
2024-08-16,LSTM,61,0.9788249135017395
2024-08-16,LSTM,62,0.9781889915466309
2024-08-16,LSTM,63,0.9775431156158447
2024-08-16,LSTM,64,0.9768869280815125
2024-08-16,LSTM,65,0.9762199521064758
2024-08-16,LSTM,66,0.9755420684814453
2024-08-16,LSTM,67,0.9748526215553284
2024-08-16,LSTM,68,0.9741512537002563
2024-08-16,LSTM,69,0.9734376072883606
2024-08-16,LSTM,70,0.9727110266685486
2024-08-16,LSTM,71,0.971971333026886
2024-08-16,LSTM,72,0.971217930316925
2024-08-16,LSTM,73,0.9704503417015076
2024-08-16,LSTM,74,0.969668447971344
2024-08-16,LSTM,75,0.9688717722892761
2024-08-16,LSTM,76,0.9680601954460144
2024-08-16,LSTM,77,0.9672335386276245
2024-08-16,LSTM,78,0.9663918018341064
2024-08-16,LSTM,79,0.965535044670105
2024-08-16,LSTM,80,0.9646631479263306
2024-08-16,CNN,1,1.1722915172576904
2024-08-16,CNN,2,1.163111686706543
2024-08-16,CNN,3,1.154241919517517
2024-08-16,CNN,4,1.1457140445709229
2024-08-16,CNN,5,1.1375622749328613
2024-08-16,CNN,6,1.129749059677124
2024-08-16,CNN,7,1.1223191022872925
2024-08-16,CNN,8,1.1151783466339111
2024-08-16,CNN,9,1.108418583869934
2024-08-16,CNN,10,1.101955771446228
2024-08-16,CNN,11,1.0958133935928345
2024-08-16,CNN,12,1.0900776386260986
2024-08-16,CNN,13,1.0847067832946777
2024-08-16,CNN,14,1.0797030925750732
2024-08-16,CNN,15,1.0749231576919556
2024-08-16,CNN,16,1.0703715085983276
2024-08-16,CNN,17,1.0661561489105225
2024-08-16,CNN,18,1.0621798038482666
2024-08-16,CNN,19,1.0584272146224976
2024-08-16,CNN,20,1.0549139976501465
2024-08-16,CNN,21,1.0515841245651245
2024-08-16,CNN,22,1.048439383506775
2024-08-16,CNN,23,1.0455065965652466
2024-08-16,CNN,24,1.0427933931350708
2024-08-16,CNN,25,1.0402119159698486
2024-08-16,CNN,26,1.0377730131149292
2024-08-16,CNN,27,1.035474419593811
2024-08-16,CNN,28,1.0333106517791748
2024-08-16,CNN,29,1.0312966108322144
2024-08-16,CNN,30,1.0294018983840942
2024-08-16,CNN,31,1.027600646018982
2024-08-16,CNN,32,1.0259039402008057
2024-08-16,CNN,33,1.0243053436279297
2024-08-16,CNN,34,1.0227577686309814
2024-08-16,CNN,35,1.021261215209961
2024-08-16,CNN,36,1.0198144912719727
2024-08-16,CNN,37,1.0184084177017212
2024-08-16,CNN,38,1.017093539237976
2024-08-16,CNN,39,1.0158264636993408
2024-08-16,CNN,40,1.0146033763885498
2024-08-16,CNN,41,1.0133939981460571
2024-08-16,CNN,42,1.0122278928756714
2024-08-16,CNN,43,1.0111051797866821
2024-08-16,CNN,44,1.0100245475769043
2024-08-16,CNN,45,1.0089588165283203
2024-08-16,CNN,46,1.0079126358032227
2024-08-16,CNN,47,1.006853699684143
2024-08-16,CNN,48,1.0057735443115234
2024-08-16,CNN,49,1.0046979188919067
2024-08-16,CNN,50,1.0036512613296509
2024-08-16,CNN,51,1.00260591506958
2024-08-16,CNN,52,1.0016010999679565
2024-08-16,CNN,53,1.000634789466858
2024-08-16,CNN,54,0.999664306640625
2024-08-16,CNN,55,0.9986881017684937
2024-08-16,CNN,56,0.9977477788925171
2024-08-16,CNN,57,0.9968299269676208
2024-08-16,CNN,58,0.9959140419960022
2024-08-16,CNN,59,0.9950034618377686
2024-08-16,CNN,60,0.9940898418426514
2024-08-16,CNN,61,0.9931638836860657
2024-08-16,CNN,62,0.9922272562980652
2024-08-16,CNN,63,0.9912876486778259
2024-08-16,CNN,64,0.9903594851493835
2024-08-16,CNN,65,0.9894389510154724
2024-08-16,CNN,66,0.9885241389274597
2024-08-16,CNN,67,0.9876235723495483
2024-08-16,CNN,68,0.9867156744003296
2024-08-16,CNN,69,0.9858061671257019
2024-08-16,CNN,70,0.9849100112915039
2024-08-16,CNN,71,0.984013557434082
2024-08-16,CNN,72,0.9831165671348572
2024-08-16,CNN,73,0.9822254776954651
2024-08-16,CNN,74,0.9813473224639893
2024-08-16,CNN,75,0.9804773330688477
2024-08-16,CNN,76,0.9795785546302795
2024-08-16,CNN,77,0.9786652326583862
2024-08-16,CNN,78,0.97776198387146
2024-08-16,CNN,79,0.9768635630607605
2024-08-16,CNN,80,0.9759643077850342
2024-09-13,LSTM,1,1.0197534561157227
2024-09-13,LSTM,2,1.0186467170715332
2024-09-13,LSTM,3,1.0175679922103882
2024-09-13,LSTM,4,1.0165168046951294
2024-09-13,LSTM,5,1.0154908895492554
2024-09-13,LSTM,6,1.0144891738891602
2024-09-13,LSTM,7,1.0135109424591064
2024-09-13,LSTM,8,1.0125550031661987
2024-09-13,LSTM,9,1.0116206407546997
2024-09-13,LSTM,10,1.010706901550293
2024-09-13,LSTM,11,1.0098133087158203
2024-09-13,LSTM,12,1.008939504623413
2024-09-13,LSTM,13,1.0080853700637817
2024-09-13,LSTM,14,1.007250189781189
2024-09-13,LSTM,15,1.0064339637756348
2024-09-13,LSTM,16,1.00563645362854
2024-09-13,LSTM,17,1.0048565864562988
2024-09-13,LSTM,18,1.0040944814682007
2024-09-13,LSTM,19,1.0033493041992188
2024-09-13,LSTM,20,1.0026203393936157
2024-09-13,LSTM,21,1.0019075870513916
2024-09-13,LSTM,22,1.0012098550796509
2024-09-13,LSTM,23,1.0005269050598145
2024-09-13,LSTM,24,0.9998579621315002
2024-09-13,LSTM,25,0.99920254945755
2024-09-13,LSTM,26,0.9985595941543579
2024-09-13,LSTM,27,0.9979288578033447
2024-09-13,LSTM,28,0.9973092079162598
2024-09-13,LSTM,29,0.9967002868652344
2024-09-13,LSTM,30,0.9961012005805969
2024-09-13,LSTM,31,0.9955112934112549
2024-09-13,LSTM,32,0.9949299097061157
2024-09-13,LSTM,33,0.9943563938140869
2024-09-13,LSTM,34,0.9937899708747864
2024-09-13,LSTM,35,0.9932296872138977
2024-09-13,LSTM,36,0.9926751852035522
2024-09-13,LSTM,37,0.992125391960144
2024-09-13,LSTM,38,0.9915803074836731
2024-09-13,LSTM,39,0.9910385012626648
2024-09-13,LSTM,40,0.99049973487854
2024-09-13,LSTM,41,0.989963173866272
2024-09-13,LSTM,42,0.9894282221794128
2024-09-13,LSTM,43,0.9888941049575806
2024-09-13,LSTM,44,0.9883602261543274
2024-09-13,LSTM,45,0.987825870513916
2024-09-13,LSTM,46,0.9872903227806091
2024-09-13,LSTM,47,0.9867532253265381
2024-09-13,LSTM,48,0.9862135052680969
2024-09-13,LSTM,49,0.9856707453727722
2024-09-13,LSTM,50,0.9851241707801819
2024-09-13,LSTM,51,0.9845731258392334
2024-09-13,LSTM,52,0.9840171933174133
2024-09-13,LSTM,53,0.9834555983543396
2024-09-13,LSTM,54,0.9828876256942749
2024-09-13,LSTM,55,0.9823128581047058
2024-09-13,LSTM,56,0.9817307591438293
2024-09-13,LSTM,57,0.9811407923698425
2024-09-13,LSTM,58,0.9805423617362976
2024-09-13,LSTM,59,0.9799349308013916
2024-09-13,LSTM,60,0.9793182015419006
2024-09-13,LSTM,61,0.9786919355392456
2024-09-13,LSTM,62,0.9780554175376892
2024-09-13,LSTM,63,0.9774082899093628
2024-09-13,LSTM,64,0.9767504930496216
2024-09-13,LSTM,65,0.9760814905166626
2024-09-13,LSTM,66,0.975400984287262
2024-09-13,LSTM,67,0.9747083187103271
2024-09-13,LSTM,68,0.9740036725997925
2024-09-13,LSTM,69,0.973286509513855
2024-09-13,LSTM,70,0.9725561141967773
2024-09-13,LSTM,71,0.97181236743927
2024-09-13,LSTM,72,0.9710546135902405
2024-09-13,LSTM,73,0.970282793045044
2024-09-13,LSTM,74,0.9694962501525879
2024-09-13,LSTM,75,0.9686947464942932
2024-09-13,LSTM,76,0.9678782224655151
2024-09-13,LSTM,77,0.9670460820198059
2024-09-13,LSTM,78,0.9661984443664551
2024-09-13,LSTM,79,0.9653352499008179
2024-09-13,LSTM,80,0.9644564390182495
2024-09-13,CNN,1,1.1736880540847778
2024-09-13,CNN,2,1.1644649505615234
2024-09-13,CNN,3,1.1555492877960205
2024-09-13,CNN,4,1.1469652652740479
2024-09-13,CNN,5,1.1387670040130615
2024-09-13,CNN,6,1.1309092044830322
2024-09-13,CNN,7,1.123423457145691
2024-09-13,CNN,8,1.1162575483322144
2024-09-13,CNN,9,1.109471082687378
2024-09-13,CNN,10,1.1029788255691528
2024-09-13,CNN,11,1.0968056917190552
2024-09-13,CNN,12,1.091026782989502
2024-09-13,CNN,13,1.0856250524520874
2024-09-13,CNN,14,1.0805964469909668
2024-09-13,CNN,15,1.0758090019226074
2024-09-13,CNN,16,1.0712337493896484
2024-09-13,CNN,17,1.0670015811920166
2024-09-13,CNN,18,1.0629948377609253
2024-09-13,CNN,19,1.0591957569122314
2024-09-13,CNN,20,1.0556693077087402
2024-09-13,CNN,21,1.052339792251587
2024-09-13,CNN,22,1.0491907596588135
2024-09-13,CNN,23,1.0462535619735718
2024-09-13,CNN,24,1.0435303449630737
2024-09-13,CNN,25,1.0409579277038574
2024-09-13,CNN,26,1.0385199785232544
2024-09-13,CNN,27,1.0362122058868408
2024-09-13,CNN,28,1.0340187549591064
2024-09-13,CNN,29,1.0319339036941528
2024-09-13,CNN,30,1.0299679040908813
2024-09-13,CNN,31,1.0281031131744385
2024-09-13,CNN,32,1.0263543128967285
2024-09-13,CNN,33,1.0247077941894531
2024-09-13,CNN,34,1.0231581926345825
2024-09-13,CNN,35,1.0216437578201294
2024-09-13,CNN,36,1.0201681852340698
2024-09-13,CNN,37,1.018775224685669
2024-09-13,CNN,38,1.0174500942230225
2024-09-13,CNN,39,1.0161793231964111
2024-09-13,CNN,40,1.0149415731430054
2024-09-13,CNN,41,1.0137227773666382
2024-09-13,CNN,42,1.0125519037246704
2024-09-13,CNN,43,1.011413335800171
2024-09-13,CNN,44,1.0103155374526978
2024-09-13,CNN,45,1.0092267990112305
2024-09-13,CNN,46,1.0081560611724854
2024-09-13,CNN,47,1.0070515871047974
2024-09-13,CNN,48,1.0059595108032227
2024-09-13,CNN,49,1.0048919916152954
2024-09-13,CNN,50,1.003846526145935
2024-09-13,CNN,51,1.002850890159607
2024-09-13,CNN,52,1.001848578453064
2024-09-13,CNN,53,1.0008395910263062
2024-09-13,CNN,54,0.9998427033424377
2024-09-13,CNN,55,0.9988735914230347
2024-09-13,CNN,56,0.9979267120361328
2024-09-13,CNN,57,0.9969853758811951
2024-09-13,CNN,58,0.9960690140724182
2024-09-13,CNN,59,0.995150089263916
2024-09-13,CNN,60,0.9942216277122498
2024-09-13,CNN,61,0.9932922720909119
2024-09-13,CNN,62,0.9923532009124756
2024-09-13,CNN,63,0.9914340972900391
2024-09-13,CNN,64,0.9905095100402832
2024-09-13,CNN,65,0.9895743727684021
2024-09-13,CNN,66,0.9886464476585388
2024-09-13,CNN,67,0.9877564311027527
2024-09-13,CNN,68,0.9868600964546204
2024-09-13,CNN,69,0.985965371131897
2024-09-13,CNN,70,0.9850755929946899
2024-09-13,CNN,71,0.9841970205307007
2024-09-13,CNN,72,0.9833150506019592
2024-09-13,CNN,73,0.9824210405349731
2024-09-13,CNN,74,0.9815231561660767
2024-09-13,CNN,75,0.98065584897995
2024-09-13,CNN,76,0.9797759056091309
2024-09-13,CNN,77,0.9788907170295715
2024-09-13,CNN,78,0.9780051112174988
2024-09-13,CNN,79,0.9771129488945007
2024-09-13,CNN,80,0.9762523174285889
2024-10-11,LSTM,1,1.0199685096740723
2024-10-11,LSTM,2,1.0188666582107544
2024-10-11,LSTM,3,1.0177878141403198
2024-10-11,LSTM,4,1.0167351961135864
2024-10-11,LSTM,5,1.0157078504562378
2024-10-11,LSTM,6,1.0147038698196411
2024-10-11,LSTM,7,1.0137234926223755
2024-10-11,LSTM,8,1.0127654075622559
2024-10-11,LSTM,9,1.0118293762207031
2024-10-11,LSTM,10,1.010914921760559
2024-10-11,LSTM,11,1.010021448135376
2024-10-11,LSTM,12,1.0091485977172852
2024-10-11,LSTM,13,1.008296012878418
2024-10-11,LSTM,14,1.0074633359909058
2024-10-11,LSTM,15,1.0066498517990112
2024-10-11,LSTM,16,1.0058553218841553
2024-10-11,LSTM,17,1.0050791501998901
2024-10-11,LSTM,18,1.004320740699768
2024-10-11,LSTM,19,1.0035797357559204
2024-10-11,LSTM,20,1.0028551816940308
2024-10-11,LSTM,21,1.002146601676941
2024-10-11,LSTM,22,1.0014535188674927
2024-10-11,LSTM,23,1.0007750988006592
2024-10-11,LSTM,24,1.0001108646392822
2024-10-11,LSTM,25,0.9994600415229797
2024-10-11,LSTM,26,0.9988220930099487
2024-10-11,LSTM,27,0.9981962442398071
2024-10-11,LSTM,28,0.9975817799568176
2024-10-11,LSTM,29,0.9969781637191772
2024-10-11,LSTM,30,0.9963845014572144
2024-10-11,LSTM,31,0.9958001971244812
2024-10-11,LSTM,32,0.99522465467453
2024-10-11,LSTM,33,0.9946572184562683
2024-10-11,LSTM,34,0.9940970540046692
2024-10-11,LSTM,35,0.9935436844825745
2024-10-11,LSTM,36,0.9929962158203125
2024-10-11,LSTM,37,0.9924541115760803
2024-10-11,LSTM,38,0.9919167757034302
2024-10-11,LSTM,39,0.9913836121559143
2024-10-11,LSTM,40,0.9908537268638611
2024-10-11,LSTM,41,0.9903267621994019
2024-10-11,LSTM,42,0.9898018836975098
2024-10-11,LSTM,43,0.9892784953117371
2024-10-11,LSTM,44,0.9887559413909912
2024-10-11,LSTM,45,0.9882336854934692
2024-10-11,LSTM,46,0.9877108931541443
2024-10-11,LSTM,47,0.9871870279312134
2024-10-11,LSTM,48,0.986661434173584
2024-10-11,LSTM,49,0.9861333966255188
2024-10-11,LSTM,50,0.9856022000312805
2024-10-11,LSTM,51,0.9850672483444214
2024-10-11,LSTM,52,0.9845278859138489
2024-10-11,LSTM,53,0.9839833974838257
2024-10-11,LSTM,54,0.9834333062171936
2024-10-11,LSTM,55,0.9828767776489258
2024-10-11,LSTM,56,0.9823132157325745
2024-10-11,LSTM,57,0.9817421436309814
2024-10-11,LSTM,58,0.981162965297699
2024-10-11,LSTM,59,0.9805750250816345
2024-10-11,LSTM,60,0.979978084564209
2024-10-11,LSTM,61,0.9793713092803955
2024-10-11,LSTM,62,0.978754460811615
2024-10-11,LSTM,63,0.978127121925354
2024-10-11,LSTM,64,0.9774888753890991
2024-10-11,LSTM,65,0.9768392443656921
2024-10-11,LSTM,66,0.9761781692504883
2024-10-11,LSTM,67,0.9755050539970398
2024-10-11,LSTM,68,0.9748197197914124
2024-10-11,LSTM,69,0.9741216897964478
2024-10-11,LSTM,70,0.9734107851982117
2024-10-11,LSTM,71,0.9726865291595459
2024-10-11,LSTM,72,0.9719484448432922
2024-10-11,LSTM,73,0.9711964130401611
2024-10-11,LSTM,74,0.9704300165176392
2024-10-11,LSTM,75,0.9696485996246338
2024-10-11,LSTM,76,0.9688519835472107
2024-10-11,LSTM,77,0.9680399894714355
2024-10-11,LSTM,78,0.9672125577926636
2024-10-11,LSTM,79,0.9663691520690918
2024-10-11,LSTM,80,0.9655103087425232
2024-10-11,CNN,1,1.1745413541793823
2024-10-11,CNN,2,1.1653125286102295
2024-10-11,CNN,3,1.1563804149627686
2024-10-11,CNN,4,1.1477760076522827
2024-10-11,CNN,5,1.1395502090454102
2024-10-11,CNN,6,1.1316806077957153
2024-10-11,CNN,7,1.1241750717163086
2024-10-11,CNN,8,1.1169923543930054
2024-10-11,CNN,9,1.11020028591156
2024-10-11,CNN,10,1.1036869287490845
2024-10-11,CNN,11,1.0975251197814941
2024-10-11,CNN,12,1.0917290449142456
2024-10-11,CNN,13,1.0863155126571655
2024-10-11,CNN,14,1.081278681755066
2024-10-11,CNN,15,1.076485514640808
2024-10-11,CNN,16,1.0718923807144165
2024-10-11,CNN,17,1.0676443576812744
2024-10-11,CNN,18,1.063610315322876
2024-10-11,CNN,19,1.0598104000091553
2024-10-11,CNN,20,1.0562642812728882
2024-10-11,CNN,21,1.0529201030731201
2024-10-11,CNN,22,1.0497545003890991
2024-10-11,CNN,23,1.0468113422393799
2024-10-11,CNN,24,1.0440771579742432
2024-10-11,CNN,25,1.041482925415039
2024-10-11,CNN,26,1.0390188694000244
2024-10-11,CNN,27,1.036712408065796
2024-10-11,CNN,28,1.0344979763031006
2024-10-11,CNN,29,1.0323904752731323
2024-10-11,CNN,30,1.0304087400436401
2024-10-11,CNN,31,1.02852201461792
2024-10-11,CNN,32,1.026794672012329
2024-10-11,CNN,33,1.0251468420028687
2024-10-11,CNN,34,1.0235685110092163
2024-10-11,CNN,35,1.0220324993133545
2024-10-11,CNN,36,1.0205572843551636
2024-10-11,CNN,37,1.019159197807312
2024-10-11,CNN,38,1.0178526639938354
2024-10-11,CNN,39,1.016570806503296
2024-10-11,CNN,40,1.015320062637329
2024-10-11,CNN,41,1.0140917301177979
2024-10-11,CNN,42,1.0128954648971558
2024-10-11,CNN,43,1.011729121208191
2024-10-11,CNN,44,1.0106199979782104
2024-10-11,CNN,45,1.0095288753509521
2024-10-11,CNN,46,1.0084367990493774
2024-10-11,CNN,47,1.0073654651641846
2024-10-11,CNN,48,1.0062519311904907
2024-10-11,CNN,49,1.0051493644714355
2024-10-11,CNN,50,1.0040751695632935
2024-10-11,CNN,51,1.003058910369873
2024-10-11,CNN,52,1.0020551681518555
2024-10-11,CNN,53,1.0010462999343872
2024-10-11,CNN,54,1.0000356435775757
2024-10-11,CNN,55,0.9990408420562744
2024-10-11,CNN,56,0.9980782866477966
2024-10-11,CNN,57,0.9971259832382202
2024-10-11,CNN,58,0.9961905479431152
2024-10-11,CNN,59,0.9952605366706848
2024-10-11,CNN,60,0.9943347573280334
2024-10-11,CNN,61,0.9933832883834839
2024-10-11,CNN,62,0.9924566149711609
2024-10-11,CNN,63,0.9915304780006409
2024-10-11,CNN,64,0.9906015992164612
2024-10-11,CNN,65,0.9896706342697144
2024-10-11,CNN,66,0.9887285232543945
2024-10-11,CNN,67,0.9878124594688416
2024-10-11,CNN,68,0.9869146943092346
2024-10-11,CNN,69,0.9860181212425232
2024-10-11,CNN,70,0.9851159453392029
2024-10-11,CNN,71,0.9842241406440735
2024-10-11,CNN,72,0.9833204746246338
2024-10-11,CNN,73,0.9824188947677612
2024-10-11,CNN,74,0.9815195202827454
2024-10-11,CNN,75,0.9806293845176697
2024-10-11,CNN,76,0.9797461032867432
2024-10-11,CNN,77,0.978872537612915
2024-10-11,CNN,78,0.9779967665672302
2024-10-11,CNN,79,0.9771201610565186
2024-10-11,CNN,80,0.9762586951255798
2024-11-08,LSTM,1,1.0201141834259033
2024-11-08,LSTM,2,1.0190109014511108
2024-11-08,LSTM,3,1.017940640449524
2024-11-08,LSTM,4,1.0168960094451904
2024-11-08,LSTM,5,1.015874981880188
2024-11-08,LSTM,6,1.0148762464523315
2024-11-08,LSTM,7,1.013899564743042
2024-11-08,LSTM,8,1.0129441022872925
2024-11-08,LSTM,9,1.012009859085083
2024-11-08,LSTM,10,1.011096477508545
2024-11-08,LSTM,11,1.0102038383483887
2024-11-08,LSTM,12,1.0093315839767456
2024-11-08,LSTM,13,1.0084797143936157
2024-11-08,LSTM,14,1.0076476335525513
2024-11-08,LSTM,15,1.0068351030349731
2024-11-08,LSTM,16,1.006041407585144
2024-11-08,LSTM,17,1.0052658319473267
2024-11-08,LSTM,18,1.004508137702942
2024-11-08,LSTM,19,1.003767490386963
2024-11-08,LSTM,20,1.003043293952942
2024-11-08,LSTM,21,1.0023349523544312
2024-11-08,LSTM,22,1.0016417503356934
2024-11-08,LSTM,23,1.0009630918502808
2024-11-08,LSTM,24,1.0002985000610352
2024-11-08,LSTM,25,0.9996470808982849
2024-11-08,LSTM,26,0.9990081787109375
2024-11-08,LSTM,27,0.9983813762664795
2024-11-08,LSTM,28,0.9977658987045288
2024-11-08,LSTM,29,0.9971609115600586
2024-11-08,LSTM,30,0.9965659976005554
2024-11-08,LSTM,31,0.9959800839424133
2024-11-08,LSTM,32,0.9954028129577637
2024-11-08,LSTM,33,0.9948335289955139
2024-11-08,LSTM,34,0.9942715764045715
2024-11-08,LSTM,35,0.9937161803245544
2024-11-08,LSTM,36,0.9931668639183044
2024-11-08,LSTM,37,0.9926229119300842
2024-11-08,LSTM,38,0.9920836687088013
2024-11-08,LSTM,39,0.9915486574172974
2024-11-08,LSTM,40,0.9910169839859009
2024-11-08,LSTM,41,0.9904882907867432
2024-11-08,LSTM,42,0.9899618029594421
2024-11-08,LSTM,43,0.98943692445755
2024-11-08,LSTM,44,0.9889129996299744
2024-11-08,LSTM,45,0.9883893728256226
2024-11-08,LSTM,46,0.9878653287887573
2024-11-08,LSTM,47,0.9873403310775757
2024-11-08,LSTM,48,0.9868136048316956
2024-11-08,LSTM,49,0.9862845540046692
2024-11-08,LSTM,50,0.9857524037361145
2024-11-08,LSTM,51,0.9852164387702942
2024-11-08,LSTM,52,0.9846763610839844
2024-11-08,LSTM,53,0.9841310381889343
2024-11-08,LSTM,54,0.9835802912712097
2024-11-08,LSTM,55,0.983022928237915
2024-11-08,LSTM,56,0.9824588894844055
2024-11-08,LSTM,57,0.9818873405456543
2024-11-08,LSTM,58,0.9813076853752136
2024-11-08,LSTM,59,0.9807194471359253
2024-11-08,LSTM,60,0.9801221489906311
2024-11-08,LSTM,61,0.9795152544975281
2024-11-08,LSTM,62,0.9788985848426819
2024-11-08,LSTM,63,0.9782711863517761
2024-11-08,LSTM,64,0.9776332378387451
2024-11-08,LSTM,65,0.9769840240478516
2024-11-08,LSTM,66,0.9763233065605164
2024-11-08,LSTM,67,0.9756507873535156
2024-11-08,LSTM,68,0.9749659895896912
2024-11-08,LSTM,69,0.9742686152458191
2024-11-08,LSTM,70,0.973558247089386
2024-11-08,LSTM,71,0.9728345274925232
2024-11-08,LSTM,72,0.9720970988273621
2024-11-08,LSTM,73,0.9713453650474548
2024-11-08,LSTM,74,0.9705792665481567
2024-11-08,LSTM,75,0.9697982668876648
2024-11-08,LSTM,76,0.9690020680427551
2024-11-08,LSTM,77,0.9681904315948486
2024-11-08,LSTM,78,0.9673630595207214
2024-11-08,LSTM,79,0.966520369052887
2024-11-08,LSTM,80,0.965661883354187
2024-11-08,CNN,1,1.1754502058029175
2024-11-08,CNN,2,1.1662240028381348
2024-11-08,CNN,3,1.1572847366333008
2024-11-08,CNN,4,1.1486685276031494
2024-11-08,CNN,5,1.1404308080673218
2024-11-08,CNN,6,1.1325466632843018
2024-11-08,CNN,7,1.12502121925354
2024-11-08,CNN,8,1.1178209781646729
2024-11-08,CNN,9,1.1110100746154785
2024-11-08,CNN,10,1.1044880151748657
2024-11-08,CNN,11,1.0983232259750366
2024-11-08,CNN,12,1.0924999713897705
2024-11-08,CNN,13,1.0870651006698608
2024-11-08,CNN,14,1.0820138454437256
2024-11-08,CNN,15,1.0771983861923218
2024-11-08,CNN,16,1.0725884437561035
2024-11-08,CNN,17,1.068306565284729
2024-11-08,CNN,18,1.0642614364624023
2024-11-08,CNN,19,1.0604554414749146
2024-11-08,CNN,20,1.056899905204773
2024-11-08,CNN,21,1.0535459518432617
2024-11-08,CNN,22,1.0503721237182617
2024-11-08,CNN,23,1.0474309921264648
2024-11-08,CNN,24,1.0446867942810059
2024-11-08,CNN,25,1.042075514793396
2024-11-08,CNN,26,1.0395814180374146
2024-11-08,CNN,27,1.0372346639633179
2024-11-08,CNN,28,1.035003423690796
2024-11-08,CNN,29,1.0328866243362427
2024-11-08,CNN,30,1.0308732986450195
2024-11-08,CNN,31,1.0289636850357056
2024-11-08,CNN,32,1.0271670818328857
2024-11-08,CNN,33,1.025477409362793
2024-11-08,CNN,34,1.0238840579986572
2024-11-08,CNN,35,1.022338628768921
2024-11-08,CNN,36,1.020878553390503
2024-11-08,CNN,37,1.0194907188415527
2024-11-08,CNN,38,1.0181732177734375
2024-11-08,CNN,39,1.016869068145752
2024-11-08,CNN,40,1.0156073570251465
2024-11-08,CNN,41,1.0143802165985107
2024-11-08,CNN,42,1.0131845474243164
2024-11-08,CNN,43,1.0120224952697754
2024-11-08,CNN,44,1.0109176635742188
2024-11-08,CNN,45,1.0098283290863037
2024-11-08,CNN,46,1.0087330341339111
2024-11-08,CNN,47,1.007654070854187
2024-11-08,CNN,48,1.0065556764602661
2024-11-08,CNN,49,1.0054484605789185
2024-11-08,CNN,50,1.0043628215789795
2024-11-08,CNN,51,1.0033138990402222
2024-11-08,CNN,52,1.0022966861724854
2024-11-08,CNN,53,1.0012747049331665
2024-11-08,CNN,54,1.0002450942993164
2024-11-08,CNN,55,0.9992533326148987
2024-11-08,CNN,56,0.9983177185058594
2024-11-08,CNN,57,0.9973841309547424
2024-11-08,CNN,58,0.9964638352394104
2024-11-08,CNN,59,0.995522677898407
2024-11-08,CNN,60,0.9945669174194336
2024-11-08,CNN,61,0.9936029314994812
2024-11-08,CNN,62,0.9926823973655701
2024-11-08,CNN,63,0.9917615056037903
2024-11-08,CNN,64,0.9908500909805298
2024-11-08,CNN,65,0.9899246096611023
2024-11-08,CNN,66,0.9889910221099854
2024-11-08,CNN,67,0.9880725741386414
2024-11-08,CNN,68,0.9871528148651123
2024-11-08,CNN,69,0.9862390160560608
2024-11-08,CNN,70,0.9853209853172302
2024-11-08,CNN,71,0.9844082593917847
2024-11-08,CNN,72,0.9835010170936584
2024-11-08,CNN,73,0.9826104044914246
2024-11-08,CNN,74,0.9817114472389221
2024-11-08,CNN,75,0.9808082580566406
2024-11-08,CNN,76,0.979902446269989
2024-11-08,CNN,77,0.9790118336677551
2024-11-08,CNN,78,0.9781257510185242
2024-11-08,CNN,79,0.9772553443908691
2024-11-08,CNN,80,0.9764005541801453
2024-12-06,LSTM,1,1.0203301906585693
2024-12-06,LSTM,2,1.0192384719848633
2024-12-06,LSTM,3,1.0181713104248047
2024-12-06,LSTM,4,1.0171291828155518
2024-12-06,LSTM,5,1.0161097049713135
2024-12-06,LSTM,6,1.0151124000549316
2024-12-06,LSTM,7,1.0141364336013794
2024-12-06,LSTM,8,1.0131816864013672
2024-12-06,LSTM,9,1.0122475624084473
2024-12-06,LSTM,10,1.0113345384597778
2024-12-06,LSTM,11,1.0104420185089111
2024-12-06,LSTM,12,1.0095703601837158
2024-12-06,LSTM,13,1.0087188482284546
2024-12-06,LSTM,14,1.007887363433838
2024-12-06,LSTM,15,1.0070750713348389
2024-12-06,LSTM,16,1.0062816143035889
2024-12-06,LSTM,17,1.005506157875061
2024-12-06,LSTM,18,1.0047485828399658
2024-12-06,LSTM,19,1.0040078163146973
2024-12-06,LSTM,20,1.0032836198806763
2024-12-06,LSTM,21,1.002575397491455
2024-12-06,LSTM,22,1.0018823146820068
2024-12-06,LSTM,23,1.0012038946151733
2024-12-06,LSTM,24,1.0005398988723755
2024-12-06,LSTM,25,0.9998893737792969
2024-12-06,LSTM,26,0.9992517828941345
2024-12-06,LSTM,27,0.9986266493797302
2024-12-06,LSTM,28,0.9980131387710571
2024-12-06,LSTM,29,0.9974106550216675
2024-12-06,LSTM,30,0.9968185424804688
2024-12-06,LSTM,31,0.9962362051010132
2024-12-06,LSTM,32,0.9956632256507874
2024-12-06,LSTM,33,0.9950987696647644
2024-12-06,LSTM,34,0.9945423007011414
2024-12-06,LSTM,35,0.99399334192276
2024-12-06,LSTM,36,0.9934513568878174
2024-12-06,LSTM,37,0.9929156303405762
2024-12-06,LSTM,38,0.9923853874206543
2024-12-06,LSTM,39,0.9918602108955383
2024-12-06,LSTM,40,0.9913396835327148
2024-12-06,LSTM,41,0.990822970867157
2024-12-06,LSTM,42,0.990309476852417
2024-12-06,LSTM,43,0.9897984266281128
2024-12-06,LSTM,44,0.9892894625663757
2024-12-06,LSTM,45,0.9887818694114685
2024-12-06,LSTM,46,0.9882749915122986
2024-12-06,LSTM,47,0.9877679944038391
2024-12-06,LSTM,48,0.9872602820396423
2024-12-06,LSTM,49,0.9867511987686157
2024-12-06,LSTM,50,0.9862401485443115
2024-12-06,LSTM,51,0.9857264161109924
2024-12-06,LSTM,52,0.9852092862129211
2024-12-06,LSTM,53,0.9846879839897156
2024-12-06,LSTM,54,0.984161913394928
2024-12-06,LSTM,55,0.9836302399635315
2024-12-06,LSTM,56,0.9830925464630127
2024-12-06,LSTM,57,0.9825479388237
2024-12-06,LSTM,58,0.9819962382316589
2024-12-06,LSTM,59,0.9814361929893494
2024-12-06,LSTM,60,0.9808676242828369
2024-12-06,LSTM,61,0.9802898168563843
2024-12-06,LSTM,62,0.9797022938728333
2024-12-06,LSTM,63,0.9791048169136047
2024-12-06,LSTM,64,0.9784964323043823
2024-12-06,LSTM,65,0.977877140045166
2024-12-06,LSTM,66,0.9772464632987976
2024-12-06,LSTM,67,0.9766038656234741
2024-12-06,LSTM,68,0.9759491086006165
2024-12-06,LSTM,69,0.9752817749977112
2024-12-06,LSTM,70,0.9746015071868896
2024-12-06,LSTM,71,0.973908007144928
2024-12-06,LSTM,72,0.9732010364532471
2024-12-06,LSTM,73,0.9724799394607544
2024-12-06,LSTM,74,0.9717445969581604
2024-12-06,LSTM,75,0.9709944128990173
2024-12-06,LSTM,76,0.9702293276786804
2024-12-06,LSTM,77,0.9694486856460571
2024-12-06,LSTM,78,0.9686529040336609
2024-12-06,LSTM,79,0.9678412079811096
2024-12-06,LSTM,80,0.967013955116272
2024-12-06,CNN,1,1.175769329071045
2024-12-06,CNN,2,1.1665356159210205
2024-12-06,CNN,3,1.1575945615768433
2024-12-06,CNN,4,1.1489779949188232
2024-12-06,CNN,5,1.1407390832901
2024-12-06,CNN,6,1.1328399181365967
2024-12-06,CNN,7,1.1252802610397339
2024-12-06,CNN,8,1.1180633306503296
2024-12-06,CNN,9,1.1112353801727295
2024-12-06,CNN,10,1.1046833992004395
2024-12-06,CNN,11,1.0984874963760376
2024-12-06,CNN,12,1.0926505327224731
2024-12-06,CNN,13,1.0871895551681519
2024-12-06,CNN,14,1.0821200609207153
2024-12-06,CNN,15,1.0772767066955566
2024-12-06,CNN,16,1.0726615190505981
2024-12-06,CNN,17,1.0683696269989014
2024-12-06,CNN,18,1.0643086433410645
2024-12-06,CNN,19,1.060478687286377
2024-12-06,CNN,20,1.056908369064331
2024-12-06,CNN,21,1.0535354614257812
2024-12-06,CNN,22,1.050347089767456
2024-12-06,CNN,23,1.0473783016204834
2024-12-06,CNN,24,1.0445764064788818
2024-12-06,CNN,25,1.0419349670410156
2024-12-06,CNN,26,1.0394160747528076
2024-12-06,CNN,27,1.0370436906814575
2024-12-06,CNN,28,1.0348047018051147
2024-12-06,CNN,29,1.0326619148254395
2024-12-06,CNN,30,1.0306404829025269
2024-12-06,CNN,31,1.0287225246429443
2024-12-06,CNN,32,1.0269107818603516
2024-12-06,CNN,33,1.025221824645996
2024-12-06,CNN,34,1.0236058235168457
2024-12-06,CNN,35,1.022047519683838
2024-12-06,CNN,36,1.020582914352417
2024-12-06,CNN,37,1.0191658735275269
2024-12-06,CNN,38,1.0177972316741943
2024-12-06,CNN,39,1.0164707899093628
2024-12-06,CNN,40,1.0152002573013306
2024-12-06,CNN,41,1.0139657258987427
2024-12-06,CNN,42,1.0127594470977783
2024-12-06,CNN,43,1.011581540107727
2024-12-06,CNN,44,1.0104458332061768
2024-12-06,CNN,45,1.009340524673462
2024-12-06,CNN,46,1.0082248449325562
2024-12-06,CNN,47,1.0071101188659668
2024-12-06,CNN,48,1.0059971809387207
2024-12-06,CNN,49,1.0048915147781372
2024-12-06,CNN,50,1.0038059949874878
2024-12-06,CNN,51,1.002742052078247
2024-12-06,CNN,52,1.0016647577285767
2024-12-06,CNN,53,1.000615119934082
2024-12-06,CNN,54,0.9995854496955872
2024-12-06,CNN,55,0.9985880255699158
2024-12-06,CNN,56,0.9976294040679932
2024-12-06,CNN,57,0.9966639876365662
2024-12-06,CNN,58,0.9957079291343689
2024-12-06,CNN,59,0.994745671749115
2024-12-06,CNN,60,0.993791401386261
2024-12-06,CNN,61,0.9928562641143799
2024-12-06,CNN,62,0.9919246435165405
2024-12-06,CNN,63,0.9909858107566833
2024-12-06,CNN,64,0.9900540709495544
2024-12-06,CNN,65,0.9891387820243835
2024-12-06,CNN,66,0.9882327914237976
2024-12-06,CNN,67,0.9873409867286682
2024-12-06,CNN,68,0.9864432215690613
2024-12-06,CNN,69,0.985537052154541
2024-12-06,CNN,70,0.9846300482749939
2024-12-06,CNN,71,0.9837231040000916
2024-12-06,CNN,72,0.9828189015388489
2024-12-06,CNN,73,0.9819266200065613
2024-12-06,CNN,74,0.9810250997543335
2024-12-06,CNN,75,0.9801146984100342
2024-12-06,CNN,76,0.9792079329490662
2024-12-06,CNN,77,0.9782774448394775
2024-12-06,CNN,78,0.9773545265197754
2024-12-06,CNN,79,0.9764466285705566
2024-12-06,CNN,80,0.975581705570221
2025-01-03,LSTM,1,1.0198246240615845
2025-01-03,LSTM,2,1.018729329109192
2025-01-03,LSTM,3,1.0176583528518677
2025-01-03,LSTM,4,1.0166141986846924
2025-01-03,LSTM,5,1.0155946016311646
2025-01-03,LSTM,6,1.0145978927612305
2025-01-03,LSTM,7,1.0136228799819946
2025-01-03,LSTM,8,1.0126687288284302
2025-01-03,LSTM,9,1.011734962463379
2025-01-03,LSTM,10,1.0108213424682617
2025-01-03,LSTM,11,1.0099272727966309
2025-01-03,LSTM,12,1.0090527534484863
2025-01-03,LSTM,13,1.0081968307495117
2025-01-03,LSTM,14,1.0073598623275757
2025-01-03,LSTM,15,1.0065407752990723
2025-01-03,LSTM,16,1.0057393312454224
2025-01-03,LSTM,17,1.0049550533294678
2025-01-03,LSTM,18,1.0041877031326294
2025-01-03,LSTM,19,1.0034366846084595
2025-01-03,LSTM,20,1.002701759338379
2025-01-03,LSTM,21,1.001982569694519
2025-01-03,LSTM,22,1.0012785196304321
2025-01-03,LSTM,23,1.0005892515182495
2025-01-03,LSTM,24,0.9999143481254578
2025-01-03,LSTM,25,0.9992533922195435
2025-01-03,LSTM,26,0.9986058473587036
2025-01-03,LSTM,27,0.9979712963104248
2025-01-03,LSTM,28,0.997349202632904
2025-01-03,LSTM,29,0.9967391490936279
2025-01-03,LSTM,30,0.99614018201828
2025-01-03,LSTM,31,0.9955520629882812
2025-01-03,LSTM,32,0.9949742555618286
2025-01-03,LSTM,33,0.9944059252738953
2025-01-03,LSTM,34,0.9938467741012573
2025-01-03,LSTM,35,0.9932960271835327
2025-01-03,LSTM,36,0.992753267288208
2025-01-03,LSTM,37,0.9922177791595459
2025-01-03,LSTM,38,0.9916892051696777
2025-01-03,LSTM,39,0.9911667704582214
2025-01-03,LSTM,40,0.9906499981880188
2025-01-03,LSTM,41,0.9901382327079773
2025-01-03,LSTM,42,0.9896311163902283
2025-01-03,LSTM,43,0.9891278743743896
2025-01-03,LSTM,44,0.9886277318000793
2025-01-03,LSTM,45,0.9881304502487183
2025-01-03,LSTM,46,0.9876351356506348
2025-01-03,LSTM,47,0.9871415495872498
2025-01-03,LSTM,48,0.9866486191749573
2025-01-03,LSTM,49,0.9861560463905334
2025-01-03,LSTM,50,0.9856631755828857
2025-01-03,LSTM,51,0.9851691722869873
2025-01-03,LSTM,52,0.9846735000610352
2025-01-03,LSTM,53,0.9841756224632263
2025-01-03,LSTM,54,0.9836745262145996
2025-01-03,LSTM,55,0.9831700325012207
2025-01-03,LSTM,56,0.9826609492301941
2025-01-03,LSTM,57,0.9821467399597168
2025-01-03,LSTM,58,0.9816269278526306
2025-01-03,LSTM,59,0.9811004400253296
2025-01-03,LSTM,60,0.9805667400360107
2025-01-03,LSTM,61,0.9800251126289368
2025-01-03,LSTM,62,0.9794747233390808
2025-01-03,LSTM,63,0.9789151549339294
2025-01-03,LSTM,64,0.9783452749252319
2025-01-03,LSTM,65,0.9777649641036987
2025-01-03,LSTM,66,0.9771732687950134
2025-01-03,LSTM,67,0.9765694737434387
2025-01-03,LSTM,68,0.975953221321106
2025-01-03,LSTM,69,0.9753239154815674
2025-01-03,LSTM,70,0.9746811389923096
2025-01-03,LSTM,71,0.9740243554115295
2025-01-03,LSTM,72,0.9733531475067139
2025-01-03,LSTM,73,0.9726670980453491
2025-01-03,LSTM,74,0.9719658493995667
2025-01-03,LSTM,75,0.9712491035461426
2025-01-03,LSTM,76,0.9705166816711426
2025-01-03,LSTM,77,0.969768226146698
2025-01-03,LSTM,78,0.9690033793449402
2025-01-03,LSTM,79,0.9682220816612244
2025-01-03,LSTM,80,0.967424213886261
2025-01-03,CNN,1,1.1759624481201172
2025-01-03,CNN,2,1.1667325496673584
2025-01-03,CNN,3,1.157781720161438
2025-01-03,CNN,4,1.1491694450378418
2025-01-03,CNN,5,1.1409132480621338
2025-01-03,CNN,6,1.133008599281311
2025-01-03,CNN,7,1.1254552602767944
2025-01-03,CNN,8,1.1182211637496948
2025-01-03,CNN,9,1.1113684177398682
2025-01-03,CNN,10,1.1047987937927246
2025-01-03,CNN,11,1.0985618829727173
2025-01-03,CNN,12,1.09269380569458
2025-01-03,CNN,13,1.0871752500534058
2025-01-03,CNN,14,1.0820832252502441
2025-01-03,CNN,15,1.0772203207015991
2025-01-03,CNN,16,1.0725828409194946
2025-01-03,CNN,17,1.0682883262634277
2025-01-03,CNN,18,1.0642155408859253
2025-01-03,CNN,19,1.0603805780410767
2025-01-03,CNN,20,1.056765079498291
2025-01-03,CNN,21,1.0533654689788818
2025-01-03,CNN,22,1.0501244068145752
2025-01-03,CNN,23,1.0470656156539917
2025-01-03,CNN,24,1.0442270040512085
2025-01-03,CNN,25,1.0415626764297485
2025-01-03,CNN,26,1.0390545129776
2025-01-03,CNN,27,1.036676049232483
2025-01-03,CNN,28,1.0344016551971436
2025-01-03,CNN,29,1.032239317893982
2025-01-03,CNN,30,1.0302133560180664
2025-01-03,CNN,31,1.0282809734344482
2025-01-03,CNN,32,1.0264811515808105
2025-01-03,CNN,33,1.024747371673584
2025-01-03,CNN,34,1.0231001377105713
2025-01-03,CNN,35,1.0215275287628174
2025-01-03,CNN,36,1.0199978351593018
2025-01-03,CNN,37,1.018528699874878
2025-01-03,CNN,38,1.0171228647232056
2025-01-03,CNN,39,1.015786051750183
2025-01-03,CNN,40,1.014507532119751
2025-01-03,CNN,41,1.0132321119308472
2025-01-03,CNN,42,1.0119807720184326
2025-01-03,CNN,43,1.0107841491699219
2025-01-03,CNN,44,1.0096057653427124
2025-01-03,CNN,45,1.0084537267684937
2025-01-03,CNN,46,1.0073305368423462
2025-01-03,CNN,47,1.0062404870986938
2025-01-03,CNN,48,1.0051273107528687
2025-01-03,CNN,49,1.003993034362793
2025-01-03,CNN,50,1.0028704404830933
2025-01-03,CNN,51,1.001756191253662
2025-01-03,CNN,52,1.0006593465805054
2025-01-03,CNN,53,0.99959397315979
2025-01-03,CNN,54,0.9985367059707642
2025-01-03,CNN,55,0.9974873065948486
2025-01-03,CNN,56,0.9964587688446045
2025-01-03,CNN,57,0.9954699873924255
2025-01-03,CNN,58,0.9944886565208435
2025-01-03,CNN,59,0.993539571762085
2025-01-03,CNN,60,0.992601752281189
2025-01-03,CNN,61,0.9916595220565796
2025-01-03,CNN,62,0.9907132387161255
2025-01-03,CNN,63,0.9897777438163757
2025-01-03,CNN,64,0.9888566136360168
2025-01-03,CNN,65,0.987934947013855
2025-01-03,CNN,66,0.9870190620422363
2025-01-03,CNN,67,0.9860938787460327
2025-01-03,CNN,68,0.9851711392402649
2025-01-03,CNN,69,0.9842357635498047
2025-01-03,CNN,70,0.9832959771156311
2025-01-03,CNN,71,0.9823453426361084
2025-01-03,CNN,72,0.9813823699951172
2025-01-03,CNN,73,0.9804081320762634
2025-01-03,CNN,74,0.9794377088546753
2025-01-03,CNN,75,0.9784782528877258
2025-01-03,CNN,76,0.9774802327156067
2025-01-03,CNN,77,0.976495087146759
2025-01-03,CNN,78,0.9755336046218872
2025-01-03,CNN,79,0.9745961427688599
2025-01-03,CNN,80,0.9737047553062439
2025-01-31,LSTM,1,1.0191304683685303
2025-01-31,LSTM,2,1.0180269479751587
2025-01-31,LSTM,3,1.016947865486145
2025-01-31,LSTM,4,1.0158944129943848
2025-01-31,LSTM,5,1.0148646831512451
2025-01-31,LSTM,6,1.0138566493988037
2025-01-31,LSTM,7,1.0128700733184814
2025-01-31,LSTM,8,1.0119041204452515
2025-01-31,LSTM,9,1.0109584331512451
2025-01-31,LSTM,10,1.0100325345993042
2025-01-31,LSTM,11,1.0091261863708496
2025-01-31,LSTM,12,1.0082390308380127
2025-01-31,LSTM,13,1.0073705911636353
2025-01-31,LSTM,14,1.0065205097198486
2025-01-31,LSTM,15,1.005688190460205
2025-01-31,LSTM,16,1.0048736333847046
2025-01-31,LSTM,17,1.0040758848190308
2025-01-31,LSTM,18,1.0032951831817627
2025-01-31,LSTM,19,1.002530813217163
2025-01-31,LSTM,20,1.0017825365066528
2025-01-31,LSTM,21,1.0010502338409424
2025-01-31,LSTM,22,1.0003331899642944
2025-01-31,LSTM,23,0.9996311664581299
2025-01-31,LSTM,24,0.9989438056945801
2025-01-31,LSTM,25,0.9982704520225525
2025-01-31,LSTM,26,0.9976108074188232
2025-01-31,LSTM,27,0.9969643950462341
2025-01-31,LSTM,28,0.9963304996490479
2025-01-31,LSTM,29,0.9957090020179749
2025-01-31,LSTM,30,0.995098888874054
2025-01-31,LSTM,31,0.9945002198219299
2025-01-31,LSTM,32,0.993911862373352
2025-01-31,LSTM,33,0.993333637714386
2025-01-31,LSTM,34,0.9927646517753601
2025-01-31,LSTM,35,0.9922046065330505
2025-01-31,LSTM,36,0.9916528463363647
2025-01-31,LSTM,37,0.9911085963249207
2025-01-31,LSTM,38,0.9905716180801392
2025-01-31,LSTM,39,0.990041196346283
2025-01-31,LSTM,40,0.9895169734954834
2025-01-31,LSTM,41,0.9889981150627136
2025-01-31,LSTM,42,0.9884842038154602
2025-01-31,LSTM,43,0.9879747629165649
2025-01-31,LSTM,44,0.9874692559242249
2025-01-31,LSTM,45,0.986967146396637
2025-01-31,LSTM,46,0.986467719078064
2025-01-31,LSTM,47,0.985970675945282
2025-01-31,LSTM,48,0.9854753613471985
2025-01-31,LSTM,49,0.9849810004234314
2025-01-31,LSTM,50,0.9844871759414673
2025-01-31,LSTM,51,0.9839929938316345
2025-01-31,LSTM,52,0.9834982752799988
2025-01-31,LSTM,53,0.9830018281936646
2025-01-31,LSTM,54,0.982503354549408
2025-01-31,LSTM,55,0.9820019006729126
2025-01-31,LSTM,56,0.9814966917037964
2025-01-31,LSTM,57,0.9809870719909668
2025-01-31,LSTM,58,0.9804720282554626
2025-01-31,LSTM,59,0.979951024055481
2025-01-31,LSTM,60,0.9794231057167053
2025-01-31,LSTM,61,0.9788873195648193
2025-01-31,LSTM,62,0.9783428311347961
2025-01-31,LSTM,63,0.9777889847755432
2025-01-31,LSTM,64,0.9772247672080994
2025-01-31,LSTM,65,0.976649284362793
2025-01-31,LSTM,66,0.9760618805885315
2025-01-31,LSTM,67,0.9754616618156433
2025-01-31,LSTM,68,0.9748475551605225
2025-01-31,LSTM,69,0.9742193222045898
2025-01-31,LSTM,70,0.9735760688781738
2025-01-31,LSTM,71,0.972916841506958
2025-01-31,LSTM,72,0.9722415804862976
2025-01-31,LSTM,73,0.9715494513511658
2025-01-31,LSTM,74,0.9708400964736938
2025-01-31,LSTM,75,0.9701133370399475
2025-01-31,LSTM,76,0.9693688154220581
2025-01-31,LSTM,77,0.9686064720153809
2025-01-31,LSTM,78,0.9678261280059814
2025-01-31,LSTM,79,0.9670281410217285
2025-01-31,LSTM,80,0.9662120938301086
2025-01-31,CNN,1,1.177363395690918
2025-01-31,CNN,2,1.1680501699447632
2025-01-31,CNN,3,1.1590086221694946
2025-01-31,CNN,4,1.1503241062164307
2025-01-31,CNN,5,1.1419849395751953
2025-01-31,CNN,6,1.133992075920105
2025-01-31,CNN,7,1.1263391971588135
2025-01-31,CNN,8,1.119031310081482
2025-01-31,CNN,9,1.112095832824707
2025-01-31,CNN,10,1.105455994606018
2025-01-31,CNN,11,1.099124789237976
2025-01-31,CNN,12,1.093172311782837
2025-01-31,CNN,13,1.0875606536865234
2025-01-31,CNN,14,1.0823659896850586
2025-01-31,CNN,15,1.077444314956665
2025-01-31,CNN,16,1.0727667808532715
2025-01-31,CNN,17,1.0684109926223755
2025-01-31,CNN,18,1.0642770528793335
2025-01-31,CNN,19,1.0604132413864136
2025-01-31,CNN,20,1.0567963123321533
2025-01-31,CNN,21,1.0533744096755981
2025-01-31,CNN,22,1.0500808954238892
2025-01-31,CNN,23,1.0469918251037598
2025-01-31,CNN,24,1.0441148281097412
2025-01-31,CNN,25,1.0413968563079834
2025-01-31,CNN,26,1.0388290882110596
2025-01-31,CNN,27,1.0364056825637817
2025-01-31,CNN,28,1.0341089963912964
2025-01-31,CNN,29,1.0319063663482666
2025-01-31,CNN,30,1.029801368713379
2025-01-31,CNN,31,1.0277595520019531
2025-01-31,CNN,32,1.0257856845855713
2025-01-31,CNN,33,1.0239169597625732
2025-01-31,CNN,34,1.0221478939056396
2025-01-31,CNN,35,1.0204412937164307
2025-01-31,CNN,36,1.0188289880752563
2025-01-31,CNN,37,1.017345905303955
2025-01-31,CNN,38,1.0159459114074707
2025-01-31,CNN,39,1.0145856142044067
2025-01-31,CNN,40,1.0132871866226196
2025-01-31,CNN,41,1.0120127201080322
2025-01-31,CNN,42,1.0107342004776
2025-01-31,CNN,43,1.0094941854476929
2025-01-31,CNN,44,1.0082958936691284
2025-01-31,CNN,45,1.0071232318878174
2025-01-31,CNN,46,1.0059772729873657
2025-01-31,CNN,47,1.0048601627349854
2025-01-31,CNN,48,1.0037564039230347
2025-01-31,CNN,49,1.0026812553405762
2025-01-31,CNN,50,1.0016212463378906
2025-01-31,CNN,51,1.000584602355957
2025-01-31,CNN,52,0.9995707869529724
2025-01-31,CNN,53,0.998565673828125
2025-01-31,CNN,54,0.9975878596305847
2025-01-31,CNN,55,0.9966214895248413
2025-01-31,CNN,56,0.9956933856010437
2025-01-31,CNN,57,0.9947707653045654
2025-01-31,CNN,58,0.9938560724258423
2025-01-31,CNN,59,0.9929600358009338
2025-01-31,CNN,60,0.9920613169670105
2025-01-31,CNN,61,0.991173505783081
2025-01-31,CNN,62,0.9902705550193787
2025-01-31,CNN,63,0.9893707633018494
2025-01-31,CNN,64,0.9884700775146484
2025-01-31,CNN,65,0.987576425075531
2025-01-31,CNN,66,0.9866807460784912
2025-01-31,CNN,67,0.9857989549636841
2025-01-31,CNN,68,0.9849351644515991
2025-01-31,CNN,69,0.9840562343597412
2025-01-31,CNN,70,0.9831603765487671
2025-01-31,CNN,71,0.9822388291358948
2025-01-31,CNN,72,0.9813020825386047
2025-01-31,CNN,73,0.9803636074066162
2025-01-31,CNN,74,0.9794360399246216
2025-01-31,CNN,75,0.9785317778587341
2025-01-31,CNN,76,0.9776407480239868
2025-01-31,CNN,77,0.9767661690711975
2025-01-31,CNN,78,0.9759109020233154
2025-01-31,CNN,79,0.9750956296920776
2025-01-31,CNN,80,0.9742764234542847
2025-02-28,LSTM,1,1.0195025205612183
2025-02-28,LSTM,2,1.018391489982605
2025-02-28,LSTM,3,1.0173075199127197
2025-02-28,LSTM,4,1.0162490606307983
2025-02-28,LSTM,5,1.0152138471603394
2025-02-28,LSTM,6,1.0142004489898682
2025-02-28,LSTM,7,1.0132086277008057
2025-02-28,LSTM,8,1.012238621711731
2025-02-28,LSTM,9,1.011290192604065
2025-02-28,LSTM,10,1.0103634595870972
2025-02-28,LSTM,11,1.0094581842422485
2025-02-28,LSTM,12,1.0085738897323608
2025-02-28,LSTM,13,1.0077099800109863
2025-02-28,LSTM,14,1.0068657398223877
2025-02-28,LSTM,15,1.0060408115386963
2025-02-28,LSTM,16,1.0052343606948853
2025-02-28,LSTM,17,1.0044456720352173
2025-02-28,LSTM,18,1.0036742687225342
2025-02-28,LSTM,19,1.0029197931289673
2025-02-28,LSTM,20,1.0021817684173584
2025-02-28,LSTM,21,1.0014593601226807
2025-02-28,LSTM,22,1.000752568244934
2025-02-28,LSTM,23,1.0000606775283813
2025-02-28,LSTM,24,0.999383270740509
2025-02-28,LSTM,25,0.9987197518348694
2025-02-28,LSTM,26,0.9980697631835938
2025-02-28,LSTM,27,0.9974325895309448
2025-02-28,LSTM,28,0.9968075156211853
2025-02-28,LSTM,29,0.9961943626403809
2025-02-28,LSTM,30,0.995591938495636
2025-02-28,LSTM,31,0.9950000643730164
2025-02-28,LSTM,32,0.9944178462028503
2025-02-28,LSTM,33,0.9938448071479797
2025-02-28,LSTM,34,0.9932805299758911
2025-02-28,LSTM,35,0.9927241206169128
2025-02-28,LSTM,36,0.9921754002571106
2025-02-28,LSTM,37,0.9916336536407471
2025-02-28,LSTM,38,0.9910982847213745
2025-02-28,LSTM,39,0.9905691146850586
2025-02-28,LSTM,40,0.9900453090667725
2025-02-28,LSTM,41,0.989526629447937
2025-02-28,LSTM,42,0.9890122413635254
2025-02-28,LSTM,43,0.9885019659996033
2025-02-28,LSTM,44,0.987994909286499
2025-02-28,LSTM,45,0.9874908924102783
2025-02-28,LSTM,46,0.9869889616966248
2025-02-28,LSTM,47,0.9864889979362488
2025-02-28,LSTM,48,0.9859898090362549
2025-02-28,LSTM,49,0.9854913353919983
2025-02-28,LSTM,50,0.9849928021430969
2025-02-28,LSTM,51,0.9844933748245239
2025-02-28,LSTM,52,0.9839923977851868
2025-02-28,LSTM,53,0.9834892749786377
2025-02-28,LSTM,54,0.9829831719398499
2025-02-28,LSTM,55,0.9824734330177307
2025-02-28,LSTM,56,0.9819592237472534
2025-02-28,LSTM,57,0.9814397096633911
2025-02-28,LSTM,58,0.9809141755104065
2025-02-28,LSTM,59,0.9803816676139832
2025-02-28,LSTM,60,0.9798415303230286
2025-02-28,LSTM,61,0.9792928099632263
2025-02-28,LSTM,62,0.9787347912788391
2025-02-28,LSTM,63,0.978166401386261
2025-02-28,LSTM,64,0.9775874018669128
2025-02-28,LSTM,65,0.9769963622093201
2025-02-28,LSTM,66,0.9763931632041931
2025-02-28,LSTM,67,0.9757767915725708
2025-02-28,LSTM,68,0.9751469492912292
2025-02-28,LSTM,69,0.9745026230812073
2025-02-28,LSTM,70,0.9738436937332153
2025-02-28,LSTM,71,0.9731696844100952
2025-02-28,LSTM,72,0.9724801778793335
2025-02-28,LSTM,73,0.9717748165130615
2025-02-28,LSTM,74,0.9710537791252136
2025-02-28,LSTM,75,0.9703168272972107
2025-02-28,LSTM,76,0.9695635437965393
2025-02-28,LSTM,77,0.9687944054603577
2025-02-28,LSTM,78,0.9680091738700867
2025-02-28,LSTM,79,0.9672083258628845
2025-02-28,LSTM,80,0.9663916230201721
2025-02-28,CNN,1,1.1781824827194214
2025-02-28,CNN,2,1.168819546699524
2025-02-28,CNN,3,1.1597329378128052
2025-02-28,CNN,4,1.1510035991668701
2025-02-28,CNN,5,1.1426124572753906
2025-02-28,CNN,6,1.134568452835083
2025-02-28,CNN,7,1.126869797706604
2025-02-28,CNN,8,1.1195156574249268
2025-02-28,CNN,9,1.1125247478485107
2025-02-28,CNN,10,1.1058313846588135
2025-02-28,CNN,11,1.0994524955749512
2025-02-28,CNN,12,1.0934361219406128
2025-02-28,CNN,13,1.087770700454712
2025-02-28,CNN,14,1.082500696182251
2025-02-28,CNN,15,1.0775450468063354
2025-02-28,CNN,16,1.072826623916626
2025-02-28,CNN,17,1.0684289932250977
2025-02-28,CNN,18,1.064262866973877
2025-02-28,CNN,19,1.0603760480880737
2025-02-28,CNN,20,1.056707739830017
2025-02-28,CNN,21,1.0532371997833252
2025-02-28,CNN,22,1.0499190092086792
2025-02-28,CNN,23,1.0467954874038696
2025-02-28,CNN,24,1.0438942909240723
2025-02-28,CNN,25,1.0411707162857056
2025-02-28,CNN,26,1.0385991334915161
2025-02-28,CNN,27,1.0361595153808594
2025-02-28,CNN,28,1.033843755722046
2025-02-28,CNN,29,1.0316424369812012
2025-02-28,CNN,30,1.029521107673645
2025-02-28,CNN,31,1.027475357055664
2025-02-28,CNN,32,1.0254954099655151
2025-02-28,CNN,33,1.0236111879348755
2025-02-28,CNN,34,1.0218294858932495
2025-02-28,CNN,35,1.0201070308685303
2025-02-28,CNN,36,1.0184589624404907
2025-02-28,CNN,37,1.0169131755828857
2025-02-28,CNN,38,1.0154787302017212
2025-02-28,CNN,39,1.0141054391860962
2025-02-28,CNN,40,1.0127891302108765
2025-02-28,CNN,41,1.0114948749542236
2025-02-28,CNN,42,1.0102031230926514
2025-02-28,CNN,43,1.0089582204818726
2025-02-28,CNN,44,1.0077648162841797
2025-02-28,CNN,45,1.0065855979919434
2025-02-28,CNN,46,1.0054551362991333
2025-02-28,CNN,47,1.0043387413024902
2025-02-28,CNN,48,1.0032519102096558
2025-02-28,CNN,49,1.002192735671997
2025-02-28,CNN,50,1.001164197921753
2025-02-28,CNN,51,1.0001308917999268
2025-02-28,CNN,52,0.9990765452384949
2025-02-28,CNN,53,0.9980584979057312
2025-02-28,CNN,54,0.9970846176147461
2025-02-28,CNN,55,0.9961246252059937
2025-02-28,CNN,56,0.9951937794685364
2025-02-28,CNN,57,0.9942651987075806
2025-02-28,CNN,58,0.9933405518531799
2025-02-28,CNN,59,0.9924219250679016
2025-02-28,CNN,60,0.9915069341659546
2025-02-28,CNN,61,0.9906004071235657
2025-02-28,CNN,62,0.989679217338562
2025-02-28,CNN,63,0.9887627363204956
2025-02-28,CNN,64,0.9878779649734497
2025-02-28,CNN,65,0.9869989156723022
2025-02-28,CNN,66,0.9861186742782593
2025-02-28,CNN,67,0.985253095626831
2025-02-28,CNN,68,0.9844051003456116
2025-02-28,CNN,69,0.9835497736930847
2025-02-28,CNN,70,0.9826865792274475
2025-02-28,CNN,71,0.981803834438324
2025-02-28,CNN,72,0.9809257984161377
2025-02-28,CNN,73,0.9800360202789307
2025-02-28,CNN,74,0.9791557788848877
2025-02-28,CNN,75,0.9783033132553101
2025-02-28,CNN,76,0.9774766564369202
2025-02-28,CNN,77,0.9766684770584106
2025-02-28,CNN,78,0.9758679866790771
2025-02-28,CNN,79,0.9750837683677673
2025-02-28,CNN,80,0.9743278622627258
2025-03-28,LSTM,1,1.0209333896636963
2025-03-28,LSTM,2,1.019815444946289
2025-03-28,LSTM,3,1.0187242031097412
2025-03-28,LSTM,4,1.0176630020141602
2025-03-28,LSTM,5,1.0166292190551758
2025-03-28,LSTM,6,1.0156205892562866
2025-03-28,LSTM,7,1.0146359205245972
2025-03-28,LSTM,8,1.0136743783950806
2025-03-28,LSTM,9,1.0127352476119995
2025-03-28,LSTM,10,1.0118178129196167
2025-03-28,LSTM,11,1.0109211206436157
2025-03-28,LSTM,12,1.0100446939468384
2025-03-28,LSTM,13,1.0091880559921265
2025-03-28,LSTM,14,1.0083504915237427
2025-03-28,LSTM,15,1.0075311660766602
2025-03-28,LSTM,16,1.0067297220230103
2025-03-28,LSTM,17,1.0059458017349243
2025-03-28,LSTM,18,1.0051782131195068
2025-03-28,LSTM,19,1.0044269561767578
2025-03-28,LSTM,20,1.003691554069519
2025-03-28,LSTM,21,1.0029711723327637
2025-03-28,LSTM,22,1.0022655725479126
2025-03-28,LSTM,23,1.0015740394592285
2025-03-28,LSTM,24,1.0008960962295532
2025-03-28,LSTM,25,1.000231385231018
2025-03-28,LSTM,26,0.999579131603241
2025-03-28,LSTM,27,0.9989388585090637
2025-03-28,LSTM,28,0.9983097910881042
2025-03-28,LSTM,29,0.9976916313171387
2025-03-28,LSTM,30,0.9970835447311401
2025-03-28,LSTM,31,0.9964850544929504
2025-03-28,LSTM,32,0.9958953857421875
2025-03-28,LSTM,33,0.995313823223114
2025-03-28,LSTM,34,0.9947399497032166
2025-03-28,LSTM,35,0.9941729307174683
2025-03-28,LSTM,36,0.9936122298240662
2025-03-28,LSTM,37,0.9930570721626282
2025-03-28,LSTM,38,0.9925068020820618
2025-03-28,LSTM,39,0.9919607043266296
2025-03-28,LSTM,40,0.9914182424545288
2025-03-28,LSTM,41,0.9908786416053772
2025-03-28,LSTM,42,0.9903414249420166
2025-03-28,LSTM,43,0.9898055791854858
2025-03-28,LSTM,44,0.9892707467079163
2025-03-28,LSTM,45,0.9887362718582153
2025-03-28,LSTM,46,0.9882012009620667
2025-03-28,LSTM,47,0.9876652359962463
2025-03-28,LSTM,48,0.9871276021003723
2025-03-28,LSTM,49,0.986587643623352
2025-03-28,LSTM,50,0.9860450029373169
2025-03-28,LSTM,51,0.9854989051818848
2025-03-28,LSTM,52,0.9849489331245422
2025-03-28,LSTM,53,0.9843945503234863
2025-03-28,LSTM,54,0.9838351607322693
2025-03-28,LSTM,55,0.9832705855369568
2025-03-28,LSTM,56,0.9827004075050354
2025-03-28,LSTM,57,0.9821240305900574
2025-03-28,LSTM,58,0.9815411567687988
2025-03-28,LSTM,59,0.9809515476226807
2025-03-28,LSTM,60,0.9803549647331238
2025-03-28,LSTM,61,0.9797510504722595
2025-03-28,LSTM,62,0.9791396856307983
2025-03-28,LSTM,63,0.9785206317901611
2025-03-28,LSTM,64,0.9778934717178345
2025-03-28,LSTM,65,0.9772582650184631
2025-03-28,LSTM,66,0.9766145348548889
2025-03-28,LSTM,67,0.9759621620178223
2025-03-28,LSTM,68,0.9753008484840393
2025-03-28,LSTM,69,0.9746303558349609
2025-03-28,LSTM,70,0.973950207233429
2025-03-28,LSTM,71,0.9732602834701538
2025-03-28,LSTM,72,0.9725602269172668
2025-03-28,LSTM,73,0.9718496203422546
2025-03-28,LSTM,74,0.9711281657218933
2025-03-28,LSTM,75,0.9703956246376038
2025-03-28,LSTM,76,0.9696516990661621
2025-03-28,LSTM,77,0.968896210193634
2025-03-28,LSTM,78,0.9681288599967957
2025-03-28,LSTM,79,0.9673495292663574
2025-03-28,LSTM,80,0.9665583968162537
2025-03-28,CNN,1,1.178572416305542
2025-03-28,CNN,2,1.1692522764205933
2025-03-28,CNN,3,1.1602294445037842
2025-03-28,CNN,4,1.151570200920105
2025-03-28,CNN,5,1.143262267112732
2025-03-28,CNN,6,1.1353001594543457
2025-03-28,CNN,7,1.1277207136154175
2025-03-28,CNN,8,1.1204568147659302
2025-03-28,CNN,9,1.113537311553955
2025-03-28,CNN,10,1.1069133281707764
2025-03-28,CNN,11,1.1006133556365967
2025-03-28,CNN,12,1.0946552753448486
2025-03-28,CNN,13,1.089005947113037
2025-03-28,CNN,14,1.0837116241455078
2025-03-28,CNN,15,1.0787394046783447
2025-03-28,CNN,16,1.0740242004394531
2025-03-28,CNN,17,1.069661259651184
2025-03-28,CNN,18,1.0655717849731445
2025-03-28,CNN,19,1.0617128610610962
2025-03-28,CNN,20,1.0580756664276123
2025-03-28,CNN,21,1.054618000984192
2025-03-28,CNN,22,1.0513302087783813
2025-03-28,CNN,23,1.048250436782837
2025-03-28,CNN,24,1.0453486442565918
2025-03-28,CNN,25,1.0426584482192993
2025-03-28,CNN,26,1.040107250213623
2025-03-28,CNN,27,1.0376697778701782
2025-03-28,CNN,28,1.0353657007217407
2025-03-28,CNN,29,1.0331891775131226
2025-03-28,CNN,30,1.0311505794525146
2025-03-28,CNN,31,1.0291929244995117
2025-03-28,CNN,32,1.0273383855819702
2025-03-28,CNN,33,1.0255484580993652
2025-03-28,CNN,34,1.0238080024719238
2025-03-28,CNN,35,1.0221444368362427
2025-03-28,CNN,36,1.0205552577972412
2025-03-28,CNN,37,1.0190523862838745
2025-03-28,CNN,38,1.0176095962524414
2025-03-28,CNN,39,1.0162183046340942
2025-03-28,CNN,40,1.0148595571517944
2025-03-28,CNN,41,1.0135072469711304
2025-03-28,CNN,42,1.012176752090454
2025-03-28,CNN,43,1.0108723640441895
2025-03-28,CNN,44,1.0095908641815186
2025-03-28,CNN,45,1.0083695650100708
2025-03-28,CNN,46,1.007196068763733
2025-03-28,CNN,47,1.006051778793335
2025-03-28,CNN,48,1.004907488822937
2025-03-28,CNN,49,1.0038031339645386
2025-03-28,CNN,50,1.0027241706848145
2025-03-28,CNN,51,1.001673698425293
2025-03-28,CNN,52,1.0006532669067383
2025-03-28,CNN,53,0.9996505975723267
2025-03-28,CNN,54,0.9986914992332458
2025-03-28,CNN,55,0.9977371096611023
2025-03-28,CNN,56,0.9967851042747498
2025-03-28,CNN,57,0.9958494305610657
2025-03-28,CNN,58,0.9949372410774231
2025-03-28,CNN,59,0.9940319657325745
2025-03-28,CNN,60,0.9931370615959167
2025-03-28,CNN,61,0.9922515749931335
2025-03-28,CNN,62,0.9913790822029114
2025-03-28,CNN,63,0.9905284643173218
2025-03-28,CNN,64,0.9896942377090454
2025-03-28,CNN,65,0.9888619780540466
2025-03-28,CNN,66,0.9880426526069641
2025-03-28,CNN,67,0.9872387051582336
2025-03-28,CNN,68,0.9864559769630432
2025-03-28,CNN,69,0.9856736660003662
2025-03-28,CNN,70,0.9848823547363281
2025-03-28,CNN,71,0.9840860366821289
2025-03-28,CNN,72,0.9832849502563477
2025-03-28,CNN,73,0.9824724793434143
2025-03-28,CNN,74,0.9816346764564514
2025-03-28,CNN,75,0.9808070063591003
2025-03-28,CNN,76,0.9799900054931641
2025-03-28,CNN,77,0.9791982173919678
2025-03-28,CNN,78,0.9784150719642639
2025-03-28,CNN,79,0.9776772856712341
2025-03-28,CNN,80,0.9769497513771057
2025-04-25,LSTM,1,1.0238655805587769
2025-04-25,LSTM,2,1.0227172374725342
2025-04-25,LSTM,3,1.0215941667556763
2025-04-25,LSTM,4,1.0204967260360718
2025-04-25,LSTM,5,1.019423246383667
2025-04-25,LSTM,6,1.018373727798462
2025-04-25,LSTM,7,1.0173474550247192
2025-04-25,LSTM,8,1.0163439512252808
2025-04-25,LSTM,9,1.0153621435165405
2025-04-25,LSTM,10,1.0144010782241821
2025-04-25,LSTM,11,1.0134596824645996
2025-04-25,LSTM,12,1.0125375986099243
2025-04-25,LSTM,13,1.0116336345672607
2025-04-25,LSTM,14,1.0107475519180298
2025-04-25,LSTM,15,1.0098785161972046
2025-04-25,LSTM,16,1.0090264081954956
2025-04-25,LSTM,17,1.008190393447876
2025-04-25,LSTM,18,1.0073704719543457
2025-04-25,LSTM,19,1.0065656900405884
2025-04-25,LSTM,20,1.005775809288025
2025-04-25,LSTM,21,1.0050002336502075
2025-04-25,LSTM,22,1.0042387247085571
2025-04-25,LSTM,23,1.0034903287887573
2025-04-25,LSTM,24,1.002754807472229
2025-04-25,LSTM,25,1.0020315647125244
2025-04-25,LSTM,26,1.001320242881775
2025-04-25,LSTM,27,1.000619649887085
2025-04-25,LSTM,28,0.9999298453330994
2025-04-25,LSTM,29,0.9992498755455017
2025-04-25,LSTM,30,0.998579204082489
2025-04-25,LSTM,31,0.997917115688324
2025-04-25,LSTM,32,0.9972633123397827
2025-04-25,LSTM,33,0.9966168999671936
2025-04-25,LSTM,34,0.9959774017333984
2025-04-25,LSTM,35,0.9953441023826599
2025-04-25,LSTM,36,0.9947165250778198
2025-04-25,LSTM,37,0.9940940141677856
2025-04-25,LSTM,38,0.9934760928153992
2025-04-25,LSTM,39,0.9928621053695679
2025-04-25,LSTM,40,0.992251455783844
2025-04-25,LSTM,41,0.9916438460350037
2025-04-25,LSTM,42,0.9910382628440857
2025-04-25,LSTM,43,0.990434467792511
2025-04-25,LSTM,44,0.9898318648338318
2025-04-25,LSTM,45,0.9892300367355347
2025-04-25,LSTM,46,0.9886284470558167
2025-04-25,LSTM,47,0.9880265593528748
2025-04-25,LSTM,48,0.987423837184906
2025-04-25,LSTM,49,0.9868199825286865
2025-04-25,LSTM,50,0.9862143993377686
2025-04-25,LSTM,51,0.9856066703796387
2025-04-25,LSTM,52,0.9849961996078491
2025-04-25,LSTM,53,0.9843827486038208
2025-04-25,LSTM,54,0.9837657809257507
2025-04-25,LSTM,55,0.9831447601318359
2025-04-25,LSTM,56,0.9825193285942078
2025-04-25,LSTM,57,0.9818892478942871
2025-04-25,LSTM,58,0.9812542200088501
2025-04-25,LSTM,59,0.9806133508682251
2025-04-25,LSTM,60,0.9799666404724121
2025-04-25,LSTM,61,0.9793135523796082
2025-04-25,LSTM,62,0.9786538481712341
2025-04-25,LSTM,63,0.9779872894287109
2025-04-25,LSTM,64,0.9773131608963013
2025-04-25,LSTM,65,0.9766315221786499
2025-04-25,LSTM,66,0.9759416580200195
2025-04-25,LSTM,67,0.9752433896064758
2025-04-25,LSTM,68,0.9745364189147949
2025-04-25,LSTM,69,0.973820149898529
2025-04-25,LSTM,70,0.9730945825576782
2025-04-25,LSTM,71,0.9723591804504395
2025-04-25,LSTM,72,0.9716136455535889
2025-04-25,LSTM,73,0.9708577394485474
2025-04-25,LSTM,74,0.9700909852981567
2025-04-25,LSTM,75,0.9693133234977722
2025-04-25,LSTM,76,0.9685242772102356
2025-04-25,LSTM,77,0.9677238464355469
2025-04-25,LSTM,78,0.9669116735458374
2025-04-25,LSTM,79,0.9660876393318176
2025-04-25,LSTM,80,0.9652512073516846
2025-04-25,CNN,1,1.177981972694397
2025-04-25,CNN,2,1.1687300205230713
2025-04-25,CNN,3,1.1598314046859741
2025-04-25,CNN,4,1.1512715816497803
2025-04-25,CNN,5,1.1430683135986328
2025-04-25,CNN,6,1.1352206468582153
2025-04-25,CNN,7,1.1277800798416138
2025-04-25,CNN,8,1.1206328868865967
2025-04-25,CNN,9,1.1138473749160767
2025-04-25,CNN,10,1.1073882579803467
2025-04-25,CNN,11,1.1013681888580322
2025-04-25,CNN,12,1.0957069396972656
2025-04-25,CNN,13,1.0903087854385376
2025-04-25,CNN,14,1.0851967334747314
2025-04-25,CNN,15,1.080372929573059
2025-04-25,CNN,16,1.0757611989974976
2025-04-25,CNN,17,1.071428894996643
2025-04-25,CNN,18,1.0673447847366333
2025-04-25,CNN,19,1.0635229349136353
2025-04-25,CNN,20,1.059931993484497
2025-04-25,CNN,21,1.056596279144287
2025-04-25,CNN,22,1.0534894466400146
2025-04-25,CNN,23,1.050526738166809
2025-04-25,CNN,24,1.047729253768921
2025-04-25,CNN,25,1.0451380014419556
2025-04-25,CNN,26,1.0426934957504272
2025-04-25,CNN,27,1.04037606716156
2025-04-25,CNN,28,1.0381970405578613
2025-04-25,CNN,29,1.0361310243606567
2025-04-25,CNN,30,1.034189224243164
2025-04-25,CNN,31,1.0323476791381836
2025-04-25,CNN,32,1.030556321144104
2025-04-25,CNN,33,1.028835415840149
2025-04-25,CNN,34,1.0271503925323486
2025-04-25,CNN,35,1.0255403518676758
2025-04-25,CNN,36,1.0240131616592407
2025-04-25,CNN,37,1.0225374698638916
2025-04-25,CNN,38,1.0211126804351807
2025-04-25,CNN,39,1.019755244255066
2025-04-25,CNN,40,1.0184376239776611
2025-04-25,CNN,41,1.0171866416931152
2025-04-25,CNN,42,1.0159889459609985
2025-04-25,CNN,43,1.0148361921310425
2025-04-25,CNN,44,1.0136933326721191
2025-04-25,CNN,45,1.0125764608383179
2025-04-25,CNN,46,1.0115095376968384
2025-04-25,CNN,47,1.0104647874832153
2025-04-25,CNN,48,1.0094300508499146
2025-04-25,CNN,49,1.0084184408187866
2025-04-25,CNN,50,1.007423758506775
2025-04-25,CNN,51,1.0064620971679688
2025-04-25,CNN,52,1.0055238008499146
2025-04-25,CNN,53,1.0046354532241821
2025-04-25,CNN,54,1.0037680864334106
2025-04-25,CNN,55,1.0029453039169312
2025-04-25,CNN,56,1.0021429061889648
2025-04-25,CNN,57,1.001357078552246
2025-04-25,CNN,58,1.000601053237915
2025-04-25,CNN,59,0.9998652935028076
2025-04-25,CNN,60,0.9991452097892761
2025-04-25,CNN,61,0.9984456300735474
2025-04-25,CNN,62,0.9977613091468811
2025-04-25,CNN,63,0.9970831274986267
2025-04-25,CNN,64,0.9964050650596619
2025-04-25,CNN,65,0.9957169890403748
2025-04-25,CNN,66,0.995028018951416
2025-04-25,CNN,67,0.9943604469299316
2025-04-25,CNN,68,0.9937127828598022
2025-04-25,CNN,69,0.9930727481842041
2025-04-25,CNN,70,0.992439329624176
2025-04-25,CNN,71,0.9918009042739868
2025-04-25,CNN,72,0.9911537766456604
2025-04-25,CNN,73,0.9904986023902893
2025-04-25,CNN,74,0.9898470044136047
2025-04-25,CNN,75,0.9891979694366455
2025-04-25,CNN,76,0.9885627031326294
2025-04-25,CNN,77,0.9879212975502014
2025-04-25,CNN,78,0.9872868061065674
2025-04-25,CNN,79,0.9866498112678528
2025-04-25,CNN,80,0.9860416054725647
2025-05-23,LSTM,1,1.0195504426956177
2025-05-23,LSTM,2,1.01842200756073
2025-05-23,LSTM,3,1.017323613166809
2025-05-23,LSTM,4,1.0162529945373535
2025-05-23,LSTM,5,1.0152075290679932
2025-05-23,LSTM,6,1.014187216758728
2025-05-23,LSTM,7,1.0131921768188477
2025-05-23,LSTM,8,1.0122219324111938
2025-05-23,LSTM,9,1.0112756490707397
2025-05-23,LSTM,10,1.0103529691696167
2025-05-23,LSTM,11,1.0094531774520874
2025-05-23,LSTM,12,1.0085755586624146
2025-05-23,LSTM,13,1.0077195167541504
2025-05-23,LSTM,14,1.0068849325180054
2025-05-23,LSTM,15,1.0060709714889526
2025-05-23,LSTM,16,1.0052777528762817
2025-05-23,LSTM,17,1.0045045614242554
2025-05-23,LSTM,18,1.0037510395050049
2025-05-23,LSTM,19,1.0030169486999512
2025-05-23,LSTM,20,1.002301812171936
2025-05-23,LSTM,21,1.0016051530838013
2025-05-23,LSTM,22,1.0009264945983887
2025-05-23,LSTM,23,1.00026535987854
2025-05-23,LSTM,24,0.9996210932731628
2025-05-23,LSTM,25,0.9989930391311646
2025-05-23,LSTM,26,0.9983803033828735
2025-05-23,LSTM,27,0.9977825284004211
2025-05-23,LSTM,28,0.9971985220909119
2025-05-23,LSTM,29,0.9966278076171875
2025-05-23,LSTM,30,0.9960697293281555
2025-05-23,LSTM,31,0.9955233335494995
2025-05-23,LSTM,32,0.9949877858161926
2025-05-23,LSTM,33,0.9944626092910767
2025-05-23,LSTM,34,0.9939467310905457
2025-05-23,LSTM,35,0.993439793586731
2025-05-23,LSTM,36,0.9929410815238953
2025-05-23,LSTM,37,0.9924496412277222
2025-05-23,LSTM,38,0.9919650554656982
2025-05-23,LSTM,39,0.9914864897727966
2025-05-23,LSTM,40,0.9910133481025696
2025-05-23,LSTM,41,0.9905450940132141
2025-05-23,LSTM,42,0.9900809526443481
2025-05-23,LSTM,43,0.9896203875541687
2025-05-23,LSTM,44,0.9891627430915833
2025-05-23,LSTM,45,0.9887075424194336
2025-05-23,LSTM,46,0.9882540702819824
2025-05-23,LSTM,47,0.9878018498420715
2025-05-23,LSTM,48,0.9873501062393188
2025-05-23,LSTM,49,0.9868986010551453
2025-05-23,LSTM,50,0.9864465594291687
2025-05-23,LSTM,51,0.9859934449195862
2025-05-23,LSTM,52,0.9855387806892395
2025-05-23,LSTM,53,0.9850820899009705
2025-05-23,LSTM,54,0.9846226572990417
2025-05-23,LSTM,55,0.9841602444648743
2025-05-23,LSTM,56,0.9836941361427307
2025-05-23,LSTM,57,0.9832239151000977
2025-05-23,LSTM,58,0.9827489852905273
2025-05-23,LSTM,59,0.9822691082954407
2025-05-23,LSTM,60,0.9817836880683899
2025-05-23,LSTM,61,0.981292188167572
2025-05-23,LSTM,62,0.980794370174408
2025-05-23,LSTM,63,0.9802896976470947
2025-05-23,LSTM,64,0.9797779321670532
2025-05-23,LSTM,65,0.9792582392692566
2025-05-23,LSTM,66,0.9787309169769287
2025-05-23,LSTM,67,0.9781953692436218
2025-05-23,LSTM,68,0.9776510000228882
2025-05-23,LSTM,69,0.9770979881286621
2025-05-23,LSTM,70,0.9765357971191406
2025-05-23,LSTM,71,0.9759643077850342
2025-05-23,LSTM,72,0.9753832221031189
2025-05-23,LSTM,73,0.9747922420501709
2025-05-23,LSTM,74,0.974191427230835
2025-05-23,LSTM,75,0.9735801815986633
2025-05-23,LSTM,76,0.9729586243629456
2025-05-23,LSTM,77,0.9723264575004578
2025-05-23,LSTM,78,0.9716835021972656
2025-05-23,LSTM,79,0.9710295796394348
2025-05-23,LSTM,80,0.9703646302223206
2025-05-23,CNN,1,1.1781103610992432
2025-05-23,CNN,2,1.1686269044876099
2025-05-23,CNN,3,1.1595045328140259
2025-05-23,CNN,4,1.1507145166397095
2025-05-23,CNN,5,1.1422697305679321
2025-05-23,CNN,6,1.134195327758789
2025-05-23,CNN,7,1.126490831375122
2025-05-23,CNN,8,1.1190829277038574
2025-05-23,CNN,9,1.1120558977127075
2025-05-23,CNN,10,1.1053531169891357
2025-05-23,CNN,11,1.0989748239517212
2025-05-23,CNN,12,1.092926263809204
2025-05-23,CNN,13,1.0871487855911255
2025-05-23,CNN,14,1.0817160606384277
2025-05-23,CNN,15,1.0766061544418335
2025-05-23,CNN,16,1.0717649459838867
2025-05-23,CNN,17,1.0672378540039062
2025-05-23,CNN,18,1.0630180835723877
2025-05-23,CNN,19,1.0590543746948242
2025-05-23,CNN,20,1.0553780794143677
2025-05-23,CNN,21,1.05190110206604
2025-05-23,CNN,22,1.048672080039978
2025-05-23,CNN,23,1.0455820560455322
2025-05-23,CNN,24,1.0426464080810547
2025-05-23,CNN,25,1.0398820638656616
2025-05-23,CNN,26,1.0372769832611084
2025-05-23,CNN,27,1.0348396301269531
2025-05-23,CNN,28,1.0325119495391846
2025-05-23,CNN,29,1.0302834510803223
2025-05-23,CNN,30,1.0281734466552734
2025-05-23,CNN,31,1.0261701345443726
2025-05-23,CNN,32,1.0242568254470825
2025-05-23,CNN,33,1.0224477052688599
2025-05-23,CNN,34,1.0206578969955444
2025-05-23,CNN,35,1.0189565420150757
2025-05-23,CNN,36,1.0173336267471313
2025-05-23,CNN,37,1.0157967805862427
2025-05-23,CNN,38,1.0143356323242188
2025-05-23,CNN,39,1.0129441022872925
2025-05-23,CNN,40,1.0116047859191895
2025-05-23,CNN,41,1.0102735757827759
2025-05-23,CNN,42,1.0089588165283203
2025-05-23,CNN,43,1.0076687335968018
2025-05-23,CNN,44,1.0064120292663574
2025-05-23,CNN,45,1.0051718950271606
2025-05-23,CNN,46,1.0039465427398682
2025-05-23,CNN,47,1.0027124881744385
2025-05-23,CNN,48,1.0015190839767456
2025-05-23,CNN,49,1.0003968477249146
2025-05-23,CNN,50,0.9993194937705994
2025-05-23,CNN,51,0.998260498046875
2025-05-23,CNN,52,0.9972459673881531
2025-05-23,CNN,53,0.9962544441223145
2025-05-23,CNN,54,0.9953047633171082
2025-05-23,CNN,55,0.9943907260894775
2025-05-23,CNN,56,0.9934766888618469
2025-05-23,CNN,57,0.9925899505615234
2025-05-23,CNN,58,0.9917089343070984
2025-05-23,CNN,59,0.9908307194709778
2025-05-23,CNN,60,0.9899703860282898
2025-05-23,CNN,61,0.9891294240951538
2025-05-23,CNN,62,0.9883049726486206
2025-05-23,CNN,63,0.9874843955039978
2025-05-23,CNN,64,0.986666738986969
2025-05-23,CNN,65,0.9858607053756714
2025-05-23,CNN,66,0.9850577116012573
2025-05-23,CNN,67,0.9842601418495178
2025-05-23,CNN,68,0.9834602475166321
2025-05-23,CNN,69,0.9826463460922241
2025-05-23,CNN,70,0.9818276762962341
2025-05-23,CNN,71,0.9810121655464172
2025-05-23,CNN,72,0.9802141189575195
2025-05-23,CNN,73,0.9794436097145081
2025-05-23,CNN,74,0.9786774516105652
2025-05-23,CNN,75,0.9779351949691772
2025-05-23,CNN,76,0.9771798253059387
2025-05-23,CNN,77,0.976418673992157
2025-05-23,CNN,78,0.9756608009338379
2025-05-23,CNN,79,0.9748955965042114
2025-05-23,CNN,80,0.9741277694702148
2025-06-20,LSTM,1,1.0194119215011597
2025-06-20,LSTM,2,1.0182948112487793
2025-06-20,LSTM,3,1.0172001123428345
2025-06-20,LSTM,4,1.0161303281784058
2025-06-20,LSTM,5,1.0150854587554932
2025-06-20,LSTM,6,1.0140661001205444
2025-06-20,LSTM,7,1.0130723714828491
2025-06-20,LSTM,8,1.0121036767959595
2025-06-20,LSTM,9,1.0111597776412964
2025-06-20,LSTM,10,1.010240077972412
2025-06-20,LSTM,11,1.0093436241149902
2025-06-20,LSTM,12,1.008469820022583
2025-06-20,LSTM,13,1.0076178312301636
2025-06-20,LSTM,14,1.0067870616912842
2025-06-20,LSTM,15,1.0059770345687866
2025-06-20,LSTM,16,1.0051873922348022
2025-06-20,LSTM,17,1.0044177770614624
2025-06-20,LSTM,18,1.0036677122116089
2025-06-20,LSTM,19,1.002936840057373
2025-06-20,LSTM,20,1.0022246837615967
2025-06-20,LSTM,21,1.0015311241149902
2025-06-20,LSTM,22,1.000855565071106
2025-06-20,LSTM,23,1.000197410583496
2025-06-20,LSTM,24,0.9995558261871338
2025-06-20,LSTM,25,0.9989306926727295
2025-06-20,LSTM,26,0.9983205199241638
2025-06-20,LSTM,27,0.9977251887321472
2025-06-20,LSTM,28,0.9971436262130737
2025-06-20,LSTM,29,0.9965750575065613
2025-06-20,LSTM,30,0.9960188269615173
2025-06-20,LSTM,31,0.9954742193222046
2025-06-20,LSTM,32,0.9949405789375305
2025-06-20,LSTM,33,0.9944168329238892
2025-06-20,LSTM,34,0.9939027428627014
2025-06-20,LSTM,35,0.9933975338935852
2025-06-20,LSTM,36,0.9929003715515137
2025-06-20,LSTM,37,0.9924107789993286
2025-06-20,LSTM,38,0.9919281005859375
2025-06-20,LSTM,39,0.9914517998695374
2025-06-20,LSTM,40,0.9909811019897461
2025-06-20,LSTM,41,0.9905155301094055
2025-06-20,LSTM,42,0.9900543689727783
2025-06-20,LSTM,43,0.9895970821380615
2025-06-20,LSTM,44,0.9891431927680969
2025-06-20,LSTM,45,0.9886921048164368
2025-06-20,LSTM,46,0.9882433414459229
2025-06-20,LSTM,47,0.9877960085868835
2025-06-20,LSTM,48,0.9873498678207397
2025-06-20,LSTM,49,0.9869043231010437
2025-06-20,LSTM,50,0.9864588379859924
2025-06-20,LSTM,51,0.9860128164291382
2025-06-20,LSTM,52,0.9855657815933228
2025-06-20,LSTM,53,0.9851171374320984
2025-06-20,LSTM,54,0.9846665263175964
2025-06-20,LSTM,55,0.9842133522033691
2025-06-20,LSTM,56,0.9837571382522583
2025-06-20,LSTM,57,0.9832974076271057
2025-06-20,LSTM,58,0.9828336238861084
2025-06-20,LSTM,59,0.9823655486106873
2025-06-20,LSTM,60,0.981892466545105
2025-06-20,LSTM,61,0.9814141988754272
2025-06-20,LSTM,62,0.9809300899505615
2025-06-20,LSTM,63,0.9804399013519287
2025-06-20,LSTM,64,0.9799431562423706
2025-06-20,LSTM,65,0.9794397354125977
2025-06-20,LSTM,66,0.9789289832115173
2025-06-20,LSTM,67,0.9784108400344849
2025-06-20,LSTM,68,0.9778848886489868
2025-06-20,LSTM,69,0.9773509502410889
2025-06-20,LSTM,70,0.9768087267875671
2025-06-20,LSTM,71,0.9762580394744873
2025-06-20,LSTM,72,0.975698709487915
2025-06-20,LSTM,73,0.9751303791999817
2025-06-20,LSTM,74,0.9745530486106873
2025-06-20,LSTM,75,0.9739664793014526
2025-06-20,LSTM,76,0.9733705520629883
2025-06-20,LSTM,77,0.9727650880813599
2025-06-20,LSTM,78,0.9721498489379883
2025-06-20,LSTM,79,0.9715246558189392
2025-06-20,LSTM,80,0.9708895087242126
2025-06-20,CNN,1,1.1778126955032349
2025-06-20,CNN,2,1.1683400869369507
2025-06-20,CNN,3,1.1592159271240234
2025-06-20,CNN,4,1.1504230499267578
2025-06-20,CNN,5,1.141981840133667
2025-06-20,CNN,6,1.1339253187179565
2025-06-20,CNN,7,1.1262080669403076
2025-06-20,CNN,8,1.1188035011291504
2025-06-20,CNN,9,1.1117993593215942
2025-06-20,CNN,10,1.1051143407821655
2025-06-20,CNN,11,1.0987285375595093
2025-06-20,CNN,12,1.092665672302246
2025-06-20,CNN,13,1.0869104862213135
2025-06-20,CNN,14,1.0815150737762451
2025-06-20,CNN,15,1.0764617919921875
2025-06-20,CNN,16,1.0716609954833984
2025-06-20,CNN,17,1.0671664476394653
2025-06-20,CNN,18,1.062986135482788
2025-06-20,CNN,19,1.0590250492095947
2025-06-20,CNN,20,1.0553596019744873
2025-06-20,CNN,21,1.0519001483917236
2025-06-20,CNN,22,1.048690676689148
2025-06-20,CNN,23,1.0456608533859253
2025-06-20,CNN,24,1.042808175086975
2025-06-20,CNN,25,1.0401066541671753
2025-06-20,CNN,26,1.0375162363052368
2025-06-20,CNN,27,1.0350804328918457
2025-06-20,CNN,28,1.0327727794647217
2025-06-20,CNN,29,1.0305676460266113
2025-06-20,CNN,30,1.02847421169281
2025-06-20,CNN,31,1.0264743566513062
2025-06-20,CNN,32,1.0245518684387207
2025-06-20,CNN,33,1.0227229595184326
2025-06-20,CNN,34,1.020957589149475
2025-06-20,CNN,35,1.0192674398422241
2025-06-20,CNN,36,1.0176604986190796
2025-06-20,CNN,37,1.0161343812942505
2025-06-20,CNN,38,1.0146770477294922
2025-06-20,CNN,39,1.0132791996002197
2025-06-20,CNN,40,1.0119330883026123
2025-06-20,CNN,41,1.0106406211853027
2025-06-20,CNN,42,1.0093899965286255
2025-06-20,CNN,43,1.0081580877304077
2025-06-20,CNN,44,1.0069314241409302
2025-06-20,CNN,45,1.0057058334350586
2025-06-20,CNN,46,1.0045151710510254
2025-06-20,CNN,47,1.0033366680145264
2025-06-20,CNN,48,1.0021826028823853
2025-06-20,CNN,49,1.0010690689086914
2025-06-20,CNN,50,0.9999805092811584
2025-06-20,CNN,51,0.9988968372344971
2025-06-20,CNN,52,0.997867226600647
2025-06-20,CNN,53,0.9968864321708679
2025-06-20,CNN,54,0.9959294199943542
2025-06-20,CNN,55,0.9949974417686462
2025-06-20,CNN,56,0.9941011071205139
2025-06-20,CNN,57,0.9932188987731934
2025-06-20,CNN,58,0.9923486709594727
2025-06-20,CNN,59,0.9914868474006653
2025-06-20,CNN,60,0.9906401038169861
2025-06-20,CNN,61,0.989797830581665
2025-06-20,CNN,62,0.9889741539955139
2025-06-20,CNN,63,0.9881677031517029
2025-06-20,CNN,64,0.9873664379119873
2025-06-20,CNN,65,0.9865575432777405
2025-06-20,CNN,66,0.9857410192489624
2025-06-20,CNN,67,0.984929621219635
2025-06-20,CNN,68,0.9841203689575195
2025-06-20,CNN,69,0.9833084344863892
2025-06-20,CNN,70,0.9825069308280945
2025-06-20,CNN,71,0.9817205667495728
2025-06-20,CNN,72,0.9809399247169495
2025-06-20,CNN,73,0.9801627993583679
2025-06-20,CNN,74,0.9793968200683594
2025-06-20,CNN,75,0.9786441326141357
2025-06-20,CNN,76,0.9778932332992554
2025-06-20,CNN,77,0.9771411418914795
2025-06-20,CNN,78,0.9763877987861633
2025-06-20,CNN,79,0.9756320714950562
2025-06-20,CNN,80,0.9748774766921997
2025-07-18,LSTM,1,1.019695520401001
2025-07-18,LSTM,2,1.0185710191726685
2025-07-18,LSTM,3,1.0174750089645386
2025-07-18,LSTM,4,1.0164101123809814
2025-07-18,LSTM,5,1.0153720378875732
2025-07-18,LSTM,6,1.014359474182129
2025-07-18,LSTM,7,1.0133723020553589
2025-07-18,LSTM,8,1.0124098062515259
2025-07-18,LSTM,9,1.0114715099334717
2025-07-18,LSTM,10,1.0105564594268799
2025-07-18,LSTM,11,1.0096646547317505
2025-07-18,LSTM,12,1.0087954998016357
2025-07-18,LSTM,13,1.0079481601715088
2025-07-18,LSTM,14,1.0071223974227905
2025-07-18,LSTM,15,1.0063177347183228
2025-07-18,LSTM,16,1.0055334568023682
2025-07-18,LSTM,17,1.0047694444656372
2025-07-18,LSTM,18,1.0040251016616821
2025-07-18,LSTM,19,1.003299593925476
2025-07-18,LSTM,20,1.0025930404663086
2025-07-18,LSTM,21,1.0019047260284424
2025-07-18,LSTM,22,1.0012341737747192
2025-07-18,LSTM,23,1.000580906867981
2025-07-18,LSTM,24,0.9999440908432007
2025-07-18,LSTM,25,0.9993230104446411
2025-07-18,LSTM,26,0.9987173676490784
2025-07-18,LSTM,27,0.9981261491775513
2025-07-18,LSTM,28,0.9975486993789673
2025-07-18,LSTM,29,0.9969840049743652
2025-07-18,LSTM,30,0.9964319467544556
2025-07-18,LSTM,31,0.995891273021698
2025-07-18,LSTM,32,0.9953616261482239
2025-07-18,LSTM,33,0.9948422908782959
2025-07-18,LSTM,34,0.9943323135375977
2025-07-18,LSTM,35,0.9938315153121948
2025-07-18,LSTM,36,0.993338942527771
2025-07-18,LSTM,37,0.9928539395332336
2025-07-18,LSTM,38,0.992375910282135
2025-07-18,LSTM,39,0.9919045567512512
2025-07-18,LSTM,40,0.9914389848709106
2025-07-18,LSTM,41,0.9909786581993103
2025-07-18,LSTM,42,0.9905229210853577
2025-07-18,LSTM,43,0.9900713562965393
2025-07-18,LSTM,44,0.9896233081817627
2025-07-18,LSTM,45,0.9891783595085144
2025-07-18,LSTM,46,0.9887359142303467
2025-07-18,LSTM,47,0.9882952570915222
2025-07-18,LSTM,48,0.9878561496734619
2025-07-18,LSTM,49,0.9874179363250732
2025-07-18,LSTM,50,0.986980140209198
2025-07-18,LSTM,51,0.9865420460700989
2025-07-18,LSTM,52,0.9861035346984863
2025-07-18,LSTM,53,0.9856641292572021
2025-07-18,LSTM,54,0.9852229356765747
2025-07-18,LSTM,55,0.9847797155380249
2025-07-18,LSTM,56,0.9843340516090393
2025-07-18,LSTM,57,0.9838854670524597
2025-07-18,LSTM,58,0.9834333062171936
2025-07-18,LSTM,59,0.9829774498939514
2025-07-18,LSTM,60,0.9825173020362854
2025-07-18,LSTM,61,0.9820525050163269
2025-07-18,LSTM,62,0.9815825819969177
2025-07-18,LSTM,63,0.9811074137687683
2025-07-18,LSTM,64,0.9806262254714966
2025-07-18,LSTM,65,0.9801390171051025
2025-07-18,LSTM,66,0.9796454906463623
2025-07-18,LSTM,67,0.9791451692581177
2025-07-18,LSTM,68,0.9786378145217896
2025-07-18,LSTM,69,0.978123128414154
2025-07-18,LSTM,70,0.9776010513305664
2025-07-18,LSTM,71,0.9770713448524475
2025-07-18,LSTM,72,0.9765336513519287
2025-07-18,LSTM,73,0.9759878516197205
2025-07-18,LSTM,74,0.9754337072372437
2025-07-18,LSTM,75,0.9748712778091431
2025-07-18,LSTM,76,0.9743000864982605
2025-07-18,LSTM,77,0.9737201929092407
2025-07-18,LSTM,78,0.973131537437439
2025-07-18,LSTM,79,0.972533643245697
2025-07-18,LSTM,80,0.9719263911247253
2025-07-18,CNN,1,1.1784651279449463
2025-07-18,CNN,2,1.1689835786819458
2025-07-18,CNN,3,1.1598317623138428
2025-07-18,CNN,4,1.151028037071228
2025-07-18,CNN,5,1.142577886581421
2025-07-18,CNN,6,1.1345090866088867
2025-07-18,CNN,7,1.1268118619918823
2025-07-18,CNN,8,1.1194170713424683
2025-07-18,CNN,9,1.1124210357666016
2025-07-18,CNN,10,1.1057640314102173
2025-07-18,CNN,11,1.0994633436203003
2025-07-18,CNN,12,1.0935245752334595
2025-07-18,CNN,13,1.0878335237503052
2025-07-18,CNN,14,1.0824542045593262
2025-07-18,CNN,15,1.0773488283157349
2025-07-18,CNN,16,1.072512149810791
2025-07-18,CNN,17,1.067966341972351
2025-07-18,CNN,18,1.0637195110321045
2025-07-18,CNN,19,1.0597010850906372
2025-07-18,CNN,20,1.0559327602386475
2025-07-18,CNN,21,1.0524665117263794
2025-07-18,CNN,22,1.0492491722106934
2025-07-18,CNN,23,1.046189785003662
2025-07-18,CNN,24,1.0432934761047363
2025-07-18,CNN,25,1.0405340194702148
2025-07-18,CNN,26,1.037906289100647
2025-07-18,CNN,27,1.035430669784546
2025-07-18,CNN,28,1.0331087112426758
2025-07-18,CNN,29,1.0308891534805298
2025-07-18,CNN,30,1.0287812948226929
2025-07-18,CNN,31,1.026784896850586
2025-07-18,CNN,32,1.024856686592102
2025-07-18,CNN,33,1.0230144262313843
2025-07-18,CNN,34,1.0212323665618896
2025-07-18,CNN,35,1.0195250511169434
2025-07-18,CNN,36,1.0178922414779663
2025-07-18,CNN,37,1.0163320302963257
2025-07-18,CNN,38,1.0148545503616333
2025-07-18,CNN,39,1.0134387016296387
2025-07-18,CNN,40,1.012081265449524
2025-07-18,CNN,41,1.0107643604278564
2025-07-18,CNN,42,1.0094730854034424
2025-07-18,CNN,43,1.0081952810287476
2025-07-18,CNN,44,1.0069470405578613
2025-07-18,CNN,45,1.0057008266448975
2025-07-18,CNN,46,1.0044938325881958
2025-07-18,CNN,47,1.003310203552246
2025-07-18,CNN,48,1.0021462440490723
2025-07-18,CNN,49,1.0010250806808472
2025-07-18,CNN,50,0.9999653100967407
2025-07-18,CNN,51,0.9989213943481445
2025-07-18,CNN,52,0.997908353805542
2025-07-18,CNN,53,0.996942937374115
2025-07-18,CNN,54,0.9960120320320129
2025-07-18,CNN,55,0.9950916171073914
2025-07-18,CNN,56,0.9942005276679993
2025-07-18,CNN,57,0.9933191537857056
2025-07-18,CNN,58,0.9924526810646057
2025-07-18,CNN,59,0.9916044473648071
2025-07-18,CNN,60,0.9907572269439697
2025-07-18,CNN,61,0.9899088740348816
2025-07-18,CNN,62,0.9890744090080261
2025-07-18,CNN,63,0.9882493019104004
2025-07-18,CNN,64,0.987450897693634
2025-07-18,CNN,65,0.9866536259651184
2025-07-18,CNN,66,0.9858558773994446
2025-07-18,CNN,67,0.9850652813911438
2025-07-18,CNN,68,0.9842525720596313
2025-07-18,CNN,69,0.983436644077301
2025-07-18,CNN,70,0.9826217889785767
2025-07-18,CNN,71,0.9818220138549805
2025-07-18,CNN,72,0.9810277819633484
2025-07-18,CNN,73,0.9802396297454834
2025-07-18,CNN,74,0.9794853329658508
2025-07-18,CNN,75,0.9787325263023376
2025-07-18,CNN,76,0.9779724478721619
2025-07-18,CNN,77,0.9771885275840759
2025-07-18,CNN,78,0.9764183759689331
2025-07-18,CNN,79,0.9756522178649902
2025-07-18,CNN,80,0.9748933911323547
2025-08-15,LSTM,1,1.019836664199829
2025-08-15,LSTM,2,1.0187091827392578
2025-08-15,LSTM,3,1.0176202058792114
2025-08-15,LSTM,4,1.016563892364502
2025-08-15,LSTM,5,1.0155363082885742
2025-08-15,LSTM,6,1.0145355463027954
2025-08-15,LSTM,7,1.0135596990585327
2025-08-15,LSTM,8,1.0126075744628906
2025-08-15,LSTM,9,1.011678695678711
2025-08-15,LSTM,10,1.0107721090316772
2025-08-15,LSTM,11,1.009887456893921
2025-08-15,LSTM,12,1.009024739265442
2025-08-15,LSTM,13,1.0081831216812134
2025-08-15,LSTM,14,1.0073623657226562
2025-08-15,LSTM,15,1.006562352180481
2025-08-15,LSTM,16,1.0057824850082397
2025-08-15,LSTM,17,1.0050221681594849
2025-08-15,LSTM,18,1.0042810440063477
2025-08-15,LSTM,19,1.0035587549209595
2025-08-15,LSTM,20,1.0028550624847412
2025-08-15,LSTM,21,1.0021692514419556
2025-08-15,LSTM,22,1.0015009641647339
2025-08-15,LSTM,23,1.0008494853973389
2025-08-15,LSTM,24,1.000214695930481
2025-08-15,LSTM,25,0.9995956420898438
2025-08-15,LSTM,26,0.9989914894104004
2025-08-15,LSTM,27,0.9984019994735718
2025-08-15,LSTM,28,0.9978260397911072
2025-08-15,LSTM,29,0.9972628355026245
2025-08-15,LSTM,30,0.996712327003479
2025-08-15,LSTM,31,0.9961731433868408
2025-08-15,LSTM,32,0.9956448078155518
2025-08-15,LSTM,33,0.9951266646385193
2025-08-15,LSTM,34,0.9946180582046509
2025-08-15,LSTM,35,0.9941185116767883
2025-08-15,LSTM,36,0.9936270713806152
2025-08-15,LSTM,37,0.9931433796882629
2025-08-15,LSTM,38,0.9926666617393494
2025-08-15,LSTM,39,0.9921964406967163
2025-08-15,LSTM,40,0.9917319416999817
2025-08-15,LSTM,41,0.9912726283073425
2025-08-15,LSTM,42,0.9908180832862854
2025-08-15,LSTM,43,0.9903674721717834
2025-08-15,LSTM,44,0.9899203777313232
2025-08-15,LSTM,45,0.9894766211509705
2025-08-15,LSTM,46,0.9890350699424744
2025-08-15,LSTM,47,0.9885954260826111
2025-08-15,LSTM,48,0.9881572127342224
2025-08-15,LSTM,49,0.9877200722694397
2025-08-15,LSTM,50,0.9872832894325256
2025-08-15,LSTM,51,0.9868465662002563
2025-08-15,LSTM,52,0.9864092469215393
2025-08-15,LSTM,53,0.9859708547592163
2025-08-15,LSTM,54,0.9855309128761292
2025-08-15,LSTM,55,0.985089123249054
2025-08-15,LSTM,56,0.9846449494361877
2025-08-15,LSTM,57,0.9841977953910828
2025-08-15,LSTM,58,0.9837472438812256
2025-08-15,LSTM,59,0.9832928776741028
2025-08-15,LSTM,60,0.9828344583511353
2025-08-15,LSTM,61,0.9823713302612305
2025-08-15,LSTM,62,0.9819034337997437
2025-08-15,LSTM,63,0.9814299941062927
2025-08-15,LSTM,64,0.9809508919715881
2025-08-15,LSTM,65,0.9804657697677612
2025-08-15,LSTM,66,0.9799741506576538
2025-08-15,LSTM,67,0.9794760346412659
2025-08-15,LSTM,68,0.9789707660675049
2025-08-15,LSTM,69,0.9784585237503052
2025-08-15,LSTM,70,0.9779388308525085
2025-08-15,LSTM,71,0.9774113297462463
2025-08-15,LSTM,72,0.9768761396408081
2025-08-15,LSTM,73,0.9763327836990356
2025-08-15,LSTM,74,0.9757812023162842
2025-08-15,LSTM,75,0.9752212762832642
2025-08-15,LSTM,76,0.9746529459953308
2025-08-15,LSTM,77,0.9740757346153259
2025-08-15,LSTM,78,0.9734899997711182
2025-08-15,LSTM,79,0.972895085811615
2025-08-15,LSTM,80,0.9722910523414612
2025-08-15,CNN,1,1.1783854961395264
2025-08-15,CNN,2,1.168916940689087
2025-08-15,CNN,3,1.159774899482727
2025-08-15,CNN,4,1.1509745121002197
2025-08-15,CNN,5,1.1425315141677856
2025-08-15,CNN,6,1.1344616413116455
2025-08-15,CNN,7,1.1267733573913574
2025-08-15,CNN,8,1.1193923950195312
2025-08-15,CNN,9,1.112410545349121
2025-08-15,CNN,10,1.1057757139205933
2025-08-15,CNN,11,1.0994808673858643
2025-08-15,CNN,12,1.0935512781143188
2025-08-15,CNN,13,1.0878791809082031
2025-08-15,CNN,14,1.08250093460083
2025-08-15,CNN,15,1.0774132013320923
2025-08-15,CNN,16,1.0725656747817993
2025-08-15,CNN,17,1.068029761314392
2025-08-15,CNN,18,1.0637853145599365
2025-08-15,CNN,19,1.0597573518753052
2025-08-15,CNN,20,1.0559678077697754
2025-08-15,CNN,21,1.0525095462799072
2025-08-15,CNN,22,1.0493100881576538
2025-08-15,CNN,23,1.0462448596954346
2025-08-15,CNN,24,1.0433428287506104
2025-08-15,CNN,25,1.0405778884887695
2025-08-15,CNN,26,1.0379540920257568
2025-08-15,CNN,27,1.035478115081787
2025-08-15,CNN,28,1.0331487655639648
2025-08-15,CNN,29,1.030922293663025
2025-08-15,CNN,30,1.0288188457489014
2025-08-15,CNN,31,1.026820421218872
2025-08-15,CNN,32,1.0248935222625732
2025-08-15,CNN,33,1.0230385065078735
2025-08-15,CNN,34,1.0212409496307373
2025-08-15,CNN,35,1.0195242166519165
2025-08-15,CNN,36,1.0179007053375244
2025-08-15,CNN,37,1.016358733177185
2025-08-15,CNN,38,1.0148744583129883
2025-08-15,CNN,39,1.0134450197219849
2025-08-15,CNN,40,1.0120757818222046
2025-08-15,CNN,41,1.010758399963379
2025-08-15,CNN,42,1.0094985961914062
2025-08-15,CNN,43,1.008236050605774
2025-08-15,CNN,44,1.0069866180419922
2025-08-15,CNN,45,1.0057716369628906
2025-08-15,CNN,46,1.0045876502990723
2025-08-15,CNN,47,1.003419041633606
2025-08-15,CNN,48,1.0022798776626587
2025-08-15,CNN,49,1.0011752843856812
2025-08-15,CNN,50,1.0001041889190674
2025-08-15,CNN,51,0.9990726709365845
2025-08-15,CNN,52,0.9980652928352356
2025-08-15,CNN,53,0.9970834851264954
2025-08-15,CNN,54,0.9961552023887634
2025-08-15,CNN,55,0.9952476620674133
2025-08-15,CNN,56,0.9943658113479614
2025-08-15,CNN,57,0.9934930801391602
2025-08-15,CNN,58,0.9926375150680542
2025-08-15,CNN,59,0.9917857646942139
2025-08-15,CNN,60,0.9909379482269287
2025-08-15,CNN,61,0.9900873899459839
2025-08-15,CNN,62,0.9892461895942688
2025-08-15,CNN,63,0.988417387008667
2025-08-15,CNN,64,0.987599790096283
2025-08-15,CNN,65,0.9868025183677673
2025-08-15,CNN,66,0.9860072731971741
2025-08-15,CNN,67,0.9852161407470703
2025-08-15,CNN,68,0.9844053387641907
2025-08-15,CNN,69,0.9835836887359619
2025-08-15,CNN,70,0.9827759265899658
2025-08-15,CNN,71,0.9819718599319458
2025-08-15,CNN,72,0.9811685085296631
2025-08-15,CNN,73,0.9803725481033325
2025-08-15,CNN,74,0.9795980453491211
2025-08-15,CNN,75,0.9788432121276855
2025-08-15,CNN,76,0.9780838489532471
2025-08-15,CNN,77,0.9773079752922058
2025-08-15,CNN,78,0.9765315651893616
2025-08-15,CNN,79,0.9757537245750427
2025-08-15,CNN,80,0.9749726057052612
2025-09-12,LSTM,1,1.0206013917922974
2025-09-12,LSTM,2,1.019505262374878
2025-09-12,LSTM,3,1.0184314250946045
2025-09-12,LSTM,4,1.017385721206665
2025-09-12,LSTM,5,1.0163687467575073
2025-09-12,LSTM,6,1.0153783559799194
2025-09-12,LSTM,7,1.014412522315979
2025-09-12,LSTM,8,1.013468861579895
2025-09-12,LSTM,9,1.0125466585159302
2025-09-12,LSTM,10,1.0116450786590576
2025-09-12,LSTM,11,1.01076340675354
2025-09-12,LSTM,12,1.0099014043807983
2025-09-12,LSTM,13,1.009058952331543
2025-09-12,LSTM,14,1.0082359313964844
2025-09-12,LSTM,15,1.0074318647384644
2025-09-12,LSTM,16,1.0066468715667725
2025-09-12,LSTM,17,1.00588059425354
2025-09-12,LSTM,18,1.0051325559616089
2025-09-12,LSTM,19,1.0044028759002686
2025-09-12,LSTM,20,1.0036910772323608
2025-09-12,LSTM,21,1.0029966831207275
2025-09-12,LSTM,22,1.0023192167282104
2025-09-12,LSTM,23,1.0016586780548096
2025-09-12,LSTM,24,1.0010141134262085
2025-09-12,LSTM,25,1.000385046005249
2025-09-12,LSTM,26,0.9997711777687073
2025-09-12,LSTM,27,0.9991717338562012
2025-09-12,LSTM,28,0.9985857605934143
2025-09-12,LSTM,29,0.998012900352478
2025-09-12,LSTM,30,0.9974523782730103
2025-09-12,LSTM,31,0.9969035387039185
2025-09-12,LSTM,32,0.9963654279708862
2025-09-12,LSTM,33,0.9958376288414001
2025-09-12,LSTM,34,0.9953193068504333
2025-09-12,LSTM,35,0.9948099255561829
2025-09-12,LSTM,36,0.9943084120750427
2025-09-12,LSTM,37,0.9938144683837891
2025-09-12,LSTM,38,0.9933272004127502
2025-09-12,LSTM,39,0.9928461313247681
2025-09-12,LSTM,40,0.9923703670501709
2025-09-12,LSTM,41,0.9918993711471558
2025-09-12,LSTM,42,0.9914326071739197
2025-09-12,LSTM,43,0.9909694790840149
2025-09-12,LSTM,44,0.9905092716217041
2025-09-12,LSTM,45,0.9900515675544739
2025-09-12,LSTM,46,0.9895956516265869
2025-09-12,LSTM,47,0.9891411066055298
2025-09-12,LSTM,48,0.98868727684021
2025-09-12,LSTM,49,0.9882338643074036
2025-09-12,LSTM,50,0.9877800941467285
2025-09-12,LSTM,51,0.9873257875442505
2025-09-12,LSTM,52,0.986870527267456
2025-09-12,LSTM,53,0.9864135384559631
2025-09-12,LSTM,54,0.985954761505127
2025-09-12,LSTM,55,0.9854936003684998
2025-09-12,LSTM,56,0.9850296378135681
2025-09-12,LSTM,57,0.9845625162124634
2025-09-12,LSTM,58,0.9840919375419617
2025-09-12,LSTM,59,0.9836175441741943
2025-09-12,LSTM,60,0.9831385612487793
2025-09-12,LSTM,61,0.9826549887657166
2025-09-12,LSTM,62,0.9821665287017822
2025-09-12,LSTM,63,0.9816727042198181
2025-09-12,LSTM,64,0.9811730980873108
2025-09-12,LSTM,65,0.9806674718856812
2025-09-12,LSTM,66,0.9801554083824158
2025-09-12,LSTM,67,0.9796369075775146
2025-09-12,LSTM,68,0.9791114926338196
2025-09-12,LSTM,69,0.9785788655281067
2025-09-12,LSTM,70,0.9780387878417969
2025-09-12,LSTM,71,0.9774913191795349
2025-09-12,LSTM,72,0.9769359827041626
2025-09-12,LSTM,73,0.9763727188110352
2025-09-12,LSTM,74,0.9758011698722839
2025-09-12,LSTM,75,0.9752214550971985
2025-09-12,LSTM,76,0.9746330976486206
2025-09-12,LSTM,77,0.9740361571311951
2025-09-12,LSTM,78,0.9734301567077637
2025-09-12,LSTM,79,0.9728153347969055
2025-09-12,LSTM,80,0.9721913933753967
2025-09-12,CNN,1,1.1782219409942627
2025-09-12,CNN,2,1.168789029121399
2025-09-12,CNN,3,1.1596840620040894
2025-09-12,CNN,4,1.150920033454895
2025-09-12,CNN,5,1.1425174474716187
2025-09-12,CNN,6,1.1344809532165527
2025-09-12,CNN,7,1.126814365386963
2025-09-12,CNN,8,1.1194589138031006
2025-09-12,CNN,9,1.1125202178955078
2025-09-12,CNN,10,1.1059131622314453
2025-09-12,CNN,11,1.0996555089950562
2025-09-12,CNN,12,1.0937539339065552
2025-09-12,CNN,13,1.0880993604660034
2025-09-12,CNN,14,1.0827711820602417
2025-09-12,CNN,15,1.0777370929718018
2025-09-12,CNN,16,1.0729492902755737
2025-09-12,CNN,17,1.0684683322906494
2025-09-12,CNN,18,1.064276099205017
2025-09-12,CNN,19,1.0602924823760986
2025-09-12,CNN,20,1.05656099319458
2025-09-12,CNN,21,1.0531340837478638
2025-09-12,CNN,22,1.04996919631958
2025-09-12,CNN,23,1.0469551086425781
2025-09-12,CNN,24,1.0440940856933594
2025-09-12,CNN,25,1.041378378868103
2025-09-12,CNN,26,1.0388007164001465
2025-09-12,CNN,27,1.036375880241394
2025-09-12,CNN,28,1.0340821743011475
2025-09-12,CNN,29,1.0318989753723145
2025-09-12,CNN,30,1.0298291444778442
2025-09-12,CNN,31,1.0278630256652832
2025-09-12,CNN,32,1.025995135307312
2025-09-12,CNN,33,1.0242081880569458
2025-09-12,CNN,34,1.0224659442901611
2025-09-12,CNN,35,1.0207750797271729
2025-09-12,CNN,36,1.019169569015503
2025-09-12,CNN,37,1.0176417827606201
2025-09-12,CNN,38,1.0161700248718262
2025-09-12,CNN,39,1.0147426128387451
2025-09-12,CNN,40,1.0133628845214844
2025-09-12,CNN,41,1.0120666027069092
2025-09-12,CNN,42,1.0107929706573486
2025-09-12,CNN,43,1.0095560550689697
2025-09-12,CNN,44,1.0083520412445068
2025-09-12,CNN,45,1.0071876049041748
2025-09-12,CNN,46,1.0060304403305054
2025-09-12,CNN,47,1.004887342453003
2025-09-12,CNN,48,1.0037662982940674
2025-09-12,CNN,49,1.0026627779006958
2025-09-12,CNN,50,1.0015801191329956
2025-09-12,CNN,51,1.0005050897598267
2025-09-12,CNN,52,0.9994595050811768
2025-09-12,CNN,53,0.9984411597251892
2025-09-12,CNN,54,0.9974650740623474
2025-09-12,CNN,55,0.9965136051177979
2025-09-12,CNN,56,0.9955741763114929
2025-09-12,CNN,57,0.9946311712265015
2025-09-12,CNN,58,0.9937000274658203
2025-09-12,CNN,59,0.9927642941474915
2025-09-12,CNN,60,0.9918416738510132
2025-09-12,CNN,61,0.9909396171569824
2025-09-12,CNN,62,0.9900397658348083
2025-09-12,CNN,63,0.9891480207443237
2025-09-12,CNN,64,0.988250732421875
2025-09-12,CNN,65,0.98735511302948
2025-09-12,CNN,66,0.986465334892273
2025-09-12,CNN,67,0.9855710864067078
2025-09-12,CNN,68,0.9846674203872681
2025-09-12,CNN,69,0.9837520122528076
2025-09-12,CNN,70,0.9828255772590637
2025-09-12,CNN,71,0.9819104075431824
2025-09-12,CNN,72,0.9809905886650085
2025-09-12,CNN,73,0.980061948299408
2025-09-12,CNN,74,0.9791273474693298
2025-09-12,CNN,75,0.978206992149353
2025-09-12,CNN,76,0.9772827625274658
2025-09-12,CNN,77,0.9763720035552979
2025-09-12,CNN,78,0.9754304885864258
2025-09-12,CNN,79,0.9745098352432251
2025-09-12,CNN,80,0.973610520362854
2025-10-10,LSTM,1,1.0204187631607056
2025-10-10,LSTM,2,1.019331693649292
2025-10-10,LSTM,3,1.0182697772979736
2025-10-10,LSTM,4,1.017235279083252
2025-10-10,LSTM,5,1.0162272453308105
2025-10-10,LSTM,6,1.0152441263198853
2025-10-10,LSTM,7,1.0142842531204224
2025-10-10,LSTM,8,1.0133463144302368
2025-10-10,LSTM,9,1.0124292373657227
2025-10-10,LSTM,10,1.0115324258804321
2025-10-10,LSTM,11,1.0106558799743652
2025-10-10,LSTM,12,1.0097994804382324
2025-10-10,LSTM,13,1.0089632272720337
2025-10-10,LSTM,14,1.008147120475769
2025-10-10,LSTM,15,1.0073506832122803
2025-10-10,LSTM,16,1.006574034690857
2025-10-10,LSTM,17,1.0058163404464722
2025-10-10,LSTM,18,1.0050780773162842
2025-10-10,LSTM,19,1.0043576955795288
2025-10-10,LSTM,20,1.0036555528640747
2025-10-10,LSTM,21,1.0029710531234741
2025-10-10,LSTM,22,1.0023034811019897
2025-10-10,LSTM,23,1.0016525983810425
2025-10-10,LSTM,24,1.001017689704895
2025-10-10,LSTM,25,1.0003981590270996
2025-10-10,LSTM,26,0.999793291091919
2025-10-10,LSTM,27,0.9992026090621948
2025-10-10,LSTM,28,0.9986255764961243
2025-10-10,LSTM,29,0.998060941696167
2025-10-10,LSTM,30,0.9975085854530334
2025-10-10,LSTM,31,0.9969671368598938
2025-10-10,LSTM,32,0.9964364767074585
2025-10-10,LSTM,33,0.9959156513214111
2025-10-10,LSTM,34,0.9954039454460144
2025-10-10,LSTM,35,0.9949007034301758
2025-10-10,LSTM,36,0.9944053292274475
2025-10-10,LSTM,37,0.9939172267913818
2025-10-10,LSTM,38,0.9934353232383728
2025-10-10,LSTM,39,0.9929594397544861
2025-10-10,LSTM,40,0.9924890995025635
2025-10-10,LSTM,41,0.9920233488082886
2025-10-10,LSTM,42,0.9915617108345032
2025-10-10,LSTM,43,0.9911036491394043
2025-10-10,LSTM,44,0.9906485676765442
2025-10-10,LSTM,45,0.9901959300041199
2025-10-10,LSTM,46,0.9897451400756836
2025-10-10,LSTM,47,0.9892958402633667
2025-10-10,LSTM,48,0.988847553730011
2025-10-10,LSTM,49,0.9883994460105896
2025-10-10,LSTM,50,0.9879512190818787
2025-10-10,LSTM,51,0.98750239610672
2025-10-10,LSTM,52,0.9870525598526001
2025-10-10,LSTM,53,0.9866013526916504
2025-10-10,LSTM,54,0.9861480593681335
2025-10-10,LSTM,55,0.9856924414634705
2025-10-10,LSTM,56,0.9852338433265686
2025-10-10,LSTM,57,0.9847719669342041
2025-10-10,LSTM,58,0.9843066334724426
2025-10-10,LSTM,59,0.9838372468948364
2025-10-10,LSTM,60,0.9833635091781616
2025-10-10,LSTM,61,0.9828848838806152
2025-10-10,LSTM,62,0.9824011921882629
2025-10-10,LSTM,63,0.9819120764732361
2025-10-10,LSTM,64,0.9814171195030212
2025-10-10,LSTM,65,0.9809162616729736
2025-10-10,LSTM,66,0.9804090261459351
2025-10-10,LSTM,67,0.9798951148986816
2025-10-10,LSTM,68,0.9793741703033447
2025-10-10,LSTM,69,0.9788463711738586
2025-10-10,LSTM,70,0.9783113598823547
2025-10-10,LSTM,71,0.9777684807777405
2025-10-10,LSTM,72,0.9772180914878845
2025-10-10,LSTM,73,0.9766596555709839
2025-10-10,LSTM,74,0.9760931730270386
2025-10-10,LSTM,75,0.9755184054374695
2025-10-10,LSTM,76,0.9749351739883423
2025-10-10,LSTM,77,0.9743432402610779
2025-10-10,LSTM,78,0.973742663860321
2025-10-10,LSTM,79,0.9731332063674927
2025-10-10,LSTM,80,0.9725145101547241
2025-10-10,CNN,1,1.1778476238250732
2025-10-10,CNN,2,1.1684257984161377
2025-10-10,CNN,3,1.1593525409698486
2025-10-10,CNN,4,1.150615930557251
2025-10-10,CNN,5,1.1422463655471802
2025-10-10,CNN,6,1.1342312097549438
2025-10-10,CNN,7,1.1265895366668701
2025-10-10,CNN,8,1.119274616241455
2025-10-10,CNN,9,1.112349033355713
2025-10-10,CNN,10,1.1057617664337158
2025-10-10,CNN,11,1.099518895149231
2025-10-10,CNN,12,1.0936176776885986
2025-10-10,CNN,13,1.087986946105957
2025-10-10,CNN,14,1.08270263671875
2025-10-10,CNN,15,1.0776848793029785
2025-10-10,CNN,16,1.0729007720947266
2025-10-10,CNN,17,1.0684354305267334
2025-10-10,CNN,18,1.0642623901367188
2025-10-10,CNN,19,1.0603183507919312
2025-10-10,CNN,20,1.0565999746322632
2025-10-10,CNN,21,1.0531558990478516
2025-10-10,CNN,22,1.049945592880249
2025-10-10,CNN,23,1.046892523765564
2025-10-10,CNN,24,1.0440160036087036
2025-10-10,CNN,25,1.0412790775299072
2025-10-10,CNN,26,1.0386743545532227
2025-10-10,CNN,27,1.0362138748168945
2025-10-10,CNN,28,1.033888339996338
2025-10-10,CNN,29,1.031687617301941
2025-10-10,CNN,30,1.0296045541763306
2025-10-10,CNN,31,1.0276373624801636
2025-10-10,CNN,32,1.0257548093795776
2025-10-10,CNN,33,1.0239346027374268
2025-10-10,CNN,34,1.0221728086471558
2025-10-10,CNN,35,1.0204613208770752
2025-10-10,CNN,36,1.0188263654708862
2025-10-10,CNN,37,1.0173026323318481
2025-10-10,CNN,38,1.015836477279663
2025-10-10,CNN,39,1.0144156217575073
2025-10-10,CNN,40,1.0130447149276733
2025-10-10,CNN,41,1.0117532014846802
2025-10-10,CNN,42,1.0104892253875732
2025-10-10,CNN,43,1.0092384815216064
2025-10-10,CNN,44,1.0080362558364868
2025-10-10,CNN,45,1.0068285465240479
2025-10-10,CNN,46,1.0056630373001099
2025-10-10,CNN,47,1.0045363903045654
2025-10-10,CNN,48,1.0034575462341309
2025-10-10,CNN,49,1.0023982524871826
2025-10-10,CNN,50,1.001351237297058
2025-10-10,CNN,51,1.0003292560577393
2025-10-10,CNN,52,0.9993484020233154
2025-10-10,CNN,53,0.9984119534492493
2025-10-10,CNN,54,0.9974952936172485
2025-10-10,CNN,55,0.9966073632240295
2025-10-10,CNN,56,0.9957373738288879
2025-10-10,CNN,57,0.9948787093162537
2025-10-10,CNN,58,0.994030773639679
2025-10-10,CNN,59,0.9931938648223877
2025-10-10,CNN,60,0.9923669099807739
2025-10-10,CNN,61,0.991547167301178
2025-10-10,CNN,62,0.9907295107841492
2025-10-10,CNN,63,0.9899085164070129
2025-10-10,CNN,64,0.989091157913208
2025-10-10,CNN,65,0.9882897734642029
2025-10-10,CNN,66,0.9874840974807739
2025-10-10,CNN,67,0.9866881966590881
2025-10-10,CNN,68,0.9858946204185486
2025-10-10,CNN,69,0.9851000905036926
2025-10-10,CNN,70,0.9843105673789978
2025-10-10,CNN,71,0.9835290908813477
2025-10-10,CNN,72,0.9827554821968079
2025-10-10,CNN,73,0.981977105140686
2025-10-10,CNN,74,0.981196939945221
2025-10-10,CNN,75,0.9804440140724182
2025-10-10,CNN,76,0.9796935319900513
2025-10-10,CNN,77,0.9789415001869202
2025-10-10,CNN,78,0.9781847596168518
2025-10-10,CNN,79,0.9774274826049805
2025-10-10,CNN,80,0.9766832590103149
2025-11-07,LSTM,1,1.0203865766525269
2025-11-07,LSTM,2,1.019303798675537
2025-11-07,LSTM,3,1.018248200416565
2025-11-07,LSTM,4,1.0172194242477417
2025-11-07,LSTM,5,1.01621675491333
2025-11-07,LSTM,6,1.015238881111145
2025-11-07,LSTM,7,1.0142840147018433
2025-11-07,LSTM,8,1.0133507251739502
2025-11-07,LSTM,9,1.0124379396438599
2025-11-07,LSTM,10,1.011545181274414
2025-11-07,LSTM,11,1.0106725692749023
2025-11-07,LSTM,12,1.0098199844360352
2025-11-07,LSTM,13,1.008987545967102
2025-11-07,LSTM,14,1.0081751346588135
2025-11-07,LSTM,15,1.0073822736740112
2025-11-07,LSTM,16,1.0066089630126953
2025-11-07,LSTM,17,1.005854845046997
2025-11-07,LSTM,18,1.0051196813583374
2025-11-07,LSTM,19,1.004402756690979
2025-11-07,LSTM,20,1.0037037134170532
2025-11-07,LSTM,21,1.00302255153656
2025-11-07,LSTM,22,1.002358317375183
2025-11-07,LSTM,23,1.0017105340957642
2025-11-07,LSTM,24,1.0010789632797241
2025-11-07,LSTM,25,1.0004628896713257
2025-11-07,LSTM,26,0.9998618364334106
2025-11-07,LSTM,27,0.9992750287055969
2025-11-07,LSTM,28,0.9987016916275024
2025-11-07,LSTM,29,0.998141348361969
2025-11-07,LSTM,30,0.9975932240486145
2025-11-07,LSTM,31,0.9970564246177673
2025-11-07,LSTM,32,0.996530294418335
2025-11-07,LSTM,33,0.996013879776001
2025-11-07,LSTM,34,0.995506763458252
2025-11-07,LSTM,35,0.995008111000061
2025-11-07,LSTM,36,0.9945172071456909
2025-11-07,LSTM,37,0.9940333366394043
2025-11-07,LSTM,38,0.9935559630393982
2025-11-07,LSTM,39,0.9930844306945801
2025-11-07,LSTM,40,0.9926181435585022
2025-11-07,LSTM,41,0.9921565651893616
2025-11-07,LSTM,42,0.9916989803314209
2025-11-07,LSTM,43,0.9912448525428772
2025-11-07,LSTM,44,0.9907938241958618
2025-11-07,LSTM,45,0.9903454780578613
2025-11-07,LSTM,46,0.9898989200592041
2025-11-07,LSTM,47,0.9894538521766663
2025-11-07,LSTM,48,0.9890097975730896
2025-11-07,LSTM,49,0.9885661602020264
2025-11-07,LSTM,50,0.9881224632263184
2025-11-07,LSTM,51,0.9876784682273865
2025-11-07,LSTM,52,0.9872334003448486
2025-11-07,LSTM,53,0.9867867827415466
2025-11-07,LSTM,54,0.9863383173942566
2025-11-07,LSTM,55,0.9858875870704651
2025-11-07,LSTM,56,0.9854337573051453
2025-11-07,LSTM,57,0.9849768280982971
2025-11-07,LSTM,58,0.9845161437988281
2025-11-07,LSTM,59,0.9840512275695801
2025-11-07,LSTM,60,0.9835820198059082
2025-11-07,LSTM,61,0.9831077456474304
2025-11-07,LSTM,62,0.9826281666755676
2025-11-07,LSTM,63,0.9821428656578064
2025-11-07,LSTM,64,0.9816517233848572
2025-11-07,LSTM,65,0.9811541438102722
2025-11-07,LSTM,66,0.9806500673294067
2025-11-07,LSTM,67,0.9801390767097473
2025-11-07,LSTM,68,0.9796211123466492
2025-11-07,LSTM,69,0.9790956377983093
2025-11-07,LSTM,70,0.9785625338554382
2025-11-07,LSTM,71,0.9780218005180359
2025-11-07,LSTM,72,0.9774730801582336
2025-11-07,LSTM,73,0.9769160747528076
2025-11-07,LSTM,74,0.9763507843017578
2025-11-07,LSTM,75,0.9757770895957947
2025-11-07,LSTM,76,0.9751945734024048
2025-11-07,LSTM,77,0.9746034145355225
2025-11-07,LSTM,78,0.974003255367279
2025-11-07,LSTM,79,0.9733940362930298
2025-11-07,LSTM,80,0.9727755784988403
2025-11-07,CNN,1,1.1776303052902222
2025-11-07,CNN,2,1.1682063341140747
2025-11-07,CNN,3,1.1591386795043945
2025-11-07,CNN,4,1.1504045724868774
2025-11-07,CNN,5,1.142046570777893
2025-11-07,CNN,6,1.1340326070785522
2025-11-07,CNN,7,1.1264071464538574
2025-11-07,CNN,8,1.1191027164459229
2025-11-07,CNN,9,1.1121923923492432
2025-11-07,CNN,10,1.1056166887283325
2025-11-07,CNN,11,1.099381446838379
2025-11-07,CNN,12,1.0934869050979614
2025-11-07,CNN,13,1.0878595113754272
2025-11-07,CNN,14,1.0826009511947632
2025-11-07,CNN,15,1.0775940418243408
2025-11-07,CNN,16,1.0728148221969604
2025-11-07,CNN,17,1.0683563947677612
2025-11-07,CNN,18,1.0641826391220093
2025-11-07,CNN,19,1.0602384805679321
2025-11-07,CNN,20,1.0565191507339478
2025-11-07,CNN,21,1.0530824661254883
2025-11-07,CNN,22,1.0498716831207275
2025-11-07,CNN,23,1.0468169450759888
2025-11-07,CNN,24,1.0439426898956299
2025-11-07,CNN,25,1.0412077903747559
2025-11-07,CNN,26,1.0386035442352295
2025-11-07,CNN,27,1.036156415939331
2025-11-07,CNN,28,1.0338389873504639
2025-11-07,CNN,29,1.0316492319107056
2025-11-07,CNN,30,1.029575228691101
2025-11-07,CNN,31,1.0276075601577759
2025-11-07,CNN,32,1.0257223844528198
2025-11-07,CNN,33,1.0239086151123047
2025-11-07,CNN,34,1.022146463394165
2025-11-07,CNN,35,1.020445704460144
2025-11-07,CNN,36,1.0188281536102295
2025-11-07,CNN,37,1.01730477809906
2025-11-07,CNN,38,1.0158425569534302
2025-11-07,CNN,39,1.0144317150115967
2025-11-07,CNN,40,1.0130606889724731
2025-11-07,CNN,41,1.011748194694519
2025-11-07,CNN,42,1.0104808807373047
2025-11-07,CNN,43,1.009229302406311
2025-11-07,CNN,44,1.007994294166565
2025-11-07,CNN,45,1.00678551197052
2025-11-07,CNN,46,1.0056108236312866
2025-11-07,CNN,47,1.0044947862625122
2025-11-07,CNN,48,1.0034160614013672
2025-11-07,CNN,49,1.0023596286773682
2025-11-07,CNN,50,1.0013248920440674
2025-11-07,CNN,51,1.0003074407577515
2025-11-07,CNN,52,0.9993348717689514
2025-11-07,CNN,53,0.9983840584754944
2025-11-07,CNN,54,0.9974741339683533
2025-11-07,CNN,55,0.9965964555740356
2025-11-07,CNN,56,0.9957197904586792
2025-11-07,CNN,57,0.9948596954345703
2025-11-07,CNN,58,0.9940137267112732
2025-11-07,CNN,59,0.9931793808937073
2025-11-07,CNN,60,0.9923495650291443
2025-11-07,CNN,61,0.9915270805358887
2025-11-07,CNN,62,0.9907078146934509
2025-11-07,CNN,63,0.9898890852928162
2025-11-07,CNN,64,0.9890921711921692
2025-11-07,CNN,65,0.9882845282554626
2025-11-07,CNN,66,0.9874721765518188
2025-11-07,CNN,67,0.986656129360199
2025-11-07,CNN,68,0.9858441352844238
2025-11-07,CNN,69,0.98504239320755
2025-11-07,CNN,70,0.9842579364776611
2025-11-07,CNN,71,0.9834846258163452
2025-11-07,CNN,72,0.9827079176902771
2025-11-07,CNN,73,0.9819417595863342
2025-11-07,CNN,74,0.981188952922821
2025-11-07,CNN,75,0.9804545044898987
2025-11-07,CNN,76,0.9797285795211792
2025-11-07,CNN,77,0.9789974689483643
2025-11-07,CNN,78,0.9782635569572449
2025-11-07,CNN,79,0.9775221943855286
2025-11-07,CNN,80,0.9767916798591614
2025-12-05,LSTM,1,1.0203865766525269
2025-12-05,LSTM,2,1.019311547279358
2025-12-05,LSTM,3,1.018259882926941
2025-12-05,LSTM,4,1.0172332525253296
2025-12-05,LSTM,5,1.0162326097488403
2025-12-05,LSTM,6,1.0152578353881836
2025-12-05,LSTM,7,1.0143071413040161
2025-12-05,LSTM,8,1.0133787393569946
2025-12-05,LSTM,9,1.0124716758728027
2025-12-05,LSTM,10,1.0115848779678345
2025-12-05,LSTM,11,1.0107183456420898
2025-12-05,LSTM,12,1.0098720788955688
2025-12-05,LSTM,13,1.0090457201004028
2025-12-05,LSTM,14,1.0082387924194336
2025-12-05,LSTM,15,1.007451057434082
2025-12-05,LSTM,16,1.006682276725769
2025-12-05,LSTM,17,1.0059317350387573
2025-12-05,LSTM,18,1.0051994323730469
2025-12-05,LSTM,19,1.0044846534729004
2025-12-05,LSTM,20,1.0037872791290283
2025-12-05,LSTM,21,1.003106951713562
2025-12-05,LSTM,22,1.0024431943893433
2025-12-05,LSTM,23,1.0017952919006348
2025-12-05,LSTM,24,1.001163363456726
2025-12-05,LSTM,25,1.0005466938018799
2025-12-05,LSTM,26,0.9999446868896484
2025-12-05,LSTM,27,0.9993566274642944
2025-12-05,LSTM,28,0.9987819194793701
2025-12-05,LSTM,29,0.9982198476791382
2025-12-05,LSTM,30,0.9976698756217957
2025-12-05,LSTM,31,0.9971309304237366
2025-12-05,LSTM,32,0.9966025352478027
2025-12-05,LSTM,33,0.9960837960243225
2025-12-05,LSTM,34,0.9955738186836243
2025-12-05,LSTM,35,0.9950722455978394
2025-12-05,LSTM,36,0.9945781826972961
2025-12-05,LSTM,37,0.9940911531448364
2025-12-05,LSTM,38,0.9936103224754333
2025-12-05,LSTM,39,0.9931349754333496
2025-12-05,LSTM,40,0.9926649928092957
2025-12-05,LSTM,41,0.9921993613243103
2025-12-05,LSTM,42,0.9917375445365906
2025-12-05,LSTM,43,0.9912790656089783
2025-12-05,LSTM,44,0.9908232092857361
2025-12-05,LSTM,45,0.9903697967529297
2025-12-05,LSTM,46,0.9899178147315979
2025-12-05,LSTM,47,0.9894670248031616
2025-12-05,LSTM,48,0.9890168309211731
2025-12-05,LSTM,49,0.9885665774345398
2025-12-05,LSTM,50,0.9881160259246826
2025-12-05,LSTM,51,0.9876646399497986
2025-12-05,LSTM,52,0.9872116446495056
2025-12-05,LSTM,53,0.9867568016052246
2025-12-05,LSTM,54,0.9862996935844421
2025-12-05,LSTM,55,0.9858399033546448
2025-12-05,LSTM,56,0.9853767156600952
2025-12-05,LSTM,57,0.9849100112915039
2025-12-05,LSTM,58,0.9844391942024231
2025-12-05,LSTM,59,0.9839639067649841
2025-12-05,LSTM,60,0.9834835529327393
2025-12-05,LSTM,61,0.9829981327056885
2025-12-05,LSTM,62,0.9825071692466736
2025-12-05,LSTM,63,0.9820103645324707
2025-12-05,LSTM,64,0.9815070629119873
2025-12-05,LSTM,65,0.9809973835945129
2025-12-05,LSTM,66,0.9804807901382446
2025-12-05,LSTM,67,0.9799572825431824
2025-12-05,LSTM,68,0.9794262051582336
2025-12-05,LSTM,69,0.978887677192688
2025-12-05,LSTM,70,0.9783414602279663
2025-12-05,LSTM,71,0.9777873754501343
2025-12-05,LSTM,72,0.9772252440452576
2025-12-05,LSTM,73,0.9766548871994019
2025-12-05,LSTM,74,0.9760762453079224
2025-12-05,LSTM,75,0.9754890203475952
2025-12-05,LSTM,76,0.9748935103416443
2025-12-05,LSTM,77,0.9742892384529114
2025-12-05,LSTM,78,0.9736762046813965
2025-12-05,LSTM,79,0.9730545282363892
2025-12-05,LSTM,80,0.9724239706993103
2025-12-05,CNN,1,1.177992343902588
2025-12-05,CNN,2,1.168561577796936
2025-12-05,CNN,3,1.1595001220703125
2025-12-05,CNN,4,1.150756597518921
2025-12-05,CNN,5,1.1424007415771484
2025-12-05,CNN,6,1.134385585784912
2025-12-05,CNN,7,1.1267659664154053
2025-12-05,CNN,8,1.1194682121276855
2025-12-05,CNN,9,1.1125619411468506
2025-12-05,CNN,10,1.105991244316101
2025-12-05,CNN,11,1.0997556447982788
2025-12-05,CNN,12,1.0938466787338257
2025-12-05,CNN,13,1.0882319211959839
2025-12-05,CNN,14,1.0829957723617554
2025-12-05,CNN,15,1.0780020952224731
2025-12-05,CNN,16,1.0732274055480957
2025-12-05,CNN,17,1.068779468536377
2025-12-05,CNN,18,1.0646060705184937
2025-12-05,CNN,19,1.0606578588485718
2025-12-05,CNN,20,1.056938886642456
2025-12-05,CNN,21,1.0534615516662598
2025-12-05,CNN,22,1.0502594709396362
2025-12-05,CNN,23,1.0471771955490112
2025-12-05,CNN,24,1.0442819595336914
2025-12-05,CNN,25,1.0415470600128174
2025-12-05,CNN,26,1.038947582244873
2025-12-05,CNN,27,1.0364983081817627
2025-12-05,CNN,28,1.0341774225234985
2025-12-05,CNN,29,1.0319780111312866
2025-12-05,CNN,30,1.0298972129821777
2025-12-05,CNN,31,1.027922511100769
2025-12-05,CNN,32,1.0260424613952637
2025-12-05,CNN,33,1.0242218971252441
2025-12-05,CNN,34,1.0224578380584717
2025-12-05,CNN,35,1.0207526683807373
2025-12-05,CNN,36,1.0191389322280884
2025-12-05,CNN,37,1.0176174640655518
2025-12-05,CNN,38,1.0161662101745605
2025-12-05,CNN,39,1.014749526977539
2025-12-05,CNN,40,1.013373613357544
2025-12-05,CNN,41,1.0120514631271362
2025-12-05,CNN,42,1.0107815265655518
2025-12-05,CNN,43,1.009533405303955
2025-12-05,CNN,44,1.008286714553833
2025-12-05,CNN,45,1.0070773363113403
2025-12-05,CNN,46,1.0059068202972412
2025-12-05,CNN,47,1.004798412322998
2025-12-05,CNN,48,1.0037286281585693
2025-12-05,CNN,49,1.0026860237121582
2025-12-05,CNN,50,1.001658320426941
2025-12-05,CNN,51,1.0006587505340576
2025-12-05,CNN,52,0.9996823072433472
2025-12-05,CNN,53,0.998744785785675
2025-12-05,CNN,54,0.9978434443473816
2025-12-05,CNN,55,0.9969726204872131
2025-12-05,CNN,56,0.9961073398590088
2025-12-05,CNN,57,0.9952558279037476
2025-12-05,CNN,58,0.994425356388092
2025-12-05,CNN,59,0.99360191822052
2025-12-05,CNN,60,0.992779552936554
2025-12-05,CNN,61,0.9919607639312744
2025-12-05,CNN,62,0.9911504983901978
2025-12-05,CNN,63,0.9903359413146973
2025-12-05,CNN,64,0.989546537399292
2025-12-05,CNN,65,0.9887598752975464
2025-12-05,CNN,66,0.98795485496521
2025-12-05,CNN,67,0.9871326684951782
2025-12-05,CNN,68,0.9863241314888
2025-12-05,CNN,69,0.9855225086212158
2025-12-05,CNN,70,0.9847306609153748
2025-12-05,CNN,71,0.9839514493942261
2025-12-05,CNN,72,0.9831796288490295
2025-12-05,CNN,73,0.9824199676513672
2025-12-05,CNN,74,0.9816718697547913
2025-12-05,CNN,75,0.9809428453445435
2025-12-05,CNN,76,0.9802200794219971
2025-12-05,CNN,77,0.9795048832893372
2025-12-05,CNN,78,0.9787799119949341
2025-12-05,CNN,79,0.9780434370040894
2025-12-05,CNN,80,0.977339506149292
2026-01-02,LSTM,1,1.020420789718628
2026-01-02,LSTM,2,1.0193418264389038
2026-01-02,LSTM,3,1.018293023109436
2026-01-02,LSTM,4,1.0172698497772217
2026-01-02,LSTM,5,1.0162726640701294
2026-01-02,LSTM,6,1.0153018236160278
2026-01-02,LSTM,7,1.0143561363220215
2026-01-02,LSTM,8,1.013433575630188
2026-01-02,LSTM,9,1.0125329494476318
2026-01-02,LSTM,10,1.011653184890747
2026-01-02,LSTM,11,1.010793924331665
2026-01-02,LSTM,12,1.0099546909332275
2026-01-02,LSTM,13,1.0091352462768555
2026-01-02,LSTM,14,1.0083352327346802
2026-01-02,LSTM,15,1.007554292678833
2026-01-02,LSTM,16,1.0067920684814453
2026-01-02,LSTM,17,1.0060480833053589
2026-01-02,LSTM,18,1.0053220987319946
2026-01-02,LSTM,19,1.0046135187149048
2026-01-02,LSTM,20,1.0039221048355103
2026-01-02,LSTM,21,1.0032473802566528
2026-01-02,LSTM,22,1.0025885105133057
2026-01-02,LSTM,23,1.0019453763961792
2026-01-02,LSTM,24,1.0013176202774048
2026-01-02,LSTM,25,1.000704288482666
2026-01-02,LSTM,26,1.0001050233840942
2026-01-02,LSTM,27,0.9995191693305969
2026-01-02,LSTM,28,0.9989460110664368
2026-01-02,LSTM,29,0.9983851909637451
2026-01-02,LSTM,30,0.9978357553482056
2026-01-02,LSTM,31,0.9972971081733704
2026-01-02,LSTM,32,0.9967685341835022
2026-01-02,LSTM,33,0.9962496161460876
2026-01-02,LSTM,34,0.9957392811775208
2026-01-02,LSTM,35,0.9952371716499329
2026-01-02,LSTM,36,0.9947426915168762
2026-01-02,LSTM,37,0.9942549467086792
2026-01-02,LSTM,38,0.9937734603881836
2026-01-02,LSTM,39,0.9932976961135864
2026-01-02,LSTM,40,0.9928269386291504
2026-01-02,LSTM,41,0.9923606514930725
2026-01-02,LSTM,42,0.9918980002403259
2026-01-02,LSTM,43,0.9914388656616211
2026-01-02,LSTM,44,0.990982174873352
2026-01-02,LSTM,45,0.9905277490615845
2026-01-02,LSTM,46,0.990074872970581
2026-01-02,LSTM,47,0.9896231889724731
2026-01-02,LSTM,48,0.989172101020813
2026-01-02,LSTM,49,0.9887210726737976
2026-01-02,LSTM,50,0.9882696866989136
2026-01-02,LSTM,51,0.9878173470497131
2026-01-02,LSTM,52,0.9873637557029724
2026-01-02,LSTM,53,0.9869084358215332
2026-01-02,LSTM,54,0.986450731754303
2026-01-02,LSTM,55,0.9859904050827026
2026-01-02,LSTM,56,0.9855270385742188
2026-01-02,LSTM,57,0.985059916973114
2026-01-02,LSTM,58,0.9845889210700989
2026-01-02,LSTM,59,0.9841135740280151
2026-01-02,LSTM,60,0.9836333394050598
2026-01-02,LSTM,61,0.983147919178009
2026-01-02,LSTM,62,0.9826569557189941
2026-01-02,LSTM,63,0.9821599125862122
2026-01-02,LSTM,64,0.9816569089889526
2026-01-02,LSTM,65,0.9811471700668335
2026-01-02,LSTM,66,0.98063063621521
2026-01-02,LSTM,67,0.9801069498062134
2026-01-02,LSTM,68,0.9795759916305542
2026-01-02,LSTM,69,0.9790374040603638
2026-01-02,LSTM,70,0.9784910678863525
2026-01-02,LSTM,71,0.9779368042945862
2026-01-02,LSTM,72,0.9773744940757751
2026-01-02,LSTM,73,0.9768038988113403
2026-01-02,LSTM,74,0.9762247204780579
2026-01-02,LSTM,75,0.9756371378898621
2026-01-02,LSTM,76,0.9750409722328186
2026-01-02,LSTM,77,0.9744359254837036
2026-01-02,LSTM,78,0.9738219976425171
2026-01-02,LSTM,79,0.9731991291046143
2026-01-02,LSTM,80,0.9725672006607056
2026-01-02,CNN,1,1.179797649383545
2026-01-02,CNN,2,1.1703202724456787
2026-01-02,CNN,3,1.1612063646316528
2026-01-02,CNN,4,1.1524085998535156
2026-01-02,CNN,5,1.143998622894287
2026-01-02,CNN,6,1.1359233856201172
2026-01-02,CNN,7,1.1282358169555664
2026-01-02,CNN,8,1.1208696365356445
2026-01-02,CNN,9,1.1139122247695923
2026-01-02,CNN,10,1.1072918176651
2026-01-02,CNN,11,1.1009994745254517
2026-01-02,CNN,12,1.0950205326080322
2026-01-02,CNN,13,1.0893497467041016
2026-01-02,CNN,14,1.0840553045272827
2026-01-02,CNN,15,1.0790207386016846
2026-01-02,CNN,16,1.0742164850234985
2026-01-02,CNN,17,1.0697333812713623
2026-01-02,CNN,18,1.0655165910720825
2026-01-02,CNN,19,1.0615421533584595
2026-01-02,CNN,20,1.0578116178512573
2026-01-02,CNN,21,1.0542973279953003
2026-01-02,CNN,22,1.0510587692260742
2026-01-02,CNN,23,1.0479545593261719
2026-01-02,CNN,24,1.0450242757797241
2026-01-02,CNN,25,1.0422254800796509
2026-01-02,CNN,26,1.0395936965942383
2026-01-02,CNN,27,1.0371177196502686
2026-01-02,CNN,28,1.0347660779953003
2026-01-02,CNN,29,1.0325417518615723
2026-01-02,CNN,30,1.03043532371521
2026-01-02,CNN,31,1.028429627418518
2026-01-02,CNN,32,1.0265289545059204
2026-01-02,CNN,33,1.0246951580047607
2026-01-02,CNN,34,1.0229053497314453
2026-01-02,CNN,35,1.0211691856384277
2026-01-02,CNN,36,1.019530177116394
2026-01-02,CNN,37,1.0179846286773682
2026-01-02,CNN,38,1.0164997577667236
2026-01-02,CNN,39,1.015058159828186
2026-01-02,CNN,40,1.013668417930603
2026-01-02,CNN,41,1.0123242139816284
2026-01-02,CNN,42,1.0110303163528442
2026-01-02,CNN,43,1.0097628831863403
2026-01-02,CNN,44,1.0084861516952515
2026-01-02,CNN,45,1.007242202758789
2026-01-02,CNN,46,1.0060609579086304
2026-01-02,CNN,47,1.0049322843551636
2026-01-02,CNN,48,1.003836989402771
2026-01-02,CNN,49,1.0027767419815063
2026-01-02,CNN,50,1.0017433166503906
2026-01-02,CNN,51,1.0007119178771973
2026-01-02,CNN,52,0.9996933341026306
2026-01-02,CNN,53,0.998734176158905
2026-01-02,CNN,54,0.9978200793266296
2026-01-02,CNN,55,0.9969449639320374
2026-01-02,CNN,56,0.9960820078849792
2026-01-02,CNN,57,0.9952332973480225
2026-01-02,CNN,58,0.9943951368331909
2026-01-02,CNN,59,0.9935683608055115
2026-01-02,CNN,60,0.9927457571029663
2026-01-02,CNN,61,0.9919296503067017
2026-01-02,CNN,62,0.9911109209060669
2026-01-02,CNN,63,0.990301787853241
2026-01-02,CNN,64,0.9895127415657043
2026-01-02,CNN,65,0.9887147545814514
2026-01-02,CNN,66,0.9879044890403748
2026-01-02,CNN,67,0.9870872497558594
2026-01-02,CNN,68,0.9862685203552246
2026-01-02,CNN,69,0.9854567646980286
2026-01-02,CNN,70,0.9846606850624084
2026-01-02,CNN,71,0.9838809967041016
2026-01-02,CNN,72,0.9831061959266663
2026-01-02,CNN,73,0.9823522567749023
2026-01-02,CNN,74,0.9816151857376099
2026-01-02,CNN,75,0.9808850884437561
2026-01-02,CNN,76,0.9801682829856873
2026-01-02,CNN,77,0.9794405102729797
2026-01-02,CNN,78,0.9787030220031738
2026-01-02,CNN,79,0.9779746532440186
2026-01-02,CNN,80,0.9772822260856628
2026-01-30,LSTM,1,1.020704984664917
2026-01-30,LSTM,2,1.0196443796157837
2026-01-30,LSTM,3,1.0186271667480469
2026-01-30,LSTM,4,1.017634630203247
2026-01-30,LSTM,5,1.0166645050048828
2026-01-30,LSTM,6,1.0157166719436646
2026-01-30,LSTM,7,1.0147907733917236
2026-01-30,LSTM,8,1.0138859748840332
2026-01-30,LSTM,9,1.0130016803741455
2026-01-30,LSTM,10,1.0121376514434814
2026-01-30,LSTM,11,1.0112932920455933
2026-01-30,LSTM,12,1.0104689598083496
2026-01-30,LSTM,13,1.0096640586853027
2026-01-30,LSTM,14,1.008878469467163
2026-01-30,LSTM,15,1.0081121921539307
2026-01-30,LSTM,16,1.0073648691177368
2026-01-30,LSTM,17,1.006636142730713
2026-01-30,LSTM,18,1.0059256553649902
2026-01-30,LSTM,19,1.0052330493927002
2026-01-30,LSTM,20,1.004557728767395
2026-01-30,LSTM,21,1.0038995742797852
2026-01-30,LSTM,22,1.0032576322555542
2026-01-30,LSTM,23,1.0026315450668335
2026-01-30,LSTM,24,1.0020203590393066
2026-01-30,LSTM,25,1.001423716545105
2026-01-30,LSTM,26,1.0008410215377808
2026-01-30,LSTM,27,1.0002715587615967
2026-01-30,LSTM,28,0.999714732170105
2026-01-30,LSTM,29,0.9991695880889893
2026-01-30,LSTM,30,0.9986357092857361
2026-01-30,LSTM,31,0.9981124997138977
2026-01-30,LSTM,32,0.9975990056991577
2026-01-30,LSTM,33,0.9970948100090027
2026-01-30,LSTM,34,0.9965987205505371
2026-01-30,LSTM,35,0.9961105585098267
2026-01-30,LSTM,36,0.995629608631134
2026-01-30,LSTM,37,0.9951550364494324
2026-01-30,LSTM,38,0.9946865439414978
2026-01-30,LSTM,39,0.9942234754562378
2026-01-30,LSTM,40,0.9937652349472046
2026-01-30,LSTM,41,0.9933114051818848
2026-01-30,LSTM,42,0.9928615689277649
2026-01-30,LSTM,43,0.9924151301383972
2026-01-30,LSTM,44,0.9919716119766235
2026-01-30,LSTM,45,0.9915306568145752
2026-01-30,LSTM,46,0.9910916090011597
2026-01-30,LSTM,47,0.9906541109085083
2026-01-30,LSTM,48,0.9902176856994629
2026-01-30,LSTM,49,0.9897817969322205
2026-01-30,LSTM,50,0.9893462061882019
2026-01-30,LSTM,51,0.9889103770256042
2026-01-30,LSTM,52,0.9884740710258484
2026-01-30,LSTM,53,0.9880368709564209
2026-01-30,LSTM,54,0.9875985383987427
2026-01-30,LSTM,55,0.987158477306366
2026-01-30,LSTM,56,0.986716628074646
2026-01-30,LSTM,57,0.9862724542617798
2026-01-30,LSTM,58,0.9858257174491882
2026-01-30,LSTM,59,0.9853760600090027
2026-01-30,LSTM,60,0.9849231839179993
2026-01-30,LSTM,61,0.9844668507575989
2026-01-30,LSTM,62,0.9840067625045776
2026-01-30,LSTM,63,0.9835426211357117
2026-01-30,LSTM,64,0.9830740094184875
2026-01-30,LSTM,65,0.9826012253761292
2026-01-30,LSTM,66,0.982123613357544
2026-01-30,LSTM,67,0.9816411137580872
2026-01-30,LSTM,68,0.9811534285545349
2026-01-30,LSTM,69,0.9806607365608215
2026-01-30,LSTM,70,0.9801624417304993
2026-01-30,LSTM,71,0.9796587228775024
2026-01-30,LSTM,72,0.979149341583252
2026-01-30,LSTM,73,0.9786339998245239
2026-01-30,LSTM,74,0.9781129360198975
2026-01-30,LSTM,75,0.9775855541229248
2026-01-30,LSTM,76,0.9770520925521851
2026-01-30,LSTM,77,0.9765123128890991
2026-01-30,LSTM,78,0.9759659171104431
2026-01-30,LSTM,79,0.9754129648208618
2026-01-30,LSTM,80,0.9748531579971313
2026-01-30,CNN,1,1.1820811033248901
2026-01-30,CNN,2,1.172577142715454
2026-01-30,CNN,3,1.1634241342544556
2026-01-30,CNN,4,1.1545828580856323
2026-01-30,CNN,5,1.1461188793182373
2026-01-30,CNN,6,1.138007402420044
2026-01-30,CNN,7,1.1302567720413208
2026-01-30,CNN,8,1.122816562652588
2026-01-30,CNN,9,1.1158095598220825
2026-01-30,CNN,10,1.109134316444397
2026-01-30,CNN,11,1.1027427911758423
2026-01-30,CNN,12,1.0967133045196533
2026-01-30,CNN,13,1.0909861326217651
2026-01-30,CNN,14,1.0856232643127441
2026-01-30,CNN,15,1.080570101737976
2026-01-30,CNN,16,1.075740933418274
2026-01-30,CNN,17,1.0712344646453857
2026-01-30,CNN,18,1.0670212507247925
2026-01-30,CNN,19,1.0630325078964233
2026-01-30,CNN,20,1.0593113899230957
2026-01-30,CNN,21,1.0558091402053833
2026-01-30,CNN,22,1.0525617599487305
2026-01-30,CNN,23,1.0494413375854492
2026-01-30,CNN,24,1.0464744567871094
2026-01-30,CNN,25,1.0436471700668335
2026-01-30,CNN,26,1.0409960746765137
2026-01-30,CNN,27,1.038496494293213
2026-01-30,CNN,28,1.0361273288726807
2026-01-30,CNN,29,1.0338741540908813
2026-01-30,CNN,30,1.0317391157150269
2026-01-30,CNN,31,1.02970552444458
2026-01-30,CNN,32,1.0277692079544067
2026-01-30,CNN,33,1.025896430015564
2026-01-30,CNN,34,1.024078607559204
2026-01-30,CNN,35,1.022331953048706
2026-01-30,CNN,36,1.0206705331802368
2026-01-30,CNN,37,1.0191091299057007
2026-01-30,CNN,38,1.0176149606704712
2026-01-30,CNN,39,1.0161805152893066
2026-01-30,CNN,40,1.014804482460022
2026-01-30,CNN,41,1.013453483581543
2026-01-30,CNN,42,1.0121631622314453
2026-01-30,CNN,43,1.010886788368225
2026-01-30,CNN,44,1.009613275527954
2026-01-30,CNN,45,1.0083719491958618
2026-01-30,CNN,46,1.0071687698364258
2026-01-30,CNN,47,1.0060176849365234
2026-01-30,CNN,48,1.004921555519104
2026-01-30,CNN,49,1.0038540363311768
2026-01-30,CNN,50,1.0028120279312134
2026-01-30,CNN,51,1.0017950534820557
2026-01-30,CNN,52,1.000783085823059
2026-01-30,CNN,53,0.9997907876968384
2026-01-30,CNN,54,0.9988487958908081
2026-01-30,CNN,55,0.9979802966117859
2026-01-30,CNN,56,0.9971325993537903
2026-01-30,CNN,57,0.9962795376777649
2026-01-30,CNN,58,0.9954434037208557
2026-01-30,CNN,59,0.9946081638336182
2026-01-30,CNN,60,0.9937859773635864
2026-01-30,CNN,61,0.992977499961853
2026-01-30,CNN,62,0.9921586513519287
2026-01-30,CNN,63,0.9913420677185059
2026-01-30,CNN,64,0.9905433058738708
2026-01-30,CNN,65,0.9897488355636597
2026-01-30,CNN,66,0.9889531135559082
2026-01-30,CNN,67,0.9881427884101868
2026-01-30,CNN,68,0.9873278737068176
2026-01-30,CNN,69,0.9865283370018005
2026-01-30,CNN,70,0.9857395887374878
2026-01-30,CNN,71,0.984968900680542
2026-01-30,CNN,72,0.9842097759246826
2026-01-30,CNN,73,0.983457624912262
2026-01-30,CNN,74,0.9827118515968323
2026-01-30,CNN,75,0.9819916486740112
2026-01-30,CNN,76,0.9812925457954407
2026-01-30,CNN,77,0.9805802702903748
2026-01-30,CNN,78,0.9798624515533447
2026-01-30,CNN,79,0.9791705012321472
2026-01-30,CNN,80,0.9784737229347229
2026-02-27,LSTM,1,1.0222986936569214
2026-02-27,LSTM,2,1.0212881565093994
2026-02-27,LSTM,3,1.0202959775924683
2026-02-27,LSTM,4,1.019321084022522
2026-02-27,LSTM,5,1.018363356590271
2026-02-27,LSTM,6,1.0174230337142944
2026-02-27,LSTM,7,1.0165011882781982
2026-02-27,LSTM,8,1.0155991315841675
2026-02-27,LSTM,9,1.0147171020507812
2026-02-27,LSTM,10,1.0138559341430664
2026-02-27,LSTM,11,1.0130151510238647
2026-02-27,LSTM,12,1.0121948719024658
2026-02-27,LSTM,13,1.0113941431045532
2026-02-27,LSTM,14,1.010612964630127
2026-02-27,LSTM,15,1.0098506212234497
2026-02-27,LSTM,16,1.0091066360473633
2026-02-27,LSTM,17,1.0083807706832886
2026-02-27,LSTM,18,1.0076724290847778
2026-02-27,LSTM,19,1.0069811344146729
2026-02-27,LSTM,20,1.0063064098358154
2026-02-27,LSTM,21,1.005647897720337
2026-02-27,LSTM,22,1.0050047636032104
2026-02-27,LSTM,23,1.0043768882751465
2026-02-27,LSTM,24,1.0037630796432495
2026-02-27,LSTM,25,1.0031627416610718
2026-02-27,LSTM,26,1.0025759935379028
2026-02-27,LSTM,27,1.002001404762268
2026-02-27,LSTM,28,1.001439094543457
2026-02-27,LSTM,29,1.0008879899978638
2026-02-27,LSTM,30,1.0003477334976196
2026-02-27,LSTM,31,0.9998177289962769
2026-02-27,LSTM,32,0.9992976784706116
2026-02-27,LSTM,33,0.9987866282463074
2026-02-27,LSTM,34,0.9982845783233643
2026-02-27,LSTM,35,0.9977905750274658
2026-02-27,LSTM,36,0.9973044395446777
2026-02-27,LSTM,37,0.9968255162239075
2026-02-27,LSTM,38,0.9963532090187073
2026-02-27,LSTM,39,0.9958871006965637
2026-02-27,LSTM,40,0.9954264760017395
2026-02-27,LSTM,41,0.9949711561203003
2026-02-27,LSTM,42,0.9945204257965088
2026-02-27,LSTM,43,0.994073748588562
2026-02-27,LSTM,44,0.993630588054657
2026-02-27,LSTM,45,0.9931902289390564
2026-02-27,LSTM,46,0.9927525520324707
2026-02-27,LSTM,47,0.9923167824745178
2026-02-27,LSTM,48,0.9918824434280396
2026-02-27,LSTM,49,0.9914491176605225
2026-02-27,LSTM,50,0.9910162091255188
2026-02-27,LSTM,51,0.9905834197998047
2026-02-27,LSTM,52,0.9901500940322876
2026-02-27,LSTM,53,0.9897156953811646
2026-02-27,LSTM,54,0.9892800450325012
2026-02-27,LSTM,55,0.9888426065444946
2026-02-27,LSTM,56,0.988402783870697
2026-02-27,LSTM,57,0.9879603981971741
2026-02-27,LSTM,58,0.987514853477478
2026-02-27,LSTM,59,0.9870657324790955
2026-02-27,LSTM,60,0.9866127967834473
2026-02-27,LSTM,61,0.9861556887626648
2026-02-27,LSTM,62,0.9856939315795898
2026-02-27,LSTM,63,0.9852273464202881
2026-02-27,LSTM,64,0.9847553968429565
2026-02-27,LSTM,65,0.9842782616615295
2026-02-27,LSTM,66,0.983795166015625
2026-02-27,LSTM,67,0.9833062887191772
2026-02-27,LSTM,68,0.9828110933303833
2026-02-27,LSTM,69,0.9823096394538879
2026-02-27,LSTM,70,0.9818016886711121
2026-02-27,LSTM,71,0.9812867045402527
2026-02-27,LSTM,72,0.9807650446891785
2026-02-27,LSTM,73,0.9802361726760864
2026-02-27,LSTM,74,0.9797003269195557
2026-02-27,LSTM,75,0.9791569113731384
2026-02-27,LSTM,76,0.9786059856414795
2026-02-27,LSTM,77,0.9780475497245789
2026-02-27,LSTM,78,0.977481484413147
2026-02-27,LSTM,79,0.9769075512886047
2026-02-27,LSTM,80,0.976325511932373
2026-02-27,CNN,1,1.1836544275283813
2026-02-27,CNN,2,1.1741621494293213
2026-02-27,CNN,3,1.1650303602218628
2026-02-27,CNN,4,1.1562105417251587
2026-02-27,CNN,5,1.1477476358413696
2026-02-27,CNN,6,1.139662742614746
2026-02-27,CNN,7,1.1319043636322021
2026-02-27,CNN,8,1.124474048614502
2026-02-27,CNN,9,1.1174452304840088
2026-02-27,CNN,10,1.1107946634292603
2026-02-27,CNN,11,1.1044297218322754
2026-02-27,CNN,12,1.098402976989746
2026-02-27,CNN,13,1.0926684141159058
2026-02-27,CNN,14,1.0873204469680786
2026-02-27,CNN,15,1.082304835319519
2026-02-27,CNN,16,1.0774967670440674
2026-02-27,CNN,17,1.0729588270187378
2026-02-27,CNN,18,1.068763017654419
2026-02-27,CNN,19,1.0647965669631958
2026-02-27,CNN,20,1.0610756874084473
2026-02-27,CNN,21,1.05769944190979
2026-02-27,CNN,22,1.0544915199279785
2026-02-27,CNN,23,1.051388144493103
2026-02-27,CNN,24,1.0484334230422974
2026-02-27,CNN,25,1.0456280708312988
2026-02-27,CNN,26,1.0429644584655762
2026-02-27,CNN,27,1.0404597520828247
2026-02-27,CNN,28,1.0380994081497192
2026-02-27,CNN,29,1.035854458808899
2026-02-27,CNN,30,1.0337114334106445
2026-02-27,CNN,31,1.0316652059555054
2026-02-27,CNN,32,1.029711365699768
2026-02-27,CNN,33,1.027849793434143
2026-02-27,CNN,34,1.02608060836792
2026-02-27,CNN,35,1.0243980884552002
2026-02-27,CNN,36,1.0227776765823364
2026-02-27,CNN,37,1.021234154701233
2026-02-27,CNN,38,1.0197598934173584
2026-02-27,CNN,39,1.0183433294296265
2026-02-27,CNN,40,1.0169682502746582
2026-02-27,CNN,41,1.0156296491622925
2026-02-27,CNN,42,1.0143492221832275
2026-02-27,CNN,43,1.0131139755249023
2026-02-27,CNN,44,1.011875867843628
2026-02-27,CNN,45,1.0106531381607056
2026-02-27,CNN,46,1.0094637870788574
2026-02-27,CNN,47,1.0083383321762085
2026-02-27,CNN,48,1.0072588920593262
2026-02-27,CNN,49,1.0062376260757446
2026-02-27,CNN,50,1.005253553390503
2026-02-27,CNN,51,1.0043163299560547
2026-02-27,CNN,52,1.003393530845642
2026-02-27,CNN,53,1.0024961233139038
2026-02-27,CNN,54,1.0015931129455566
2026-02-27,CNN,55,1.0007035732269287
2026-02-27,CNN,56,0.9998208284378052
2026-02-27,CNN,57,0.9989371299743652
2026-02-27,CNN,58,0.998067319393158
2026-02-27,CNN,59,0.9972115159034729
2026-02-27,CNN,60,0.9963651299476624
2026-02-27,CNN,61,0.9955378770828247
2026-02-27,CNN,62,0.9947131872177124
2026-02-27,CNN,63,0.993915855884552
2026-02-27,CNN,64,0.9931385517120361
2026-02-27,CNN,65,0.9923591017723083
2026-02-27,CNN,66,0.9915848970413208
2026-02-27,CNN,67,0.9908413290977478
2026-02-27,CNN,68,0.990107536315918
2026-02-27,CNN,69,0.9893753528594971
2026-02-27,CNN,70,0.9886496067047119
2026-02-27,CNN,71,0.9879249930381775
2026-02-27,CNN,72,0.9872052073478699
2026-02-27,CNN,73,0.9864713549613953
2026-02-27,CNN,74,0.9857202172279358
2026-02-27,CNN,75,0.9849631786346436
2026-02-27,CNN,76,0.9842107892036438
2026-02-27,CNN,77,0.9834595322608948
2026-02-27,CNN,78,0.982733964920044
2026-02-27,CNN,79,0.9820170998573303
2026-02-27,CNN,80,0.9813180565834045
2026-04-17,LSTM,1,1.0245327949523926
2026-04-17,LSTM,2,1.023486614227295
2026-04-17,LSTM,3,1.022457480430603
2026-04-17,LSTM,4,1.021446704864502
2026-04-17,LSTM,5,1.0204542875289917
2026-04-17,LSTM,6,1.0194811820983887
2026-04-17,LSTM,7,1.0185261964797974
2026-04-17,LSTM,8,1.0175890922546387
2026-04-17,LSTM,9,1.016669511795044
2026-04-17,LSTM,10,1.015766978263855
2026-04-17,LSTM,11,1.01488196849823
2026-04-17,LSTM,12,1.0140143632888794
2026-04-17,LSTM,13,1.0131640434265137
2026-04-17,LSTM,14,1.012331485748291
2026-04-17,LSTM,15,1.0115164518356323
2026-04-17,LSTM,16,1.0107192993164062
2026-04-17,LSTM,17,1.009939193725586
2026-04-17,LSTM,18,1.0091763734817505
2026-04-17,LSTM,19,1.0084306001663208
2026-04-17,LSTM,20,1.0077012777328491
2026-04-17,LSTM,21,1.0069879293441772
2026-04-17,LSTM,22,1.006290316581726
2026-04-17,LSTM,23,1.005608081817627
2026-04-17,LSTM,24,1.004940152168274
2026-04-17,LSTM,25,1.0042866468429565
2026-04-17,LSTM,26,1.003646731376648
2026-04-17,LSTM,27,1.003020167350769
2026-04-17,LSTM,28,1.002406120300293
2026-04-17,LSTM,29,1.001804232597351
2026-04-17,LSTM,30,1.001213788986206
2026-04-17,LSTM,31,1.0006346702575684
2026-04-17,LSTM,32,1.000065803527832
2026-04-17,LSTM,33,0.9995068907737732
2026-04-17,LSTM,34,0.9989573955535889
2026-04-17,LSTM,35,0.9984166622161865
2026-04-17,LSTM,36,0.9978840351104736
2026-04-17,LSTM,37,0.9973592162132263
2026-04-17,LSTM,38,0.996841311454773
2026-04-17,LSTM,39,0.9963299632072449
2026-04-17,LSTM,40,0.99582439661026
2026-04-17,LSTM,41,0.9953240752220154
2026-04-17,LSTM,42,0.9948283433914185
2026-04-17,LSTM,43,0.9943364858627319
2026-04-17,LSTM,44,0.9938480854034424
2026-04-17,LSTM,45,0.993362307548523
2026-04-17,LSTM,46,0.992878794670105
2026-04-17,LSTM,47,0.9923965334892273
2026-04-17,LSTM,48,0.991915225982666
2026-04-17,LSTM,49,0.9914340376853943
2026-04-17,LSTM,50,0.9909525513648987
2026-04-17,LSTM,51,0.9904702305793762
2026-04-17,LSTM,52,0.9899863600730896
2026-04-17,LSTM,53,0.9895006418228149
2026-04-17,LSTM,54,0.9890124201774597
2026-04-17,LSTM,55,0.9885213971138
2026-04-17,LSTM,56,0.9880269169807434
2026-04-17,LSTM,57,0.9875286221504211
2026-04-17,LSTM,58,0.9870262742042542
2026-04-17,LSTM,59,0.9865195155143738
2026-04-17,LSTM,60,0.9860076308250427
2026-04-17,LSTM,61,0.9854907393455505
2026-04-17,LSTM,62,0.9849682450294495
2026-04-17,LSTM,63,0.9844401478767395
2026-04-17,LSTM,64,0.9839059710502625
2026-04-17,LSTM,65,0.9833658933639526
2026-04-17,LSTM,66,0.982819139957428
2026-04-17,LSTM,67,0.9822661280632019
2026-04-17,LSTM,68,0.9817063808441162
2026-04-17,LSTM,69,0.9811397194862366
2026-04-17,LSTM,70,0.9805662035942078
2026-04-17,LSTM,71,0.9799856543540955
2026-04-17,LSTM,72,0.9793978333473206
2026-04-17,LSTM,73,0.9788028001785278
2026-04-17,LSTM,74,0.9782003164291382
2026-04-17,LSTM,75,0.9775902032852173
2026-04-17,LSTM,76,0.9769725203514099
2026-04-17,LSTM,77,0.9763469099998474
2026-04-17,LSTM,78,0.9757133722305298
2026-04-17,LSTM,79,0.9750717282295227
2026-04-17,LSTM,80,0.9744218587875366
2026-04-17,CNN,1,1.1822150945663452
2026-04-17,CNN,2,1.1728616952896118
2026-04-17,CNN,3,1.1638647317886353
2026-04-17,CNN,4,1.1552139520645142
2026-04-17,CNN,5,1.1468875408172607
2026-04-17,CNN,6,1.138946294784546
2026-04-17,CNN,7,1.1313368082046509
2026-04-17,CNN,8,1.124099850654602
2026-04-17,CNN,9,1.1172585487365723
2026-04-17,CNN,10,1.1108022928237915
2026-04-17,CNN,11,1.1047444343566895
2026-04-17,CNN,12,1.0990185737609863
2026-04-17,CNN,13,1.0936514139175415
2026-04-17,CNN,14,1.0885939598083496
2026-04-17,CNN,15,1.0838286876678467
2026-04-17,CNN,16,1.0792713165283203
2026-04-17,CNN,17,1.074935793876648
2026-04-17,CNN,18,1.0709352493286133
2026-04-17,CNN,19,1.0671766996383667
2026-04-17,CNN,20,1.0636980533599854
2026-04-17,CNN,21,1.0603892803192139
2026-04-17,CNN,22,1.0572376251220703
2026-04-17,CNN,23,1.0542241334915161
2026-04-17,CNN,24,1.051376223564148
2026-04-17,CNN,25,1.048679232597351
2026-04-17,CNN,26,1.0460963249206543
2026-04-17,CNN,27,1.0436609983444214
2026-04-17,CNN,28,1.0413786172866821
2026-04-17,CNN,29,1.0392142534255981
2026-04-17,CNN,30,1.0371729135513306
2026-04-17,CNN,31,1.0352365970611572
2026-04-17,CNN,32,1.0334086418151855
2026-04-17,CNN,33,1.031661033630371
2026-04-17,CNN,34,1.029965877532959
2026-04-17,CNN,35,1.028355598449707
2026-04-17,CNN,36,1.0267966985702515
2026-04-17,CNN,37,1.0252920389175415
2026-04-17,CNN,38,1.0238474607467651
2026-04-17,CNN,39,1.0224547386169434
2026-04-17,CNN,40,1.0211113691329956
2026-04-17,CNN,41,1.0198314189910889
2026-04-17,CNN,42,1.0185866355895996
2026-04-17,CNN,43,1.0173324346542358
2026-04-17,CNN,44,1.016120433807373
2026-04-17,CNN,45,1.0149385929107666
2026-04-17,CNN,46,1.0137782096862793
2026-04-17,CNN,47,1.0126368999481201
2026-04-17,CNN,48,1.0115405321121216
2026-04-17,CNN,49,1.010506272315979
2026-04-17,CNN,50,1.0095289945602417
2026-04-17,CNN,51,1.008597731590271
2026-04-17,CNN,52,1.007690191268921
2026-04-17,CNN,53,1.0068000555038452
2026-04-17,CNN,54,1.0059292316436768
2026-04-17,CNN,55,1.0050597190856934
2026-04-17,CNN,56,1.0042039155960083
2026-04-17,CNN,57,1.003363013267517
2026-04-17,CNN,58,1.0025503635406494
2026-04-17,CNN,59,1.0017659664154053
2026-04-17,CNN,60,1.0010039806365967
2026-04-17,CNN,61,1.0002564191818237
2026-04-17,CNN,62,0.9994984865188599
2026-04-17,CNN,63,0.9987224340438843
2026-04-17,CNN,64,0.997931182384491
2026-04-17,CNN,65,0.997141420841217
2026-04-17,CNN,66,0.9963670969009399
2026-04-17,CNN,67,0.9956164956092834
2026-04-17,CNN,68,0.9948729872703552
2026-04-17,CNN,69,0.9941259622573853
2026-04-17,CNN,70,0.9933677911758423
2026-04-17,CNN,71,0.9926441311836243
2026-04-17,CNN,72,0.9919257164001465
2026-04-17,CNN,73,0.9912074208259583
2026-04-17,CNN,74,0.9904961585998535
2026-04-17,CNN,75,0.9897790551185608
2026-04-17,CNN,76,0.9890623092651367
2026-04-17,CNN,77,0.9883598685264587
2026-04-17,CNN,78,0.9876812100410461
2026-04-17,CNN,79,0.9870094656944275
2026-04-17,CNN,80,0.9863391518592834
