signal,stock,statement_period,available_date,estimated_market_value_million_usd,Value,Profitability,Momentum
2016-10-07,AAPL,2015-09-30,2016-03-30,638178.0184031598,0.08366631012080568,0.22845773698735639,-0.2721839221306231
2016-10-07,MSFT,2015-06-30,2015-12-30,465347.8,0.026201907476515414,0.13029493481513144,0.8334269192765583
2016-10-07,AMZN,2015-12-31,2016-06-30,403765.83,0.0014761031165019586,0.0055697811337682,1.43567525980628
2016-10-14,AAPL,2015-09-30,2016-03-30,658093.0968656135,0.08113441738609116,0.22845773698735639,0.1179621630909134
2016-10-14,MSFT,2015-06-30,2015-12-30,462288.42000000004,0.026375309163054524,0.13029493481513144,0.8836867921012516
2016-10-14,AMZN,2015-12-31,2016-06-30,395843.76,0.0015056445502639728,0.0055697811337682,1.2932648598920504
2016-10-21,AAPL,2015-09-30,2016-03-30,652275.1996640335,0.08185808693554741,0.22845773698735639,-0.1857558891342398
2016-10-21,MSFT,2015-06-30,2015-12-30,480322.66,0.025385019311810107,0.13029493481513144,0.416348252022184
2016-10-21,AMZN,2015-12-31,2016-06-30,393934.19,0.0015129430629009378,0.0055697811337682,1.2391709047671786
2016-10-28,AAPL,2015-09-30,2016-03-30,636164.1292687732,0.08393117050056362,0.22845773698735639,-0.18786717732625585
2016-10-28,MSFT,2015-06-30,2015-12-30,482013.37,0.02529597882316003,0.13029493481513144,0.4551235675093133
2016-10-28,AMZN,2015-12-31,2016-06-30,373409.92000000004,0.0015961011426798729,0.0055697811337682,1.1984831173940367
2016-11-04,AAPL,2015-09-30,2016-03-30,608864.7621937029,0.08769435072515061,0.22845773698735639,-0.19840398143074253
2016-11-04,MSFT,2015-06-30,2015-12-30,472674.21,0.025795780142098296,0.13029493481513144,0.2570330017838001
2016-11-04,AMZN,2015-12-31,2016-06-30,363179.05,0.0016410638223763182,0.0055697811337682,0.9780139995118893
2016-11-11,AAPL,2015-09-30,2016-03-30,606627.1455375465,0.08801782180829763,0.22845773698735639,0.16643737950708914
2016-11-11,MSFT,2015-06-30,2015-12-30,475170.02,0.02566028892142648,0.13029493481513144,0.43335393184811083
2016-11-11,AMZN,2015-12-31,2016-06-30,355463.81,0.0016766826417575393,0.0055697811337682,1.0086195214169746
2016-11-18,AAPL,2015-09-30,2016-03-30,615801.5104031598,0.08670651029264839,0.22845773698735639,-0.08147607098407786
2016-11-18,MSFT,2015-06-30,2015-12-30,485877.85000000003,0.025094784625395043,0.13029493481513144,0.50550872448144
2016-11-18,AMZN,2015-12-31,2016-06-30,365636.96,0.0016300321499226993,0.0055697811337682,0.8118806992332547
2016-11-25,AAPL,2015-09-30,2016-03-30,625423.4156719106,0.08537256307015187,0.22845773698735639,-0.12549469819407436
2016-11-25,MSFT,2015-06-30,2015-12-30,487327.03,0.025020159460475647,0.13029493481513144,0.5519677850340078
2016-11-25,AMZN,2015-12-31,2016-06-30,375357.97000000003,0.0015878176238005549,0.0055697811337682,0.5499431499422254
2016-12-02,AAPL,2015-09-30,2016-03-30,614906.4295968403,0.08683272353324953,0.22845773698735639,-0.3101738009960367
2016-12-02,MSFT,2015-06-30,2015-12-30,477021.75,0.02556067936105639,0.13029493481513144,0.25313286822830877
2016-12-02,AMZN,2015-12-31,2016-06-30,356103.54000000004,0.0016736705285210025,0.0055697811337682,0.43186957624371614
2016-12-09,AAPL,2015-09-30,2016-03-30,637506.7077984201,0.08375441285063813,0.22845773698735639,-0.15330317737275254
2016-12-09,MSFT,2015-06-30,2015-12-30,498920.47,0.024438764759441522,0.13029493481513144,0.45983441697833694
2016-12-09,AMZN,2015-12-31,2016-06-30,369725.46,0.0016120069199454102,0.0055697811337682,0.5495091074513209
2016-12-16,AAPL,2015-09-30,2016-03-30,648694.9617984202,0.08230987312121596,0.22845773698735639,0.14277848681725477
2016-12-16,MSFT,2015-06-30,2015-12-30,501577.3,0.024309313838564862,0.13029493481513144,0.5758860173960588
2016-12-16,AMZN,2015-12-31,2016-06-30,364487.37,0.0016351732571693773,0.0055697811337682,0.5171592035133364
2016-12-23,AAPL,2015-09-30,2016-03-30,651827.6592608962,0.08191429013697143,0.22845773698735639,0.13067501632167997
2016-12-23,MSFT,2015-06-30,2015-12-30,509145.24,0.023947979951653875,0.13029493481513144,0.4403647906613579
2016-12-23,AMZN,2015-12-31,2016-06-30,365843.79,0.0016291106102962688,0.0055697811337682,0.6346900300738118
2016-12-30,AAPL,2015-09-30,2016-03-30,647799.9236719107,0.08242359723870901,0.22845773698735639,0.1663296573138689
2016-12-30,MSFT,2016-06-30,2016-12-30,486556.2,0.04221300643173389,0.22532198257893235,0.3411524326840657
2016-12-30,AMZN,2015-12-31,2016-06-30,360687.47,0.0016524000681254606,0.0055697811337682,0.34111637805264794
2017-01-06,AAPL,2015-09-30,2016-03-30,659659.4455968402,0.08094176526448538,0.22845773698735639,0.695757545639122
2017-01-06,MSFT,2016-06-30,2016-12-30,492037.2,0.04174277879802584,0.22532198257893235,0.9699481680137177
2017-01-06,AMZN,2015-12-31,2016-06-30,382871.19,0.0015566593036159236,0.0055697811337682,1.0063737378691022
2017-01-13,AAPL,2015-09-30,2016-03-30,665924.8832015799,0.08018021453605494,0.22845773698735639,0.76968309932163
2017-01-13,MSFT,2016-06-30,2016-12-30,490941.0,0.04183598436472,0.22532198257893235,1.1820401669056106
2017-01-13,AMZN,2015-12-31,2016-06-30,393044.33999999997,0.001516368356811855,0.0055697811337682,1.2831931216120906
2017-01-20,AAPL,2015-09-30,2016-03-30,671295.24,0.07953877343149342,0.22845773698735639,0.5976081245101745
2017-01-20,MSFT,2016-06-30,2016-12-30,491254.2,0.04180931175753815,0.22532198257893235,1.1232514869415613
2017-01-20,AMZN,2015-12-31,2016-06-30,388806.73,0.0015328952767870042,0.0055697811337682,1.0840249562088033
2017-01-27,AAPL,2015-09-30,2016-03-30,682259.7237984202,0.07826051888675718,0.22845773698735639,0.7732269714859247
2017-01-27,MSFT,2016-06-30,2016-12-30,515057.4,0.03987710884262608,0.22532198257893235,0.6913263708754903
2017-01-27,AMZN,2015-12-31,2016-06-30,402005.37,0.0014825672602333645,0.0055697811337682,1.090529665921573
2017-02-03,AAPL,2015-09-30,2016-03-30,722089.9234031598,0.07394369907332009,0.22845773698735639,1.0289521138994453
2017-02-03,MSFT,2016-06-30,2016-12-30,498614.4,0.04119215169076545,0.22532198257893235,1.5489327199468175
2017-02-03,AMZN,2015-12-31,2016-06-30,389706.20000000007,0.0015293572439956046,0.0055697811337682,2.842505131441826
2017-02-10,AAPL,2015-09-30,2016-03-30,739096.0319249297,0.07224230369758398,0.22845773698735639,1.075083186725553
2017-02-10,MSFT,2016-06-30,2016-12-30,501120.0,0.04098619093231162,0.22532198257893235,1.480370330292222
2017-02-10,AMZN,2015-12-31,2016-06-30,398008.26000000007,0.0014974563593227936,0.0055697811337682,2.9651734611785976
2017-02-17,AAPL,2015-09-30,2016-03-30,759234.9232687732,0.0703260589885935,0.22845773698735639,1.0052644645962503
2017-02-17,MSFT,2016-06-30,2016-12-30,505974.60000000003,0.04059294676056861,0.22532198257893235,1.3022157742351952
2017-02-17,AMZN,2015-12-31,2016-06-30,406478.67000000004,0.0014662515993766657,0.0055697811337682,2.5378710459562632
2017-02-24,AAPL,2015-09-30,2016-03-30,764381.5098656135,0.06985255309143629,0.22845773698735639,1.0410685319024948
2017-02-24,MSFT,2016-06-30,2016-12-30,505974.60000000003,0.04059294676056861,0.22532198257893235,1.7508409718206441
2017-02-24,AMZN,2015-12-31,2016-06-30,406560.44,0.0014659566976068798,0.0055697811337682,2.5333246682314567
2017-03-03,AAPL,2015-09-30,2016-03-30,782058.9716719106,0.06827362377270937,0.22845773698735639,1.0453481264730178
2017-03-03,MSFT,2016-06-30,2016-12-30,503077.5,0.04082671159016255,0.22532198257893235,1.3886165763722471
2017-03-03,AMZN,2015-12-31,2016-06-30,408792.27999999997,0.001457953168782933,0.0055697811337682,2.0693529173438847
2017-03-10,AAPL,2015-09-30,2016-03-30,778254.9209249297,0.06860734004295538,0.22845773698735639,1.205029216215193
2017-03-10,MSFT,2016-06-30,2016-12-30,508401.9000000001,0.04039914091587777,0.22532198257893235,1.2825106303114095
2017-03-10,AMZN,2015-12-31,2016-06-30,410033.26000000007,0.001453540622533889,0.0055697811337682,2.300646285278316
2017-03-17,AAPL,2015-09-30,2016-03-30,783177.78,0.06817609151270865,0.22845773698735639,1.1708833027299401
2017-03-17,MSFT,2016-06-30,2016-12-30,507932.10000000003,0.04043650716306372,0.22532198257893235,1.2954748405878205
2017-03-17,AMZN,2015-12-31,2016-06-30,409961.11,0.0014537964344959453,0.0055697811337682,2.7507231823476483
2017-03-24,AAPL,2015-09-30,2016-03-30,786758.0178656136,0.06786584793231844,0.22845773698735639,1.2199364358097797
2017-03-24,MSFT,2016-06-30,2016-12-30,508793.4,0.040368055088764905,0.22532198257893235,1.1976570292134707
2017-03-24,AMZN,2015-12-31,2016-06-30,406738.41000000003,0.001465315262455788,0.0055697811337682,2.3997340479153935
2017-03-31,AAPL,2016-09-30,2017-03-30,765313.1985480477,0.05969712803421839,0.211867983064288,1.1380830830481365
2017-03-31,MSFT,2016-06-30,2016-12-30,515683.8,0.03982867020449353,0.22532198257893235,0.9812587767391169
2017-03-31,AMZN,2015-12-31,2016-06-30,426425.74,0.0013976642216766747,0.0055697811337682,2.1992101735451377
2017-04-07,AAPL,2016-09-30,2017-03-30,763821.3664519524,0.05981372347859545,0.211867983064288,1.1814922904676244
2017-04-07,MSFT,2016-06-30,2016-12-30,514274.4000000001,0.03993782307655212,0.22532198257893235,1.2269768222613415
2017-04-07,AMZN,2015-12-31,2016-06-30,430437.27999999997,0.0013846384309463158,0.0055697811337682,2.2774314966268463
2017-04-14,AAPL,2016-09-30,2017-03-30,751460.3790285448,0.06079761658101278,0.211867983064288,1.151683322078689
2017-04-14,MSFT,2016-06-30,2016-12-30,508558.5,0.04038670084169275,0.22532198257893235,1.0558304232575577
2017-04-14,AMZN,2015-12-31,2016-06-30,425526.27,0.0014006185799057716,0.0055697811337682,1.9458393399180105
2017-04-21,AAPL,2016-09-30,2017-03-30,758067.1220960951,0.06026775026685376,0.211867983064288,1.4117763495833853
2017-04-21,MSFT,2016-06-30,2016-12-30,519912.00000000006,0.03950476234439674,0.22532198257893235,1.8286613427644325
2017-04-21,AMZN,2015-12-31,2016-06-30,432192.93,0.001379013765912367,0.0055697811337682,1.9565867406319304
2017-04-28,AAPL,2016-09-30,2017-03-30,765313.1985480477,0.05969712803421839,0.211867983064288,2.6605810781930153
2017-04-28,MSFT,2016-06-30,2016-12-30,536041.7999999999,0.038316041771369325,0.22532198257893235,2.3735443806971817
2017-04-28,AMZN,2015-12-31,2016-06-30,444920.19,0.001339566091617465,0.0055697811337682,1.9323288119512119
2017-05-05,AAPL,2016-09-30,2017-03-30,793658.1709714552,0.05756508490812626,0.211867983064288,2.714554448059521
2017-05-05,MSFT,2016-06-30,2016-12-30,540270.0,0.03801617709663686,0.22532198257893235,2.247140202079912
2017-05-05,AMZN,2015-12-31,2016-06-30,449326.15,0.0013264307007281903,0.0055697811337682,1.8474400029710911
2017-05-12,AAPL,2016-09-30,2017-03-30,831593.4693558571,0.054939103881357594,0.211867983064288,2.7649085038166152
2017-05-12,MSFT,2016-06-30,2016-12-30,535415.3999999999,0.03836086896267833,0.22532198257893235,2.0016383669280247
2017-05-12,AMZN,2015-12-31,2016-06-30,462409.35000000003,0.001288901273298215,0.0055697811337682,1.426884741118798
2017-05-19,AAPL,2016-09-30,2017-03-30,815609.4843558571,0.05601577823249832,0.211867983064288,2.4765553343941904
2017-05-19,MSFT,2016-06-30,2016-12-30,530012.7,0.03875190160537663,0.22532198257893235,2.2958571349550314
2017-05-19,AMZN,2015-12-31,2016-06-30,461683.04,0.0012909289455380472,0.0055697811337682,1.6200314379660123
2017-05-26,AAPL,2016-09-30,2017-03-30,818380.0645195027,0.055826139932702676,0.211867983064288,2.2172293685899924
2017-05-26,MSFT,2016-06-30,2016-12-30,547786.7999999999,0.037494514289135854,0.22532198257893235,2.272103183977039
2017-05-26,AMZN,2015-12-31,2016-06-30,478970.18,0.0012443363384334282,0.0055697811337682,1.7109589341268678
2017-06-02,AAPL,2016-09-30,2017-03-30,828183.5558078097,0.05516530686900313,0.211867983064288,2.720361426364941
2017-06-02,MSFT,2016-06-30,2016-12-30,561880.8,0.036554016439073904,0.22532198257893235,2.439411178597035
2017-06-02,AMZN,2015-12-31,2016-06-30,484237.13,0.0012308019420154749,0.0055697811337682,1.6503718804636645
2017-06-09,AAPL,2016-09-30,2017-03-30,793658.1709714552,0.05756508490812626,0.211867983064288,2.9209173796771744
2017-06-09,MSFT,2016-06-30,2016-12-30,550605.6,0.03730256285079556,0.22532198257893235,2.3745977274266634
2017-06-09,AMZN,2015-12-31,2016-06-30,470567.11,0.0012665568573205213,0.0055697811337682,1.9171717785009192
2017-06-16,AAPL,2016-09-30,2017-03-30,758067.1220960951,0.06026775026685376,0.211867983064288,3.021466267741007
2017-06-16,MSFT,2016-06-30,2016-12-30,548100.0,0.037473088852399195,0.22532198257893235,2.600130687804685
2017-06-16,AMZN,2015-12-31,2016-06-30,475088.51,0.0012545030819625588,0.0055697811337682,2.045262134271663
2017-06-23,AAPL,2016-09-30,2017-03-30,779379.1020960951,0.05861973958132499,0.211867983064288,3.2320093067591404
2017-06-23,MSFT,2016-06-30,2016-12-30,557574.2999999999,0.036836346295013964,0.22532198257893235,3.003269232020196
2017-06-23,AMZN,2015-12-31,2016-06-30,482798.94,0.0012344683275402385,0.0055697811337682,2.42967662725065
2017-06-30,AAPL,2016-09-30,2017-03-30,767444.3640285447,0.05953135125023955,0.211867983064288,3.1049252752378127
2017-06-30,MSFT,2016-06-30,2016-12-30,539721.9,0.03805478339863548,0.22532198257893235,2.906726609071742
2017-06-30,AMZN,2016-12-31,2017-06-30,470448.0,0.005039876883311227,0.017435490157147373,2.187750808180295
2017-07-07,AAPL,2016-09-30,2017-03-30,768296.8627402593,0.059465295533095985,0.211867983064288,2.7011526868093307
2017-07-07,MSFT,2016-06-30,2016-12-30,543871.7999999999,0.03776441433440749,0.22532198257893235,2.505187707294946
2017-07-07,AMZN,2016-12-31,2017-06-30,475677.36000000004,0.004984470986805005,0.017435490157147373,1.7742092663442066
2017-07-14,AAPL,2016-09-30,2017-03-30,794084.3390285448,0.05753419095998277,0.211867983064288,2.185667173148116
2017-07-14,MSFT,2016-06-30,2016-12-30,569867.4,0.03604171777504732,0.22532198257893235,2.132326263108947
2017-07-14,AMZN,2016-12-31,2017-06-30,486879.66,0.004869786509463139,0.017435490157147373,1.9548051447854606
2017-07-21,AAPL,2016-09-30,2017-03-30,800691.0820960952,0.05705945903680848,0.211867983064288,2.401706185288806
2017-07-21,MSFT,2016-06-30,2016-12-30,577775.7000000001,0.03554839706827407,0.22532198257893235,1.9286515277280278
2017-07-21,AMZN,2016-12-31,2017-06-30,498475.62,0.004756501431303702,0.017435490157147373,1.972080310719457
2017-07-28,AAPL,2016-09-30,2017-03-30,796641.8351636454,0.057349486285282796,0.211867983064288,1.9558106766188716
2017-07-28,MSFT,2016-06-30,2016-12-30,571903.2000000001,0.035913420313087946,0.22532198257893235,1.6005070787577484
2017-07-28,AMZN,2016-12-31,2017-06-30,495739.44,0.004782754424380678,0.017435490157147373,1.5647425149173226
2017-08-04,AAPL,2016-09-30,2017-03-30,833298.3854804973,0.05482669929050195,0.211867983064288,1.7268075483762415
2017-08-04,MSFT,2016-06-30,2016-12-30,569084.4,0.036091307370224875,0.22532198257893235,1.4785359178765267
2017-08-04,AMZN,2016-12-31,2017-06-30,479963.88000000006,0.00493995506495197,0.017435490157147373,1.541994374958609
2017-08-11,AAPL,2016-09-30,2017-03-30,839052.6298363545,0.05445069638707957,0.211867983064288,1.907784562510462
2017-08-11,MSFT,2016-06-30,2016-12-30,567675.0,0.03618091337473026,0.22532198257893235,1.9072505735227296
2017-08-11,AMZN,2016-12-31,2017-06-30,470443.14,0.005039928948692928,0.017435490157147373,1.631890769825115
2017-08-18,AAPL,2016-09-30,2017-03-30,839265.7951636455,0.05443686644121086,0.211867983064288,1.8902067003946454
2017-08-18,MSFT,2016-06-30,2016-12-30,567596.7,0.036185904533976326,0.22532198257893235,2.094430414403984
2017-08-18,AMZN,2016-12-31,2017-06-30,465816.42,0.005089988025754867,0.017435490157147373,1.9604940643780848
2017-08-25,AAPL,2016-09-30,2017-03-30,851839.8666155979,0.053633319818097644,0.211867983064288,2.0354140542324655
2017-08-25,MSFT,2016-06-30,2016-12-30,570180.6,0.03602192007234199,0.22532198257893235,1.930800299133593
2017-08-25,AMZN,2016-12-31,2017-06-30,459396.36,0.005161120562644423,0.017435490157147373,1.79995569712497
2017-09-01,AAPL,2016-09-30,2017-03-30,874004.2640285448,0.05227320034963568,0.211867983064288,2.299075216314049
2017-09-01,MSFT,2016-06-30,2016-12-30,578950.2,0.03547628103418913,0.22532198257893235,1.9432399591489842
2017-09-01,AMZN,2016-12-31,2017-06-30,475429.5,0.004987069586552791,0.017435490157147373,1.5142577001381836
2017-09-08,AAPL,2016-09-30,2017-03-30,845233.1235480476,0.0540525432891449,0.211867983064288,2.71456399896452
2017-09-08,MSFT,2016-06-30,2016-12-30,579263.4,0.035457099481859204,0.22532198257893235,2.2219475571203278
2017-09-08,AMZN,2016-12-31,2017-06-30,469427.4,0.005050834271710599,0.017435490157147373,1.4894621833435997
2017-09-15,AAPL,2016-09-30,2017-03-30,851839.8666155979,0.053633319818097644,0.211867983064288,2.2952386761080015
2017-09-15,MSFT,2016-06-30,2016-12-30,589677.3,0.034830915146301204,0.22532198257893235,2.041786681937229
2017-09-15,AMZN,2016-12-31,2017-06-30,479579.94,0.00494390987246047,0.017435490157147373,1.2608381701846008
2017-09-22,AAPL,2016-09-30,2017-03-30,809215.9066155979,0.05645835632554207,0.211867983064288,2.4713045700847514
2017-09-22,MSFT,2016-06-30,2016-12-30,582630.2999999999,0.035252200237440454,0.22532198257893235,2.0375963470214016
2017-09-22,AMZN,2016-12-31,2017-06-30,464178.60000000003,0.005107947673589432,0.017435490157147373,0.9391023470295675
2017-09-29,AAPL,2016-09-30,2017-03-30,821150.5633844021,0.055637786828884775,0.211867983064288,2.6619683240506
2017-09-29,MSFT,2016-06-30,2016-12-30,583256.7,0.03521434044392461,0.22532198257893235,2.156241690305541
2017-09-29,AMZN,2016-12-31,2017-06-30,467216.10000000003,0.00507473950491004,0.017435490157147373,0.93097564447776
2017-10-06,AAPL,2016-09-30,2017-03-30,827544.2224234075,0.055207925766442664,0.211867983064288,2.3048876340705187
2017-10-06,MSFT,2016-06-30,2016-12-30,595080.0,0.034514687100894,0.22532198257893235,2.1139957755984002
2017-10-06,AMZN,2016-12-31,2017-06-30,480935.88,0.004929971122137945,0.017435490157147373,0.8245514349009996
2017-10-13,AAPL,2016-09-30,2017-03-30,836495.215,0.05461716837196732,0.211867983064288,2.1421293908490866
2017-10-13,MSFT,2016-06-30,2016-12-30,606746.7,0.03385102877362168,0.22532198257893235,2.3499463297138194
2017-10-13,AMZN,2016-12-31,2017-06-30,487428.84,0.004864299781687107,0.017435490157147373,1.0971479454833146
2017-10-20,AAPL,2016-09-30,2017-03-30,832445.9680675503,0.05488284135252445,0.211867983064288,1.8084627671475864
2017-10-20,MSFT,2016-06-30,2016-12-30,617082.3,0.033284053034741065,0.22532198257893235,1.9200958778163044
2017-10-20,AMZN,2016-12-31,2017-06-30,477694.26,0.004963425769445084,0.017435490157147373,0.9089743130674355
2017-10-27,AAPL,2016-09-30,2017-03-30,868676.2690285448,0.05259381616478661,0.211867983064288,2.10849385037036
2017-10-27,MSFT,2016-06-30,2016-12-30,656232.3,0.031298367971219945,0.22532198257893235,1.7299439511001269
2017-10-27,AMZN,2016-12-31,2017-06-30,535061.7,0.004431264656020045,0.017435490157147373,1.1435562995974011
2017-11-03,AAPL,2016-09-30,2017-03-30,918972.5548363545,0.04971530407470731,0.211867983064288,2.5409844634177623
2017-11-03,MSFT,2016-06-30,2016-12-30,658816.2,0.03117561468585624,0.22532198257893235,2.1236624813358382
2017-11-03,AMZN,2016-12-31,2017-06-30,540237.6,0.004388809664488366,0.017435490157147373,1.5119975547345748
2017-11-10,AAPL,2016-09-30,2017-03-30,930694.1275765925,0.04908916758609304,0.211867983064288,2.672066551858435
2017-11-10,MSFT,2016-06-30,2016-12-30,656702.1000000001,0.03127597734193327,0.22532198257893235,2.250605576460946
2017-11-10,AMZN,2016-12-31,2017-06-30,546920.1,0.00433518534060094,0.017435490157147373,1.756555681129685
2017-11-17,AAPL,2016-09-30,2017-03-30,906611.6487116931,0.05039313146364468,0.211867983064288,2.450000505982311
2017-11-17,MSFT,2016-06-30,2016-12-30,645192.0,0.03183393470470806,0.22532198257893235,2.1811349596987766
2017-11-17,AMZN,2016-12-31,2017-06-30,549121.68,0.004317804389001723,0.017435490157147373,1.4483367794143305
2017-11-24,AAPL,2016-09-30,2017-03-30,932186.0409714552,0.04901060302553812,0.211867983064288,2.6625423024667096
2017-11-24,MSFT,2016-06-30,2016-12-30,651925.8,0.03150511914085928,0.22532198257893235,2.741985728720788
2017-11-24,AMZN,2016-12-31,2017-06-30,576396.0,0.004113491419093817,0.017435490157147373,1.996445745529054
2017-12-01,AAPL,2016-09-30,2017-03-30,911300.2290285447,0.05013386208483982,0.211867983064288,3.288386901753604
2017-12-01,MSFT,2016-06-30,2016-12-30,659755.8,0.03113121551943916,0.22532198257893235,3.054416807236639
2017-12-01,AMZN,2016-12-31,2017-06-30,564902.1,0.004197187441859395,0.017435490157147373,2.5231115933357375
2017-12-08,AAPL,2016-09-30,2017-03-30,902349.2364519524,0.050631172670618986,0.211867983064288,3.103683788326424
2017-12-08,MSFT,2016-06-30,2016-12-30,658972.7999999999,0.03116820603217614,0.22532198257893235,2.679553713505696
2017-12-08,AMZN,2016-12-31,2017-06-30,564732.0,0.004198451654944292,0.017435490157147373,2.359019474369887
2017-12-15,AAPL,2016-09-30,2017-03-30,926858.0459714552,0.04929233791363887,0.211867983064288,2.709745971805459
2017-12-15,MSFT,2016-06-30,2016-12-30,680035.5,0.030202834999055198,0.22532198257893235,2.400535499534532
2017-12-15,AMZN,2016-12-31,2017-06-30,573062.04,0.004137422887057743,0.017435490157147373,2.5123470118581612
2017-12-22,AAPL,2016-09-30,2017-03-30,932399.125,0.04899940248227925,0.211867983064288,2.907995632252105
2017-12-22,MSFT,2016-06-30,2016-12-30,669543.3,0.03067613401552969,0.22532198257893235,2.3296827870853165
2017-12-22,AMZN,2016-12-31,2017-06-30,567822.96,0.004175597267148197,0.017435490157147373,2.850351612200791
2017-12-29,AAPL,2016-09-30,2017-03-30,901709.9030675504,0.050667071354740814,0.211867983064288,2.6988639731681783
2017-12-29,MSFT,2016-06-30,2016-12-30,669778.2000000001,0.030665375492961697,0.22532198257893235,2.658142050758675
2017-12-29,AMZN,2016-12-31,2017-06-30,568362.42,0.004171634007751603,0.017435490157147373,2.8205374437122663
2018-01-05,AAPL,2016-09-30,2017-03-30,932399.125,0.04899940248227925,0.211867983064288,2.4450383884599964
2018-01-05,MSFT,2017-06-30,2017-12-30,679944.9,0.037486861067712984,0.26394052044609667,2.4929963128837027
2018-01-05,AMZN,2016-12-31,2017-06-30,597362.04,0.003969117287733918,0.017435490157147373,2.3898289625633704
2018-01-12,AAPL,2016-09-30,2017-03-30,943481.3643558571,0.048423849930721075,0.211867983064288,2.585345170677652
2018-01-12,MSFT,2017-06-30,2017-12-30,690816.0,0.03689694506207152,0.26394052044609667,2.830236710531819
2018-01-12,AMZN,2016-12-31,2017-06-30,634327.2000000001,0.003737818589522883,0.017435490157147373,2.227566418021412
2018-01-19,AAPL,2016-09-30,2017-03-30,950940.5248363544,0.04804401411735207,0.211867983064288,2.5683982801466514
2018-01-19,MSFT,2017-06-30,2017-12-30,693900.0,0.036732958639573425,0.26394052044609667,2.669365514572592
2018-01-19,AMZN,2016-12-31,2017-06-30,629165.88,0.003768481533041811,0.017435490157147373,2.242480722604243
2018-01-26,AAPL,2016-09-30,2017-03-30,913857.7251636455,0.04999355888994513,0.211867983064288,2.1036112322723555
2018-01-26,MSFT,2017-06-30,2017-12-30,725202.6,0.035147419493531874,0.26394052044609667,2.2257866999341016
2018-01-26,AMZN,2016-12-31,2017-06-30,681396.2999999999,0.0034796197161622395,0.017435490157147373,1.8968390455008322
2018-02-02,AAPL,2016-09-30,2017-03-30,855036.6148363545,0.053432799493322324,0.211867983064288,1.8712647587715674
2018-02-02,MSFT,2017-06-30,2017-12-30,707623.8,0.03602055216345182,0.26394052044609667,2.8961004587523695
2018-02-02,AMZN,2016-12-31,2017-06-30,694955.7000000001,0.0034117282583623672,0.017435490157147373,2.5042206130993065
2018-02-09,AAPL,2016-09-30,2017-03-30,833298.3854804973,0.05482669929050195,0.211867983064288,1.7777400578731604
2018-02-09,MSFT,2017-06-30,2017-12-30,679867.8,0.037491112242703656,0.26394052044609667,2.8413530302154513
2018-02-09,AMZN,2016-12-31,2017-06-30,651045.5999999999,0.0036418339974957216,0.017435490157147373,2.6335301986366284
2018-02-16,AAPL,2016-09-30,2017-03-30,918759.4708078096,0.04972683433655403,0.211867983064288,1.4698439011318205
2018-02-16,MSFT,2017-06-30,2017-12-30,709320.0,0.035934416060452265,0.26394052044609667,2.698913610395561
2018-02-16,AMZN,2016-12-31,2017-06-30,704063.34,0.003367594739416485,0.017435490157147373,2.3084209237012367
2018-02-23,AAPL,2016-09-30,2017-03-30,935169.7051636454,0.04885423442155371,0.211867983064288,1.188808188489353
2018-02-23,MSFT,2017-06-30,2017-12-30,725202.6,0.035147419493531874,0.26394052044609667,3.1173537918153
2018-02-23,AMZN,2016-12-31,2017-06-30,729000.0,0.003252400548696845,0.017435490157147373,2.8462673822662903
2018-03-02,AAPL,2016-09-30,2017-03-30,938792.7027402594,0.04866569570326162,0.211867983064288,0.6913852495189986
2018-03-02,MSFT,2017-06-30,2017-12-30,717415.5,0.03552892291844824,0.26394052044609667,2.920992246524728
2018-03-02,AMZN,2016-12-31,2017-06-30,729121.5,0.0032518585722681338,0.017435490157147373,2.946380656131237
2018-03-09,AAPL,2016-09-30,2017-03-30,958826.0159714551,0.047648894834910416,0.211867983064288,0.5794917401232454
2018-03-09,MSFT,2017-06-30,2017-12-30,744323.4,0.03424452328114365,0.26394052044609667,2.391406863586982
2018-03-09,AMZN,2016-12-31,2017-06-30,767340.54,0.00308989278736661,0.017435490157147373,2.431154435439847
2018-03-16,AAPL,2016-09-30,2017-03-30,948596.1940285448,0.04816274858322402,0.211867983064288,1.0780456889225136
2018-03-16,MSFT,2017-06-30,2017-12-30,729366.0,0.03494678940339967,0.26394052044609667,2.7497987880002444
2018-03-16,AMZN,2016-12-31,2017-06-30,763836.48,0.003104067509318225,0.017435490157147373,2.97330526877036
2018-03-23,AAPL,2016-09-30,2017-03-30,878692.9256441428,0.05199427316034013,0.211867983064288,1.0834052676560306
2018-03-23,MSFT,2017-06-30,2017-12-30,672157.8,0.03792115482406066,0.26394052044609667,2.562468989078528
2018-03-23,AMZN,2016-12-31,2017-06-30,726842.1599999999,0.0032620562351528977,0.017435490157147373,3.194085174179595
2018-03-30,AAPL,2017-09-30,2018-03-30,865476.6743403075,0.05586632364974434,0.21092420845075338,0.9914063825861449
2018-03-30,MSFT,2017-06-30,2017-12-30,703691.7,0.03622182839445172,0.26394052044609667,2.3031737364189797
2018-03-30,AMZN,2016-12-31,2017-06-30,703407.2399999999,0.0033707358485533935,0.017435490157147373,2.846441655619791
2018-04-06,AAPL,2017-09-30,2018-03-30,868365.0224680656,0.055680501573608834,0.21092420845075338,1.11692296277275
2018-04-06,MSFT,2017-06-30,2017-12-30,695673.3,0.036639324809504686,0.26394052044609667,2.6114823862032424
2018-04-06,AMZN,2016-12-31,2017-06-30,682941.78,0.003471745424624629,0.017435490157147373,3.1030502112238114
2018-04-13,AAPL,2017-09-30,2018-03-30,901168.5509361313,0.0536536699486163,0.21092420845075338,1.139701435512758
2018-04-13,MSFT,2017-06-30,2017-12-30,717646.7999999999,0.03551747182597345,0.26394052044609667,2.525786500806731
2018-04-13,AMZN,2016-12-31,2017-06-30,695363.9400000001,0.003409725272783055,0.017435490157147373,3.1623480460257616
2018-04-20,AAPL,2017-09-30,2018-03-30,854748.4679361313,0.056567518765781394,0.21092420845075338,0.6717751352406572
2018-04-20,MSFT,2017-06-30,2017-12-30,732450.0,0.034799645026964296,0.26394052044609667,1.7328320100980026
2018-04-20,AMZN,2016-12-31,2017-06-30,742360.14,0.0031938676017815287,0.017435490157147373,2.6343979026630295
2018-04-27,AAPL,2017-09-30,2018-03-30,837212.0236167668,0.05775239561314833,0.21092420845075338,0.7067540387761422
2018-04-27,MSFT,2017-06-30,2017-12-30,738772.2,0.034501839673988816,0.26394052044609667,1.8616629177410473
2018-04-27,AMZN,2016-12-31,2017-06-30,764293.32,0.0031022121192947234,0.017435490157147373,2.2388745172716717
2018-05-04,AAPL,2017-09-30,2018-03-30,948207.5431916269,0.050992001009876546,0.21092420845075338,0.48395496103221075
2018-05-04,MSFT,2017-06-30,2017-12-30,733683.6,0.034741133643984956,0.26394052044609667,1.7141999231548064
2018-05-04,AMZN,2016-12-31,2017-06-30,768341.7,0.0030858666137735333,0.017435490157147373,1.9988521580840268
2018-05-11,AAPL,2017-09-30,2018-03-30,972758.6596806356,0.049705031683679915,0.21092420845075338,0.4482766067640839
2018-05-11,MSFT,2017-06-30,2017-12-30,753267.0,0.03383793528722219,0.26394052044609667,2.007925225823203
2018-05-11,AMZN,2016-12-31,2017-06-30,779014.26,0.003043589985117859,0.017435490157147373,1.9406998826165553
2018-05-18,AAPL,2017-09-30,2018-03-30,960998.9116167667,0.05031327238306147,0.21092420845075338,0.3105767572273949
2018-05-18,MSFT,2017-06-30,2017-12-30,742935.6,0.0343084918800499,0.26394052044609667,2.237863570850284
2018-05-18,AMZN,2016-12-31,2017-06-30,765143.82,0.0030987638376272844,0.017435490157147373,2.3382076609804163
2018-05-25,AAPL,2017-09-30,2018-03-30,972758.6596806356,0.049705031683679915,0.21092420845075338,0.2134437463182828
2018-05-25,MSFT,2017-06-30,2017-12-30,758355.6,0.0336108812277512,0.26394052044609667,2.0670519585495635
2018-05-25,AMZN,2016-12-31,2017-06-30,782532.9,0.003029904557367492,0.017435490157147373,2.301166688984521
2018-06-01,AAPL,2017-09-30,2018-03-30,981217.42721257,0.049276540203077014,0.21092420845075338,0.6871190193044131
2018-06-01,MSFT,2017-06-30,2017-12-30,777090.9,0.03280053852129783,0.26394052044609667,1.824594748020544
2018-06-01,AMZN,2016-12-31,2017-06-30,797788.44,0.0029719658509967883,0.017435490157147373,2.2641599920170323
2018-06-08,AAPL,2017-09-30,2018-03-30,988644.5743832333,0.04890635244740387,0.21092420845075338,1.0168596528243976
2018-06-08,MSFT,2017-06-30,2017-12-30,783567.2999999999,0.03252943301743195,0.26394052044609667,2.2047831005728016
2018-06-08,AMZN,2016-12-31,2017-06-30,818419.14,0.0028970485709803903,0.017435490157147373,2.5606044895233535
2018-06-15,AAPL,2017-09-30,2018-03-30,973996.478191627,0.049641863274260505,0.21092420845075338,1.2020633852547393
2018-06-15,MSFT,2017-06-30,2017-12-30,772002.2999999999,0.033016741012300094,0.26394052044609667,2.1203826022105927
2018-06-15,AMZN,2016-12-31,2017-06-30,833961.42,0.002843057176433893,0.017435490157147373,2.381027632312874
2018-06-22,AAPL,2017-09-30,2018-03-30,953777.9625958032,0.05069418868560127,0.21092420845075338,1.121908831565277
2018-06-22,MSFT,2017-06-30,2017-12-30,774161.1,0.03292467162196602,0.26394052044609667,2.149817449340032
2018-06-22,AMZN,2016-12-31,2017-06-30,833815.62,0.002843554310004411,0.017435490157147373,2.4198856968282594
2018-06-29,AAPL,2017-09-30,2018-03-30,954809.5042554958,0.05063942051739552,0.21092420845075338,1.2477119127494878
2018-06-29,MSFT,2017-06-30,2017-12-30,760283.1,0.03352566958281725,0.26394052044609667,2.6452124216824386
2018-06-29,AMZN,2016-12-31,2017-06-30,826102.7999999999,0.002870102849185356,0.017435490157147373,2.8283009110662936
2018-07-06,AAPL,2017-09-30,2018-03-30,969457.6791487013,0.049874276144223136,0.21092420845075338,1.2801148205582515
2018-07-06,MSFT,2017-06-30,2017-12-30,779943.6,0.03268056818467387,0.26394052044609667,2.6355782994202115
2018-07-06,AMZN,2017-12-31,2018-06-30,848472.4800000001,0.0035746592511757126,0.01705216286417865,2.928195322789275
2018-07-13,AAPL,2017-09-30,2018-03-30,986787.8466167668,0.048998374033256416,0.21092420845075338,1.0433019629015439
2018-07-13,MSFT,2017-06-30,2017-12-30,812865.3,0.03135697882539702,0.26394052044609667,2.1534310290114385
2018-07-13,AMZN,2017-12-31,2018-06-30,899262.88,0.0033727623673291173,0.01705216286417865,2.845316928545401
2018-07-20,AAPL,2017-09-30,2018-03-30,987406.7558722625,0.04896766171838408,0.21092420845075338,0.900453167680263
2018-07-20,MSFT,2017-06-30,2017-12-30,819341.7,0.03110912089547011,0.26394052044609667,2.068714467033792
2018-07-20,AMZN,2017-12-31,2018-06-30,899595.2000000001,0.0033715164331690516,0.01705216286417865,2.6853837200921373
2018-07-27,AAPL,2017-09-30,2018-03-30,984931.0401487012,0.0490907464878964,0.21092420845075338,0.9304466958867631
2018-07-27,MSFT,2017-06-30,2017-12-30,830212.8,0.030701767065022364,0.26394052044609667,2.0170511347093107
2018-07-27,AMZN,2017-12-31,2018-06-30,901365.92,0.003364893139070534,0.01705216286417865,2.664472250911004
2018-08-03,AAPL,2017-09-30,2018-03-30,1072819.696,0.045069083071718696,0.21092420845075338,0.7576480980915979
2018-08-03,MSFT,2017-06-30,2017-12-30,832988.4,0.030599465730855313,0.26394052044609667,2.263217827542431
2018-08-03,AMZN,2017-12-31,2018-06-30,904351.8400000001,0.0033537831912853738,0.01705216286417865,2.9724848025216954
2018-08-10,AAPL,2017-09-30,2018-03-30,1070343.9802764386,0.04517332828602665,0.21092420845075338,0.8064099086050045
2018-08-10,MSFT,2017-06-30,2017-12-30,840390.0,0.030329965849189067,0.26394052044609667,2.628264527356104
2018-08-10,AMZN,2017-12-31,2018-06-30,935604.7999999999,0.0032417533556903517,0.01705216286417865,3.5625167351202687
2018-08-17,AAPL,2017-09-30,2018-03-30,1122334.4826806355,0.043080739963113526,0.21092420845075338,0.7982167451658062
2018-08-17,MSFT,2017-06-30,2017-12-30,829441.7999999999,0.030730305610351446,0.26394052044609667,2.67930300920286
2018-08-17,AMZN,2017-12-31,2018-06-30,933581.12,0.0032487803523704507,0.01705216286417865,3.6505897733367756
2018-08-24,AAPL,2017-09-30,2018-03-30,1114907.2568083731,0.04336773279098893,0.21092420845075338,0.7200415567826417
2018-08-24,MSFT,2017-06-30,2017-12-30,835764.0,0.030497843888944727,0.26394052044609667,2.7529613785613103
2018-08-24,AMZN,2017-12-31,2018-06-30,945073.44,0.0032092744030559153,0.01705216286417865,3.799012449777815
2018-08-31,AAPL,2017-09-30,2018-03-30,1174118.6295319344,0.04118067696385608,0.21092420845075338,0.9804922730805612
2018-08-31,MSFT,2017-06-30,2017-12-30,866064.2999999999,0.029430840181265988,0.26394052044609667,2.619803720448567
2018-08-31,AMZN,2017-12-31,2018-06-30,998304.1599999999,0.003038152220060868,0.01705216286417865,3.5168256964877447
2018-09-07,AAPL,2017-09-30,2018-03-30,1141521.4566167668,0.042356628269872694,0.21092420845075338,1.1303181641570257
2018-09-07,MSFT,2017-06-30,2017-12-30,834299.1,0.030551393379184996,0.26394052044609667,2.607063828566056
2018-09-07,AMZN,2017-12-31,2018-06-30,968226.72,0.003132530777502195,0.01705216286417865,3.8390609750604914
2018-09-14,AAPL,2017-09-30,2018-03-30,1154519.0231916269,0.041879777663892774,0.21092420845075338,1.3242257885614435
2018-09-14,MSFT,2017-06-30,2017-12-30,874082.7000000001,0.029160856289685174,0.26394052044609667,2.307723753878549
2018-09-14,AMZN,2017-12-31,2018-06-30,977214.24,0.0031037206334610925,0.01705216286417865,3.6568770655074965
2018-09-21,AAPL,2017-09-30,2018-03-30,1122540.7595319345,0.04307282349387554,0.21092420845075338,1.5748918156692093
2018-09-21,MSFT,2017-06-30,2017-12-30,880944.6000000001,0.028933715014542342,0.26394052044609667,2.4753403153170095
2018-09-21,AMZN,2017-12-31,2018-06-30,949844.9600000001,0.003193152701468248,0.01705216286417865,4.021756088387906
2018-09-28,AAPL,2017-09-30,2018-03-30,1164421.9647874301,0.041523606958776896,0.21092420845075338,1.7648916751287382
2018-09-28,MSFT,2017-06-30,2017-12-30,881792.7000000001,0.028905886837121694,0.26394052044609667,2.752688850246243
2018-09-28,AMZN,2017-12-31,2018-06-30,993488.0,0.003052880356884029,0.01705216286417865,4.386619701561143
2018-10-05,AAPL,2017-09-30,2018-03-30,1156788.4620638688,0.041797616060014295,0.21092420845075338,1.5698405104753121
2018-10-05,MSFT,2017-06-30,2017-12-30,864522.2999999999,0.029483334322318814,0.26394052044609667,2.2752938840801917
2018-10-05,AMZN,2017-12-31,2018-06-30,937266.4,0.0032360063264830576,0.01705216286417865,3.757890730936133
2018-10-12,AAPL,2017-09-30,2018-03-30,1145647.623255496,0.0422040765576808,0.21092420845075338,1.5696959923728195
2018-10-12,MSFT,2017-06-30,2017-12-30,844784.7,0.030172184699841276,0.26394052044609667,2.4582471957805048
2018-10-12,AMZN,2017-12-31,2018-06-30,887150.5599999999,0.0034188108949624067,0.01705216286417865,3.608623643778064
2018-10-19,AAPL,2017-09-30,2018-03-30,1131205.8826167667,0.042742882390384894,0.21092420845075338,1.4464630646056584
2018-10-19,MSFT,2017-06-30,2017-12-30,837768.6,0.030424869110635085,0.26394052044609667,2.3839246156382954
2018-10-19,AMZN,2017-12-31,2018-06-30,874958.88,0.0034664486175624617,0.01705216286417865,3.5574613615347332
2018-10-26,AAPL,2017-09-30,2018-03-30,1115732.5216167667,0.043335655332459394,0.21092420845075338,1.4252560902312383
2018-10-26,MSFT,2017-06-30,2017-12-30,824661.6,0.030908435654091328,0.26394052044609667,2.01707357573086
2018-10-26,AMZN,2017-12-31,2018-06-30,814833.76,0.003722231636548785,0.01705216286417865,3.2118029928984364
2018-11-02,AAPL,2017-09-30,2018-03-30,1070137.6247235613,0.045182039097532024,0.21092420845075338,1.1178656081382414
2018-11-02,MSFT,2017-06-30,2017-12-30,818493.6,0.03114135528976647,0.26394052044609667,1.835840170482695
2018-11-02,AMZN,2017-12-31,2018-06-30,826102.88,0.003671455545585315,0.01705216286417865,2.743149063294246
2018-11-09,AAPL,2017-09-30,2018-03-30,1054664.2637235613,0.045844921140395546,0.21092420845075338,1.0090159375593517
2018-11-09,MSFT,2017-06-30,2017-12-30,844784.7,0.030172184699841276,0.26394052044609667,1.6740280232760185
2018-11-09,AMZN,2017-12-31,2018-06-30,849365.28,0.003570901791511892,0.01705216286417865,2.303213314473359
2018-11-16,AAPL,2017-09-30,2018-03-30,998134.9622764387,0.048441344935685096,0.21092420845075338,1.0557375939873817
2018-11-16,MSFT,2017-06-30,2017-12-30,834915.9,0.030528823322205266,0.26394052044609667,1.7472878545400516
2018-11-16,AMZN,2017-12-31,2018-06-30,790331.36,0.003837630838791466,0.01705216286417865,2.097612281223416
2018-11-23,AAPL,2017-09-30,2018-03-30,888583.5380638688,0.05441356713106773,0.21092420845075338,0.8020410924509491
2018-11-23,MSFT,2017-06-30,2017-12-30,794669.7,0.03207496145883,0.26394052044609667,1.4976469050328536
2018-11-23,AMZN,2017-12-31,2018-06-30,745021.7599999999,0.004071022032967199,0.01705216286417865,1.4178434051285087
2018-11-30,AAPL,2017-09-30,2018-03-30,921180.7896806354,0.052488068077019744,0.21092420845075338,0.7198108374943323
2018-11-30,MSFT,2017-06-30,2017-12-30,854961.9,0.029813024416643595,0.26394052044609667,1.280689856156594
2018-11-30,AMZN,2017-12-31,2018-06-30,838324.32,0.003617931542293799,0.01705216286417865,1.4641601175885035
2018-12-07,AAPL,2017-09-30,2018-03-30,868983.9317235614,0.05564084470940629,0.21092420845075338,0.6878221670826912
2018-12-07,MSFT,2017-06-30,2017-12-30,808162.2,0.03153946076666293,0.26394052044609667,1.426383890476959
2018-12-07,AMZN,2017-12-31,2018-06-30,808048.4800000001,0.0037534876620274066,0.01705216286417865,1.5850718524189509
2018-12-14,AAPL,2017-09-30,2018-03-30,853510.5707235615,0.05664956200719408,0.21092420845075338,0.3737743844975456
2018-12-14,MSFT,2017-06-30,2017-12-30,817491.3,0.031179536711889163,0.26394052044609667,1.1757397395953502
2018-12-14,AMZN,2017-12-31,2018-06-30,789587.36,0.003841246901419496,0.01705216286417865,1.1701005442760024
2018-12-21,AAPL,2017-09-30,2018-03-30,777381.6629361312,0.062197247896716164,0.21092420845075338,-0.04955663009565648
2018-12-21,MSFT,2017-06-30,2017-12-30,757353.3,0.0336553626953233,0.26394052044609667,0.9202354525181464
2018-12-21,AMZN,2017-12-31,2018-06-30,683215.2000000001,0.004439304043586852,0.01705216286417865,0.8613038276929849
2018-12-28,AAPL,2017-09-30,2018-03-30,805852.66921257,0.059999801262984764,0.21092420845075338,0.17594017384880553
2018-12-28,MSFT,2017-06-30,2017-12-30,774006.9,0.032931230974814305,0.26394052044609667,1.3234296191385577
2018-12-28,AMZN,2017-12-31,2018-06-30,733097.9199999999,0.0041372372192789745,0.01705216286417865,1.314806102694437
2019-01-04,AAPL,2017-09-30,2018-03-30,764590.37321257,0.06323778286253356,0.21092420845075338,-0.11778389501550976
2019-01-04,MSFT,2018-06-30,2018-12-30,791792.2400000001,0.020928469821831035,0.1501540413193186,0.847442279293424
2019-01-04,AMZN,2017-12-31,2018-06-30,781393.4400000001,0.0038815273391596427,0.01705216286417865,0.9543513883484895
2019-01-11,AAPL,2017-09-30,2018-03-30,785427.7980638688,0.06156008244066278,0.21092420845075338,-0.2063934819627795
2019-01-11,MSFT,2018-06-30,2018-12-30,798550.4,0.02075135144882527,0.1501540413193186,0.8252252114629881
2019-01-11,AMZN,2017-12-31,2018-06-30,813717.7599999999,0.0037273366136189538,0.01705216286417865,0.6495983510415952
2019-01-18,AAPL,2017-09-30,2018-03-30,808741.0173403075,0.059785517196853814,0.21092420845075338,-0.4878429329889436
2019-01-18,MSFT,2018-06-30,2018-12-30,836691.2799999999,0.019805393454082613,0.1501540413193186,0.4034632240002559
2019-01-18,AMZN,2017-12-31,2018-06-30,841315.2000000001,0.0036050697764642785,0.01705216286417865,0.18880416227408192
2019-01-25,AAPL,2017-09-30,2018-03-30,813692.4487874302,0.059421714029733196,0.21092420845075338,-0.28138060879009696
2019-01-25,MSFT,2018-06-30,2018-12-30,832496.56,0.019905187355969373,0.1501540413193186,0.3019474473982049
2019-01-25,AMZN,2017-12-31,2018-06-30,828602.72,0.003660379005272877,0.01705216286417865,0.16394930760666304
2019-02-01,AAPL,2017-09-30,2018-03-30,858874.7132764386,0.056295754494331794,0.21092420845075338,-0.24235918626202463
2019-02-01,MSFT,2018-06-30,2018-12-30,798395.04,0.020755389462339343,0.1501540413193186,0.4902673369990521
2019-02-01,AMZN,2017-12-31,2018-06-30,806610.08,0.0037601811274166077,0.01705216286417865,0.3067795593741036
2019-02-08,AAPL,2017-09-30,2018-03-30,878886.8733193646,0.05501390618952902,0.21092420845075338,-0.08383990475511281
2019-02-08,MSFT,2018-06-30,2018-12-30,820844.56,0.020187744193614438,0.1501540413193186,0.7439597516836186
2019-02-08,AMZN,2017-12-31,2018-06-30,787757.12,0.0038501714843275554,0.01705216286417865,0.6897611660157541
2019-02-15,AAPL,2017-09-30,2018-03-30,878886.8733193646,0.05501390618952902,0.21092420845075338,-0.30516987079316654
2019-02-15,MSFT,2018-06-30,2018-12-30,840652.96,0.01971205811254147,0.1501540413193186,0.775436910747576
2019-02-15,AMZN,2017-12-31,2018-06-30,797543.2000000001,0.003802928794327379,0.01705216286417865,0.5402938348952846
2019-02-22,AAPL,2017-09-30,2018-03-30,892090.8741487012,0.05419963526265201,0.21092420845075338,-0.3406319230543104
2019-02-22,MSFT,2018-06-30,2018-12-30,862014.96,0.019223564287097757,0.1501540413193186,0.6321166173758179
2019-02-22,AMZN,2017-12-31,2018-06-30,809253.76,0.0037478973220958526,0.01705216286417865,0.36131066475424517
2019-03-01,AAPL,2017-09-30,2018-03-30,902406.4481487012,0.05358006926833548,0.21092420845075338,-0.18482651354683566
2019-03-01,MSFT,2018-06-30,2018-12-30,874133.04,0.01895706859450136,0.1501540413193186,0.47478717380009516
2019-03-01,AMZN,2017-12-31,2018-06-30,829178.08,0.0036578390977243394,0.01705216286417865,0.2661708030185538
2019-03-08,AAPL,2017-09-30,2018-03-30,891884.5185958033,0.05421217544635101,0.21092420845075338,-0.17902617593242764
2019-03-08,MSFT,2018-06-30,2018-12-30,858441.68,0.019303582743093274,0.1501540413193186,0.4325353459308836
2019-03-08,AMZN,2017-12-31,2018-06-30,803916.7999999999,0.003772778476578671,0.01705216286417865,0.01887125753063846
2019-03-15,AAPL,2017-09-30,2018-03-30,959967.2912554959,0.050367341096345074,0.21092420845075338,-0.1401741752318395
2019-03-15,MSFT,2018-06-30,2018-12-30,900388.88,0.018404269941672314,0.1501540413193186,0.648390608459242
2019-03-15,AMZN,2017-12-31,2018-06-30,849330.5599999999,0.003571047767314531,0.01705216286417865,0.07260251966093217
2019-03-22,AAPL,2017-09-30,2018-03-30,985343.5938512989,0.04907019267361958,0.21092420845075338,0.16402192733099208
2019-03-22,MSFT,2018-06-30,2018-12-30,909244.4,0.018225022887135737,0.1501540413193186,1.328534291645651
2019-03-22,AMZN,2017-12-31,2018-06-30,875325.92,0.0034649950729209525,0.01705216286417865,0.28893501203953575
2019-03-29,AAPL,2017-09-30,2018-03-30,979773.2531487012,0.04934917323433172,0.21092420845075338,0.14365671952500006
2019-03-29,MSFT,2018-06-30,2018-12-30,916157.9199999999,0.018087493038318112,0.1501540413193186,1.1580084690443109
2019-03-29,AMZN,2017-12-31,2018-06-30,883252.0,0.0034339010837224257,0.01705216286417865,0.49601472956736586
2019-04-05,AAPL,2018-09-30,2019-03-30,940330.6440000001,0.06330858233734217,0.22414202074587247,0.09060015806181558
2019-04-05,MSFT,2018-06-30,2018-12-30,931305.52,0.017793301600961195,0.1501540413193186,1.1197462062556025
2019-04-05,AMZN,2017-12-31,2018-06-30,911290.88,0.0033282457517845453,0.01705216286417865,0.4921065729391197
2019-04-12,AAPL,2018-09-30,2019-03-30,949304.3810668922,0.06271012879251127,0.22414202074587247,0.219680029681469
2019-04-12,MSFT,2018-06-30,2018-12-30,939539.6,0.017637361958985017,0.1501540413193186,1.232325428198596
2019-04-12,AMZN,2017-12-31,2018-06-30,914157.76,0.0033178080772404096,0.01705216286417865,0.6317604800174106
2019-04-19,AAPL,2018-09-30,2019-03-30,973170.6410668922,0.061172211211320396,0.22414202074587247,0.5224631780313856
2019-04-19,MSFT,2018-06-30,2018-12-30,958338.16,0.017291391172402026,0.1501540413193186,1.166444301095646
2019-04-19,AMZN,2017-12-31,2018-06-30,923398.2400000001,0.0032846066503224,0.01705216286417865,0.5091203674734858
2019-04-26,AAPL,2018-09-30,2019-03-30,975270.8836003478,0.06104047706236554,0.22414202074587247,0.5845287043238163
2019-04-26,MSFT,2018-06-30,2018-12-30,1008985.5199999999,0.01642342696850595,0.1501540413193186,1.1285735363640181
2019-04-26,AMZN,2017-12-31,2018-06-30,967512.48,0.0031348432838819817,0.01705216286417865,0.4308626010251671
2019-05-03,AAPL,2018-09-30,2019-03-30,1010783.817299744,0.05889587761608011,0.22414202074587247,0.2722424521978732
2019-05-03,MSFT,2018-06-30,2018-12-30,1001295.2000000001,0.016549565003407585,0.1501540413193186,1.270181187124705
2019-05-03,AMZN,2017-12-31,2018-06-30,973380.16,0.003115945983530217,0.01705216286417865,0.5278456691124331
2019-05-10,AAPL,2018-09-30,2019-03-30,941285.2798331997,0.06324437582891893,0.22414202074587247,0.20070719387479324
2019-05-10,MSFT,2018-06-30,2018-12-30,987545.84,0.016779980562725068,0.1501540413193186,1.1638307559912417
2019-05-10,AMZN,2017-12-31,2018-06-30,937430.08,0.003235441303526339,0.01705216286417865,0.48349632803235165
2019-05-17,AAPL,2018-09-30,2019-03-30,902144.628,0.06598831069024555,0.22414202074587247,0.34312652921035797
2019-05-17,MSFT,2018-06-30,2018-12-30,994847.7599999999,0.016656819933936428,0.1501540413193186,1.3771253654626352
2019-05-17,AMZN,2017-12-31,2018-06-30,927024.0,0.0032717599544348367,0.01705216286417865,0.5897320814074756
2019-05-24,AAPL,2018-09-30,2019-03-30,854221.209966984,0.0696903791493317,0.22414202074587247,0.2980304081033085
2019-05-24,MSFT,2018-06-30,2018-12-30,980632.32,0.016898280489062403,0.1501540413193186,1.57176922823967
2019-05-24,AMZN,2017-12-31,2018-06-30,904346.88,0.003353801585515505,0.01705216286417865,0.6817311384277829
2019-05-31,AAPL,2018-09-30,2019-03-30,835700.9689000917,0.07123481031540714,0.22414202074587247,0.40352545354540464
2019-05-31,MSFT,2018-06-30,2018-12-30,960746.2400000001,0.017248050848473785,0.1501540413193186,1.3636579344837965
2019-05-31,AMZN,2017-12-31,2018-06-30,880434.72,0.003444889133858783,0.01705216286417865,0.6283432831258486
2019-06-07,AAPL,2018-09-30,2019-03-30,907681.6178001645,0.06558577240362971,0.22414202074587247,0.09814053329414404
2019-06-07,MSFT,2018-06-30,2018-12-30,1020715.2000000001,0.016234695045199678,0.1501540413193186,1.1802503891335332
2019-06-07,AMZN,2017-12-31,2018-06-30,894798.88,0.0033895885073079216,0.01705216286417865,0.3938933827794073
2019-06-14,AAPL,2018-09-30,2019-03-30,920092.029299744,0.06470113652142749,0.22414202074587247,0.0028889712669931825
2019-06-14,MSFT,2018-06-30,2018-12-30,1028871.5999999999,0.016105994178476694,0.1501540413193186,1.318649256213727
2019-06-14,AMZN,2017-12-31,2018-06-30,927356.3200000001,0.0032705875126833664,0.01705216286417865,0.2858441004374299
2019-06-21,AAPL,2018-09-30,2019-03-30,948922.5121668004,0.06273536483402105,0.22414202074587247,-0.10965103102008125
2019-06-21,MSFT,2018-06-30,2018-12-30,1063982.96,0.015574497546464467,0.1501540413193186,1.2051006478167325
2019-06-21,AMZN,2017-12-31,2018-06-30,948004.7999999999,0.003199350889362586,0.01705216286417865,0.20065047448866957
2019-06-28,AAPL,2018-09-30,2019-03-30,944722.0270999084,0.06301430292966413,0.22414202074587247,-0.18446876122626282
2019-06-28,MSFT,2018-06-30,2018-12-30,1040601.28,0.01592444706583486,0.1501540413193186,1.1881620087276326
2019-06-28,AMZN,2017-12-31,2018-06-30,939240.48,0.0032292049422742086,0.01705216286417865,0.14165949412574555
2019-07-05,AAPL,2018-09-30,2019-03-30,974889.0147002562,0.06106438692234487,0.22414202074587247,0.03964522013583238
2019-07-05,MSFT,2018-06-30,2018-12-30,1064682.08,0.01556427060367166,0.1501540413193186,1.3986011781977263
2019-07-05,AMZN,2018-12-31,2019-06-30,973397.91,0.010348286036488408,0.04325273630559026,0.17420377070465276
2019-07-12,AAPL,2018-09-30,2019-03-30,970497.6316003478,0.06134069580554623,0.22414202074587247,0.02552358146602631
2019-07-12,MSFT,2018-06-30,2018-12-30,1078975.2,0.01535809164103123,0.1501540413193186,1.2162233334318142
2019-07-12,AMZN,2018-12-31,2019-06-30,1007511.0,0.009997905730061507,0.04325273630559026,0.1008320492919551
2019-07-19,AAPL,2018-09-30,2019-03-30,967060.88433362,0.061558688769654334,0.22414202074587247,0.1303515106756386
2019-07-19,MSFT,2018-06-30,2018-12-30,1061264.1600000001,0.015614397079045803,0.1501540413193186,1.3635415572041836
2019-07-19,AMZN,2018-12-31,2019-06-30,984224.52,0.010234453415161817,0.04325273630559026,0.17308030629462554
2019-07-26,AAPL,2018-09-30,2019-03-30,991690.809299744,0.060029799047987775,0.22414202074587247,0.12320195379429992
2019-07-26,MSFT,2018-06-30,2018-12-30,1097929.12,0.015092959734959938,0.1501540413193186,1.1418113746051475
2019-07-26,AMZN,2018-12-31,2019-06-30,973468.05,0.01034754042518396,0.04325273630559026,0.13502296247309042
2019-08-02,AAPL,2018-09-30,2019-03-30,973934.3060330162,0.06112424588725999,0.22414202074587247,-0.06389647679473298
2019-08-02,MSFT,2018-06-30,2018-12-30,1063439.2,0.015582461131769452,0.1501540413193186,1.2381860244804934
2019-08-02,AMZN,2018-12-31,2019-06-30,913443.2400000001,0.011027505113508747,0.04325273630559026,0.20651837029092274
2019-08-09,AAPL,2018-09-30,2019-03-30,959423.6520000001,0.062048710052021935,0.22414202074587247,-0.07143721331175698
2019-08-09,MSFT,2018-06-30,2018-12-30,1069731.28,0.015490806251828028,0.1501540413193186,1.2646940153453803
2019-08-09,AMZN,2018-12-31,2019-06-30,905597.5800000001,0.011123042091168132,0.04325273630559026,0.2092350527615921
2019-08-16,AAPL,2018-09-30,2019-03-30,985581.0525664719,0.0604019322865229,0.22414202074587247,-0.24585458672038707
2019-08-16,MSFT,2018-06-30,2018-12-30,1057457.8399999999,0.015670601108787468,0.1501540413193186,1.2452536095328361
2019-08-16,AMZN,2018-12-31,2019-06-30,898077.5700000001,0.011216180357338174,0.04325273630559026,0.138345100626393
2019-08-23,AAPL,2018-09-30,2019-03-30,967251.7823666362,0.061546539469114994,0.22414202074587247,-0.138333167975712
2019-08-23,MSFT,2018-06-30,2018-12-30,1036173.5199999999,0.01599249515660273,0.1501540413193186,1.3926387351401488
2019-08-23,AMZN,2018-12-31,2019-06-30,876559.62,0.011491517256977911,0.04325273630559026,0.06240944140610861
2019-08-30,AAPL,2018-09-30,2019-03-30,996464.0612997441,0.05974224491583808,0.22414202074587247,-0.3737663124060692
2019-08-30,MSFT,2018-06-30,2018-12-30,1070896.4800000002,0.015473951319739138,0.1501540413193186,1.0042280691247112
2019-08-30,AMZN,2018-12-31,2019-06-30,889921.2899999999,0.01131897855820485,0.04325273630559026,-0.30192877807615853
2019-09-06,AAPL,2018-09-30,2019-03-30,1017848.2827002562,0.058487105604844984,0.22414202074587247,-0.33159292736219065
2019-09-06,MSFT,2018-06-30,2018-12-30,1080528.8,0.015336009553840674,0.1501540413193186,1.2752274094444567
2019-09-06,AMZN,2018-12-31,2019-06-30,918588.51,0.01096573698706508,0.04325273630559026,-0.23710640566925925
2019-09-13,AAPL,2018-09-30,2019-03-30,1044196.581299744,0.057011295637359696,0.22414202074587247,-0.2791078535990877
2019-09-13,MSFT,2018-06-30,2018-12-30,1066701.76,0.015534801405033775,0.1501540413193186,0.9556816597041634
2019-09-13,AMZN,2018-12-31,2019-06-30,921509.34,0.010930979820562644,0.04325273630559026,-0.2889128279206809
2019-09-20,AAPL,2018-09-30,2019-03-30,1039232.431266728,0.057283624152719356,0.22414202074587247,-0.24930280838774763
2019-09-20,MSFT,2018-06-30,2018-12-30,1083169.92,0.015298615382524656,0.1501540413193186,0.7959620274723611
2019-09-20,AMZN,2018-12-31,2019-06-30,898874.16,0.011206240481982483,0.04325273630559026,-0.27703057197448006
2019-09-27,AAPL,2018-09-30,2019-03-30,1044387.5521668005,0.05700087087067486,0.22414202074587247,-0.27484803908094335
2019-09-27,MSFT,2018-06-30,2018-12-30,1069886.64,0.015488556806354739,0.1501540413193186,0.973536303406218
2019-09-27,AMZN,2018-12-31,2019-06-30,864450.4500000001,0.011652489740736441,0.04325273630559026,-0.364664140177587
2019-10-04,AAPL,2018-09-30,2019-03-30,1083528.2040000001,0.05494180934121766,0.22414202074587247,-0.17808501939548516
2019-10-04,MSFT,2018-06-30,2018-12-30,1072916.1600000001,0.015444822827535749,0.1501540413193186,1.1475380190256204
2019-10-04,AMZN,2018-12-31,2019-06-30,871564.65,0.011557375577359637,0.04325273630559026,-0.0972551913250079
2019-10-11,AAPL,2018-09-30,2019-03-30,1127442.1078331997,0.052801824223516904,0.22414202074587247,-0.05422101501180605
2019-10-11,MSFT,2018-06-30,2018-12-30,1085034.24,0.015272329101798668,0.1501540413193186,1.2185142443330537
2019-10-11,AMZN,2018-12-31,2019-06-30,867691.92,0.01160895908769094,0.04325273630559026,0.09431025756718904
2019-10-18,AAPL,2018-09-30,2019-03-30,1128396.7436663802,0.05275715330990075,0.22414202074587247,-0.02618590798848909
2019-10-18,MSFT,2018-06-30,2018-12-30,1067400.88,0.015524626511456504,0.1501540413193186,1.358484082728227
2019-10-18,AMZN,2018-12-31,2019-06-30,880512.51,0.01143992832083669,0.04325273630559026,0.05679402515268802
2019-10-25,AAPL,2018-09-30,2019-03-30,1177083.97233362,0.050574981394043796,0.22414202074587247,0.04078704504869368
2019-10-25,MSFT,2018-06-30,2018-12-30,1093190.64,0.015158380792576125,0.1501540413193186,1.3809926773709253
2019-10-25,AMZN,2018-12-31,2019-06-30,882426.33,0.011415117225706536,0.04325273630559026,0.17211498164151978
2019-11-01,AAPL,2018-09-30,2019-03-30,1220997.8761668005,0.048756022563193606,0.22414202074587247,0.33669176828166025
2019-11-01,MSFT,2018-06-30,2018-12-30,1116416.96,0.014843020657801544,0.1501540413193186,1.4443259858017163
2019-11-01,AMZN,2018-12-31,2019-06-30,897511.4400000001,0.011223255271264285,0.04325273630559026,0.1521857610755354
2019-11-08,AAPL,2018-09-30,2019-03-30,1241618.286933108,0.04794629768787162,0.22414202074587247,0.5560326431803001
2019-11-08,MSFT,2018-06-30,2018-12-30,1133817.28,0.014615229713203877,0.1501540413193186,1.327554754828236
2019-11-08,AMZN,2018-12-31,2019-06-30,894725.8800000001,0.011258196756307081,0.04325273630559026,0.039076452934936085
2019-11-15,AAPL,2018-09-30,2019-03-30,1268539.4981337844,0.046928771305567704,0.22414202074587247,0.812101534742912
2019-11-15,MSFT,2018-06-30,2018-12-30,1164966.96,0.01422443774714435,0.1501540413193186,1.2971669939424102
2019-11-15,AMZN,2018-12-31,2019-06-30,871484.4900000001,0.011558438636125353,0.04325273630559026,0.3631705762837187
2019-11-22,AAPL,2018-09-30,2019-03-30,1249446.4901337842,0.04764589797969317,0.22414202074587247,1.7481123858015573
2019-11-22,MSFT,2018-06-30,2018-12-30,1162015.12,0.014260571755727239,0.1501540413193186,1.8280899162754465
2019-11-22,AMZN,2018-12-31,2019-06-30,874605.72,0.011517189711496513,0.04325273630559026,0.6232554891706559
2019-11-29,AAPL,2018-09-30,2019-03-30,1275603.817866216,0.04666887882131092,0.22414202074587247,1.7610524263186733
2019-11-29,MSFT,2018-06-30,2018-12-30,1175919.8399999999,0.0140919469476763,0.1501540413193186,1.5795474864258618
2019-11-29,AMZN,2018-12-31,2019-06-30,902200.7999999999,0.01116492027052071,0.04325273630559026,0.24016034967139185
2019-12-06,AAPL,2018-09-30,2019-03-30,1292214.7872667278,0.04606896669702955,0.22414202074587247,2.301306759489191
2019-12-06,MSFT,2018-06-30,2018-12-30,1178794.0,0.014057587670110299,0.1501540413193186,2.2191826480753742
2019-12-06,AMZN,2018-12-31,2019-06-30,877551.6,0.01147852730255406,0.04325273630559026,0.3875398305423412
2019-12-13,AAPL,2018-09-30,2019-03-30,1313408.0378001644,0.04532559439769293,0.22414202074587247,2.5812737258672294
2019-12-13,MSFT,2018-06-30,2018-12-30,1200389.04,0.013804691185784234,0.1501540413193186,2.339335968997589
2019-12-13,AMZN,2018-12-31,2019-06-30,882230.94,0.011417645361655532,0.04325273630559026,0.375331826248156
2019-12-20,AAPL,2018-09-30,2019-03-30,1333837.5505334558,0.04463137207090259,0.22414202074587247,3.479794148711719
2019-12-20,MSFT,2018-06-30,2018-12-30,1222760.88,0.013552118219549191,0.1501540413193186,3.3316458875435115
2019-12-20,AMZN,2018-12-31,2019-06-30,895036.5,0.011254289629529075,0.04325273630559026,1.3122306362707792
2019-12-27,AAPL,2018-09-30,2019-03-30,1383288.3713327602,0.043035856610753924,0.22414202074587247,3.3548017585073358
2019-12-27,MSFT,2018-06-30,2018-12-30,1234801.28,0.013419973131223187,0.1501540413193186,3.2474251008870834
2019-12-27,AMZN,2018-12-31,2019-06-30,936769.7999999999,0.010752908558751575,0.04325273630559026,1.1120024096967316
2020-01-03,AAPL,2018-09-30,2019-03-30,1419756.0865334559,0.041930441830577904,0.22414202074587247,4.090096178426997
2020-01-03,MSFT,2019-06-30,2019-12-30,1219946.42,0.03216534706499651,0.3118171054409065,3.1196658249173774
2020-01-03,AMZN,2018-12-31,2019-06-30,939359.9700000001,0.010723258731155,0.04325273630559026,0.600418898900557
2020-01-10,AAPL,2018-09-30,2019-03-30,1481235.595600348,0.04019009546950022,0.22414202074587247,3.9609634322371896
2020-01-10,MSFT,2019-06-30,2019-12-30,1240865.94,0.031623077671065744,0.3118171054409065,3.2072798090383685
2020-01-10,AMZN,2018-12-31,2019-06-30,943463.16,0.010676622497904423,0.04325273630559026,0.4025336558634033
2020-01-17,AAPL,2018-09-30,2019-03-30,1521330.883266728,0.039130869329471636,0.22414202074587247,3.8427808526505087
2020-01-17,MSFT,2019-06-30,2019-12-30,1285166.0999999999,0.030533018261219312,0.3118171054409065,2.9905350845270866
2020-01-17,AMZN,2018-12-31,2019-06-30,934224.7200000001,0.010782202380600675,0.04325273630559026,0.29584435121841196
2020-01-24,AAPL,2018-09-30,2019-03-30,1519421.6116003478,0.03918004031632689,0.22414202074587247,4.103494813651388
2020-01-24,MSFT,2019-06-30,2019-12-30,1269322.64,0.030914125978246165,0.3118171054409065,3.1151553461924935
2020-01-24,AMZN,2018-12-31,2019-06-30,932681.6399999999,0.010800041051521075,0.04325273630559026,0.6657474820104604
2020-01-31,AAPL,2018-09-30,2019-03-30,1477416.9065994879,0.040293975068296836,0.22414202074587247,3.8606320884219345
2020-01-31,MSFT,2019-06-30,2019-12-30,1309238.93,0.029971611064147016,0.3118171054409065,3.663298041258706
2020-01-31,AMZN,2018-12-31,2019-06-30,1006368.7200000001,0.010009253864726637,0.04325273630559026,0.7951418461083339
2020-02-07,AAPL,2018-09-30,2019-03-30,1527631.6108670565,0.038969473776607214,0.22414202074587247,4.015067218949054
2020-02-07,MSFT,2019-06-30,2019-12-30,1414297.99,0.027745213722604526,0.3118171054409065,3.2275838661768583
2020-02-07,AMZN,2018-12-31,2019-06-30,1041719.28,0.009669591600531767,0.04325273630559026,0.9639991542736396
2020-02-14,AAPL,2018-09-30,2019-03-30,1551115.9291329437,0.03837946531390285,0.22414202074587247,4.264184374784457
2020-02-14,MSFT,2019-06-30,2019-12-30,1425526.8499999999,0.027526664966008887,0.3118171054409065,3.3441160326210846
2020-02-14,AMZN,2018-12-31,2019-06-30,1069569.8699999999,0.009417804561005445,0.04325273630559026,0.8244503599523557
2020-02-21,AAPL,2018-09-30,2019-03-30,1494218.8468670566,0.03984088416821889,0.22414202074587247,4.001376312609454
2020-02-21,MSFT,2019-06-30,2019-12-30,1373535.69,0.02856860603309114,0.3118171054409065,2.889433763245325
2020-02-21,AMZN,2018-12-31,2019-06-30,1050080.97,0.009592593607329157,0.04325273630559026,0.723374702850045
2020-02-28,AAPL,2018-09-30,2019-03-30,1304816.0967993236,0.0456240539536781,0.22414202074587247,3.0559267182756282
2020-02-28,MSFT,2019-06-30,2019-12-30,1246018.91,0.03149229894111318,0.3118171054409065,2.6010871528066906
2020-02-28,AMZN,2018-12-31,2019-06-30,943758.75,0.010673278525894461,0.04325273630559026,0.9119703230836452
2020-03-06,AAPL,2018-09-30,2019-03-30,1379660.7988670566,0.043149011734540395,0.22414202074587247,3.332943939454284
2020-03-06,MSFT,2019-06-30,2019-12-30,1242634.8699999999,0.03157806122083151,0.3118171054409065,3.3927353264259104
2020-03-06,AMZN,2018-12-31,2019-06-30,952446.0900000001,0.010575926664783724,0.04325273630559026,1.294586181566339
2020-03-13,AAPL,2018-09-30,2019-03-30,1326773.0851329437,0.044869013900771845,0.22414202074587247,2.9736743898404874
2020-03-13,MSFT,2019-06-30,2019-12-30,1221561.53,0.032122819060944066,0.3118171054409065,3.1098302506315663
2020-03-13,AMZN,2018-12-31,2019-06-30,894285.0,0.011263747015772377,0.04325273630559026,1.1161809188582545
2020-03-20,AAPL,2018-09-30,2019-03-30,1094220.314700256,0.05440494861979194,0.22414202074587247,2.059187172483824
2020-03-20,MSFT,2019-06-30,2019-12-30,1056358.8499999999,0.03714646779359117,0.3118171054409065,2.199275209187761
2020-03-20,AMZN,2018-12-31,2019-06-30,924891.0900000001,0.010891012043374748,0.04325273630559026,0.8469883128629808
2020-03-27,AAPL,2018-09-30,2019-03-30,1182620.889299744,0.05033819420799308,0.22414202074587247,1.375588427469425
2020-03-27,MSFT,2019-06-30,2019-12-30,1151342.7,0.03408194623546925,0.3118171054409065,1.4702703527978689
2020-03-27,AMZN,2018-12-31,2019-06-30,951950.1,0.010581436989186723,0.04325273630559026,0.2591322992886357
2020-04-03,AAPL,2019-09-30,2020-03-30,1075341.3784112532,0.051384612467565545,0.21238094505984456,1.463996400932262
2020-04-03,MSFT,2019-06-30,2019-12-30,1183106.53,0.03316692031105601,0.3118171054409065,1.3639406852076816
2020-04-03,AMZN,2018-12-31,2019-06-30,955201.59,0.010545417957271198,0.04325273630559026,0.15707246985552475
2020-04-10,AAPL,2019-09-30,2020-03-30,1193833.872,0.04628449677628178,0.21238094505984456,1.183273897684036
2020-04-10,MSFT,2019-06-30,2019-12-30,1270091.74,0.03089540602791417,0.3118171054409065,1.1871243248357009
2020-04-10,AMZN,2018-12-31,2019-06-30,1023422.76,0.009842462366187752,0.04325273630559026,-0.13578178823449955
2020-04-17,AAPL,2019-09-30,2020-03-30,1259761.9568225066,0.043862254849616214,0.21238094505984456,0.3668787558392512
2020-04-17,MSFT,2019-06-30,2019-12-30,1373612.5999999999,0.02856700644708705,0.3118171054409065,0.4136261818221495
2020-04-17,AMZN,2018-12-31,2019-06-30,1189875.0,0.008465595125538397,0.04325273630559026,-0.029726124846699554
2020-04-24,AAPL,2019-09-30,2020-03-30,1260474.7097757652,0.043837452327647165,0.21238094505984456,0.6270317563997567
2020-04-24,MSFT,2019-06-30,2019-12-30,1342464.05,0.02922983300744627,0.3118171054409065,0.561296114155498
2020-04-24,AMZN,2018-12-31,2019-06-30,1207520.22,0.008341889297721242,0.04325273630559026,-0.09293047081895962
2020-05-01,AAPL,2019-09-30,2020-03-30,1287736.8645047534,0.04290938740908899,0.21238094505984456,0.4139875126669723
2020-05-01,MSFT,2019-06-30,2019-12-30,1342617.8699999999,0.029226484226669798,0.3118171054409065,0.7125709123827231
2020-05-01,AMZN,2018-12-31,2019-06-30,1145306.04,0.008795029143476794,0.04325273630559026,-0.10011223631748191
2020-05-08,AAPL,2019-09-30,2020-03-30,1381461.7707290063,0.039998211438627834,0.21238094505984456,1.0706776218809078
2020-05-08,MSFT,2019-06-30,2019-12-30,1420373.8800000001,0.02762652886858212,0.3118171054409065,1.0856941067786117
2020-05-08,AMZN,2018-12-31,2019-06-30,1192184.61,0.008449194793749266,0.04325273630559026,0.28494368622182337
2020-05-15,AAPL,2019-09-30,2020-03-30,1370770.748317753,0.040310168617043854,0.21238094505984456,1.4961196012562652
2020-05-15,MSFT,2019-06-30,2019-12-30,1408683.56,0.02785579466832139,0.3118171054409065,1.4302519977845056
2020-05-15,AMZN,2018-12-31,2019-06-30,1207299.78,0.008343412437298713,0.04325273630559026,0.9556447366379651
2020-05-22,AAPL,2019-09-30,2020-03-30,1420484.145270994,0.038899413403490325,0.21238094505984456,1.7813087447098106
2020-05-22,MSFT,2019-06-30,2019-12-30,1411375.41,0.02780266662007382,0.3118171054409065,1.3914654307017287
2020-05-22,AMZN,2018-12-31,2019-06-30,1220876.88,0.00825062720493159,0.04325273630559026,1.1428531945722213
2020-05-29,AAPL,2019-09-30,2020-03-30,1416207.7634952466,0.03901687409453709,0.21238094505984456,2.004752382812066
2020-05-29,MSFT,2019-06-30,2019-12-30,1409375.75,0.027842113786901754,0.3118171054409065,1.5033869197795156
2020-05-29,AMZN,2018-12-31,2019-06-30,1223627.3699999999,0.00823208130756343,0.04325273630559026,1.0290700816630078
2020-06-05,AAPL,2019-09-30,2020-03-30,1476790.2691402594,0.03741628121112167,0.21238094505984456,1.986283797699025
2020-06-05,MSFT,2019-06-30,2019-12-30,1439755.2,0.027254633287658904,0.3118171054409065,1.510418647404641
2020-06-05,AMZN,2018-12-31,2019-06-30,1243983.0,0.008097377536509744,0.04325273630559026,1.1405374896593004
2020-06-12,AAPL,2019-09-30,2020-03-30,1509219.7808225066,0.036612295109123304,0.21238094505984456,1.8768779418797166
2020-06-12,MSFT,2019-06-30,2019-12-30,1443908.34,0.0271762402868315,0.3118171054409065,1.4259565539878698
2020-06-12,AMZN,2018-12-31,2019-06-30,1275055.02,0.007900051246416018,0.04325273630559026,1.0363670790333321
2020-06-19,AAPL,2019-09-30,2020-03-30,1557864.116317753,0.035469075525409684,0.21238094505984456,1.9005630814397214
2020-06-19,MSFT,2019-06-30,2019-12-30,1500898.6500000001,0.026144336927746585,0.3118171054409065,1.2627147999729131
2020-06-19,AMZN,2018-12-31,2019-06-30,1340180.0100000002,0.007516154490321041,0.04325273630559026,0.9756161578250531
2020-06-26,AAPL,2019-09-30,2020-03-30,1575326.2238129817,0.03507590946226757,0.21238094505984456,1.9103607390353297
2020-06-26,MSFT,2019-06-30,2019-12-30,1509974.03,0.025987201912340174,0.3118171054409065,1.3759599753931135
2020-06-26,AMZN,2018-12-31,2019-06-30,1349127.8699999999,0.007466304880352076,0.04325273630559026,1.0299355349083046
2020-07-03,AAPL,2019-09-30,2020-03-30,1622010.3867290062,0.03406636631435565,0.21238094505984456,1.9644041525128506
2020-07-03,MSFT,2019-06-30,2019-12-30,1586345.66,0.024736096923541874,0.3118171054409065,1.3530121076555555
2020-07-03,AMZN,2019-12-31,2020-06-30,1459601.4999999998,0.007939153255186434,0.04130870306072251,0.9638166994284794
2020-07-10,AAPL,2019-09-30,2020-03-30,1709142.4300935003,0.03232966371151243,0.21238094505984456,2.0858678395941346
2020-07-10,MSFT,2019-06-30,2019-12-30,1643335.97,0.02387825783427597,0.3118171054409065,1.2940462866563518
2020-07-10,AMZN,2019-12-31,2020-06-30,1616000.0,0.007170792079207921,0.04130870306072251,0.874086454550736
2020-07-17,AAPL,2019-09-30,2020-03-30,1716448.0459064997,0.03219206088513906,0.21238094505984456,2.275440682209798
2020-07-17,MSFT,2019-06-30,2019-12-30,1560350.08,0.02514820263924362,0.3118171054409065,1.546286989335701
2020-07-17,AMZN,2019-12-31,2020-06-30,1495794.85,0.007747051676237553,0.04130870306072251,1.1531204683893472
2020-07-24,AAPL,2019-09-30,2020-03-30,1650163.516635506,0.033485166435300084,0.21238094505984456,2.173333387289234
2020-07-24,MSFT,2019-06-30,2019-12-30,1548198.3,0.02534559041952184,0.3118171054409065,1.408547463802832
2020-07-24,AMZN,2019-12-31,2020-06-30,1519499.5499999998,0.007626195085085745,0.04130870306072251,1.232671101477256
2020-07-31,AAPL,2019-09-30,2020-03-30,1893384.922224235,0.029183711854580824,0.21238094505984456,2.2503193808705313
2020-07-31,MSFT,2019-06-30,2019-12-30,1576731.91,0.024886919425636537,0.3118171054409065,1.8522612923554007
2020-07-31,AMZN,2019-12-31,2020-06-30,1598163.4,0.007250823038495313,0.04130870306072251,1.9043701464309868
2020-08-07,AAPL,2019-09-30,2020-03-30,1979804.2126354703,0.02790983050109004,0.21238094505984456,2.6076569507890563
2020-08-07,MSFT,2019-06-30,2019-12-30,1634183.68,0.024011988664579004,0.3118171054409065,2.006287930771883
2020-08-07,AMZN,2019-12-31,2020-06-30,1599567.2999999998,0.007244459173427715,0.04130870306072251,2.5105403409419154
2020-08-14,AAPL,2019-09-30,2020-03-30,2047514.2478129996,0.026986869595178785,0.21238094505984456,2.483051901629085
2020-08-14,MSFT,2019-06-30,2019-12-30,1606649.9000000001,0.024423491390376955,0.3118171054409065,1.780498190791802
2020-08-14,AMZN,2019-12-31,2020-06-30,1589750.1,0.007289195956018496,0.04130870306072251,2.1270352016019167
2020-08-21,AAPL,2019-09-30,2020-03-30,2216076.4468597053,0.02493415787993262,0.21238094505984456,2.3459088233888328
2020-08-21,MSFT,2019-06-30,2019-12-30,1638336.82,0.02395111891582831,0.3118171054409065,1.8582152530309495
2020-08-21,AMZN,2019-12-31,2020-06-30,1658783.5999999999,0.0069858419145209785,0.04130870306072251,2.3513572938206218
2020-08-28,AAPL,2019-09-30,2020-03-30,2223916.457457941,0.024846257068109768,0.21238094505984456,2.934072288689188
2020-08-28,MSFT,2019-06-30,2019-12-30,1760546.81,0.022288529777859185,0.3118171054409065,1.7358333210465404
2020-08-28,AMZN,2019-12-31,2020-06-30,1717909.0,0.006745409681188003,0.04130870306072251,2.546604418309265
2020-09-04,AAPL,2019-09-30,2020-03-30,2155315.583046706,0.025637080915033035,0.21238094505984456,3.04169332436593
2020-09-04,MSFT,2019-06-30,2019-12-30,1647796.75,0.023813616576194848,0.3118171054409065,1.8168430565696465
2020-09-04,AMZN,2019-12-31,2020-06-30,1663783.0999999999,0.006964850165865972,0.04130870306072251,2.3502538951845358
2020-09-11,AAPL,2019-09-30,2020-03-30,1995662.5920000002,0.027688047178668566,0.21238094505984456,2.9939383737106913
2020-09-11,MSFT,2019-06-30,2019-12-30,1569194.73,0.025006456655637634,0.3118171054409065,1.7663581697751707
2020-09-11,AMZN,2019-12-31,2020-06-30,1573691.0999999999,0.007363579802923205,0.04130870306072251,2.2480429354117475
2020-09-18,AAPL,2019-09-30,2020-03-30,1903719.5001870007,0.029025284446880042,0.21238094505984456,3.4508490420039193
2020-09-18,MSFT,2019-06-30,2019-12-30,1541199.49,0.025460688414839793,0.3118171054409065,1.7816206119011742
2020-09-18,AMZN,2019-12-31,2020-06-30,1492229.5499999998,0.007765561270382295,0.04130870306072251,2.5900358031369857
2020-09-25,AAPL,2019-09-30,2020-03-30,2000651.7267290598,0.02761899997974165,0.21238094505984456,3.4270220276005694
2020-09-25,MSFT,2019-06-30,2019-12-30,1598343.6199999999,0.02455041551077734,0.3118171054409065,2.229957615506745
2020-09-25,AMZN,2019-12-31,2020-06-30,1563040.6500000001,0.007413754722246027,0.04130870306072251,3.0466198568518377
2020-10-02,AAPL,2019-09-30,2020-03-30,2013837.316504825,0.0274381647152617,0.21238094505984456,3.030062509834682
2020-10-02,MSFT,2019-06-30,2019-12-30,1585807.29,0.02474449464789634,0.3118171054409065,1.8540671055940794
2020-10-02,AMZN,2019-12-31,2020-06-30,1578125.0,0.007342891089108911,0.04130870306072251,2.8030870915537727
2020-10-09,AAPL,2019-09-30,2020-03-30,2084220.1412709404,0.026511594867471792,0.21238094505984456,2.4036467746411283
2020-10-09,MSFT,2019-06-30,2019-12-30,1659794.71,0.023641477927110636,0.3118171054409065,1.5371506380886482
2020-10-09,AMZN,2019-12-31,2020-06-30,1659758.25,0.00698173965997759,0.04130870306072251,2.4914077457182677
2020-10-16,AAPL,2019-09-30,2020-03-30,2120747.8125048247,0.026054960271177596,0.21238094505984456,2.166777810030548
2020-10-16,MSFT,2019-06-30,2019-12-30,1689405.06,0.02322711167918486,0.3118171054409065,1.5345100944987502
2020-10-16,AMZN,2019-12-31,2020-06-30,1652718.55,0.007011478149137976,0.04130870306072251,2.120501416249398
2020-10-23,AAPL,2019-09-30,2020-03-30,2049830.5929532945,0.02695637395107363,0.21238094505984456,2.191464737217654
2020-10-23,MSFT,2019-06-30,2019-12-30,1663024.93,0.023595557283678244,0.3118171054409065,1.5922821986073743
2020-10-23,AMZN,2019-12-31,2020-06-30,1618222.0,0.007160945778762123,0.04130870306072251,2.3451584173803597
2020-10-30,AAPL,2019-09-30,2020-03-30,1939712.7766354703,0.028486691774977282,0.21238094505984456,2.0200284768838777
2020-10-30,MSFT,2019-06-30,2019-12-30,1557196.77,0.025199127532225744,0.3118171054409065,1.4120840270270636
2020-10-30,AMZN,2019-12-31,2020-06-30,1533255.75,0.0075577737112676735,0.04130870306072251,2.2602774088053095
2020-11-06,AAPL,2019-09-30,2020-03-30,2114867.838542059,0.026127400962365672,0.21238094505984456,2.0591054327811755
2020-11-06,MSFT,2019-06-30,2019-12-30,1720630.52,0.022805593382128314,0.3118171054409065,1.482455140709655
2020-11-06,AMZN,2019-12-31,2020-06-30,1672241.85,0.006929619659979206,0.04130870306072251,2.4832396305542774
2020-11-13,AAPL,2019-09-30,2020-03-30,2125024.330224235,0.02600252581304296,0.21238094505984456,2.040313951309059
2020-11-13,MSFT,2019-06-30,2019-12-30,1665178.41,0.023565042498959618,0.3118171054409065,1.430314789437661
2020-11-13,AMZN,2019-12-31,2020-06-30,1580049.0499999998,0.0073339495378323865,0.04130870306072251,2.569299679042176
2020-11-20,AAPL,2019-09-30,2020-03-30,2090812.8681870007,0.026427998813645118,0.21238094505984456,1.9536964431088233
2020-11-20,MSFT,2019-06-30,2019-12-30,1618109.49,0.02425052213246707,0.3118171054409065,1.3633366143178252
2020-11-20,AMZN,2019-12-31,2020-06-30,1565197.0,0.007403540896130008,0.04130870306072251,2.431504982724652
2020-11-27,AAPL,2019-09-30,2020-03-30,2077449.0561870006,0.026598004815298903,0.21238094505984456,1.620783280873088
2020-11-27,MSFT,2019-06-30,2019-12-30,1655333.93,0.023705186783672103,0.3118171054409065,1.031788464740224
2020-11-27,AMZN,2019-12-31,2020-06-30,1613646.7,0.007181249774191587,0.04130870306072251,1.996443148733625
2020-12-04,AAPL,2019-09-30,2020-03-30,2178301.356,0.02536655447043664,0.21238094505984456,1.9324244207736239
2020-12-04,MSFT,2019-06-30,2019-12-30,1648642.76,0.023801396489315854,0.3118171054409065,1.4491615036839844
2020-12-04,AMZN,2019-12-31,2020-06-30,1597102.9,0.007255637692474293,0.04130870306072251,2.603516044407937
2020-12-11,AAPL,2019-09-30,2020-03-30,2181152.3678129995,0.02533339752664971,0.21238094505984456,1.8803739449344634
2020-12-11,MSFT,2019-06-30,2019-12-30,1640182.66,0.02392416464151621,0.3118171054409065,1.2253183938446084
2020-12-11,AMZN,2019-12-31,2020-06-30,1573792.1,0.0073631072363369975,0.04130870306072251,2.26443589098879
2020-12-18,AAPL,2019-09-30,2020-03-30,2256791.4567290596,0.02448431813903033,0.21238094505984456,1.7391377251552664
2020-12-18,MSFT,2019-06-30,2019-12-30,1681175.69,0.023340808598059138,0.3118171054409065,1.027327078926023
2020-12-18,AMZN,2019-12-31,2020-06-30,1616833.25,0.007167096545051878,0.04130870306072251,2.1402749276145485
2020-12-25,AAPL,2019-09-30,2020-03-30,2351496.3812709404,0.023498228804475198,0.21238094505984456,1.5576522147932101
2020-12-25,MSFT,2019-06-30,2019-12-30,1713170.25,0.022904903934678998,0.3118171054409065,1.0798247373013625
2020-12-25,AMZN,2019-12-31,2020-06-30,1602208.45,0.007232517092267239,0.04130870306072251,2.0715582148368665
2021-01-01,AAPL,2019-09-30,2020-03-30,2364325.662542059,0.02337072294033735,0.21238094505984456,1.6472743103640517
2021-01-01,MSFT,2020-06-30,2020-12-30,1693950.72,0.02614066600473478,0.3096248645247002,1.0720093054997404
2021-01-01,AMZN,2019-12-31,2020-06-30,1644749.65,0.007045449135678491,0.04130870306072251,2.0054346773354936
2021-01-08,AAPL,2019-09-30,2020-03-30,2337241.5940935896,0.02364154400624936,0.21238094505984456,1.4800620093067065
2021-01-08,MSFT,2020-06-30,2020-12-30,1672625.92,0.026473941047141014,0.3096248645247002,0.9803313186498832
2021-01-08,AMZN,2019-12-31,2020-06-30,1607263.5,0.0072097698977174555,0.04130870306072251,1.9031458553867988
2021-01-15,AAPL,2019-09-30,2020-03-30,2281291.7787290597,0.024221364629992182,0.21238094505984456,1.5051029946868295
2021-01-15,MSFT,2020-06-30,2020-12-30,1619542.4000000001,0.027341673796252568,0.3096248645247002,0.9361096298511014
2021-01-15,AMZN,2019-12-31,2020-06-30,1567646.25,0.007391973795108431,0.04130870306072251,2.0760228609613014
2021-01-22,AAPL,2019-09-30,2020-03-30,2478007.11312,0.022298563917529875,0.21238094505984456,1.651206258896014
2021-01-22,MSFT,2020-06-30,2020-12-30,1720835.2,0.02573227232915738,0.3096248645247002,1.048553615902588
2021-01-22,AMZN,2019-12-31,2020-06-30,1662576.1500000001,0.006969906310757555,0.04130870306072251,2.0200642880072506
2021-01-29,AAPL,2019-09-30,2020-03-30,2351318.17536,0.023500009730303723,0.21238094505984456,1.7790600660818996
2021-01-29,MSFT,2020-06-30,2020-12-30,1766607.36,0.025065558427199125,0.3096248645247002,0.9202465391757626
2021-01-29,AMZN,2019-12-31,2020-06-30,1619131.0,0.007156925535981956,0.04130870306072251,1.806968517776057
2021-02-05,AAPL,2019-09-30,2020-03-30,2436846.57216,0.022675206814937697,0.21238094505984456,1.5909239501672714
2021-02-05,MSFT,2020-06-30,2020-12-30,1844595.2,0.02400580897098724,0.3096248645247002,0.5942574804729235
2021-02-05,AMZN,2019-12-31,2020-06-30,1692835.7500000002,0.00684531857269673,0.04130870306072251,1.539011921112837
2021-02-12,AAPL,2019-09-30,2020-03-30,2407802.55408,0.02294872555325153,0.21238094505984456,1.4305571616604251
2021-02-12,MSFT,2020-06-30,2020-12-30,1865843.84,0.02373242553889183,0.3096248645247002,0.4504223085106277
2021-02-12,AMZN,2019-12-31,2020-06-30,1655243.55,0.007000782452829977,0.04130870306072251,1.3126749187527862
2021-02-19,AAPL,2019-09-30,2020-03-30,2311226.7393600005,0.023907650019357636,0.21238094505984456,1.9279322535346892
2021-02-19,MSFT,2020-06-30,2020-12-30,1835227.52,0.0241283434982492,0.3096248645247002,0.8161426729188589
2021-02-19,AMZN,2019-12-31,2020-06-30,1641199.5,0.0070606894530494315,0.04130870306072251,1.6531009515406478
2021-02-26,AAPL,2019-09-30,2020-03-30,2160661.12416,0.02557365399975985,0.21238094505984456,2.4126405787058434
2021-02-26,MSFT,2020-06-30,2020-12-30,1769806.08,0.02502025532650447,0.3096248645247002,1.3846584425584731
2021-02-26,AMZN,2019-12-31,2020-06-30,1561929.6500000001,0.0074190281233216865,0.04130870306072251,2.1163295249531693
2021-03-05,AAPL,2019-09-30,2020-03-30,2163512.07072,0.025539954571000487,0.21238094505984456,2.3288982330944124
2021-03-05,MSFT,2020-06-30,2020-12-30,1763865.5999999999,0.025104520435117055,0.3096248645247002,1.6002979797509083
2021-03-05,AMZN,2019-12-31,2020-06-30,1515232.3,0.007647672241411432,0.04130870306072251,2.284012020411785
2021-03-12,AAPL,2019-09-30,2020-03-30,2156562.88848,0.02562225302826472,0.21238094505984456,2.484320951915035
2021-03-12,MSFT,2020-06-30,2020-12-30,1795472.0,0.024662595685145745,0.3096248645247002,1.7444900448942038
2021-03-12,AMZN,2019-12-31,2020-06-30,1560192.4499999997,0.0074272888578585305,0.04130870306072251,2.5589883597893555
2021-03-19,AAPL,2019-09-30,2020-03-30,2138031.73584,0.025844331061012412,0.21238094505984456,3.8323992765991957
2021-03-19,MSFT,2020-06-30,2020-12-30,1754345.5999999999,0.025240750739193008,0.3096248645247002,2.7297817925519796
2021-03-19,AMZN,2019-12-31,2020-06-30,1552854.7999999998,0.0074623847638555785,0.04130870306072251,2.330023609565282
2021-03-26,AAPL,2019-09-30,2020-03-30,2159770.20336,0.025584203316647795,0.21238094505984456,2.966583515864893
2021-03-26,MSFT,2020-06-30,2020-12-30,1801031.68,0.024586463687301715,0.3096248645247002,2.0851264301707624
2021-03-26,AMZN,2019-12-31,2020-06-30,1541275.1500000001,0.007518449901693412,0.04130870306072251,1.9238470517628137
2021-04-02,AAPL,2020-09-30,2021-03-30,2104983.624,0.027273846383139372,0.20913611278072236,3.1594010458002546
2021-04-02,MSFT,2020-06-30,2020-12-30,1845737.5999999999,0.023990950826379656,0.3096248645247002,1.909929650180279
2021-04-02,AMZN,2019-12-31,2020-06-30,1596305.0,0.00725926436363978,0.04130870306072251,1.7532981829631171
2021-04-09,AAPL,2020-09-30,2021-03-30,2230940.36768,0.02573399129430916,0.20913611278072236,2.6119654039341533
2021-04-09,MSFT,2020-06-30,2020-12-30,1948553.5999999999,0.022725061296748523,0.3096248645247002,1.6390222296171826
2021-04-09,AMZN,2019-12-31,2020-06-30,1702961.0000000002,0.006804618543818677,0.04130870306072251,1.5699298231156533
2021-04-16,AAPL,2020-09-30,2021-03-30,2301791.036,0.0249418818224992,0.20913611278072236,2.275290734656959
2021-04-16,MSFT,2020-06-30,2020-12-30,1985795.84,0.022298868346909216,0.3096248645247002,1.1568549748764934
2021-04-16,AMZN,2019-12-31,2020-06-30,1716717.2000000002,0.006750092560382105,0.04130870306072251,1.025971136908591
2021-04-23,AAPL,2020-09-30,2021-03-30,2298710.5721599995,0.02497530602386944,0.20913611278072236,2.3277853353483624
2021-04-23,MSFT,2020-06-30,2020-12-30,1988918.4,0.02226385959323419,0.3096248645247002,1.4270893612510713
2021-04-23,AMZN,2019-12-31,2020-06-30,1687144.4000000001,0.006868410315086248,0.04130870306072251,0.9238561318985049
2021-04-30,AAPL,2020-09-30,2021-03-30,2249765.42448,0.025518660468021773,0.20913611278072236,2.276819255480847
2021-04-30,MSFT,2020-06-30,2020-12-30,1920602.8800000001,0.02305578131799948,0.3096248645247002,1.5398631322604643
2021-04-30,AMZN,2019-12-31,2020-06-30,1751047.1,0.006617754599519339,0.04130870306072251,1.3499153656359306
2021-05-07,AAPL,2020-09-30,2021-03-30,2228373.3144799997,0.025763636472821923,0.20913611278072236,2.2502490532094037
2021-05-07,MSFT,2020-06-30,2020-12-30,1922735.36,0.02303021046016442,0.3096248645247002,1.5604918960589313
2021-05-07,AMZN,2019-12-31,2020-06-30,1662263.05,0.0069712191460912275,0.04130870306072251,1.4497752445128025
2021-05-14,AAPL,2020-09-30,2021-03-30,2181139.5356,0.026321562221468357,0.20913611278072236,2.462002300736077
2021-05-14,MSFT,2020-06-30,2020-12-30,1889910.4000000001,0.023430211294673015,0.3096248645247002,1.7103171658978151
2021-05-14,AMZN,2019-12-31,2020-06-30,1627564.5,0.007119840719062132,0.04130870306072251,1.4210663079883783
2021-05-21,AAPL,2020-09-30,2021-03-30,2146569.88584,0.02674546045703693,0.20913611278072236,2.2534036863557945
2021-05-21,MSFT,2020-06-30,2020-12-30,1867214.72,0.023715001561255902,0.3096248645247002,1.7039081095694448
2021-05-21,AMZN,2019-12-31,2020-06-30,1617555.4,0.00716389682851048,0.04130870306072251,1.2826311495860447
2021-05-28,AAPL,2020-09-30,2021-03-30,2132536.66168,0.026921459795571322,0.20913611278072236,2.150550531084386
2021-05-28,MSFT,2020-06-30,2020-12-30,1901562.8800000001,0.0232866346234104,0.3096248645247002,1.5138428188467694
2021-05-28,AMZN,2019-12-31,2020-06-30,1627650.35,0.0071194651848905995,0.04130870306072251,1.4512424925807978
2021-06-04,AAPL,2020-09-30,2021-03-30,2154442.1823199997,0.02664773298217605,0.20913611278072236,1.8895901158092547
2021-06-04,MSFT,2020-06-30,2020-12-30,1910016.64,0.023183567657295383,0.3096248645247002,1.405632790337768
2021-06-04,AMZN,2019-12-31,2020-06-30,1619141.0999999999,0.0071568808919741465,0.04130870306072251,1.1260147020288238
2021-06-11,AAPL,2020-09-30,2021-03-30,2179428.1668,0.026342230900087495,0.20913611278072236,1.6716068272130964
2021-06-11,MSFT,2020-06-30,2020-12-30,1964090.24,0.022545298122351037,0.3096248645247002,1.2924571922465757
2021-06-11,AMZN,2019-12-31,2020-06-30,1690149.15,0.006856199643682334,0.04130870306072251,0.9149784127975015
2021-06-18,AAPL,2020-09-30,2021-03-30,2232651.73648,0.0257142657145956,0.20913611278072236,1.4419583431261496
2021-06-18,MSFT,2020-06-30,2020-12-30,1975818.8800000001,0.02241146718873341,0.3096248645247002,1.0389275544907834
2021-06-18,AMZN,2019-12-31,2020-06-30,1760884.5,0.006580783691377827,0.04130870306072251,0.6812013130185042
2021-06-25,AAPL,2020-09-30,2021-03-30,2278003.00968,0.025202337203261527,0.20913611278072236,1.3574424464762243
2021-06-25,MSFT,2020-06-30,2020-12-30,2018392.3199999998,0.021938747765350198,0.3096248645247002,1.0992683450896126
2021-06-25,AMZN,2019-12-31,2020-06-30,1717737.3,0.006746083932624622,0.04130870306072251,0.6757123677305162
2021-07-02,AAPL,2020-09-30,2021-03-30,2395231.77248,0.023968870428166207,0.20913611278072236,1.2598708451316547
2021-07-02,MSFT,2020-06-30,2020-12-30,2114582.4,0.020940777715732432,0.3096248645247002,0.8751880145323637
2021-07-02,AMZN,2020-12-31,2021-06-30,1801132.74,0.011843102691032089,0.05525249699531684,0.3843133963702596
2021-07-09,AAPL,2020-09-30,2021-03-30,2483367.26568,0.023118207601999462,0.20913611278072236,1.085374449714488
2021-07-09,MSFT,2020-06-30,2020-12-30,2116791.04,0.02091892830385374,0.3096248645247002,0.8451625757531849
2021-07-09,AMZN,2020-12-31,2021-06-30,1908021.4200000002,0.011179643884710686,0.05525249699531684,0.16962953804933484
2021-07-16,AAPL,2020-09-30,2021-03-30,2505272.7863199995,0.02291606738934451,0.20913611278072236,1.1737361186917825
2021-07-16,MSFT,2020-06-30,2020-12-30,2138192.0,0.020709552743626392,0.3096248645247002,1.1706082479734092
2021-07-16,AMZN,2020-12-31,2021-06-30,1833272.19,0.01163547896289203,0.05525249699531684,0.6756047445682141
2021-07-23,AAPL,2020-09-30,2021-03-30,2542409.48928,0.022581334848722014,0.20913611278072236,1.4675883866386403
2021-07-23,MSFT,2020-06-30,2020-12-30,2206126.72,0.02007182978138264,0.3096248645247002,1.324851218787879
2021-07-23,AMZN,2020-12-31,2021-06-30,1875856.3199999998,0.011371339996871403,0.05525249699531684,0.4965198811540261
2021-07-30,AAPL,2020-09-30,2021-03-30,2496202.53168,0.022999335699479928,0.20913611278072236,1.200404150667076
2021-07-30,MSFT,2020-06-30,2020-12-30,2169874.56,0.020407170449521284,0.3096248645247002,1.4772699350566576
2021-07-30,AMZN,2020-12-31,2021-06-30,1707053.6700000002,0.012495799267986694,0.05525249699531684,0.3983973042750908
2021-08-06,AAPL,2020-09-30,2021-03-30,2500994.3643199997,0.022955269639565776,0.20913611278072236,1.1713452537537101
2021-08-06,MSFT,2020-06-30,2020-12-30,2204527.36,0.02008639166991332,0.3096248645247002,1.2936399269980754
2021-08-06,AMZN,2020-12-31,2021-06-30,1715954.2200000002,0.012430984318451105,0.05525249699531684,0.6342981034631527
2021-08-13,AAPL,2020-09-30,2021-03-30,2551650.8807999995,0.022499551342227652,0.20913611278072236,1.0533790789514015
2021-08-13,MSFT,2020-06-30,2020-12-30,2230345.6,0.01985387376736592,0.3096248645247002,1.4512274131067724
2021-08-13,AMZN,2020-12-31,2021-06-30,1689806.6099999999,0.01262333800434122,0.05525249699531684,0.4914452522722118
2021-08-20,AAPL,2020-09-30,2021-03-30,2536077.4247199995,0.022637715804886584,0.20913611278072236,0.7834678578604659
2021-08-20,MSFT,2020-06-30,2020-12-30,2318005.7600000002,0.01910305865676537,0.3096248645247002,1.5063506894788201
2021-08-20,AMZN,2020-12-31,2021-06-30,1641574.35,0.01299423324931947,0.05525249699531684,0.4142159986825154
2021-08-27,AAPL,2020-09-30,2021-03-30,2543094.0367999994,0.022575256427497598,0.20913611278072236,0.6793590861610398
2021-08-27,MSFT,2020-06-30,2020-12-30,2282667.52,0.019398795318207356,0.3096248645247002,1.064404533606703
2021-08-27,AMZN,2020-12-31,2021-06-30,1718360.1900000002,0.012413579018028809,0.05525249699531684,-0.07931360572717852
2021-09-03,AAPL,2020-09-30,2021-03-30,2640642.0584,0.021741303338471435,0.20913611278072236,0.8393300549561858
2021-09-03,MSFT,2020-06-30,2020-12-30,2293482.2399999998,0.0193073219524909,0.3096248645247002,1.6060427639417456
2021-09-03,AMZN,2020-12-31,2021-06-30,1784239.6500000001,0.011955232583246314,0.05525249699531684,0.055408822461916966
2021-09-10,AAPL,2020-09-30,2021-03-30,2549426.1013599997,0.022519185776506294,0.20913611278072236,1.3913767240262873
2021-09-10,MSFT,2020-06-30,2020-12-30,2252127.36,0.019661854292290115,0.3096248645247002,2.0443497235081405
2021-09-10,AMZN,2020-12-31,2021-06-30,1779673.9500000002,0.011985903372918391,0.05525249699531684,0.21145996400784906
2021-09-17,AAPL,2020-09-30,2021-03-30,2499625.2692799997,0.022967842702493104,0.20913611278072236,1.656873841732431
2021-09-17,MSFT,2020-06-30,2020-12-30,2283809.92,0.019389091715653815,0.3096248645247002,2.4537953773658066
2021-09-17,AMZN,2020-12-31,2021-06-30,1776272.76,0.012008853865439,0.05525249699531684,0.3140932910015847
2021-09-24,AAPL,2020-09-30,2021-03-30,2514343.0409599994,0.022833399844310803,0.20913611278072236,1.411547891933672
2021-09-24,MSFT,2020-06-30,2020-12-30,2279849.6,0.019422772449551057,0.3096248645247002,2.1098599587429985
2021-09-24,AMZN,2020-12-31,2021-06-30,1757291.76,0.012138564856185292,0.05525249699531684,0.31555532139045844
2021-10-01,AAPL,2020-09-30,2021-03-30,2441267.5932,0.023516881213642777,0.20913611278072236,1.5758402883388454
2021-10-01,MSFT,2020-06-30,2020-12-30,2201785.6,0.020111404125814972,0.3096248645247002,2.160060021349156
2021-10-01,AMZN,2020-12-31,2021-06-30,1684312.3800000001,0.012664515355518552,0.05525249699531684,0.4276753856998608
2021-10-08,AAPL,2020-09-30,2021-03-30,2445546.0152,0.023475739014178744,0.20913611278072236,1.1906381128803543
2021-10-08,MSFT,2020-06-30,2020-12-30,2245577.6,0.019719202756564726,0.3096248645247002,1.7650638692396476
2021-10-08,AMZN,2020-12-31,2021-06-30,1687062.0599999998,0.012643873930755103,0.05525249699531684,0.2142481960469461
2021-10-15,AAPL,2020-09-30,2021-03-30,2478746.5699199997,0.023161302852293168,0.20913611278072236,0.9896093294160087
2021-10-15,MSFT,2020-06-30,2020-12-30,2316863.36,0.019112478001292232,0.3096248645247002,1.7307179394175405
2021-10-15,AMZN,2020-12-31,2021-06-30,1748827.26,0.012197316732128248,0.05525249699531684,0.22170594891077333
2021-10-22,AAPL,2020-09-30,2021-03-30,2544634.2687199996,0.022561591937091553,0.20913611278072236,1.2188848501398322
2021-10-22,MSFT,2020-06-30,2020-12-30,2354562.56,0.01880646569017049,0.3096248645247002,1.8309041401779786
2021-10-22,AMZN,2020-12-31,2021-06-30,1711137.1500000001,0.012465979129726685,0.05525249699531684,0.26372278667442006
2021-10-29,AAPL,2020-09-30,2021-03-30,2563630.4624,0.022394413251843406,0.20913611278072236,1.4159659418834545
2021-10-29,MSFT,2020-06-30,2020-12-30,2525617.92,0.017532739077176014,0.3096248645247002,2.064850334972088
2021-10-29,AMZN,2020-12-31,2021-06-30,1730056.59,0.012329654488354049,0.05525249699531684,0.31797572003607905
2021-11-05,AAPL,2020-09-30,2021-03-30,2588958.72064,0.02217532459760803,0.20913611278072236,1.0098789038641254
2021-11-05,MSFT,2020-06-30,2020-12-30,2559432.96,0.017301097818166723,0.3096248645247002,1.7350643565185946
2021-11-05,AMZN,2020-12-31,2021-06-30,1805241.87,0.011816145168403389,0.05525249699531684,-0.028219109393312496
2021-11-12,AAPL,2020-09-30,2021-03-30,2566882.06312,0.022366045103847872,0.20913611278072236,1.0595314589626812
2021-11-12,MSFT,2020-06-30,2020-12-30,2564459.52,0.017267186186662835,0.3096248645247002,2.266803063824203
2021-11-12,AMZN,2020-12-31,2021-06-30,1808401.95,0.011795497123855678,0.05525249699531684,0.3787444274244426
2021-11-19,AAPL,2020-09-30,2021-03-30,2747602.6084,0.020894943040337233,0.20913611278072236,1.2625939097698657
2021-11-19,MSFT,2020-06-30,2020-12-30,2613125.7600000002,0.016945606169371654,0.3096248645247002,2.684185359656066
2021-11-19,AMZN,2020-12-31,2021-06-30,1886080.41,0.011309698084399276,0.05525249699531684,0.3181603167905618
2021-11-26,AAPL,2020-09-30,2021-03-30,2683597.41528,0.021393298291729753,0.20913611278072236,1.3352834545726733
2021-11-26,MSFT,2020-06-30,2020-12-30,2510842.88,0.017635910376040734,0.3096248645247002,2.987263300433473
2021-11-26,AMZN,2020-12-31,2021-06-30,1797839.28,0.011864798059145754,0.05525249699531684,0.227986378761404
2021-12-03,AAPL,2020-09-30,2021-03-30,2769679.2659199997,0.020728392888816997,0.20913611278072236,1.1275518224805794
2021-12-03,MSFT,2020-06-30,2020-12-30,2460044.16,0.018000083380617038,0.3096248645247002,3.1043025045876216
2021-12-03,AMZN,2020-12-31,2021-06-30,1738962.27,0.012266511107224886,0.05525249699531684,0.4594038079908251
2021-12-10,AAPL,2020-09-30,2021-03-30,3071051.3115999997,0.018694249680279423,0.20913611278072236,0.9614171177151745
2021-12-10,MSFT,2020-06-30,2020-12-30,2608784.64,0.01697380432292027,0.3096248645247002,3.0527244574556534
2021-12-10,AMZN,2020-12-31,2021-06-30,1766895.1199999999,0.012072589798086035,0.05525249699531684,0.5350537332045133
2021-12-17,AAPL,2020-09-30,2021-03-30,2928836.5643199994,0.019601981448674435,0.20913611278072236,1.1203833840924453
2021-12-17,MSFT,2020-06-30,2020-12-30,2466060.8000000003,0.01795616717965753,0.3096248645247002,2.8555502816326954
2021-12-17,AMZN,2020-12-31,2021-06-30,1744379.5499999998,0.012228416688329097,0.05525249699531684,0.6073009989818235
2021-12-24,AAPL,2020-09-30,2021-03-30,3016800.9206399997,0.01903042378673782,0.20913611278072236,0.7930577797241654
2021-12-24,MSFT,2020-06-30,2020-12-30,2548999.04,0.017371917095739667,0.3096248645247002,2.3901242958598274
2021-12-24,AMZN,2020-12-31,2021-06-30,1755162.81,0.012153288503190196,0.05525249699531684,0.4286186253158299
2021-12-31,AAPL,2020-09-30,2021-03-30,3038877.5781599996,0.018892172693169694,0.20913611278072236,0.9256033648105761
2021-12-31,MSFT,2021-06-30,2021-12-30,2540897.6,0.024113919427528288,0.36451739564989766,2.254138427470344
2021-12-31,AMZN,2020-12-31,2021-06-30,1710516.4200000002,0.012470502913967934,0.05525249699531684,0.1670116131192215
2022-01-07,AAPL,2020-09-30,2021-03-30,2946463.6629599994,0.01948471339447141,0.20913611278072236,1.536692949302734
2022-01-07,MSFT,2021-06-30,2021-12-30,2372572.2,0.025824714628284017,0.36451739564989766,2.626063657852024
2022-01-07,AMZN,2020-12-31,2021-06-30,1667804.04,0.012789871884469112,0.05525249699531684,0.33612538820107407
2022-01-14,AAPL,2020-09-30,2021-03-30,2961865.9821599997,0.019383388831837652,0.20913611278072236,1.4171568853321048
2022-01-14,MSFT,2021-06-30,2021-12-30,2343561.0,0.0261444016178798,0.36451739564989766,2.4847472455939785
2022-01-14,AMZN,2020-12-31,2021-06-30,1663535.8800000001,0.01282268705860435,0.05525249699531684,0.3923508124391908
2022-01-21,AAPL,2020-09-30,2021-03-30,2779434.0680799996,0.02065564377271192,0.20913611278072236,1.1490422278597845
2022-01-21,MSFT,2021-06-30,2021-12-30,2236506.65,0.027395849683702036,0.36451739564989766,2.2979459777083964
2022-01-21,AMZN,2020-12-31,2021-06-30,1463517.18,0.014575162008005947,0.05525249699531684,0.1482807576977024
2022-01-28,AAPL,2020-09-30,2021-03-30,2914974.47704,0.019695198174873144,0.20913611278072236,1.5002817764680285
2022-01-28,MSFT,2021-06-30,2021-12-30,2328904.3,0.02630893849953388,0.36451739564989766,2.1278229288482615
2022-01-28,AMZN,2020-12-31,2021-06-30,1477214.28,0.014440017463140147,0.05525249699531684,0.15160254451059263
2022-02-04,AAPL,2020-09-30,2021-03-30,2950228.6743199993,0.019459847468682307,0.20913611278072236,1.134008594779263
2022-02-04,MSFT,2021-06-30,2021-12-30,2311376.7,0.026508444080101695,0.36451739564989766,1.424663216735517
2022-02-04,AMZN,2020-12-31,2021-06-30,1617381.27,0.01318860332789683,0.05525249699531684,-0.10889779786259596
2022-02-11,AAPL,2020-09-30,2021-03-30,2886052.3443199997,0.019892570594913086,0.20913611278072236,1.224590345456476
2022-02-11,MSFT,2021-06-30,2021-12-30,2229027.2,0.027487775833332135,0.36451739564989766,1.2556693085154174
2022-02-11,AMZN,2020-12-31,2021-06-30,1572791.31,0.013562511354414846,0.05525249699531684,-0.03844525510006152
2022-02-18,AAPL,2020-09-30,2021-03-30,2863120.0024,0.02005190140541627,0.20913611278072236,1.1200807671234547
2022-02-18,MSFT,2021-06-30,2021-12-30,2175311.15,0.02816654527790197,0.36451739564989766,1.0733904731879034
2022-02-18,AMZN,2020-12-31,2021-06-30,1565691.3900000001,0.013624013094943313,0.05525249699531684,-0.4406230785383015
2022-02-25,AAPL,2020-09-30,2021-03-30,2821191.4667999996,0.020349912678957492,0.20913611278072236,1.8878808964046627
2022-02-25,MSFT,2021-06-30,2021-12-30,2246177.05,0.02727790313768899,0.36451739564989766,1.5483995940265274
2022-02-25,AMZN,2020-12-31,2021-06-30,1577870.01,0.01351885761489313,0.05525249699531684,-0.2526580363516276
2022-03-04,AAPL,2020-09-30,2021-03-30,2792440.4709599996,0.02055943558942295,0.20913611278072236,1.9530784331418
2022-03-04,MSFT,2021-06-30,2021-12-30,2189892.3000000003,0.027979001524412864,0.36451739564989766,1.5077724264912493
2022-03-04,AMZN,2020-12-31,2021-06-30,1494276.6600000001,0.014275134298089081,0.05525249699531684,0.18353060007083935
2022-03-11,AAPL,2020-09-30,2021-03-30,2648000.9442399996,0.021680883507568943,0.20913611278072236,1.7685480659970567
2022-03-11,MSFT,2021-06-30,2021-12-30,2115928.85,0.02895702282238838,0.36451739564989766,1.164968166380329
2022-03-11,AMZN,2020-12-31,2021-06-30,1493081.3699999999,0.014286562292314987,0.05525249699531684,-0.02780278099453877
2022-03-18,AAPL,2020-09-30,2021-03-30,2806302.5582399997,0.020457879650726568,0.20913611278072236,1.7252876551610201
2022-03-18,MSFT,2021-06-30,2021-12-30,2269748.65,0.02699461898567491,0.36451739564989766,1.111827921884726
2022-03-18,AMZN,2020-12-31,2021-06-30,1654430.1300000001,0.012893261318929195,0.05525249699531684,-0.025231198530899515
2022-03-25,AAPL,2020-09-30,2021-03-30,2990103.5673599998,0.019200338284833692,0.20913611278072236,1.5255125859724445
2022-03-25,MSFT,2021-06-30,2021-12-30,2294302.4,0.026705721094133016,0.36451739564989766,1.1490039214320906
2022-03-25,AMZN,2020-12-31,2021-06-30,1690576.1099999999,0.012617592236057329,0.05525249699531684,0.026272320849765125
2022-04-01,AAPL,2021-09-30,2022-03-30,2879477.6142100003,0.032880964079304346,0.2588179335569424,1.3832584805931474
2022-04-01,MSFT,2021-06-30,2021-12-30,2337668.1,0.026210307613813953,0.36451739564989766,0.8774283268638792
2022-04-01,AMZN,2020-12-31,2021-06-30,1678125.6,0.012711205883516704,0.05525249699531684,-0.26683110004325356
2022-04-08,AAPL,2021-09-30,2022-03-30,2809766.2061900003,0.03369675376955459,0.2588179335569424,0.8060290550967838
2022-04-08,MSFT,2021-06-30,2021-12-30,2243608.35,0.0273091335214544,0.36451739564989766,0.4266178486179309
2022-04-08,AMZN,2020-12-31,2021-06-30,1584764.73,0.013460042109846804,0.05525249699531684,-0.4689083122312869
2022-04-15,AAPL,2021-09-30,2022-03-30,2730473.60939,0.034675303095550496,0.2588179335569424,0.9415219353533363
2022-04-15,MSFT,2021-06-30,2021-12-30,2114115.65,0.028981858206290654,0.36451739564989766,0.663282405397808
2022-04-15,AMZN,2020-12-31,2021-06-30,1556508.69,0.013704388634026836,0.05525249699531684,-0.1755260894343275
2022-04-22,AAPL,2021-09-30,2022-03-30,2672656.09089,0.035425433269445215,0.2588179335569424,1.2845816179490122
2022-04-22,MSFT,2021-06-30,2021-12-30,2070296.65,0.029595275633566814,0.36451739564989766,0.7062155211370993
2022-04-22,AMZN,2020-12-31,2021-06-30,1481031.0,0.014402804532788308,0.05525249699531684,-0.04596468968544128
2022-04-29,AAPL,2021-09-30,2022-03-30,2604266.2261500005,0.03635573008984168,0.2588179335569424,1.3890769174768585
2022-04-29,MSFT,2021-06-30,2021-12-30,2096663.5999999999,0.029223095207070893,0.36451739564989766,0.9957545292221451
2022-04-29,AMZN,2020-12-31,2021-06-30,1275128.19,0.01672851417393572,0.05525249699531684,-0.17517166593448322
2022-05-06,AAPL,2021-09-30,2022-03-30,2598154.0884800004,0.03644125666749454,0.2588179335569424,1.3069439786509414
2022-05-06,MSFT,2021-06-30,2021-12-30,2075585.1500000001,0.029519868168260886,0.36451739564989766,0.7723109183388155
2022-05-06,AMZN,2020-12-31,2021-06-30,1177565.8499999999,0.01811448591176451,0.05525249699531684,-0.18761646801904544
2022-05-13,AAPL,2021-09-30,2022-03-30,2430152.8990100003,0.03896051151290558,0.2588179335569424,1.2217754211367464
2022-05-13,MSFT,2021-06-30,2021-12-30,1972761.6,0.031058491811681653,0.36451739564989766,0.5471688784050046
2022-05-13,AMZN,2020-12-31,2021-06-30,1159944.3,0.018389676124965657,0.05525249699531684,-0.17883396887212322
2022-05-20,AAPL,2021-09-30,2022-03-30,2272889.2486900003,0.04165623118441413,0.2588179335569424,1.1517286487441893
2022-05-20,MSFT,2021-06-30,2021-12-30,1908090.8,0.0321111552972217,0.36451739564989766,0.499934562465206
2022-05-20,AMZN,2020-12-31,2021-06-30,1103883.66,0.019323594299783368,0.05525249699531684,-0.29878186470208196
2022-05-27,AAPL,2021-09-30,2022-03-30,2471946.70524,0.03830179663635085,0.2588179335569424,0.998618776303785
2022-05-27,MSFT,2021-06-30,2021-12-30,2064328.2,0.029680842416433588,0.36451739564989766,0.44885132545111867
2022-05-27,AMZN,2020-12-31,2021-06-30,1181403.09,0.01805564940582642,0.05525249699531684,-0.6751456864120753
2022-06-03,AAPL,2021-09-30,2022-03-30,2401574.52558,0.0394241357041102,0.2588179335569424,0.9323828875692741
2022-06-03,MSFT,2021-06-30,2021-12-30,2040001.0999999999,0.030034787726339954,0.36451739564989766,0.3836659892551258
2022-06-03,AMZN,2020-12-31,2021-06-30,1255311.0,0.016992601833330546,0.05525249699531684,-0.8218802943788915
2022-06-10,AAPL,2021-09-30,2022-03-30,2265290.37483,0.041795966226672074,0.2588179335569424,0.5663819713428588
2022-06-10,MSFT,2021-06-30,2021-12-30,1911339.45,0.03205657686812251,0.36451739564989766,0.04899339006394691
2022-06-10,AMZN,2020-12-31,2021-06-30,1125009.0,0.018960737202991264,0.05525249699531684,-0.9108805438749275
2022-06-17,AAPL,2021-09-30,2022-03-30,2173277.9239600003,0.04356552788585847,0.2588179335569424,0.19782543010476672
2022-06-17,MSFT,2021-06-30,2021-12-30,1870995.75,0.03274780287448542,0.36451739564989766,-0.10325821591014471
2022-06-17,AMZN,2020-12-31,2021-06-30,1089817.2,0.01957300728966289,0.05525249699531684,-1.0833052172458064
2022-06-24,AAPL,2021-09-30,2022-03-30,2340122.7630600003,0.04045941584542948,0.2588179335569424,0.43432951445055246
2022-06-24,MSFT,2021-06-30,2021-12-30,2022473.5,0.03029508174025519,0.36451739564989766,0.11563724001563683
2022-06-24,AMZN,2020-12-31,2021-06-30,1194879.5999999999,0.017852007850832838,0.05525249699531684,-0.877228801098676
2022-07-01,AAPL,2021-09-30,2022-03-30,2295025.0986300004,0.04125445079294278,0.2588179335569424,0.1372477168677184
2022-07-01,MSFT,2021-06-30,2021-12-30,1961126.9,0.031242751297736012,0.36451739564989766,-0.10343617516762016
2022-07-01,AMZN,2021-12-31,2022-06-30,1130659.2,0.029508449584101027,0.07101412875514557,-0.8193749517527776
2022-07-08,AAPL,2021-09-30,2022-03-30,2428996.54864,0.03897905909047566,0.2588179335569424,-0.19242965897780323
2022-07-08,MSFT,2021-06-30,2021-12-30,2022171.3000000003,0.030299609137959774,0.36451739564989766,-0.33549527803386736
2022-07-08,AMZN,2021-12-31,2022-06-30,1192372.8,0.02798118172437345,0.07101412875514557,-1.1121499527357868
2022-07-15,AAPL,2021-09-30,2022-03-30,2480701.92947,0.038166616825354875,0.2588179335569424,-0.3537181070728245
2022-07-15,MSFT,2021-06-30,2021-12-30,1939519.6,0.031590812487793364,0.36451739564989766,-0.43595957718618705
2022-07-15,AMZN,2021-12-31,2022-06-30,1171836.0,0.02847156086687898,0.07101412875514557,-1.1027614707991564
2022-07-22,AAPL,2021-09-30,2022-03-30,2545457.5501900003,0.037195670378762674,0.2588179335569424,-0.1617389200038473
2022-07-22,MSFT,2021-06-30,2021-12-30,1967019.8,0.03114915264198154,0.36451739564989766,-0.28213407859200634
2022-07-22,AMZN,2021-12-31,2022-06-30,1263374.4,0.02640864022573198,0.07101412875514557,-0.9644636169604911
2022-07-29,AAPL,2021-09-30,2022-03-30,2684549.98041,0.035268481008328974,0.2588179335569424,-0.16310668690734248
2022-07-29,MSFT,2021-06-30,2021-12-30,2120990.7,0.02888791544441944,0.36451739564989766,-0.3176634759760506
2022-07-29,AMZN,2021-12-31,2022-06-30,1392683.9999999998,0.02395661901766661,0.07101412875514557,-0.8941959441150229
2022-08-05,AAPL,2021-09-30,2022-03-30,2731464.7668500002,0.03466272058459958,0.2588179335569424,0.021115754514732233
2022-08-05,MSFT,2021-06-30,2021-12-30,2137385.0500000003,0.028666336933534736,0.36451739564989766,-0.26942829885287617
2022-08-05,AMZN,2021-12-31,2022-06-30,1453056.0000000002,0.02296126233262861,0.07101412875514557,-0.8038484519764716
2022-08-12,AAPL,2021-09-30,2022-03-30,2842969.9811,0.03330320074760919,0.2588179335569424,0.02444270483340057
2022-08-12,MSFT,2021-06-30,2021-12-30,2205380.0500000003,0.027782513041232956,0.36451739564989766,-0.43892211906110495
2022-08-12,AMZN,2021-12-31,2022-06-30,1481436.0000000002,0.022521391406716183,0.07101412875514557,-0.8067529096922885
2022-08-19,AAPL,2021-09-30,2022-03-30,2833388.7923200005,0.03341581651506262,0.2588179335569424,0.13564168775607854
2022-08-19,MSFT,2021-06-30,2021-12-30,2161863.25,0.028341755659151893,0.36451739564989766,-0.5181499946819771
2022-08-19,AMZN,2021-12-31,2022-06-30,1426533.5999999999,0.023388162746394478,0.07101412875514557,-0.6089925624129823
2022-08-26,AAPL,2021-09-30,2022-03-30,2702886.39342,0.03502921921931024,0.2588179335569424,0.3144373134380201
2022-08-26,MSFT,2021-06-30,2021-12-30,2025419.9499999997,0.03025101041391441,0.36451739564989766,-0.221714851889478
2022-08-26,AMZN,2021-12-31,2022-06-30,1349340.0,0.024726162420146146,0.07101412875514557,-0.5032027452532928
2022-09-02,AAPL,2021-09-30,2022-03-30,2573870.7307100003,0.03678506417215545,0.2588179335569424,0.2390166809446067
2022-09-02,MSFT,2021-06-30,2021-12-30,1934533.3,0.03167223846702458,0.36451739564989766,-0.20959600084446103
2022-09-02,AMZN,2021-12-31,2022-06-30,1315903.2,0.02535444856430169,0.07101412875514557,-0.49542845424855
2022-09-09,AAPL,2021-09-30,2022-03-30,2584112.69113,0.03663926899356607,0.2588179335569424,0.5220359775894698
2022-09-09,MSFT,2021-06-30,2021-12-30,1997995.2999999998,0.03066623830396398,0.36451739564989766,-0.04423901569001055
2022-09-09,AMZN,2021-12-31,2022-06-30,1375346.4000000001,0.024258615865792064,0.07101412875514557,-0.445048146093538
2022-09-16,AAPL,2021-09-30,2022-03-30,2489457.1537,0.03803238784780054,0.2588179335569424,0.5826738656692578
2022-09-16,MSFT,2021-06-30,2021-12-30,1849010.7,0.03313717979025216,0.36451739564989766,-0.15298261500266203
2022-09-16,AMZN,2021-12-31,2022-06-30,1274829.6,0.026171340859986306,0.07101412875514557,-0.5121236919583384
2022-09-23,AAPL,2021-09-30,2022-03-30,2483675.40185,0.0381209235029168,0.2588179335569424,0.37997179563577366
2022-09-23,MSFT,2021-06-30,2021-12-30,1797485.5999999999,0.03408706028020475,0.36451739564989766,-0.34797615738279514
2022-09-23,AMZN,2021-12-31,2022-06-30,1174209.6,0.028414007175550256,0.07101412875514557,-0.5908707104046429
2022-09-30,AAPL,2021-09-30,2022-03-30,2282966.0162,0.041472365040980765,0.2588179335569424,0.29873241188225047
2022-09-30,MSFT,2021-06-30,2021-12-30,1759559.5,0.03482178352025038,0.36451739564989766,-0.38221106905446295
2022-09-30,AMZN,2021-12-31,2022-06-30,1166160.0,0.028610139260478836,0.07101412875514557,-0.5598099156094734
2022-10-07,AAPL,2021-09-30,2022-03-30,2331202.34592,0.040614235038715564,0.2588179335569424,0.3058995201605735
2022-10-07,MSFT,2021-06-30,2021-12-30,1769683.2,0.034622581035972995,0.36451739564989766,-0.3456071919636839
2022-10-07,AMZN,2021-12-31,2022-06-30,1182259.2,0.028220545883677624,0.07101412875514557,-0.4746632864639877
2022-10-14,AAPL,2021-09-30,2022-03-30,2322777.5075100004,0.04076154504418989,0.2588179335569424,0.13082163773281635
2022-10-14,MSFT,2021-06-30,2021-12-30,1726770.8,0.035482995195424895,0.36451739564989766,-0.6588437587097185
2022-10-14,AMZN,2021-12-31,2022-06-30,1103208.0,0.030242710350178753,0.07101412875514557,-0.685540119837471
2022-10-21,AAPL,2021-09-30,2022-03-30,2389845.82897,0.039617618363610566,0.2588179335569424,0.03607499600039934
2022-10-21,MSFT,2021-06-30,2021-12-30,1829216.6,0.033495759878846496,0.36451739564989766,-0.7608153705186617
2022-10-21,AMZN,2021-12-31,2022-06-30,1231382.4,0.027094751394855086,0.07101412875514557,-0.7569582622751193
2022-10-28,AAPL,2021-09-30,2022-03-30,2572714.38034,0.036801597846818676,0.2588179335569424,-0.2430116034732327
2022-10-28,MSFT,2021-06-30,2021-12-30,1781997.85,0.03438331870041257,0.36451739564989766,-1.0146948069480408
2022-10-28,AMZN,2021-12-31,2022-06-30,1067191.2,0.03126337623473657,0.07101412875514557,-0.7519568999819068
2022-11-04,AAPL,2021-09-30,2022-03-30,2285939.48858,0.04141841919832014,0.2588179335569424,-0.1987022312856516
2022-11-04,MSFT,2021-06-30,2021-12-30,1672601.45,0.03663215764879314,0.36451739564989766,-1.0170347034071066
2022-11-04,AMZN,2021-12-31,2022-06-30,938913.6000000001,0.035534686045659576,0.07101412875514557,-0.7759196949624604
2022-11-11,AAPL,2021-09-30,2022-03-30,2472937.8627,0.03828644521485332,0.2588179335569424,-0.17982226702255288
2022-11-11,MSFT,2021-06-30,2021-12-30,1866916.05,0.03281936539138972,0.36451739564989766,-0.9964417453987862
2022-11-11,AMZN,2021-12-31,2022-06-30,1040152.8,0.03207605651785007,0.07101412875514557,-0.8464078020460765
2022-11-18,AAPL,2021-09-30,2022-03-30,2499203.53539,0.037884069328201084,0.2588179335569424,-0.2903201722140195
2022-11-18,MSFT,2021-06-30,2021-12-30,1822417.1,0.0336207336948276,0.36451739564989766,-0.9141926375087575
2022-11-18,AMZN,2021-12-31,2022-06-30,971524.8,0.034341892250202975,0.07101412875514557,-0.7541018524087272
2022-11-25,AAPL,2021-09-30,2022-03-30,2446672.1900100005,0.03869746032451246,0.2588179335569424,-0.020037301832183635
2022-11-25,MSFT,2021-06-30,2021-12-30,1869786.95,0.03276897402669326,0.36451739564989766,-0.8845906275993075
2022-11-25,AMZN,2021-12-31,2022-06-30,963991.2,0.03461027445063814,0.07101412875514557,-0.8835069797466928
2022-12-02,AAPL,2021-09-30,2022-03-30,2441716.40271,0.03877600195293648,0.2588179335569424,-0.42764250050337405
2022-12-02,MSFT,2021-06-30,2021-12-30,1926676.1,0.0318014013876022,0.36451739564989766,-0.9735879170653463
2022-12-02,AMZN,2021-12-31,2022-06-30,971421.6,0.03434554059740899,0.07101412875514557,-0.9990877472830662
2022-12-09,AAPL,2021-09-30,2022-03-30,2348382.40856,0.040317113454301785,0.2588179335569424,-0.5148291898503062
2022-12-09,MSFT,2021-06-30,2021-12-30,1854148.0999999999,0.03304536460706672,0.36451739564989766,-0.8756086637878879
2022-12-09,AMZN,2021-12-31,2022-06-30,919408.8,0.03628853672055347,0.07101412875514557,-0.8919177263798341
2022-12-16,AAPL,2021-09-30,2022-03-30,2222009.83241,0.04261007247538132,0.2588179335569424,-0.35895802262001986
2022-12-16,MSFT,2021-06-30,2021-12-30,1848632.95,0.033143951047718806,0.36451739564989766,-0.8117251217331036
2022-12-16,AMZN,2021-12-31,2022-06-30,906715.2,0.03679655971356827,0.07101412875514557,-0.959775487325895
2022-12-23,AAPL,2021-09-30,2022-03-30,2178233.7112600002,0.043466410197660704,0.2588179335569424,-0.4968036340380898
2022-12-23,MSFT,2021-06-30,2021-12-30,1803605.15,0.03397140443960254,0.36451739564989766,-0.8340831658611292
2022-12-23,AMZN,2021-12-31,2022-06-30,879780.0,0.0379231171429221,0.07101412875514557,-0.9761268612096272
2022-12-30,AAPL,2021-09-30,2022-03-30,2146351.4796300004,0.04411206687188132,0.2588179335569424,-0.5211607857947177
2022-12-30,MSFT,2022-06-30,2022-12-30,1792174.8599999999,0.04058644143685846,0.3668633681343622,-0.7739050360510809
2022-12-30,AMZN,2021-12-31,2022-06-30,866880.0,0.038487449243263194,0.07101412875514557,-0.9366185414675533
2023-01-06,AAPL,2021-09-30,2022-03-30,2141230.4994200002,0.04421756556598936,0.2588179335569424,-0.5437758234821009
2023-01-06,MSFT,2022-06-30,2022-12-30,1680901.8900000001,0.04327319781882094,0.3668633681343622,-0.7013340230918123
2023-01-06,AMZN,2021-12-31,2022-06-30,888345.6,0.037557455116567245,0.07101412875514557,-0.9698335520413085
2023-01-13,AAPL,2021-09-30,2022-03-30,2226139.65516,0.042531024403855304,0.2588179335569424,-0.6888389715275632
2023-01-13,MSFT,2022-06-30,2022-12-30,1787765.79,0.04068653758051831,0.3668633681343622,-0.6619815980648928
2023-01-13,AMZN,2021-12-31,2022-06-30,1012598.4,0.03294889662081236,0.07101412875514557,-0.9358619615659068
2023-01-20,AAPL,2021-09-30,2022-03-30,2277514.6501700003,0.04157163159979358,0.2588179335569424,-0.5895324848316958
2023-01-20,MSFT,2022-06-30,2022-12-30,1795164.06,0.04051885931807258,0.3668633681343622,-0.612015287563682
2023-01-20,AMZN,2021-12-31,2022-06-30,1003620.0,0.03324365795819135,0.07101412875514557,-0.8456333851134009
2023-01-27,AAPL,2021-09-30,2022-03-30,2410660.1356300004,0.039275548884146784,0.2588179335569424,-0.7393721438000809
2023-01-27,MSFT,2022-06-30,2022-12-30,1854499.68,0.039222438690310266,0.3668633681343622,-0.7043953423655234
2023-01-27,AMZN,2021-12-31,2022-06-30,1055116.8,0.03162114374446506,0.07101412875514557,-0.8697714353268147
2023-02-03,AAPL,2021-09-30,2022-03-30,2552230.4595000003,0.03709696342177049,0.2588179335569424,-0.7605146997571982
2023-02-03,MSFT,2022-06-30,2022-12-30,1930649.5500000003,0.03767540307872031,0.3668633681343622,-0.8320225495935797
2023-02-03,AMZN,2021-12-31,2022-06-30,1066984.8,0.031269423894323516,0.07101412875514557,-0.9690123029626287
2023-02-10,AAPL,2021-09-30,2022-03-30,2494578.13391,0.03795431328166043,0.2588179335569424,-0.6157295418389244
2023-02-10,MSFT,2022-06-30,2022-12-30,1966146.3000000003,0.03699521241120256,0.3668633681343622,-0.5966013866800098
2023-02-10,AMZN,2021-12-31,2022-06-30,1007335.2,0.033121050470588144,0.07101412875514557,-0.7647439051552855
2023-02-17,AAPL,2021-09-30,2022-03-30,2520017.8420500006,0.037571162560888494,0.2588179335569424,-0.5389462203033372
2023-02-17,MSFT,2022-06-30,2022-12-30,1928482.3800000001,0.037717741553853344,0.3668633681343622,-0.5231429656193661
2023-02-17,AMZN,2021-12-31,2022-06-30,1003104.0,0.03326075860528918,0.07101412875514557,-0.7706877325727364
2023-02-24,AAPL,2021-09-30,2022-03-30,2423545.1826100005,0.03906673606886742,0.2588179335569424,-0.34961928115600543
2023-02-24,MSFT,2022-06-30,2022-12-30,1862421.06,0.03905561506053846,0.3668633681343622,-0.5222751486965136
2023-02-24,AMZN,2021-12-31,2022-06-30,964920.0,0.03457695974795838,0.07101412875514557,-0.7109741941876419
2023-03-03,AAPL,2021-09-30,2022-03-30,2494908.5197300003,0.03794928721885414,0.2588179335569424,-0.16122913231318975
2023-03-03,MSFT,2022-06-30,2022-12-30,1907782.17,0.038126994341287926,0.3668633681343622,-0.3431546615609286
2023-03-03,AMZN,2021-12-31,2022-06-30,979368.0000000001,0.034066867612582805,0.07101412875514557,-0.6176986647238777
2023-03-10,AAPL,2021-09-30,2022-03-30,2453114.7135,0.038595830630730917,0.2588179335569424,-0.07378239588881806
2023-03-10,MSFT,2022-06-30,2022-12-30,1857713.07,0.03915459344859968,0.3668633681343622,-0.1916887545554757
2023-03-10,AMZN,2021-12-31,2022-06-30,936333.6000000001,0.035632599321438425,0.07101412875514557,-0.6988551161793459
2023-03-17,AAPL,2021-09-30,2022-03-30,2560490.105,0.036977295797829296,0.2588179335569424,-0.2156357449405546
2023-03-17,MSFT,2022-06-30,2022-12-30,2088180.3900000001,0.03483319752849513,0.3668633681343622,-0.42462419246151534
2023-03-17,AMZN,2021-12-31,2022-06-30,1021164.0,0.032672518811865676,0.07101412875514557,-0.8503914588138899
2023-03-24,AAPL,2021-09-30,2022-03-30,2647216.3827500003,0.035765871130505715,0.2588179335569424,-0.5037953001916476
2023-03-24,MSFT,2022-06-30,2022-12-30,2096699.6099999999,0.03469166477309547,0.3668633681343622,-0.5402122490929474
2023-03-24,AMZN,2021-12-31,2022-06-30,1012701.6,0.03294553894256709,0.07101412875514557,-0.9279361080554818
2023-03-31,AAPL,2022-09-30,2023-03-30,2631097.8982,0.03793207393319638,0.2530964070519973,-0.4178959911087261
2023-03-31,MSFT,2022-06-30,2022-12-30,2154465.9,0.03376149977588413,0.3668633681343622,-0.5259838120907231
2023-03-31,AMZN,2021-12-31,2022-06-30,1065952.8,0.03129969732243304,0.07101412875514557,-0.8930622608863081
2023-04-07,AAPL,2022-09-30,2023-03-30,2627268.52588,0.03798736178540072,0.2530964070519973,-0.39834807130955324
2023-04-07,MSFT,2022-06-30,2022-12-30,2179126.8000000003,0.03337942518994305,0.3668633681343622,-0.49325163209532596
2023-04-07,AMZN,2021-12-31,2022-06-30,1053259.2,0.03167691295741827,0.07101412875514557,-0.8826861476923634
2023-04-14,AAPL,2022-09-30,2023-03-30,2636044.1707800003,0.03786089819977049,0.2530964070519973,-0.19618485887698134
2023-04-14,MSFT,2022-06-30,2022-12-30,2138324.2199999997,0.03401635697696021,0.3668633681343622,-0.004391213182650106
2023-04-14,AMZN,2021-12-31,2022-06-30,1057903.2,0.03153785714987912,0.07101412875514557,-0.744038802567269
2023-04-21,AAPL,2022-09-30,2023-03-30,2633012.58436,0.037904490313804884,0.2530964070519973,-0.030071248587187828
2023-04-21,MSFT,2022-06-30,2022-12-30,2135484.48,0.03406159149421681,0.3668633681343622,0.07348928689910121
2023-04-21,AMZN,2021-12-31,2022-06-30,1103827.2,0.030225745479002513,0.07101412875514557,-0.6844800043796391
2023-04-28,AAPL,2022-09-30,2023-03-30,2707366.2302400004,0.036863501836304116,0.2530964070519973,0.14532838204478632
2023-04-28,MSFT,2022-06-30,2022-12-30,2296153.98,0.031678189108206065,0.3668633681343622,0.11671222984062754
2023-04-28,AMZN,2021-12-31,2022-06-30,1088244.0,0.03065856554228647,0.07101412875514557,-0.37772010596147704
2023-05-05,AAPL,2022-09-30,2023-03-30,2769433.97326,0.03603732783075464,0.2530964070519973,0.14799000388899577
2023-05-05,MSFT,2022-06-30,2022-12-30,2321487.4499999997,0.03133249761914501,0.3668633681343622,0.18459853130566525
2023-05-05,AMZN,2021-12-31,2022-06-30,1090359.6,0.030599079422972016,0.07101412875514557,-0.25142547385132824
2023-05-12,AAPL,2022-09-30,2023-03-30,2753478.25526,0.0362461551346357,0.2530964070519973,0.39732512933211367
2023-05-12,MSFT,2022-06-30,2022-12-30,2308932.81,0.03150286560309219,0.3668633681343622,0.2917852178875322
2023-05-12,AMZN,2021-12-31,2022-06-30,1137883.2,0.029321111340777334,0.07101412875514557,-0.21085067937581833
2023-05-19,AAPL,2022-09-30,2023-03-30,2794803.56488,0.03571020205288926,0.2530964070519973,0.6605855971807043
2023-05-19,MSFT,2022-06-30,2022-12-30,2378954.82,0.030575612192584645,0.3668633681343622,0.4017618713679025
2023-05-19,AMZN,2021-12-31,2022-06-30,1199700.0,0.027810285904809537,0.07101412875514557,-0.013253183392814649
2023-05-26,AAPL,2022-09-30,2023-03-30,2799111.60874,0.03565524135885586,0.2530964070519973,0.4618424620372027
2023-05-26,MSFT,2022-06-30,2022-12-30,2487686.9699999997,0.02923920930453722,0.3668633681343622,0.38846313135505733
2023-05-26,AMZN,2021-12-31,2022-06-30,1239535.2,0.026916540974391046,0.07101412875514557,-0.19210990657941593
2023-06-02,AAPL,2022-09-30,2023-03-30,2887187.1721,0.03456755452657686,0.2530964070519973,0.6701372803173677
2023-06-02,MSFT,2022-06-30,2022-12-30,2506444.1999999997,0.029020394708966595,0.3668633681343622,0.4701103444724879
2023-06-02,AMZN,2021-12-31,2022-06-30,1282260.0,0.02601968399544554,0.07101412875514557,-0.31345643183394645
2023-06-09,AAPL,2022-09-30,2023-03-30,2887346.72928,0.034565644294783836,0.2530964070519973,0.914887082763752
2023-06-09,MSFT,2022-06-30,2022-12-30,2442101.67,0.029785000720301706,0.3668633681343622,0.7045161896391684
2023-06-09,AMZN,2021-12-31,2022-06-30,1273797.6,0.026192544247217925,0.07101412875514557,0.01318737083622081
2023-06-16,AAPL,2022-09-30,2023-03-30,2950531.37256,0.03382543257400002,0.2530964070519973,1.1885484277326472
2023-06-16,MSFT,2022-06-30,2022-12-30,2558232.09,0.028432916733524362,0.3668633681343622,0.9045250945832831
2023-06-16,AMZN,2021-12-31,2022-06-30,1295056.8,0.025762576591235226,0.07101412875514557,0.22456060781547668
2023-06-23,AAPL,2022-09-30,2023-03-30,2978613.43624,0.03350652984564004,0.2530964070519973,0.8838577499214955
2023-06-23,MSFT,2022-06-30,2022-12-30,2503604.46,0.029053311400475776,0.3668633681343622,0.7915074074919584
2023-06-23,AMZN,2021-12-31,2022-06-30,1334685.6,0.024997647386021095,0.07101412875514557,0.07626891392341671
2023-06-30,AAPL,2022-09-30,2023-03-30,3094930.6204600004,0.03224724953128877,0.2530964070519973,1.1183689908054946
2023-06-30,MSFT,2022-06-30,2022-12-30,2544855.42,0.028582370310058714,0.3668633681343622,0.9554467205291857
2023-06-30,AMZN,2022-12-31,2023-06-30,1335147.12,-0.002038726638604441,-0.005295895000418302,0.33032028058224977
2023-07-07,AAPL,2022-09-30,2023-03-30,3042436.30824,0.032803644805874145,0.2530964070519973,0.8660947506185707
2023-07-07,MSFT,2022-06-30,2022-12-30,2520045.06,0.028863769602595915,0.3668633681343622,0.724245212411513
2023-07-07,AMZN,2022-12-31,2023-06-30,1329206.76,-0.0020478379149982654,-0.005295895000418302,0.16952146665122705
2023-07-14,AAPL,2022-09-30,2023-03-30,3042595.86542,0.032801924545514095,0.2530964070519973,0.8701721386605251
2023-07-14,MSFT,2022-06-30,2022-12-30,2579978.52,0.028193257981078076,0.3668633681343622,1.1046579942459474
2023-07-14,AMZN,2022-12-31,2023-06-30,1379392.56,-0.0019733323775503035,-0.005295895000418302,0.2604971151659796
2023-07-21,AAPL,2022-09-30,2023-03-30,3062540.51292,0.03258830359270649,0.2530964070519973,0.797854068399432
2023-07-21,MSFT,2022-06-30,2022-12-30,2568993.21,0.02831381559003809,0.3668633681343622,0.9496197861978238
2023-07-21,AMZN,2022-12-31,2023-06-30,1331460.0,-0.0020443723431421146,-0.005295895000418302,0.14164036148349632
2023-07-28,AAPL,2022-09-30,2023-03-30,3124608.2559400005,0.03194096405854099,0.2530964070519973,0.7425655601161261
2023-07-28,MSFT,2022-06-30,2022-12-30,2528639.0100000002,0.02876567185444157,0.3668633681343622,0.7254863297008958
2023-07-28,AMZN,2022-12-31,2023-06-30,1354094.82,-0.002010198960808372,-0.005295895000418302,-0.0881908531895334
2023-08-04,AAPL,2022-09-30,2023-03-30,2903781.1188200004,0.03437001478973615,0.2530964070519973,0.5656017326415556
2023-08-04,MSFT,2022-06-30,2022-12-30,2449499.94,0.029695040531415567,0.3668633681343622,0.6491108002455235
2023-08-04,AMZN,2022-12-31,2023-06-30,1429475.94,-0.0019041943441174673,-0.005295895000418302,-0.20211357271441116
2023-08-11,AAPL,2022-09-30,2023-03-30,2836767.10322,0.03518195056855888,0.2530964070519973,0.40130240273337336
2023-08-11,MSFT,2022-06-30,2022-12-30,2398907.73,0.030321299602465327,0.3668633681343622,0.6186699806679498
2023-08-11,AMZN,2022-12-31,2023-06-30,1417595.22,-0.0019201532014195138,-0.005295895000418302,-0.15970482447132567
2023-08-18,AAPL,2022-09-30,2023-03-30,2784113.23382,0.03584732071513601,0.2530964070519973,0.441154003408515
2023-08-18,MSFT,2022-06-30,2022-12-30,2365055.04,0.030755309610046116,0.3668633681343622,0.6827730147525596
2023-08-18,AMZN,2022-12-31,2023-06-30,1364439.24,-0.0019949587495006376,-0.005295895000418302,-0.15386719542020977
2023-08-25,AAPL,2022-09-30,2023-03-30,2849850.79198,0.035020429940003824,0.2530964070519973,0.7388332954916834
2023-08-25,MSFT,2022-06-30,2022-12-30,2413629.54,0.03013635638549568,0.3668633681343622,0.9113618883564469
2023-08-25,AMZN,2022-12-31,2023-06-30,1364848.92,-0.0019943599325264513,-0.005295895000418302,0.029163165328162162
2023-09-01,AAPL,2022-09-30,2023-03-30,3022970.33228,0.03301487908573885,0.2530964070519973,0.6275957687364186
2023-09-01,MSFT,2022-06-30,2022-12-30,2456076.18,0.02961553089937137,0.3668633681343622,0.9879722834636561
2023-09-01,AMZN,2022-12-31,2023-06-30,1414625.04,-0.001924184800235121,-0.005295895000418302,0.2466486796597731
2023-09-08,AAPL,2022-09-30,2023-03-30,2842989.83324,0.03510494439097588,0.2530964070519973,0.4960448500742575
2023-09-08,MSFT,2022-06-30,2022-12-30,2497999.71,0.029118498176286818,0.3668633681343622,0.7572148530724274
2023-09-08,AMZN,2022-12-31,2023-06-30,1415751.66,-0.0019226535817729504,-0.005295895000418302,0.1012188185389527
2023-09-15,AAPL,2022-09-30,2023-03-30,2792410.20718,0.03574080904853484,0.2530964070519973,0.5779876436927806
2023-09-15,MSFT,2022-06-30,2022-12-30,2467734.06,0.029475623479460342,0.3668633681343622,1.0813564868819847
2023-09-15,AMZN,2022-12-31,2023-06-30,1437874.38,-0.0018930721889627105,-0.005295895000418302,0.21004873796812404
2023-09-22,AAPL,2022-09-30,2023-03-30,2788899.94922,0.03578579433368089,0.2530964070519973,0.6882404548853167
2023-09-22,MSFT,2022-06-30,2022-12-30,2369015.73,0.03070389068290399,0.3668633681343622,1.3100302995243138
2023-09-22,AMZN,2022-12-31,2023-06-30,1322447.04,-0.0020583054879838515,-0.005295895000418302,0.45807352216625713
2023-09-29,AAPL,2022-09-30,2023-03-30,2731778.4787800005,0.03653407506327949,0.2530964070519973,1.4240654729372018
2023-09-29,MSFT,2022-06-30,2022-12-30,2359599.75,0.030826414522208693,0.3668633681343622,1.513339783500315
2023-09-29,AMZN,2022-12-31,2023-06-30,1301963.04,-0.0020906891489024144,-0.005295895000418302,0.5942203080346974
2023-10-06,AAPL,2022-09-30,2023-03-30,2831980.3878200003,0.03524141637041006,0.2530964070519973,1.0026640547534107
2023-10-06,MSFT,2022-06-30,2022-12-30,2445613.98,0.029742224486302617,0.3668633681343622,1.562357605403947
2023-10-06,AMZN,2022-12-31,2023-06-30,1310566.3199999998,-0.0020769647124763593,-0.005295895000418302,0.5524893421830136
2023-10-13,AAPL,2022-09-30,2023-03-30,2853680.1643,0.03497343579303373,0.2530964070519973,0.9345675873858872
2023-10-13,MSFT,2022-06-30,2022-12-30,2449126.29,0.02969957094372622,0.3668633681343622,1.6381010368797881
2023-10-13,AMZN,2022-12-31,2023-06-30,1329309.18,-0.002047680134128014,-0.005295895000418302,0.8532615222789156
2023-10-20,AAPL,2022-09-30,2023-03-30,2758424.52784,0.03618116029375337,0.2530964070519973,0.7902592687950769
2023-10-20,MSFT,2022-06-30,2022-12-30,2441204.91,0.02979594203749164,0.3668633681343622,1.1604558900562094
2023-10-20,AMZN,2022-12-31,2023-06-30,1281991.1400000001,-0.002123259603806622,-0.005295895000418302,0.23377345978092293
2023-10-27,AAPL,2022-09-30,2023-03-30,2684070.88196,0.03718344424910286,0.2530964070519973,0.3901143695557938
2023-10-27,MSFT,2022-06-30,2022-12-30,2464670.13,0.029512265805728737,0.3668633681343622,1.2802922524168496
2023-10-27,AMZN,2022-12-31,2023-06-30,1308313.0799999998,-0.0020805417614566694,-0.005295895000418302,0.7088769167621273
2023-11-03,AAPL,2022-09-30,2023-03-30,2818577.5847,0.035408995140583543,0.2530964070519973,1.2216735518237658
2023-11-03,MSFT,2022-06-30,2022-12-30,2636474.4,0.027589116738626403,0.3668633681343622,1.8225564087442852
2023-11-03,AMZN,2022-12-31,2023-06-30,1419541.2,-0.0019175209567711033,-0.005295895000418302,1.3235262593991157
2023-11-10,AAPL,2022-09-30,2023-03-30,2974145.8352,0.033556861542833064,0.2530964070519973,0.8701991734931218
2023-11-10,MSFT,2022-06-30,2022-12-30,2762543.91,0.02633007922035165,0.3668633681343622,1.3469839191100796
2023-11-10,AMZN,2022-12-31,2023-06-30,1470341.52,-0.0018512705810008003,-0.005295895000418302,0.9869796645033393
2023-11-17,AAPL,2022-09-30,2023-03-30,3026640.1474200003,0.03297484839255671,0.2530964070519973,0.6368873722968539
2023-11-17,MSFT,2022-06-30,2022-12-30,2763889.0500000003,0.026317264797586573,0.3668633681343622,1.475209424107673
2023-11-17,AMZN,2022-12-31,2023-06-30,1486933.56,-0.0018306130638412652,-0.005295895000418302,1.1700530600139425
2023-11-24,AAPL,2022-09-30,2023-03-30,3031107.74846,0.03292624620510651,0.2530964070519973,0.6101104927386611
2023-11-24,MSFT,2022-06-30,2022-12-30,2820534.39,0.025788730056930807,0.3668633681343622,1.387127147804015
2023-11-24,AMZN,2022-12-31,2023-06-30,1502911.08,-0.0018111517282845503,-0.005295895000418302,1.3070222073930822
2023-12-01,AAPL,2022-09-30,2023-03-30,3051371.5103200004,0.03270758728082034,0.2530964070519973,0.8772179831986499
2023-12-01,MSFT,2022-06-30,2022-12-30,2798713.23,0.025989801034384648,0.3668633681343622,1.6022775629167865
2023-12-01,AMZN,2022-12-31,2023-06-30,1505881.26,-0.001807579436907263,-0.005295895000418302,1.6795595521939628
2023-12-08,AAPL,2022-09-30,2023-03-30,3122693.5697800005,0.03196054872813899,0.2530964070519973,1.4236372588248458
2023-12-08,MSFT,2022-06-30,2022-12-30,2796620.79,0.026009246680884467,0.3668633681343622,2.154955173437845
2023-12-08,AMZN,2022-12-31,2023-06-30,1509875.64,-0.001802797480724969,-0.005295895000418302,2.2314658009304975
2023-12-15,AAPL,2022-09-30,2023-03-30,3152371.20526,0.03165965982479163,0.2530964070519973,1.9559193540791222
2023-12-15,MSFT,2022-06-30,2022-12-30,2770465.29,0.026254795633985365,0.3668633681343622,2.1734387451892605
2023-12-15,AMZN,2022-12-31,2023-06-30,1535992.74,-0.0017721437928150624,-0.005295895000418302,2.3901770901712176
2023-12-22,AAPL,2022-09-30,2023-03-30,3089027.0048,0.032308879088760754,0.2530964070519973,2.1006415626010666
2023-12-22,MSFT,2022-06-30,2022-12-30,2799236.34,0.025984944165164704,0.3668633681343622,2.4941099324236995
2023-12-22,AMZN,2022-12-31,2023-06-30,1571327.64,-0.0017322930817916498,-0.005295895000418302,2.6713919435596596
2023-12-29,AAPL,2022-09-30,2023-03-30,3071954.3865400003,0.032488438121768465,0.2530964070519973,2.2578331861774212
2023-12-29,MSFT,2022-06-30,2022-12-30,2810146.92,0.025884055912635345,0.3668633681343622,2.410843605970962
2023-12-29,AMZN,2022-12-31,2023-06-30,1556169.48,-0.0017491668066899758,-0.005295895000418302,2.7837822834183985
2024-01-05,AAPL,2022-09-30,2023-03-30,2890856.98724,0.0345236725443431,0.2530964070519973,2.3254155236340064
2024-01-05,MSFT,2023-06-30,2023-12-30,2746357.0,0.02634799481640588,0.3414623787839464,2.9668408963190567
2024-01-05,AMZN,2022-12-31,2023-06-30,1487548.08,-0.0018298568204934927,-0.005295895000418302,2.591281152562621
2024-01-12,AAPL,2022-09-30,2023-03-30,2966487.09056,0.03364349715783177,0.2530964070519973,2.1417834402706264
2024-01-12,MSFT,2023-06-30,2023-12-30,2901093.9600000004,0.02494265990612727,0.3414623787839464,2.475253767075806
2024-01-12,AMZN,2022-12-31,2023-06-30,1583618.04,-0.0017188488203885325,-0.005295895000418302,2.131257858918092
2024-01-19,AAPL,2022-09-30,2023-03-30,3056477.34008,0.03265294942359617,0.2530964070519973,1.851719812410817
2024-01-19,MSFT,2023-06-30,2023-12-30,2977267.56,0.02430450019748981,0.3414623787839464,2.5127338675438167
2024-01-19,AMZN,2022-12-31,2023-06-30,1590992.28,-0.0017108819660645997,-0.005295895000418302,2.3355650883980283
2024-01-26,AAPL,2022-09-30,2023-03-30,3070199.25756,0.032507010662010616,0.2530964070519973,1.5073634020597235
2024-01-26,MSFT,2023-06-30,2023-12-30,3016549.24,0.023988005579514422,0.3414623787839464,2.327496399731212
2024-01-26,AMZN,2022-12-31,2023-06-30,1629707.04,-0.0016702388424363682,-0.005295895000418302,1.991336121647548
2024-02-02,AAPL,2022-09-30,2023-03-30,2965370.1903,0.0336561689081737,0.2530964070519973,0.828225466353934
2024-02-02,MSFT,2023-06-30,2023-12-30,3070990.9600000004,0.02356275252597943,0.3414623787839464,1.93111224195743
2024-02-02,AMZN,2022-12-31,2023-06-30,1759678.02,-0.0015468738991238863,-0.005295895000418302,1.5927782977780414
2024-02-09,AAPL,2022-09-30,2023-03-30,3013237.3443,0.033121519680085164,0.2530964070519973,1.116455475385604
2024-02-09,MSFT,2023-06-30,2023-12-30,3140667.4,0.023040007356398197,0.3414623787839464,2.1708655762499935
2024-02-09,AMZN,2022-12-31,2023-06-30,1786716.9,-0.0015234646294552876,-0.005295895000418302,2.3839332351664617
2024-02-16,AAPL,2022-09-30,2023-03-30,2908886.94858,0.03430968675105086,0.2530964070519973,1.2138148191687956
2024-02-16,MSFT,2023-06-30,2023-12-30,3017520.08,0.023980287813030892,0.3414623787839464,2.4427264054402715
2024-02-16,AMZN,2022-12-31,2023-06-30,1736121.42,-0.001567862690156775,-0.005295895000418302,2.414085637437459
2024-02-23,AAPL,2022-09-30,2023-03-30,2912237.64936,0.03427021143756346,0.2530964070519973,1.5104292427012977
2024-02-23,MSFT,2023-06-30,2023-12-30,3064419.1199999996,0.023613284334291718,0.3414623787839464,2.838442661508724
2024-02-23,AMZN,2022-12-31,2023-06-30,1792247.58,-0.0015187633842418133,-0.005295895000418302,2.8830590119562824
2024-03-01,AAPL,2022-09-30,2023-03-30,2866604.29588,0.03481575749518025,0.2530964070519973,1.1209606044884017
2024-03-01,MSFT,2023-06-30,2023-12-30,3102954.0,0.023320036326674516,0.3414623787839464,2.7987894456116678
2024-03-01,AMZN,2022-12-31,2023-06-30,1825329.24,-0.0014912378218408422,-0.005295895000418302,3.328444299243144
2024-03-08,AAPL,2022-09-30,2023-03-30,2724119.73414,0.03663678903288282,0.2530964070519973,1.2842556868458632
2024-03-08,MSFT,2023-06-30,2023-12-30,3033650.9600000004,0.023852777051187192,0.3414623787839464,3.1788061848719726
2024-03-08,AMZN,2022-12-31,2023-06-30,1795934.7,-0.0015156453071484169,-0.005295895000418302,3.870264305730992
2024-03-15,AAPL,2022-09-30,2023-03-30,2754276.04116,0.03623565630624541,0.2530964070519973,0.8484759391514629
2024-03-15,MSFT,2023-06-30,2023-12-30,3109824.56,0.023268515185949912,0.3414623787839464,2.4147938252593137
2024-03-15,AMZN,2022-12-31,2023-06-30,1786409.64,-0.0015237266632752834,-0.005295895000418302,3.1600991019740934
2024-03-22,AAPL,2022-09-30,2023-03-30,2748851.0970400004,0.036307168513954505,0.2530964070519973,0.6771983821772843
2024-03-22,MSFT,2023-06-30,2023-12-30,3201830.3200000003,0.022599885930245044,0.3414623787839464,2.487969254327448
2024-03-22,AMZN,2022-12-31,2023-06-30,1831986.54,-0.0014858187768126288,-0.005295895000418302,3.4784369862430933
2024-03-29,AAPL,2022-09-30,2023-03-30,2736086.52264,0.03647655115222815,0.2530964070519973,0.440034082538916
2024-03-29,MSFT,2023-06-30,2023-12-30,3141936.9600000004,0.023030697598719483,0.3414623787839464,2.361602516032083
2024-03-29,AMZN,2022-12-31,2023-06-30,1847451.96,-0.0014733806664179781,-0.005295895000418302,3.2769828182730203
2024-04-05,AAPL,2023-09-30,2024-03-30,2641486.78078,0.03671985061812746,0.2530623426432028,0.1809124503720118
2024-04-05,MSFT,2023-06-30,2023-12-30,3177783.36,0.022770904055586724,0.3414623787839464,2.103967492485916
2024-04-05,AMZN,2022-12-31,2023-06-30,1895486.94,-0.00143604260338507,-0.005295895000418302,3.255609719927583
2024-04-12,AAPL,2023-09-30,2024-03-30,2750055.9685500003,0.035270191264922424,0.2530623426432028,0.21596980245690364
2024-04-12,MSFT,2023-06-30,2023-12-30,3150749.1999999997,0.022966283701666895,0.3414623787839464,2.4527214062434934
2024-04-12,AMZN,2022-12-31,2023-06-30,1906343.46,-0.001427864420611803,-0.005295895000418302,3.1808939028042587
2024-04-19,AAPL,2023-09-30,2024-03-30,2570145.765,0.037739104653467,0.2530623426432028,0.20158082682294792
2024-04-19,MSFT,2023-06-30,2023-12-30,2980628.16,0.024277097348499855,0.3414623787839464,2.559525057270256
2024-04-19,AMZN,2022-12-31,2023-06-30,1788560.46,-0.001521894317176172,-0.005295895000418302,2.9213832635649646
2024-04-26,AAPL,2023-09-30,2024-03-30,2637125.3213,0.036780580436042855,0.2530623426432028,0.04866680375015817
2024-04-26,MSFT,2023-06-30,2023-12-30,3034397.76,0.023846906609896787,0.3414623787839464,2.0173864911313784
2024-04-26,AMZN,2022-12-31,2023-06-30,1839668.04,-0.001479614767890407,-0.005295895000418302,3.095691521592098
2024-05-03,AAPL,2023-09-30,2024-03-30,2856444.4265799997,0.03395655070248694,0.2530623426432028,-0.09900779748808405
2024-05-03,MSFT,2023-06-30,2023-12-30,3036936.8800000004,0.023826968705388436,0.3414623787839464,2.02037590676415
2024-05-03,AMZN,2022-12-31,2023-06-30,1907162.82,-0.0014272509779736581,-0.005295895000418302,3.2567324525658035
2024-05-10,AAPL,2023-09-30,2024-03-30,2851304.13505,0.034017767100912616,0.2530623426432028,0.09937205725154498
2024-05-10,MSFT,2023-06-30,2023-12-30,3097278.3200000003,0.023362769671922797,0.3414623787839464,1.9947823289988076
2024-05-10,AMZN,2022-12-31,2023-06-30,1920170.16,-0.00141758270006654,-0.005295895000418302,3.011435310033503
2024-05-17,AAPL,2023-09-30,2024-03-30,2957536.82667,0.032795872269563674,0.2530623426432028,-0.24740584195252013
2024-05-17,MSFT,2023-06-30,2023-12-30,3138128.28,0.023058649469868072,0.3414623787839464,1.3965165533212838
2024-05-17,AMZN,2022-12-31,2023-06-30,1891697.4,-0.001438919353592176,-0.005295895000418302,2.227074537014803
2024-05-24,AAPL,2023-09-30,2024-03-30,2959250.2571799997,0.03277688318676732,0.2530623426432028,-0.1490390337686496
2024-05-24,MSFT,2023-06-30,2023-12-30,3212434.8800000004,0.022525281508585782,0.3414623787839464,1.2388573564710494
2024-05-24,AMZN,2022-12-31,2023-06-30,1851241.5,-0.0014703646174742734,-0.005295895000418302,2.1900728227186566
2024-05-31,AAPL,2023-09-30,2024-03-30,2994609.23225,0.032389868753300674,0.2530623426432028,0.05769435556438362
2024-05-31,MSFT,2023-06-30,2023-12-30,3100190.84,0.023340821173447504,0.3414623787839464,1.1641406584171183
2024-05-31,AMZN,2022-12-31,2023-06-30,1807098.48,-0.0015062820483364029,-0.005295895000418302,2.1978862638679493
2024-06-07,AAPL,2023-09-30,2024-03-30,3066884.84649,0.031626554257819364,0.2530623426432028,0.04939168034437724
2024-06-07,MSFT,2023-06-30,2023-12-30,3165311.8000000003,0.022860623083008756,0.3414623787839464,1.4900694480647942
2024-06-07,AMZN,2022-12-31,2023-06-30,1887600.6,-0.0014420423473058867,-0.005295895000418302,2.26153076746545
2024-06-14,AAPL,2023-09-30,2024-03-30,3309880.44609,0.02930468383369596,0.2530623426432028,0.10903021126916237
2024-06-14,MSFT,2023-06-30,2023-12-30,3305112.76,0.021893655452771905,0.3414623787839464,1.2650092524485328
2024-06-14,AMZN,2022-12-31,2023-06-30,1881045.72,-0.00144706743225784,-0.005295895000418302,2.055168060866905
2024-06-21,AAPL,2023-09-30,2024-03-30,3231997.24109,0.030010854825881027,0.2530623426432028,0.07160504800237591
2024-06-21,MSFT,2023-06-30,2023-12-30,3358957.0399999996,0.021542698861072664,0.3414623787839464,1.594577876409248
2024-06-21,AMZN,2022-12-31,2023-06-30,1936557.36,-0.0014055870774723656,-0.005295895000418302,1.732597054711702
2024-06-28,AAPL,2023-09-30,2024-03-30,3280752.12742,0.029564866906381423,0.2530623426432028,-0.03627970493095178
2024-06-28,MSFT,2023-06-30,2023-12-30,3337822.6,0.021679103017637907,0.3414623787839464,1.2292883288723377
2024-06-28,AMZN,2022-12-31,2023-06-30,1979266.5,-0.0013752569449338933,-0.005295895000418302,1.5374444290100262
2024-07-05,AAPL,2023-09-30,2024-03-30,3525616.92394,0.02751149716277306,0.2530623426432028,0.12817509340400798
2024-07-05,MSFT,2023-06-30,2023-12-30,3491738.08,0.02072349023383793,0.3414623787839464,1.411447759631917
2024-07-05,AMZN,2023-12-31,2024-06-30,2122000.0,0.014337888784165882,0.05293283575597832,1.8178556780691908
2024-07-12,AAPL,2023-09-30,2024-03-30,3591038.81614,0.02701029004867726,0.2530623426432028,0.44924634149537657
2024-07-12,MSFT,2023-06-30,2023-12-30,3387111.4,0.021363631559328106,0.3414623787839464,1.525921242404435
2024-07-12,AMZN,2023-12-31,2024-06-30,2063538.9000000001,0.014744088420140758,0.05293283575597832,1.5676262369995277
2024-07-19,AAPL,2023-09-30,2024-03-30,3493996.34271,0.027760475537524205,0.2530623426432028,0.3160022220953635
2024-07-19,MSFT,2023-06-30,2023-12-30,3264337.48,0.022167132057681734,0.3414623787839464,1.6298303620649093
2024-07-19,AMZN,2023-12-31,2024-06-30,1943009.3,0.01565870014106469,0.05293283575597832,1.9132332708155588
2024-07-26,AAPL,2023-09-30,2024-03-30,3395084.67236,0.028569243291530808,0.2530623426432028,0.29300799437336394
2024-07-26,MSFT,2023-06-30,2023-12-30,3175916.36,0.022784290200891816,0.3414623787839464,1.6817342168694365
2024-07-26,AMZN,2023-12-31,2024-06-30,1936325.0,0.01571275483196261,0.05293283575597832,1.943543607264641
2024-08-02,AAPL,2023-09-30,2024-03-30,3424680.29026,0.028322351804885175,0.2530623426432028,0.9877849042872784
2024-08-02,MSFT,2023-06-30,2023-12-30,3050603.3200000003,0.023720225938782494,0.3414623787839464,2.214743534310332
2024-08-02,AMZN,2023-12-31,2024-06-30,1781419.0,0.017079081339089794,0.05293283575597832,1.748725346452141
2024-08-09,AAPL,2023-09-30,2024-03-30,3368292.8498400003,0.028796486625148235,0.2530623426432028,1.2058448993295288
2024-08-09,MSFT,2023-06-30,2023-12-30,3032157.36,0.023864526608869667,0.3414623787839464,2.1600658879169163
2024-08-09,AMZN,2023-12-31,2024-06-30,1771233.4,0.01717729577592654,0.05293283575597832,1.6372356059944446
2024-08-16,AAPL,2023-09-30,2024-03-30,3521099.6980500002,0.02754679171785912,0.2530623426432028,1.1499903828543174
2024-08-16,MSFT,2023-06-30,2023-12-30,3125133.9600000004,0.02315452743024174,0.3414623787839464,1.986734168790598
2024-08-16,AMZN,2023-12-31,2024-06-30,1878606.6,0.016195514271056005,0.05293283575597832,1.498222242169209
2024-08-23,AAPL,2023-09-30,2024-03-30,3533405.24444,0.027450856409019814,0.2530623426432028,0.8897851614695156
2024-08-23,MSFT,2023-06-30,2023-12-30,3112587.72,0.02324785885873764,0.3414623787839464,1.6538901884396442
2024-08-23,AMZN,2023-12-31,2024-06-30,1878394.4,0.016197343859202306,0.05293283575597832,1.477606649112611
2024-08-30,AAPL,2023-09-30,2024-03-30,3567050.789,0.02719193130053299,0.2530623426432028,0.665533165274202
2024-08-30,MSFT,2023-06-30,2023-12-30,3115201.52,0.02322835281616067,0.3414623787839464,1.2708722581903447
2024-08-30,AMZN,2023-12-31,2024-06-30,1893885.0,0.016064861382818915,0.05293283575597832,0.868847883131003
2024-09-06,AAPL,2023-09-30,2024-03-30,3439633.86562,0.02819922229789899,0.2530623426432028,0.9058988588145729
2024-09-06,MSFT,2023-06-30,2023-12-30,2999895.6,0.024121172750145036,0.3414623787839464,1.0994405216963297
2024-09-06,AMZN,2023-12-31,2024-06-30,1818447.9,0.016731301457688176,0.05293283575597832,0.8234188825748662
2024-09-13,AAPL,2023-09-30,2024-03-30,3465802.6225,0.027986302327290134,0.2530623426432028,1.2426474473933056
2024-09-13,MSFT,2023-06-30,2023-12-30,3215646.1199999996,0.022502787091509935,0.3414623787839464,1.2973494215949166
2024-09-13,AMZN,2023-12-31,2024-06-30,1978658.9000000001,0.015376576528678085,0.05293283575597832,0.9838451141346157
2024-09-20,AAPL,2023-09-30,2024-03-30,3554589.4762,0.027287257965916103,0.2530623426432028,1.2645744208824274
2024-09-20,MSFT,2023-06-30,2023-12-30,3250596.36,0.022260838315834454,0.3414623787839464,1.5679089810109388
2024-09-20,AMZN,2023-12-31,2024-06-30,2032876.0,0.014966480985559374,0.05293283575597832,1.4773850089632474
2024-09-27,AAPL,2023-09-30,2024-03-30,3548203.05339,0.027336372394846372,0.2530623426432028,1.4418230083673993
2024-09-27,MSFT,2023-06-30,2023-12-30,3196453.36,0.022637902653458396,0.3414623787839464,1.5910699943058362
2024-09-27,AMZN,2023-12-31,2024-06-30,1994361.7,0.015255507564149472,0.05293283575597832,1.606702953275252
2024-10-04,AAPL,2023-09-30,2024-03-30,3532782.1788,0.02745569782990324,0.2530623426432028,1.0512993693202932
2024-10-04,MSFT,2023-06-30,2023-12-30,3107136.08,0.02328864849717171,0.3414623787839464,1.1245814294380534
2024-10-04,AMZN,2023-12-31,2024-06-30,1978871.0999999999,0.015374927654459152,0.05293283575597832,1.3465086217041988
2024-10-11,AAPL,2023-09-30,2024-03-30,3544464.65955,0.027365204429013645,0.2530623426432028,1.0510358563888904
2024-10-11,MSFT,2023-06-30,2023-12-30,3109077.76,0.023274104279720556,0.3414623787839464,1.551575513191518
2024-10-11,AMZN,2023-12-31,2024-06-30,2003380.2,0.015186832733996273,0.05293283575597832,1.7334397427448878
2024-10-18,AAPL,2023-09-30,2024-03-30,3660510.635,0.026497669224774704,0.2530623426432028,1.3886673131299776
2024-10-18,MSFT,2023-06-30,2023-12-30,3122818.8800000004,0.0231716928776862,0.3414623787839464,1.644879960286354
2024-10-18,AMZN,2023-12-31,2024-06-30,2005183.9000000001,0.015173171897101307,0.05293283575597832,2.138089725774012
2024-10-25,AAPL,2023-09-30,2024-03-30,3604590.49381,0.026908743216896656,0.2530623426432028,1.546393663498937
2024-10-25,MSFT,2023-06-30,2023-12-30,3197424.1999999997,0.02263102906395717,0.3414623787839464,1.4673613903849148
2024-10-25,AMZN,2023-12-31,2024-06-30,1992876.3,0.015266878330581782,0.05293283575597832,1.8986338046920384
2024-11-01,AAPL,2023-09-30,2024-03-30,3472189.04531,0.027934826915894554,0.2530623426432028,1.2415854610949155
2024-11-01,MSFT,2023-06-30,2023-12-30,3064643.16,0.023611558090828426,0.3414623787839464,0.9082864013911044
2024-11-01,AMZN,2023-12-31,2024-06-30,2100037.3000000003,0.014487837906498135,0.05293283575597832,1.4385159751719228
2024-11-08,AAPL,2023-09-30,2024-03-30,3535274.44136,0.027436342385539544,0.2530623426432028,0.9886412581359932
2024-11-08,MSFT,2023-06-30,2023-12-30,3155528.72,0.022931497831526627,0.3414623787839464,0.6503395765318117
2024-11-08,AMZN,2023-12-31,2024-06-30,2208789.8000000003,0.013774511273096243,0.05293283575597832,1.2987765007473497
2024-11-15,AAPL,2023-09-30,2024-03-30,3504744.225,0.027675343412542464,0.2530623426432028,1.0699936909720353
2024-11-15,MSFT,2023-06-30,2023-12-30,3099220.0,0.023348132755983762,0.3414623787839464,0.6693661774223725
2024-11-15,AMZN,2023-12-31,2024-06-30,2149692.1,0.014153189659114437,0.05293283575597832,1.2309675812031327
2024-11-22,AAPL,2023-09-30,2024-03-30,3580602.46667,0.0270890166956195,0.2530623426432028,0.9741065240304896
2024-11-22,MSFT,2023-06-30,2023-12-30,3114156.0,0.023236151303916694,0.3414623787839464,0.6916213226541669
2024-11-22,AMZN,2023-12-31,2024-06-30,2091443.2,0.014547370925492981,0.05293283575597832,1.1315610622372843
2024-11-29,AAPL,2023-09-30,2024-03-30,3696804.20853,0.026237526936426305,0.2530623426432028,0.733693168349927
2024-11-29,MSFT,2023-06-30,2023-12-30,3162399.28,0.022881677357325988,0.3414623787839464,0.49237585609046425
2024-11-29,AMZN,2023-12-31,2024-06-30,2205712.9,0.01379372628232804,0.05293283575597832,1.3732627029566118
2024-12-06,AAPL,2023-09-30,2024-03-30,3782631.50044,0.025642201728801082,0.2530623426432028,0.7074693675283952
2024-12-06,MSFT,2023-06-30,2023-12-30,3312580.76,0.021844297616460225,0.3414623787839464,0.6470474476086846
2024-12-06,AMZN,2023-12-31,2024-06-30,2408788.3,0.012630831858490845,0.05293283575597832,1.550054356437964
2024-12-13,AAPL,2023-09-30,2024-03-30,3865031.93133,0.0250955235877244,0.2530623426432028,0.6135019328905951
2024-12-13,MSFT,2023-06-30,2023-12-30,3340212.36,0.021663592670497153,0.3414623787839464,0.5997114407136501
2024-12-13,AMZN,2023-12-31,2024-06-30,2413350.6,0.01260695399997,0.05293283575597832,1.320288723959631
2024-12-20,AAPL,2023-09-30,2024-03-30,3964099.36809,0.02446835737287145,0.2530623426432028,0.8297753818743254
2024-12-20,MSFT,2023-06-30,2023-12-30,3260528.8000000003,0.022193025867460515,0.3414623787839464,0.5636082133855843
2024-12-20,AMZN,2023-12-31,2024-06-30,2386401.1999999997,0.012749323123035642,0.05293283575597832,1.0701183824947897
2024-12-27,AAPL,2023-09-30,2024-03-30,3981233.67319,0.024363051245440175,0.2530623426432028,1.03193000304644
2024-12-27,MSFT,2023-06-30,2023-12-30,3215198.0399999996,0.022505923149915834,0.3414623787839464,0.6253038740738737
2024-12-27,AMZN,2023-12-31,2024-06-30,2373987.5,0.012815989974673413,0.05293283575597832,1.3848148718130942
2025-01-03,AAPL,2023-09-30,2024-03-30,3790731.3537600003,0.025587410699466035,0.2530623426432028,1.529638785749132
2025-01-03,MSFT,2024-06-30,2024-12-30,3161577.8000000003,0.027877220038678152,0.35955972944084985,1.0254347380786542
2025-01-03,AMZN,2023-12-31,2024-06-30,2378655.9,0.01279083704372709,0.05293283575597832,2.160729982068842
2025-01-10,AAPL,2023-09-30,2024-03-30,3689327.42085,0.0262906998852525,0.2530623426432028,1.4942967060974657
2025-01-10,MSFT,2024-06-30,2024-12-30,3128718.6,0.028169999053286543,0.35955972944084985,0.7802696288787415
2025-01-10,AMZN,2023-12-31,2024-06-30,2322953.4,0.013097550730031864,0.05293283575597832,1.8379366129092558
2025-01-17,AAPL,2023-09-30,2024-03-30,3582315.89718,0.027076059952265655,0.2530623426432028,1.4602305428492153
2025-01-17,MSFT,2024-06-30,2024-12-30,3203996.0399999996,0.02750814885526513,0.35955972944084985,0.49113300638289703
2025-01-17,AMZN,2023-12-31,2024-06-30,2397223.4,0.012691766649699815,0.05293283575597832,1.7396478900808048
2025-01-24,AAPL,2023-09-30,2024-03-30,3470164.08198,0.02795112787423492,0.2530623426432028,1.441621775397405
2025-01-24,MSFT,2024-06-30,2024-12-30,3316240.08,0.026577086662555503,0.35955972944084985,0.33556317338487124
2025-01-24,AMZN,2023-12-31,2024-06-30,2491758.5,0.01221025231779083,0.05293283575597832,1.5688203208156946
2025-01-31,AAPL,2023-09-30,2024-03-30,3676087.276,0.02638539096534769,0.2530623426432028,1.338358448722059
2025-01-31,MSFT,2024-06-30,2024-12-30,3099668.08,0.02843401219913843,0.35955972944084985,0.14264152366316601
2025-01-31,AMZN,2023-12-31,2024-06-30,2521784.8000000003,0.01206486770798206,0.05293283575597832,1.227092967323216
2025-02-07,AAPL,2023-09-30,2024-03-30,3545710.79083,0.027355586995659865,0.2530623426432028,1.0841766207473384
2025-02-07,MSFT,2024-06-30,2024-12-30,3060013.0,0.028802492015556798,0.35955972944084985,-0.018471312081039564
2025-02-07,AMZN,2023-12-31,2024-06-30,2431281.5,0.012513976682667145,0.05293283575597832,1.0123484248988257
2025-02-14,AAPL,2023-09-30,2024-03-30,3810046.3885999997,0.025457695289542337,0.2530623426432028,1.0833468769100165
2025-02-14,MSFT,2024-06-30,2024-12-30,3050155.24,0.02889557844275493,0.35955972944084985,0.30576219895226175
2025-02-14,AMZN,2023-12-31,2024-06-30,2426294.8000000003,0.012539696330388211,0.05293283575597832,1.333492626916078
2025-02-21,AAPL,2023-09-30,2024-03-30,3824844.19755,0.02535920288259847,0.2530623426432028,0.914057328325777
2025-02-21,MSFT,2024-06-30,2024-12-30,3048512.28,0.028911151376434675,0.35955972944084985,0.40774603553113464
2025-02-21,AMZN,2023-12-31,2024-06-30,2297913.8000000003,0.013240270370455148,0.05293283575597832,1.3409649962018886
2025-02-28,AAPL,2023-09-30,2024-03-30,3767054.85944,0.025748231342300924,0.2530623426432028,1.2997741948317951
2025-02-28,MSFT,2024-06-30,2024-12-30,2964721.3200000003,0.02972825789912692,0.35955972944084985,-0.005216024926303927
2025-02-28,AMZN,2023-12-31,2024-06-30,2252290.8,0.013508468799854798,0.05293283575597832,1.3039180064706015
2025-03-07,AAPL,2023-09-30,2024-03-30,3723907.5638699997,0.02604656488820034,0.2530623426432028,1.4171476556589564
2025-03-07,MSFT,2024-06-30,2024-12-30,2937239.08,0.03000640996510233,0.35955972944084985,0.04301792753652119
2025-03-07,AMZN,2023-12-31,2024-06-30,2114042.5,0.01439185825261318,0.05293283575597832,1.164874522455762
2025-03-14,AAPL,2023-09-30,2024-03-30,3325457.08709,0.029167418932137593,0.2530623426432028,1.5959146349489581
2025-03-14,MSFT,2024-06-30,2024-12-30,2901766.08,0.03037322705212682,0.35955972944084985,-0.09561795746087548
2025-03-14,AMZN,2023-12-31,2024-06-30,2100249.5,0.014486374118884447,0.05293283575597832,1.1809076155189664
2025-03-21,AAPL,2023-09-30,2024-03-30,3334958.8381,0.029084316991228657,0.2530623426432028,1.6282318117823407
2025-03-21,MSFT,2024-06-30,2024-12-30,2888921.1199999996,0.030508275006137935,0.35955972944084985,-0.2415267186629403
2025-03-21,AMZN,2023-12-31,2024-06-30,2068419.4999999998,0.014709298573137608,0.05293283575597832,0.8014870513452836
2025-03-28,AAPL,2023-09-30,2024-03-30,3481550.606551,0.027859712800810944,0.2530623426432028,1.5547310399268142
2025-03-28,MSFT,2024-06-30,2024-12-30,2916851.44,0.030216142924303337,0.35955972944084985,-0.2851647154606388
2025-03-28,AMZN,2023-12-31,2024-06-30,2132726.71,0.014265775290074554,0.05293283575597832,0.6684898882166844
2025-04-04,AAPL,2024-09-30,2025-03-30,3083664.643969,0.030397598579121735,0.23971255769943867,1.462815796323617
2025-04-04,MSFT,2024-06-30,2024-12-30,2786385.48,0.031630942894520106,0.35955972944084985,-0.37453931880989927
2025-04-04,AMZN,2023-12-31,2024-06-30,1896654.21,0.016041405881781687,0.05293283575597832,0.2672617667845111
2025-04-11,AAPL,2024-09-30,2025-03-30,2885027.7133,0.03249050245440497,0.23971255769943867,0.7321059455879391
2025-04-11,MSFT,2024-06-30,2024-12-30,2847921.8000000003,0.030947478965187875,0.35955972944084985,-0.3884526558876204
2025-04-11,AMZN,2023-12-31,2024-06-30,1922744.2,0.015823737759812252,0.05293283575597832,0.22130180678927813
2025-04-18,AAPL,2024-09-30,2025-03-30,2950797.6182649997,0.03176632630438227,0.23971255769943867,1.0703671452117987
2025-04-18,MSFT,2024-06-30,2024-12-30,2775183.48,0.03175862087504211,0.35955972944084985,-0.1554973725069543
2025-04-18,AMZN,2023-12-31,2024-06-30,1846256.71,0.0164792901416185,0.05293283575597832,0.41128301071668844
2025-04-25,AAPL,2024-09-30,2025-03-30,3156985.74005,0.029691613367412745,0.23971255769943867,1.1237859595335062
2025-04-25,MSFT,2024-06-30,2024-12-30,2892356.4,0.030472040029368444,0.35955972944084985,-0.19207604759883518
2025-04-25,AMZN,2023-12-31,2024-06-30,2012409.3099999998,0.015118693721407998,0.05293283575597832,0.4030394475202171
2025-05-02,AAPL,2024-09-30,2025-03-30,3146092.2681150003,0.02979442178158445,0.23971255769943867,0.4016595357082482
2025-05-02,MSFT,2024-06-30,2024-12-30,3176887.1999999997,0.0277428798856944,0.35955972944084985,-0.3672648748777376
2025-05-02,AMZN,2023-12-31,2024-06-30,1934850.21,0.015724731476758607,0.05293283575597832,-0.13513762942993604
2025-05-09,AAPL,2024-09-30,2025-03-30,2989432.324015,0.03135578592864967,0.23971255769943867,0.1445074614612188
2025-05-09,MSFT,2024-06-30,2024-12-30,3272253.56,0.026934343070895764,0.35955972944084985,-0.3566769174377554
2025-05-09,AMZN,2023-12-31,2024-06-30,2037968.8,0.014929080366686673,0.05293283575597832,-0.11105857535163594
2025-05-16,AAPL,2024-09-30,2025-03-30,3198968.786965,0.029301942670385165,0.23971255769943867,0.09048026318643658
2025-05-16,MSFT,2024-06-30,2024-12-30,3383974.84,0.026045110902774917,0.35955972944084985,-0.5077462073853418
2025-05-16,AMZN,2023-12-31,2024-06-30,2176853.6999999997,0.013976593833568146,0.05293283575597832,-0.18821256422903238
2025-05-23,AAPL,2024-09-30,2025-03-30,3058217.251115,0.030650536669958504,0.23971255769943867,0.33550295200391056
2025-05-23,MSFT,2024-06-30,2024-12-30,3396894.48,0.02594605175960603,0.35955972944084985,-0.43948414673780656
2025-05-23,AMZN,2023-12-31,2024-06-30,2156917.51,0.014105778203821992,0.05293283575597832,0.16090311265685373
2025-05-30,AAPL,2024-09-30,2025-03-30,3029415.45675,0.03094194287255711,0.23971255769943867,0.2776194797872958
2025-05-30,MSFT,2024-06-30,2024-12-30,3425422.24,0.025729966650768283,0.35955972944084985,0.11057929004197348
2025-05-30,AMZN,2023-12-31,2024-06-30,2181638.81,0.01394593819129941,0.05293283575597832,0.1098099625836495
2025-06-06,AAPL,2024-09-30,2025-03-30,3042460.351515,0.030809275773577113,0.23971255769943867,0.007433388465624998
2025-06-06,MSFT,2024-06-30,2024-12-30,3492634.24,0.025234821038689695,0.35955972944084985,0.15109081640928898
2025-06-06,AMZN,2023-12-31,2024-06-30,2197978.21,0.013842266434479349,0.05293283575597832,0.13941073128024067
2025-06-13,AAPL,2024-09-30,2025-03-30,3018052.3079999997,0.03105844115144475,0.23971255769943867,-0.022957993451942757
2025-06-13,MSFT,2024-06-30,2024-12-30,3576201.16,0.024645146080093546,0.35955972944084985,0.10813846131892003
2025-06-13,AMZN,2023-12-31,2024-06-30,2262476.4,0.013447654083817184,0.05293283575597832,0.38544868509527924
2025-06-20,AAPL,2024-09-30,2025-03-30,2965492.4422285,0.031608915492483784,0.23971255769943867,-0.09844086754872255
2025-06-20,MSFT,2024-06-30,2024-12-30,3570002.72,0.024687936372216543,0.35955972944084985,0.05129349489377468
2025-06-20,AMZN,2023-12-31,2024-06-30,2279240.1999999997,0.013348746656890311,0.05293283575597832,0.24826060507489345
2025-06-27,AAPL,2024-09-30,2025-03-30,3044732.981265,0.03078627931473168,0.23971255769943867,-0.1828974747981383
2025-06-27,MSFT,2024-06-30,2024-12-30,3714956.6,0.023724637859833947,0.35955972944084985,0.1174554151605782
2025-06-27,AMZN,2023-12-31,2024-06-30,2314582.1100000003,0.013144921438971977,0.05293283575597832,0.2116925989868797
2025-07-04,AAPL,2024-09-30,2025-03-30,3235467.2207500003,0.0289713953517574,0.23971255769943867,-0.4117558044496101
2025-07-04,MSFT,2024-06-30,2024-12-30,3725337.1199999996,0.023658529996340306,0.35955972944084985,0.0011720244635950435
2025-07-04,AMZN,2024-12-31,2025-06-30,2406349.11,0.02462153132884364,0.09287117197186653,0.11878272855957214
2025-07-11,AAPL,2024-09-30,2025-03-30,3217149.824965,0.029136348973433267,0.23971255769943867,-0.497433102254134
2025-07-11,MSFT,2024-06-30,2024-12-30,3745052.64,0.02353398162115019,0.35955972944084985,0.25772712892938315
2025-07-11,AMZN,2024-12-31,2025-06-30,2409052.631,0.024593900206906688,0.09287117197186653,0.3215350466195752
2025-07-18,AAPL,2024-09-30,2025-03-30,3182151.3268150003,0.029456801507243186,0.23971255769943867,-0.4680957033044714
2025-07-18,MSFT,2024-06-30,2024-12-30,3821375.6,0.023063945873313264,0.35955972944084985,0.4381769709256073
2025-07-18,AMZN,2024-12-31,2025-06-30,2413899.581,0.024544517289097623,0.09287117197186653,0.5903710899596515
2025-07-25,AAPL,2024-09-30,2025-03-30,3242300.260865,0.02891033909826493,0.23971255769943867,-0.2873974494803648
2025-07-25,MSFT,2024-06-30,2024-12-30,3815251.84,0.023100965203911677,0.35955972944084985,0.8025228433003717
2025-07-25,AMZN,2024-12-31,2025-06-30,2501349.33,0.02368641568349032,0.09287117197186653,0.6629348359757863
2025-08-01,AAPL,2024-09-30,2025-03-30,3066232.0587,0.03057041939602626,0.23971255769943867,-0.10373925624478704
2025-08-01,MSFT,2024-06-30,2024-12-30,3914053.48,0.022517832331713568,0.35955972944084985,1.0639674062890934
2025-08-01,AMZN,2024-12-31,2025-06-30,2313072.25,0.025614418226668018,0.09287117197186653,1.12719048364929
2025-08-08,AAPL,2024-09-30,2025-03-30,3333644.82595,0.02811817241906919,0.23971255769943867,-0.062216622677794986
2025-08-08,MSFT,2024-06-30,2024-12-30,3889633.12,0.02265920648063589,0.35955972944084985,1.130923473766888
2025-08-08,AMZN,2024-12-31,2025-06-30,2406575.301,0.024619217181935167,0.09287117197186653,1.1512778193319253
2025-08-15,AAPL,2024-09-30,2025-03-30,3526818.3547,0.02657806288069333,0.23971255769943867,-0.24266236428305216
2025-08-15,MSFT,2024-06-30,2024-12-30,3901880.64,0.022588082038306534,0.35955972944084985,1.080067142241301
2025-08-15,AMZN,2024-12-31,2025-06-30,2487896.351,0.02381449692475553,0.09287117197186653,0.9122500401373901
2025-08-22,AAPL,2024-09-30,2025-03-30,3407429.5385000003,0.027509299588118246,0.23971255769943867,-0.19242683929086574
2025-08-22,MSFT,2024-06-30,2024-12-30,3765664.3200000003,0.023405166395713144,0.35955972944084985,1.0756040054991598
2025-08-22,AMZN,2024-12-31,2025-06-30,2390849.641,0.024781148502178017,0.09287117197186653,1.0578309464134494
2025-08-29,AAPL,2024-09-30,2025-03-30,3523045.789315,0.026606523333954586,0.23971255769943867,-0.3928610578114472
2025-08-29,MSFT,2024-06-30,2024-12-30,3805991.52,0.02315717193190173,0.35955972944084985,1.2213713871592684
2025-08-29,AMZN,2024-12-31,2025-06-30,2492312.461,0.02377230019394426,0.09287117197186653,0.6837010933072089
2025-09-05,AAPL,2024-09-30,2025-03-30,3629406.3767015,0.02582681305728838,0.23971255769943867,-0.012132999863883491
2025-09-05,MSFT,2024-06-30,2024-12-30,3793519.9600000004,0.023233303351328616,0.35955972944084985,1.4406997551167022
2025-09-05,AMZN,2024-12-31,2025-06-30,2540458.831,0.02332177135760875,0.09287117197186653,1.0340941558809211
2025-09-12,AAPL,2024-09-30,2025-03-30,3485153.47595,0.026895802622996106,0.23971255769943867,0.15514689379184246
2025-09-12,MSFT,2024-06-30,2024-12-30,3741542.6799999997,0.023556058967634175,0.35955972944084985,1.094557018218051
2025-09-12,AMZN,2024-12-31,2025-06-30,2474109.471,0.023947202294186603,0.09287117197186653,0.8415409546949898
2025-09-19,AAPL,2024-09-30,2025-03-30,3606375.546815,0.0259917467782255,0.23971255769943867,-0.04841412353127509
2025-09-19,MSFT,2024-06-30,2024-12-30,3797104.6,0.023211370052855534,0.35955972944084985,0.8118824604093229
2025-09-19,AMZN,2024-12-31,2025-06-30,2494681.0039,0.023749729888260684,0.09287117197186653,0.5609467792339896
2025-09-26,AAPL,2024-09-30,2025-03-30,3870439.9729,0.024218435282892796,0.23971255769943867,0.06777031677103672
2025-09-26,MSFT,2024-06-30,2024-12-30,3819583.28,0.02307476851244359,0.35955972944084985,0.9823848176617577
2025-09-26,AMZN,2024-12-31,2025-06-30,2367250.38,0.025028193257698412,0.09287117197186653,0.8046530736055817
2025-10-03,AAPL,2024-09-30,2025-03-30,3901362.8883649996,0.02402647553744566,0.23971255769943867,0.18310058424785947
2025-10-03,MSFT,2024-06-30,2024-12-30,3851546.3200000003,0.022883276657568535,0.35955972944084985,1.1539268760974817
2025-10-03,AMZN,2024-12-31,2025-06-30,2395578.11,0.024732234675495512,0.09287117197186653,0.9221271949640281
2025-10-10,AAPL,2024-09-30,2025-03-30,3848925.7446,0.02435380836627222,0.23971255769943867,0.03544153770297635
2025-10-10,MSFT,2024-06-30,2024-12-30,3901283.1999999997,0.022591541162661558,0.35955972944084985,1.061828477356628
2025-10-10,AMZN,2024-12-31,2025-06-30,2444282.4178,0.02423942485882083,0.09287117197186653,0.75362211902955
2025-10-17,AAPL,2024-09-30,2025-03-30,3749081.54425,0.0250023902904336,0.23971255769943867,0.04196784307386618
2025-10-17,MSFT,2024-06-30,2024-12-30,3820703.48,0.023068003173070107,0.35955972944084985,1.1173004039535275
2025-10-17,AMZN,2024-12-31,2025-06-30,2309420.881,0.025654916558278056,0.09287117197186653,0.7686966835941645
2025-10-24,AAPL,2024-09-30,2025-03-30,3933028.196215,0.02383303534162507,0.23971255769943867,0.33483744099651647
2025-10-24,MSFT,2024-06-30,2024-12-30,3887542.0799999996,0.022671394466294757,0.35955972944084985,1.009788471343296
2025-10-24,AMZN,2024-12-31,2025-06-30,2372969.781,0.02496786957608543,0.09287117197186653,0.5781595621029181
2025-10-31,AAPL,2024-09-30,2025-03-30,4232698.670136499,0.022145682295162564,0.23971255769943867,0.49093522937729217
2025-10-31,MSFT,2024-06-30,2024-12-30,3926375.6799999997,0.02244716430191418,0.35955972944084985,1.3726647869215935
2025-10-31,AMZN,2024-12-31,2025-06-30,2736383.321,0.021651937265261528,0.09287117197186653,0.3789108370607507
2025-11-07,AAPL,2024-09-30,2025-03-30,4068931.4552649995,0.023037006405873507,0.23971255769943867,0.374231207174058
2025-11-07,MSFT,2024-06-30,2024-12-30,3710251.76,0.023754722240196445,0.35955972944084985,1.2135749887240195
2025-11-07,AMZN,2024-12-31,2025-06-30,2637720.961,0.022461814906129488,0.09287117197186653,0.27663346697385854
2025-11-14,AAPL,2024-09-30,2025-03-30,4128019.828765,0.02270725526724116,0.23971255769943867,0.31305743639938033
2025-11-14,MSFT,2024-06-30,2024-12-30,3810024.24,0.0231326612242236,0.35955972944084985,1.1945206067980902
2025-11-14,AMZN,2024-12-31,2025-06-30,2531842.031,0.02340114401868858,0.09287117197186653,0.17802299404376157
2025-11-21,AAPL,2024-09-30,2025-03-30,4106051.0745150005,0.022828746720124988,0.23971255769943867,0.4060834580758689
2025-11-21,MSFT,2024-06-30,2024-12-30,3525792.16,0.02499750297249512,0.35955972944084985,1.1811308527427613
2025-11-21,AMZN,2024-12-31,2025-06-30,2380294.061,0.024891042233289844,0.09287117197186653,0.3544269034066388
2025-11-28,AAPL,2024-09-30,2025-03-30,4224818.705250001,0.022186987546594202,0.23971255769943867,0.5568721558996774
2025-11-28,MSFT,2024-06-30,2024-12-30,3674330.6799999997,0.02398695372731123,0.35955972944084985,1.1312071512900161
2025-11-28,AMZN,2024-12-31,2025-06-30,2512012.62,0.023585868768445914,0.09287117197186653,0.6687039624207328
2025-12-05,AAPL,2024-09-30,2025-03-30,4235363.70729,0.02213174746684908,0.23971255769943867,0.3336024103924746
2025-12-05,MSFT,2024-06-30,2024-12-30,3608238.8800000004,0.024426320687503923,0.35955972944084985,0.5723251070104232
2025-12-05,AMZN,2024-12-31,2025-06-30,2475294.281,0.02393573986526736,0.09287117197186653,0.24595183459784187
2025-12-12,AAPL,2024-09-30,2025-03-30,4208622.430565,0.022272370959020935,0.23971255769943867,0.3092280642031225
2025-12-12,MSFT,2024-06-30,2024-12-30,3573662.0399999996,0.024662656684793845,0.35955972944084985,0.66985878537298
2025-12-12,AMZN,2024-12-31,2025-06-30,2436518.6810000003,0.024316661498233756,0.09287117197186653,0.10432617870143487
2025-12-19,AAPL,2024-09-30,2025-03-30,4128777.3720150003,0.02270308896656573,0.23971255769943867,0.20478064646511515
2025-12-19,MSFT,2024-06-30,2024-12-30,3628850.56,0.024287580472864664,0.35955972944084985,0.38969362843948846
2025-12-19,AMZN,2024-12-31,2025-06-30,2451598.081,0.024167093480442322,0.09287117197186653,-0.05456880167015869
2025-12-26,AAPL,2024-09-30,2025-03-30,4137110.3477649996,0.022657360360387586,0.23971255769943867,0.2870771157647208
2025-12-26,MSFT,2024-06-30,2024-12-30,3642218.28,0.024198439858469988,0.35955972944084985,0.6862046227461301
2025-12-26,AMZN,2024-12-31,2025-06-30,2504269.3481,0.02365879694408739,0.09287117197186653,0.13197941337517788
2026-01-02,AAPL,2024-09-30,2025-03-30,4103475.427465,0.02284307574321389,0.23971255769943867,0.47494740124123014
2026-01-02,MSFT,2025-06-30,2025-12-30,3528132.4,0.028862862402782845,0.3614601524896707,0.6732679907669417
2026-01-02,AMZN,2024-12-31,2025-06-30,2439965.401,0.024282311534301958,0.09287117197186653,0.07790057266518292
2026-01-09,AAPL,2024-09-30,2025-03-30,3925755.781015,0.023877185751927914,0.23971255769943867,0.5484278232636499
2026-01-09,MSFT,2025-06-30,2025-12-30,3575428.8,0.028481059390694622,0.3614601524896707,0.6781976133611985
2026-01-09,AMZN,2024-12-31,2025-06-30,2664325.331,0.022237524566026807,0.09287117197186653,0.09962814231819712
2026-01-16,AAPL,2024-09-30,2025-03-30,3868637.019965,0.024229722125971912,0.23971255769943867,0.5890424900454985
2026-01-16,MSFT,2025-06-30,2025-12-30,3430555.6,0.02968382147778045,0.3614601524896707,0.6225454204664518
2026-01-16,AMZN,2024-12-31,2025-06-30,2575680.001,0.023002857488895027,0.09287117197186653,0.022141762549072182
2026-01-23,AAPL,2024-09-30,2025-03-30,3753338.9373149998,0.024974030207635677,0.23971255769943867,0.7192590362360437
2026-01-23,MSFT,2025-06-30,2025-12-30,3475987.0,0.029295851796914085,0.3614601524896707,0.46668328237407847
2026-01-23,AMZN,2024-12-31,2025-06-30,2569338.0362,0.02305963604836778,0.09287117197186653,-0.030137530555257763
2026-01-30,AAPL,2024-09-30,2025-03-30,3938027.981665,0.023802776525820513,0.23971255769943867,0.47303305558967434
2026-01-30,MSFT,2025-06-30,2025-12-30,3209963.4000000004,0.03172372619575662,0.3614601524896707,0.6500695108698521
2026-01-30,AMZN,2024-12-31,2025-06-30,2582681.151,0.022940501183066866,0.09287117197186653,-0.14140997880036407
2026-02-06,AAPL,2024-09-30,2025-03-30,4203016.610515,0.02230207698096973,0.23971255769943867,0.4374523695999347
2026-02-06,MSFT,2025-06-30,2025-12-30,2992504.4,0.03402902264738525,0.3614601524896707,0.7543853165733593
2026-02-06,AMZN,2024-12-31,2025-06-30,2260197.4110000003,0.026213639442134548,0.09287117197186653,0.22507021114165107
2026-02-13,AAPL,2024-09-30,2025-03-30,3870455.123765,0.024218340480025496,0.23971255769943867,0.13770358926889
2026-02-13,MSFT,2025-06-30,2025-12-30,2993847.1999999997,0.034013759954081825,0.3614601524896707,0.5598695147168619
2026-02-13,AMZN,2024-12-31,2025-06-30,2140747.021,0.027676320190474293,0.09287117197186653,0.12803081490647505
2026-02-20,AAPL,2024-09-30,2025-03-30,4007267.4347149995,0.023391500948492745,0.23971255769943867,0.027700410144637706
2026-02-20,MSFT,2025-06-30,2025-12-30,2963335.8000000003,0.03436397589500319,0.3614601524896707,0.628237779873555
2026-02-20,AMZN,2024-12-31,2025-06-30,2262459.321,0.026187432167316303,0.09287117197186653,0.28348142643672825
2026-02-27,AAPL,2024-09-30,2025-03-30,4002555.5157,0.02341903807013322,0.23971255769943867,0.23351060061709636
2026-02-27,MSFT,2025-06-30,2025-12-30,2929840.4,0.03475684204504791,0.3614601524896707,0.374947713368385
2026-02-27,AMZN,2024-12-31,2025-06-30,2261910.0,0.026193791972271223,0.09287117197186653,0.36278083209312717
2026-03-06,AAPL,2024-09-30,2025-03-30,3899696.293215,0.02403674362105821,0.23971255769943867,0.49940808780629564
2026-03-06,MSFT,2025-06-30,2025-12-30,3050841.5999999996,0.033378330753061715,0.3614601524896707,0.08762134530114757
2026-03-06,AMZN,2024-12-31,2025-06-30,2296659.4002,0.025797469139237843,0.09287117197186653,0.15116059603850326
2026-03-13,AAPL,2024-09-30,2025-03-30,3881818.2725150003,0.024147446742598066,0.23971255769943867,0.6525394702758633
2026-03-13,MSFT,2025-06-30,2025-12-30,2997875.6,0.03396805391124302,0.3614601524896707,0.14429651341764185
2026-03-13,AMZN,2024-12-31,2025-06-30,2256847.63,0.02625254767420874,0.09287117197186653,0.011492758888476066
2026-03-20,AAPL,2024-09-30,2025-03-30,3771959.3504,0.0248507450087074,0.23971255769943867,0.7766657476431748
2026-03-20,MSFT,2025-06-30,2025-12-30,2902089.1999999997,0.035089204012061385,0.3614601524896707,0.11681729098818651
2026-03-20,AMZN,2024-12-31,2025-06-30,2248553.96,0.026349378780307322,0.09287117197186653,0.22024884407676118
2026-03-27,AAPL,2024-09-30,2025-03-30,3854092.189565,0.024321161868880906,0.23971255769943867,0.6048117967477391
2026-03-27,MSFT,2025-06-30,2025-12-30,2730136.2,0.03729923803801437,0.3614601524896707,0.023298885846104185
2026-03-27,AMZN,2024-12-31,2025-06-30,2235413.34,0.026504270570381405,0.09287117197186653,0.1275601534725966
2026-04-03,AAPL,2025-09-30,2026-03-30,3785971.30428,0.029585538557403725,0.2691506412181824,0.9265726785024535
2026-04-03,MSFT,2025-06-30,2025-12-30,2755500.2,0.036955903686742606,0.3614601524896707,0.4119205702912222
2026-04-03,AMZN,2024-12-31,2025-06-30,2268049.4699999997,0.026122886993289438,0.09287117197186653,0.5816732573152901
2026-04-10,AAPL,2025-09-30,2026-03-30,3857801.53088,0.029034671458189165,0.2691506412181824,1.2476138551684992
2026-04-10,MSFT,2025-06-30,2025-12-30,2766690.2,0.03680643391153805,0.3614601524896707,0.2315832211798105
2026-04-10,AMZN,2024-12-31,2025-06-30,2567590.98,0.023075326429133975,0.09287117197186653,0.43979525172560235
2026-04-17,AAPL,2025-09-30,2026-03-30,4002202.5018800003,0.027987089595637466,0.2691506412181824,1.000374943426412
2026-04-17,MSFT,2025-06-30,2025-12-30,3154013.4000000004,0.03228648299338233,0.3614601524896707,0.1737297612974976
2026-04-17,AMZN,2024-12-31,2025-06-30,2698781.7600000002,0.021953609172162183,0.09287117197186653,0.5628809664535683
