mode,signal,stock,Value,Profitability,Momentum
Long only,2019-11-30,002371.SZ,0.0,0.0,0.0
Long only,2019-11-30,600309.SH,0.2,0.2,0.2
Long only,2019-11-30,000333.SZ,0.0,0.0,0.2
Long only,2019-11-30,600690.SH,0.0,0.0,0.0
Long only,2019-11-30,000063.SZ,0.0,0.0,0.0
Long only,2019-11-30,000100.SZ,0.0,0.0,0.0
Long only,2019-11-30,000725.SZ,0.0,0.0,0.0
Long only,2019-11-30,002415.SZ,0.0,0.2,0.0
Long only,2019-11-30,600104.SH,0.2,0.0,0.0
Long only,2019-11-30,000625.SZ,0.0,0.0,0.0
Long only,2019-11-30,601633.SH,0.0,0.0,0.0
Long only,2019-11-30,601766.SH,0.0,0.0,0.0
Long only,2019-11-30,601111.SH,0.0,0.0,0.0
Long only,2019-11-30,601318.SH,0.2,0.2,0.2
Long only,2019-11-30,601398.SH,0.2,0.2,0.0
Long only,2019-11-30,600028.SH,0.2,0.0,0.0
Long only,2019-11-30,601857.SH,0.0,0.0,0.0
Long only,2019-11-30,600276.SH,0.0,0.2,0.2
Long only,2019-11-30,002230.SZ,0.0,0.0,0.0
Long only,2019-11-30,002475.SZ,0.0,0.0,0.2
Long only,2019-12-31,002371.SZ,0.0,0.0,0.2
Long only,2019-12-31,600309.SH,0.2,0.2,0.2
Long only,2019-12-31,000333.SZ,0.0,0.0,0.0
Long only,2019-12-31,600690.SH,0.0,0.0,0.0
Long only,2019-12-31,000063.SZ,0.0,0.0,0.0
Long only,2019-12-31,000100.SZ,0.0,0.0,0.2
Long only,2019-12-31,000725.SZ,0.0,0.0,0.0
Long only,2019-12-31,002415.SZ,0.0,0.2,0.0
Long only,2019-12-31,600104.SH,0.2,0.0,0.0
Long only,2019-12-31,000625.SZ,0.0,0.0,0.0
Long only,2019-12-31,601633.SH,0.0,0.0,0.0
Long only,2019-12-31,601766.SH,0.0,0.0,0.0
Long only,2019-12-31,601111.SH,0.0,0.0,0.0
Long only,2019-12-31,601318.SH,0.2,0.2,0.0
Long only,2019-12-31,601398.SH,0.2,0.2,0.0
Long only,2019-12-31,600028.SH,0.2,0.0,0.0
Long only,2019-12-31,601857.SH,0.0,0.0,0.0
Long only,2019-12-31,600276.SH,0.0,0.2,0.2
Long only,2019-12-31,002230.SZ,0.0,0.0,0.0
Long only,2019-12-31,002475.SZ,0.0,0.0,0.2
Long only,2020-01-31,002371.SZ,0.0,0.0,0.2
Long only,2020-01-31,600309.SH,0.2,0.2,0.2
Long only,2020-01-31,000333.SZ,0.0,0.0,0.0
Long only,2020-01-31,600690.SH,0.0,0.0,0.0
Long only,2020-01-31,000063.SZ,0.0,0.0,0.0
Long only,2020-01-31,000100.SZ,0.0,0.0,0.2
Long only,2020-01-31,000725.SZ,0.0,0.0,0.0
Long only,2020-01-31,002415.SZ,0.0,0.2,0.0
Long only,2020-01-31,600104.SH,0.2,0.0,0.0
Long only,2020-01-31,000625.SZ,0.0,0.0,0.0
Long only,2020-01-31,601633.SH,0.0,0.0,0.0
Long only,2020-01-31,601766.SH,0.0,0.0,0.0
Long only,2020-01-31,601111.SH,0.0,0.0,0.0
Long only,2020-01-31,601318.SH,0.2,0.2,0.0
Long only,2020-01-31,601398.SH,0.2,0.2,0.0
Long only,2020-01-31,600028.SH,0.2,0.0,0.0
Long only,2020-01-31,601857.SH,0.0,0.0,0.0
Long only,2020-01-31,600276.SH,0.0,0.2,0.2
Long only,2020-01-31,002230.SZ,0.0,0.0,0.0
Long only,2020-01-31,002475.SZ,0.0,0.0,0.2
Long only,2020-02-29,002371.SZ,0.0,0.0,0.2
Long only,2020-02-29,600309.SH,0.2,0.2,0.0
Long only,2020-02-29,000333.SZ,0.0,0.0,0.0
Long only,2020-02-29,600690.SH,0.0,0.0,0.0
Long only,2020-02-29,000063.SZ,0.0,0.0,0.2
Long only,2020-02-29,000100.SZ,0.0,0.0,0.2
Long only,2020-02-29,000725.SZ,0.0,0.0,0.0
Long only,2020-02-29,002415.SZ,0.0,0.2,0.0
Long only,2020-02-29,600104.SH,0.2,0.0,0.0
Long only,2020-02-29,000625.SZ,0.0,0.0,0.0
Long only,2020-02-29,601633.SH,0.0,0.0,0.0
Long only,2020-02-29,601766.SH,0.0,0.0,0.0
Long only,2020-02-29,601111.SH,0.0,0.0,0.0
Long only,2020-02-29,601318.SH,0.2,0.2,0.0
Long only,2020-02-29,601398.SH,0.2,0.2,0.0
Long only,2020-02-29,600028.SH,0.2,0.0,0.0
Long only,2020-02-29,601857.SH,0.0,0.0,0.0
Long only,2020-02-29,600276.SH,0.0,0.2,0.2
Long only,2020-02-29,002230.SZ,0.0,0.0,0.0
Long only,2020-02-29,002475.SZ,0.0,0.0,0.2
Long only,2020-03-31,002371.SZ,0.0,0.0,0.2
Long only,2020-03-31,600309.SH,0.2,0.2,0.0
Long only,2020-03-31,000333.SZ,0.0,0.0,0.0
Long only,2020-03-31,600690.SH,0.0,0.0,0.0
Long only,2020-03-31,000063.SZ,0.0,0.0,0.2
Long only,2020-03-31,000100.SZ,0.0,0.0,0.2
Long only,2020-03-31,000725.SZ,0.0,0.0,0.0
Long only,2020-03-31,002415.SZ,0.0,0.2,0.0
Long only,2020-03-31,600104.SH,0.2,0.0,0.0
Long only,2020-03-31,000625.SZ,0.0,0.0,0.0
Long only,2020-03-31,601633.SH,0.0,0.0,0.0
Long only,2020-03-31,601766.SH,0.0,0.0,0.0
Long only,2020-03-31,601111.SH,0.0,0.0,0.0
Long only,2020-03-31,601318.SH,0.2,0.2,0.0
Long only,2020-03-31,601398.SH,0.2,0.2,0.0
Long only,2020-03-31,600028.SH,0.2,0.0,0.0
Long only,2020-03-31,601857.SH,0.0,0.0,0.0
Long only,2020-03-31,600276.SH,0.0,0.2,0.2
Long only,2020-03-31,002230.SZ,0.0,0.0,0.0
Long only,2020-03-31,002475.SZ,0.0,0.0,0.2
Long only,2020-04-30,002371.SZ,0.0,0.0,0.2
Long only,2020-04-30,600309.SH,0.2,0.2,0.0
Long only,2020-04-30,000333.SZ,0.0,0.0,0.0
Long only,2020-04-30,600690.SH,0.0,0.0,0.0
Long only,2020-04-30,000063.SZ,0.0,0.0,0.2
Long only,2020-04-30,000100.SZ,0.0,0.0,0.2
Long only,2020-04-30,000725.SZ,0.0,0.0,0.0
Long only,2020-04-30,002415.SZ,0.0,0.2,0.0
Long only,2020-04-30,600104.SH,0.2,0.0,0.0
Long only,2020-04-30,000625.SZ,0.0,0.0,0.0
Long only,2020-04-30,601633.SH,0.0,0.0,0.0
Long only,2020-04-30,601766.SH,0.0,0.0,0.0
Long only,2020-04-30,601111.SH,0.0,0.0,0.0
Long only,2020-04-30,601318.SH,0.2,0.2,0.0
Long only,2020-04-30,601398.SH,0.2,0.2,0.0
Long only,2020-04-30,600028.SH,0.2,0.0,0.0
Long only,2020-04-30,601857.SH,0.0,0.0,0.0
Long only,2020-04-30,600276.SH,0.0,0.2,0.2
Long only,2020-04-30,002230.SZ,0.0,0.0,0.0
Long only,2020-04-30,002475.SZ,0.0,0.0,0.2
Long only,2020-05-31,002371.SZ,0.0,0.0,0.2
Long only,2020-05-31,600309.SH,0.2,0.2,0.0
Long only,2020-05-31,000333.SZ,0.0,0.0,0.0
Long only,2020-05-31,600690.SH,0.0,0.0,0.0
Long only,2020-05-31,000063.SZ,0.0,0.0,0.2
Long only,2020-05-31,000100.SZ,0.0,0.0,0.2
Long only,2020-05-31,000725.SZ,0.0,0.0,0.0
Long only,2020-05-31,002415.SZ,0.0,0.2,0.0
Long only,2020-05-31,600104.SH,0.2,0.0,0.0
Long only,2020-05-31,000625.SZ,0.0,0.0,0.0
Long only,2020-05-31,601633.SH,0.0,0.0,0.0
Long only,2020-05-31,601766.SH,0.0,0.0,0.0
Long only,2020-05-31,601111.SH,0.0,0.0,0.0
Long only,2020-05-31,601318.SH,0.2,0.2,0.0
Long only,2020-05-31,601398.SH,0.2,0.2,0.0
Long only,2020-05-31,600028.SH,0.2,0.0,0.0
Long only,2020-05-31,601857.SH,0.0,0.0,0.0
Long only,2020-05-31,600276.SH,0.0,0.2,0.2
Long only,2020-05-31,002230.SZ,0.0,0.0,0.0
Long only,2020-05-31,002475.SZ,0.0,0.0,0.2
Long only,2020-06-30,002371.SZ,0.0,0.0,0.2
Long only,2020-06-30,600309.SH,0.0,0.2,0.0
Long only,2020-06-30,000333.SZ,0.0,0.0,0.0
Long only,2020-06-30,600690.SH,0.0,0.0,0.0
Long only,2020-06-30,000063.SZ,0.0,0.0,0.0
Long only,2020-06-30,000100.SZ,0.0,0.0,0.2
Long only,2020-06-30,000725.SZ,0.0,0.0,0.0
Long only,2020-06-30,002415.SZ,0.0,0.2,0.0
Long only,2020-06-30,600104.SH,0.2,0.0,0.0
Long only,2020-06-30,000625.SZ,0.0,0.0,0.2
Long only,2020-06-30,601633.SH,0.0,0.0,0.0
Long only,2020-06-30,601766.SH,0.2,0.0,0.0
Long only,2020-06-30,601111.SH,0.0,0.0,0.0
Long only,2020-06-30,601318.SH,0.2,0.2,0.0
Long only,2020-06-30,601398.SH,0.2,0.2,0.0
Long only,2020-06-30,600028.SH,0.2,0.0,0.0
Long only,2020-06-30,601857.SH,0.0,0.0,0.0
Long only,2020-06-30,600276.SH,0.0,0.2,0.2
Long only,2020-06-30,002230.SZ,0.0,0.0,0.0
Long only,2020-06-30,002475.SZ,0.0,0.0,0.2
Long only,2020-07-31,002371.SZ,0.0,0.0,0.2
Long only,2020-07-31,600309.SH,0.0,0.2,0.0
Long only,2020-07-31,000333.SZ,0.0,0.0,0.0
Long only,2020-07-31,600690.SH,0.0,0.0,0.0
Long only,2020-07-31,000063.SZ,0.0,0.0,0.0
Long only,2020-07-31,000100.SZ,0.0,0.0,0.2
Long only,2020-07-31,000725.SZ,0.0,0.0,0.0
Long only,2020-07-31,002415.SZ,0.0,0.2,0.0
Long only,2020-07-31,600104.SH,0.2,0.0,0.0
Long only,2020-07-31,000625.SZ,0.0,0.0,0.2
Long only,2020-07-31,601633.SH,0.0,0.0,0.0
Long only,2020-07-31,601766.SH,0.2,0.0,0.0
Long only,2020-07-31,601111.SH,0.0,0.0,0.0
Long only,2020-07-31,601318.SH,0.2,0.2,0.0
Long only,2020-07-31,601398.SH,0.2,0.2,0.0
Long only,2020-07-31,600028.SH,0.2,0.0,0.0
Long only,2020-07-31,601857.SH,0.0,0.0,0.0
Long only,2020-07-31,600276.SH,0.0,0.2,0.2
Long only,2020-07-31,002230.SZ,0.0,0.0,0.0
Long only,2020-07-31,002475.SZ,0.0,0.0,0.2
Long only,2020-08-31,002371.SZ,0.0,0.0,0.2
Long only,2020-08-31,600309.SH,0.0,0.2,0.0
Long only,2020-08-31,000333.SZ,0.0,0.0,0.2
Long only,2020-08-31,600690.SH,0.0,0.0,0.0
Long only,2020-08-31,000063.SZ,0.0,0.0,0.0
Long only,2020-08-31,000100.SZ,0.0,0.0,0.2
Long only,2020-08-31,000725.SZ,0.0,0.0,0.0
Long only,2020-08-31,002415.SZ,0.0,0.2,0.0
Long only,2020-08-31,600104.SH,0.2,0.0,0.0
Long only,2020-08-31,000625.SZ,0.0,0.0,0.0
Long only,2020-08-31,601633.SH,0.0,0.0,0.0
Long only,2020-08-31,601766.SH,0.2,0.0,0.0
Long only,2020-08-31,601111.SH,0.0,0.0,0.0
Long only,2020-08-31,601318.SH,0.2,0.2,0.0
Long only,2020-08-31,601398.SH,0.2,0.2,0.0
Long only,2020-08-31,600028.SH,0.2,0.0,0.0
Long only,2020-08-31,601857.SH,0.0,0.0,0.0
Long only,2020-08-31,600276.SH,0.0,0.2,0.2
Long only,2020-08-31,002230.SZ,0.0,0.0,0.0
Long only,2020-08-31,002475.SZ,0.0,0.0,0.2
Long only,2020-09-30,002371.SZ,0.0,0.0,0.2
Long only,2020-09-30,600309.SH,0.0,0.2,0.2
Long only,2020-09-30,000333.SZ,0.0,0.0,0.0
Long only,2020-09-30,600690.SH,0.0,0.0,0.0
Long only,2020-09-30,000063.SZ,0.0,0.0,0.0
Long only,2020-09-30,000100.SZ,0.0,0.0,0.2
Long only,2020-09-30,000725.SZ,0.0,0.0,0.0
Long only,2020-09-30,002415.SZ,0.0,0.2,0.0
Long only,2020-09-30,600104.SH,0.2,0.0,0.0
Long only,2020-09-30,000625.SZ,0.0,0.0,0.0
Long only,2020-09-30,601633.SH,0.0,0.0,0.2
Long only,2020-09-30,601766.SH,0.2,0.0,0.0
Long only,2020-09-30,601111.SH,0.0,0.0,0.0
Long only,2020-09-30,601318.SH,0.2,0.2,0.0
Long only,2020-09-30,601398.SH,0.2,0.2,0.0
Long only,2020-09-30,600028.SH,0.2,0.0,0.0
Long only,2020-09-30,601857.SH,0.0,0.0,0.0
Long only,2020-09-30,600276.SH,0.0,0.2,0.0
Long only,2020-09-30,002230.SZ,0.0,0.0,0.0
Long only,2020-09-30,002475.SZ,0.0,0.0,0.2
Long only,2020-10-31,002371.SZ,0.0,0.0,0.2
Long only,2020-10-31,600309.SH,0.0,0.2,0.2
Long only,2020-10-31,000333.SZ,0.0,0.0,0.0
Long only,2020-10-31,600690.SH,0.0,0.0,0.0
Long only,2020-10-31,000063.SZ,0.0,0.0,0.0
Long only,2020-10-31,000100.SZ,0.0,0.0,0.2
Long only,2020-10-31,000725.SZ,0.0,0.0,0.0
Long only,2020-10-31,002415.SZ,0.0,0.2,0.0
Long only,2020-10-31,600104.SH,0.2,0.0,0.0
Long only,2020-10-31,000625.SZ,0.0,0.0,0.0
Long only,2020-10-31,601633.SH,0.0,0.0,0.2
Long only,2020-10-31,601766.SH,0.2,0.0,0.0
Long only,2020-10-31,601111.SH,0.0,0.0,0.0
Long only,2020-10-31,601318.SH,0.2,0.2,0.0
Long only,2020-10-31,601398.SH,0.2,0.2,0.0
Long only,2020-10-31,600028.SH,0.2,0.0,0.0
Long only,2020-10-31,601857.SH,0.0,0.0,0.0
Long only,2020-10-31,600276.SH,0.0,0.2,0.0
Long only,2020-10-31,002230.SZ,0.0,0.0,0.0
Long only,2020-10-31,002475.SZ,0.0,0.0,0.2
Long only,2020-11-30,002371.SZ,0.0,0.0,0.2
Long only,2020-11-30,600309.SH,0.0,0.2,0.2
Long only,2020-11-30,000333.SZ,0.0,0.0,0.0
Long only,2020-11-30,600690.SH,0.0,0.0,0.0
Long only,2020-11-30,000063.SZ,0.0,0.0,0.0
Long only,2020-11-30,000100.SZ,0.0,0.0,0.0
Long only,2020-11-30,000725.SZ,0.0,0.0,0.0
Long only,2020-11-30,002415.SZ,0.0,0.2,0.0
Long only,2020-11-30,600104.SH,0.2,0.0,0.0
Long only,2020-11-30,000625.SZ,0.0,0.0,0.2
Long only,2020-11-30,601633.SH,0.0,0.0,0.2
Long only,2020-11-30,601766.SH,0.2,0.0,0.0
Long only,2020-11-30,601111.SH,0.0,0.0,0.0
Long only,2020-11-30,601318.SH,0.2,0.2,0.0
Long only,2020-11-30,601398.SH,0.2,0.2,0.0
Long only,2020-11-30,600028.SH,0.2,0.0,0.0
Long only,2020-11-30,601857.SH,0.0,0.0,0.0
Long only,2020-11-30,600276.SH,0.0,0.2,0.0
Long only,2020-11-30,002230.SZ,0.0,0.0,0.0
Long only,2020-11-30,002475.SZ,0.0,0.0,0.2
Long only,2020-12-31,002371.SZ,0.0,0.0,0.0
Long only,2020-12-31,600309.SH,0.0,0.2,0.2
Long only,2020-12-31,000333.SZ,0.0,0.0,0.2
Long only,2020-12-31,600690.SH,0.0,0.0,0.0
Long only,2020-12-31,000063.SZ,0.0,0.0,0.0
Long only,2020-12-31,000100.SZ,0.0,0.0,0.0
Long only,2020-12-31,000725.SZ,0.0,0.0,0.0
Long only,2020-12-31,002415.SZ,0.0,0.2,0.0
Long only,2020-12-31,600104.SH,0.2,0.0,0.0
Long only,2020-12-31,000625.SZ,0.0,0.0,0.2
Long only,2020-12-31,601633.SH,0.0,0.0,0.2
Long only,2020-12-31,601766.SH,0.2,0.0,0.0
Long only,2020-12-31,601111.SH,0.0,0.0,0.0
Long only,2020-12-31,601318.SH,0.2,0.2,0.0
Long only,2020-12-31,601398.SH,0.2,0.2,0.0
Long only,2020-12-31,600028.SH,0.2,0.0,0.0
Long only,2020-12-31,601857.SH,0.0,0.0,0.0
Long only,2020-12-31,600276.SH,0.0,0.2,0.0
Long only,2020-12-31,002230.SZ,0.0,0.0,0.0
Long only,2020-12-31,002475.SZ,0.0,0.0,0.2
Long only,2021-01-31,002371.SZ,0.0,0.0,0.0
Long only,2021-01-31,600309.SH,0.0,0.2,0.2
Long only,2021-01-31,000333.SZ,0.0,0.0,0.2
Long only,2021-01-31,600690.SH,0.0,0.0,0.0
Long only,2021-01-31,000063.SZ,0.0,0.0,0.0
Long only,2021-01-31,000100.SZ,0.0,0.0,0.0
Long only,2021-01-31,000725.SZ,0.0,0.0,0.0
Long only,2021-01-31,002415.SZ,0.0,0.2,0.0
Long only,2021-01-31,600104.SH,0.2,0.0,0.0
Long only,2021-01-31,000625.SZ,0.0,0.0,0.2
Long only,2021-01-31,601633.SH,0.0,0.0,0.2
Long only,2021-01-31,601766.SH,0.2,0.0,0.0
Long only,2021-01-31,601111.SH,0.0,0.0,0.0
Long only,2021-01-31,601318.SH,0.2,0.2,0.0
Long only,2021-01-31,601398.SH,0.2,0.2,0.0
Long only,2021-01-31,600028.SH,0.2,0.0,0.0
Long only,2021-01-31,601857.SH,0.0,0.0,0.0
Long only,2021-01-31,600276.SH,0.0,0.2,0.2
Long only,2021-01-31,002230.SZ,0.0,0.0,0.0
Long only,2021-01-31,002475.SZ,0.0,0.0,0.0
Long only,2021-02-28,002371.SZ,0.0,0.0,0.0
Long only,2021-02-28,600309.SH,0.0,0.2,0.2
Long only,2021-02-28,000333.SZ,0.0,0.0,0.2
Long only,2021-02-28,600690.SH,0.0,0.0,0.2
Long only,2021-02-28,000063.SZ,0.0,0.0,0.0
Long only,2021-02-28,000100.SZ,0.0,0.0,0.0
Long only,2021-02-28,000725.SZ,0.0,0.0,0.0
Long only,2021-02-28,002415.SZ,0.0,0.2,0.2
Long only,2021-02-28,600104.SH,0.2,0.0,0.0
Long only,2021-02-28,000625.SZ,0.0,0.0,0.0
Long only,2021-02-28,601633.SH,0.0,0.0,0.2
Long only,2021-02-28,601766.SH,0.2,0.0,0.0
Long only,2021-02-28,601111.SH,0.0,0.0,0.0
Long only,2021-02-28,601318.SH,0.2,0.2,0.0
Long only,2021-02-28,601398.SH,0.2,0.2,0.0
Long only,2021-02-28,600028.SH,0.2,0.0,0.0
Long only,2021-02-28,601857.SH,0.0,0.0,0.0
Long only,2021-02-28,600276.SH,0.0,0.2,0.0
Long only,2021-02-28,002230.SZ,0.0,0.0,0.0
Long only,2021-02-28,002475.SZ,0.0,0.0,0.0
Long only,2021-03-31,002371.SZ,0.0,0.0,0.0
Long only,2021-03-31,600309.SH,0.0,0.2,0.2
Long only,2021-03-31,000333.SZ,0.0,0.0,0.2
Long only,2021-03-31,600690.SH,0.0,0.0,0.2
Long only,2021-03-31,000063.SZ,0.0,0.0,0.0
Long only,2021-03-31,000100.SZ,0.0,0.0,0.0
Long only,2021-03-31,000725.SZ,0.0,0.0,0.0
Long only,2021-03-31,002415.SZ,0.0,0.2,0.2
Long only,2021-03-31,600104.SH,0.2,0.0,0.0
Long only,2021-03-31,000625.SZ,0.0,0.0,0.0
Long only,2021-03-31,601633.SH,0.0,0.0,0.2
Long only,2021-03-31,601766.SH,0.2,0.0,0.0
Long only,2021-03-31,601111.SH,0.0,0.0,0.0
Long only,2021-03-31,601318.SH,0.2,0.2,0.0
Long only,2021-03-31,601398.SH,0.2,0.2,0.0
Long only,2021-03-31,600028.SH,0.2,0.0,0.0
Long only,2021-03-31,601857.SH,0.0,0.0,0.0
Long only,2021-03-31,600276.SH,0.0,0.2,0.0
Long only,2021-03-31,002230.SZ,0.0,0.0,0.0
Long only,2021-03-31,002475.SZ,0.0,0.0,0.0
Long only,2021-04-30,002371.SZ,0.0,0.0,0.0
Long only,2021-04-30,600309.SH,0.0,0.2,0.2
Long only,2021-04-30,000333.SZ,0.0,0.0,0.2
Long only,2021-04-30,600690.SH,0.0,0.0,0.2
Long only,2021-04-30,000063.SZ,0.0,0.0,0.0
Long only,2021-04-30,000100.SZ,0.0,0.0,0.2
Long only,2021-04-30,000725.SZ,0.0,0.0,0.0
Long only,2021-04-30,002415.SZ,0.0,0.2,0.0
Long only,2021-04-30,600104.SH,0.2,0.0,0.0
Long only,2021-04-30,000625.SZ,0.0,0.0,0.0
Long only,2021-04-30,601633.SH,0.0,0.0,0.2
Long only,2021-04-30,601766.SH,0.2,0.0,0.0
Long only,2021-04-30,601111.SH,0.0,0.0,0.0
Long only,2021-04-30,601318.SH,0.2,0.2,0.0
Long only,2021-04-30,601398.SH,0.2,0.2,0.0
Long only,2021-04-30,600028.SH,0.2,0.0,0.0
Long only,2021-04-30,601857.SH,0.0,0.0,0.0
Long only,2021-04-30,600276.SH,0.0,0.2,0.0
Long only,2021-04-30,002230.SZ,0.0,0.0,0.0
Long only,2021-04-30,002475.SZ,0.0,0.0,0.0
Long only,2021-05-31,002371.SZ,0.0,0.0,0.0
Long only,2021-05-31,600309.SH,0.0,0.2,0.2
Long only,2021-05-31,000333.SZ,0.0,0.0,0.0
Long only,2021-05-31,600690.SH,0.0,0.0,0.2
Long only,2021-05-31,000063.SZ,0.0,0.0,0.0
Long only,2021-05-31,000100.SZ,0.0,0.0,0.0
Long only,2021-05-31,000725.SZ,0.0,0.0,0.2
Long only,2021-05-31,002415.SZ,0.0,0.2,0.2
Long only,2021-05-31,600104.SH,0.2,0.0,0.0
Long only,2021-05-31,000625.SZ,0.0,0.0,0.0
Long only,2021-05-31,601633.SH,0.0,0.0,0.2
Long only,2021-05-31,601766.SH,0.2,0.0,0.0
Long only,2021-05-31,601111.SH,0.0,0.0,0.0
Long only,2021-05-31,601318.SH,0.2,0.2,0.0
Long only,2021-05-31,601398.SH,0.2,0.2,0.0
Long only,2021-05-31,600028.SH,0.2,0.0,0.0
Long only,2021-05-31,601857.SH,0.0,0.0,0.0
Long only,2021-05-31,600276.SH,0.0,0.2,0.0
Long only,2021-05-31,002230.SZ,0.0,0.0,0.0
Long only,2021-05-31,002475.SZ,0.0,0.0,0.0
Long only,2021-06-30,002371.SZ,0.0,0.0,0.0
Long only,2021-06-30,600309.SH,0.0,0.2,0.2
Long only,2021-06-30,000333.SZ,0.0,0.0,0.0
Long only,2021-06-30,600690.SH,0.0,0.0,0.2
Long only,2021-06-30,000063.SZ,0.0,0.0,0.0
Long only,2021-06-30,000100.SZ,0.0,0.0,0.0
Long only,2021-06-30,000725.SZ,0.0,0.0,0.0
Long only,2021-06-30,002415.SZ,0.0,0.2,0.2
Long only,2021-06-30,600104.SH,0.2,0.0,0.0
Long only,2021-06-30,000625.SZ,0.0,0.0,0.2
Long only,2021-06-30,601633.SH,0.0,0.0,0.2
Long only,2021-06-30,601766.SH,0.2,0.0,0.0
Long only,2021-06-30,601111.SH,0.0,0.0,0.0
Long only,2021-06-30,601318.SH,0.2,0.2,0.0
Long only,2021-06-30,601398.SH,0.2,0.2,0.0
Long only,2021-06-30,600028.SH,0.2,0.0,0.0
Long only,2021-06-30,601857.SH,0.0,0.0,0.0
Long only,2021-06-30,600276.SH,0.0,0.2,0.0
Long only,2021-06-30,002230.SZ,0.0,0.0,0.0
Long only,2021-06-30,002475.SZ,0.0,0.0,0.0
Long only,2021-07-31,002371.SZ,0.0,0.0,0.0
Long only,2021-07-31,600309.SH,0.0,0.2,0.2
Long only,2021-07-31,000333.SZ,0.0,0.0,0.0
Long only,2021-07-31,600690.SH,0.0,0.0,0.0
Long only,2021-07-31,000063.SZ,0.0,0.0,0.0
Long only,2021-07-31,000100.SZ,0.0,0.0,0.0
Long only,2021-07-31,000725.SZ,0.0,0.0,0.0
Long only,2021-07-31,002415.SZ,0.0,0.2,0.2
Long only,2021-07-31,600104.SH,0.2,0.0,0.0
Long only,2021-07-31,000625.SZ,0.0,0.0,0.2
Long only,2021-07-31,601633.SH,0.0,0.0,0.2
Long only,2021-07-31,601766.SH,0.2,0.0,0.0
Long only,2021-07-31,601111.SH,0.0,0.0,0.0
Long only,2021-07-31,601318.SH,0.2,0.2,0.0
Long only,2021-07-31,601398.SH,0.2,0.2,0.0
Long only,2021-07-31,600028.SH,0.2,0.0,0.0
Long only,2021-07-31,601857.SH,0.0,0.0,0.0
Long only,2021-07-31,600276.SH,0.0,0.2,0.0
Long only,2021-07-31,002230.SZ,0.0,0.0,0.2
Long only,2021-07-31,002475.SZ,0.0,0.0,0.0
Long only,2021-08-31,002371.SZ,0.0,0.0,0.2
Long only,2021-08-31,600309.SH,0.0,0.2,0.0
Long only,2021-08-31,000333.SZ,0.2,0.0,0.0
Long only,2021-08-31,600690.SH,0.0,0.0,0.0
Long only,2021-08-31,000063.SZ,0.0,0.0,0.0
Long only,2021-08-31,000100.SZ,0.0,0.0,0.0
Long only,2021-08-31,000725.SZ,0.0,0.0,0.0
Long only,2021-08-31,002415.SZ,0.0,0.2,0.2
Long only,2021-08-31,600104.SH,0.2,0.0,0.0
Long only,2021-08-31,000625.SZ,0.0,0.0,0.2
Long only,2021-08-31,601633.SH,0.0,0.0,0.2
Long only,2021-08-31,601766.SH,0.0,0.0,0.0
Long only,2021-08-31,601111.SH,0.0,0.0,0.0
Long only,2021-08-31,601318.SH,0.2,0.2,0.0
Long only,2021-08-31,601398.SH,0.2,0.2,0.0
Long only,2021-08-31,600028.SH,0.2,0.0,0.0
Long only,2021-08-31,601857.SH,0.0,0.0,0.0
Long only,2021-08-31,600276.SH,0.0,0.2,0.0
Long only,2021-08-31,002230.SZ,0.0,0.0,0.2
Long only,2021-08-31,002475.SZ,0.0,0.0,0.0
Long only,2021-09-30,002371.SZ,0.0,0.0,0.2
Long only,2021-09-30,600309.SH,0.0,0.2,0.0
Long only,2021-09-30,000333.SZ,0.0,0.0,0.0
Long only,2021-09-30,600690.SH,0.0,0.0,0.0
Long only,2021-09-30,000063.SZ,0.0,0.0,0.0
Long only,2021-09-30,000100.SZ,0.0,0.0,0.0
Long only,2021-09-30,000725.SZ,0.0,0.0,0.0
Long only,2021-09-30,002415.SZ,0.0,0.2,0.2
Long only,2021-09-30,600104.SH,0.2,0.0,0.0
Long only,2021-09-30,000625.SZ,0.0,0.0,0.2
Long only,2021-09-30,601633.SH,0.0,0.0,0.2
Long only,2021-09-30,601766.SH,0.2,0.0,0.0
Long only,2021-09-30,601111.SH,0.0,0.0,0.0
Long only,2021-09-30,601318.SH,0.2,0.2,0.0
Long only,2021-09-30,601398.SH,0.2,0.2,0.0
Long only,2021-09-30,600028.SH,0.2,0.0,0.0
Long only,2021-09-30,601857.SH,0.0,0.0,0.0
Long only,2021-09-30,600276.SH,0.0,0.2,0.0
Long only,2021-09-30,002230.SZ,0.0,0.0,0.2
Long only,2021-09-30,002475.SZ,0.0,0.0,0.0
Long only,2021-10-31,002371.SZ,0.0,0.0,0.2
Long only,2021-10-31,600309.SH,0.0,0.2,0.0
Long only,2021-10-31,000333.SZ,0.0,0.0,0.0
Long only,2021-10-31,600690.SH,0.0,0.0,0.0
Long only,2021-10-31,000063.SZ,0.0,0.0,0.0
Long only,2021-10-31,000100.SZ,0.0,0.0,0.0
Long only,2021-10-31,000725.SZ,0.0,0.0,0.0
Long only,2021-10-31,002415.SZ,0.0,0.2,0.0
Long only,2021-10-31,600104.SH,0.2,0.0,0.0
Long only,2021-10-31,000625.SZ,0.0,0.0,0.0
Long only,2021-10-31,601633.SH,0.0,0.0,0.2
Long only,2021-10-31,601766.SH,0.2,0.0,0.0
Long only,2021-10-31,601111.SH,0.0,0.0,0.0
Long only,2021-10-31,601318.SH,0.2,0.2,0.0
Long only,2021-10-31,601398.SH,0.2,0.2,0.0
Long only,2021-10-31,600028.SH,0.2,0.0,0.2
Long only,2021-10-31,601857.SH,0.0,0.0,0.2
Long only,2021-10-31,600276.SH,0.0,0.2,0.0
Long only,2021-10-31,002230.SZ,0.0,0.0,0.2
Long only,2021-10-31,002475.SZ,0.0,0.0,0.0
Long only,2021-11-30,002371.SZ,0.0,0.0,0.2
Long only,2021-11-30,600309.SH,0.0,0.2,0.2
Long only,2021-11-30,000333.SZ,0.0,0.0,0.0
Long only,2021-11-30,600690.SH,0.0,0.0,0.0
Long only,2021-11-30,000063.SZ,0.0,0.0,0.0
Long only,2021-11-30,000100.SZ,0.0,0.0,0.0
Long only,2021-11-30,000725.SZ,0.0,0.0,0.0
Long only,2021-11-30,002415.SZ,0.0,0.2,0.0
Long only,2021-11-30,600104.SH,0.2,0.0,0.0
Long only,2021-11-30,000625.SZ,0.0,0.0,0.0
Long only,2021-11-30,601633.SH,0.0,0.0,0.2
Long only,2021-11-30,601766.SH,0.2,0.0,0.0
Long only,2021-11-30,601111.SH,0.0,0.0,0.0
Long only,2021-11-30,601318.SH,0.2,0.2,0.0
Long only,2021-11-30,601398.SH,0.2,0.2,0.0
Long only,2021-11-30,600028.SH,0.2,0.0,0.0
Long only,2021-11-30,601857.SH,0.0,0.0,0.2
Long only,2021-11-30,600276.SH,0.0,0.2,0.0
Long only,2021-11-30,002230.SZ,0.0,0.0,0.2
Long only,2021-11-30,002475.SZ,0.0,0.0,0.0
Long only,2021-12-31,002371.SZ,0.0,0.0,0.2
Long only,2021-12-31,600309.SH,0.0,0.2,0.0
Long only,2021-12-31,000333.SZ,0.0,0.0,0.0
Long only,2021-12-31,600690.SH,0.0,0.0,0.0
Long only,2021-12-31,000063.SZ,0.0,0.0,0.0
Long only,2021-12-31,000100.SZ,0.0,0.0,0.0
Long only,2021-12-31,000725.SZ,0.0,0.0,0.0
Long only,2021-12-31,002415.SZ,0.0,0.2,0.0
Long only,2021-12-31,600104.SH,0.2,0.0,0.0
Long only,2021-12-31,000625.SZ,0.0,0.0,0.0
Long only,2021-12-31,601633.SH,0.0,0.0,0.2
Long only,2021-12-31,601766.SH,0.2,0.0,0.0
Long only,2021-12-31,601111.SH,0.0,0.0,0.0
Long only,2021-12-31,601318.SH,0.2,0.2,0.0
Long only,2021-12-31,601398.SH,0.2,0.2,0.0
Long only,2021-12-31,600028.SH,0.2,0.0,0.2
Long only,2021-12-31,601857.SH,0.0,0.0,0.2
Long only,2021-12-31,600276.SH,0.0,0.2,0.0
Long only,2021-12-31,002230.SZ,0.0,0.0,0.2
Long only,2021-12-31,002475.SZ,0.0,0.0,0.0
Long only,2022-01-31,002371.SZ,0.0,0.0,0.2
Long only,2022-01-31,600309.SH,0.0,0.2,0.0
Long only,2022-01-31,000333.SZ,0.0,0.0,0.0
Long only,2022-01-31,600690.SH,0.0,0.0,0.0
Long only,2022-01-31,000063.SZ,0.0,0.0,0.0
Long only,2022-01-31,000100.SZ,0.0,0.0,0.0
Long only,2022-01-31,000725.SZ,0.0,0.0,0.0
Long only,2022-01-31,002415.SZ,0.0,0.2,0.0
Long only,2022-01-31,600104.SH,0.2,0.0,0.0
Long only,2022-01-31,000625.SZ,0.0,0.0,0.2
Long only,2022-01-31,601633.SH,0.0,0.0,0.0
Long only,2022-01-31,601766.SH,0.2,0.0,0.0
Long only,2022-01-31,601111.SH,0.0,0.0,0.2
Long only,2022-01-31,601318.SH,0.2,0.2,0.0
Long only,2022-01-31,601398.SH,0.2,0.2,0.0
Long only,2022-01-31,600028.SH,0.2,0.0,0.2
Long only,2022-01-31,601857.SH,0.0,0.0,0.2
Long only,2022-01-31,600276.SH,0.0,0.2,0.0
Long only,2022-01-31,002230.SZ,0.0,0.0,0.0
Long only,2022-01-31,002475.SZ,0.0,0.0,0.0
Long only,2022-02-28,002371.SZ,0.0,0.0,0.2
Long only,2022-02-28,600309.SH,0.0,0.2,0.0
Long only,2022-02-28,000333.SZ,0.0,0.0,0.0
Long only,2022-02-28,600690.SH,0.0,0.0,0.0
Long only,2022-02-28,000063.SZ,0.0,0.0,0.0
Long only,2022-02-28,000100.SZ,0.0,0.0,0.0
Long only,2022-02-28,000725.SZ,0.0,0.0,0.0
Long only,2022-02-28,002415.SZ,0.0,0.2,0.0
Long only,2022-02-28,600104.SH,0.2,0.0,0.0
Long only,2022-02-28,000625.SZ,0.0,0.0,0.0
Long only,2022-02-28,601633.SH,0.0,0.0,0.2
Long only,2022-02-28,601766.SH,0.2,0.0,0.0
Long only,2022-02-28,601111.SH,0.0,0.0,0.2
Long only,2022-02-28,601318.SH,0.2,0.2,0.0
Long only,2022-02-28,601398.SH,0.2,0.2,0.0
Long only,2022-02-28,600028.SH,0.2,0.0,0.2
Long only,2022-02-28,601857.SH,0.0,0.0,0.2
Long only,2022-02-28,600276.SH,0.0,0.2,0.0
Long only,2022-02-28,002230.SZ,0.0,0.0,0.0
Long only,2022-02-28,002475.SZ,0.0,0.0,0.0
Long only,2022-03-31,002371.SZ,0.0,0.0,0.2
Long only,2022-03-31,600309.SH,0.0,0.2,0.0
Long only,2022-03-31,000333.SZ,0.2,0.0,0.0
Long only,2022-03-31,600690.SH,0.0,0.0,0.0
Long only,2022-03-31,000063.SZ,0.0,0.0,0.0
Long only,2022-03-31,000100.SZ,0.0,0.0,0.0
Long only,2022-03-31,000725.SZ,0.0,0.0,0.0
Long only,2022-03-31,002415.SZ,0.0,0.2,0.0
Long only,2022-03-31,600104.SH,0.2,0.0,0.0
Long only,2022-03-31,000625.SZ,0.0,0.0,0.2
Long only,2022-03-31,601633.SH,0.0,0.0,0.2
Long only,2022-03-31,601766.SH,0.2,0.0,0.0
Long only,2022-03-31,601111.SH,0.0,0.0,0.0
Long only,2022-03-31,601318.SH,0.2,0.2,0.0
Long only,2022-03-31,601398.SH,0.2,0.2,0.0
Long only,2022-03-31,600028.SH,0.0,0.0,0.0
Long only,2022-03-31,601857.SH,0.0,0.0,0.2
Long only,2022-03-31,600276.SH,0.0,0.2,0.0
Long only,2022-03-31,002230.SZ,0.0,0.0,0.0
Long only,2022-03-31,002475.SZ,0.0,0.0,0.2
Long only,2022-04-30,002371.SZ,0.0,0.0,0.2
Long only,2022-04-30,600309.SH,0.0,0.2,0.0
Long only,2022-04-30,000333.SZ,0.0,0.0,0.0
Long only,2022-04-30,600690.SH,0.0,0.0,0.0
Long only,2022-04-30,000063.SZ,0.0,0.0,0.0
Long only,2022-04-30,000100.SZ,0.2,0.0,0.0
Long only,2022-04-30,000725.SZ,0.0,0.0,0.0
Long only,2022-04-30,002415.SZ,0.0,0.2,0.0
Long only,2022-04-30,600104.SH,0.2,0.0,0.0
Long only,2022-04-30,000625.SZ,0.0,0.0,0.2
Long only,2022-04-30,601633.SH,0.0,0.0,0.0
Long only,2022-04-30,601766.SH,0.2,0.0,0.0
Long only,2022-04-30,601111.SH,0.0,0.0,0.2
Long only,2022-04-30,601318.SH,0.2,0.2,0.0
Long only,2022-04-30,601398.SH,0.2,0.2,0.0
Long only,2022-04-30,600028.SH,0.0,0.0,0.2
Long only,2022-04-30,601857.SH,0.0,0.0,0.2
Long only,2022-04-30,600276.SH,0.0,0.2,0.0
Long only,2022-04-30,002230.SZ,0.0,0.0,0.0
Long only,2022-04-30,002475.SZ,0.0,0.0,0.0
Long only,2022-05-31,002371.SZ,0.0,0.0,0.2
Long only,2022-05-31,600309.SH,0.0,0.2,0.0
Long only,2022-05-31,000333.SZ,0.2,0.0,0.0
Long only,2022-05-31,600690.SH,0.0,0.0,0.0
Long only,2022-05-31,000063.SZ,0.0,0.0,0.0
Long only,2022-05-31,000100.SZ,0.0,0.0,0.0
Long only,2022-05-31,000725.SZ,0.0,0.0,0.0
Long only,2022-05-31,002415.SZ,0.0,0.2,0.0
Long only,2022-05-31,600104.SH,0.2,0.0,0.0
Long only,2022-05-31,000625.SZ,0.0,0.0,0.0
Long only,2022-05-31,601633.SH,0.0,0.0,0.0
Long only,2022-05-31,601766.SH,0.2,0.0,0.0
Long only,2022-05-31,601111.SH,0.0,0.0,0.2
Long only,2022-05-31,601318.SH,0.2,0.2,0.0
Long only,2022-05-31,601398.SH,0.2,0.2,0.0
Long only,2022-05-31,600028.SH,0.0,0.0,0.2
Long only,2022-05-31,601857.SH,0.0,0.0,0.2
Long only,2022-05-31,600276.SH,0.0,0.2,0.0
Long only,2022-05-31,002230.SZ,0.0,0.0,0.0
Long only,2022-05-31,002475.SZ,0.0,0.0,0.2
Long only,2022-06-30,002371.SZ,0.0,0.0,0.2
Long only,2022-06-30,600309.SH,0.0,0.2,0.0
Long only,2022-06-30,000333.SZ,0.0,0.0,0.0
Long only,2022-06-30,600690.SH,0.0,0.0,0.2
Long only,2022-06-30,000063.SZ,0.0,0.0,0.0
Long only,2022-06-30,000100.SZ,0.2,0.0,0.0
Long only,2022-06-30,000725.SZ,0.2,0.2,0.0
Long only,2022-06-30,002415.SZ,0.0,0.2,0.0
Long only,2022-06-30,600104.SH,0.0,0.0,0.0
Long only,2022-06-30,000625.SZ,0.0,0.0,0.0
Long only,2022-06-30,601633.SH,0.0,0.0,0.0
Long only,2022-06-30,601766.SH,0.0,0.0,0.0
Long only,2022-06-30,601111.SH,0.0,0.0,0.2
Long only,2022-06-30,601318.SH,0.2,0.0,0.0
Long only,2022-06-30,601398.SH,0.2,0.2,0.0
Long only,2022-06-30,600028.SH,0.2,0.0,0.2
Long only,2022-06-30,601857.SH,0.0,0.0,0.2
Long only,2022-06-30,600276.SH,0.0,0.2,0.0
Long only,2022-06-30,002230.SZ,0.0,0.0,0.0
Long only,2022-06-30,002475.SZ,0.0,0.0,0.0
Long only,2022-07-31,002371.SZ,0.0,0.0,0.0
Long only,2022-07-31,600309.SH,0.0,0.2,0.0
Long only,2022-07-31,000333.SZ,0.0,0.0,0.0
Long only,2022-07-31,600690.SH,0.0,0.0,0.0
Long only,2022-07-31,000063.SZ,0.0,0.0,0.0
Long only,2022-07-31,000100.SZ,0.2,0.0,0.0
Long only,2022-07-31,000725.SZ,0.2,0.2,0.0
Long only,2022-07-31,002415.SZ,0.0,0.2,0.0
Long only,2022-07-31,600104.SH,0.0,0.0,0.0
Long only,2022-07-31,000625.SZ,0.0,0.0,0.2
Long only,2022-07-31,601633.SH,0.0,0.0,0.0
Long only,2022-07-31,601766.SH,0.0,0.0,0.0
Long only,2022-07-31,601111.SH,0.0,0.0,0.2
Long only,2022-07-31,601318.SH,0.2,0.0,0.0
Long only,2022-07-31,601398.SH,0.2,0.2,0.2
Long only,2022-07-31,600028.SH,0.2,0.0,0.2
Long only,2022-07-31,601857.SH,0.0,0.0,0.2
Long only,2022-07-31,600276.SH,0.0,0.2,0.0
Long only,2022-07-31,002230.SZ,0.0,0.0,0.0
Long only,2022-07-31,002475.SZ,0.0,0.0,0.0
Long only,2022-08-31,002371.SZ,0.0,0.0,0.0
Long only,2022-08-31,600309.SH,0.0,0.2,0.0
Long only,2022-08-31,000333.SZ,0.0,0.0,0.0
Long only,2022-08-31,600690.SH,0.0,0.0,0.0
Long only,2022-08-31,000063.SZ,0.0,0.0,0.0
Long only,2022-08-31,000100.SZ,0.2,0.0,0.0
Long only,2022-08-31,000725.SZ,0.2,0.2,0.0
Long only,2022-08-31,002415.SZ,0.0,0.2,0.0
Long only,2022-08-31,600104.SH,0.2,0.0,0.0
Long only,2022-08-31,000625.SZ,0.0,0.0,0.2
Long only,2022-08-31,601633.SH,0.0,0.0,0.0
Long only,2022-08-31,601766.SH,0.0,0.0,0.0
Long only,2022-08-31,601111.SH,0.0,0.0,0.2
Long only,2022-08-31,601318.SH,0.0,0.0,0.0
Long only,2022-08-31,601398.SH,0.2,0.2,0.2
Long only,2022-08-31,600028.SH,0.2,0.0,0.2
Long only,2022-08-31,601857.SH,0.0,0.0,0.2
Long only,2022-08-31,600276.SH,0.0,0.2,0.0
Long only,2022-08-31,002230.SZ,0.0,0.0,0.0
Long only,2022-08-31,002475.SZ,0.0,0.0,0.0
Long only,2022-09-30,002371.SZ,0.0,0.0,0.0
Long only,2022-09-30,600309.SH,0.0,0.2,0.0
Long only,2022-09-30,000333.SZ,0.0,0.0,0.0
Long only,2022-09-30,600690.SH,0.0,0.0,0.2
Long only,2022-09-30,000063.SZ,0.0,0.0,0.0
Long only,2022-09-30,000100.SZ,0.2,0.0,0.0
Long only,2022-09-30,000725.SZ,0.2,0.2,0.0
Long only,2022-09-30,002415.SZ,0.0,0.2,0.0
Long only,2022-09-30,600104.SH,0.2,0.0,0.0
Long only,2022-09-30,000625.SZ,0.0,0.0,0.2
Long only,2022-09-30,601633.SH,0.0,0.0,0.0
Long only,2022-09-30,601766.SH,0.0,0.0,0.0
Long only,2022-09-30,601111.SH,0.0,0.0,0.2
Long only,2022-09-30,601318.SH,0.0,0.0,0.0
Long only,2022-09-30,601398.SH,0.2,0.2,0.0
Long only,2022-09-30,600028.SH,0.2,0.0,0.2
Long only,2022-09-30,601857.SH,0.0,0.0,0.0
Long only,2022-09-30,600276.SH,0.0,0.2,0.0
Long only,2022-09-30,002230.SZ,0.0,0.0,0.0
Long only,2022-09-30,002475.SZ,0.0,0.0,0.2
Long only,2022-10-31,002371.SZ,0.0,0.0,0.0
Long only,2022-10-31,600309.SH,0.0,0.2,0.0
Long only,2022-10-31,000333.SZ,0.0,0.0,0.0
Long only,2022-10-31,600690.SH,0.0,0.0,0.0
Long only,2022-10-31,000063.SZ,0.0,0.0,0.0
Long only,2022-10-31,000100.SZ,0.2,0.0,0.0
Long only,2022-10-31,000725.SZ,0.2,0.2,0.0
Long only,2022-10-31,002415.SZ,0.0,0.2,0.0
Long only,2022-10-31,600104.SH,0.2,0.0,0.0
Long only,2022-10-31,000625.SZ,0.0,0.0,0.2
Long only,2022-10-31,601633.SH,0.0,0.0,0.0
Long only,2022-10-31,601766.SH,0.0,0.0,0.0
Long only,2022-10-31,601111.SH,0.0,0.0,0.2
Long only,2022-10-31,601318.SH,0.2,0.0,0.0
Long only,2022-10-31,601398.SH,0.2,0.2,0.2
Long only,2022-10-31,600028.SH,0.0,0.0,0.2
Long only,2022-10-31,601857.SH,0.0,0.0,0.2
Long only,2022-10-31,600276.SH,0.0,0.2,0.0
Long only,2022-10-31,002230.SZ,0.0,0.0,0.0
Long only,2022-10-31,002475.SZ,0.0,0.0,0.0
Long only,2022-11-30,002371.SZ,0.0,0.0,0.0
Long only,2022-11-30,600309.SH,0.0,0.2,0.2
Long only,2022-11-30,000333.SZ,0.0,0.0,0.0
Long only,2022-11-30,600690.SH,0.0,0.0,0.0
Long only,2022-11-30,000063.SZ,0.0,0.0,0.0
Long only,2022-11-30,000100.SZ,0.2,0.0,0.0
Long only,2022-11-30,000725.SZ,0.2,0.2,0.0
Long only,2022-11-30,002415.SZ,0.0,0.2,0.0
Long only,2022-11-30,600104.SH,0.2,0.0,0.0
Long only,2022-11-30,000625.SZ,0.0,0.0,0.0
Long only,2022-11-30,601633.SH,0.0,0.0,0.0
Long only,2022-11-30,601766.SH,0.0,0.0,0.0
Long only,2022-11-30,601111.SH,0.0,0.0,0.2
Long only,2022-11-30,601318.SH,0.0,0.0,0.0
Long only,2022-11-30,601398.SH,0.2,0.2,0.2
Long only,2022-11-30,600028.SH,0.2,0.0,0.2
Long only,2022-11-30,601857.SH,0.0,0.0,0.2
Long only,2022-11-30,600276.SH,0.0,0.2,0.0
Long only,2022-11-30,002230.SZ,0.0,0.0,0.0
Long only,2022-11-30,002475.SZ,0.0,0.0,0.0
Long only,2022-12-31,002371.SZ,0.0,0.0,0.0
Long only,2022-12-31,600309.SH,0.0,0.2,0.0
Long only,2022-12-31,000333.SZ,0.0,0.0,0.0
Long only,2022-12-31,600690.SH,0.0,0.0,0.0
Long only,2022-12-31,000063.SZ,0.0,0.0,0.0
Long only,2022-12-31,000100.SZ,0.2,0.0,0.0
Long only,2022-12-31,000725.SZ,0.2,0.2,0.0
Long only,2022-12-31,002415.SZ,0.0,0.2,0.0
Long only,2022-12-31,600104.SH,0.2,0.0,0.0
Long only,2022-12-31,000625.SZ,0.0,0.0,0.2
Long only,2022-12-31,601633.SH,0.0,0.0,0.0
Long only,2022-12-31,601766.SH,0.0,0.0,0.0
Long only,2022-12-31,601111.SH,0.0,0.0,0.2
Long only,2022-12-31,601318.SH,0.0,0.0,0.0
Long only,2022-12-31,601398.SH,0.2,0.2,0.2
Long only,2022-12-31,600028.SH,0.2,0.0,0.2
Long only,2022-12-31,601857.SH,0.0,0.0,0.2
Long only,2022-12-31,600276.SH,0.0,0.2,0.0
Long only,2022-12-31,002230.SZ,0.0,0.0,0.0
Long only,2022-12-31,002475.SZ,0.0,0.0,0.0
Long only,2023-01-31,002371.SZ,0.0,0.0,0.0
Long only,2023-01-31,600309.SH,0.0,0.2,0.0
Long only,2023-01-31,000333.SZ,0.0,0.0,0.0
Long only,2023-01-31,600690.SH,0.0,0.0,0.0
Long only,2023-01-31,000063.SZ,0.0,0.0,0.0
Long only,2023-01-31,000100.SZ,0.2,0.0,0.0
Long only,2023-01-31,000725.SZ,0.2,0.2,0.0
Long only,2023-01-31,002415.SZ,0.0,0.2,0.0
Long only,2023-01-31,600104.SH,0.2,0.0,0.0
Long only,2023-01-31,000625.SZ,0.0,0.0,0.2
Long only,2023-01-31,601633.SH,0.0,0.0,0.0
Long only,2023-01-31,601766.SH,0.0,0.0,0.0
Long only,2023-01-31,601111.SH,0.0,0.0,0.2
Long only,2023-01-31,601318.SH,0.0,0.0,0.2
Long only,2023-01-31,601398.SH,0.2,0.2,0.0
Long only,2023-01-31,600028.SH,0.2,0.0,0.2
Long only,2023-01-31,601857.SH,0.0,0.0,0.2
Long only,2023-01-31,600276.SH,0.0,0.2,0.0
Long only,2023-01-31,002230.SZ,0.0,0.0,0.0
Long only,2023-01-31,002475.SZ,0.0,0.0,0.0
Long only,2023-02-28,002371.SZ,0.0,0.0,0.2
Long only,2023-02-28,600309.SH,0.0,0.2,0.0
Long only,2023-02-28,000333.SZ,0.0,0.0,0.0
Long only,2023-02-28,600690.SH,0.0,0.0,0.2
Long only,2023-02-28,000063.SZ,0.0,0.0,0.0
Long only,2023-02-28,000100.SZ,0.2,0.0,0.0
Long only,2023-02-28,000725.SZ,0.2,0.2,0.0
Long only,2023-02-28,002415.SZ,0.0,0.2,0.0
Long only,2023-02-28,600104.SH,0.2,0.0,0.0
Long only,2023-02-28,000625.SZ,0.0,0.0,0.2
Long only,2023-02-28,601633.SH,0.0,0.0,0.0
Long only,2023-02-28,601766.SH,0.0,0.0,0.0
Long only,2023-02-28,601111.SH,0.0,0.0,0.0
Long only,2023-02-28,601318.SH,0.0,0.0,0.0
Long only,2023-02-28,601398.SH,0.2,0.2,0.0
Long only,2023-02-28,600028.SH,0.2,0.0,0.2
Long only,2023-02-28,601857.SH,0.0,0.0,0.0
Long only,2023-02-28,600276.SH,0.0,0.2,0.2
Long only,2023-02-28,002230.SZ,0.0,0.0,0.0
Long only,2023-02-28,002475.SZ,0.0,0.0,0.0
Long only,2023-03-31,002371.SZ,0.0,0.0,0.0
Long only,2023-03-31,600309.SH,0.0,0.2,0.2
Long only,2023-03-31,000333.SZ,0.0,0.0,0.0
Long only,2023-03-31,600690.SH,0.0,0.0,0.0
Long only,2023-03-31,000063.SZ,0.0,0.0,0.2
Long only,2023-03-31,000100.SZ,0.2,0.0,0.0
Long only,2023-03-31,000725.SZ,0.2,0.2,0.0
Long only,2023-03-31,002415.SZ,0.0,0.2,0.0
Long only,2023-03-31,600104.SH,0.2,0.0,0.0
Long only,2023-03-31,000625.SZ,0.0,0.0,0.2
Long only,2023-03-31,601633.SH,0.0,0.0,0.0
Long only,2023-03-31,601766.SH,0.0,0.0,0.2
Long only,2023-03-31,601111.SH,0.0,0.0,0.0
Long only,2023-03-31,601318.SH,0.2,0.0,0.0
Long only,2023-03-31,601398.SH,0.2,0.2,0.0
Long only,2023-03-31,600028.SH,0.0,0.0,0.2
Long only,2023-03-31,601857.SH,0.0,0.0,0.0
Long only,2023-03-31,600276.SH,0.0,0.2,0.0
Long only,2023-03-31,002230.SZ,0.0,0.0,0.0
Long only,2023-03-31,002475.SZ,0.0,0.0,0.0
Long only,2023-04-30,002371.SZ,0.0,0.0,0.0
Long only,2023-04-30,600309.SH,0.0,0.2,0.0
Long only,2023-04-30,000333.SZ,0.0,0.0,0.0
Long only,2023-04-30,600690.SH,0.0,0.0,0.0
Long only,2023-04-30,000063.SZ,0.0,0.0,0.2
Long only,2023-04-30,000100.SZ,0.2,0.0,0.0
Long only,2023-04-30,000725.SZ,0.2,0.2,0.0
Long only,2023-04-30,002415.SZ,0.0,0.2,0.0
Long only,2023-04-30,600104.SH,0.2,0.0,0.0
Long only,2023-04-30,000625.SZ,0.0,0.0,0.2
Long only,2023-04-30,601633.SH,0.0,0.0,0.0
Long only,2023-04-30,601766.SH,0.0,0.0,0.2
Long only,2023-04-30,601111.SH,0.0,0.0,0.0
Long only,2023-04-30,601318.SH,0.2,0.0,0.0
Long only,2023-04-30,601398.SH,0.2,0.2,0.0
Long only,2023-04-30,600028.SH,0.0,0.0,0.2
Long only,2023-04-30,601857.SH,0.0,0.0,0.0
Long only,2023-04-30,600276.SH,0.0,0.2,0.0
Long only,2023-04-30,002230.SZ,0.0,0.0,0.2
Long only,2023-04-30,002475.SZ,0.0,0.0,0.0
Long only,2023-05-31,002371.SZ,0.0,0.0,0.0
Long only,2023-05-31,600309.SH,0.0,0.2,0.0
Long only,2023-05-31,000333.SZ,0.0,0.0,0.0
Long only,2023-05-31,600690.SH,0.0,0.0,0.0
Long only,2023-05-31,000063.SZ,0.0,0.0,0.0
Long only,2023-05-31,000100.SZ,0.2,0.0,0.0
Long only,2023-05-31,000725.SZ,0.2,0.2,0.0
Long only,2023-05-31,002415.SZ,0.0,0.2,0.0
Long only,2023-05-31,600104.SH,0.2,0.0,0.0
Long only,2023-05-31,000625.SZ,0.0,0.0,0.0
Long only,2023-05-31,601633.SH,0.0,0.0,0.0
Long only,2023-05-31,601766.SH,0.0,0.0,0.2
Long only,2023-05-31,601111.SH,0.0,0.0,0.0
Long only,2023-05-31,601318.SH,0.2,0.0,0.0
Long only,2023-05-31,601398.SH,0.2,0.2,0.0
Long only,2023-05-31,600028.SH,0.0,0.0,0.2
Long only,2023-05-31,601857.SH,0.0,0.0,0.2
Long only,2023-05-31,600276.SH,0.0,0.2,0.2
Long only,2023-05-31,002230.SZ,0.0,0.0,0.2
Long only,2023-05-31,002475.SZ,0.0,0.0,0.0
Long only,2023-06-30,002371.SZ,0.0,0.2,0.0
Long only,2023-06-30,600309.SH,0.0,0.0,0.0
Long only,2023-06-30,000333.SZ,0.0,0.0,0.0
Long only,2023-06-30,600690.SH,0.0,0.0,0.0
Long only,2023-06-30,000063.SZ,0.0,0.0,0.2
Long only,2023-06-30,000100.SZ,0.0,0.0,0.0
Long only,2023-06-30,000725.SZ,0.0,0.0,0.0
Long only,2023-06-30,002415.SZ,0.0,0.2,0.0
Long only,2023-06-30,600104.SH,0.2,0.0,0.0
Long only,2023-06-30,000625.SZ,0.0,0.0,0.0
Long only,2023-06-30,601633.SH,0.0,0.0,0.0
Long only,2023-06-30,601766.SH,0.0,0.0,0.2
Long only,2023-06-30,601111.SH,0.0,0.0,0.0
Long only,2023-06-30,601318.SH,0.2,0.2,0.0
Long only,2023-06-30,601398.SH,0.2,0.2,0.0
Long only,2023-06-30,600028.SH,0.2,0.0,0.2
Long only,2023-06-30,601857.SH,0.2,0.0,0.2
Long only,2023-06-30,600276.SH,0.0,0.2,0.0
Long only,2023-06-30,002230.SZ,0.0,0.0,0.2
Long only,2023-06-30,002475.SZ,0.0,0.0,0.0
Long only,2023-07-31,002371.SZ,0.0,0.2,0.0
Long only,2023-07-31,600309.SH,0.0,0.0,0.0
Long only,2023-07-31,000333.SZ,0.0,0.0,0.0
Long only,2023-07-31,600690.SH,0.0,0.0,0.0
Long only,2023-07-31,000063.SZ,0.0,0.0,0.2
Long only,2023-07-31,000100.SZ,0.0,0.0,0.0
Long only,2023-07-31,000725.SZ,0.0,0.0,0.0
Long only,2023-07-31,002415.SZ,0.0,0.2,0.0
Long only,2023-07-31,600104.SH,0.2,0.0,0.0
Long only,2023-07-31,000625.SZ,0.0,0.0,0.0
Long only,2023-07-31,601633.SH,0.0,0.0,0.0
Long only,2023-07-31,601766.SH,0.0,0.0,0.2
Long only,2023-07-31,601111.SH,0.0,0.0,0.0
Long only,2023-07-31,601318.SH,0.2,0.2,0.0
Long only,2023-07-31,601398.SH,0.2,0.2,0.0
Long only,2023-07-31,600028.SH,0.2,0.0,0.2
Long only,2023-07-31,601857.SH,0.2,0.0,0.2
Long only,2023-07-31,600276.SH,0.0,0.2,0.0
Long only,2023-07-31,002230.SZ,0.0,0.0,0.2
Long only,2023-07-31,002475.SZ,0.0,0.0,0.0
Long only,2023-08-31,002371.SZ,0.0,0.2,0.0
Long only,2023-08-31,600309.SH,0.0,0.0,0.0
Long only,2023-08-31,000333.SZ,0.0,0.0,0.0
Long only,2023-08-31,600690.SH,0.0,0.0,0.0
Long only,2023-08-31,000063.SZ,0.0,0.0,0.2
Long only,2023-08-31,000100.SZ,0.0,0.0,0.0
Long only,2023-08-31,000725.SZ,0.0,0.0,0.0
Long only,2023-08-31,002415.SZ,0.0,0.2,0.0
Long only,2023-08-31,600104.SH,0.2,0.0,0.0
Long only,2023-08-31,000625.SZ,0.0,0.0,0.0
Long only,2023-08-31,601633.SH,0.0,0.0,0.0
Long only,2023-08-31,601766.SH,0.0,0.0,0.2
Long only,2023-08-31,601111.SH,0.0,0.0,0.0
Long only,2023-08-31,601318.SH,0.2,0.2,0.0
Long only,2023-08-31,601398.SH,0.2,0.2,0.2
Long only,2023-08-31,600028.SH,0.2,0.0,0.2
Long only,2023-08-31,601857.SH,0.2,0.0,0.2
Long only,2023-08-31,600276.SH,0.0,0.2,0.0
Long only,2023-08-31,002230.SZ,0.0,0.0,0.0
Long only,2023-08-31,002475.SZ,0.0,0.0,0.0
Long only,2023-09-30,002371.SZ,0.0,0.2,0.0
Long only,2023-09-30,600309.SH,0.0,0.0,0.0
Long only,2023-09-30,000333.SZ,0.0,0.0,0.0
Long only,2023-09-30,600690.SH,0.0,0.0,0.0
Long only,2023-09-30,000063.SZ,0.0,0.0,0.2
Long only,2023-09-30,000100.SZ,0.0,0.0,0.0
Long only,2023-09-30,000725.SZ,0.0,0.0,0.0
Long only,2023-09-30,002415.SZ,0.0,0.2,0.0
Long only,2023-09-30,600104.SH,0.2,0.0,0.0
Long only,2023-09-30,000625.SZ,0.0,0.0,0.0
Long only,2023-09-30,601633.SH,0.0,0.0,0.0
Long only,2023-09-30,601766.SH,0.0,0.0,0.2
Long only,2023-09-30,601111.SH,0.0,0.0,0.0
Long only,2023-09-30,601318.SH,0.2,0.2,0.0
Long only,2023-09-30,601398.SH,0.2,0.2,0.0
Long only,2023-09-30,600028.SH,0.2,0.0,0.2
Long only,2023-09-30,601857.SH,0.2,0.0,0.2
Long only,2023-09-30,600276.SH,0.0,0.2,0.0
Long only,2023-09-30,002230.SZ,0.0,0.0,0.2
Long only,2023-09-30,002475.SZ,0.0,0.0,0.0
Long only,2023-10-31,002371.SZ,0.0,0.2,0.0
Long only,2023-10-31,600309.SH,0.0,0.0,0.0
Long only,2023-10-31,000333.SZ,0.0,0.0,0.0
Long only,2023-10-31,600690.SH,0.0,0.0,0.0
Long only,2023-10-31,000063.SZ,0.0,0.0,0.2
Long only,2023-10-31,000100.SZ,0.0,0.0,0.0
Long only,2023-10-31,000725.SZ,0.0,0.0,0.0
Long only,2023-10-31,002415.SZ,0.0,0.2,0.0
Long only,2023-10-31,600104.SH,0.2,0.0,0.0
Long only,2023-10-31,000625.SZ,0.0,0.0,0.0
Long only,2023-10-31,601633.SH,0.0,0.0,0.0
Long only,2023-10-31,601766.SH,0.0,0.0,0.2
Long only,2023-10-31,601111.SH,0.0,0.0,0.0
Long only,2023-10-31,601318.SH,0.2,0.2,0.0
Long only,2023-10-31,601398.SH,0.2,0.2,0.2
Long only,2023-10-31,600028.SH,0.2,0.0,0.2
Long only,2023-10-31,601857.SH,0.2,0.0,0.2
Long only,2023-10-31,600276.SH,0.0,0.2,0.0
Long only,2023-10-31,002230.SZ,0.0,0.0,0.0
Long only,2023-10-31,002475.SZ,0.0,0.0,0.0
Long only,2023-11-30,002371.SZ,0.0,0.2,0.0
Long only,2023-11-30,600309.SH,0.0,0.0,0.0
Long only,2023-11-30,000333.SZ,0.0,0.0,0.2
Long only,2023-11-30,600690.SH,0.0,0.0,0.0
Long only,2023-11-30,000063.SZ,0.0,0.0,0.0
Long only,2023-11-30,000100.SZ,0.0,0.0,0.0
Long only,2023-11-30,000725.SZ,0.0,0.0,0.0
Long only,2023-11-30,002415.SZ,0.0,0.2,0.0
Long only,2023-11-30,600104.SH,0.2,0.0,0.0
Long only,2023-11-30,000625.SZ,0.0,0.0,0.2
Long only,2023-11-30,601633.SH,0.0,0.0,0.0
Long only,2023-11-30,601766.SH,0.0,0.0,0.0
Long only,2023-11-30,601111.SH,0.0,0.0,0.0
Long only,2023-11-30,601318.SH,0.2,0.2,0.0
Long only,2023-11-30,601398.SH,0.2,0.2,0.2
Long only,2023-11-30,600028.SH,0.2,0.0,0.2
Long only,2023-11-30,601857.SH,0.2,0.0,0.2
Long only,2023-11-30,600276.SH,0.0,0.2,0.0
Long only,2023-11-30,002230.SZ,0.0,0.0,0.0
Long only,2023-11-30,002475.SZ,0.0,0.0,0.0
Long only,2023-12-31,002371.SZ,0.0,0.2,0.0
Long only,2023-12-31,600309.SH,0.0,0.0,0.0
Long only,2023-12-31,000333.SZ,0.0,0.0,0.0
Long only,2023-12-31,600690.SH,0.0,0.0,0.0
Long only,2023-12-31,000063.SZ,0.0,0.0,0.0
Long only,2023-12-31,000100.SZ,0.0,0.0,0.0
Long only,2023-12-31,000725.SZ,0.0,0.0,0.0
Long only,2023-12-31,002415.SZ,0.0,0.2,0.0
Long only,2023-12-31,600104.SH,0.2,0.0,0.0
Long only,2023-12-31,000625.SZ,0.0,0.0,0.2
Long only,2023-12-31,601633.SH,0.0,0.0,0.0
Long only,2023-12-31,601766.SH,0.0,0.0,0.0
Long only,2023-12-31,601111.SH,0.0,0.0,0.0
Long only,2023-12-31,601318.SH,0.2,0.2,0.0
Long only,2023-12-31,601398.SH,0.2,0.2,0.2
Long only,2023-12-31,600028.SH,0.2,0.0,0.2
Long only,2023-12-31,601857.SH,0.2,0.0,0.2
Long only,2023-12-31,600276.SH,0.0,0.2,0.0
Long only,2023-12-31,002230.SZ,0.0,0.0,0.2
Long only,2023-12-31,002475.SZ,0.0,0.0,0.0
Long only,2024-01-31,002371.SZ,0.0,0.2,0.0
Long only,2024-01-31,600309.SH,0.0,0.0,0.0
Long only,2024-01-31,000333.SZ,0.0,0.0,0.0
Long only,2024-01-31,600690.SH,0.0,0.0,0.0
Long only,2024-01-31,000063.SZ,0.0,0.0,0.0
Long only,2024-01-31,000100.SZ,0.0,0.0,0.0
Long only,2024-01-31,000725.SZ,0.0,0.0,0.0
Long only,2024-01-31,002415.SZ,0.0,0.2,0.0
Long only,2024-01-31,600104.SH,0.2,0.0,0.0
Long only,2024-01-31,000625.SZ,0.0,0.0,0.2
Long only,2024-01-31,601633.SH,0.0,0.0,0.0
Long only,2024-01-31,601766.SH,0.0,0.0,0.0
Long only,2024-01-31,601111.SH,0.0,0.0,0.0
Long only,2024-01-31,601318.SH,0.2,0.2,0.0
Long only,2024-01-31,601398.SH,0.2,0.2,0.2
Long only,2024-01-31,600028.SH,0.2,0.0,0.2
Long only,2024-01-31,601857.SH,0.2,0.0,0.2
Long only,2024-01-31,600276.SH,0.0,0.2,0.0
Long only,2024-01-31,002230.SZ,0.0,0.0,0.2
Long only,2024-01-31,002475.SZ,0.0,0.0,0.0
Long only,2024-02-29,002371.SZ,0.0,0.2,0.0
Long only,2024-02-29,600309.SH,0.0,0.0,0.0
Long only,2024-02-29,000333.SZ,0.0,0.0,0.2
Long only,2024-02-29,600690.SH,0.0,0.0,0.0
Long only,2024-02-29,000063.SZ,0.0,0.0,0.0
Long only,2024-02-29,000100.SZ,0.0,0.0,0.2
Long only,2024-02-29,000725.SZ,0.0,0.0,0.0
Long only,2024-02-29,002415.SZ,0.0,0.2,0.0
Long only,2024-02-29,600104.SH,0.2,0.0,0.0
Long only,2024-02-29,000625.SZ,0.0,0.0,0.0
Long only,2024-02-29,601633.SH,0.0,0.0,0.0
Long only,2024-02-29,601766.SH,0.0,0.0,0.0
Long only,2024-02-29,601111.SH,0.0,0.0,0.0
Long only,2024-02-29,601318.SH,0.2,0.2,0.0
Long only,2024-02-29,601398.SH,0.2,0.2,0.2
Long only,2024-02-29,600028.SH,0.2,0.0,0.2
Long only,2024-02-29,601857.SH,0.2,0.0,0.2
Long only,2024-02-29,600276.SH,0.0,0.2,0.0
Long only,2024-02-29,002230.SZ,0.0,0.0,0.0
Long only,2024-02-29,002475.SZ,0.0,0.0,0.0
Long only,2024-03-31,002371.SZ,0.0,0.2,0.0
Long only,2024-03-31,600309.SH,0.0,0.0,0.0
Long only,2024-03-31,000333.SZ,0.0,0.0,0.2
Long only,2024-03-31,600690.SH,0.0,0.0,0.0
Long only,2024-03-31,000063.SZ,0.0,0.0,0.0
Long only,2024-03-31,000100.SZ,0.0,0.0,0.2
Long only,2024-03-31,000725.SZ,0.0,0.0,0.0
Long only,2024-03-31,002415.SZ,0.0,0.2,0.0
Long only,2024-03-31,600104.SH,0.2,0.0,0.0
Long only,2024-03-31,000625.SZ,0.0,0.0,0.2
Long only,2024-03-31,601633.SH,0.0,0.0,0.0
Long only,2024-03-31,601766.SH,0.0,0.0,0.0
Long only,2024-03-31,601111.SH,0.0,0.0,0.0
Long only,2024-03-31,601318.SH,0.2,0.2,0.0
Long only,2024-03-31,601398.SH,0.2,0.2,0.2
Long only,2024-03-31,600028.SH,0.2,0.0,0.0
Long only,2024-03-31,601857.SH,0.2,0.0,0.2
Long only,2024-03-31,600276.SH,0.0,0.2,0.0
Long only,2024-03-31,002230.SZ,0.0,0.0,0.0
Long only,2024-03-31,002475.SZ,0.0,0.0,0.0
Long only,2024-04-30,002371.SZ,0.0,0.2,0.0
Long only,2024-04-30,600309.SH,0.0,0.0,0.0
Long only,2024-04-30,000333.SZ,0.0,0.0,0.2
Long only,2024-04-30,600690.SH,0.0,0.0,0.2
Long only,2024-04-30,000063.SZ,0.0,0.0,0.0
Long only,2024-04-30,000100.SZ,0.0,0.0,0.0
Long only,2024-04-30,000725.SZ,0.0,0.0,0.0
Long only,2024-04-30,002415.SZ,0.0,0.2,0.0
Long only,2024-04-30,600104.SH,0.2,0.0,0.0
Long only,2024-04-30,000625.SZ,0.0,0.0,0.2
Long only,2024-04-30,601633.SH,0.0,0.0,0.0
Long only,2024-04-30,601766.SH,0.0,0.0,0.0
Long only,2024-04-30,601111.SH,0.0,0.0,0.0
Long only,2024-04-30,601318.SH,0.2,0.2,0.0
Long only,2024-04-30,601398.SH,0.2,0.2,0.2
Long only,2024-04-30,600028.SH,0.2,0.0,0.0
Long only,2024-04-30,601857.SH,0.2,0.0,0.2
Long only,2024-04-30,600276.SH,0.0,0.2,0.0
Long only,2024-04-30,002230.SZ,0.0,0.0,0.0
Long only,2024-04-30,002475.SZ,0.0,0.0,0.0
Long only,2024-05-31,002371.SZ,0.0,0.2,0.0
Long only,2024-05-31,600309.SH,0.0,0.0,0.0
Long only,2024-05-31,000333.SZ,0.0,0.0,0.2
Long only,2024-05-31,600690.SH,0.0,0.0,0.2
Long only,2024-05-31,000063.SZ,0.0,0.0,0.0
Long only,2024-05-31,000100.SZ,0.0,0.0,0.2
Long only,2024-05-31,000725.SZ,0.0,0.0,0.0
Long only,2024-05-31,002415.SZ,0.0,0.2,0.0
Long only,2024-05-31,600104.SH,0.2,0.0,0.0
Long only,2024-05-31,000625.SZ,0.0,0.0,0.0
Long only,2024-05-31,601633.SH,0.0,0.0,0.0
Long only,2024-05-31,601766.SH,0.0,0.0,0.0
Long only,2024-05-31,601111.SH,0.0,0.0,0.0
Long only,2024-05-31,601318.SH,0.2,0.2,0.0
Long only,2024-05-31,601398.SH,0.2,0.2,0.2
Long only,2024-05-31,600028.SH,0.2,0.0,0.0
Long only,2024-05-31,601857.SH,0.2,0.0,0.2
Long only,2024-05-31,600276.SH,0.0,0.2,0.0
Long only,2024-05-31,002230.SZ,0.0,0.0,0.0
Long only,2024-05-31,002475.SZ,0.0,0.0,0.0
Long only,2024-06-30,002371.SZ,0.0,0.2,0.0
Long only,2024-06-30,600309.SH,0.0,0.2,0.0
Long only,2024-06-30,000333.SZ,0.0,0.0,0.2
Long only,2024-06-30,600690.SH,0.0,0.0,0.2
Long only,2024-06-30,000063.SZ,0.0,0.0,0.0
Long only,2024-06-30,000100.SZ,0.0,0.0,0.0
Long only,2024-06-30,000725.SZ,0.0,0.0,0.0
Long only,2024-06-30,002415.SZ,0.0,0.2,0.0
Long only,2024-06-30,600104.SH,0.2,0.0,0.0
Long only,2024-06-30,000625.SZ,0.2,0.0,0.0
Long only,2024-06-30,601633.SH,0.0,0.0,0.0
Long only,2024-06-30,601766.SH,0.0,0.0,0.2
Long only,2024-06-30,601111.SH,0.0,0.0,0.0
Long only,2024-06-30,601318.SH,0.2,0.0,0.0
Long only,2024-06-30,601398.SH,0.2,0.2,0.2
Long only,2024-06-30,600028.SH,0.0,0.0,0.0
Long only,2024-06-30,601857.SH,0.2,0.0,0.2
Long only,2024-06-30,600276.SH,0.0,0.2,0.0
Long only,2024-06-30,002230.SZ,0.0,0.0,0.0
Long only,2024-06-30,002475.SZ,0.0,0.0,0.0
Long only,2024-07-31,002371.SZ,0.0,0.2,0.0
Long only,2024-07-31,600309.SH,0.0,0.2,0.0
Long only,2024-07-31,000333.SZ,0.0,0.0,0.2
Long only,2024-07-31,600690.SH,0.0,0.0,0.2
Long only,2024-07-31,000063.SZ,0.0,0.0,0.0
Long only,2024-07-31,000100.SZ,0.0,0.0,0.0
Long only,2024-07-31,000725.SZ,0.0,0.0,0.0
Long only,2024-07-31,002415.SZ,0.0,0.2,0.0
Long only,2024-07-31,600104.SH,0.2,0.0,0.0
Long only,2024-07-31,000625.SZ,0.2,0.0,0.0
Long only,2024-07-31,601633.SH,0.0,0.0,0.0
Long only,2024-07-31,601766.SH,0.0,0.0,0.2
Long only,2024-07-31,601111.SH,0.0,0.0,0.0
Long only,2024-07-31,601318.SH,0.2,0.0,0.0
Long only,2024-07-31,601398.SH,0.2,0.2,0.2
Long only,2024-07-31,600028.SH,0.0,0.0,0.0
Long only,2024-07-31,601857.SH,0.2,0.0,0.2
Long only,2024-07-31,600276.SH,0.0,0.2,0.0
Long only,2024-07-31,002230.SZ,0.0,0.0,0.0
Long only,2024-07-31,002475.SZ,0.0,0.0,0.0
Long only,2024-08-31,002371.SZ,0.0,0.2,0.2
Long only,2024-08-31,600309.SH,0.0,0.2,0.0
Long only,2024-08-31,000333.SZ,0.0,0.0,0.2
Long only,2024-08-31,600690.SH,0.0,0.0,0.0
Long only,2024-08-31,000063.SZ,0.0,0.0,0.0
Long only,2024-08-31,000100.SZ,0.0,0.0,0.0
Long only,2024-08-31,000725.SZ,0.0,0.0,0.0
Long only,2024-08-31,002415.SZ,0.0,0.2,0.0
Long only,2024-08-31,600104.SH,0.2,0.0,0.0
Long only,2024-08-31,000625.SZ,0.2,0.0,0.0
Long only,2024-08-31,601633.SH,0.0,0.0,0.0
Long only,2024-08-31,601766.SH,0.0,0.0,0.2
Long only,2024-08-31,601111.SH,0.0,0.0,0.0
Long only,2024-08-31,601318.SH,0.2,0.0,0.0
Long only,2024-08-31,601398.SH,0.2,0.2,0.2
Long only,2024-08-31,600028.SH,0.0,0.0,0.2
Long only,2024-08-31,601857.SH,0.2,0.0,0.0
Long only,2024-08-31,600276.SH,0.0,0.2,0.0
Long only,2024-08-31,002230.SZ,0.0,0.0,0.0
Long only,2024-08-31,002475.SZ,0.0,0.0,0.0
Long only,2024-09-30,002371.SZ,0.0,0.2,0.2
Long only,2024-09-30,600309.SH,0.0,0.2,0.0
Long only,2024-09-30,000333.SZ,0.0,0.0,0.2
Long only,2024-09-30,600690.SH,0.0,0.0,0.0
Long only,2024-09-30,000063.SZ,0.0,0.0,0.0
Long only,2024-09-30,000100.SZ,0.0,0.0,0.0
Long only,2024-09-30,000725.SZ,0.0,0.0,0.0
Long only,2024-09-30,002415.SZ,0.0,0.2,0.0
Long only,2024-09-30,600104.SH,0.2,0.0,0.0
Long only,2024-09-30,000625.SZ,0.2,0.0,0.0
Long only,2024-09-30,601633.SH,0.0,0.0,0.0
Long only,2024-09-30,601766.SH,0.0,0.0,0.2
Long only,2024-09-30,601111.SH,0.0,0.0,0.0
Long only,2024-09-30,601318.SH,0.2,0.0,0.0
Long only,2024-09-30,601398.SH,0.2,0.2,0.2
Long only,2024-09-30,600028.SH,0.0,0.0,0.0
Long only,2024-09-30,601857.SH,0.2,0.0,0.0
Long only,2024-09-30,600276.SH,0.0,0.2,0.0
Long only,2024-09-30,002230.SZ,0.0,0.0,0.0
Long only,2024-09-30,002475.SZ,0.0,0.0,0.2
Long only,2024-10-31,002371.SZ,0.0,0.2,0.0
Long only,2024-10-31,600309.SH,0.0,0.2,0.0
Long only,2024-10-31,000333.SZ,0.0,0.0,0.2
Long only,2024-10-31,600690.SH,0.0,0.0,0.2
Long only,2024-10-31,000063.SZ,0.0,0.0,0.0
Long only,2024-10-31,000100.SZ,0.0,0.0,0.0
Long only,2024-10-31,000725.SZ,0.0,0.0,0.0
Long only,2024-10-31,002415.SZ,0.0,0.2,0.0
Long only,2024-10-31,600104.SH,0.2,0.0,0.0
Long only,2024-10-31,000625.SZ,0.2,0.0,0.0
Long only,2024-10-31,601633.SH,0.0,0.0,0.0
Long only,2024-10-31,601766.SH,0.0,0.0,0.2
Long only,2024-10-31,601111.SH,0.0,0.0,0.0
Long only,2024-10-31,601318.SH,0.2,0.0,0.0
Long only,2024-10-31,601398.SH,0.2,0.2,0.2
Long only,2024-10-31,600028.SH,0.0,0.0,0.2
Long only,2024-10-31,601857.SH,0.2,0.0,0.0
Long only,2024-10-31,600276.SH,0.0,0.2,0.0
Long only,2024-10-31,002230.SZ,0.0,0.0,0.0
Long only,2024-10-31,002475.SZ,0.0,0.0,0.0
Long only,2024-11-30,002371.SZ,0.0,0.2,0.2
Long only,2024-11-30,600309.SH,0.0,0.2,0.0
Long only,2024-11-30,000333.SZ,0.0,0.0,0.2
Long only,2024-11-30,600690.SH,0.0,0.0,0.0
Long only,2024-11-30,000063.SZ,0.0,0.0,0.0
Long only,2024-11-30,000100.SZ,0.0,0.0,0.0
Long only,2024-11-30,000725.SZ,0.0,0.0,0.0
Long only,2024-11-30,002415.SZ,0.0,0.2,0.0
Long only,2024-11-30,600104.SH,0.0,0.0,0.0
Long only,2024-11-30,000625.SZ,0.2,0.0,0.0
Long only,2024-11-30,601633.SH,0.0,0.0,0.0
Long only,2024-11-30,601766.SH,0.0,0.0,0.2
Long only,2024-11-30,601111.SH,0.0,0.0,0.0
Long only,2024-11-30,601318.SH,0.2,0.0,0.2
Long only,2024-11-30,601398.SH,0.2,0.2,0.2
Long only,2024-11-30,600028.SH,0.2,0.0,0.0
Long only,2024-11-30,601857.SH,0.2,0.0,0.0
Long only,2024-11-30,600276.SH,0.0,0.2,0.0
Long only,2024-11-30,002230.SZ,0.0,0.0,0.0
Long only,2024-11-30,002475.SZ,0.0,0.0,0.0
Long only,2024-12-31,002371.SZ,0.0,0.2,0.2
Long only,2024-12-31,600309.SH,0.2,0.2,0.0
Long only,2024-12-31,000333.SZ,0.0,0.0,0.2
Long only,2024-12-31,600690.SH,0.0,0.0,0.2
Long only,2024-12-31,000063.SZ,0.0,0.0,0.0
Long only,2024-12-31,000100.SZ,0.0,0.0,0.0
Long only,2024-12-31,000725.SZ,0.0,0.0,0.0
Long only,2024-12-31,002415.SZ,0.0,0.2,0.0
Long only,2024-12-31,600104.SH,0.0,0.0,0.0
Long only,2024-12-31,000625.SZ,0.2,0.0,0.0
Long only,2024-12-31,601633.SH,0.0,0.0,0.0
Long only,2024-12-31,601766.SH,0.0,0.0,0.2
Long only,2024-12-31,601111.SH,0.0,0.0,0.0
Long only,2024-12-31,601318.SH,0.2,0.0,0.0
Long only,2024-12-31,601398.SH,0.2,0.2,0.2
Long only,2024-12-31,600028.SH,0.0,0.0,0.0
Long only,2024-12-31,601857.SH,0.2,0.0,0.0
Long only,2024-12-31,600276.SH,0.0,0.2,0.0
Long only,2024-12-31,002230.SZ,0.0,0.0,0.0
Long only,2024-12-31,002475.SZ,0.0,0.0,0.0
Long only,2025-01-31,002371.SZ,0.0,0.2,0.2
Long only,2025-01-31,600309.SH,0.0,0.2,0.0
Long only,2025-01-31,000333.SZ,0.0,0.0,0.2
Long only,2025-01-31,600690.SH,0.0,0.0,0.0
Long only,2025-01-31,000063.SZ,0.0,0.0,0.0
Long only,2025-01-31,000100.SZ,0.0,0.0,0.0
Long only,2025-01-31,000725.SZ,0.0,0.0,0.0
Long only,2025-01-31,002415.SZ,0.0,0.2,0.0
Long only,2025-01-31,600104.SH,0.0,0.0,0.0
Long only,2025-01-31,000625.SZ,0.2,0.0,0.0
Long only,2025-01-31,601633.SH,0.0,0.0,0.0
Long only,2025-01-31,601766.SH,0.0,0.0,0.2
Long only,2025-01-31,601111.SH,0.0,0.0,0.0
Long only,2025-01-31,601318.SH,0.2,0.0,0.0
Long only,2025-01-31,601398.SH,0.2,0.2,0.2
Long only,2025-01-31,600028.SH,0.2,0.0,0.0
Long only,2025-01-31,601857.SH,0.2,0.0,0.0
Long only,2025-01-31,600276.SH,0.0,0.2,0.0
Long only,2025-01-31,002230.SZ,0.0,0.0,0.0
Long only,2025-01-31,002475.SZ,0.0,0.0,0.2
Long only,2025-02-28,002371.SZ,0.0,0.2,0.0
Long only,2025-02-28,600309.SH,0.0,0.2,0.0
Long only,2025-02-28,000333.SZ,0.0,0.0,0.2
Long only,2025-02-28,600690.SH,0.0,0.0,0.0
Long only,2025-02-28,000063.SZ,0.0,0.0,0.2
Long only,2025-02-28,000100.SZ,0.0,0.0,0.0
Long only,2025-02-28,000725.SZ,0.0,0.0,0.0
Long only,2025-02-28,002415.SZ,0.0,0.2,0.0
Long only,2025-02-28,600104.SH,0.0,0.0,0.0
Long only,2025-02-28,000625.SZ,0.2,0.0,0.0
Long only,2025-02-28,601633.SH,0.0,0.0,0.0
Long only,2025-02-28,601766.SH,0.0,0.0,0.0
Long only,2025-02-28,601111.SH,0.0,0.0,0.0
Long only,2025-02-28,601318.SH,0.2,0.0,0.2
Long only,2025-02-28,601398.SH,0.2,0.2,0.2
Long only,2025-02-28,600028.SH,0.2,0.0,0.0
Long only,2025-02-28,601857.SH,0.2,0.0,0.0
Long only,2025-02-28,600276.SH,0.0,0.2,0.0
Long only,2025-02-28,002230.SZ,0.0,0.0,0.0
Long only,2025-02-28,002475.SZ,0.0,0.0,0.2
Long only,2025-03-31,002371.SZ,0.0,0.2,0.2
Long only,2025-03-31,600309.SH,0.0,0.2,0.0
Long only,2025-03-31,000333.SZ,0.0,0.0,0.0
Long only,2025-03-31,600690.SH,0.0,0.0,0.0
Long only,2025-03-31,000063.SZ,0.0,0.0,0.2
Long only,2025-03-31,000100.SZ,0.0,0.0,0.0
Long only,2025-03-31,000725.SZ,0.0,0.0,0.0
Long only,2025-03-31,002415.SZ,0.0,0.2,0.0
Long only,2025-03-31,600104.SH,0.0,0.0,0.0
Long only,2025-03-31,000625.SZ,0.2,0.0,0.0
Long only,2025-03-31,601633.SH,0.0,0.0,0.0
Long only,2025-03-31,601766.SH,0.0,0.0,0.0
Long only,2025-03-31,601111.SH,0.0,0.0,0.0
Long only,2025-03-31,601318.SH,0.2,0.0,0.2
Long only,2025-03-31,601398.SH,0.2,0.2,0.2
Long only,2025-03-31,600028.SH,0.2,0.0,0.0
Long only,2025-03-31,601857.SH,0.2,0.0,0.0
Long only,2025-03-31,600276.SH,0.0,0.2,0.0
Long only,2025-03-31,002230.SZ,0.0,0.0,0.0
Long only,2025-03-31,002475.SZ,0.0,0.0,0.2
Long only,2025-04-30,002371.SZ,0.0,0.2,0.2
Long only,2025-04-30,600309.SH,0.2,0.2,0.0
Long only,2025-04-30,000333.SZ,0.0,0.0,0.2
Long only,2025-04-30,600690.SH,0.0,0.0,0.0
Long only,2025-04-30,000063.SZ,0.0,0.0,0.0
Long only,2025-04-30,000100.SZ,0.0,0.0,0.0
Long only,2025-04-30,000725.SZ,0.0,0.0,0.0
Long only,2025-04-30,002415.SZ,0.0,0.2,0.0
Long only,2025-04-30,600104.SH,0.0,0.0,0.0
Long only,2025-04-30,000625.SZ,0.2,0.0,0.0
Long only,2025-04-30,601633.SH,0.0,0.0,0.0
Long only,2025-04-30,601766.SH,0.0,0.0,0.0
Long only,2025-04-30,601111.SH,0.0,0.0,0.0
Long only,2025-04-30,601318.SH,0.2,0.0,0.2
Long only,2025-04-30,601398.SH,0.2,0.2,0.2
Long only,2025-04-30,600028.SH,0.0,0.0,0.0
Long only,2025-04-30,601857.SH,0.2,0.0,0.0
Long only,2025-04-30,600276.SH,0.0,0.2,0.0
Long only,2025-04-30,002230.SZ,0.0,0.0,0.0
Long only,2025-04-30,002475.SZ,0.0,0.0,0.2
Long only,2025-05-31,002371.SZ,0.0,0.2,0.2
Long only,2025-05-31,600309.SH,0.2,0.2,0.0
Long only,2025-05-31,000333.SZ,0.0,0.0,0.2
Long only,2025-05-31,600690.SH,0.0,0.0,0.0
Long only,2025-05-31,000063.SZ,0.0,0.0,0.0
Long only,2025-05-31,000100.SZ,0.0,0.0,0.0
Long only,2025-05-31,000725.SZ,0.0,0.0,0.0
Long only,2025-05-31,002415.SZ,0.0,0.2,0.0
Long only,2025-05-31,600104.SH,0.0,0.0,0.0
Long only,2025-05-31,000625.SZ,0.2,0.0,0.0
Long only,2025-05-31,601633.SH,0.0,0.0,0.0
Long only,2025-05-31,601766.SH,0.0,0.0,0.0
Long only,2025-05-31,601111.SH,0.0,0.0,0.0
Long only,2025-05-31,601318.SH,0.2,0.0,0.2
Long only,2025-05-31,601398.SH,0.2,0.2,0.2
Long only,2025-05-31,600028.SH,0.0,0.0,0.0
Long only,2025-05-31,601857.SH,0.2,0.0,0.0
Long only,2025-05-31,600276.SH,0.0,0.2,0.2
Long only,2025-05-31,002230.SZ,0.0,0.0,0.0
Long only,2025-05-31,002475.SZ,0.0,0.0,0.0
Long only,2025-06-30,002371.SZ,0.0,0.2,0.2
Long only,2025-06-30,600309.SH,0.2,0.0,0.0
Long only,2025-06-30,000333.SZ,0.0,0.0,0.2
Long only,2025-06-30,600690.SH,0.2,0.0,0.0
Long only,2025-06-30,000063.SZ,0.0,0.0,0.0
Long only,2025-06-30,000100.SZ,0.0,0.0,0.0
Long only,2025-06-30,000725.SZ,0.0,0.0,0.0
Long only,2025-06-30,002415.SZ,0.0,0.2,0.0
Long only,2025-06-30,600104.SH,0.0,0.0,0.0
Long only,2025-06-30,000625.SZ,0.0,0.0,0.0
Long only,2025-06-30,601633.SH,0.0,0.0,0.0
Long only,2025-06-30,601766.SH,0.0,0.0,0.0
Long only,2025-06-30,601111.SH,0.0,0.0,0.0
Long only,2025-06-30,601318.SH,0.2,0.2,0.2
Long only,2025-06-30,601398.SH,0.2,0.2,0.2
Long only,2025-06-30,600028.SH,0.0,0.0,0.0
Long only,2025-06-30,601857.SH,0.2,0.0,0.0
Long only,2025-06-30,600276.SH,0.0,0.2,0.2
Long only,2025-06-30,002230.SZ,0.0,0.0,0.0
Long only,2025-06-30,002475.SZ,0.0,0.0,0.0
Long only,2025-07-31,002371.SZ,0.0,0.2,0.2
Long only,2025-07-31,600309.SH,0.0,0.0,0.0
Long only,2025-07-31,000333.SZ,0.2,0.0,0.2
Long only,2025-07-31,600690.SH,0.2,0.0,0.0
Long only,2025-07-31,000063.SZ,0.0,0.0,0.0
Long only,2025-07-31,000100.SZ,0.0,0.0,0.0
Long only,2025-07-31,000725.SZ,0.0,0.0,0.0
Long only,2025-07-31,002415.SZ,0.0,0.2,0.0
Long only,2025-07-31,600104.SH,0.0,0.0,0.0
Long only,2025-07-31,000625.SZ,0.0,0.0,0.0
Long only,2025-07-31,601633.SH,0.0,0.0,0.0
Long only,2025-07-31,601766.SH,0.0,0.0,0.0
Long only,2025-07-31,601111.SH,0.0,0.0,0.0
Long only,2025-07-31,601318.SH,0.2,0.2,0.2
Long only,2025-07-31,601398.SH,0.2,0.2,0.2
Long only,2025-07-31,600028.SH,0.0,0.0,0.0
Long only,2025-07-31,601857.SH,0.2,0.0,0.0
Long only,2025-07-31,600276.SH,0.0,0.2,0.2
Long only,2025-07-31,002230.SZ,0.0,0.0,0.0
Long only,2025-07-31,002475.SZ,0.0,0.0,0.0
Long only,2025-08-31,002371.SZ,0.0,0.2,0.2
Long only,2025-08-31,600309.SH,0.0,0.0,0.0
Long only,2025-08-31,000333.SZ,0.0,0.0,0.0
Long only,2025-08-31,600690.SH,0.2,0.0,0.0
Long only,2025-08-31,000063.SZ,0.0,0.0,0.0
Long only,2025-08-31,000100.SZ,0.0,0.0,0.0
Long only,2025-08-31,000725.SZ,0.0,0.0,0.0
Long only,2025-08-31,002415.SZ,0.0,0.2,0.0
Long only,2025-08-31,600104.SH,0.0,0.0,0.0
Long only,2025-08-31,000625.SZ,0.0,0.0,0.0
Long only,2025-08-31,601633.SH,0.0,0.0,0.0
Long only,2025-08-31,601766.SH,0.0,0.0,0.0
Long only,2025-08-31,601111.SH,0.0,0.0,0.0
Long only,2025-08-31,601318.SH,0.2,0.2,0.2
Long only,2025-08-31,601398.SH,0.2,0.2,0.2
Long only,2025-08-31,600028.SH,0.2,0.0,0.0
Long only,2025-08-31,601857.SH,0.2,0.0,0.0
Long only,2025-08-31,600276.SH,0.0,0.2,0.2
Long only,2025-08-31,002230.SZ,0.0,0.0,0.2
Long only,2025-08-31,002475.SZ,0.0,0.0,0.0
Long only,2025-09-30,002371.SZ,0.0,0.2,0.2
Long only,2025-09-30,600309.SH,0.0,0.0,0.0
Long only,2025-09-30,000333.SZ,0.0,0.0,0.0
Long only,2025-09-30,600690.SH,0.2,0.0,0.0
Long only,2025-09-30,000063.SZ,0.0,0.0,0.2
Long only,2025-09-30,000100.SZ,0.0,0.0,0.0
Long only,2025-09-30,000725.SZ,0.0,0.0,0.0
Long only,2025-09-30,002415.SZ,0.0,0.2,0.0
Long only,2025-09-30,600104.SH,0.0,0.0,0.0
Long only,2025-09-30,000625.SZ,0.0,0.0,0.0
Long only,2025-09-30,601633.SH,0.0,0.0,0.0
Long only,2025-09-30,601766.SH,0.0,0.0,0.0
Long only,2025-09-30,601111.SH,0.0,0.0,0.0
Long only,2025-09-30,601318.SH,0.2,0.2,0.0
Long only,2025-09-30,601398.SH,0.2,0.2,0.2
Long only,2025-09-30,600028.SH,0.2,0.0,0.0
Long only,2025-09-30,601857.SH,0.2,0.0,0.0
Long only,2025-09-30,600276.SH,0.0,0.2,0.2
Long only,2025-09-30,002230.SZ,0.0,0.0,0.2
Long only,2025-09-30,002475.SZ,0.0,0.0,0.0
Long only,2025-10-31,002371.SZ,0.0,0.2,0.2
Long only,2025-10-31,600309.SH,0.0,0.0,0.0
Long only,2025-10-31,000333.SZ,0.0,0.0,0.0
Long only,2025-10-31,600690.SH,0.2,0.0,0.0
Long only,2025-10-31,000063.SZ,0.0,0.0,0.2
Long only,2025-10-31,000100.SZ,0.0,0.0,0.0
Long only,2025-10-31,000725.SZ,0.0,0.0,0.0
Long only,2025-10-31,002415.SZ,0.0,0.2,0.0
Long only,2025-10-31,600104.SH,0.0,0.0,0.0
Long only,2025-10-31,000625.SZ,0.0,0.0,0.0
Long only,2025-10-31,601633.SH,0.0,0.0,0.0
Long only,2025-10-31,601766.SH,0.0,0.0,0.0
Long only,2025-10-31,601111.SH,0.0,0.0,0.0
Long only,2025-10-31,601318.SH,0.2,0.2,0.0
Long only,2025-10-31,601398.SH,0.2,0.2,0.2
Long only,2025-10-31,600028.SH,0.2,0.0,0.0
Long only,2025-10-31,601857.SH,0.2,0.0,0.0
Long only,2025-10-31,600276.SH,0.0,0.2,0.2
Long only,2025-10-31,002230.SZ,0.0,0.0,0.0
Long only,2025-10-31,002475.SZ,0.0,0.0,0.2
Long only,2025-11-30,002371.SZ,0.0,0.2,0.2
Long only,2025-11-30,600309.SH,0.0,0.0,0.0
Long only,2025-11-30,000333.SZ,0.0,0.0,0.0
Long only,2025-11-30,600690.SH,0.2,0.0,0.0
Long only,2025-11-30,000063.SZ,0.0,0.0,0.0
Long only,2025-11-30,000100.SZ,0.0,0.0,0.0
Long only,2025-11-30,000725.SZ,0.0,0.0,0.0
Long only,2025-11-30,002415.SZ,0.0,0.2,0.0
Long only,2025-11-30,600104.SH,0.0,0.0,0.0
Long only,2025-11-30,000625.SZ,0.0,0.0,0.0
Long only,2025-11-30,601633.SH,0.0,0.0,0.0
Long only,2025-11-30,601766.SH,0.0,0.0,0.0
Long only,2025-11-30,601111.SH,0.0,0.0,0.0
Long only,2025-11-30,601318.SH,0.2,0.2,0.0
Long only,2025-11-30,601398.SH,0.2,0.2,0.2
Long only,2025-11-30,600028.SH,0.2,0.0,0.0
Long only,2025-11-30,601857.SH,0.2,0.0,0.2
Long only,2025-11-30,600276.SH,0.0,0.2,0.2
Long only,2025-11-30,002230.SZ,0.0,0.0,0.0
Long only,2025-11-30,002475.SZ,0.0,0.0,0.2
Long only,2025-12-31,002371.SZ,0.0,0.2,0.2
Long only,2025-12-31,600309.SH,0.0,0.0,0.0
Long only,2025-12-31,000333.SZ,0.0,0.0,0.0
Long only,2025-12-31,600690.SH,0.2,0.0,0.0
Long only,2025-12-31,000063.SZ,0.0,0.0,0.0
Long only,2025-12-31,000100.SZ,0.0,0.0,0.0
Long only,2025-12-31,000725.SZ,0.0,0.0,0.0
Long only,2025-12-31,002415.SZ,0.0,0.2,0.0
Long only,2025-12-31,600104.SH,0.0,0.0,0.0
Long only,2025-12-31,000625.SZ,0.0,0.0,0.0
Long only,2025-12-31,601633.SH,0.0,0.0,0.0
Long only,2025-12-31,601766.SH,0.0,0.0,0.0
Long only,2025-12-31,601111.SH,0.0,0.0,0.0
Long only,2025-12-31,601318.SH,0.2,0.2,0.2
Long only,2025-12-31,601398.SH,0.2,0.2,0.2
Long only,2025-12-31,600028.SH,0.2,0.0,0.0
Long only,2025-12-31,601857.SH,0.2,0.0,0.0
Long only,2025-12-31,600276.SH,0.0,0.2,0.2
Long only,2025-12-31,002230.SZ,0.0,0.0,0.0
Long only,2025-12-31,002475.SZ,0.0,0.0,0.2
Long only,2026-01-31,002371.SZ,0.0,0.2,0.2
Long only,2026-01-31,600309.SH,0.0,0.0,0.0
Long only,2026-01-31,000333.SZ,0.0,0.0,0.0
Long only,2026-01-31,600690.SH,0.2,0.0,0.0
Long only,2026-01-31,000063.SZ,0.0,0.0,0.0
Long only,2026-01-31,000100.SZ,0.0,0.0,0.0
Long only,2026-01-31,000725.SZ,0.0,0.0,0.0
Long only,2026-01-31,002415.SZ,0.0,0.2,0.0
Long only,2026-01-31,600104.SH,0.0,0.0,0.0
Long only,2026-01-31,000625.SZ,0.0,0.0,0.0
Long only,2026-01-31,601633.SH,0.2,0.0,0.0
Long only,2026-01-31,601766.SH,0.0,0.0,0.0
Long only,2026-01-31,601111.SH,0.0,0.0,0.0
Long only,2026-01-31,601318.SH,0.2,0.2,0.2
Long only,2026-01-31,601398.SH,0.2,0.2,0.2
Long only,2026-01-31,600028.SH,0.0,0.0,0.0
Long only,2026-01-31,601857.SH,0.2,0.0,0.2
Long only,2026-01-31,600276.SH,0.0,0.2,0.2
Long only,2026-01-31,002230.SZ,0.0,0.0,0.0
Long only,2026-01-31,002475.SZ,0.0,0.0,0.0
Long only,2026-02-28,002371.SZ,0.0,0.2,0.2
Long only,2026-02-28,600309.SH,0.0,0.0,0.0
Long only,2026-02-28,000333.SZ,0.0,0.0,0.2
Long only,2026-02-28,600690.SH,0.2,0.0,0.0
Long only,2026-02-28,000063.SZ,0.0,0.0,0.0
Long only,2026-02-28,000100.SZ,0.0,0.0,0.0
Long only,2026-02-28,000725.SZ,0.0,0.0,0.0
Long only,2026-02-28,002415.SZ,0.0,0.2,0.0
Long only,2026-02-28,600104.SH,0.0,0.0,0.0
Long only,2026-02-28,000625.SZ,0.0,0.0,0.0
Long only,2026-02-28,601633.SH,0.2,0.0,0.0
Long only,2026-02-28,601766.SH,0.0,0.0,0.0
Long only,2026-02-28,601111.SH,0.0,0.0,0.2
Long only,2026-02-28,601318.SH,0.2,0.2,0.2
Long only,2026-02-28,601398.SH,0.2,0.2,0.0
Long only,2026-02-28,600028.SH,0.0,0.0,0.0
Long only,2026-02-28,601857.SH,0.2,0.0,0.2
Long only,2026-02-28,600276.SH,0.0,0.2,0.0
Long only,2026-02-28,002230.SZ,0.0,0.0,0.0
Long only,2026-02-28,002475.SZ,0.0,0.0,0.0
Long only,2026-03-31,002371.SZ,0.0,0.2,0.2
Long only,2026-03-31,600309.SH,0.0,0.0,0.2
Long only,2026-03-31,000333.SZ,0.0,0.0,0.0
Long only,2026-03-31,600690.SH,0.2,0.0,0.0
Long only,2026-03-31,000063.SZ,0.0,0.0,0.0
Long only,2026-03-31,000100.SZ,0.0,0.0,0.0
Long only,2026-03-31,000725.SZ,0.0,0.0,0.0
Long only,2026-03-31,002415.SZ,0.0,0.2,0.0
Long only,2026-03-31,600104.SH,0.0,0.0,0.0
Long only,2026-03-31,000625.SZ,0.2,0.0,0.0
Long only,2026-03-31,601633.SH,0.0,0.0,0.0
Long only,2026-03-31,601766.SH,0.0,0.0,0.0
Long only,2026-03-31,601111.SH,0.0,0.0,0.0
Long only,2026-03-31,601318.SH,0.2,0.2,0.2
Long only,2026-03-31,601398.SH,0.2,0.2,0.0
Long only,2026-03-31,600028.SH,0.0,0.0,0.0
Long only,2026-03-31,601857.SH,0.2,0.0,0.2
Long only,2026-03-31,600276.SH,0.0,0.2,0.2
Long only,2026-03-31,002230.SZ,0.0,0.0,0.0
Long only,2026-03-31,002475.SZ,0.0,0.0,0.0
Long only,2026-04-30,002371.SZ,0.0,0.2,0.2
Long only,2026-04-30,600309.SH,0.0,0.0,0.2
Long only,2026-04-30,000333.SZ,0.0,0.0,0.0
Long only,2026-04-30,600690.SH,0.2,0.0,0.0
Long only,2026-04-30,000063.SZ,0.0,0.0,0.0
Long only,2026-04-30,000100.SZ,0.0,0.0,0.0
Long only,2026-04-30,000725.SZ,0.0,0.0,0.0
Long only,2026-04-30,002415.SZ,0.0,0.2,0.0
Long only,2026-04-30,600104.SH,0.0,0.0,0.0
Long only,2026-04-30,000625.SZ,0.2,0.0,0.0
Long only,2026-04-30,601633.SH,0.0,0.0,0.0
Long only,2026-04-30,601766.SH,0.0,0.0,0.0
Long only,2026-04-30,601111.SH,0.0,0.0,0.0
Long only,2026-04-30,601318.SH,0.2,0.2,0.2
Long only,2026-04-30,601398.SH,0.2,0.2,0.0
Long only,2026-04-30,600028.SH,0.2,0.0,0.0
Long only,2026-04-30,601857.SH,0.0,0.0,0.2
Long only,2026-04-30,600276.SH,0.0,0.2,0.0
Long only,2026-04-30,002230.SZ,0.0,0.0,0.0
Long only,2026-04-30,002475.SZ,0.0,0.0,0.2
Long only,2026-05-31,002371.SZ,0.0,0.2,0.2
Long only,2026-05-31,600309.SH,0.0,0.0,0.2
Long only,2026-05-31,000333.SZ,0.0,0.0,0.0
Long only,2026-05-31,600690.SH,0.2,0.0,0.0
Long only,2026-05-31,000063.SZ,0.0,0.0,0.0
Long only,2026-05-31,000100.SZ,0.0,0.0,0.0
Long only,2026-05-31,000725.SZ,0.0,0.0,0.0
Long only,2026-05-31,002415.SZ,0.0,0.2,0.2
Long only,2026-05-31,600104.SH,0.0,0.0,0.0
Long only,2026-05-31,000625.SZ,0.2,0.0,0.0
Long only,2026-05-31,601633.SH,0.2,0.0,0.0
Long only,2026-05-31,601766.SH,0.0,0.0,0.0
Long only,2026-05-31,601111.SH,0.0,0.0,0.0
Long only,2026-05-31,601318.SH,0.2,0.2,0.0
Long only,2026-05-31,601398.SH,0.2,0.2,0.0
Long only,2026-05-31,600028.SH,0.0,0.0,0.0
Long only,2026-05-31,601857.SH,0.0,0.0,0.2
Long only,2026-05-31,600276.SH,0.0,0.2,0.0
Long only,2026-05-31,002230.SZ,0.0,0.0,0.0
Long only,2026-05-31,002475.SZ,0.0,0.0,0.2
Long only,2026-06-30,002371.SZ,0.0,0.2,0.2
Long only,2026-06-30,600309.SH,0.0,0.0,0.2
Long only,2026-06-30,000333.SZ,0.0,0.0,0.2
Long only,2026-06-30,600690.SH,0.2,0.0,0.0
Long only,2026-06-30,000063.SZ,0.0,0.0,0.0
Long only,2026-06-30,000100.SZ,0.0,0.0,0.0
Long only,2026-06-30,000725.SZ,0.0,0.0,0.0
Long only,2026-06-30,002415.SZ,0.0,0.2,0.0
Long only,2026-06-30,600104.SH,0.2,0.0,0.0
Long only,2026-06-30,000625.SZ,0.0,0.0,0.0
Long only,2026-06-30,601633.SH,0.0,0.0,0.0
Long only,2026-06-30,601766.SH,0.0,0.0,0.0
Long only,2026-06-30,601111.SH,0.0,0.0,0.0
Long only,2026-06-30,601318.SH,0.2,0.2,0.0
Long only,2026-06-30,601398.SH,0.2,0.2,0.0
Long only,2026-06-30,600028.SH,0.0,0.0,0.0
Long only,2026-06-30,601857.SH,0.2,0.0,0.2
Long only,2026-06-30,600276.SH,0.0,0.2,0.0
Long only,2026-06-30,002230.SZ,0.0,0.0,0.0
Long only,2026-06-30,002475.SZ,0.0,0.0,0.2
Long only,2026-07-31,002371.SZ,0.0,0.2,0.2
Long only,2026-07-31,600309.SH,0.0,0.0,0.0
Long only,2026-07-31,000333.SZ,0.0,0.0,0.2
Long only,2026-07-31,600690.SH,0.2,0.0,0.0
Long only,2026-07-31,000063.SZ,0.0,0.0,0.0
Long only,2026-07-31,000100.SZ,0.0,0.0,0.0
Long only,2026-07-31,000725.SZ,0.0,0.0,0.2
Long only,2026-07-31,002415.SZ,0.0,0.2,0.2
Long only,2026-07-31,600104.SH,0.2,0.0,0.0
Long only,2026-07-31,000625.SZ,0.0,0.0,0.0
Long only,2026-07-31,601633.SH,0.0,0.0,0.0
Long only,2026-07-31,601766.SH,0.0,0.0,0.0
Long only,2026-07-31,601111.SH,0.0,0.0,0.0
Long only,2026-07-31,601318.SH,0.2,0.2,0.0
Long only,2026-07-31,601398.SH,0.2,0.2,0.0
Long only,2026-07-31,600028.SH,0.0,0.0,0.0
Long only,2026-07-31,601857.SH,0.2,0.0,0.0
Long only,2026-07-31,600276.SH,0.0,0.2,0.0
Long only,2026-07-31,002230.SZ,0.0,0.0,0.0
Long only,2026-07-31,002475.SZ,0.0,0.0,0.2
Long only,2026-08-31,002371.SZ,0.0,0.2,0.2
Long only,2026-08-31,600309.SH,0.0,0.0,0.0
Long only,2026-08-31,000333.SZ,0.0,0.0,0.2
Long only,2026-08-31,600690.SH,0.2,0.0,0.0
Long only,2026-08-31,000063.SZ,0.0,0.0,0.0
Long only,2026-08-31,000100.SZ,0.0,0.0,0.0
Long only,2026-08-31,000725.SZ,0.0,0.0,0.0
Long only,2026-08-31,002415.SZ,0.0,0.2,0.2
Long only,2026-08-31,600104.SH,0.2,0.0,0.0
Long only,2026-08-31,000625.SZ,0.0,0.0,0.0
Long only,2026-08-31,601633.SH,0.2,0.0,0.0
Long only,2026-08-31,601766.SH,0.0,0.0,0.0
Long only,2026-08-31,601111.SH,0.0,0.0,0.0
Long only,2026-08-31,601318.SH,0.2,0.2,0.0
Long only,2026-08-31,601398.SH,0.2,0.2,0.0
Long only,2026-08-31,600028.SH,0.0,0.0,0.0
Long only,2026-08-31,601857.SH,0.0,0.0,0.2
Long only,2026-08-31,600276.SH,0.0,0.2,0.0
Long only,2026-08-31,002230.SZ,0.0,0.0,0.0
Long only,2026-08-31,002475.SZ,0.0,0.0,0.2
Long only,2026-09-30,002371.SZ,0.0,0.2,0.2
Long only,2026-09-30,600309.SH,0.0,0.0,0.0
Long only,2026-09-30,000333.SZ,0.0,0.0,0.2
Long only,2026-09-30,600690.SH,0.2,0.0,0.0
Long only,2026-09-30,000063.SZ,0.0,0.0,0.0
Long only,2026-09-30,000100.SZ,0.0,0.0,0.0
Long only,2026-09-30,000725.SZ,0.0,0.0,0.2
Long only,2026-09-30,002415.SZ,0.0,0.2,0.2
Long only,2026-09-30,600104.SH,0.2,0.0,0.0
Long only,2026-09-30,000625.SZ,0.0,0.0,0.0
Long only,2026-09-30,601633.SH,0.2,0.0,0.0
Long only,2026-09-30,601766.SH,0.0,0.0,0.0
Long only,2026-09-30,601111.SH,0.0,0.0,0.0
Long only,2026-09-30,601318.SH,0.2,0.2,0.0
Long only,2026-09-30,601398.SH,0.2,0.2,0.0
Long only,2026-09-30,600028.SH,0.0,0.0,0.0
Long only,2026-09-30,601857.SH,0.0,0.0,0.2
Long only,2026-09-30,600276.SH,0.0,0.2,0.0
Long only,2026-09-30,002230.SZ,0.0,0.0,0.0
Long only,2026-09-30,002475.SZ,0.0,0.0,0.0
Long-short,2019-11-30,002371.SZ,-0.1,0.0,0.0
Long-short,2019-11-30,600309.SH,0.1,0.1,0.1
Long-short,2019-11-30,000333.SZ,0.0,0.0,0.1
Long-short,2019-11-30,600690.SH,0.0,0.0,0.0
Long-short,2019-11-30,000063.SZ,-0.1,-0.1,0.0
Long-short,2019-11-30,000100.SZ,0.0,-0.1,0.0
Long-short,2019-11-30,000725.SZ,0.0,0.0,0.0
Long-short,2019-11-30,002415.SZ,0.0,0.1,0.0
Long-short,2019-11-30,600104.SH,0.1,0.0,-0.1
Long-short,2019-11-30,000625.SZ,0.0,-0.1,0.0
Long-short,2019-11-30,601633.SH,0.0,0.0,0.0
Long-short,2019-11-30,601766.SH,0.0,0.0,-0.1
Long-short,2019-11-30,601111.SH,0.0,0.0,-0.1
Long-short,2019-11-30,601318.SH,0.1,0.1,0.1
Long-short,2019-11-30,601398.SH,0.1,0.1,0.0
Long-short,2019-11-30,600028.SH,0.1,-0.1,-0.1
Long-short,2019-11-30,601857.SH,0.0,-0.1,-0.1
Long-short,2019-11-30,600276.SH,-0.1,0.1,0.1
Long-short,2019-11-30,002230.SZ,-0.1,0.0,0.0
Long-short,2019-11-30,002475.SZ,-0.1,0.0,0.1
Long-short,2019-12-31,002371.SZ,-0.1,0.0,0.1
Long-short,2019-12-31,600309.SH,0.1,0.1,0.1
Long-short,2019-12-31,000333.SZ,0.0,0.0,0.0
Long-short,2019-12-31,600690.SH,0.0,0.0,0.0
Long-short,2019-12-31,000063.SZ,-0.1,-0.1,0.0
Long-short,2019-12-31,000100.SZ,0.0,-0.1,0.1
Long-short,2019-12-31,000725.SZ,0.0,0.0,0.0
Long-short,2019-12-31,002415.SZ,0.0,0.1,0.0
Long-short,2019-12-31,600104.SH,0.1,0.0,-0.1
Long-short,2019-12-31,000625.SZ,0.0,-0.1,0.0
Long-short,2019-12-31,601633.SH,0.0,0.0,0.0
Long-short,2019-12-31,601766.SH,0.0,0.0,-0.1
Long-short,2019-12-31,601111.SH,0.0,0.0,-0.1
Long-short,2019-12-31,601318.SH,0.1,0.1,0.0
Long-short,2019-12-31,601398.SH,0.1,0.1,0.0
Long-short,2019-12-31,600028.SH,0.1,-0.1,-0.1
Long-short,2019-12-31,601857.SH,0.0,-0.1,-0.1
Long-short,2019-12-31,600276.SH,-0.1,0.1,0.1
Long-short,2019-12-31,002230.SZ,-0.1,0.0,0.0
Long-short,2019-12-31,002475.SZ,-0.1,0.0,0.1
Long-short,2020-01-31,002371.SZ,-0.1,0.0,0.1
Long-short,2020-01-31,600309.SH,0.1,0.1,0.1
Long-short,2020-01-31,000333.SZ,0.0,0.0,0.0
Long-short,2020-01-31,600690.SH,0.0,0.0,0.0
Long-short,2020-01-31,000063.SZ,-0.1,-0.1,0.0
Long-short,2020-01-31,000100.SZ,0.0,-0.1,0.1
Long-short,2020-01-31,000725.SZ,0.0,0.0,0.0
Long-short,2020-01-31,002415.SZ,0.0,0.1,-0.1
Long-short,2020-01-31,600104.SH,0.1,0.0,-0.1
Long-short,2020-01-31,000625.SZ,0.0,-0.1,0.0
Long-short,2020-01-31,601633.SH,0.0,0.0,0.0
Long-short,2020-01-31,601766.SH,0.0,0.0,-0.1
Long-short,2020-01-31,601111.SH,0.0,0.0,0.0
Long-short,2020-01-31,601318.SH,0.1,0.1,0.0
Long-short,2020-01-31,601398.SH,0.1,0.1,0.0
Long-short,2020-01-31,600028.SH,0.1,-0.1,-0.1
Long-short,2020-01-31,601857.SH,0.0,-0.1,-0.1
Long-short,2020-01-31,600276.SH,-0.1,0.1,0.1
Long-short,2020-01-31,002230.SZ,-0.1,0.0,0.0
Long-short,2020-01-31,002475.SZ,-0.1,0.0,0.1
Long-short,2020-02-29,002371.SZ,-0.1,0.0,0.1
Long-short,2020-02-29,600309.SH,0.1,0.1,0.0
Long-short,2020-02-29,000333.SZ,0.0,0.0,0.0
Long-short,2020-02-29,600690.SH,0.0,0.0,0.0
Long-short,2020-02-29,000063.SZ,-0.1,-0.1,0.1
Long-short,2020-02-29,000100.SZ,0.0,-0.1,0.1
Long-short,2020-02-29,000725.SZ,0.0,0.0,0.0
Long-short,2020-02-29,002415.SZ,0.0,0.1,0.0
Long-short,2020-02-29,600104.SH,0.1,0.0,-0.1
Long-short,2020-02-29,000625.SZ,0.0,-0.1,0.0
Long-short,2020-02-29,601633.SH,0.0,0.0,0.0
Long-short,2020-02-29,601766.SH,0.0,0.0,-0.1
Long-short,2020-02-29,601111.SH,0.0,0.0,-0.1
Long-short,2020-02-29,601318.SH,0.1,0.1,0.0
Long-short,2020-02-29,601398.SH,0.1,0.1,0.0
Long-short,2020-02-29,600028.SH,0.1,-0.1,-0.1
Long-short,2020-02-29,601857.SH,0.0,-0.1,-0.1
Long-short,2020-02-29,600276.SH,-0.1,0.1,0.1
Long-short,2020-02-29,002230.SZ,-0.1,0.0,0.0
Long-short,2020-02-29,002475.SZ,-0.1,0.0,0.1
Long-short,2020-03-31,002371.SZ,-0.1,0.0,0.1
Long-short,2020-03-31,600309.SH,0.1,0.1,0.0
Long-short,2020-03-31,000333.SZ,0.0,0.0,0.0
Long-short,2020-03-31,600690.SH,0.0,0.0,0.0
Long-short,2020-03-31,000063.SZ,-0.1,-0.1,0.1
Long-short,2020-03-31,000100.SZ,0.0,-0.1,0.1
Long-short,2020-03-31,000725.SZ,0.0,0.0,0.0
Long-short,2020-03-31,002415.SZ,0.0,0.1,0.0
Long-short,2020-03-31,600104.SH,0.1,0.0,-0.1
Long-short,2020-03-31,000625.SZ,0.0,-0.1,0.0
Long-short,2020-03-31,601633.SH,0.0,0.0,0.0
Long-short,2020-03-31,601766.SH,0.0,0.0,-0.1
Long-short,2020-03-31,601111.SH,0.0,0.0,-0.1
Long-short,2020-03-31,601318.SH,0.1,0.1,0.0
Long-short,2020-03-31,601398.SH,0.1,0.1,0.0
Long-short,2020-03-31,600028.SH,0.1,-0.1,-0.1
Long-short,2020-03-31,601857.SH,0.0,-0.1,-0.1
Long-short,2020-03-31,600276.SH,-0.1,0.1,0.1
Long-short,2020-03-31,002230.SZ,-0.1,0.0,0.0
Long-short,2020-03-31,002475.SZ,-0.1,0.0,0.1
Long-short,2020-04-30,002371.SZ,-0.1,0.0,0.1
Long-short,2020-04-30,600309.SH,0.1,0.1,0.0
Long-short,2020-04-30,000333.SZ,0.0,0.0,0.0
Long-short,2020-04-30,600690.SH,0.0,0.0,0.0
Long-short,2020-04-30,000063.SZ,-0.1,-0.1,0.1
Long-short,2020-04-30,000100.SZ,0.0,-0.1,0.1
Long-short,2020-04-30,000725.SZ,0.0,0.0,0.0
Long-short,2020-04-30,002415.SZ,0.0,0.1,0.0
Long-short,2020-04-30,600104.SH,0.1,0.0,-0.1
Long-short,2020-04-30,000625.SZ,0.0,-0.1,0.0
Long-short,2020-04-30,601633.SH,0.0,0.0,0.0
Long-short,2020-04-30,601766.SH,0.0,0.0,-0.1
Long-short,2020-04-30,601111.SH,0.0,0.0,-0.1
Long-short,2020-04-30,601318.SH,0.1,0.1,0.0
Long-short,2020-04-30,601398.SH,0.1,0.1,0.0
Long-short,2020-04-30,600028.SH,0.1,-0.1,-0.1
Long-short,2020-04-30,601857.SH,0.0,-0.1,-0.1
Long-short,2020-04-30,600276.SH,-0.1,0.1,0.1
Long-short,2020-04-30,002230.SZ,-0.1,0.0,0.0
Long-short,2020-04-30,002475.SZ,-0.1,0.0,0.1
Long-short,2020-05-31,002371.SZ,-0.1,0.0,0.1
Long-short,2020-05-31,600309.SH,0.1,0.1,0.0
Long-short,2020-05-31,000333.SZ,0.0,0.0,0.0
Long-short,2020-05-31,600690.SH,0.0,0.0,0.0
Long-short,2020-05-31,000063.SZ,-0.1,-0.1,0.1
Long-short,2020-05-31,000100.SZ,0.0,-0.1,0.1
Long-short,2020-05-31,000725.SZ,0.0,0.0,0.0
Long-short,2020-05-31,002415.SZ,0.0,0.1,0.0
Long-short,2020-05-31,600104.SH,0.1,0.0,-0.1
Long-short,2020-05-31,000625.SZ,0.0,-0.1,0.0
Long-short,2020-05-31,601633.SH,0.0,0.0,0.0
Long-short,2020-05-31,601766.SH,0.0,0.0,-0.1
Long-short,2020-05-31,601111.SH,0.0,0.0,-0.1
Long-short,2020-05-31,601318.SH,0.1,0.1,0.0
Long-short,2020-05-31,601398.SH,0.1,0.1,0.0
Long-short,2020-05-31,600028.SH,0.1,-0.1,-0.1
Long-short,2020-05-31,601857.SH,0.0,-0.1,-0.1
Long-short,2020-05-31,600276.SH,-0.1,0.1,0.1
Long-short,2020-05-31,002230.SZ,-0.1,0.0,0.0
Long-short,2020-05-31,002475.SZ,-0.1,0.0,0.1
Long-short,2020-06-30,002371.SZ,-0.1,0.0,0.1
Long-short,2020-06-30,600309.SH,0.0,0.1,0.0
Long-short,2020-06-30,000333.SZ,0.0,0.0,0.0
Long-short,2020-06-30,600690.SH,0.0,0.0,0.0
Long-short,2020-06-30,000063.SZ,0.0,0.0,0.0
Long-short,2020-06-30,000100.SZ,0.0,0.0,0.1
Long-short,2020-06-30,000725.SZ,-0.1,-0.1,0.0
Long-short,2020-06-30,002415.SZ,0.0,0.1,0.0
Long-short,2020-06-30,600104.SH,0.1,-0.1,-0.1
Long-short,2020-06-30,000625.SZ,-0.1,-0.1,0.1
Long-short,2020-06-30,601633.SH,0.0,0.0,0.0
Long-short,2020-06-30,601766.SH,0.1,0.0,-0.1
Long-short,2020-06-30,601111.SH,0.0,0.0,-0.1
Long-short,2020-06-30,601318.SH,0.1,0.1,0.0
Long-short,2020-06-30,601398.SH,0.1,0.1,0.0
Long-short,2020-06-30,600028.SH,0.1,-0.1,-0.1
Long-short,2020-06-30,601857.SH,0.0,-0.1,-0.1
Long-short,2020-06-30,600276.SH,-0.1,0.1,0.1
Long-short,2020-06-30,002230.SZ,-0.1,0.0,0.0
Long-short,2020-06-30,002475.SZ,0.0,0.0,0.1
Long-short,2020-07-31,002371.SZ,-0.1,0.0,0.1
Long-short,2020-07-31,600309.SH,0.0,0.1,0.0
Long-short,2020-07-31,000333.SZ,0.0,0.0,0.0
Long-short,2020-07-31,600690.SH,0.0,0.0,0.0
Long-short,2020-07-31,000063.SZ,0.0,0.0,0.0
Long-short,2020-07-31,000100.SZ,0.0,0.0,0.1
Long-short,2020-07-31,000725.SZ,0.0,-0.1,0.0
Long-short,2020-07-31,002415.SZ,0.0,0.1,0.0
Long-short,2020-07-31,600104.SH,0.1,-0.1,-0.1
Long-short,2020-07-31,000625.SZ,-0.1,-0.1,0.1
Long-short,2020-07-31,601633.SH,0.0,0.0,0.0
Long-short,2020-07-31,601766.SH,0.1,0.0,-0.1
Long-short,2020-07-31,601111.SH,0.0,0.0,-0.1
Long-short,2020-07-31,601318.SH,0.1,0.1,0.0
Long-short,2020-07-31,601398.SH,0.1,0.1,0.0
Long-short,2020-07-31,600028.SH,0.1,-0.1,-0.1
Long-short,2020-07-31,601857.SH,0.0,-0.1,-0.1
Long-short,2020-07-31,600276.SH,-0.1,0.1,0.1
Long-short,2020-07-31,002230.SZ,-0.1,0.0,0.0
Long-short,2020-07-31,002475.SZ,-0.1,0.0,0.1
Long-short,2020-08-31,002371.SZ,-0.1,0.0,0.1
Long-short,2020-08-31,600309.SH,0.0,0.1,0.0
Long-short,2020-08-31,000333.SZ,0.0,0.0,0.1
Long-short,2020-08-31,600690.SH,0.0,0.0,0.0
Long-short,2020-08-31,000063.SZ,0.0,0.0,0.0
Long-short,2020-08-31,000100.SZ,0.0,0.0,0.1
Long-short,2020-08-31,000725.SZ,-0.1,-0.1,0.0
Long-short,2020-08-31,002415.SZ,0.0,0.1,0.0
Long-short,2020-08-31,600104.SH,0.1,-0.1,-0.1
Long-short,2020-08-31,000625.SZ,-0.1,-0.1,0.0
Long-short,2020-08-31,601633.SH,0.0,0.0,0.0
Long-short,2020-08-31,601766.SH,0.1,0.0,-0.1
Long-short,2020-08-31,601111.SH,0.0,0.0,0.0
Long-short,2020-08-31,601318.SH,0.1,0.1,-0.1
Long-short,2020-08-31,601398.SH,0.1,0.1,0.0
Long-short,2020-08-31,600028.SH,0.1,-0.1,-0.1
Long-short,2020-08-31,601857.SH,0.0,-0.1,-0.1
Long-short,2020-08-31,600276.SH,-0.1,0.1,0.1
Long-short,2020-08-31,002230.SZ,-0.1,0.0,0.0
Long-short,2020-08-31,002475.SZ,0.0,0.0,0.1
Long-short,2020-09-30,002371.SZ,-0.1,0.0,0.1
Long-short,2020-09-30,600309.SH,0.0,0.1,0.1
Long-short,2020-09-30,000333.SZ,0.0,0.0,0.0
Long-short,2020-09-30,600690.SH,0.0,0.0,0.0
Long-short,2020-09-30,000063.SZ,0.0,0.0,0.0
Long-short,2020-09-30,000100.SZ,0.0,0.0,0.1
Long-short,2020-09-30,000725.SZ,-0.1,-0.1,0.0
Long-short,2020-09-30,002415.SZ,0.0,0.1,0.0
Long-short,2020-09-30,600104.SH,0.1,-0.1,-0.1
Long-short,2020-09-30,000625.SZ,-0.1,-0.1,0.0
Long-short,2020-09-30,601633.SH,0.0,0.0,0.1
Long-short,2020-09-30,601766.SH,0.1,0.0,-0.1
Long-short,2020-09-30,601111.SH,0.0,0.0,0.0
Long-short,2020-09-30,601318.SH,0.1,0.1,-0.1
Long-short,2020-09-30,601398.SH,0.1,0.1,0.0
Long-short,2020-09-30,600028.SH,0.1,-0.1,-0.1
Long-short,2020-09-30,601857.SH,0.0,-0.1,-0.1
Long-short,2020-09-30,600276.SH,-0.1,0.1,0.0
Long-short,2020-09-30,002230.SZ,-0.1,0.0,0.0
Long-short,2020-09-30,002475.SZ,0.0,0.0,0.1
Long-short,2020-10-31,002371.SZ,-0.1,0.0,0.1
Long-short,2020-10-31,600309.SH,0.0,0.1,0.1
Long-short,2020-10-31,000333.SZ,0.0,0.0,0.0
Long-short,2020-10-31,600690.SH,0.0,0.0,0.0
Long-short,2020-10-31,000063.SZ,0.0,0.0,0.0
Long-short,2020-10-31,000100.SZ,0.0,0.0,0.1
Long-short,2020-10-31,000725.SZ,-0.1,-0.1,0.0
Long-short,2020-10-31,002415.SZ,0.0,0.1,0.0
Long-short,2020-10-31,600104.SH,0.1,-0.1,0.0
Long-short,2020-10-31,000625.SZ,-0.1,-0.1,0.0
Long-short,2020-10-31,601633.SH,0.0,0.0,0.1
Long-short,2020-10-31,601766.SH,0.1,0.0,-0.1
Long-short,2020-10-31,601111.SH,0.0,0.0,0.0
Long-short,2020-10-31,601318.SH,0.1,0.1,-0.1
Long-short,2020-10-31,601398.SH,0.1,0.1,-0.1
Long-short,2020-10-31,600028.SH,0.1,-0.1,-0.1
Long-short,2020-10-31,601857.SH,0.0,-0.1,-0.1
Long-short,2020-10-31,600276.SH,-0.1,0.1,0.0
Long-short,2020-10-31,002230.SZ,-0.1,0.0,0.0
Long-short,2020-10-31,002475.SZ,0.0,0.0,0.1
Long-short,2020-11-30,002371.SZ,-0.1,0.0,0.1
Long-short,2020-11-30,600309.SH,0.0,0.1,0.1
Long-short,2020-11-30,000333.SZ,0.0,0.0,0.0
Long-short,2020-11-30,600690.SH,0.0,0.0,0.0
Long-short,2020-11-30,000063.SZ,0.0,0.0,0.0
Long-short,2020-11-30,000100.SZ,0.0,0.0,0.0
Long-short,2020-11-30,000725.SZ,-0.1,-0.1,0.0
Long-short,2020-11-30,002415.SZ,0.0,0.1,0.0
Long-short,2020-11-30,600104.SH,0.1,-0.1,0.0
Long-short,2020-11-30,000625.SZ,-0.1,-0.1,0.1
Long-short,2020-11-30,601633.SH,0.0,0.0,0.1
Long-short,2020-11-30,601766.SH,0.1,0.0,-0.1
Long-short,2020-11-30,601111.SH,0.0,0.0,-0.1
Long-short,2020-11-30,601318.SH,0.1,0.1,0.0
Long-short,2020-11-30,601398.SH,0.1,0.1,-0.1
Long-short,2020-11-30,600028.SH,0.1,-0.1,-0.1
Long-short,2020-11-30,601857.SH,0.0,-0.1,-0.1
Long-short,2020-11-30,600276.SH,-0.1,0.1,0.0
Long-short,2020-11-30,002230.SZ,-0.1,0.0,0.0
Long-short,2020-11-30,002475.SZ,0.0,0.0,0.1
Long-short,2020-12-31,002371.SZ,-0.1,0.0,0.0
Long-short,2020-12-31,600309.SH,0.0,0.1,0.1
Long-short,2020-12-31,000333.SZ,0.0,0.0,0.1
Long-short,2020-12-31,600690.SH,0.0,0.0,0.0
Long-short,2020-12-31,000063.SZ,0.0,0.0,0.0
Long-short,2020-12-31,000100.SZ,0.0,0.0,0.0
Long-short,2020-12-31,000725.SZ,-0.1,-0.1,0.0
Long-short,2020-12-31,002415.SZ,0.0,0.1,0.0
Long-short,2020-12-31,600104.SH,0.1,-0.1,0.0
Long-short,2020-12-31,000625.SZ,-0.1,-0.1,0.1
Long-short,2020-12-31,601633.SH,0.0,0.0,0.1
Long-short,2020-12-31,601766.SH,0.1,0.0,-0.1
Long-short,2020-12-31,601111.SH,0.0,0.0,-0.1
Long-short,2020-12-31,601318.SH,0.1,0.1,0.0
Long-short,2020-12-31,601398.SH,0.1,0.1,-0.1
Long-short,2020-12-31,600028.SH,0.1,-0.1,-0.1
Long-short,2020-12-31,601857.SH,0.0,-0.1,-0.1
Long-short,2020-12-31,600276.SH,-0.1,0.1,0.0
Long-short,2020-12-31,002230.SZ,-0.1,0.0,0.0
Long-short,2020-12-31,002475.SZ,0.0,0.0,0.1
Long-short,2021-01-31,002371.SZ,-0.1,0.0,0.0
Long-short,2021-01-31,600309.SH,0.0,0.1,0.1
Long-short,2021-01-31,000333.SZ,0.0,0.0,0.1
Long-short,2021-01-31,600690.SH,0.0,0.0,0.0
Long-short,2021-01-31,000063.SZ,0.0,0.0,-0.1
Long-short,2021-01-31,000100.SZ,0.0,0.0,0.0
Long-short,2021-01-31,000725.SZ,-0.1,-0.1,0.0
Long-short,2021-01-31,002415.SZ,0.0,0.1,0.0
Long-short,2021-01-31,600104.SH,0.1,-0.1,0.0
Long-short,2021-01-31,000625.SZ,-0.1,-0.1,0.1
Long-short,2021-01-31,601633.SH,0.0,0.0,0.1
Long-short,2021-01-31,601766.SH,0.1,0.0,-0.1
Long-short,2021-01-31,601111.SH,0.0,0.0,0.0
Long-short,2021-01-31,601318.SH,0.1,0.1,0.0
Long-short,2021-01-31,601398.SH,0.1,0.1,-0.1
Long-short,2021-01-31,600028.SH,0.1,-0.1,-0.1
Long-short,2021-01-31,601857.SH,0.0,-0.1,-0.1
Long-short,2021-01-31,600276.SH,-0.1,0.1,0.1
Long-short,2021-01-31,002230.SZ,-0.1,0.0,0.0
Long-short,2021-01-31,002475.SZ,0.0,0.0,0.0
Long-short,2021-02-28,002371.SZ,-0.1,0.0,0.0
Long-short,2021-02-28,600309.SH,0.0,0.1,0.1
Long-short,2021-02-28,000333.SZ,0.0,0.0,0.1
Long-short,2021-02-28,600690.SH,0.0,0.0,0.1
Long-short,2021-02-28,000063.SZ,0.0,0.0,-0.1
Long-short,2021-02-28,000100.SZ,0.0,0.0,0.0
Long-short,2021-02-28,000725.SZ,-0.1,-0.1,0.0
Long-short,2021-02-28,002415.SZ,0.0,0.1,0.1
Long-short,2021-02-28,600104.SH,0.1,-0.1,0.0
Long-short,2021-02-28,000625.SZ,-0.1,-0.1,0.0
Long-short,2021-02-28,601633.SH,0.0,0.0,0.1
Long-short,2021-02-28,601766.SH,0.1,0.0,-0.1
Long-short,2021-02-28,601111.SH,0.0,0.0,-0.1
Long-short,2021-02-28,601318.SH,0.1,0.1,0.0
Long-short,2021-02-28,601398.SH,0.1,0.1,0.0
Long-short,2021-02-28,600028.SH,0.1,-0.1,-0.1
Long-short,2021-02-28,601857.SH,0.0,-0.1,-0.1
Long-short,2021-02-28,600276.SH,-0.1,0.1,0.0
Long-short,2021-02-28,002230.SZ,-0.1,0.0,0.0
Long-short,2021-02-28,002475.SZ,0.0,0.0,0.0
Long-short,2021-03-31,002371.SZ,-0.1,0.0,0.0
Long-short,2021-03-31,600309.SH,0.0,0.1,0.1
Long-short,2021-03-31,000333.SZ,0.0,0.0,0.1
Long-short,2021-03-31,600690.SH,0.0,0.0,0.1
Long-short,2021-03-31,000063.SZ,0.0,0.0,-0.1
Long-short,2021-03-31,000100.SZ,0.0,0.0,0.0
Long-short,2021-03-31,000725.SZ,-0.1,-0.1,0.0
Long-short,2021-03-31,002415.SZ,0.0,0.1,0.1
Long-short,2021-03-31,600104.SH,0.1,-0.1,-0.1
Long-short,2021-03-31,000625.SZ,-0.1,-0.1,0.0
Long-short,2021-03-31,601633.SH,0.0,0.0,0.1
Long-short,2021-03-31,601766.SH,0.1,0.0,-0.1
Long-short,2021-03-31,601111.SH,0.0,0.0,0.0
Long-short,2021-03-31,601318.SH,0.1,0.1,0.0
Long-short,2021-03-31,601398.SH,0.1,0.1,0.0
Long-short,2021-03-31,600028.SH,0.1,-0.1,-0.1
Long-short,2021-03-31,601857.SH,0.0,-0.1,-0.1
Long-short,2021-03-31,600276.SH,-0.1,0.1,0.0
Long-short,2021-03-31,002230.SZ,-0.1,0.0,0.0
Long-short,2021-03-31,002475.SZ,0.0,0.0,0.0
Long-short,2021-04-30,002371.SZ,-0.1,0.0,-0.1
Long-short,2021-04-30,600309.SH,0.0,0.1,0.1
Long-short,2021-04-30,000333.SZ,0.0,0.0,0.1
Long-short,2021-04-30,600690.SH,0.0,0.0,0.1
Long-short,2021-04-30,000063.SZ,0.0,0.0,-0.1
Long-short,2021-04-30,000100.SZ,0.0,0.0,0.1
Long-short,2021-04-30,000725.SZ,-0.1,-0.1,0.0
Long-short,2021-04-30,002415.SZ,0.0,0.1,0.0
Long-short,2021-04-30,600104.SH,0.1,-0.1,0.0
Long-short,2021-04-30,000625.SZ,-0.1,-0.1,0.0
Long-short,2021-04-30,601633.SH,0.0,0.0,0.1
Long-short,2021-04-30,601766.SH,0.1,0.0,-0.1
Long-short,2021-04-30,601111.SH,0.0,0.0,0.0
Long-short,2021-04-30,601318.SH,0.1,0.1,0.0
Long-short,2021-04-30,601398.SH,0.1,0.1,0.0
Long-short,2021-04-30,600028.SH,0.1,-0.1,0.0
Long-short,2021-04-30,601857.SH,0.0,-0.1,-0.1
Long-short,2021-04-30,600276.SH,-0.1,0.1,0.0
Long-short,2021-04-30,002230.SZ,-0.1,0.0,0.0
Long-short,2021-04-30,002475.SZ,0.0,0.0,-0.1
Long-short,2021-05-31,002371.SZ,-0.1,0.0,-0.1
Long-short,2021-05-31,600309.SH,0.0,0.1,0.1
Long-short,2021-05-31,000333.SZ,0.0,0.0,0.0
Long-short,2021-05-31,600690.SH,0.0,0.0,0.1
Long-short,2021-05-31,000063.SZ,0.0,0.0,-0.1
Long-short,2021-05-31,000100.SZ,0.0,0.0,0.0
Long-short,2021-05-31,000725.SZ,-0.1,-0.1,0.1
Long-short,2021-05-31,002415.SZ,0.0,0.1,0.1
Long-short,2021-05-31,600104.SH,0.1,-0.1,0.0
Long-short,2021-05-31,000625.SZ,-0.1,-0.1,0.0
Long-short,2021-05-31,601633.SH,0.0,0.0,0.1
Long-short,2021-05-31,601766.SH,0.1,0.0,-0.1
Long-short,2021-05-31,601111.SH,0.0,0.0,0.0
Long-short,2021-05-31,601318.SH,0.1,0.1,0.0
Long-short,2021-05-31,601398.SH,0.1,0.1,0.0
Long-short,2021-05-31,600028.SH,0.1,-0.1,0.0
Long-short,2021-05-31,601857.SH,0.0,-0.1,0.0
Long-short,2021-05-31,600276.SH,-0.1,0.1,-0.1
Long-short,2021-05-31,002230.SZ,-0.1,0.0,0.0
Long-short,2021-05-31,002475.SZ,0.0,0.0,-0.1
Long-short,2021-06-30,002371.SZ,-0.1,0.0,-0.1
Long-short,2021-06-30,600309.SH,0.0,0.1,0.1
Long-short,2021-06-30,000333.SZ,0.0,0.0,0.0
Long-short,2021-06-30,600690.SH,0.0,0.0,0.1
Long-short,2021-06-30,000063.SZ,0.0,0.0,-0.1
Long-short,2021-06-30,000100.SZ,0.0,0.0,0.0
Long-short,2021-06-30,000725.SZ,0.0,-0.1,0.0
Long-short,2021-06-30,002415.SZ,0.0,0.1,0.1
Long-short,2021-06-30,600104.SH,0.1,-0.1,0.0
Long-short,2021-06-30,000625.SZ,0.0,0.0,0.1
Long-short,2021-06-30,601633.SH,-0.1,0.0,0.1
Long-short,2021-06-30,601766.SH,0.1,0.0,0.0
Long-short,2021-06-30,601111.SH,-0.1,-0.1,0.0
Long-short,2021-06-30,601318.SH,0.1,0.1,-0.1
Long-short,2021-06-30,601398.SH,0.1,0.1,0.0
Long-short,2021-06-30,600028.SH,0.1,-0.1,0.0
Long-short,2021-06-30,601857.SH,0.0,-0.1,0.0
Long-short,2021-06-30,600276.SH,-0.1,0.1,-0.1
Long-short,2021-06-30,002230.SZ,-0.1,0.0,0.0
Long-short,2021-06-30,002475.SZ,0.0,0.0,-0.1
Long-short,2021-07-31,002371.SZ,-0.1,0.0,0.0
Long-short,2021-07-31,600309.SH,0.0,0.1,0.1
Long-short,2021-07-31,000333.SZ,0.0,0.0,-0.1
Long-short,2021-07-31,600690.SH,0.0,0.0,0.0
Long-short,2021-07-31,000063.SZ,0.0,0.0,-0.1
Long-short,2021-07-31,000100.SZ,0.0,0.0,0.0
Long-short,2021-07-31,000725.SZ,0.0,-0.1,0.0
Long-short,2021-07-31,002415.SZ,0.0,0.1,0.1
Long-short,2021-07-31,600104.SH,0.1,-0.1,0.0
Long-short,2021-07-31,000625.SZ,0.0,0.0,0.1
Long-short,2021-07-31,601633.SH,-0.1,0.0,0.1
Long-short,2021-07-31,601766.SH,0.1,0.0,0.0
Long-short,2021-07-31,601111.SH,-0.1,-0.1,0.0
Long-short,2021-07-31,601318.SH,0.1,0.1,-0.1
Long-short,2021-07-31,601398.SH,0.1,0.1,0.0
Long-short,2021-07-31,600028.SH,0.1,-0.1,0.0
Long-short,2021-07-31,601857.SH,0.0,-0.1,0.0
Long-short,2021-07-31,600276.SH,-0.1,0.1,-0.1
Long-short,2021-07-31,002230.SZ,-0.1,0.0,0.1
Long-short,2021-07-31,002475.SZ,0.0,0.0,-0.1
Long-short,2021-08-31,002371.SZ,-0.1,0.0,0.1
Long-short,2021-08-31,600309.SH,0.0,0.1,0.0
Long-short,2021-08-31,000333.SZ,0.1,0.0,-0.1
Long-short,2021-08-31,600690.SH,0.0,0.0,0.0
Long-short,2021-08-31,000063.SZ,0.0,0.0,0.0
Long-short,2021-08-31,000100.SZ,0.0,0.0,0.0
Long-short,2021-08-31,000725.SZ,0.0,-0.1,0.0
Long-short,2021-08-31,002415.SZ,0.0,0.1,0.1
Long-short,2021-08-31,600104.SH,0.1,-0.1,0.0
Long-short,2021-08-31,000625.SZ,0.0,0.0,0.1
Long-short,2021-08-31,601633.SH,-0.1,0.0,0.1
Long-short,2021-08-31,601766.SH,0.0,0.0,0.0
Long-short,2021-08-31,601111.SH,-0.1,-0.1,-0.1
Long-short,2021-08-31,601318.SH,0.1,0.1,-0.1
Long-short,2021-08-31,601398.SH,0.1,0.1,0.0
Long-short,2021-08-31,600028.SH,0.1,-0.1,0.0
Long-short,2021-08-31,601857.SH,-0.1,-0.1,0.0
Long-short,2021-08-31,600276.SH,0.0,0.1,-0.1
Long-short,2021-08-31,002230.SZ,-0.1,0.0,0.1
Long-short,2021-08-31,002475.SZ,0.0,0.0,-0.1
Long-short,2021-09-30,002371.SZ,-0.1,0.0,0.1
Long-short,2021-09-30,600309.SH,0.0,0.1,0.0
Long-short,2021-09-30,000333.SZ,0.0,0.0,-0.1
Long-short,2021-09-30,600690.SH,0.0,0.0,0.0
Long-short,2021-09-30,000063.SZ,0.0,0.0,0.0
Long-short,2021-09-30,000100.SZ,0.0,0.0,0.0
Long-short,2021-09-30,000725.SZ,0.0,-0.1,0.0
Long-short,2021-09-30,002415.SZ,0.0,0.1,0.1
Long-short,2021-09-30,600104.SH,0.1,-0.1,0.0
Long-short,2021-09-30,000625.SZ,0.0,0.0,0.1
Long-short,2021-09-30,601633.SH,-0.1,0.0,0.1
Long-short,2021-09-30,601766.SH,0.1,0.0,0.0
Long-short,2021-09-30,601111.SH,-0.1,-0.1,-0.1
Long-short,2021-09-30,601318.SH,0.1,0.1,-0.1
Long-short,2021-09-30,601398.SH,0.1,0.1,0.0
Long-short,2021-09-30,600028.SH,0.1,-0.1,0.0
Long-short,2021-09-30,601857.SH,-0.1,-0.1,0.0
Long-short,2021-09-30,600276.SH,0.0,0.1,-0.1
Long-short,2021-09-30,002230.SZ,-0.1,0.0,0.1
Long-short,2021-09-30,002475.SZ,0.0,0.0,-0.1
Long-short,2021-10-31,002371.SZ,-0.1,0.0,0.1
Long-short,2021-10-31,600309.SH,0.0,0.1,0.0
Long-short,2021-10-31,000333.SZ,0.0,0.0,-0.1
Long-short,2021-10-31,600690.SH,0.0,0.0,0.0
Long-short,2021-10-31,000063.SZ,0.0,0.0,0.0
Long-short,2021-10-31,000100.SZ,0.0,0.0,0.0
Long-short,2021-10-31,000725.SZ,0.0,-0.1,0.0
Long-short,2021-10-31,002415.SZ,0.0,0.1,0.0
Long-short,2021-10-31,600104.SH,0.1,-0.1,-0.1
Long-short,2021-10-31,000625.SZ,0.0,0.0,0.0
Long-short,2021-10-31,601633.SH,-0.1,0.0,0.1
Long-short,2021-10-31,601766.SH,0.1,0.0,0.0
Long-short,2021-10-31,601111.SH,-0.1,-0.1,0.0
Long-short,2021-10-31,601318.SH,0.1,0.1,-0.1
Long-short,2021-10-31,601398.SH,0.1,0.1,0.0
Long-short,2021-10-31,600028.SH,0.1,-0.1,0.1
Long-short,2021-10-31,601857.SH,-0.1,-0.1,0.1
Long-short,2021-10-31,600276.SH,0.0,0.1,-0.1
Long-short,2021-10-31,002230.SZ,-0.1,0.0,0.1
Long-short,2021-10-31,002475.SZ,0.0,0.0,-0.1
Long-short,2021-11-30,002371.SZ,-0.1,0.0,0.1
Long-short,2021-11-30,600309.SH,0.0,0.1,0.1
Long-short,2021-11-30,000333.SZ,0.0,0.0,-0.1
Long-short,2021-11-30,600690.SH,0.0,0.0,0.0
Long-short,2021-11-30,000063.SZ,0.0,0.0,0.0
Long-short,2021-11-30,000100.SZ,0.0,0.0,0.0
Long-short,2021-11-30,000725.SZ,0.0,-0.1,0.0
Long-short,2021-11-30,002415.SZ,0.0,0.1,0.0
Long-short,2021-11-30,600104.SH,0.1,-0.1,-0.1
Long-short,2021-11-30,000625.SZ,0.0,0.0,0.0
Long-short,2021-11-30,601633.SH,-0.1,0.0,0.1
Long-short,2021-11-30,601766.SH,0.1,0.0,0.0
Long-short,2021-11-30,601111.SH,-0.1,-0.1,0.0
Long-short,2021-11-30,601318.SH,0.1,0.1,-0.1
Long-short,2021-11-30,601398.SH,0.1,0.1,-0.1
Long-short,2021-11-30,600028.SH,0.1,-0.1,0.0
Long-short,2021-11-30,601857.SH,0.0,-0.1,0.1
Long-short,2021-11-30,600276.SH,-0.1,0.1,-0.1
Long-short,2021-11-30,002230.SZ,-0.1,0.0,0.1
Long-short,2021-11-30,002475.SZ,0.0,0.0,0.0
Long-short,2021-12-31,002371.SZ,-0.1,0.0,0.1
Long-short,2021-12-31,600309.SH,0.0,0.1,0.0
Long-short,2021-12-31,000333.SZ,0.0,0.0,-0.1
Long-short,2021-12-31,600690.SH,0.0,0.0,0.0
Long-short,2021-12-31,000063.SZ,0.0,0.0,0.0
Long-short,2021-12-31,000100.SZ,0.0,0.0,0.0
Long-short,2021-12-31,000725.SZ,0.0,-0.1,-0.1
Long-short,2021-12-31,002415.SZ,0.0,0.1,0.0
Long-short,2021-12-31,600104.SH,0.1,-0.1,0.0
Long-short,2021-12-31,000625.SZ,0.0,0.0,0.0
Long-short,2021-12-31,601633.SH,-0.1,0.0,0.1
Long-short,2021-12-31,601766.SH,0.1,0.0,0.0
Long-short,2021-12-31,601111.SH,-0.1,-0.1,0.0
Long-short,2021-12-31,601318.SH,0.1,0.1,-0.1
Long-short,2021-12-31,601398.SH,0.1,0.1,0.0
Long-short,2021-12-31,600028.SH,0.1,-0.1,0.1
Long-short,2021-12-31,601857.SH,0.0,-0.1,0.1
Long-short,2021-12-31,600276.SH,-0.1,0.1,-0.1
Long-short,2021-12-31,002230.SZ,-0.1,0.0,0.1
Long-short,2021-12-31,002475.SZ,0.0,0.0,-0.1
Long-short,2022-01-31,002371.SZ,-0.1,0.0,0.1
Long-short,2022-01-31,600309.SH,0.0,0.1,0.0
Long-short,2022-01-31,000333.SZ,0.0,0.0,-0.1
Long-short,2022-01-31,600690.SH,0.0,0.0,0.0
Long-short,2022-01-31,000063.SZ,0.0,0.0,0.0
Long-short,2022-01-31,000100.SZ,0.0,0.0,-0.1
Long-short,2022-01-31,000725.SZ,0.0,-0.1,-0.1
Long-short,2022-01-31,002415.SZ,0.0,0.1,0.0
Long-short,2022-01-31,600104.SH,0.1,-0.1,0.0
Long-short,2022-01-31,000625.SZ,0.0,0.0,0.1
Long-short,2022-01-31,601633.SH,-0.1,0.0,0.0
Long-short,2022-01-31,601766.SH,0.1,0.0,0.0
Long-short,2022-01-31,601111.SH,-0.1,-0.1,0.1
Long-short,2022-01-31,601318.SH,0.1,0.1,-0.1
Long-short,2022-01-31,601398.SH,0.1,0.1,0.0
Long-short,2022-01-31,600028.SH,0.1,-0.1,0.1
Long-short,2022-01-31,601857.SH,-0.1,-0.1,0.1
Long-short,2022-01-31,600276.SH,0.0,0.1,-0.1
Long-short,2022-01-31,002230.SZ,-0.1,0.0,0.0
Long-short,2022-01-31,002475.SZ,0.0,0.0,0.0
Long-short,2022-02-28,002371.SZ,-0.1,0.0,0.1
Long-short,2022-02-28,600309.SH,0.0,0.1,-0.1
Long-short,2022-02-28,000333.SZ,0.0,0.0,0.0
Long-short,2022-02-28,600690.SH,0.0,0.0,0.0
Long-short,2022-02-28,000063.SZ,0.0,0.0,0.0
Long-short,2022-02-28,000100.SZ,0.0,0.0,-0.1
Long-short,2022-02-28,000725.SZ,0.0,-0.1,-0.1
Long-short,2022-02-28,002415.SZ,0.0,0.1,0.0
Long-short,2022-02-28,600104.SH,0.1,-0.1,0.0
Long-short,2022-02-28,000625.SZ,0.0,0.0,0.0
Long-short,2022-02-28,601633.SH,-0.1,0.0,0.1
Long-short,2022-02-28,601766.SH,0.1,0.0,0.0
Long-short,2022-02-28,601111.SH,-0.1,-0.1,0.1
Long-short,2022-02-28,601318.SH,0.1,0.1,-0.1
Long-short,2022-02-28,601398.SH,0.1,0.1,0.0
Long-short,2022-02-28,600028.SH,0.1,-0.1,0.1
Long-short,2022-02-28,601857.SH,-0.1,-0.1,0.1
Long-short,2022-02-28,600276.SH,0.0,0.1,-0.1
Long-short,2022-02-28,002230.SZ,-0.1,0.0,0.0
Long-short,2022-02-28,002475.SZ,0.0,0.0,0.0
Long-short,2022-03-31,002371.SZ,-0.1,0.0,0.1
Long-short,2022-03-31,600309.SH,0.0,0.1,0.0
Long-short,2022-03-31,000333.SZ,0.1,0.0,0.0
Long-short,2022-03-31,600690.SH,0.0,0.0,0.0
Long-short,2022-03-31,000063.SZ,0.0,0.0,0.0
Long-short,2022-03-31,000100.SZ,0.0,0.0,-0.1
Long-short,2022-03-31,000725.SZ,0.0,-0.1,-0.1
Long-short,2022-03-31,002415.SZ,0.0,0.1,0.0
Long-short,2022-03-31,600104.SH,0.1,-0.1,0.0
Long-short,2022-03-31,000625.SZ,0.0,0.0,0.1
Long-short,2022-03-31,601633.SH,-0.1,0.0,0.1
Long-short,2022-03-31,601766.SH,0.1,0.0,0.0
Long-short,2022-03-31,601111.SH,-0.1,-0.1,0.0
Long-short,2022-03-31,601318.SH,0.1,0.1,-0.1
Long-short,2022-03-31,601398.SH,0.1,0.1,-0.1
Long-short,2022-03-31,600028.SH,0.0,-0.1,0.0
Long-short,2022-03-31,601857.SH,-0.1,-0.1,0.1
Long-short,2022-03-31,600276.SH,0.0,0.1,-0.1
Long-short,2022-03-31,002230.SZ,-0.1,0.0,0.0
Long-short,2022-03-31,002475.SZ,0.0,0.0,0.1
Long-short,2022-04-30,002371.SZ,-0.1,0.0,0.1
Long-short,2022-04-30,600309.SH,0.0,0.1,0.0
Long-short,2022-04-30,000333.SZ,0.0,0.0,0.0
Long-short,2022-04-30,600690.SH,0.0,0.0,0.0
Long-short,2022-04-30,000063.SZ,0.0,0.0,0.0
Long-short,2022-04-30,000100.SZ,0.1,0.0,-0.1
Long-short,2022-04-30,000725.SZ,0.0,-0.1,-0.1
Long-short,2022-04-30,002415.SZ,0.0,0.1,-0.1
Long-short,2022-04-30,600104.SH,0.1,-0.1,0.0
Long-short,2022-04-30,000625.SZ,0.0,0.0,0.1
Long-short,2022-04-30,601633.SH,-0.1,0.0,0.0
Long-short,2022-04-30,601766.SH,0.1,0.0,0.0
Long-short,2022-04-30,601111.SH,-0.1,-0.1,0.1
Long-short,2022-04-30,601318.SH,0.1,0.1,-0.1
Long-short,2022-04-30,601398.SH,0.1,0.1,0.0
Long-short,2022-04-30,600028.SH,0.0,-0.1,0.1
Long-short,2022-04-30,601857.SH,-0.1,-0.1,0.1
Long-short,2022-04-30,600276.SH,0.0,0.1,-0.1
Long-short,2022-04-30,002230.SZ,-0.1,0.0,0.0
Long-short,2022-04-30,002475.SZ,0.0,0.0,0.0
Long-short,2022-05-31,002371.SZ,-0.1,0.0,0.1
Long-short,2022-05-31,600309.SH,0.0,0.1,0.0
Long-short,2022-05-31,000333.SZ,0.1,0.0,0.0
Long-short,2022-05-31,600690.SH,0.0,0.0,0.0
Long-short,2022-05-31,000063.SZ,0.0,0.0,0.0
Long-short,2022-05-31,000100.SZ,0.0,0.0,-0.1
Long-short,2022-05-31,000725.SZ,0.0,-0.1,-0.1
Long-short,2022-05-31,002415.SZ,0.0,0.1,-0.1
Long-short,2022-05-31,600104.SH,0.1,-0.1,0.0
Long-short,2022-05-31,000625.SZ,0.0,0.0,0.0
Long-short,2022-05-31,601633.SH,-0.1,0.0,0.0
Long-short,2022-05-31,601766.SH,0.1,0.0,0.0
Long-short,2022-05-31,601111.SH,-0.1,-0.1,0.1
Long-short,2022-05-31,601318.SH,0.1,0.1,-0.1
Long-short,2022-05-31,601398.SH,0.1,0.1,0.0
Long-short,2022-05-31,600028.SH,0.0,-0.1,0.1
Long-short,2022-05-31,601857.SH,-0.1,-0.1,0.1
Long-short,2022-05-31,600276.SH,0.0,0.1,-0.1
Long-short,2022-05-31,002230.SZ,-0.1,0.0,0.0
Long-short,2022-05-31,002475.SZ,0.0,0.0,0.1
Long-short,2022-06-30,002371.SZ,-0.1,0.0,0.1
Long-short,2022-06-30,600309.SH,0.0,0.1,0.0
Long-short,2022-06-30,000333.SZ,0.0,0.0,0.0
Long-short,2022-06-30,600690.SH,0.0,0.0,0.1
Long-short,2022-06-30,000063.SZ,0.0,0.0,0.0
Long-short,2022-06-30,000100.SZ,0.1,0.0,-0.1
Long-short,2022-06-30,000725.SZ,0.1,0.1,-0.1
Long-short,2022-06-30,002415.SZ,0.0,0.1,-0.1
Long-short,2022-06-30,600104.SH,0.0,-0.1,0.0
Long-short,2022-06-30,000625.SZ,0.0,-0.1,0.0
Long-short,2022-06-30,601633.SH,-0.1,0.0,0.0
Long-short,2022-06-30,601766.SH,0.0,0.0,0.0
Long-short,2022-06-30,601111.SH,-0.1,-0.1,0.1
Long-short,2022-06-30,601318.SH,0.1,0.0,0.0
Long-short,2022-06-30,601398.SH,0.1,0.1,0.0
Long-short,2022-06-30,600028.SH,0.1,-0.1,0.1
Long-short,2022-06-30,601857.SH,0.0,-0.1,0.1
Long-short,2022-06-30,600276.SH,-0.1,0.1,-0.1
Long-short,2022-06-30,002230.SZ,-0.1,0.0,-0.1
Long-short,2022-06-30,002475.SZ,0.0,0.0,0.0
Long-short,2022-07-31,002371.SZ,-0.1,0.0,0.0
Long-short,2022-07-31,600309.SH,0.0,0.1,0.0
Long-short,2022-07-31,000333.SZ,0.0,0.0,0.0
Long-short,2022-07-31,600690.SH,0.0,0.0,0.0
Long-short,2022-07-31,000063.SZ,0.0,0.0,-0.1
Long-short,2022-07-31,000100.SZ,0.1,0.0,-0.1
Long-short,2022-07-31,000725.SZ,0.1,0.1,-0.1
Long-short,2022-07-31,002415.SZ,0.0,0.1,-0.1
Long-short,2022-07-31,600104.SH,0.0,-0.1,0.0
Long-short,2022-07-31,000625.SZ,-0.1,-0.1,0.1
Long-short,2022-07-31,601633.SH,0.0,0.0,0.0
Long-short,2022-07-31,601766.SH,0.0,0.0,0.0
Long-short,2022-07-31,601111.SH,-0.1,-0.1,0.1
Long-short,2022-07-31,601318.SH,0.1,0.0,0.0
Long-short,2022-07-31,601398.SH,0.1,0.1,0.1
Long-short,2022-07-31,600028.SH,0.1,-0.1,0.1
Long-short,2022-07-31,601857.SH,0.0,-0.1,0.1
Long-short,2022-07-31,600276.SH,-0.1,0.1,0.0
Long-short,2022-07-31,002230.SZ,-0.1,0.0,-0.1
Long-short,2022-07-31,002475.SZ,0.0,0.0,0.0
Long-short,2022-08-31,002371.SZ,-0.1,0.0,0.0
Long-short,2022-08-31,600309.SH,0.0,0.1,0.0
Long-short,2022-08-31,000333.SZ,0.0,0.0,0.0
Long-short,2022-08-31,600690.SH,0.0,0.0,0.0
Long-short,2022-08-31,000063.SZ,0.0,0.0,-0.1
Long-short,2022-08-31,000100.SZ,0.1,0.0,-0.1
Long-short,2022-08-31,000725.SZ,0.1,0.1,-0.1
Long-short,2022-08-31,002415.SZ,0.0,0.1,-0.1
Long-short,2022-08-31,600104.SH,0.1,-0.1,0.0
Long-short,2022-08-31,000625.SZ,0.0,-0.1,0.1
Long-short,2022-08-31,601633.SH,-0.1,0.0,-0.1
Long-short,2022-08-31,601766.SH,0.0,0.0,0.0
Long-short,2022-08-31,601111.SH,-0.1,-0.1,0.1
Long-short,2022-08-31,601318.SH,0.0,0.0,0.0
Long-short,2022-08-31,601398.SH,0.1,0.1,0.1
Long-short,2022-08-31,600028.SH,0.1,-0.1,0.1
Long-short,2022-08-31,601857.SH,0.0,-0.1,0.1
Long-short,2022-08-31,600276.SH,-0.1,0.1,0.0
Long-short,2022-08-31,002230.SZ,-0.1,0.0,0.0
Long-short,2022-08-31,002475.SZ,0.0,0.0,0.0
Long-short,2022-09-30,002371.SZ,-0.1,0.0,0.0
Long-short,2022-09-30,600309.SH,0.0,0.1,0.0
Long-short,2022-09-30,000333.SZ,0.0,0.0,0.0
Long-short,2022-09-30,600690.SH,0.0,0.0,0.1
Long-short,2022-09-30,000063.SZ,0.0,0.0,-0.1
Long-short,2022-09-30,000100.SZ,0.1,0.0,-0.1
Long-short,2022-09-30,000725.SZ,0.1,0.1,-0.1
Long-short,2022-09-30,002415.SZ,0.0,0.1,-0.1
Long-short,2022-09-30,600104.SH,0.1,-0.1,0.0
Long-short,2022-09-30,000625.SZ,0.0,-0.1,0.1
Long-short,2022-09-30,601633.SH,-0.1,0.0,0.0
Long-short,2022-09-30,601766.SH,0.0,0.0,-0.1
Long-short,2022-09-30,601111.SH,-0.1,-0.1,0.1
Long-short,2022-09-30,601318.SH,0.0,0.0,0.0
Long-short,2022-09-30,601398.SH,0.1,0.1,0.0
Long-short,2022-09-30,600028.SH,0.1,-0.1,0.1
Long-short,2022-09-30,601857.SH,0.0,-0.1,0.0
Long-short,2022-09-30,600276.SH,-0.1,0.1,0.0
Long-short,2022-09-30,002230.SZ,-0.1,0.0,0.0
Long-short,2022-09-30,002475.SZ,0.0,0.0,0.1
Long-short,2022-10-31,002371.SZ,-0.1,0.0,0.0
Long-short,2022-10-31,600309.SH,0.0,0.1,0.0
Long-short,2022-10-31,000333.SZ,0.0,0.0,0.0
Long-short,2022-10-31,600690.SH,0.0,0.0,0.0
Long-short,2022-10-31,000063.SZ,0.0,0.0,-0.1
Long-short,2022-10-31,000100.SZ,0.1,0.0,-0.1
Long-short,2022-10-31,000725.SZ,0.1,0.1,-0.1
Long-short,2022-10-31,002415.SZ,0.0,0.1,-0.1
Long-short,2022-10-31,600104.SH,0.1,-0.1,0.0
Long-short,2022-10-31,000625.SZ,0.0,-0.1,0.1
Long-short,2022-10-31,601633.SH,-0.1,0.0,0.0
Long-short,2022-10-31,601766.SH,0.0,0.0,0.0
Long-short,2022-10-31,601111.SH,-0.1,-0.1,0.1
Long-short,2022-10-31,601318.SH,0.1,0.0,0.0
Long-short,2022-10-31,601398.SH,0.1,0.1,0.1
Long-short,2022-10-31,600028.SH,0.0,-0.1,0.1
Long-short,2022-10-31,601857.SH,0.0,-0.1,0.1
Long-short,2022-10-31,600276.SH,-0.1,0.1,0.0
Long-short,2022-10-31,002230.SZ,-0.1,0.0,-0.1
Long-short,2022-10-31,002475.SZ,0.0,0.0,0.0
Long-short,2022-11-30,002371.SZ,-0.1,0.0,0.0
Long-short,2022-11-30,600309.SH,0.0,0.1,0.1
Long-short,2022-11-30,000333.SZ,0.0,0.0,-0.1
Long-short,2022-11-30,600690.SH,0.0,0.0,0.0
Long-short,2022-11-30,000063.SZ,0.0,0.0,0.0
Long-short,2022-11-30,000100.SZ,0.1,0.0,0.0
Long-short,2022-11-30,000725.SZ,0.1,0.1,-0.1
Long-short,2022-11-30,002415.SZ,0.0,0.1,-0.1
Long-short,2022-11-30,600104.SH,0.1,-0.1,-0.1
Long-short,2022-11-30,000625.SZ,0.0,-0.1,0.0
Long-short,2022-11-30,601633.SH,-0.1,0.0,0.0
Long-short,2022-11-30,601766.SH,0.0,0.0,0.0
Long-short,2022-11-30,601111.SH,-0.1,-0.1,0.1
Long-short,2022-11-30,601318.SH,0.0,0.0,0.0
Long-short,2022-11-30,601398.SH,0.1,0.1,0.1
Long-short,2022-11-30,600028.SH,0.1,-0.1,0.1
Long-short,2022-11-30,601857.SH,0.0,-0.1,0.1
Long-short,2022-11-30,600276.SH,-0.1,0.1,0.0
Long-short,2022-11-30,002230.SZ,-0.1,0.0,-0.1
Long-short,2022-11-30,002475.SZ,0.0,0.0,0.0
Long-short,2022-12-31,002371.SZ,-0.1,0.0,0.0
Long-short,2022-12-31,600309.SH,0.0,0.1,0.0
Long-short,2022-12-31,000333.SZ,0.0,0.0,0.0
Long-short,2022-12-31,600690.SH,0.0,0.0,0.0
Long-short,2022-12-31,000063.SZ,0.0,0.0,0.0
Long-short,2022-12-31,000100.SZ,0.1,0.0,-0.1
Long-short,2022-12-31,000725.SZ,0.1,0.1,-0.1
Long-short,2022-12-31,002415.SZ,0.0,0.1,-0.1
Long-short,2022-12-31,600104.SH,0.1,-0.1,-0.1
Long-short,2022-12-31,000625.SZ,0.0,-0.1,0.1
Long-short,2022-12-31,601633.SH,-0.1,0.0,0.0
Long-short,2022-12-31,601766.SH,0.0,0.0,0.0
Long-short,2022-12-31,601111.SH,-0.1,-0.1,0.1
Long-short,2022-12-31,601318.SH,0.0,0.0,0.0
Long-short,2022-12-31,601398.SH,0.1,0.1,0.1
Long-short,2022-12-31,600028.SH,0.1,-0.1,0.1
Long-short,2022-12-31,601857.SH,0.0,-0.1,0.1
Long-short,2022-12-31,600276.SH,-0.1,0.1,0.0
Long-short,2022-12-31,002230.SZ,-0.1,0.0,-0.1
Long-short,2022-12-31,002475.SZ,0.0,0.0,0.0
Long-short,2023-01-31,002371.SZ,-0.1,0.0,0.0
Long-short,2023-01-31,600309.SH,0.0,0.1,0.0
Long-short,2023-01-31,000333.SZ,0.0,0.0,-0.1
Long-short,2023-01-31,600690.SH,0.0,0.0,0.0
Long-short,2023-01-31,000063.SZ,0.0,0.0,0.0
Long-short,2023-01-31,000100.SZ,0.1,0.0,-0.1
Long-short,2023-01-31,000725.SZ,0.1,0.1,-0.1
Long-short,2023-01-31,002415.SZ,0.0,0.1,0.0
Long-short,2023-01-31,600104.SH,0.1,-0.1,-0.1
Long-short,2023-01-31,000625.SZ,0.0,-0.1,0.1
Long-short,2023-01-31,601633.SH,-0.1,0.0,0.0
Long-short,2023-01-31,601766.SH,0.0,0.0,0.0
Long-short,2023-01-31,601111.SH,-0.1,-0.1,0.1
Long-short,2023-01-31,601318.SH,0.0,0.0,0.1
Long-short,2023-01-31,601398.SH,0.1,0.1,0.0
Long-short,2023-01-31,600028.SH,0.1,-0.1,0.1
Long-short,2023-01-31,601857.SH,0.0,-0.1,0.1
Long-short,2023-01-31,600276.SH,-0.1,0.1,0.0
Long-short,2023-01-31,002230.SZ,-0.1,0.0,-0.1
Long-short,2023-01-31,002475.SZ,0.0,0.0,0.0
Long-short,2023-02-28,002371.SZ,-0.1,0.0,0.1
Long-short,2023-02-28,600309.SH,0.0,0.1,0.0
Long-short,2023-02-28,000333.SZ,0.0,0.0,-0.1
Long-short,2023-02-28,600690.SH,0.0,0.0,0.1
Long-short,2023-02-28,000063.SZ,0.0,0.0,0.0
Long-short,2023-02-28,000100.SZ,0.1,0.0,-0.1
Long-short,2023-02-28,000725.SZ,0.1,0.1,-0.1
Long-short,2023-02-28,002415.SZ,0.0,0.1,0.0
Long-short,2023-02-28,600104.SH,0.1,-0.1,-0.1
Long-short,2023-02-28,000625.SZ,0.0,-0.1,0.1
Long-short,2023-02-28,601633.SH,-0.1,0.0,0.0
Long-short,2023-02-28,601766.SH,0.0,0.0,0.0
Long-short,2023-02-28,601111.SH,-0.1,-0.1,0.0
Long-short,2023-02-28,601318.SH,0.0,0.0,0.0
Long-short,2023-02-28,601398.SH,0.1,0.1,0.0
Long-short,2023-02-28,600028.SH,0.1,-0.1,0.1
Long-short,2023-02-28,601857.SH,0.0,-0.1,0.0
Long-short,2023-02-28,600276.SH,-0.1,0.1,0.1
Long-short,2023-02-28,002230.SZ,-0.1,0.0,0.0
Long-short,2023-02-28,002475.SZ,0.0,0.0,-0.1
Long-short,2023-03-31,002371.SZ,-0.1,0.0,-0.1
Long-short,2023-03-31,600309.SH,0.0,0.1,0.1
Long-short,2023-03-31,000333.SZ,0.0,0.0,0.0
Long-short,2023-03-31,600690.SH,0.0,0.0,0.0
Long-short,2023-03-31,000063.SZ,0.0,0.0,0.1
Long-short,2023-03-31,000100.SZ,0.1,0.0,-0.1
Long-short,2023-03-31,000725.SZ,0.1,0.1,0.0
Long-short,2023-03-31,002415.SZ,0.0,0.1,-0.1
Long-short,2023-03-31,600104.SH,0.1,-0.1,-0.1
Long-short,2023-03-31,000625.SZ,0.0,-0.1,0.1
Long-short,2023-03-31,601633.SH,-0.1,0.0,0.0
Long-short,2023-03-31,601766.SH,0.0,0.0,0.1
Long-short,2023-03-31,601111.SH,-0.1,-0.1,0.0
Long-short,2023-03-31,601318.SH,0.1,0.0,0.0
Long-short,2023-03-31,601398.SH,0.1,0.1,0.0
Long-short,2023-03-31,600028.SH,0.0,-0.1,0.1
Long-short,2023-03-31,601857.SH,0.0,-0.1,0.0
Long-short,2023-03-31,600276.SH,-0.1,0.1,0.0
Long-short,2023-03-31,002230.SZ,-0.1,0.0,0.0
Long-short,2023-03-31,002475.SZ,0.0,0.0,-0.1
Long-short,2023-04-30,002371.SZ,-0.1,0.0,0.0
Long-short,2023-04-30,600309.SH,0.0,0.1,0.0
Long-short,2023-04-30,000333.SZ,0.0,0.0,-0.1
Long-short,2023-04-30,600690.SH,0.0,0.0,-0.1
Long-short,2023-04-30,000063.SZ,0.0,0.0,0.1
Long-short,2023-04-30,000100.SZ,0.1,0.0,-0.1
Long-short,2023-04-30,000725.SZ,0.1,0.1,0.0
Long-short,2023-04-30,002415.SZ,0.0,0.1,0.0
Long-short,2023-04-30,600104.SH,0.1,-0.1,-0.1
Long-short,2023-04-30,000625.SZ,0.0,-0.1,0.1
Long-short,2023-04-30,601633.SH,-0.1,0.0,0.0
Long-short,2023-04-30,601766.SH,0.0,0.0,0.1
Long-short,2023-04-30,601111.SH,-0.1,-0.1,0.0
Long-short,2023-04-30,601318.SH,0.1,0.0,-0.1
Long-short,2023-04-30,601398.SH,0.1,0.1,0.0
Long-short,2023-04-30,600028.SH,0.0,-0.1,0.1
Long-short,2023-04-30,601857.SH,0.0,-0.1,0.0
Long-short,2023-04-30,600276.SH,-0.1,0.1,0.0
Long-short,2023-04-30,002230.SZ,-0.1,0.0,0.1
Long-short,2023-04-30,002475.SZ,0.0,0.0,0.0
Long-short,2023-05-31,002371.SZ,-0.1,0.0,0.0
Long-short,2023-05-31,600309.SH,0.0,0.1,0.0
Long-short,2023-05-31,000333.SZ,0.0,0.0,0.0
Long-short,2023-05-31,600690.SH,0.0,0.0,-0.1
Long-short,2023-05-31,000063.SZ,0.0,0.0,0.0
Long-short,2023-05-31,000100.SZ,0.1,0.0,-0.1
Long-short,2023-05-31,000725.SZ,0.1,0.1,0.0
Long-short,2023-05-31,002415.SZ,0.0,0.1,0.0
Long-short,2023-05-31,600104.SH,0.1,-0.1,-0.1
Long-short,2023-05-31,000625.SZ,-0.1,-0.1,0.0
Long-short,2023-05-31,601633.SH,0.0,0.0,-0.1
Long-short,2023-05-31,601766.SH,0.0,0.0,0.1
Long-short,2023-05-31,601111.SH,-0.1,-0.1,0.0
Long-short,2023-05-31,601318.SH,0.1,0.0,0.0
Long-short,2023-05-31,601398.SH,0.1,0.1,0.0
Long-short,2023-05-31,600028.SH,0.0,-0.1,0.1
Long-short,2023-05-31,601857.SH,0.0,-0.1,0.1
Long-short,2023-05-31,600276.SH,-0.1,0.1,0.1
Long-short,2023-05-31,002230.SZ,-0.1,0.0,0.1
Long-short,2023-05-31,002475.SZ,0.0,0.0,-0.1
Long-short,2023-06-30,002371.SZ,-0.1,0.1,0.0
Long-short,2023-06-30,600309.SH,0.0,0.0,-0.1
Long-short,2023-06-30,000333.SZ,0.0,0.0,0.0
Long-short,2023-06-30,600690.SH,0.0,0.0,0.0
Long-short,2023-06-30,000063.SZ,0.0,0.0,0.1
Long-short,2023-06-30,000100.SZ,-0.1,-0.1,0.0
Long-short,2023-06-30,000725.SZ,0.0,0.0,0.0
Long-short,2023-06-30,002415.SZ,0.0,0.1,0.0
Long-short,2023-06-30,600104.SH,0.1,-0.1,-0.1
Long-short,2023-06-30,000625.SZ,0.0,0.0,-0.1
Long-short,2023-06-30,601633.SH,0.0,0.0,-0.1
Long-short,2023-06-30,601766.SH,0.0,0.0,0.1
Long-short,2023-06-30,601111.SH,-0.1,-0.1,-0.1
Long-short,2023-06-30,601318.SH,0.1,0.1,0.0
Long-short,2023-06-30,601398.SH,0.1,0.1,0.0
Long-short,2023-06-30,600028.SH,0.1,-0.1,0.1
Long-short,2023-06-30,601857.SH,0.1,0.0,0.1
Long-short,2023-06-30,600276.SH,-0.1,0.1,0.0
Long-short,2023-06-30,002230.SZ,-0.1,-0.1,0.1
Long-short,2023-06-30,002475.SZ,0.0,0.0,0.0
Long-short,2023-07-31,002371.SZ,-0.1,0.1,0.0
Long-short,2023-07-31,600309.SH,0.0,0.0,0.0
Long-short,2023-07-31,000333.SZ,0.0,0.0,0.0
Long-short,2023-07-31,600690.SH,0.0,0.0,-0.1
Long-short,2023-07-31,000063.SZ,0.0,0.0,0.1
Long-short,2023-07-31,000100.SZ,-0.1,-0.1,0.0
Long-short,2023-07-31,000725.SZ,0.0,0.0,0.0
Long-short,2023-07-31,002415.SZ,0.0,0.1,0.0
Long-short,2023-07-31,600104.SH,0.1,-0.1,-0.1
Long-short,2023-07-31,000625.SZ,0.0,0.0,-0.1
Long-short,2023-07-31,601633.SH,0.0,0.0,-0.1
Long-short,2023-07-31,601766.SH,0.0,0.0,0.1
Long-short,2023-07-31,601111.SH,-0.1,-0.1,-0.1
Long-short,2023-07-31,601318.SH,0.1,0.1,0.0
Long-short,2023-07-31,601398.SH,0.1,0.1,0.0
Long-short,2023-07-31,600028.SH,0.1,-0.1,0.1
Long-short,2023-07-31,601857.SH,0.1,0.0,0.1
Long-short,2023-07-31,600276.SH,-0.1,0.1,0.0
Long-short,2023-07-31,002230.SZ,-0.1,-0.1,0.1
Long-short,2023-07-31,002475.SZ,0.0,0.0,0.0
Long-short,2023-08-31,002371.SZ,-0.1,0.1,-0.1
Long-short,2023-08-31,600309.SH,0.0,0.0,0.0
Long-short,2023-08-31,000333.SZ,0.0,0.0,0.0
Long-short,2023-08-31,600690.SH,0.0,0.0,0.0
Long-short,2023-08-31,000063.SZ,0.0,0.0,0.1
Long-short,2023-08-31,000100.SZ,-0.1,-0.1,0.0
Long-short,2023-08-31,000725.SZ,0.0,0.0,0.0
Long-short,2023-08-31,002415.SZ,0.0,0.1,0.0
Long-short,2023-08-31,600104.SH,0.1,-0.1,-0.1
Long-short,2023-08-31,000625.SZ,0.0,0.0,-0.1
Long-short,2023-08-31,601633.SH,0.0,0.0,0.0
Long-short,2023-08-31,601766.SH,0.0,0.0,0.1
Long-short,2023-08-31,601111.SH,-0.1,-0.1,-0.1
Long-short,2023-08-31,601318.SH,0.1,0.1,0.0
Long-short,2023-08-31,601398.SH,0.1,0.1,0.1
Long-short,2023-08-31,600028.SH,0.1,-0.1,0.1
Long-short,2023-08-31,601857.SH,0.1,0.0,0.1
Long-short,2023-08-31,600276.SH,-0.1,0.1,0.0
Long-short,2023-08-31,002230.SZ,-0.1,-0.1,0.0
Long-short,2023-08-31,002475.SZ,0.0,0.0,-0.1
Long-short,2023-09-30,002371.SZ,-0.1,0.1,-0.1
Long-short,2023-09-30,600309.SH,0.0,0.0,0.0
Long-short,2023-09-30,000333.SZ,0.0,0.0,0.0
Long-short,2023-09-30,600690.SH,0.0,0.0,-0.1
Long-short,2023-09-30,000063.SZ,0.0,0.0,0.1
Long-short,2023-09-30,000100.SZ,-0.1,-0.1,0.0
Long-short,2023-09-30,000725.SZ,0.0,0.0,0.0
Long-short,2023-09-30,002415.SZ,0.0,0.1,0.0
Long-short,2023-09-30,600104.SH,0.1,-0.1,0.0
Long-short,2023-09-30,000625.SZ,0.0,0.0,0.0
Long-short,2023-09-30,601633.SH,0.0,0.0,-0.1
Long-short,2023-09-30,601766.SH,0.0,0.0,0.1
Long-short,2023-09-30,601111.SH,-0.1,-0.1,-0.1
Long-short,2023-09-30,601318.SH,0.1,0.1,0.0
Long-short,2023-09-30,601398.SH,0.1,0.1,0.0
Long-short,2023-09-30,600028.SH,0.1,-0.1,0.1
Long-short,2023-09-30,601857.SH,0.1,0.0,0.1
Long-short,2023-09-30,600276.SH,-0.1,0.1,0.0
Long-short,2023-09-30,002230.SZ,-0.1,-0.1,0.1
Long-short,2023-09-30,002475.SZ,0.0,0.0,-0.1
Long-short,2023-10-31,002371.SZ,-0.1,0.1,0.0
Long-short,2023-10-31,600309.SH,0.0,0.0,0.0
Long-short,2023-10-31,000333.SZ,0.0,0.0,0.0
Long-short,2023-10-31,600690.SH,0.0,0.0,-0.1
Long-short,2023-10-31,000063.SZ,0.0,0.0,0.1
Long-short,2023-10-31,000100.SZ,-0.1,-0.1,0.0
Long-short,2023-10-31,000725.SZ,0.0,0.0,0.0
Long-short,2023-10-31,002415.SZ,0.0,0.1,0.0
Long-short,2023-10-31,600104.SH,0.1,-0.1,0.0
Long-short,2023-10-31,000625.SZ,0.0,0.0,-0.1
Long-short,2023-10-31,601633.SH,0.0,0.0,-0.1
Long-short,2023-10-31,601766.SH,0.0,0.0,0.1
Long-short,2023-10-31,601111.SH,-0.1,-0.1,-0.1
Long-short,2023-10-31,601318.SH,0.1,0.1,0.0
Long-short,2023-10-31,601398.SH,0.1,0.1,0.1
Long-short,2023-10-31,600028.SH,0.1,-0.1,0.1
Long-short,2023-10-31,601857.SH,0.1,0.0,0.1
Long-short,2023-10-31,600276.SH,-0.1,0.1,0.0
Long-short,2023-10-31,002230.SZ,-0.1,-0.1,0.0
Long-short,2023-10-31,002475.SZ,0.0,0.0,-0.1
Long-short,2023-11-30,002371.SZ,-0.1,0.1,0.0
Long-short,2023-11-30,600309.SH,0.0,0.0,0.0
Long-short,2023-11-30,000333.SZ,0.0,0.0,0.1
Long-short,2023-11-30,600690.SH,0.0,0.0,-0.1
Long-short,2023-11-30,000063.SZ,0.0,0.0,0.0
Long-short,2023-11-30,000100.SZ,-0.1,-0.1,-0.1
Long-short,2023-11-30,000725.SZ,0.0,0.0,0.0
Long-short,2023-11-30,002415.SZ,0.0,0.1,0.0
Long-short,2023-11-30,600104.SH,0.1,-0.1,0.0
Long-short,2023-11-30,000625.SZ,0.0,0.0,0.1
Long-short,2023-11-30,601633.SH,0.0,0.0,-0.1
Long-short,2023-11-30,601766.SH,0.0,0.0,0.0
Long-short,2023-11-30,601111.SH,-0.1,-0.1,-0.1
Long-short,2023-11-30,601318.SH,0.1,0.1,0.0
Long-short,2023-11-30,601398.SH,0.1,0.1,0.1
Long-short,2023-11-30,600028.SH,0.1,-0.1,0.1
Long-short,2023-11-30,601857.SH,0.1,0.0,0.1
Long-short,2023-11-30,600276.SH,-0.1,0.1,0.0
Long-short,2023-11-30,002230.SZ,-0.1,-0.1,0.0
Long-short,2023-11-30,002475.SZ,0.0,0.0,-0.1
Long-short,2023-12-31,002371.SZ,-0.1,0.1,0.0
Long-short,2023-12-31,600309.SH,0.0,0.0,-0.1
Long-short,2023-12-31,000333.SZ,0.0,0.0,0.0
Long-short,2023-12-31,600690.SH,0.0,0.0,-0.1
Long-short,2023-12-31,000063.SZ,0.0,0.0,0.0
Long-short,2023-12-31,000100.SZ,-0.1,-0.1,0.0
Long-short,2023-12-31,000725.SZ,0.0,0.0,0.0
Long-short,2023-12-31,002415.SZ,0.0,0.1,0.0
Long-short,2023-12-31,600104.SH,0.1,-0.1,0.0
Long-short,2023-12-31,000625.SZ,0.0,0.0,0.1
Long-short,2023-12-31,601633.SH,0.0,0.0,-0.1
Long-short,2023-12-31,601766.SH,0.0,0.0,0.0
Long-short,2023-12-31,601111.SH,-0.1,-0.1,-0.1
Long-short,2023-12-31,601318.SH,0.1,0.1,-0.1
Long-short,2023-12-31,601398.SH,0.1,0.1,0.1
Long-short,2023-12-31,600028.SH,0.1,-0.1,0.1
Long-short,2023-12-31,601857.SH,0.1,0.0,0.1
Long-short,2023-12-31,600276.SH,-0.1,0.1,0.0
Long-short,2023-12-31,002230.SZ,-0.1,-0.1,0.1
Long-short,2023-12-31,002475.SZ,0.0,0.0,0.0
Long-short,2024-01-31,002371.SZ,-0.1,0.1,0.0
Long-short,2024-01-31,600309.SH,0.0,0.0,-0.1
Long-short,2024-01-31,000333.SZ,0.0,0.0,0.0
Long-short,2024-01-31,600690.SH,0.0,0.0,-0.1
Long-short,2024-01-31,000063.SZ,0.0,0.0,0.0
Long-short,2024-01-31,000100.SZ,-0.1,-0.1,0.0
Long-short,2024-01-31,000725.SZ,0.0,0.0,0.0
Long-short,2024-01-31,002415.SZ,0.0,0.1,0.0
Long-short,2024-01-31,600104.SH,0.1,-0.1,0.0
Long-short,2024-01-31,000625.SZ,0.0,0.0,0.1
Long-short,2024-01-31,601633.SH,0.0,0.0,-0.1
Long-short,2024-01-31,601766.SH,0.0,0.0,0.0
Long-short,2024-01-31,601111.SH,-0.1,-0.1,-0.1
Long-short,2024-01-31,601318.SH,0.1,0.1,-0.1
Long-short,2024-01-31,601398.SH,0.1,0.1,0.1
Long-short,2024-01-31,600028.SH,0.1,-0.1,0.1
Long-short,2024-01-31,601857.SH,0.1,0.0,0.1
Long-short,2024-01-31,600276.SH,-0.1,0.1,0.0
Long-short,2024-01-31,002230.SZ,-0.1,-0.1,0.1
Long-short,2024-01-31,002475.SZ,0.0,0.0,0.0
Long-short,2024-02-29,002371.SZ,-0.1,0.1,0.0
Long-short,2024-02-29,600309.SH,0.0,0.0,-0.1
Long-short,2024-02-29,000333.SZ,0.0,0.0,0.1
Long-short,2024-02-29,600690.SH,0.0,0.0,-0.1
Long-short,2024-02-29,000063.SZ,0.0,0.0,0.0
Long-short,2024-02-29,000100.SZ,-0.1,-0.1,0.1
Long-short,2024-02-29,000725.SZ,0.0,0.0,0.0
Long-short,2024-02-29,002415.SZ,0.0,0.1,0.0
Long-short,2024-02-29,600104.SH,0.1,-0.1,0.0
Long-short,2024-02-29,000625.SZ,0.0,0.0,0.0
Long-short,2024-02-29,601633.SH,0.0,0.0,-0.1
Long-short,2024-02-29,601766.SH,0.0,0.0,0.0
Long-short,2024-02-29,601111.SH,-0.1,-0.1,-0.1
Long-short,2024-02-29,601318.SH,0.1,0.1,-0.1
Long-short,2024-02-29,601398.SH,0.1,0.1,0.1
Long-short,2024-02-29,600028.SH,0.1,-0.1,0.1
Long-short,2024-02-29,601857.SH,0.1,0.0,0.1
Long-short,2024-02-29,600276.SH,-0.1,0.1,0.0
Long-short,2024-02-29,002230.SZ,-0.1,-0.1,0.0
Long-short,2024-02-29,002475.SZ,0.0,0.0,0.0
Long-short,2024-03-31,002371.SZ,-0.1,0.1,0.0
Long-short,2024-03-31,600309.SH,0.0,0.0,-0.1
Long-short,2024-03-31,000333.SZ,0.0,0.0,0.1
Long-short,2024-03-31,600690.SH,0.0,0.0,0.0
Long-short,2024-03-31,000063.SZ,0.0,0.0,-0.1
Long-short,2024-03-31,000100.SZ,-0.1,-0.1,0.1
Long-short,2024-03-31,000725.SZ,0.0,0.0,0.0
Long-short,2024-03-31,002415.SZ,0.0,0.1,-0.1
Long-short,2024-03-31,600104.SH,0.1,-0.1,0.0
Long-short,2024-03-31,000625.SZ,0.0,0.0,0.1
Long-short,2024-03-31,601633.SH,0.0,0.0,-0.1
Long-short,2024-03-31,601766.SH,0.0,0.0,0.0
Long-short,2024-03-31,601111.SH,-0.1,-0.1,-0.1
Long-short,2024-03-31,601318.SH,0.1,0.1,0.0
Long-short,2024-03-31,601398.SH,0.1,0.1,0.1
Long-short,2024-03-31,600028.SH,0.1,-0.1,0.0
Long-short,2024-03-31,601857.SH,0.1,0.0,0.1
Long-short,2024-03-31,600276.SH,-0.1,0.1,0.0
Long-short,2024-03-31,002230.SZ,-0.1,-0.1,0.0
Long-short,2024-03-31,002475.SZ,0.0,0.0,0.0
Long-short,2024-04-30,002371.SZ,-0.1,0.1,0.0
Long-short,2024-04-30,600309.SH,0.0,0.0,0.0
Long-short,2024-04-30,000333.SZ,0.0,0.0,0.1
Long-short,2024-04-30,600690.SH,0.0,0.0,0.1
Long-short,2024-04-30,000063.SZ,0.0,0.0,-0.1
Long-short,2024-04-30,000100.SZ,-0.1,-0.1,0.0
Long-short,2024-04-30,000725.SZ,0.0,0.0,0.0
Long-short,2024-04-30,002415.SZ,0.0,0.1,-0.1
Long-short,2024-04-30,600104.SH,0.1,-0.1,0.0
Long-short,2024-04-30,000625.SZ,0.0,0.0,0.1
Long-short,2024-04-30,601633.SH,0.0,0.0,-0.1
Long-short,2024-04-30,601766.SH,0.0,0.0,0.0
Long-short,2024-04-30,601111.SH,-0.1,-0.1,-0.1
Long-short,2024-04-30,601318.SH,0.1,0.1,0.0
Long-short,2024-04-30,601398.SH,0.1,0.1,0.1
Long-short,2024-04-30,600028.SH,0.1,-0.1,0.0
Long-short,2024-04-30,601857.SH,0.1,0.0,0.1
Long-short,2024-04-30,600276.SH,-0.1,0.1,0.0
Long-short,2024-04-30,002230.SZ,-0.1,-0.1,-0.1
Long-short,2024-04-30,002475.SZ,0.0,0.0,0.0
Long-short,2024-05-31,002371.SZ,-0.1,0.1,0.0
Long-short,2024-05-31,600309.SH,0.0,0.0,0.0
Long-short,2024-05-31,000333.SZ,0.0,0.0,0.1
Long-short,2024-05-31,600690.SH,0.0,0.0,0.1
Long-short,2024-05-31,000063.SZ,0.0,0.0,-0.1
Long-short,2024-05-31,000100.SZ,-0.1,-0.1,0.1
Long-short,2024-05-31,000725.SZ,0.0,0.0,0.0
Long-short,2024-05-31,002415.SZ,0.0,0.1,-0.1
Long-short,2024-05-31,600104.SH,0.1,-0.1,0.0
Long-short,2024-05-31,000625.SZ,0.0,0.0,0.0
Long-short,2024-05-31,601633.SH,0.0,0.0,0.0
Long-short,2024-05-31,601766.SH,0.0,0.0,0.0
Long-short,2024-05-31,601111.SH,-0.1,-0.1,-0.1
Long-short,2024-05-31,601318.SH,0.1,0.1,-0.1
Long-short,2024-05-31,601398.SH,0.1,0.1,0.1
Long-short,2024-05-31,600028.SH,0.1,-0.1,0.0
Long-short,2024-05-31,601857.SH,0.1,0.0,0.1
Long-short,2024-05-31,600276.SH,-0.1,0.1,0.0
Long-short,2024-05-31,002230.SZ,-0.1,-0.1,-0.1
Long-short,2024-05-31,002475.SZ,0.0,0.0,0.0
Long-short,2024-06-30,002371.SZ,-0.1,0.1,0.0
Long-short,2024-06-30,600309.SH,0.0,0.1,0.0
Long-short,2024-06-30,000333.SZ,0.0,0.0,0.1
Long-short,2024-06-30,600690.SH,0.0,0.0,0.1
Long-short,2024-06-30,000063.SZ,0.0,0.0,-0.1
Long-short,2024-06-30,000100.SZ,0.0,-0.1,0.0
Long-short,2024-06-30,000725.SZ,-0.1,-0.1,0.0
Long-short,2024-06-30,002415.SZ,0.0,0.1,0.0
Long-short,2024-06-30,600104.SH,0.1,-0.1,0.0
Long-short,2024-06-30,000625.SZ,0.1,0.0,0.0
Long-short,2024-06-30,601633.SH,0.0,0.0,0.0
Long-short,2024-06-30,601766.SH,0.0,0.0,0.1
Long-short,2024-06-30,601111.SH,-0.1,-0.1,-0.1
Long-short,2024-06-30,601318.SH,0.1,0.0,-0.1
Long-short,2024-06-30,601398.SH,0.1,0.1,0.1
Long-short,2024-06-30,600028.SH,0.0,-0.1,0.0
Long-short,2024-06-30,601857.SH,0.1,0.0,0.1
Long-short,2024-06-30,600276.SH,-0.1,0.1,-0.1
Long-short,2024-06-30,002230.SZ,-0.1,0.0,-0.1
Long-short,2024-06-30,002475.SZ,0.0,0.0,0.0
Long-short,2024-07-31,002371.SZ,-0.1,0.1,0.0
Long-short,2024-07-31,600309.SH,0.0,0.1,0.0
Long-short,2024-07-31,000333.SZ,0.0,0.0,0.1
Long-short,2024-07-31,600690.SH,0.0,0.0,0.1
Long-short,2024-07-31,000063.SZ,0.0,0.0,-0.1
Long-short,2024-07-31,000100.SZ,0.0,-0.1,0.0
Long-short,2024-07-31,000725.SZ,-0.1,-0.1,0.0
Long-short,2024-07-31,002415.SZ,0.0,0.1,0.0
Long-short,2024-07-31,600104.SH,0.1,-0.1,0.0
Long-short,2024-07-31,000625.SZ,0.1,0.0,0.0
Long-short,2024-07-31,601633.SH,0.0,0.0,0.0
Long-short,2024-07-31,601766.SH,0.0,0.0,0.1
Long-short,2024-07-31,601111.SH,-0.1,-0.1,-0.1
Long-short,2024-07-31,601318.SH,0.1,0.0,-0.1
Long-short,2024-07-31,601398.SH,0.1,0.1,0.1
Long-short,2024-07-31,600028.SH,0.0,-0.1,0.0
Long-short,2024-07-31,601857.SH,0.1,0.0,0.1
Long-short,2024-07-31,600276.SH,-0.1,0.1,-0.1
Long-short,2024-07-31,002230.SZ,-0.1,0.0,-0.1
Long-short,2024-07-31,002475.SZ,0.0,0.0,0.0
Long-short,2024-08-31,002371.SZ,-0.1,0.1,0.1
Long-short,2024-08-31,600309.SH,0.0,0.1,-0.1
Long-short,2024-08-31,000333.SZ,0.0,0.0,0.1
Long-short,2024-08-31,600690.SH,0.0,0.0,0.0
Long-short,2024-08-31,000063.SZ,0.0,0.0,-0.1
Long-short,2024-08-31,000100.SZ,0.0,-0.1,0.0
Long-short,2024-08-31,000725.SZ,-0.1,-0.1,0.0
Long-short,2024-08-31,002415.SZ,0.0,0.1,-0.1
Long-short,2024-08-31,600104.SH,0.1,-0.1,0.0
Long-short,2024-08-31,000625.SZ,0.1,0.0,0.0
Long-short,2024-08-31,601633.SH,0.0,0.0,0.0
Long-short,2024-08-31,601766.SH,0.0,0.0,0.1
Long-short,2024-08-31,601111.SH,-0.1,-0.1,-0.1
Long-short,2024-08-31,601318.SH,0.1,0.0,0.0
Long-short,2024-08-31,601398.SH,0.1,0.1,0.1
Long-short,2024-08-31,600028.SH,0.0,-0.1,0.1
Long-short,2024-08-31,601857.SH,0.1,0.0,0.0
Long-short,2024-08-31,600276.SH,-0.1,0.1,0.0
Long-short,2024-08-31,002230.SZ,-0.1,0.0,-0.1
Long-short,2024-08-31,002475.SZ,0.0,0.0,0.0
Long-short,2024-09-30,002371.SZ,-0.1,0.1,0.1
Long-short,2024-09-30,600309.SH,0.0,0.1,-0.1
Long-short,2024-09-30,000333.SZ,0.0,0.0,0.1
Long-short,2024-09-30,600690.SH,0.0,0.0,0.0
Long-short,2024-09-30,000063.SZ,0.0,0.0,-0.1
Long-short,2024-09-30,000100.SZ,0.0,-0.1,0.0
Long-short,2024-09-30,000725.SZ,-0.1,-0.1,0.0
Long-short,2024-09-30,002415.SZ,0.0,0.1,0.0
Long-short,2024-09-30,600104.SH,0.1,-0.1,-0.1
Long-short,2024-09-30,000625.SZ,0.1,0.0,0.0
Long-short,2024-09-30,601633.SH,0.0,0.0,0.0
Long-short,2024-09-30,601766.SH,0.0,0.0,0.1
Long-short,2024-09-30,601111.SH,-0.1,-0.1,-0.1
Long-short,2024-09-30,601318.SH,0.1,0.0,0.0
Long-short,2024-09-30,601398.SH,0.1,0.1,0.1
Long-short,2024-09-30,600028.SH,0.0,-0.1,0.0
Long-short,2024-09-30,601857.SH,0.1,0.0,0.0
Long-short,2024-09-30,600276.SH,-0.1,0.1,0.0
Long-short,2024-09-30,002230.SZ,-0.1,0.0,-0.1
Long-short,2024-09-30,002475.SZ,0.0,0.0,0.1
Long-short,2024-10-31,002371.SZ,-0.1,0.1,0.0
Long-short,2024-10-31,600309.SH,0.0,0.1,0.0
Long-short,2024-10-31,000333.SZ,0.0,0.0,0.1
Long-short,2024-10-31,600690.SH,0.0,0.0,0.1
Long-short,2024-10-31,000063.SZ,0.0,0.0,0.0
Long-short,2024-10-31,000100.SZ,0.0,-0.1,0.0
Long-short,2024-10-31,000725.SZ,-0.1,-0.1,0.0
Long-short,2024-10-31,002415.SZ,0.0,0.1,-0.1
Long-short,2024-10-31,600104.SH,0.1,-0.1,-0.1
Long-short,2024-10-31,000625.SZ,0.1,0.0,-0.1
Long-short,2024-10-31,601633.SH,0.0,0.0,-0.1
Long-short,2024-10-31,601766.SH,0.0,0.0,0.1
Long-short,2024-10-31,601111.SH,-0.1,-0.1,0.0
Long-short,2024-10-31,601318.SH,0.1,0.0,0.0
Long-short,2024-10-31,601398.SH,0.1,0.1,0.1
Long-short,2024-10-31,600028.SH,0.0,-0.1,0.1
Long-short,2024-10-31,601857.SH,0.1,0.0,0.0
Long-short,2024-10-31,600276.SH,-0.1,0.1,0.0
Long-short,2024-10-31,002230.SZ,-0.1,0.0,-0.1
Long-short,2024-10-31,002475.SZ,0.0,0.0,0.0
Long-short,2024-11-30,002371.SZ,-0.1,0.1,0.1
Long-short,2024-11-30,600309.SH,0.0,0.1,-0.1
Long-short,2024-11-30,000333.SZ,0.0,0.0,0.1
Long-short,2024-11-30,600690.SH,0.0,0.0,0.0
Long-short,2024-11-30,000063.SZ,0.0,0.0,0.0
Long-short,2024-11-30,000100.SZ,0.0,-0.1,0.0
Long-short,2024-11-30,000725.SZ,-0.1,-0.1,0.0
Long-short,2024-11-30,002415.SZ,0.0,0.1,-0.1
Long-short,2024-11-30,600104.SH,0.0,-0.1,-0.1
Long-short,2024-11-30,000625.SZ,0.1,0.0,-0.1
Long-short,2024-11-30,601633.SH,0.0,0.0,0.0
Long-short,2024-11-30,601766.SH,0.0,0.0,0.1
Long-short,2024-11-30,601111.SH,-0.1,-0.1,-0.1
Long-short,2024-11-30,601318.SH,0.1,0.0,0.1
Long-short,2024-11-30,601398.SH,0.1,0.1,0.1
Long-short,2024-11-30,600028.SH,0.1,-0.1,0.0
Long-short,2024-11-30,601857.SH,0.1,0.0,0.0
Long-short,2024-11-30,600276.SH,-0.1,0.1,0.0
Long-short,2024-11-30,002230.SZ,-0.1,0.0,0.0
Long-short,2024-11-30,002475.SZ,0.0,0.0,0.0
Long-short,2024-12-31,002371.SZ,-0.1,0.1,0.1
Long-short,2024-12-31,600309.SH,0.1,0.1,-0.1
Long-short,2024-12-31,000333.SZ,0.0,0.0,0.1
Long-short,2024-12-31,600690.SH,0.0,0.0,0.1
Long-short,2024-12-31,000063.SZ,0.0,0.0,0.0
Long-short,2024-12-31,000100.SZ,0.0,-0.1,0.0
Long-short,2024-12-31,000725.SZ,-0.1,-0.1,0.0
Long-short,2024-12-31,002415.SZ,0.0,0.1,-0.1
Long-short,2024-12-31,600104.SH,0.0,-0.1,0.0
Long-short,2024-12-31,000625.SZ,0.1,0.0,-0.1
Long-short,2024-12-31,601633.SH,0.0,0.0,-0.1
Long-short,2024-12-31,601766.SH,0.0,0.0,0.1
Long-short,2024-12-31,601111.SH,-0.1,-0.1,0.0
Long-short,2024-12-31,601318.SH,0.1,0.0,0.0
Long-short,2024-12-31,601398.SH,0.1,0.1,0.1
Long-short,2024-12-31,600028.SH,0.0,-0.1,0.0
Long-short,2024-12-31,601857.SH,0.1,0.0,0.0
Long-short,2024-12-31,600276.SH,-0.1,0.1,0.0
Long-short,2024-12-31,002230.SZ,-0.1,0.0,-0.1
Long-short,2024-12-31,002475.SZ,0.0,0.0,0.0
Long-short,2025-01-31,002371.SZ,-0.1,0.1,0.1
Long-short,2025-01-31,600309.SH,0.0,0.1,-0.1
Long-short,2025-01-31,000333.SZ,0.0,0.0,0.1
Long-short,2025-01-31,600690.SH,0.0,0.0,0.0
Long-short,2025-01-31,000063.SZ,0.0,0.0,0.0
Long-short,2025-01-31,000100.SZ,0.0,-0.1,0.0
Long-short,2025-01-31,000725.SZ,-0.1,-0.1,0.0
Long-short,2025-01-31,002415.SZ,0.0,0.1,-0.1
Long-short,2025-01-31,600104.SH,0.0,-0.1,0.0
Long-short,2025-01-31,000625.SZ,0.1,0.0,-0.1
Long-short,2025-01-31,601633.SH,0.0,0.0,0.0
Long-short,2025-01-31,601766.SH,0.0,0.0,0.1
Long-short,2025-01-31,601111.SH,-0.1,-0.1,-0.1
Long-short,2025-01-31,601318.SH,0.1,0.0,0.0
Long-short,2025-01-31,601398.SH,0.1,0.1,0.1
Long-short,2025-01-31,600028.SH,0.1,-0.1,0.0
Long-short,2025-01-31,601857.SH,0.1,0.0,0.0
Long-short,2025-01-31,600276.SH,-0.1,0.1,0.0
Long-short,2025-01-31,002230.SZ,-0.1,0.0,-0.1
Long-short,2025-01-31,002475.SZ,0.0,0.0,0.1
Long-short,2025-02-28,002371.SZ,-0.1,0.1,0.0
Long-short,2025-02-28,600309.SH,0.0,0.1,-0.1
Long-short,2025-02-28,000333.SZ,0.0,0.0,0.1
Long-short,2025-02-28,600690.SH,0.0,0.0,0.0
Long-short,2025-02-28,000063.SZ,0.0,0.0,0.1
Long-short,2025-02-28,000100.SZ,0.0,-0.1,0.0
Long-short,2025-02-28,000725.SZ,-0.1,-0.1,0.0
Long-short,2025-02-28,002415.SZ,0.0,0.1,-0.1
Long-short,2025-02-28,600104.SH,0.0,-0.1,0.0
Long-short,2025-02-28,000625.SZ,0.1,0.0,-0.1
Long-short,2025-02-28,601633.SH,0.0,0.0,0.0
Long-short,2025-02-28,601766.SH,0.0,0.0,0.0
Long-short,2025-02-28,601111.SH,-0.1,-0.1,0.0
Long-short,2025-02-28,601318.SH,0.1,0.0,0.1
Long-short,2025-02-28,601398.SH,0.1,0.1,0.1
Long-short,2025-02-28,600028.SH,0.1,-0.1,0.0
Long-short,2025-02-28,601857.SH,0.1,0.0,-0.1
Long-short,2025-02-28,600276.SH,-0.1,0.1,0.0
Long-short,2025-02-28,002230.SZ,-0.1,0.0,-0.1
Long-short,2025-02-28,002475.SZ,0.0,0.0,0.1
Long-short,2025-03-31,002371.SZ,-0.1,0.1,0.1
Long-short,2025-03-31,600309.SH,0.0,0.1,-0.1
Long-short,2025-03-31,000333.SZ,0.0,0.0,0.0
Long-short,2025-03-31,600690.SH,0.0,0.0,0.0
Long-short,2025-03-31,000063.SZ,0.0,0.0,0.1
Long-short,2025-03-31,000100.SZ,0.0,-0.1,0.0
Long-short,2025-03-31,000725.SZ,-0.1,-0.1,0.0
Long-short,2025-03-31,002415.SZ,0.0,0.1,-0.1
Long-short,2025-03-31,600104.SH,0.0,-0.1,0.0
Long-short,2025-03-31,000625.SZ,0.1,0.0,-0.1
Long-short,2025-03-31,601633.SH,0.0,0.0,0.0
Long-short,2025-03-31,601766.SH,0.0,0.0,0.0
Long-short,2025-03-31,601111.SH,-0.1,-0.1,0.0
Long-short,2025-03-31,601318.SH,0.1,0.0,0.1
Long-short,2025-03-31,601398.SH,0.1,0.1,0.1
Long-short,2025-03-31,600028.SH,0.1,-0.1,-0.1
Long-short,2025-03-31,601857.SH,0.1,0.0,-0.1
Long-short,2025-03-31,600276.SH,-0.1,0.1,0.0
Long-short,2025-03-31,002230.SZ,-0.1,0.0,0.0
Long-short,2025-03-31,002475.SZ,0.0,0.0,0.1
Long-short,2025-04-30,002371.SZ,-0.1,0.1,0.1
Long-short,2025-04-30,600309.SH,0.1,0.1,-0.1
Long-short,2025-04-30,000333.SZ,0.0,0.0,0.1
Long-short,2025-04-30,600690.SH,0.0,0.0,0.0
Long-short,2025-04-30,000063.SZ,0.0,0.0,0.0
Long-short,2025-04-30,000100.SZ,0.0,-0.1,-0.1
Long-short,2025-04-30,000725.SZ,-0.1,-0.1,0.0
Long-short,2025-04-30,002415.SZ,0.0,0.1,0.0
Long-short,2025-04-30,600104.SH,0.0,-0.1,0.0
Long-short,2025-04-30,000625.SZ,0.1,0.0,-0.1
Long-short,2025-04-30,601633.SH,0.0,0.0,0.0
Long-short,2025-04-30,601766.SH,0.0,0.0,0.0
Long-short,2025-04-30,601111.SH,-0.1,-0.1,0.0
Long-short,2025-04-30,601318.SH,0.1,0.0,0.1
Long-short,2025-04-30,601398.SH,0.1,0.1,0.1
Long-short,2025-04-30,600028.SH,0.0,-0.1,-0.1
Long-short,2025-04-30,601857.SH,0.1,0.0,-0.1
Long-short,2025-04-30,600276.SH,-0.1,0.1,0.0
Long-short,2025-04-30,002230.SZ,-0.1,0.0,0.0
Long-short,2025-04-30,002475.SZ,0.0,0.0,0.1
Long-short,2025-05-31,002371.SZ,-0.1,0.1,0.1
Long-short,2025-05-31,600309.SH,0.1,0.1,-0.1
Long-short,2025-05-31,000333.SZ,0.0,0.0,0.1
Long-short,2025-05-31,600690.SH,0.0,0.0,-0.1
Long-short,2025-05-31,000063.SZ,0.0,0.0,0.0
Long-short,2025-05-31,000100.SZ,0.0,-0.1,0.0
Long-short,2025-05-31,000725.SZ,-0.1,-0.1,0.0
Long-short,2025-05-31,002415.SZ,0.0,0.1,-0.1
Long-short,2025-05-31,600104.SH,0.0,-0.1,0.0
Long-short,2025-05-31,000625.SZ,0.1,0.0,0.0
Long-short,2025-05-31,601633.SH,0.0,0.0,0.0
Long-short,2025-05-31,601766.SH,0.0,0.0,0.0
Long-short,2025-05-31,601111.SH,-0.1,-0.1,0.0
Long-short,2025-05-31,601318.SH,0.1,0.0,0.1
Long-short,2025-05-31,601398.SH,0.1,0.1,0.1
Long-short,2025-05-31,600028.SH,0.0,-0.1,-0.1
Long-short,2025-05-31,601857.SH,0.1,0.0,-0.1
Long-short,2025-05-31,600276.SH,-0.1,0.1,0.1
Long-short,2025-05-31,002230.SZ,-0.1,0.0,0.0
Long-short,2025-05-31,002475.SZ,0.0,0.0,0.0
Long-short,2025-06-30,002371.SZ,0.0,0.1,0.1
Long-short,2025-06-30,600309.SH,0.1,0.0,-0.1
Long-short,2025-06-30,000333.SZ,0.0,0.0,0.1
Long-short,2025-06-30,600690.SH,0.1,0.0,-0.1
Long-short,2025-06-30,000063.SZ,0.0,0.0,0.0
Long-short,2025-06-30,000100.SZ,-0.1,-0.1,0.0
Long-short,2025-06-30,000725.SZ,0.0,0.0,0.0
Long-short,2025-06-30,002415.SZ,0.0,0.1,0.0
Long-short,2025-06-30,600104.SH,-0.1,-0.1,0.0
Long-short,2025-06-30,000625.SZ,0.0,0.0,0.0
Long-short,2025-06-30,601633.SH,0.0,0.0,-0.1
Long-short,2025-06-30,601766.SH,0.0,0.0,0.0
Long-short,2025-06-30,601111.SH,-0.1,-0.1,0.0
Long-short,2025-06-30,601318.SH,0.1,0.1,0.1
Long-short,2025-06-30,601398.SH,0.1,0.1,0.1
Long-short,2025-06-30,600028.SH,0.0,-0.1,0.0
Long-short,2025-06-30,601857.SH,0.1,0.0,-0.1
Long-short,2025-06-30,600276.SH,-0.1,0.1,0.1
Long-short,2025-06-30,002230.SZ,-0.1,-0.1,0.0
Long-short,2025-06-30,002475.SZ,0.0,0.0,-0.1
Long-short,2025-07-31,002371.SZ,0.0,0.1,0.1
Long-short,2025-07-31,600309.SH,0.0,0.0,-0.1
Long-short,2025-07-31,000333.SZ,0.1,0.0,0.1
Long-short,2025-07-31,600690.SH,0.1,0.0,0.0
Long-short,2025-07-31,000063.SZ,0.0,0.0,0.0
Long-short,2025-07-31,000100.SZ,-0.1,-0.1,0.0
Long-short,2025-07-31,000725.SZ,0.0,0.0,0.0
Long-short,2025-07-31,002415.SZ,0.0,0.1,0.0
Long-short,2025-07-31,600104.SH,-0.1,-0.1,0.0
Long-short,2025-07-31,000625.SZ,0.0,0.0,-0.1
Long-short,2025-07-31,601633.SH,0.0,0.0,-0.1
Long-short,2025-07-31,601766.SH,0.0,0.0,0.0
Long-short,2025-07-31,601111.SH,-0.1,-0.1,0.0
Long-short,2025-07-31,601318.SH,0.1,0.1,0.1
Long-short,2025-07-31,601398.SH,0.1,0.1,0.1
Long-short,2025-07-31,600028.SH,0.0,-0.1,-0.1
Long-short,2025-07-31,601857.SH,0.1,0.0,0.0
Long-short,2025-07-31,600276.SH,-0.1,0.1,0.1
Long-short,2025-07-31,002230.SZ,-0.1,-0.1,0.0
Long-short,2025-07-31,002475.SZ,0.0,0.0,-0.1
Long-short,2025-08-31,002371.SZ,0.0,0.1,0.1
Long-short,2025-08-31,600309.SH,0.0,0.0,-0.1
Long-short,2025-08-31,000333.SZ,0.0,0.0,0.0
Long-short,2025-08-31,600690.SH,0.1,0.0,0.0
Long-short,2025-08-31,000063.SZ,0.0,0.0,0.0
Long-short,2025-08-31,000100.SZ,-0.1,-0.1,0.0
Long-short,2025-08-31,000725.SZ,0.0,0.0,0.0
Long-short,2025-08-31,002415.SZ,0.0,0.1,0.0
Long-short,2025-08-31,600104.SH,-0.1,-0.1,0.0
Long-short,2025-08-31,000625.SZ,0.0,0.0,0.0
Long-short,2025-08-31,601633.SH,0.0,0.0,-0.1
Long-short,2025-08-31,601766.SH,0.0,0.0,0.0
Long-short,2025-08-31,601111.SH,-0.1,-0.1,0.0
Long-short,2025-08-31,601318.SH,0.1,0.1,0.1
Long-short,2025-08-31,601398.SH,0.1,0.1,0.1
Long-short,2025-08-31,600028.SH,0.1,-0.1,-0.1
Long-short,2025-08-31,601857.SH,0.1,0.0,-0.1
Long-short,2025-08-31,600276.SH,-0.1,0.1,0.1
Long-short,2025-08-31,002230.SZ,-0.1,-0.1,0.1
Long-short,2025-08-31,002475.SZ,0.0,0.0,-0.1
Long-short,2025-09-30,002371.SZ,-0.1,0.1,0.1
Long-short,2025-09-30,600309.SH,0.0,0.0,-0.1
Long-short,2025-09-30,000333.SZ,0.0,0.0,0.0
Long-short,2025-09-30,600690.SH,0.1,0.0,-0.1
Long-short,2025-09-30,000063.SZ,0.0,0.0,0.1
Long-short,2025-09-30,000100.SZ,0.0,-0.1,0.0
Long-short,2025-09-30,000725.SZ,0.0,0.0,0.0
Long-short,2025-09-30,002415.SZ,0.0,0.1,0.0
Long-short,2025-09-30,600104.SH,-0.1,-0.1,0.0
Long-short,2025-09-30,000625.SZ,0.0,0.0,-0.1
Long-short,2025-09-30,601633.SH,0.0,0.0,-0.1
Long-short,2025-09-30,601766.SH,0.0,0.0,0.0
Long-short,2025-09-30,601111.SH,-0.1,-0.1,0.0
Long-short,2025-09-30,601318.SH,0.1,0.1,0.0
Long-short,2025-09-30,601398.SH,0.1,0.1,0.1
Long-short,2025-09-30,600028.SH,0.1,-0.1,-0.1
Long-short,2025-09-30,601857.SH,0.1,0.0,0.0
Long-short,2025-09-30,600276.SH,-0.1,0.1,0.1
Long-short,2025-09-30,002230.SZ,-0.1,-0.1,0.1
Long-short,2025-09-30,002475.SZ,0.0,0.0,0.0
Long-short,2025-10-31,002371.SZ,0.0,0.1,0.1
Long-short,2025-10-31,600309.SH,0.0,0.0,-0.1
Long-short,2025-10-31,000333.SZ,0.0,0.0,0.0
Long-short,2025-10-31,600690.SH,0.1,0.0,-0.1
Long-short,2025-10-31,000063.SZ,0.0,0.0,0.1
Long-short,2025-10-31,000100.SZ,-0.1,-0.1,-0.1
Long-short,2025-10-31,000725.SZ,0.0,0.0,0.0
Long-short,2025-10-31,002415.SZ,0.0,0.1,0.0
Long-short,2025-10-31,600104.SH,-0.1,-0.1,0.0
Long-short,2025-10-31,000625.SZ,0.0,0.0,0.0
Long-short,2025-10-31,601633.SH,0.0,0.0,0.0
Long-short,2025-10-31,601766.SH,0.0,0.0,-0.1
Long-short,2025-10-31,601111.SH,-0.1,-0.1,0.0
Long-short,2025-10-31,601318.SH,0.1,0.1,0.0
Long-short,2025-10-31,601398.SH,0.1,0.1,0.1
Long-short,2025-10-31,600028.SH,0.1,-0.1,-0.1
Long-short,2025-10-31,601857.SH,0.1,0.0,0.0
Long-short,2025-10-31,600276.SH,-0.1,0.1,0.1
Long-short,2025-10-31,002230.SZ,-0.1,-0.1,0.0
Long-short,2025-10-31,002475.SZ,0.0,0.0,0.1
Long-short,2025-11-30,002371.SZ,-0.1,0.1,0.1
Long-short,2025-11-30,600309.SH,0.0,0.0,-0.1
Long-short,2025-11-30,000333.SZ,0.0,0.0,0.0
Long-short,2025-11-30,600690.SH,0.1,0.0,0.0
Long-short,2025-11-30,000063.SZ,0.0,0.0,0.0
Long-short,2025-11-30,000100.SZ,0.0,-0.1,-0.1
Long-short,2025-11-30,000725.SZ,0.0,0.0,0.0
Long-short,2025-11-30,002415.SZ,0.0,0.1,0.0
Long-short,2025-11-30,600104.SH,-0.1,-0.1,0.0
Long-short,2025-11-30,000625.SZ,0.0,0.0,-0.1
Long-short,2025-11-30,601633.SH,0.0,0.0,-0.1
Long-short,2025-11-30,601766.SH,0.0,0.0,0.0
Long-short,2025-11-30,601111.SH,-0.1,-0.1,0.0
Long-short,2025-11-30,601318.SH,0.1,0.1,0.0
Long-short,2025-11-30,601398.SH,0.1,0.1,0.1
Long-short,2025-11-30,600028.SH,0.1,-0.1,-0.1
Long-short,2025-11-30,601857.SH,0.1,0.0,0.1
Long-short,2025-11-30,600276.SH,-0.1,0.1,0.1
Long-short,2025-11-30,002230.SZ,-0.1,-0.1,0.0
Long-short,2025-11-30,002475.SZ,0.0,0.0,0.1
Long-short,2025-12-31,002371.SZ,0.0,0.1,0.1
Long-short,2025-12-31,600309.SH,0.0,0.0,0.0
Long-short,2025-12-31,000333.SZ,0.0,0.0,0.0
Long-short,2025-12-31,600690.SH,0.1,0.0,0.0
Long-short,2025-12-31,000063.SZ,0.0,0.0,0.0
Long-short,2025-12-31,000100.SZ,-0.1,-0.1,-0.1
Long-short,2025-12-31,000725.SZ,0.0,0.0,0.0
Long-short,2025-12-31,002415.SZ,0.0,0.1,0.0
Long-short,2025-12-31,600104.SH,-0.1,-0.1,-0.1
Long-short,2025-12-31,000625.SZ,0.0,0.0,-0.1
Long-short,2025-12-31,601633.SH,0.0,0.0,-0.1
Long-short,2025-12-31,601766.SH,0.0,0.0,0.0
Long-short,2025-12-31,601111.SH,-0.1,-0.1,0.0
Long-short,2025-12-31,601318.SH,0.1,0.1,0.1
Long-short,2025-12-31,601398.SH,0.1,0.1,0.1
Long-short,2025-12-31,600028.SH,0.1,-0.1,-0.1
Long-short,2025-12-31,601857.SH,0.1,0.0,0.0
Long-short,2025-12-31,600276.SH,-0.1,0.1,0.1
Long-short,2025-12-31,002230.SZ,-0.1,-0.1,0.0
Long-short,2025-12-31,002475.SZ,0.0,0.0,0.1
Long-short,2026-01-31,002371.SZ,-0.1,0.1,0.1
Long-short,2026-01-31,600309.SH,0.0,0.0,0.0
Long-short,2026-01-31,000333.SZ,0.0,0.0,0.0
Long-short,2026-01-31,600690.SH,0.1,0.0,0.0
Long-short,2026-01-31,000063.SZ,0.0,0.0,0.0
Long-short,2026-01-31,000100.SZ,-0.1,-0.1,-0.1
Long-short,2026-01-31,000725.SZ,0.0,0.0,-0.1
Long-short,2026-01-31,002415.SZ,0.0,0.1,0.0
Long-short,2026-01-31,600104.SH,-0.1,-0.1,-0.1
Long-short,2026-01-31,000625.SZ,0.0,0.0,0.0
Long-short,2026-01-31,601633.SH,0.1,0.0,-0.1
Long-short,2026-01-31,601766.SH,0.0,0.0,-0.1
Long-short,2026-01-31,601111.SH,-0.1,-0.1,0.0
Long-short,2026-01-31,601318.SH,0.1,0.1,0.1
Long-short,2026-01-31,601398.SH,0.1,0.1,0.1
Long-short,2026-01-31,600028.SH,0.0,-0.1,0.0
Long-short,2026-01-31,601857.SH,0.1,0.0,0.1
Long-short,2026-01-31,600276.SH,0.0,0.1,0.1
Long-short,2026-01-31,002230.SZ,-0.1,-0.1,0.0
Long-short,2026-01-31,002475.SZ,0.0,0.0,0.0
Long-short,2026-02-28,002371.SZ,-0.1,0.1,0.1
Long-short,2026-02-28,600309.SH,0.0,0.0,0.0
Long-short,2026-02-28,000333.SZ,0.0,0.0,0.1
Long-short,2026-02-28,600690.SH,0.1,0.0,0.0
Long-short,2026-02-28,000063.SZ,0.0,0.0,-0.1
Long-short,2026-02-28,000100.SZ,-0.1,-0.1,0.0
Long-short,2026-02-28,000725.SZ,0.0,0.0,0.0
Long-short,2026-02-28,002415.SZ,0.0,0.1,0.0
Long-short,2026-02-28,600104.SH,-0.1,-0.1,-0.1
Long-short,2026-02-28,000625.SZ,0.0,0.0,-0.1
Long-short,2026-02-28,601633.SH,0.1,0.0,-0.1
Long-short,2026-02-28,601766.SH,0.0,0.0,-0.1
Long-short,2026-02-28,601111.SH,-0.1,-0.1,0.1
Long-short,2026-02-28,601318.SH,0.1,0.1,0.1
Long-short,2026-02-28,601398.SH,0.1,0.1,0.0
Long-short,2026-02-28,600028.SH,0.0,-0.1,0.0
Long-short,2026-02-28,601857.SH,0.1,0.0,0.1
Long-short,2026-02-28,600276.SH,0.0,0.1,0.0
Long-short,2026-02-28,002230.SZ,-0.1,-0.1,0.0
Long-short,2026-02-28,002475.SZ,0.0,0.0,0.0
Long-short,2026-03-31,002371.SZ,-0.1,0.1,0.1
Long-short,2026-03-31,600309.SH,0.0,0.0,0.1
Long-short,2026-03-31,000333.SZ,0.0,0.0,0.0
Long-short,2026-03-31,600690.SH,0.1,0.0,-0.1
Long-short,2026-03-31,000063.SZ,0.0,0.0,0.0
Long-short,2026-03-31,000100.SZ,0.0,-0.1,0.0
Long-short,2026-03-31,000725.SZ,0.0,0.0,0.0
Long-short,2026-03-31,002415.SZ,0.0,0.1,0.0
Long-short,2026-03-31,600104.SH,-0.1,-0.1,-0.1
Long-short,2026-03-31,000625.SZ,0.1,0.0,-0.1
Long-short,2026-03-31,601633.SH,0.0,0.0,-0.1
Long-short,2026-03-31,601766.SH,0.0,0.0,-0.1
Long-short,2026-03-31,601111.SH,-0.1,-0.1,0.0
Long-short,2026-03-31,601318.SH,0.1,0.1,0.1
Long-short,2026-03-31,601398.SH,0.1,0.1,0.0
Long-short,2026-03-31,600028.SH,0.0,-0.1,0.0
Long-short,2026-03-31,601857.SH,0.1,0.0,0.1
Long-short,2026-03-31,600276.SH,-0.1,0.1,0.1
Long-short,2026-03-31,002230.SZ,-0.1,-0.1,0.0
Long-short,2026-03-31,002475.SZ,0.0,0.0,0.0
Long-short,2026-04-30,002371.SZ,-0.1,0.1,0.1
Long-short,2026-04-30,600309.SH,0.0,0.0,0.1
Long-short,2026-04-30,000333.SZ,0.0,0.0,0.0
Long-short,2026-04-30,600690.SH,0.1,0.0,-0.1
Long-short,2026-04-30,000063.SZ,0.0,0.0,0.0
Long-short,2026-04-30,000100.SZ,-0.1,-0.1,0.0
Long-short,2026-04-30,000725.SZ,0.0,0.0,0.0
Long-short,2026-04-30,002415.SZ,0.0,0.1,0.0
Long-short,2026-04-30,600104.SH,-0.1,-0.1,0.0
Long-short,2026-04-30,000625.SZ,0.1,0.0,-0.1
Long-short,2026-04-30,601633.SH,0.0,0.0,-0.1
Long-short,2026-04-30,601766.SH,0.0,0.0,-0.1
Long-short,2026-04-30,601111.SH,-0.1,-0.1,-0.1
Long-short,2026-04-30,601318.SH,0.1,0.1,0.1
Long-short,2026-04-30,601398.SH,0.1,0.1,0.0
Long-short,2026-04-30,600028.SH,0.1,-0.1,0.0
Long-short,2026-04-30,601857.SH,0.0,0.0,0.1
Long-short,2026-04-30,600276.SH,0.0,0.1,0.0
Long-short,2026-04-30,002230.SZ,-0.1,-0.1,0.0
Long-short,2026-04-30,002475.SZ,0.0,0.0,0.1
Long-short,2026-05-31,002371.SZ,-0.1,0.1,0.1
Long-short,2026-05-31,600309.SH,0.0,0.0,0.1
Long-short,2026-05-31,000333.SZ,0.0,0.0,0.0
Long-short,2026-05-31,600690.SH,0.1,0.0,-0.1
Long-short,2026-05-31,000063.SZ,0.0,0.0,0.0
Long-short,2026-05-31,000100.SZ,-0.1,-0.1,0.0
Long-short,2026-05-31,000725.SZ,0.0,0.0,0.0
Long-short,2026-05-31,002415.SZ,0.0,0.1,0.1
Long-short,2026-05-31,600104.SH,-0.1,-0.1,-0.1
Long-short,2026-05-31,000625.SZ,0.1,0.0,-0.1
Long-short,2026-05-31,601633.SH,0.1,0.0,-0.1
Long-short,2026-05-31,601766.SH,0.0,0.0,-0.1
Long-short,2026-05-31,601111.SH,-0.1,-0.1,0.0
Long-short,2026-05-31,601318.SH,0.1,0.1,0.0
Long-short,2026-05-31,601398.SH,0.1,0.1,0.0
Long-short,2026-05-31,600028.SH,0.0,-0.1,0.0
Long-short,2026-05-31,601857.SH,0.0,0.0,0.1
Long-short,2026-05-31,600276.SH,0.0,0.1,0.0
Long-short,2026-05-31,002230.SZ,-0.1,-0.1,0.0
Long-short,2026-05-31,002475.SZ,0.0,0.0,0.1
Long-short,2026-06-30,002371.SZ,-0.1,0.1,0.1
Long-short,2026-06-30,600309.SH,0.0,0.0,0.1
Long-short,2026-06-30,000333.SZ,0.0,0.0,0.1
Long-short,2026-06-30,600690.SH,0.1,0.0,0.0
Long-short,2026-06-30,000063.SZ,0.0,0.0,0.0
Long-short,2026-06-30,000100.SZ,0.0,-0.1,0.0
Long-short,2026-06-30,000725.SZ,-0.1,0.0,0.0
Long-short,2026-06-30,002415.SZ,0.0,0.1,0.0
Long-short,2026-06-30,600104.SH,0.1,-0.1,-0.1
Long-short,2026-06-30,000625.SZ,0.0,-0.1,-0.1
Long-short,2026-06-30,601633.SH,0.0,0.0,-0.1
Long-short,2026-06-30,601766.SH,0.0,0.0,-0.1
Long-short,2026-06-30,601111.SH,-0.1,-0.1,0.0
Long-short,2026-06-30,601318.SH,0.1,0.1,0.0
Long-short,2026-06-30,601398.SH,0.1,0.1,0.0
Long-short,2026-06-30,600028.SH,0.0,-0.1,-0.1
Long-short,2026-06-30,601857.SH,0.1,0.0,0.1
Long-short,2026-06-30,600276.SH,-0.1,0.1,0.0
Long-short,2026-06-30,002230.SZ,-0.1,0.0,0.0
Long-short,2026-06-30,002475.SZ,0.0,0.0,0.1
Long-short,2026-07-31,002371.SZ,-0.1,0.1,0.1
Long-short,2026-07-31,600309.SH,0.0,0.0,0.0
Long-short,2026-07-31,000333.SZ,0.0,0.0,0.1
Long-short,2026-07-31,600690.SH,0.1,0.0,-0.1
Long-short,2026-07-31,000063.SZ,0.0,0.0,0.0
Long-short,2026-07-31,000100.SZ,0.0,-0.1,0.0
Long-short,2026-07-31,000725.SZ,-0.1,0.0,0.1
Long-short,2026-07-31,002415.SZ,0.0,0.1,0.1
Long-short,2026-07-31,600104.SH,0.1,-0.1,-0.1
Long-short,2026-07-31,000625.SZ,0.0,-0.1,-0.1
Long-short,2026-07-31,601633.SH,0.0,0.0,-0.1
Long-short,2026-07-31,601766.SH,0.0,0.0,-0.1
Long-short,2026-07-31,601111.SH,-0.1,-0.1,0.0
Long-short,2026-07-31,601318.SH,0.1,0.1,0.0
Long-short,2026-07-31,601398.SH,0.1,0.1,0.0
Long-short,2026-07-31,600028.SH,0.0,-0.1,0.0
Long-short,2026-07-31,601857.SH,0.1,0.0,0.0
Long-short,2026-07-31,600276.SH,-0.1,0.1,0.0
Long-short,2026-07-31,002230.SZ,-0.1,0.0,0.0
Long-short,2026-07-31,002475.SZ,0.0,0.0,0.1
Long-short,2026-08-31,002371.SZ,-0.1,0.1,0.1
Long-short,2026-08-31,600309.SH,0.0,0.0,0.0
Long-short,2026-08-31,000333.SZ,0.0,0.0,0.1
Long-short,2026-08-31,600690.SH,0.1,0.0,0.0
Long-short,2026-08-31,000063.SZ,0.0,0.0,-0.1
Long-short,2026-08-31,000100.SZ,0.0,-0.1,0.0
Long-short,2026-08-31,000725.SZ,-0.1,0.0,0.0
Long-short,2026-08-31,002415.SZ,0.0,0.1,0.1
Long-short,2026-08-31,600104.SH,0.1,-0.1,-0.1
Long-short,2026-08-31,000625.SZ,0.0,-0.1,-0.1
Long-short,2026-08-31,601633.SH,0.1,0.0,-0.1
Long-short,2026-08-31,601766.SH,0.0,0.0,-0.1
Long-short,2026-08-31,601111.SH,-0.1,-0.1,0.0
Long-short,2026-08-31,601318.SH,0.1,0.1,0.0
Long-short,2026-08-31,601398.SH,0.1,0.1,0.0
Long-short,2026-08-31,600028.SH,0.0,-0.1,0.0
Long-short,2026-08-31,601857.SH,0.0,0.0,0.1
Long-short,2026-08-31,600276.SH,-0.1,0.1,0.0
Long-short,2026-08-31,002230.SZ,-0.1,0.0,0.0
Long-short,2026-08-31,002475.SZ,0.0,0.0,0.1
Long-short,2026-09-30,002371.SZ,-0.1,0.1,0.1
Long-short,2026-09-30,600309.SH,0.0,0.0,0.0
Long-short,2026-09-30,000333.SZ,0.0,0.0,0.1
Long-short,2026-09-30,600690.SH,0.1,0.0,0.0
Long-short,2026-09-30,000063.SZ,0.0,0.0,0.0
Long-short,2026-09-30,000100.SZ,0.0,-0.1,0.0
Long-short,2026-09-30,000725.SZ,-0.1,0.0,0.1
Long-short,2026-09-30,002415.SZ,0.0,0.1,0.1
Long-short,2026-09-30,600104.SH,0.1,-0.1,-0.1
Long-short,2026-09-30,000625.SZ,0.0,-0.1,-0.1
Long-short,2026-09-30,601633.SH,0.1,0.0,-0.1
Long-short,2026-09-30,601766.SH,0.0,0.0,-0.1
Long-short,2026-09-30,601111.SH,-0.1,-0.1,0.0
Long-short,2026-09-30,601318.SH,0.1,0.1,0.0
Long-short,2026-09-30,601398.SH,0.1,0.1,0.0
Long-short,2026-09-30,600028.SH,0.0,-0.1,0.0
Long-short,2026-09-30,601857.SH,0.0,0.0,0.1
Long-short,2026-09-30,600276.SH,-0.1,0.1,-0.1
Long-short,2026-09-30,002230.SZ,-0.1,0.0,0.0
Long-short,2026-09-30,002475.SZ,0.0,0.0,0.0
Ranked long-short,2019-11-30,002371.SZ,-0.085,0.025,0.015
Ranked long-short,2019-11-30,600309.SH,0.065,0.065,0.075
Ranked long-short,2019-11-30,000333.SZ,-0.005,0.045,0.055
Ranked long-short,2019-11-30,600690.SH,0.045,-0.025,-0.005
Ranked long-short,2019-11-30,000063.SZ,-0.095,-0.095,0.045
Ranked long-short,2019-11-30,000100.SZ,0.035,-0.055,0.005
Ranked long-short,2019-11-30,000725.SZ,-0.035,-0.045,-0.025
Ranked long-short,2019-11-30,002415.SZ,-0.025,0.075,-0.035
Ranked long-short,2019-11-30,600104.SH,0.085,-0.035,-0.065
Ranked long-short,2019-11-30,000625.SZ,-0.045,-0.085,-0.045
Ranked long-short,2019-11-30,601633.SH,0.025,-0.005,0.035
Ranked long-short,2019-11-30,601766.SH,0.005,-0.015,-0.085
Ranked long-short,2019-11-30,601111.SH,0.015,0.005,-0.055
Ranked long-short,2019-11-30,601318.SH,0.055,0.055,0.065
Ranked long-short,2019-11-30,601398.SH,0.095,0.095,0.025
Ranked long-short,2019-11-30,600028.SH,0.075,-0.075,-0.075
Ranked long-short,2019-11-30,601857.SH,-0.015,-0.065,-0.095
Ranked long-short,2019-11-30,600276.SH,-0.065,0.085,0.085
Ranked long-short,2019-11-30,002230.SZ,-0.075,0.015,-0.015
Ranked long-short,2019-11-30,002475.SZ,-0.055,0.035,0.095
Ranked long-short,2019-12-31,002371.SZ,-0.085,0.025,0.055
Ranked long-short,2019-12-31,600309.SH,0.065,0.065,0.075
Ranked long-short,2019-12-31,000333.SZ,-0.005,0.045,0.025
Ranked long-short,2019-12-31,600690.SH,0.035,-0.025,-0.025
Ranked long-short,2019-12-31,000063.SZ,-0.095,-0.095,0.015
Ranked long-short,2019-12-31,000100.SZ,0.025,-0.055,0.065
Ranked long-short,2019-12-31,000725.SZ,-0.035,-0.045,-0.005
Ranked long-short,2019-12-31,002415.SZ,-0.025,0.075,-0.045
Ranked long-short,2019-12-31,600104.SH,0.085,-0.035,-0.065
Ranked long-short,2019-12-31,000625.SZ,-0.045,-0.085,-0.035
Ranked long-short,2019-12-31,601633.SH,0.045,-0.005,0.035
Ranked long-short,2019-12-31,601766.SH,0.015,-0.015,-0.085
Ranked long-short,2019-12-31,601111.SH,0.005,0.005,-0.055
Ranked long-short,2019-12-31,601318.SH,0.055,0.055,0.045
Ranked long-short,2019-12-31,601398.SH,0.095,0.095,-0.015
Ranked long-short,2019-12-31,600028.SH,0.075,-0.075,-0.075
Ranked long-short,2019-12-31,601857.SH,-0.015,-0.065,-0.095
Ranked long-short,2019-12-31,600276.SH,-0.065,0.085,0.085
Ranked long-short,2019-12-31,002230.SZ,-0.075,0.015,0.005
Ranked long-short,2019-12-31,002475.SZ,-0.055,0.035,0.095
Ranked long-short,2020-01-31,002371.SZ,-0.085,0.025,0.055
Ranked long-short,2020-01-31,600309.SH,0.065,0.065,0.075
Ranked long-short,2020-01-31,000333.SZ,0.005,0.045,0.035
Ranked long-short,2020-01-31,600690.SH,0.035,-0.025,0.005
Ranked long-short,2020-01-31,000063.SZ,-0.095,-0.095,0.015
Ranked long-short,2020-01-31,000100.SZ,-0.015,-0.055,0.065
Ranked long-short,2020-01-31,000725.SZ,-0.035,-0.045,0.025
Ranked long-short,2020-01-31,002415.SZ,-0.025,0.075,-0.055
Ranked long-short,2020-01-31,600104.SH,0.085,-0.035,-0.075
Ranked long-short,2020-01-31,000625.SZ,-0.045,-0.085,-0.035
Ranked long-short,2020-01-31,601633.SH,0.045,-0.005,-0.015
Ranked long-short,2020-01-31,601766.SH,0.015,-0.015,-0.085
Ranked long-short,2020-01-31,601111.SH,0.025,0.005,-0.045
Ranked long-short,2020-01-31,601318.SH,0.055,0.055,0.045
Ranked long-short,2020-01-31,601398.SH,0.095,0.095,-0.005
Ranked long-short,2020-01-31,600028.SH,0.075,-0.075,-0.065
Ranked long-short,2020-01-31,601857.SH,-0.005,-0.065,-0.095
Ranked long-short,2020-01-31,600276.SH,-0.065,0.085,0.085
Ranked long-short,2020-01-31,002230.SZ,-0.075,0.015,-0.025
Ranked long-short,2020-01-31,002475.SZ,-0.055,0.035,0.095
Ranked long-short,2020-02-29,002371.SZ,-0.085,0.025,0.075
Ranked long-short,2020-02-29,600309.SH,0.065,0.065,0.045
Ranked long-short,2020-02-29,000333.SZ,-0.005,0.045,0.015
Ranked long-short,2020-02-29,600690.SH,0.035,-0.025,0.005
Ranked long-short,2020-02-29,000063.SZ,-0.095,-0.095,0.065
Ranked long-short,2020-02-29,000100.SZ,-0.015,-0.055,0.055
Ranked long-short,2020-02-29,000725.SZ,-0.035,-0.045,0.025
Ranked long-short,2020-02-29,002415.SZ,-0.025,0.075,-0.045
Ranked long-short,2020-02-29,600104.SH,0.085,-0.035,-0.065
Ranked long-short,2020-02-29,000625.SZ,-0.045,-0.085,-0.035
Ranked long-short,2020-02-29,601633.SH,0.025,-0.005,-0.015
Ranked long-short,2020-02-29,601766.SH,0.015,-0.015,-0.085
Ranked long-short,2020-02-29,601111.SH,0.045,0.005,-0.055
Ranked long-short,2020-02-29,601318.SH,0.055,0.055,0.035
Ranked long-short,2020-02-29,601398.SH,0.095,0.095,-0.005
Ranked long-short,2020-02-29,600028.SH,0.075,-0.075,-0.075
Ranked long-short,2020-02-29,601857.SH,0.005,-0.065,-0.095
Ranked long-short,2020-02-29,600276.SH,-0.055,0.085,0.085
Ranked long-short,2020-02-29,002230.SZ,-0.075,0.015,-0.025
Ranked long-short,2020-02-29,002475.SZ,-0.065,0.035,0.095
Ranked long-short,2020-03-31,002371.SZ,-0.085,0.025,0.085
Ranked long-short,2020-03-31,600309.SH,0.075,0.065,0.035
Ranked long-short,2020-03-31,000333.SZ,-0.015,0.045,0.005
Ranked long-short,2020-03-31,600690.SH,0.045,-0.025,-0.025
Ranked long-short,2020-03-31,000063.SZ,-0.095,-0.095,0.075
Ranked long-short,2020-03-31,000100.SZ,0.005,-0.055,0.065
Ranked long-short,2020-03-31,000725.SZ,-0.035,-0.045,0.045
Ranked long-short,2020-03-31,002415.SZ,-0.025,0.075,-0.035
Ranked long-short,2020-03-31,600104.SH,0.085,-0.035,-0.055
Ranked long-short,2020-03-31,000625.SZ,-0.045,-0.085,0.025
Ranked long-short,2020-03-31,601633.SH,0.025,-0.005,0.015
Ranked long-short,2020-03-31,601766.SH,-0.005,-0.015,-0.085
Ranked long-short,2020-03-31,601111.SH,0.035,0.005,-0.065
Ranked long-short,2020-03-31,601318.SH,0.055,0.055,-0.005
Ranked long-short,2020-03-31,601398.SH,0.095,0.095,-0.045
Ranked long-short,2020-03-31,600028.SH,0.065,-0.075,-0.075
Ranked long-short,2020-03-31,601857.SH,0.015,-0.065,-0.095
Ranked long-short,2020-03-31,600276.SH,-0.065,0.085,0.055
Ranked long-short,2020-03-31,002230.SZ,-0.075,0.015,-0.015
Ranked long-short,2020-03-31,002475.SZ,-0.055,0.035,0.095
Ranked long-short,2020-04-30,002371.SZ,-0.085,0.025,0.085
Ranked long-short,2020-04-30,600309.SH,0.065,0.065,-0.005
Ranked long-short,2020-04-30,000333.SZ,-0.015,0.045,0.015
Ranked long-short,2020-04-30,600690.SH,0.045,-0.025,-0.025
Ranked long-short,2020-04-30,000063.SZ,-0.095,-0.095,0.065
Ranked long-short,2020-04-30,000100.SZ,-0.005,-0.055,0.055
Ranked long-short,2020-04-30,000725.SZ,-0.035,-0.045,0.045
Ranked long-short,2020-04-30,002415.SZ,-0.025,0.075,-0.035
Ranked long-short,2020-04-30,600104.SH,0.095,-0.035,-0.055
Ranked long-short,2020-04-30,000625.SZ,-0.045,-0.085,0.035
Ranked long-short,2020-04-30,601633.SH,0.035,-0.005,0.005
Ranked long-short,2020-04-30,601766.SH,0.005,-0.015,-0.085
Ranked long-short,2020-04-30,601111.SH,0.025,0.005,-0.065
Ranked long-short,2020-04-30,601318.SH,0.055,0.055,-0.045
Ranked long-short,2020-04-30,601398.SH,0.085,0.095,-0.015
Ranked long-short,2020-04-30,600028.SH,0.075,-0.075,-0.075
Ranked long-short,2020-04-30,601857.SH,0.015,-0.065,-0.095
Ranked long-short,2020-04-30,600276.SH,-0.065,0.085,0.075
Ranked long-short,2020-04-30,002230.SZ,-0.075,0.015,0.025
Ranked long-short,2020-04-30,002475.SZ,-0.055,0.035,0.095
Ranked long-short,2020-05-31,002371.SZ,-0.085,0.025,0.085
Ranked long-short,2020-05-31,600309.SH,0.065,0.065,0.025
Ranked long-short,2020-05-31,000333.SZ,-0.015,0.045,0.005
Ranked long-short,2020-05-31,600690.SH,0.025,-0.025,-0.025
Ranked long-short,2020-05-31,000063.SZ,-0.095,-0.095,0.065
Ranked long-short,2020-05-31,000100.SZ,-0.005,-0.055,0.055
Ranked long-short,2020-05-31,000725.SZ,-0.035,-0.045,-0.005
Ranked long-short,2020-05-31,002415.SZ,-0.025,0.075,0.045
Ranked long-short,2020-05-31,600104.SH,0.095,-0.035,-0.065
Ranked long-short,2020-05-31,000625.SZ,-0.045,-0.085,0.035
Ranked long-short,2020-05-31,601633.SH,0.035,-0.005,-0.015
Ranked long-short,2020-05-31,601766.SH,0.005,-0.015,-0.085
Ranked long-short,2020-05-31,601111.SH,0.045,0.005,-0.055
Ranked long-short,2020-05-31,601318.SH,0.055,0.055,-0.035
Ranked long-short,2020-05-31,601398.SH,0.085,0.095,-0.045
Ranked long-short,2020-05-31,600028.SH,0.075,-0.075,-0.075
Ranked long-short,2020-05-31,601857.SH,0.015,-0.065,-0.095
Ranked long-short,2020-05-31,600276.SH,-0.065,0.085,0.075
Ranked long-short,2020-05-31,002230.SZ,-0.075,0.015,0.015
Ranked long-short,2020-05-31,002475.SZ,-0.055,0.035,0.095
Ranked long-short,2020-06-30,002371.SZ,-0.085,0.025,0.085
Ranked long-short,2020-06-30,600309.SH,0.025,0.065,0.035
Ranked long-short,2020-06-30,000333.SZ,-0.005,0.045,0.045
Ranked long-short,2020-06-30,600690.SH,0.045,-0.035,-0.005
Ranked long-short,2020-06-30,000063.SZ,-0.035,0.005,0.025
Ranked long-short,2020-06-30,000100.SZ,-0.025,-0.045,0.065
Ranked long-short,2020-06-30,000725.SZ,-0.055,-0.085,0.015
Ranked long-short,2020-06-30,002415.SZ,-0.015,0.075,0.005
Ranked long-short,2020-06-30,600104.SH,0.085,-0.055,-0.055
Ranked long-short,2020-06-30,000625.SZ,-0.095,-0.095,0.055
Ranked long-short,2020-06-30,601633.SH,0.015,-0.025,-0.025
Ranked long-short,2020-06-30,601766.SH,0.055,-0.005,-0.075
Ranked long-short,2020-06-30,601111.SH,0.035,-0.015,-0.065
Ranked long-short,2020-06-30,601318.SH,0.065,0.055,-0.045
Ranked long-short,2020-06-30,601398.SH,0.095,0.095,-0.035
Ranked long-short,2020-06-30,600028.SH,0.075,-0.065,-0.085
Ranked long-short,2020-06-30,601857.SH,0.005,-0.075,-0.095
Ranked long-short,2020-06-30,600276.SH,-0.065,0.085,0.075
Ranked long-short,2020-06-30,002230.SZ,-0.075,0.035,-0.015
Ranked long-short,2020-06-30,002475.SZ,-0.045,0.015,0.095
Ranked long-short,2020-07-31,002371.SZ,-0.085,0.025,0.085
Ranked long-short,2020-07-31,600309.SH,0.015,0.065,0.035
Ranked long-short,2020-07-31,000333.SZ,0.005,0.045,0.045
Ranked long-short,2020-07-31,600690.SH,0.045,-0.035,-0.005
Ranked long-short,2020-07-31,000063.SZ,-0.035,0.005,0.025
Ranked long-short,2020-07-31,000100.SZ,-0.025,-0.045,0.065
Ranked long-short,2020-07-31,000725.SZ,-0.045,-0.085,0.005
Ranked long-short,2020-07-31,002415.SZ,-0.015,0.075,-0.015
Ranked long-short,2020-07-31,600104.SH,0.085,-0.055,-0.055
Ranked long-short,2020-07-31,000625.SZ,-0.095,-0.095,0.055
Ranked long-short,2020-07-31,601633.SH,-0.005,-0.025,-0.025
Ranked long-short,2020-07-31,601766.SH,0.055,-0.005,-0.085
Ranked long-short,2020-07-31,601111.SH,0.035,-0.015,-0.065
Ranked long-short,2020-07-31,601318.SH,0.065,0.055,-0.045
Ranked long-short,2020-07-31,601398.SH,0.095,0.095,-0.035
Ranked long-short,2020-07-31,600028.SH,0.075,-0.065,-0.075
Ranked long-short,2020-07-31,601857.SH,0.025,-0.075,-0.095
Ranked long-short,2020-07-31,600276.SH,-0.065,0.085,0.075
Ranked long-short,2020-07-31,002230.SZ,-0.075,0.035,0.015
Ranked long-short,2020-07-31,002475.SZ,-0.055,0.015,0.095
Ranked long-short,2020-08-31,002371.SZ,-0.085,0.025,0.085
Ranked long-short,2020-08-31,600309.SH,0.005,0.065,0.045
Ranked long-short,2020-08-31,000333.SZ,0.015,0.045,0.055
Ranked long-short,2020-08-31,600690.SH,0.025,-0.035,-0.015
Ranked long-short,2020-08-31,000063.SZ,-0.025,0.005,0.025
Ranked long-short,2020-08-31,000100.SZ,-0.035,-0.045,0.075
Ranked long-short,2020-08-31,000725.SZ,-0.065,-0.085,-0.025
Ranked long-short,2020-08-31,002415.SZ,-0.005,0.075,0.005
Ranked long-short,2020-08-31,600104.SH,0.075,-0.055,-0.065
Ranked long-short,2020-08-31,000625.SZ,-0.095,-0.095,0.015
Ranked long-short,2020-08-31,601633.SH,-0.015,-0.025,0.035
Ranked long-short,2020-08-31,601766.SH,0.055,-0.005,-0.085
Ranked long-short,2020-08-31,601111.SH,0.045,-0.015,-0.045
Ranked long-short,2020-08-31,601318.SH,0.065,0.055,-0.055
Ranked long-short,2020-08-31,601398.SH,0.095,0.095,-0.035
Ranked long-short,2020-08-31,600028.SH,0.085,-0.065,-0.075
Ranked long-short,2020-08-31,601857.SH,0.035,-0.075,-0.095
Ranked long-short,2020-08-31,600276.SH,-0.055,0.085,0.065
Ranked long-short,2020-08-31,002230.SZ,-0.075,0.035,-0.005
Ranked long-short,2020-08-31,002475.SZ,-0.045,0.015,0.095
Ranked long-short,2020-09-30,002371.SZ,-0.085,0.025,0.085
Ranked long-short,2020-09-30,600309.SH,0.005,0.065,0.075
Ranked long-short,2020-09-30,000333.SZ,0.015,0.045,0.045
Ranked long-short,2020-09-30,600690.SH,0.025,-0.035,0.025
Ranked long-short,2020-09-30,000063.SZ,-0.015,0.005,-0.025
Ranked long-short,2020-09-30,000100.SZ,-0.025,-0.045,0.065
Ranked long-short,2020-09-30,000725.SZ,-0.055,-0.085,0.015
Ranked long-short,2020-09-30,002415.SZ,-0.005,0.075,-0.015
Ranked long-short,2020-09-30,600104.SH,0.075,-0.055,-0.065
Ranked long-short,2020-09-30,000625.SZ,-0.095,-0.095,0.005
Ranked long-short,2020-09-30,601633.SH,-0.035,-0.025,0.055
Ranked long-short,2020-09-30,601766.SH,0.055,-0.005,-0.075
Ranked long-short,2020-09-30,601111.SH,0.045,-0.015,-0.045
Ranked long-short,2020-09-30,601318.SH,0.065,0.055,-0.055
Ranked long-short,2020-09-30,601398.SH,0.095,0.095,-0.035
Ranked long-short,2020-09-30,600028.SH,0.085,-0.065,-0.085
Ranked long-short,2020-09-30,601857.SH,0.035,-0.075,-0.095
Ranked long-short,2020-09-30,600276.SH,-0.065,0.085,0.035
Ranked long-short,2020-09-30,002230.SZ,-0.075,0.035,-0.005
Ranked long-short,2020-09-30,002475.SZ,-0.045,0.015,0.095
Ranked long-short,2020-10-31,002371.SZ,-0.085,0.025,0.075
Ranked long-short,2020-10-31,600309.SH,0.005,0.065,0.055
Ranked long-short,2020-10-31,000333.SZ,0.015,0.045,0.035
Ranked long-short,2020-10-31,600690.SH,0.025,-0.035,0.025
Ranked long-short,2020-10-31,000063.SZ,-0.005,0.005,-0.025
Ranked long-short,2020-10-31,000100.SZ,-0.015,-0.045,0.065
Ranked long-short,2020-10-31,000725.SZ,-0.055,-0.085,0.015
Ranked long-short,2020-10-31,002415.SZ,-0.025,0.075,-0.005
Ranked long-short,2020-10-31,600104.SH,0.065,-0.055,-0.045
Ranked long-short,2020-10-31,000625.SZ,-0.095,-0.095,0.045
Ranked long-short,2020-10-31,601633.SH,-0.035,-0.025,0.085
Ranked long-short,2020-10-31,601766.SH,0.055,-0.005,-0.075
Ranked long-short,2020-10-31,601111.SH,0.045,-0.015,-0.035
Ranked long-short,2020-10-31,601318.SH,0.075,0.055,-0.055
Ranked long-short,2020-10-31,601398.SH,0.095,0.095,-0.065
Ranked long-short,2020-10-31,600028.SH,0.085,-0.065,-0.085
Ranked long-short,2020-10-31,601857.SH,0.035,-0.075,-0.095
Ranked long-short,2020-10-31,600276.SH,-0.065,0.085,0.005
Ranked long-short,2020-10-31,002230.SZ,-0.075,0.035,-0.015
Ranked long-short,2020-10-31,002475.SZ,-0.045,0.015,0.095
Ranked long-short,2020-11-30,002371.SZ,-0.085,0.025,0.075
Ranked long-short,2020-11-30,600309.SH,0.015,0.065,0.065
Ranked long-short,2020-11-30,000333.SZ,0.005,0.045,0.045
Ranked long-short,2020-11-30,600690.SH,0.025,-0.035,0.015
Ranked long-short,2020-11-30,000063.SZ,-0.005,0.005,-0.035
Ranked long-short,2020-11-30,000100.SZ,-0.025,-0.045,0.035
Ranked long-short,2020-11-30,000725.SZ,-0.065,-0.085,0.005
Ranked long-short,2020-11-30,002415.SZ,-0.015,0.075,0.025
Ranked long-short,2020-11-30,600104.SH,0.065,-0.055,-0.025
Ranked long-short,2020-11-30,000625.SZ,-0.095,-0.095,0.055
Ranked long-short,2020-11-30,601633.SH,-0.035,-0.025,0.095
Ranked long-short,2020-11-30,601766.SH,0.055,-0.005,-0.075
Ranked long-short,2020-11-30,601111.SH,0.035,-0.015,-0.055
Ranked long-short,2020-11-30,601318.SH,0.075,0.055,-0.045
Ranked long-short,2020-11-30,601398.SH,0.095,0.095,-0.065
Ranked long-short,2020-11-30,600028.SH,0.085,-0.065,-0.085
Ranked long-short,2020-11-30,601857.SH,0.045,-0.075,-0.095
Ranked long-short,2020-11-30,600276.SH,-0.055,0.085,-0.005
Ranked long-short,2020-11-30,002230.SZ,-0.075,0.035,-0.015
Ranked long-short,2020-11-30,002475.SZ,-0.045,0.015,0.085
Ranked long-short,2020-12-31,002371.SZ,-0.085,0.025,0.045
Ranked long-short,2020-12-31,600309.SH,0.025,0.065,0.055
Ranked long-short,2020-12-31,000333.SZ,0.015,0.045,0.065
Ranked long-short,2020-12-31,600690.SH,-0.005,-0.035,0.025
Ranked long-short,2020-12-31,000063.SZ,0.005,0.005,-0.045
Ranked long-short,2020-12-31,000100.SZ,-0.025,-0.045,0.015
Ranked long-short,2020-12-31,000725.SZ,-0.055,-0.085,-0.025
Ranked long-short,2020-12-31,002415.SZ,-0.015,0.075,0.035
Ranked long-short,2020-12-31,600104.SH,0.065,-0.055,-0.015
Ranked long-short,2020-12-31,000625.SZ,-0.095,-0.095,0.085
Ranked long-short,2020-12-31,601633.SH,-0.035,-0.025,0.095
Ranked long-short,2020-12-31,601766.SH,0.055,-0.005,-0.085
Ranked long-short,2020-12-31,601111.SH,0.035,-0.015,-0.065
Ranked long-short,2020-12-31,601318.SH,0.075,0.055,-0.035
Ranked long-short,2020-12-31,601398.SH,0.095,0.095,-0.055
Ranked long-short,2020-12-31,600028.SH,0.085,-0.065,-0.075
Ranked long-short,2020-12-31,601857.SH,0.045,-0.075,-0.095
Ranked long-short,2020-12-31,600276.SH,-0.075,0.085,0.005
Ranked long-short,2020-12-31,002230.SZ,-0.065,0.035,-0.005
Ranked long-short,2020-12-31,002475.SZ,-0.045,0.015,0.075
Ranked long-short,2021-01-31,002371.SZ,-0.085,0.025,0.025
Ranked long-short,2021-01-31,600309.SH,0.005,0.065,0.065
Ranked long-short,2021-01-31,000333.SZ,0.025,0.045,0.085
Ranked long-short,2021-01-31,600690.SH,-0.005,-0.035,0.035
Ranked long-short,2021-01-31,000063.SZ,0.015,0.005,-0.055
Ranked long-short,2021-01-31,000100.SZ,-0.015,-0.045,0.005
Ranked long-short,2021-01-31,000725.SZ,-0.065,-0.085,-0.005
Ranked long-short,2021-01-31,002415.SZ,-0.025,0.075,0.015
Ranked long-short,2021-01-31,600104.SH,0.065,-0.055,-0.025
Ranked long-short,2021-01-31,000625.SZ,-0.095,-0.095,0.075
Ranked long-short,2021-01-31,601633.SH,-0.045,-0.025,0.095
Ranked long-short,2021-01-31,601766.SH,0.055,-0.005,-0.075
Ranked long-short,2021-01-31,601111.SH,0.045,-0.015,-0.045
Ranked long-short,2021-01-31,601318.SH,0.075,0.055,-0.035
Ranked long-short,2021-01-31,601398.SH,0.095,0.095,-0.065
Ranked long-short,2021-01-31,600028.SH,0.085,-0.065,-0.085
Ranked long-short,2021-01-31,601857.SH,0.035,-0.075,-0.095
Ranked long-short,2021-01-31,600276.SH,-0.055,0.085,0.055
Ranked long-short,2021-01-31,002230.SZ,-0.075,0.035,-0.015
Ranked long-short,2021-01-31,002475.SZ,-0.035,0.015,0.045
Ranked long-short,2021-02-28,002371.SZ,-0.085,0.025,-0.005
Ranked long-short,2021-02-28,600309.SH,-0.005,0.065,0.085
Ranked long-short,2021-02-28,000333.SZ,0.025,0.045,0.075
Ranked long-short,2021-02-28,600690.SH,0.005,-0.035,0.065
Ranked long-short,2021-02-28,000063.SZ,0.015,0.005,-0.085
Ranked long-short,2021-02-28,000100.SZ,-0.025,-0.045,0.015
Ranked long-short,2021-02-28,000725.SZ,-0.065,-0.085,0.005
Ranked long-short,2021-02-28,002415.SZ,-0.015,0.075,0.055
Ranked long-short,2021-02-28,600104.SH,0.075,-0.055,-0.035
Ranked long-short,2021-02-28,000625.SZ,-0.095,-0.095,0.035
Ranked long-short,2021-02-28,601633.SH,-0.035,-0.025,0.095
Ranked long-short,2021-02-28,601766.SH,0.055,-0.005,-0.055
Ranked long-short,2021-02-28,601111.SH,0.035,-0.015,-0.065
Ranked long-short,2021-02-28,601318.SH,0.065,0.055,-0.025
Ranked long-short,2021-02-28,601398.SH,0.095,0.095,-0.045
Ranked long-short,2021-02-28,600028.SH,0.085,-0.065,-0.075
Ranked long-short,2021-02-28,601857.SH,0.045,-0.075,-0.095
Ranked long-short,2021-02-28,600276.SH,-0.055,0.085,0.045
Ranked long-short,2021-02-28,002230.SZ,-0.075,0.035,-0.015
Ranked long-short,2021-02-28,002475.SZ,-0.045,0.015,0.025
Ranked long-short,2021-03-31,002371.SZ,-0.085,0.025,-0.025
Ranked long-short,2021-03-31,600309.SH,-0.005,0.065,0.095
Ranked long-short,2021-03-31,000333.SZ,0.025,0.045,0.075
Ranked long-short,2021-03-31,600690.SH,0.005,-0.035,0.055
Ranked long-short,2021-03-31,000063.SZ,0.015,0.005,-0.095
Ranked long-short,2021-03-31,000100.SZ,-0.025,-0.045,0.045
Ranked long-short,2021-03-31,000725.SZ,-0.065,-0.085,0.035
Ranked long-short,2021-03-31,002415.SZ,-0.015,0.075,0.065
Ranked long-short,2021-03-31,600104.SH,0.085,-0.055,-0.065
Ranked long-short,2021-03-31,000625.SZ,-0.095,-0.095,0.015
Ranked long-short,2021-03-31,601633.SH,-0.045,-0.025,0.085
Ranked long-short,2021-03-31,601766.SH,0.055,-0.005,-0.075
Ranked long-short,2021-03-31,601111.SH,0.035,-0.015,-0.035
Ranked long-short,2021-03-31,601318.SH,0.065,0.055,-0.005
Ranked long-short,2021-03-31,601398.SH,0.095,0.095,-0.045
Ranked long-short,2021-03-31,600028.SH,0.075,-0.065,-0.055
Ranked long-short,2021-03-31,601857.SH,0.045,-0.075,-0.085
Ranked long-short,2021-03-31,600276.SH,-0.055,0.085,0.005
Ranked long-short,2021-03-31,002230.SZ,-0.075,0.035,-0.015
Ranked long-short,2021-03-31,002475.SZ,-0.035,0.015,0.025
Ranked long-short,2021-04-30,002371.SZ,-0.085,0.025,-0.055
Ranked long-short,2021-04-30,600309.SH,0.005,0.065,0.085
Ranked long-short,2021-04-30,000333.SZ,0.025,0.045,0.055
Ranked long-short,2021-04-30,600690.SH,-0.005,-0.035,0.075
Ranked long-short,2021-04-30,000063.SZ,0.015,0.005,-0.095
Ranked long-short,2021-04-30,000100.SZ,-0.025,-0.045,0.065
Ranked long-short,2021-04-30,000725.SZ,-0.065,-0.085,0.045
Ranked long-short,2021-04-30,002415.SZ,-0.015,0.075,0.035
Ranked long-short,2021-04-30,600104.SH,0.065,-0.055,-0.035
Ranked long-short,2021-04-30,000625.SZ,-0.095,-0.095,0.015
Ranked long-short,2021-04-30,601633.SH,-0.045,-0.025,0.095
Ranked long-short,2021-04-30,601766.SH,0.055,-0.005,-0.065
Ranked long-short,2021-04-30,601111.SH,0.035,-0.015,-0.005
Ranked long-short,2021-04-30,601318.SH,0.085,0.055,-0.025
Ranked long-short,2021-04-30,601398.SH,0.095,0.095,0.005
Ranked long-short,2021-04-30,600028.SH,0.075,-0.065,-0.045
Ranked long-short,2021-04-30,601857.SH,0.045,-0.075,-0.075
Ranked long-short,2021-04-30,600276.SH,-0.055,0.085,-0.015
Ranked long-short,2021-04-30,002230.SZ,-0.075,0.035,0.025
Ranked long-short,2021-04-30,002475.SZ,-0.035,0.015,-0.085
Ranked long-short,2021-05-31,002371.SZ,-0.085,0.025,-0.075
Ranked long-short,2021-05-31,600309.SH,0.005,0.065,0.075
Ranked long-short,2021-05-31,000333.SZ,0.025,0.045,0.025
Ranked long-short,2021-05-31,600690.SH,-0.005,-0.035,0.055
Ranked long-short,2021-05-31,000063.SZ,0.015,0.005,-0.095
Ranked long-short,2021-05-31,000100.SZ,-0.015,-0.045,0.045
Ranked long-short,2021-05-31,000725.SZ,-0.065,-0.085,0.065
Ranked long-short,2021-05-31,002415.SZ,-0.025,0.075,0.085
Ranked long-short,2021-05-31,600104.SH,0.075,-0.055,-0.015
Ranked long-short,2021-05-31,000625.SZ,-0.095,-0.095,0.015
Ranked long-short,2021-05-31,601633.SH,-0.045,-0.025,0.095
Ranked long-short,2021-05-31,601766.SH,0.055,-0.005,-0.085
Ranked long-short,2021-05-31,601111.SH,0.035,-0.015,0.005
Ranked long-short,2021-05-31,601318.SH,0.085,0.055,-0.045
Ranked long-short,2021-05-31,601398.SH,0.095,0.095,-0.025
Ranked long-short,2021-05-31,600028.SH,0.065,-0.065,-0.005
Ranked long-short,2021-05-31,601857.SH,0.045,-0.075,-0.035
Ranked long-short,2021-05-31,600276.SH,-0.055,0.085,-0.055
Ranked long-short,2021-05-31,002230.SZ,-0.075,0.035,0.035
Ranked long-short,2021-05-31,002475.SZ,-0.035,0.015,-0.065
Ranked long-short,2021-06-30,002371.SZ,-0.085,0.025,-0.055
Ranked long-short,2021-06-30,600309.SH,0.015,0.065,0.075
Ranked long-short,2021-06-30,000333.SZ,0.045,0.035,0.025
Ranked long-short,2021-06-30,600690.SH,0.025,-0.025,0.065
Ranked long-short,2021-06-30,000063.SZ,0.005,-0.035,-0.095
Ranked long-short,2021-06-30,000100.SZ,0.035,0.005,-0.005
Ranked long-short,2021-06-30,000725.SZ,-0.015,-0.055,0.035
Ranked long-short,2021-06-30,002415.SZ,-0.035,0.075,0.085
Ranked long-short,2021-06-30,600104.SH,0.075,-0.065,-0.025
Ranked long-short,2021-06-30,000625.SZ,-0.005,-0.045,0.055
Ranked long-short,2021-06-30,601633.SH,-0.065,-0.005,0.095
Ranked long-short,2021-06-30,601766.SH,0.065,-0.015,-0.045
Ranked long-short,2021-06-30,601111.SH,-0.095,-0.095,0.015
Ranked long-short,2021-06-30,601318.SH,0.085,0.055,-0.065
Ranked long-short,2021-06-30,601398.SH,0.095,0.095,-0.035
Ranked long-short,2021-06-30,600028.SH,0.055,-0.075,0.005
Ranked long-short,2021-06-30,601857.SH,-0.045,-0.085,-0.015
Ranked long-short,2021-06-30,600276.SH,-0.055,0.085,-0.075
Ranked long-short,2021-06-30,002230.SZ,-0.075,0.045,0.045
Ranked long-short,2021-06-30,002475.SZ,-0.025,0.015,-0.085
Ranked long-short,2021-07-31,002371.SZ,-0.085,0.025,0.005
Ranked long-short,2021-07-31,600309.SH,0.015,0.065,0.055
Ranked long-short,2021-07-31,000333.SZ,0.045,0.035,-0.055
Ranked long-short,2021-07-31,600690.SH,0.025,-0.025,0.035
Ranked long-short,2021-07-31,000063.SZ,-0.025,-0.035,-0.085
Ranked long-short,2021-07-31,000100.SZ,0.035,0.005,-0.005
Ranked long-short,2021-07-31,000725.SZ,-0.005,-0.055,0.025
Ranked long-short,2021-07-31,002415.SZ,-0.035,0.075,0.075
Ranked long-short,2021-07-31,600104.SH,0.075,-0.065,-0.015
Ranked long-short,2021-07-31,000625.SZ,-0.015,-0.045,0.085
Ranked long-short,2021-07-31,601633.SH,-0.075,-0.005,0.095
Ranked long-short,2021-07-31,601766.SH,0.055,-0.015,-0.045
Ranked long-short,2021-07-31,601111.SH,-0.095,-0.095,-0.035
Ranked long-short,2021-07-31,601318.SH,0.085,0.055,-0.095
Ranked long-short,2021-07-31,601398.SH,0.095,0.095,-0.025
Ranked long-short,2021-07-31,600028.SH,0.065,-0.075,0.015
Ranked long-short,2021-07-31,601857.SH,-0.045,-0.085,0.045
Ranked long-short,2021-07-31,600276.SH,-0.055,0.085,-0.065
Ranked long-short,2021-07-31,002230.SZ,-0.065,0.045,0.065
Ranked long-short,2021-07-31,002475.SZ,0.005,0.015,-0.075
Ranked long-short,2021-08-31,002371.SZ,-0.085,0.025,0.085
Ranked long-short,2021-08-31,600309.SH,0.005,0.065,0.045
Ranked long-short,2021-08-31,000333.SZ,0.055,0.035,-0.055
Ranked long-short,2021-08-31,600690.SH,0.025,-0.025,-0.005
Ranked long-short,2021-08-31,000063.SZ,-0.015,-0.035,-0.035
Ranked long-short,2021-08-31,000100.SZ,0.035,0.005,0.025
Ranked long-short,2021-08-31,000725.SZ,-0.025,-0.055,0.005
Ranked long-short,2021-08-31,002415.SZ,-0.005,0.075,0.065
Ranked long-short,2021-08-31,600104.SH,0.075,-0.065,-0.025
Ranked long-short,2021-08-31,000625.SZ,-0.045,-0.045,0.075
Ranked long-short,2021-08-31,601633.SH,-0.075,-0.005,0.095
Ranked long-short,2021-08-31,601766.SH,0.045,-0.015,-0.015
Ranked long-short,2021-08-31,601111.SH,-0.095,-0.095,-0.065
Ranked long-short,2021-08-31,601318.SH,0.085,0.055,-0.095
Ranked long-short,2021-08-31,601398.SH,0.095,0.095,-0.045
Ranked long-short,2021-08-31,600028.SH,0.065,-0.075,0.015
Ranked long-short,2021-08-31,601857.SH,-0.055,-0.085,0.035
Ranked long-short,2021-08-31,600276.SH,-0.035,0.085,-0.085
Ranked long-short,2021-08-31,002230.SZ,-0.065,0.045,0.055
Ranked long-short,2021-08-31,002475.SZ,0.015,0.015,-0.075
Ranked long-short,2021-09-30,002371.SZ,-0.085,0.025,0.085
Ranked long-short,2021-09-30,600309.SH,0.015,0.065,0.045
Ranked long-short,2021-09-30,000333.SZ,0.045,0.035,-0.065
Ranked long-short,2021-09-30,600690.SH,0.025,-0.025,0.015
Ranked long-short,2021-09-30,000063.SZ,-0.005,-0.035,-0.025
Ranked long-short,2021-09-30,000100.SZ,0.035,0.005,-0.015
Ranked long-short,2021-09-30,000725.SZ,-0.035,-0.055,0.005
Ranked long-short,2021-09-30,002415.SZ,-0.025,0.075,0.065
Ranked long-short,2021-09-30,600104.SH,0.075,-0.065,-0.035
Ranked long-short,2021-09-30,000625.SZ,-0.015,-0.045,0.075
Ranked long-short,2021-09-30,601633.SH,-0.075,-0.005,0.095
Ranked long-short,2021-09-30,601766.SH,0.065,-0.015,0.025
Ranked long-short,2021-09-30,601111.SH,-0.095,-0.095,-0.055
Ranked long-short,2021-09-30,601318.SH,0.085,0.055,-0.095
Ranked long-short,2021-09-30,601398.SH,0.095,0.095,-0.045
Ranked long-short,2021-09-30,600028.SH,0.055,-0.075,-0.005
Ranked long-short,2021-09-30,601857.SH,-0.055,-0.085,0.035
Ranked long-short,2021-09-30,600276.SH,-0.045,0.085,-0.085
Ranked long-short,2021-09-30,002230.SZ,-0.065,0.045,0.055
Ranked long-short,2021-09-30,002475.SZ,0.005,0.015,-0.075
Ranked long-short,2021-10-31,002371.SZ,-0.085,0.025,0.085
Ranked long-short,2021-10-31,600309.SH,0.015,0.065,0.045
Ranked long-short,2021-10-31,000333.SZ,0.045,0.035,-0.055
Ranked long-short,2021-10-31,600690.SH,0.025,-0.025,-0.015
Ranked long-short,2021-10-31,000063.SZ,0.005,-0.035,-0.035
Ranked long-short,2021-10-31,000100.SZ,0.035,0.005,-0.025
Ranked long-short,2021-10-31,000725.SZ,-0.015,-0.055,-0.005
Ranked long-short,2021-10-31,002415.SZ,-0.005,0.075,0.025
Ranked long-short,2021-10-31,600104.SH,0.075,-0.065,-0.065
Ranked long-short,2021-10-31,000625.SZ,-0.035,-0.045,0.035
Ranked long-short,2021-10-31,601633.SH,-0.075,-0.005,0.075
Ranked long-short,2021-10-31,601766.SH,0.065,-0.015,0.015
Ranked long-short,2021-10-31,601111.SH,-0.095,-0.095,0.005
Ranked long-short,2021-10-31,601318.SH,0.085,0.055,-0.095
Ranked long-short,2021-10-31,601398.SH,0.095,0.095,-0.045
Ranked long-short,2021-10-31,600028.SH,0.055,-0.075,0.065
Ranked long-short,2021-10-31,601857.SH,-0.055,-0.085,0.095
Ranked long-short,2021-10-31,600276.SH,-0.045,0.085,-0.085
Ranked long-short,2021-10-31,002230.SZ,-0.065,0.045,0.055
Ranked long-short,2021-10-31,002475.SZ,-0.025,0.015,-0.075
Ranked long-short,2021-11-30,002371.SZ,-0.085,0.025,0.085
Ranked long-short,2021-11-30,600309.SH,0.015,0.065,0.055
Ranked long-short,2021-11-30,000333.SZ,0.045,0.035,-0.055
Ranked long-short,2021-11-30,600690.SH,0.025,-0.025,-0.005
Ranked long-short,2021-11-30,000063.SZ,-0.005,-0.035,-0.025
Ranked long-short,2021-11-30,000100.SZ,0.035,0.005,-0.035
Ranked long-short,2021-11-30,000725.SZ,-0.015,-0.055,-0.015
Ranked long-short,2021-11-30,002415.SZ,0.005,0.075,0.045
Ranked long-short,2021-11-30,600104.SH,0.075,-0.065,-0.075
Ranked long-short,2021-11-30,000625.SZ,-0.035,-0.045,0.015
Ranked long-short,2021-11-30,601633.SH,-0.075,-0.005,0.095
Ranked long-short,2021-11-30,601766.SH,0.055,-0.015,0.005
Ranked long-short,2021-11-30,601111.SH,-0.095,-0.095,0.025
Ranked long-short,2021-11-30,601318.SH,0.085,0.055,-0.095
Ranked long-short,2021-11-30,601398.SH,0.095,0.095,-0.065
Ranked long-short,2021-11-30,600028.SH,0.065,-0.075,0.035
Ranked long-short,2021-11-30,601857.SH,-0.045,-0.085,0.075
Ranked long-short,2021-11-30,600276.SH,-0.055,0.085,-0.085
Ranked long-short,2021-11-30,002230.SZ,-0.065,0.045,0.065
Ranked long-short,2021-11-30,002475.SZ,-0.025,0.015,-0.045
Ranked long-short,2021-12-31,002371.SZ,-0.085,0.025,0.095
Ranked long-short,2021-12-31,600309.SH,0.025,0.065,0.015
Ranked long-short,2021-12-31,000333.SZ,0.045,0.035,-0.075
Ranked long-short,2021-12-31,600690.SH,0.015,-0.025,-0.005
Ranked long-short,2021-12-31,000063.SZ,-0.015,-0.035,-0.025
Ranked long-short,2021-12-31,000100.SZ,0.035,0.005,-0.035
Ranked long-short,2021-12-31,000725.SZ,-0.025,-0.055,-0.055
Ranked long-short,2021-12-31,002415.SZ,-0.005,0.075,0.005
Ranked long-short,2021-12-31,600104.SH,0.075,-0.065,-0.045
Ranked long-short,2021-12-31,000625.SZ,0.005,-0.045,0.025
Ranked long-short,2021-12-31,601633.SH,-0.065,-0.005,0.085
Ranked long-short,2021-12-31,601766.SH,0.055,-0.015,0.045
Ranked long-short,2021-12-31,601111.SH,-0.095,-0.095,0.035
Ranked long-short,2021-12-31,601318.SH,0.085,0.055,-0.095
Ranked long-short,2021-12-31,601398.SH,0.095,0.095,-0.015
Ranked long-short,2021-12-31,600028.SH,0.065,-0.075,0.055
Ranked long-short,2021-12-31,601857.SH,-0.035,-0.085,0.075
Ranked long-short,2021-12-31,600276.SH,-0.055,0.085,-0.085
Ranked long-short,2021-12-31,002230.SZ,-0.075,0.045,0.065
Ranked long-short,2021-12-31,002475.SZ,-0.045,0.015,-0.065
Ranked long-short,2022-01-31,002371.SZ,-0.085,0.025,0.095
Ranked long-short,2022-01-31,600309.SH,0.025,0.065,-0.025
Ranked long-short,2022-01-31,000333.SZ,0.035,0.035,-0.055
Ranked long-short,2022-01-31,600690.SH,0.005,-0.025,-0.015
Ranked long-short,2022-01-31,000063.SZ,-0.015,-0.035,0.025
Ranked long-short,2022-01-31,000100.SZ,0.045,0.005,-0.075
Ranked long-short,2022-01-31,000725.SZ,-0.025,-0.055,-0.065
Ranked long-short,2022-01-31,002415.SZ,-0.005,0.075,-0.045
Ranked long-short,2022-01-31,600104.SH,0.075,-0.065,0.005
Ranked long-short,2022-01-31,000625.SZ,0.015,-0.045,0.055
Ranked long-short,2022-01-31,601633.SH,-0.065,-0.005,0.035
Ranked long-short,2022-01-31,601766.SH,0.065,-0.015,0.015
Ranked long-short,2022-01-31,601111.SH,-0.095,-0.095,0.085
Ranked long-short,2022-01-31,601318.SH,0.085,0.055,-0.095
Ranked long-short,2022-01-31,601398.SH,0.095,0.095,-0.035
Ranked long-short,2022-01-31,600028.SH,0.055,-0.075,0.065
Ranked long-short,2022-01-31,601857.SH,-0.055,-0.085,0.075
Ranked long-short,2022-01-31,600276.SH,-0.035,0.085,-0.085
Ranked long-short,2022-01-31,002230.SZ,-0.075,0.045,0.045
Ranked long-short,2022-01-31,002475.SZ,-0.045,0.015,-0.005
Ranked long-short,2022-02-28,002371.SZ,-0.085,0.025,0.095
Ranked long-short,2022-02-28,600309.SH,0.015,0.065,-0.065
Ranked long-short,2022-02-28,000333.SZ,0.045,0.035,-0.045
Ranked long-short,2022-02-28,600690.SH,0.025,-0.025,0.005
Ranked long-short,2022-02-28,000063.SZ,-0.005,-0.035,0.045
Ranked long-short,2022-02-28,000100.SZ,0.035,0.005,-0.075
Ranked long-short,2022-02-28,000725.SZ,-0.025,-0.055,-0.055
Ranked long-short,2022-02-28,002415.SZ,-0.015,0.075,-0.035
Ranked long-short,2022-02-28,600104.SH,0.075,-0.065,-0.005
Ranked long-short,2022-02-28,000625.SZ,0.005,-0.045,0.035
Ranked long-short,2022-02-28,601633.SH,-0.065,-0.005,0.055
Ranked long-short,2022-02-28,601766.SH,0.065,-0.015,-0.015
Ranked long-short,2022-02-28,601111.SH,-0.095,-0.095,0.075
Ranked long-short,2022-02-28,601318.SH,0.085,0.055,-0.085
Ranked long-short,2022-02-28,601398.SH,0.095,0.095,-0.025
Ranked long-short,2022-02-28,600028.SH,0.055,-0.075,0.065
Ranked long-short,2022-02-28,601857.SH,-0.055,-0.085,0.085
Ranked long-short,2022-02-28,600276.SH,-0.035,0.085,-0.095
Ranked long-short,2022-02-28,002230.SZ,-0.075,0.045,0.015
Ranked long-short,2022-02-28,002475.SZ,-0.045,0.015,0.025
Ranked long-short,2022-03-31,002371.SZ,-0.085,0.025,0.095
Ranked long-short,2022-03-31,600309.SH,0.015,0.065,-0.035
Ranked long-short,2022-03-31,000333.SZ,0.055,0.035,-0.045
Ranked long-short,2022-03-31,600690.SH,0.025,-0.025,-0.025
Ranked long-short,2022-03-31,000063.SZ,-0.005,-0.035,0.015
Ranked long-short,2022-03-31,000100.SZ,0.045,0.005,-0.095
Ranked long-short,2022-03-31,000725.SZ,-0.035,-0.055,-0.065
Ranked long-short,2022-03-31,002415.SZ,-0.015,0.075,-0.015
Ranked long-short,2022-03-31,600104.SH,0.075,-0.065,0.005
Ranked long-short,2022-03-31,000625.SZ,0.005,-0.045,0.065
Ranked long-short,2022-03-31,601633.SH,-0.055,-0.005,0.075
Ranked long-short,2022-03-31,601766.SH,0.065,-0.015,-0.005
Ranked long-short,2022-03-31,601111.SH,-0.095,-0.095,0.035
Ranked long-short,2022-03-31,601318.SH,0.085,0.055,-0.075
Ranked long-short,2022-03-31,601398.SH,0.095,0.095,-0.055
Ranked long-short,2022-03-31,600028.SH,0.035,-0.075,0.045
Ranked long-short,2022-03-31,601857.SH,-0.065,-0.085,0.085
Ranked long-short,2022-03-31,600276.SH,-0.045,0.085,-0.085
Ranked long-short,2022-03-31,002230.SZ,-0.075,0.045,0.025
Ranked long-short,2022-03-31,002475.SZ,-0.025,0.015,0.055
Ranked long-short,2022-04-30,002371.SZ,-0.085,0.025,0.095
Ranked long-short,2022-04-30,600309.SH,0.015,0.065,-0.025
Ranked long-short,2022-04-30,000333.SZ,0.045,0.035,-0.045
Ranked long-short,2022-04-30,600690.SH,-0.005,-0.025,-0.035
Ranked long-short,2022-04-30,000063.SZ,0.005,-0.035,-0.015
Ranked long-short,2022-04-30,000100.SZ,0.055,0.005,-0.095
Ranked long-short,2022-04-30,000725.SZ,-0.015,-0.055,-0.085
Ranked long-short,2022-04-30,002415.SZ,-0.035,0.075,-0.055
Ranked long-short,2022-04-30,600104.SH,0.075,-0.065,0.015
Ranked long-short,2022-04-30,000625.SZ,0.025,-0.045,0.055
Ranked long-short,2022-04-30,601633.SH,-0.055,-0.005,0.035
Ranked long-short,2022-04-30,601766.SH,0.065,-0.015,-0.005
Ranked long-short,2022-04-30,601111.SH,-0.095,-0.095,0.065
Ranked long-short,2022-04-30,601318.SH,0.085,0.055,-0.065
Ranked long-short,2022-04-30,601398.SH,0.095,0.095,0.005
Ranked long-short,2022-04-30,600028.SH,0.035,-0.075,0.075
Ranked long-short,2022-04-30,601857.SH,-0.065,-0.085,0.085
Ranked long-short,2022-04-30,600276.SH,-0.025,0.085,-0.075
Ranked long-short,2022-04-30,002230.SZ,-0.075,0.045,0.045
Ranked long-short,2022-04-30,002475.SZ,-0.045,0.015,0.025
Ranked long-short,2022-05-31,002371.SZ,-0.085,0.025,0.095
Ranked long-short,2022-05-31,600309.SH,0.015,0.065,0.005
Ranked long-short,2022-05-31,000333.SZ,0.055,0.035,-0.045
Ranked long-short,2022-05-31,600690.SH,0.005,-0.025,0.035
Ranked long-short,2022-05-31,000063.SZ,-0.005,-0.035,0.015
Ranked long-short,2022-05-31,000100.SZ,0.045,0.005,-0.095
Ranked long-short,2022-05-31,000725.SZ,-0.015,-0.055,-0.085
Ranked long-short,2022-05-31,002415.SZ,0.025,0.075,-0.055
Ranked long-short,2022-05-31,600104.SH,0.075,-0.065,-0.005
Ranked long-short,2022-05-31,000625.SZ,-0.035,-0.045,-0.025
Ranked long-short,2022-05-31,601633.SH,-0.065,-0.005,0.025
Ranked long-short,2022-05-31,601766.SH,0.065,-0.015,-0.015
Ranked long-short,2022-05-31,601111.SH,-0.095,-0.095,0.065
Ranked long-short,2022-05-31,601318.SH,0.085,0.055,-0.065
Ranked long-short,2022-05-31,601398.SH,0.095,0.095,0.045
Ranked long-short,2022-05-31,600028.SH,0.035,-0.075,0.075
Ranked long-short,2022-05-31,601857.SH,-0.055,-0.085,0.085
Ranked long-short,2022-05-31,600276.SH,-0.025,0.085,-0.075
Ranked long-short,2022-05-31,002230.SZ,-0.075,0.045,-0.035
Ranked long-short,2022-05-31,002475.SZ,-0.045,0.015,0.055
Ranked long-short,2022-06-30,002371.SZ,-0.085,0.045,0.065
Ranked long-short,2022-06-30,600309.SH,0.025,0.065,0.005
Ranked long-short,2022-06-30,000333.SZ,0.005,0.015,-0.035
Ranked long-short,2022-06-30,600690.SH,-0.015,-0.015,0.055
Ranked long-short,2022-06-30,000063.SZ,-0.005,-0.005,-0.025
Ranked long-short,2022-06-30,000100.SZ,0.075,0.005,-0.075
Ranked long-short,2022-06-30,000725.SZ,0.085,0.055,-0.085
Ranked long-short,2022-06-30,002415.SZ,-0.025,0.085,-0.055
Ranked long-short,2022-06-30,600104.SH,0.045,-0.075,-0.005
Ranked long-short,2022-06-30,000625.SZ,-0.045,-0.065,0.045
Ranked long-short,2022-06-30,601633.SH,-0.055,-0.025,0.035
Ranked long-short,2022-06-30,601766.SH,0.015,-0.045,-0.015
Ranked long-short,2022-06-30,601111.SH,-0.095,-0.095,0.095
Ranked long-short,2022-06-30,601318.SH,0.055,0.035,-0.045
Ranked long-short,2022-06-30,601398.SH,0.095,0.095,0.025
Ranked long-short,2022-06-30,600028.SH,0.065,-0.085,0.075
Ranked long-short,2022-06-30,601857.SH,0.035,-0.055,0.085
Ranked long-short,2022-06-30,600276.SH,-0.065,0.075,-0.095
Ranked long-short,2022-06-30,002230.SZ,-0.075,0.025,-0.065
Ranked long-short,2022-06-30,002475.SZ,-0.035,-0.035,0.015
Ranked long-short,2022-07-31,002371.SZ,-0.085,0.045,0.015
Ranked long-short,2022-07-31,600309.SH,0.025,0.065,-0.005
Ranked long-short,2022-07-31,000333.SZ,0.015,0.015,0.035
Ranked long-short,2022-07-31,600690.SH,-0.015,-0.015,0.045
Ranked long-short,2022-07-31,000063.SZ,-0.005,-0.005,-0.055
Ranked long-short,2022-07-31,000100.SZ,0.075,0.005,-0.085
Ranked long-short,2022-07-31,000725.SZ,0.085,0.055,-0.095
Ranked long-short,2022-07-31,002415.SZ,-0.025,0.085,-0.075
Ranked long-short,2022-07-31,600104.SH,0.045,-0.075,0.005
Ranked long-short,2022-07-31,000625.SZ,-0.065,-0.065,0.065
Ranked long-short,2022-07-31,601633.SH,-0.045,-0.025,-0.035
Ranked long-short,2022-07-31,601766.SH,0.005,-0.045,-0.025
Ranked long-short,2022-07-31,601111.SH,-0.095,-0.095,0.095
Ranked long-short,2022-07-31,601318.SH,0.055,0.035,-0.015
Ranked long-short,2022-07-31,601398.SH,0.095,0.095,0.055
Ranked long-short,2022-07-31,600028.SH,0.065,-0.085,0.085
Ranked long-short,2022-07-31,601857.SH,0.035,-0.055,0.075
Ranked long-short,2022-07-31,600276.SH,-0.055,0.075,-0.045
Ranked long-short,2022-07-31,002230.SZ,-0.075,0.025,-0.065
Ranked long-short,2022-07-31,002475.SZ,-0.035,-0.035,0.025
Ranked long-short,2022-08-31,002371.SZ,-0.085,0.045,0.015
Ranked long-short,2022-08-31,600309.SH,0.025,0.065,0.005
Ranked long-short,2022-08-31,000333.SZ,0.015,0.015,-0.035
Ranked long-short,2022-08-31,600690.SH,-0.025,-0.015,0.045
Ranked long-short,2022-08-31,000063.SZ,-0.015,-0.005,-0.065
Ranked long-short,2022-08-31,000100.SZ,0.075,0.005,-0.095
Ranked long-short,2022-08-31,000725.SZ,0.085,0.055,-0.085
Ranked long-short,2022-08-31,002415.SZ,-0.005,0.085,-0.075
Ranked long-short,2022-08-31,600104.SH,0.055,-0.075,0.025
Ranked long-short,2022-08-31,000625.SZ,-0.045,-0.065,0.065
Ranked long-short,2022-08-31,601633.SH,-0.055,-0.025,-0.055
Ranked long-short,2022-08-31,601766.SH,0.005,-0.045,-0.025
Ranked long-short,2022-08-31,601111.SH,-0.095,-0.095,0.095
Ranked long-short,2022-08-31,601318.SH,0.045,0.035,-0.015
Ranked long-short,2022-08-31,601398.SH,0.095,0.095,0.055
Ranked long-short,2022-08-31,600028.SH,0.065,-0.085,0.085
Ranked long-short,2022-08-31,601857.SH,0.035,-0.055,0.075
Ranked long-short,2022-08-31,600276.SH,-0.065,0.075,-0.045
Ranked long-short,2022-08-31,002230.SZ,-0.075,0.025,-0.005
Ranked long-short,2022-08-31,002475.SZ,-0.035,-0.035,0.035
Ranked long-short,2022-09-30,002371.SZ,-0.085,0.045,0.005
Ranked long-short,2022-09-30,600309.SH,0.025,0.065,0.015
Ranked long-short,2022-09-30,000333.SZ,0.015,0.015,-0.005
Ranked long-short,2022-09-30,600690.SH,-0.025,-0.015,0.075
Ranked long-short,2022-09-30,000063.SZ,-0.005,-0.005,-0.055
Ranked long-short,2022-09-30,000100.SZ,0.075,0.005,-0.095
Ranked long-short,2022-09-30,000725.SZ,0.085,0.055,-0.085
Ranked long-short,2022-09-30,002415.SZ,-0.015,0.085,-0.075
Ranked long-short,2022-09-30,600104.SH,0.065,-0.075,-0.015
Ranked long-short,2022-09-30,000625.SZ,-0.045,-0.065,0.085
Ranked long-short,2022-09-30,601633.SH,-0.055,-0.025,-0.025
Ranked long-short,2022-09-30,601766.SH,0.005,-0.045,-0.065
Ranked long-short,2022-09-30,601111.SH,-0.095,-0.095,0.095
Ranked long-short,2022-09-30,601318.SH,0.045,0.035,0.035
Ranked long-short,2022-09-30,601398.SH,0.095,0.095,0.045
Ranked long-short,2022-09-30,600028.SH,0.055,-0.085,0.055
Ranked long-short,2022-09-30,601857.SH,0.035,-0.055,0.025
Ranked long-short,2022-09-30,600276.SH,-0.075,0.075,-0.035
Ranked long-short,2022-09-30,002230.SZ,-0.065,0.025,-0.045
Ranked long-short,2022-09-30,002475.SZ,-0.035,-0.035,0.065
Ranked long-short,2022-10-31,002371.SZ,-0.085,0.045,0.025
Ranked long-short,2022-10-31,600309.SH,0.015,0.065,0.005
Ranked long-short,2022-10-31,000333.SZ,0.025,0.015,-0.005
Ranked long-short,2022-10-31,600690.SH,-0.005,-0.015,0.045
Ranked long-short,2022-10-31,000063.SZ,-0.015,-0.005,-0.055
Ranked long-short,2022-10-31,000100.SZ,0.075,0.005,-0.075
Ranked long-short,2022-10-31,000725.SZ,0.085,0.055,-0.085
Ranked long-short,2022-10-31,002415.SZ,-0.025,0.085,-0.095
Ranked long-short,2022-10-31,600104.SH,0.055,-0.075,-0.025
Ranked long-short,2022-10-31,000625.SZ,-0.045,-0.065,0.075
Ranked long-short,2022-10-31,601633.SH,-0.055,-0.025,-0.045
Ranked long-short,2022-10-31,601766.SH,0.005,-0.045,-0.035
Ranked long-short,2022-10-31,601111.SH,-0.095,-0.095,0.085
Ranked long-short,2022-10-31,601318.SH,0.065,0.035,0.015
Ranked long-short,2022-10-31,601398.SH,0.095,0.095,0.065
Ranked long-short,2022-10-31,600028.SH,0.045,-0.085,0.095
Ranked long-short,2022-10-31,601857.SH,0.035,-0.055,0.055
Ranked long-short,2022-10-31,600276.SH,-0.075,0.075,-0.015
Ranked long-short,2022-10-31,002230.SZ,-0.065,0.025,-0.065
Ranked long-short,2022-10-31,002475.SZ,-0.035,-0.035,0.035
Ranked long-short,2022-11-30,002371.SZ,-0.085,0.045,0.035
Ranked long-short,2022-11-30,600309.SH,0.025,0.065,0.055
Ranked long-short,2022-11-30,000333.SZ,0.015,0.015,-0.075
Ranked long-short,2022-11-30,600690.SH,-0.025,-0.015,0.025
Ranked long-short,2022-11-30,000063.SZ,-0.005,-0.005,-0.025
Ranked long-short,2022-11-30,000100.SZ,0.075,0.005,-0.045
Ranked long-short,2022-11-30,000725.SZ,0.085,0.055,-0.055
Ranked long-short,2022-11-30,002415.SZ,-0.015,0.085,-0.065
Ranked long-short,2022-11-30,600104.SH,0.065,-0.075,-0.095
Ranked long-short,2022-11-30,000625.SZ,-0.045,-0.065,0.045
Ranked long-short,2022-11-30,601633.SH,-0.055,-0.025,-0.035
Ranked long-short,2022-11-30,601766.SH,0.005,-0.045,-0.015
Ranked long-short,2022-11-30,601111.SH,-0.095,-0.095,0.075
Ranked long-short,2022-11-30,601318.SH,0.045,0.035,-0.005
Ranked long-short,2022-11-30,601398.SH,0.095,0.095,0.065
Ranked long-short,2022-11-30,600028.SH,0.055,-0.085,0.095
Ranked long-short,2022-11-30,601857.SH,0.035,-0.055,0.085
Ranked long-short,2022-11-30,600276.SH,-0.075,0.075,0.015
Ranked long-short,2022-11-30,002230.SZ,-0.065,0.025,-0.085
Ranked long-short,2022-11-30,002475.SZ,-0.035,-0.035,0.005
Ranked long-short,2022-12-31,002371.SZ,-0.085,0.045,0.005
Ranked long-short,2022-12-31,600309.SH,0.025,0.065,0.035
Ranked long-short,2022-12-31,000333.SZ,0.015,0.015,-0.045
Ranked long-short,2022-12-31,600690.SH,-0.005,-0.015,0.015
Ranked long-short,2022-12-31,000063.SZ,-0.015,-0.005,-0.015
Ranked long-short,2022-12-31,000100.SZ,0.075,0.005,-0.085
Ranked long-short,2022-12-31,000725.SZ,0.085,0.055,-0.075
Ranked long-short,2022-12-31,002415.SZ,-0.025,0.085,-0.055
Ranked long-short,2022-12-31,600104.SH,0.065,-0.075,-0.095
Ranked long-short,2022-12-31,000625.SZ,-0.045,-0.065,0.065
Ranked long-short,2022-12-31,601633.SH,-0.055,-0.025,-0.035
Ranked long-short,2022-12-31,601766.SH,0.005,-0.045,-0.005
Ranked long-short,2022-12-31,601111.SH,-0.095,-0.095,0.085
Ranked long-short,2022-12-31,601318.SH,0.045,0.035,0.045
Ranked long-short,2022-12-31,601398.SH,0.095,0.095,0.055
Ranked long-short,2022-12-31,600028.SH,0.055,-0.085,0.095
Ranked long-short,2022-12-31,601857.SH,0.035,-0.055,0.075
Ranked long-short,2022-12-31,600276.SH,-0.075,0.075,0.025
Ranked long-short,2022-12-31,002230.SZ,-0.065,0.025,-0.065
Ranked long-short,2022-12-31,002475.SZ,-0.035,-0.035,-0.025
Ranked long-short,2023-01-31,002371.SZ,-0.085,0.045,0.025
Ranked long-short,2023-01-31,600309.SH,0.025,0.065,0.045
Ranked long-short,2023-01-31,000333.SZ,0.015,0.015,-0.065
Ranked long-short,2023-01-31,600690.SH,-0.015,-0.015,0.015
Ranked long-short,2023-01-31,000063.SZ,-0.005,-0.005,-0.025
Ranked long-short,2023-01-31,000100.SZ,0.075,0.005,-0.095
Ranked long-short,2023-01-31,000725.SZ,0.085,0.055,-0.075
Ranked long-short,2023-01-31,002415.SZ,-0.025,0.085,-0.035
Ranked long-short,2023-01-31,600104.SH,0.065,-0.075,-0.085
Ranked long-short,2023-01-31,000625.SZ,-0.045,-0.065,0.075
Ranked long-short,2023-01-31,601633.SH,-0.055,-0.025,-0.005
Ranked long-short,2023-01-31,601766.SH,0.005,-0.045,-0.045
Ranked long-short,2023-01-31,601111.SH,-0.095,-0.095,0.085
Ranked long-short,2023-01-31,601318.SH,0.045,0.035,0.055
Ranked long-short,2023-01-31,601398.SH,0.095,0.095,0.035
Ranked long-short,2023-01-31,600028.SH,0.055,-0.085,0.095
Ranked long-short,2023-01-31,601857.SH,0.035,-0.055,0.065
Ranked long-short,2023-01-31,600276.SH,-0.065,0.075,0.005
Ranked long-short,2023-01-31,002230.SZ,-0.075,0.025,-0.055
Ranked long-short,2023-01-31,002475.SZ,-0.035,-0.035,-0.015
Ranked long-short,2023-02-28,002371.SZ,-0.085,0.045,0.055
Ranked long-short,2023-02-28,600309.SH,0.015,0.065,0.045
Ranked long-short,2023-02-28,000333.SZ,0.025,0.015,-0.075
Ranked long-short,2023-02-28,600690.SH,-0.005,-0.015,0.065
Ranked long-short,2023-02-28,000063.SZ,-0.025,-0.005,0.005
Ranked long-short,2023-02-28,000100.SZ,0.065,0.005,-0.085
Ranked long-short,2023-02-28,000725.SZ,0.085,0.055,-0.065
Ranked long-short,2023-02-28,002415.SZ,-0.015,0.085,-0.045
Ranked long-short,2023-02-28,600104.SH,0.075,-0.075,-0.095
Ranked long-short,2023-02-28,000625.SZ,-0.045,-0.065,0.095
Ranked long-short,2023-02-28,601633.SH,-0.055,-0.025,-0.005
Ranked long-short,2023-02-28,601766.SH,0.005,-0.045,-0.025
Ranked long-short,2023-02-28,601111.SH,-0.095,-0.095,0.035
Ranked long-short,2023-02-28,601318.SH,0.045,0.035,0.025
Ranked long-short,2023-02-28,601398.SH,0.095,0.095,-0.015
Ranked long-short,2023-02-28,600028.SH,0.055,-0.085,0.085
Ranked long-short,2023-02-28,601857.SH,0.035,-0.055,0.015
Ranked long-short,2023-02-28,600276.SH,-0.065,0.075,0.075
Ranked long-short,2023-02-28,002230.SZ,-0.075,0.025,-0.035
Ranked long-short,2023-02-28,002475.SZ,-0.035,-0.035,-0.055
Ranked long-short,2023-03-31,002371.SZ,-0.085,0.045,-0.085
Ranked long-short,2023-03-31,600309.SH,0.025,0.065,0.075
Ranked long-short,2023-03-31,000333.SZ,0.015,0.015,-0.045
Ranked long-short,2023-03-31,600690.SH,0.005,-0.015,0.045
Ranked long-short,2023-03-31,000063.SZ,-0.015,-0.005,0.085
Ranked long-short,2023-03-31,000100.SZ,0.065,0.005,-0.055
Ranked long-short,2023-03-31,000725.SZ,0.085,0.055,-0.035
Ranked long-short,2023-03-31,002415.SZ,-0.025,0.085,-0.065
Ranked long-short,2023-03-31,600104.SH,0.075,-0.075,-0.095
Ranked long-short,2023-03-31,000625.SZ,-0.045,-0.065,0.065
Ranked long-short,2023-03-31,601633.SH,-0.055,-0.025,0.025
Ranked long-short,2023-03-31,601766.SH,-0.005,-0.045,0.055
Ranked long-short,2023-03-31,601111.SH,-0.095,-0.095,0.035
Ranked long-short,2023-03-31,601318.SH,0.055,0.035,-0.005
Ranked long-short,2023-03-31,601398.SH,0.095,0.095,-0.015
Ranked long-short,2023-03-31,600028.SH,0.045,-0.085,0.095
Ranked long-short,2023-03-31,601857.SH,0.035,-0.055,0.005
Ranked long-short,2023-03-31,600276.SH,-0.065,0.075,0.015
Ranked long-short,2023-03-31,002230.SZ,-0.075,0.025,-0.025
Ranked long-short,2023-03-31,002475.SZ,-0.035,-0.035,-0.075
Ranked long-short,2023-04-30,002371.SZ,-0.085,0.045,-0.035
Ranked long-short,2023-04-30,600309.SH,0.035,0.065,0.035
Ranked long-short,2023-04-30,000333.SZ,0.025,0.015,-0.075
Ranked long-short,2023-04-30,600690.SH,0.005,-0.015,-0.085
Ranked long-short,2023-04-30,000063.SZ,-0.025,-0.005,0.085
Ranked long-short,2023-04-30,000100.SZ,0.065,0.005,-0.065
Ranked long-short,2023-04-30,000725.SZ,0.085,0.055,0.025
Ranked long-short,2023-04-30,002415.SZ,-0.015,0.085,0.005
Ranked long-short,2023-04-30,600104.SH,0.075,-0.075,-0.095
Ranked long-short,2023-04-30,000625.SZ,-0.045,-0.065,0.065
Ranked long-short,2023-04-30,601633.SH,-0.055,-0.025,-0.005
Ranked long-short,2023-04-30,601766.SH,-0.005,-0.045,0.055
Ranked long-short,2023-04-30,601111.SH,-0.095,-0.095,-0.015
Ranked long-short,2023-04-30,601318.SH,0.055,0.035,-0.055
Ranked long-short,2023-04-30,601398.SH,0.095,0.095,-0.045
Ranked long-short,2023-04-30,600028.SH,0.045,-0.085,0.095
Ranked long-short,2023-04-30,601857.SH,0.015,-0.055,0.015
Ranked long-short,2023-04-30,600276.SH,-0.065,0.075,0.045
Ranked long-short,2023-04-30,002230.SZ,-0.075,0.025,0.075
Ranked long-short,2023-04-30,002475.SZ,-0.035,-0.035,-0.025
Ranked long-short,2023-05-31,002371.SZ,-0.085,0.045,0.005
Ranked long-short,2023-05-31,600309.SH,0.045,0.065,-0.025
Ranked long-short,2023-05-31,000333.SZ,0.025,0.015,-0.045
Ranked long-short,2023-05-31,600690.SH,0.005,-0.015,-0.075
Ranked long-short,2023-05-31,000063.SZ,-0.025,-0.005,0.045
Ranked long-short,2023-05-31,000100.SZ,0.065,0.005,-0.055
Ranked long-short,2023-05-31,000725.SZ,0.085,0.055,-0.015
Ranked long-short,2023-05-31,002415.SZ,-0.005,0.085,0.015
Ranked long-short,2023-05-31,600104.SH,0.075,-0.075,-0.095
Ranked long-short,2023-05-31,000625.SZ,-0.055,-0.065,-0.035
Ranked long-short,2023-05-31,601633.SH,-0.045,-0.025,-0.065
Ranked long-short,2023-05-31,601766.SH,-0.015,-0.045,0.075
Ranked long-short,2023-05-31,601111.SH,-0.095,-0.095,0.025
Ranked long-short,2023-05-31,601318.SH,0.055,0.035,0.035
Ranked long-short,2023-05-31,601398.SH,0.095,0.095,-0.005
Ranked long-short,2023-05-31,600028.SH,0.035,-0.085,0.095
Ranked long-short,2023-05-31,601857.SH,0.015,-0.055,0.085
Ranked long-short,2023-05-31,600276.SH,-0.065,0.075,0.065
Ranked long-short,2023-05-31,002230.SZ,-0.075,0.025,0.055
Ranked long-short,2023-05-31,002475.SZ,-0.035,-0.035,-0.085
Ranked long-short,2023-06-30,002371.SZ,-0.055,0.075,0.015
Ranked long-short,2023-06-30,600309.SH,0.005,0.045,-0.055
Ranked long-short,2023-06-30,000333.SZ,0.045,0.035,-0.015
Ranked long-short,2023-06-30,600690.SH,0.035,0.005,-0.035
Ranked long-short,2023-06-30,000063.SZ,-0.045,0.025,0.055
Ranked long-short,2023-06-30,000100.SZ,-0.085,-0.085,-0.025
Ranked long-short,2023-06-30,000725.SZ,-0.005,-0.045,-0.005
Ranked long-short,2023-06-30,002415.SZ,-0.015,0.065,0.005
Ranked long-short,2023-06-30,600104.SH,0.065,-0.065,-0.095
Ranked long-short,2023-06-30,000625.SZ,0.015,0.015,-0.065
Ranked long-short,2023-06-30,601633.SH,-0.035,-0.005,-0.085
Ranked long-short,2023-06-30,601766.SH,0.025,-0.015,0.075
Ranked long-short,2023-06-30,601111.SH,-0.095,-0.095,-0.075
Ranked long-short,2023-06-30,601318.SH,0.085,0.055,0.025
Ranked long-short,2023-06-30,601398.SH,0.095,0.095,0.035
Ranked long-short,2023-06-30,600028.SH,0.055,-0.075,0.095
Ranked long-short,2023-06-30,601857.SH,0.075,-0.025,0.065
Ranked long-short,2023-06-30,600276.SH,-0.065,0.085,0.045
Ranked long-short,2023-06-30,002230.SZ,-0.075,-0.055,0.085
Ranked long-short,2023-06-30,002475.SZ,-0.025,-0.035,-0.045
Ranked long-short,2023-07-31,002371.SZ,-0.055,0.075,-0.005
Ranked long-short,2023-07-31,600309.SH,0.015,0.045,-0.035
Ranked long-short,2023-07-31,000333.SZ,0.045,0.035,0.005
Ranked long-short,2023-07-31,600690.SH,0.035,0.005,-0.055
Ranked long-short,2023-07-31,000063.SZ,-0.015,0.025,0.095
Ranked long-short,2023-07-31,000100.SZ,-0.085,-0.085,-0.025
Ranked long-short,2023-07-31,000725.SZ,-0.005,-0.045,0.015
Ranked long-short,2023-07-31,002415.SZ,-0.035,0.065,-0.015
Ranked long-short,2023-07-31,600104.SH,0.055,-0.065,-0.095
Ranked long-short,2023-07-31,000625.SZ,0.005,0.015,-0.085
Ranked long-short,2023-07-31,601633.SH,-0.045,-0.005,-0.075
Ranked long-short,2023-07-31,601766.SH,0.025,-0.015,0.055
Ranked long-short,2023-07-31,601111.SH,-0.095,-0.095,-0.065
Ranked long-short,2023-07-31,601318.SH,0.085,0.055,0.025
Ranked long-short,2023-07-31,601398.SH,0.095,0.095,0.035
Ranked long-short,2023-07-31,600028.SH,0.065,-0.075,0.085
Ranked long-short,2023-07-31,601857.SH,0.075,-0.025,0.075
Ranked long-short,2023-07-31,600276.SH,-0.065,0.085,0.045
Ranked long-short,2023-07-31,002230.SZ,-0.075,-0.055,0.065
Ranked long-short,2023-07-31,002475.SZ,-0.025,-0.035,-0.045
Ranked long-short,2023-08-31,002371.SZ,-0.055,0.075,-0.065
Ranked long-short,2023-08-31,600309.SH,0.005,0.045,0.005
Ranked long-short,2023-08-31,000333.SZ,0.045,0.035,0.015
Ranked long-short,2023-08-31,600690.SH,0.025,0.005,-0.025
Ranked long-short,2023-08-31,000063.SZ,-0.015,0.025,0.075
Ranked long-short,2023-08-31,000100.SZ,-0.085,-0.085,-0.035
Ranked long-short,2023-08-31,000725.SZ,-0.005,-0.045,-0.005
Ranked long-short,2023-08-31,002415.SZ,-0.025,0.065,-0.015
Ranked long-short,2023-08-31,600104.SH,0.065,-0.065,-0.085
Ranked long-short,2023-08-31,000625.SZ,0.015,0.015,-0.075
Ranked long-short,2023-08-31,601633.SH,-0.045,-0.005,-0.045
Ranked long-short,2023-08-31,601766.SH,0.035,-0.015,0.065
Ranked long-short,2023-08-31,601111.SH,-0.095,-0.095,-0.055
Ranked long-short,2023-08-31,601318.SH,0.085,0.055,0.035
Ranked long-short,2023-08-31,601398.SH,0.095,0.095,0.055
Ranked long-short,2023-08-31,600028.SH,0.055,-0.075,0.095
Ranked long-short,2023-08-31,601857.SH,0.075,-0.025,0.085
Ranked long-short,2023-08-31,600276.SH,-0.065,0.085,0.025
Ranked long-short,2023-08-31,002230.SZ,-0.075,-0.055,0.045
Ranked long-short,2023-08-31,002475.SZ,-0.035,-0.035,-0.095
Ranked long-short,2023-09-30,002371.SZ,-0.055,0.075,-0.085
Ranked long-short,2023-09-30,600309.SH,0.015,0.045,-0.015
Ranked long-short,2023-09-30,000333.SZ,0.045,0.035,-0.025
Ranked long-short,2023-09-30,600690.SH,0.025,0.005,-0.075
Ranked long-short,2023-09-30,000063.SZ,-0.005,0.025,0.055
Ranked long-short,2023-09-30,000100.SZ,-0.085,-0.085,-0.005
Ranked long-short,2023-09-30,000725.SZ,-0.015,-0.045,0.035
Ranked long-short,2023-09-30,002415.SZ,-0.035,0.065,0.015
Ranked long-short,2023-09-30,600104.SH,0.065,-0.065,-0.045
Ranked long-short,2023-09-30,000625.SZ,0.005,0.015,-0.035
Ranked long-short,2023-09-30,601633.SH,-0.045,-0.005,-0.065
Ranked long-short,2023-09-30,601766.SH,0.035,-0.015,0.075
Ranked long-short,2023-09-30,601111.SH,-0.095,-0.095,-0.095
Ranked long-short,2023-09-30,601318.SH,0.085,0.055,0.025
Ranked long-short,2023-09-30,601398.SH,0.095,0.095,0.045
Ranked long-short,2023-09-30,600028.SH,0.055,-0.075,0.095
Ranked long-short,2023-09-30,601857.SH,0.075,-0.025,0.085
Ranked long-short,2023-09-30,600276.SH,-0.065,0.085,0.005
Ranked long-short,2023-09-30,002230.SZ,-0.075,-0.055,0.065
Ranked long-short,2023-09-30,002475.SZ,-0.025,-0.035,-0.055
Ranked long-short,2023-10-31,002371.SZ,-0.055,0.075,-0.045
Ranked long-short,2023-10-31,600309.SH,0.005,0.045,-0.035
Ranked long-short,2023-10-31,000333.SZ,0.045,0.035,0.025
Ranked long-short,2023-10-31,600690.SH,0.025,0.005,-0.065
Ranked long-short,2023-10-31,000063.SZ,0.015,0.025,0.075
Ranked long-short,2023-10-31,000100.SZ,-0.085,-0.085,-0.025
Ranked long-short,2023-10-31,000725.SZ,-0.015,-0.045,0.005
Ranked long-short,2023-10-31,002415.SZ,-0.035,0.065,-0.015
Ranked long-short,2023-10-31,600104.SH,0.055,-0.065,-0.005
Ranked long-short,2023-10-31,000625.SZ,-0.005,0.015,-0.075
Ranked long-short,2023-10-31,601633.SH,-0.045,-0.005,-0.085
Ranked long-short,2023-10-31,601766.SH,0.035,-0.015,0.065
Ranked long-short,2023-10-31,601111.SH,-0.095,-0.095,-0.095
Ranked long-short,2023-10-31,601318.SH,0.085,0.055,0.035
Ranked long-short,2023-10-31,601398.SH,0.095,0.095,0.055
Ranked long-short,2023-10-31,600028.SH,0.065,-0.075,0.085
Ranked long-short,2023-10-31,601857.SH,0.075,-0.025,0.095
Ranked long-short,2023-10-31,600276.SH,-0.065,0.085,0.015
Ranked long-short,2023-10-31,002230.SZ,-0.075,-0.055,0.045
Ranked long-short,2023-10-31,002475.SZ,-0.025,-0.035,-0.055
Ranked long-short,2023-11-30,002371.SZ,-0.055,0.075,-0.045
Ranked long-short,2023-11-30,600309.SH,0.005,0.045,-0.035
Ranked long-short,2023-11-30,000333.SZ,0.045,0.035,0.065
Ranked long-short,2023-11-30,600690.SH,0.025,0.005,-0.085
Ranked long-short,2023-11-30,000063.SZ,0.015,0.025,-0.025
Ranked long-short,2023-11-30,000100.SZ,-0.085,-0.085,-0.065
Ranked long-short,2023-11-30,000725.SZ,-0.005,-0.045,0.005
Ranked long-short,2023-11-30,002415.SZ,-0.025,0.065,0.035
Ranked long-short,2023-11-30,600104.SH,0.055,-0.065,-0.005
Ranked long-short,2023-11-30,000625.SZ,-0.035,0.015,0.055
Ranked long-short,2023-11-30,601633.SH,-0.045,-0.005,-0.075
Ranked long-short,2023-11-30,601766.SH,0.035,-0.015,-0.015
Ranked long-short,2023-11-30,601111.SH,-0.095,-0.095,-0.095
Ranked long-short,2023-11-30,601318.SH,0.085,0.055,0.025
Ranked long-short,2023-11-30,601398.SH,0.095,0.095,0.075
Ranked long-short,2023-11-30,600028.SH,0.065,-0.075,0.085
Ranked long-short,2023-11-30,601857.SH,0.075,-0.025,0.095
Ranked long-short,2023-11-30,600276.SH,-0.065,0.085,0.015
Ranked long-short,2023-11-30,002230.SZ,-0.075,-0.055,0.045
Ranked long-short,2023-11-30,002475.SZ,-0.015,-0.035,-0.055
Ranked long-short,2023-12-31,002371.SZ,-0.055,0.075,-0.045
Ranked long-short,2023-12-31,600309.SH,0.015,0.045,-0.075
Ranked long-short,2023-12-31,000333.SZ,0.035,0.035,-0.035
Ranked long-short,2023-12-31,600690.SH,0.025,0.005,-0.085
Ranked long-short,2023-12-31,000063.SZ,0.005,0.025,-0.005
Ranked long-short,2023-12-31,000100.SZ,-0.085,-0.085,0.035
Ranked long-short,2023-12-31,000725.SZ,-0.005,-0.045,0.025
Ranked long-short,2023-12-31,002415.SZ,-0.025,0.065,0.015
Ranked long-short,2023-12-31,600104.SH,0.065,-0.065,-0.025
Ranked long-short,2023-12-31,000625.SZ,-0.015,0.015,0.075
Ranked long-short,2023-12-31,601633.SH,-0.035,-0.005,-0.065
Ranked long-short,2023-12-31,601766.SH,0.045,-0.015,0.005
Ranked long-short,2023-12-31,601111.SH,-0.095,-0.095,-0.095
Ranked long-short,2023-12-31,601318.SH,0.085,0.055,-0.055
Ranked long-short,2023-12-31,601398.SH,0.095,0.095,0.085
Ranked long-short,2023-12-31,600028.SH,0.055,-0.075,0.065
Ranked long-short,2023-12-31,601857.SH,0.075,-0.025,0.095
Ranked long-short,2023-12-31,600276.SH,-0.065,0.085,0.045
Ranked long-short,2023-12-31,002230.SZ,-0.075,-0.055,0.055
Ranked long-short,2023-12-31,002475.SZ,-0.045,-0.035,-0.015
Ranked long-short,2024-01-31,002371.SZ,-0.055,0.075,-0.005
Ranked long-short,2024-01-31,600309.SH,0.035,0.045,-0.075
Ranked long-short,2024-01-31,000333.SZ,0.025,0.035,-0.025
Ranked long-short,2024-01-31,600690.SH,0.005,0.005,-0.085
Ranked long-short,2024-01-31,000063.SZ,0.045,0.025,-0.035
Ranked long-short,2024-01-31,000100.SZ,-0.085,-0.085,0.045
Ranked long-short,2024-01-31,000725.SZ,-0.015,-0.045,0.015
Ranked long-short,2024-01-31,002415.SZ,-0.045,0.065,-0.015
Ranked long-short,2024-01-31,600104.SH,0.075,-0.065,-0.045
Ranked long-short,2024-01-31,000625.SZ,-0.005,0.015,0.065
Ranked long-short,2024-01-31,601633.SH,-0.035,-0.005,-0.055
Ranked long-short,2024-01-31,601766.SH,0.015,-0.015,0.005
Ranked long-short,2024-01-31,601111.SH,-0.095,-0.095,-0.095
Ranked long-short,2024-01-31,601318.SH,0.085,0.055,-0.065
Ranked long-short,2024-01-31,601398.SH,0.095,0.095,0.075
Ranked long-short,2024-01-31,600028.SH,0.055,-0.075,0.085
Ranked long-short,2024-01-31,601857.SH,0.065,-0.025,0.095
Ranked long-short,2024-01-31,600276.SH,-0.065,0.085,0.025
Ranked long-short,2024-01-31,002230.SZ,-0.075,-0.055,0.055
Ranked long-short,2024-01-31,002475.SZ,-0.025,-0.035,0.035
Ranked long-short,2024-02-29,002371.SZ,-0.055,0.075,0.035
Ranked long-short,2024-02-29,600309.SH,0.035,0.045,-0.095
Ranked long-short,2024-02-29,000333.SZ,0.045,0.035,0.065
Ranked long-short,2024-02-29,600690.SH,0.025,0.005,-0.075
Ranked long-short,2024-02-29,000063.SZ,0.005,0.025,-0.005
Ranked long-short,2024-02-29,000100.SZ,-0.085,-0.085,0.055
Ranked long-short,2024-02-29,000725.SZ,-0.015,-0.045,-0.045
Ranked long-short,2024-02-29,002415.SZ,-0.045,0.065,-0.015
Ranked long-short,2024-02-29,600104.SH,0.075,-0.065,-0.035
Ranked long-short,2024-02-29,000625.SZ,-0.005,0.015,0.045
Ranked long-short,2024-02-29,601633.SH,-0.035,-0.005,-0.065
Ranked long-short,2024-02-29,601766.SH,0.015,-0.015,0.025
Ranked long-short,2024-02-29,601111.SH,-0.095,-0.095,-0.085
Ranked long-short,2024-02-29,601318.SH,0.085,0.055,-0.055
Ranked long-short,2024-02-29,601398.SH,0.095,0.095,0.095
Ranked long-short,2024-02-29,600028.SH,0.055,-0.075,0.075
Ranked long-short,2024-02-29,601857.SH,0.065,-0.025,0.085
Ranked long-short,2024-02-29,600276.SH,-0.065,0.085,0.015
Ranked long-short,2024-02-29,002230.SZ,-0.075,-0.055,-0.025
Ranked long-short,2024-02-29,002475.SZ,-0.025,-0.035,0.005
Ranked long-short,2024-03-31,002371.SZ,-0.055,0.075,0.005
Ranked long-short,2024-03-31,600309.SH,0.025,0.045,-0.085
Ranked long-short,2024-03-31,000333.SZ,0.045,0.035,0.095
Ranked long-short,2024-03-31,600690.SH,0.035,0.005,0.015
Ranked long-short,2024-03-31,000063.SZ,0.015,0.025,-0.055
Ranked long-short,2024-03-31,000100.SZ,-0.085,-0.085,0.065
Ranked long-short,2024-03-31,000725.SZ,-0.005,-0.045,-0.035
Ranked long-short,2024-03-31,002415.SZ,-0.035,0.065,-0.075
Ranked long-short,2024-03-31,600104.SH,0.075,-0.065,0.035
Ranked long-short,2024-03-31,000625.SZ,-0.015,0.015,0.055
Ranked long-short,2024-03-31,601633.SH,-0.045,-0.005,-0.065
Ranked long-short,2024-03-31,601766.SH,0.005,-0.015,0.025
Ranked long-short,2024-03-31,601111.SH,-0.095,-0.095,-0.095
Ranked long-short,2024-03-31,601318.SH,0.085,0.055,-0.045
Ranked long-short,2024-03-31,601398.SH,0.095,0.095,0.075
Ranked long-short,2024-03-31,600028.SH,0.065,-0.075,0.045
Ranked long-short,2024-03-31,601857.SH,0.055,-0.025,0.085
Ranked long-short,2024-03-31,600276.SH,-0.065,0.085,-0.005
Ranked long-short,2024-03-31,002230.SZ,-0.075,-0.055,-0.025
Ranked long-short,2024-03-31,002475.SZ,-0.025,-0.035,-0.015
Ranked long-short,2024-04-30,002371.SZ,-0.055,0.075,0.005
Ranked long-short,2024-04-30,600309.SH,0.015,0.045,-0.045
Ranked long-short,2024-04-30,000333.SZ,0.045,0.035,0.075
Ranked long-short,2024-04-30,600690.SH,-0.005,0.005,0.055
Ranked long-short,2024-04-30,000063.SZ,0.035,0.025,-0.065
Ranked long-short,2024-04-30,000100.SZ,-0.085,-0.085,0.045
Ranked long-short,2024-04-30,000725.SZ,-0.015,-0.045,-0.035
Ranked long-short,2024-04-30,002415.SZ,-0.035,0.065,-0.085
Ranked long-short,2024-04-30,600104.SH,0.075,-0.065,0.025
Ranked long-short,2024-04-30,000625.SZ,0.005,0.015,0.065
Ranked long-short,2024-04-30,601633.SH,-0.045,-0.005,-0.075
Ranked long-short,2024-04-30,601766.SH,0.025,-0.015,0.015
Ranked long-short,2024-04-30,601111.SH,-0.095,-0.095,-0.095
Ranked long-short,2024-04-30,601318.SH,0.085,0.055,-0.025
Ranked long-short,2024-04-30,601398.SH,0.095,0.095,0.085
Ranked long-short,2024-04-30,600028.SH,0.065,-0.075,0.035
Ranked long-short,2024-04-30,601857.SH,0.055,-0.025,0.095
Ranked long-short,2024-04-30,600276.SH,-0.065,0.085,-0.015
Ranked long-short,2024-04-30,002230.SZ,-0.075,-0.055,-0.055
Ranked long-short,2024-04-30,002475.SZ,-0.025,-0.035,-0.005
Ranked long-short,2024-05-31,002371.SZ,-0.055,0.075,-0.015
Ranked long-short,2024-05-31,600309.SH,0.025,0.045,0.005
Ranked long-short,2024-05-31,000333.SZ,0.045,0.035,0.085
Ranked long-short,2024-05-31,600690.SH,-0.005,0.005,0.095
Ranked long-short,2024-05-31,000063.SZ,0.035,0.025,-0.065
Ranked long-short,2024-05-31,000100.SZ,-0.085,-0.085,0.065
Ranked long-short,2024-05-31,000725.SZ,-0.015,-0.045,0.025
Ranked long-short,2024-05-31,002415.SZ,-0.025,0.065,-0.055
Ranked long-short,2024-05-31,600104.SH,0.075,-0.065,0.045
Ranked long-short,2024-05-31,000625.SZ,0.005,0.015,0.035
Ranked long-short,2024-05-31,601633.SH,-0.045,-0.005,-0.035
Ranked long-short,2024-05-31,601766.SH,0.015,-0.015,0.015
Ranked long-short,2024-05-31,601111.SH,-0.095,-0.095,-0.095
Ranked long-short,2024-05-31,601318.SH,0.085,0.055,-0.085
Ranked long-short,2024-05-31,601398.SH,0.095,0.095,0.055
Ranked long-short,2024-05-31,600028.SH,0.065,-0.075,-0.005
Ranked long-short,2024-05-31,601857.SH,0.055,-0.025,0.075
Ranked long-short,2024-05-31,600276.SH,-0.065,0.085,-0.045
Ranked long-short,2024-05-31,002230.SZ,-0.075,-0.055,-0.075
Ranked long-short,2024-05-31,002475.SZ,-0.035,-0.035,-0.025
Ranked long-short,2024-06-30,002371.SZ,-0.055,0.075,-0.045
Ranked long-short,2024-06-30,600309.SH,0.015,0.055,-0.025
Ranked long-short,2024-06-30,000333.SZ,0.035,0.035,0.065
Ranked long-short,2024-06-30,600690.SH,0.005,0.005,0.075
Ranked long-short,2024-06-30,000063.SZ,0.025,0.025,-0.085
Ranked long-short,2024-06-30,000100.SZ,-0.045,-0.085,0.035
Ranked long-short,2024-06-30,000725.SZ,-0.075,-0.075,-0.015
Ranked long-short,2024-06-30,002415.SZ,-0.015,0.065,-0.035
Ranked long-short,2024-06-30,600104.SH,0.075,-0.055,-0.005
Ranked long-short,2024-06-30,000625.SZ,0.055,0.015,0.045
Ranked long-short,2024-06-30,601633.SH,-0.035,-0.035,0.005
Ranked long-short,2024-06-30,601766.SH,-0.005,-0.015,0.055
Ranked long-short,2024-06-30,601111.SH,-0.095,-0.095,-0.075
Ranked long-short,2024-06-30,601318.SH,0.085,0.045,-0.065
Ranked long-short,2024-06-30,601398.SH,0.095,0.095,0.085
Ranked long-short,2024-06-30,600028.SH,0.045,-0.065,0.025
Ranked long-short,2024-06-30,601857.SH,0.065,-0.005,0.095
Ranked long-short,2024-06-30,600276.SH,-0.065,0.085,-0.055
Ranked long-short,2024-06-30,002230.SZ,-0.085,-0.045,-0.095
Ranked long-short,2024-06-30,002475.SZ,-0.025,-0.025,0.015
Ranked long-short,2024-07-31,002371.SZ,-0.055,0.075,0.035
Ranked long-short,2024-07-31,600309.SH,0.015,0.055,-0.045
Ranked long-short,2024-07-31,000333.SZ,0.035,0.035,0.065
Ranked long-short,2024-07-31,600690.SH,0.005,0.005,0.085
Ranked long-short,2024-07-31,000063.SZ,0.025,0.025,-0.085
Ranked long-short,2024-07-31,000100.SZ,-0.045,-0.085,0.005
Ranked long-short,2024-07-31,000725.SZ,-0.065,-0.075,-0.025
Ranked long-short,2024-07-31,002415.SZ,-0.015,0.065,-0.035
Ranked long-short,2024-07-31,600104.SH,0.065,-0.055,-0.005
Ranked long-short,2024-07-31,000625.SZ,0.055,0.015,0.015
Ranked long-short,2024-07-31,601633.SH,-0.035,-0.035,0.025
Ranked long-short,2024-07-31,601766.SH,-0.005,-0.015,0.055
Ranked long-short,2024-07-31,601111.SH,-0.095,-0.095,-0.065
Ranked long-short,2024-07-31,601318.SH,0.085,0.045,-0.075
Ranked long-short,2024-07-31,601398.SH,0.095,0.095,0.095
Ranked long-short,2024-07-31,600028.SH,0.045,-0.065,-0.015
Ranked long-short,2024-07-31,601857.SH,0.075,-0.005,0.075
Ranked long-short,2024-07-31,600276.SH,-0.075,0.085,-0.055
Ranked long-short,2024-07-31,002230.SZ,-0.085,-0.045,-0.095
Ranked long-short,2024-07-31,002475.SZ,-0.025,-0.025,0.045
Ranked long-short,2024-08-31,002371.SZ,-0.055,0.075,0.065
Ranked long-short,2024-08-31,600309.SH,0.025,0.055,-0.075
Ranked long-short,2024-08-31,000333.SZ,0.035,0.035,0.085
Ranked long-short,2024-08-31,600690.SH,0.005,0.005,0.045
Ranked long-short,2024-08-31,000063.SZ,0.045,0.025,-0.065
Ranked long-short,2024-08-31,000100.SZ,-0.045,-0.085,-0.015
Ranked long-short,2024-08-31,000725.SZ,-0.065,-0.075,-0.025
Ranked long-short,2024-08-31,002415.SZ,-0.005,0.065,-0.055
Ranked long-short,2024-08-31,600104.SH,0.065,-0.055,0.005
Ranked long-short,2024-08-31,000625.SZ,0.055,0.015,-0.005
Ranked long-short,2024-08-31,601633.SH,-0.035,-0.035,-0.045
Ranked long-short,2024-08-31,601766.SH,-0.015,-0.015,0.075
Ranked long-short,2024-08-31,601111.SH,-0.095,-0.095,-0.085
Ranked long-short,2024-08-31,601318.SH,0.085,0.045,-0.035
Ranked long-short,2024-08-31,601398.SH,0.095,0.095,0.095
Ranked long-short,2024-08-31,600028.SH,0.015,-0.065,0.055
Ranked long-short,2024-08-31,601857.SH,0.075,-0.005,0.035
Ranked long-short,2024-08-31,600276.SH,-0.075,0.085,0.015
Ranked long-short,2024-08-31,002230.SZ,-0.085,-0.045,-0.095
Ranked long-short,2024-08-31,002475.SZ,-0.025,-0.025,0.025
Ranked long-short,2024-09-30,002371.SZ,-0.055,0.075,0.065
Ranked long-short,2024-09-30,600309.SH,0.025,0.055,-0.085
Ranked long-short,2024-09-30,000333.SZ,0.015,0.035,0.075
Ranked long-short,2024-09-30,600690.SH,0.005,0.005,0.025
Ranked long-short,2024-09-30,000063.SZ,0.035,0.025,-0.055
Ranked long-short,2024-09-30,000100.SZ,-0.045,-0.085,-0.005
Ranked long-short,2024-09-30,000725.SZ,-0.065,-0.075,0.005
Ranked long-short,2024-09-30,002415.SZ,-0.015,0.065,-0.045
Ranked long-short,2024-09-30,600104.SH,0.075,-0.055,-0.065
Ranked long-short,2024-09-30,000625.SZ,0.055,0.015,-0.015
Ranked long-short,2024-09-30,601633.SH,-0.035,-0.035,-0.035
Ranked long-short,2024-09-30,601766.SH,-0.005,-0.015,0.055
Ranked long-short,2024-09-30,601111.SH,-0.095,-0.095,-0.075
Ranked long-short,2024-09-30,601318.SH,0.065,0.045,-0.025
Ranked long-short,2024-09-30,601398.SH,0.095,0.095,0.095
Ranked long-short,2024-09-30,600028.SH,0.045,-0.065,0.045
Ranked long-short,2024-09-30,601857.SH,0.085,-0.005,0.035
Ranked long-short,2024-09-30,600276.SH,-0.075,0.085,0.015
Ranked long-short,2024-09-30,002230.SZ,-0.085,-0.045,-0.095
Ranked long-short,2024-09-30,002475.SZ,-0.025,-0.025,0.085
Ranked long-short,2024-10-31,002371.SZ,-0.055,0.075,0.045
Ranked long-short,2024-10-31,600309.SH,0.035,0.055,-0.025
Ranked long-short,2024-10-31,000333.SZ,0.015,0.035,0.095
Ranked long-short,2024-10-31,600690.SH,0.005,0.005,0.075
Ranked long-short,2024-10-31,000063.SZ,0.025,0.025,-0.045
Ranked long-short,2024-10-31,000100.SZ,-0.045,-0.085,-0.015
Ranked long-short,2024-10-31,000725.SZ,-0.065,-0.075,0.015
Ranked long-short,2024-10-31,002415.SZ,-0.005,0.065,-0.085
Ranked long-short,2024-10-31,600104.SH,0.075,-0.055,-0.075
Ranked long-short,2024-10-31,000625.SZ,0.065,0.015,-0.055
Ranked long-short,2024-10-31,601633.SH,-0.035,-0.035,-0.065
Ranked long-short,2024-10-31,601766.SH,-0.015,-0.015,0.065
Ranked long-short,2024-10-31,601111.SH,-0.095,-0.095,-0.035
Ranked long-short,2024-10-31,601318.SH,0.055,0.045,0.025
Ranked long-short,2024-10-31,601398.SH,0.095,0.095,0.085
Ranked long-short,2024-10-31,600028.SH,0.045,-0.065,0.055
Ranked long-short,2024-10-31,601857.SH,0.085,-0.005,0.005
Ranked long-short,2024-10-31,600276.SH,-0.075,0.085,-0.005
Ranked long-short,2024-10-31,002230.SZ,-0.085,-0.045,-0.095
Ranked long-short,2024-10-31,002475.SZ,-0.025,-0.025,0.035
Ranked long-short,2024-11-30,002371.SZ,-0.055,0.075,0.065
Ranked long-short,2024-11-30,600309.SH,0.045,0.055,-0.055
Ranked long-short,2024-11-30,000333.SZ,0.025,0.035,0.095
Ranked long-short,2024-11-30,600690.SH,0.005,0.005,0.045
Ranked long-short,2024-11-30,000063.SZ,0.015,0.025,-0.015
Ranked long-short,2024-11-30,000100.SZ,-0.045,-0.085,0.015
Ranked long-short,2024-11-30,000725.SZ,-0.065,-0.075,-0.005
Ranked long-short,2024-11-30,002415.SZ,-0.015,0.065,-0.085
Ranked long-short,2024-11-30,600104.SH,0.035,-0.055,-0.065
Ranked long-short,2024-11-30,000625.SZ,0.065,0.015,-0.095
Ranked long-short,2024-11-30,601633.SH,-0.035,-0.035,-0.035
Ranked long-short,2024-11-30,601766.SH,-0.005,-0.015,0.085
Ranked long-short,2024-11-30,601111.SH,-0.095,-0.095,-0.075
Ranked long-short,2024-11-30,601318.SH,0.075,0.045,0.055
Ranked long-short,2024-11-30,601398.SH,0.095,0.095,0.075
Ranked long-short,2024-11-30,600028.SH,0.055,-0.065,0.035
Ranked long-short,2024-11-30,601857.SH,0.085,-0.005,0.005
Ranked long-short,2024-11-30,600276.SH,-0.075,0.085,-0.025
Ranked long-short,2024-11-30,002230.SZ,-0.085,-0.045,-0.045
Ranked long-short,2024-11-30,002475.SZ,-0.025,-0.025,0.025
Ranked long-short,2024-12-31,002371.SZ,-0.055,0.075,0.095
Ranked long-short,2024-12-31,600309.SH,0.055,0.055,-0.075
Ranked long-short,2024-12-31,000333.SZ,0.015,0.035,0.075
Ranked long-short,2024-12-31,600690.SH,0.035,0.005,0.055
Ranked long-short,2024-12-31,000063.SZ,-0.015,0.025,-0.005
Ranked long-short,2024-12-31,000100.SZ,-0.045,-0.085,-0.015
Ranked long-short,2024-12-31,000725.SZ,-0.065,-0.075,0.005
Ranked long-short,2024-12-31,002415.SZ,0.005,0.065,-0.085
Ranked long-short,2024-12-31,600104.SH,0.025,-0.055,0.025
Ranked long-short,2024-12-31,000625.SZ,0.065,0.015,-0.095
Ranked long-short,2024-12-31,601633.SH,-0.035,-0.035,-0.065
Ranked long-short,2024-12-31,601766.SH,-0.005,-0.015,0.065
Ranked long-short,2024-12-31,601111.SH,-0.095,-0.095,-0.035
Ranked long-short,2024-12-31,601318.SH,0.075,0.045,0.045
Ranked long-short,2024-12-31,601398.SH,0.095,0.095,0.085
Ranked long-short,2024-12-31,600028.SH,0.045,-0.065,0.035
Ranked long-short,2024-12-31,601857.SH,0.085,-0.005,0.015
Ranked long-short,2024-12-31,600276.SH,-0.075,0.085,-0.045
Ranked long-short,2024-12-31,002230.SZ,-0.085,-0.045,-0.055
Ranked long-short,2024-12-31,002475.SZ,-0.025,-0.025,-0.025
Ranked long-short,2025-01-31,002371.SZ,-0.055,0.075,0.075
Ranked long-short,2025-01-31,600309.SH,0.045,0.055,-0.075
Ranked long-short,2025-01-31,000333.SZ,0.015,0.035,0.085
Ranked long-short,2025-01-31,600690.SH,0.025,0.005,0.035
Ranked long-short,2025-01-31,000063.SZ,-0.015,0.025,0.045
Ranked long-short,2025-01-31,000100.SZ,-0.045,-0.085,-0.025
Ranked long-short,2025-01-31,000725.SZ,-0.065,-0.075,-0.005
Ranked long-short,2025-01-31,002415.SZ,-0.005,0.065,-0.095
Ranked long-short,2025-01-31,600104.SH,0.035,-0.055,0.005
Ranked long-short,2025-01-31,000625.SZ,0.065,0.015,-0.085
Ranked long-short,2025-01-31,601633.SH,-0.035,-0.035,-0.015
Ranked long-short,2025-01-31,601766.SH,0.005,-0.015,0.065
Ranked long-short,2025-01-31,601111.SH,-0.095,-0.095,-0.065
Ranked long-short,2025-01-31,601318.SH,0.075,0.045,0.015
Ranked long-short,2025-01-31,601398.SH,0.095,0.095,0.095
Ranked long-short,2025-01-31,600028.SH,0.055,-0.065,0.025
Ranked long-short,2025-01-31,601857.SH,0.085,-0.005,-0.035
Ranked long-short,2025-01-31,600276.SH,-0.075,0.085,-0.045
Ranked long-short,2025-01-31,002230.SZ,-0.085,-0.045,-0.055
Ranked long-short,2025-01-31,002475.SZ,-0.025,-0.025,0.055
Ranked long-short,2025-02-28,002371.SZ,-0.055,0.075,0.045
Ranked long-short,2025-02-28,600309.SH,0.045,0.055,-0.085
Ranked long-short,2025-02-28,000333.SZ,0.015,0.035,0.075
Ranked long-short,2025-02-28,600690.SH,0.025,0.005,0.035
Ranked long-short,2025-02-28,000063.SZ,-0.015,0.025,0.055
Ranked long-short,2025-02-28,000100.SZ,-0.045,-0.085,-0.025
Ranked long-short,2025-02-28,000725.SZ,-0.065,-0.075,0.005
Ranked long-short,2025-02-28,002415.SZ,-0.005,0.065,-0.095
Ranked long-short,2025-02-28,600104.SH,0.035,-0.055,0.015
Ranked long-short,2025-02-28,000625.SZ,0.065,0.015,-0.075
Ranked long-short,2025-02-28,601633.SH,-0.035,-0.035,-0.035
Ranked long-short,2025-02-28,601766.SH,0.005,-0.015,0.025
Ranked long-short,2025-02-28,601111.SH,-0.095,-0.095,-0.045
Ranked long-short,2025-02-28,601318.SH,0.075,0.045,0.065
Ranked long-short,2025-02-28,601398.SH,0.095,0.095,0.095
Ranked long-short,2025-02-28,600028.SH,0.055,-0.065,-0.005
Ranked long-short,2025-02-28,601857.SH,0.085,-0.005,-0.055
Ranked long-short,2025-02-28,600276.SH,-0.075,0.085,-0.015
Ranked long-short,2025-02-28,002230.SZ,-0.085,-0.045,-0.065
Ranked long-short,2025-02-28,002475.SZ,-0.025,-0.025,0.085
Ranked long-short,2025-03-31,002371.SZ,-0.055,0.075,0.075
Ranked long-short,2025-03-31,600309.SH,0.045,0.055,-0.075
Ranked long-short,2025-03-31,000333.SZ,-0.005,0.035,0.045
Ranked long-short,2025-03-31,600690.SH,0.025,0.005,0.025
Ranked long-short,2025-03-31,000063.SZ,0.005,0.025,0.055
Ranked long-short,2025-03-31,000100.SZ,-0.045,-0.085,-0.025
Ranked long-short,2025-03-31,000725.SZ,-0.065,-0.075,-0.005
Ranked long-short,2025-03-31,002415.SZ,-0.015,0.065,-0.055
Ranked long-short,2025-03-31,600104.SH,0.035,-0.055,0.005
Ranked long-short,2025-03-31,000625.SZ,0.065,0.015,-0.085
Ranked long-short,2025-03-31,601633.SH,-0.035,-0.035,0.015
Ranked long-short,2025-03-31,601766.SH,0.015,-0.015,0.035
Ranked long-short,2025-03-31,601111.SH,-0.095,-0.095,-0.045
Ranked long-short,2025-03-31,601318.SH,0.075,0.045,0.065
Ranked long-short,2025-03-31,601398.SH,0.095,0.095,0.095
Ranked long-short,2025-03-31,600028.SH,0.055,-0.065,-0.065
Ranked long-short,2025-03-31,601857.SH,0.085,-0.005,-0.095
Ranked long-short,2025-03-31,600276.SH,-0.075,0.085,-0.035
Ranked long-short,2025-03-31,002230.SZ,-0.085,-0.045,-0.015
Ranked long-short,2025-03-31,002475.SZ,-0.025,-0.025,0.085
Ranked long-short,2025-04-30,002371.SZ,-0.065,0.075,0.055
Ranked long-short,2025-04-30,600309.SH,0.075,0.055,-0.085
Ranked long-short,2025-04-30,000333.SZ,0.005,0.035,0.065
Ranked long-short,2025-04-30,600690.SH,0.025,0.005,-0.015
Ranked long-short,2025-04-30,000063.SZ,0.015,0.025,0.045
Ranked long-short,2025-04-30,000100.SZ,-0.045,-0.085,-0.055
Ranked long-short,2025-04-30,000725.SZ,-0.055,-0.075,-0.035
Ranked long-short,2025-04-30,002415.SZ,-0.015,0.065,-0.025
Ranked long-short,2025-04-30,600104.SH,0.035,-0.055,0.005
Ranked long-short,2025-04-30,000625.SZ,0.065,0.015,-0.075
Ranked long-short,2025-04-30,601633.SH,-0.035,-0.035,-0.005
Ranked long-short,2025-04-30,601766.SH,-0.005,-0.015,0.015
Ranked long-short,2025-04-30,601111.SH,-0.095,-0.095,-0.045
Ranked long-short,2025-04-30,601318.SH,0.055,0.045,0.075
Ranked long-short,2025-04-30,601398.SH,0.095,0.095,0.095
Ranked long-short,2025-04-30,600028.SH,0.045,-0.065,-0.065
Ranked long-short,2025-04-30,601857.SH,0.085,-0.005,-0.095
Ranked long-short,2025-04-30,600276.SH,-0.075,0.085,0.035
Ranked long-short,2025-04-30,002230.SZ,-0.085,-0.045,0.025
Ranked long-short,2025-04-30,002475.SZ,-0.025,-0.025,0.085
Ranked long-short,2025-05-31,002371.SZ,-0.065,0.075,0.085
Ranked long-short,2025-05-31,600309.SH,0.075,0.055,-0.095
Ranked long-short,2025-05-31,000333.SZ,-0.005,0.035,0.055
Ranked long-short,2025-05-31,600690.SH,0.025,0.005,-0.075
Ranked long-short,2025-05-31,000063.SZ,0.015,0.025,0.045
Ranked long-short,2025-05-31,000100.SZ,-0.045,-0.085,0.005
Ranked long-short,2025-05-31,000725.SZ,-0.055,-0.075,-0.025
Ranked long-short,2025-05-31,002415.SZ,-0.015,0.065,-0.055
Ranked long-short,2025-05-31,600104.SH,0.035,-0.055,0.035
Ranked long-short,2025-05-31,000625.SZ,0.065,0.015,-0.035
Ranked long-short,2025-05-31,601633.SH,-0.035,-0.035,-0.045
Ranked long-short,2025-05-31,601766.SH,0.005,-0.015,0.015
Ranked long-short,2025-05-31,601111.SH,-0.095,-0.095,-0.015
Ranked long-short,2025-05-31,601318.SH,0.055,0.045,0.075
Ranked long-short,2025-05-31,601398.SH,0.095,0.095,0.095
Ranked long-short,2025-05-31,600028.SH,0.045,-0.065,-0.065
Ranked long-short,2025-05-31,601857.SH,0.085,-0.005,-0.085
Ranked long-short,2025-05-31,600276.SH,-0.075,0.085,0.065
Ranked long-short,2025-05-31,002230.SZ,-0.085,-0.045,0.025
Ranked long-short,2025-05-31,002475.SZ,-0.025,-0.025,-0.005
Ranked long-short,2025-06-30,002371.SZ,-0.045,0.075,0.055
Ranked long-short,2025-06-30,600309.SH,0.055,0.035,-0.095
Ranked long-short,2025-06-30,000333.SZ,0.035,0.045,0.065
Ranked long-short,2025-06-30,600690.SH,0.065,0.015,-0.065
Ranked long-short,2025-06-30,000063.SZ,-0.005,0.025,0.035
Ranked long-short,2025-06-30,000100.SZ,-0.055,-0.075,0.005
Ranked long-short,2025-06-30,000725.SZ,-0.035,-0.045,-0.045
Ranked long-short,2025-06-30,002415.SZ,-0.025,0.065,-0.025
Ranked long-short,2025-06-30,600104.SH,-0.075,-0.085,0.045
Ranked long-short,2025-06-30,000625.SZ,0.005,-0.035,-0.035
Ranked long-short,2025-06-30,601633.SH,0.025,0.005,-0.055
Ranked long-short,2025-06-30,601766.SH,0.015,-0.015,-0.005
Ranked long-short,2025-06-30,601111.SH,-0.095,-0.095,0.025
Ranked long-short,2025-06-30,601318.SH,0.085,0.055,0.075
Ranked long-short,2025-06-30,601398.SH,0.095,0.095,0.095
Ranked long-short,2025-06-30,600028.SH,0.045,-0.065,-0.015
Ranked long-short,2025-06-30,601857.SH,0.075,-0.005,-0.085
Ranked long-short,2025-06-30,600276.SH,-0.065,0.085,0.085
Ranked long-short,2025-06-30,002230.SZ,-0.085,-0.055,0.015
Ranked long-short,2025-06-30,002475.SZ,-0.015,-0.025,-0.075
Ranked long-short,2025-07-31,002371.SZ,-0.045,0.075,0.055
Ranked long-short,2025-07-31,600309.SH,0.025,0.035,-0.095
Ranked long-short,2025-07-31,000333.SZ,0.055,0.045,0.075
Ranked long-short,2025-07-31,600690.SH,0.065,0.015,-0.045
Ranked long-short,2025-07-31,000063.SZ,-0.005,0.025,0.035
Ranked long-short,2025-07-31,000100.SZ,-0.055,-0.075,0.025
Ranked long-short,2025-07-31,000725.SZ,-0.035,-0.045,-0.005
Ranked long-short,2025-07-31,002415.SZ,-0.025,0.065,-0.025
Ranked long-short,2025-07-31,600104.SH,-0.075,-0.085,0.005
Ranked long-short,2025-07-31,000625.SZ,0.005,-0.035,-0.075
Ranked long-short,2025-07-31,601633.SH,0.035,0.005,-0.065
Ranked long-short,2025-07-31,601766.SH,0.015,-0.015,-0.035
Ranked long-short,2025-07-31,601111.SH,-0.095,-0.095,0.015
Ranked long-short,2025-07-31,601318.SH,0.085,0.055,0.095
Ranked long-short,2025-07-31,601398.SH,0.095,0.095,0.085
Ranked long-short,2025-07-31,600028.SH,0.045,-0.065,-0.085
Ranked long-short,2025-07-31,601857.SH,0.075,-0.005,-0.015
Ranked long-short,2025-07-31,600276.SH,-0.065,0.085,0.065
Ranked long-short,2025-07-31,002230.SZ,-0.085,-0.055,0.045
Ranked long-short,2025-07-31,002475.SZ,-0.015,-0.025,-0.055
Ranked long-short,2025-08-31,002371.SZ,-0.045,0.075,0.055
Ranked long-short,2025-08-31,600309.SH,0.035,0.035,-0.085
Ranked long-short,2025-08-31,000333.SZ,0.045,0.045,0.035
Ranked long-short,2025-08-31,600690.SH,0.065,0.015,-0.025
Ranked long-short,2025-08-31,000063.SZ,-0.025,0.025,0.025
Ranked long-short,2025-08-31,000100.SZ,-0.055,-0.075,0.015
Ranked long-short,2025-08-31,000725.SZ,-0.035,-0.045,-0.015
Ranked long-short,2025-08-31,002415.SZ,-0.005,0.065,0.005
Ranked long-short,2025-08-31,600104.SH,-0.075,-0.085,0.045
Ranked long-short,2025-08-31,000625.SZ,0.025,-0.035,-0.005
Ranked long-short,2025-08-31,601633.SH,0.015,0.005,-0.065
Ranked long-short,2025-08-31,601766.SH,0.005,-0.015,-0.045
Ranked long-short,2025-08-31,601111.SH,-0.095,-0.095,-0.035
Ranked long-short,2025-08-31,601318.SH,0.085,0.055,0.085
Ranked long-short,2025-08-31,601398.SH,0.095,0.095,0.095
Ranked long-short,2025-08-31,600028.SH,0.055,-0.065,-0.095
Ranked long-short,2025-08-31,601857.SH,0.075,-0.005,-0.055
Ranked long-short,2025-08-31,600276.SH,-0.065,0.085,0.075
Ranked long-short,2025-08-31,002230.SZ,-0.085,-0.055,0.065
Ranked long-short,2025-08-31,002475.SZ,-0.015,-0.025,-0.075
Ranked long-short,2025-09-30,002371.SZ,-0.055,0.075,0.085
Ranked long-short,2025-09-30,600309.SH,0.035,0.035,-0.085
Ranked long-short,2025-09-30,000333.SZ,0.045,0.045,0.015
Ranked long-short,2025-09-30,600690.SH,0.065,0.015,-0.075
Ranked long-short,2025-09-30,000063.SZ,-0.015,0.025,0.065
Ranked long-short,2025-09-30,000100.SZ,-0.045,-0.075,-0.005
Ranked long-short,2025-09-30,000725.SZ,-0.025,-0.045,-0.035
Ranked long-short,2025-09-30,002415.SZ,-0.005,0.065,-0.015
Ranked long-short,2025-09-30,600104.SH,-0.075,-0.085,0.035
Ranked long-short,2025-09-30,000625.SZ,0.025,-0.035,-0.065
Ranked long-short,2025-09-30,601633.SH,0.015,0.005,-0.055
Ranked long-short,2025-09-30,601766.SH,0.005,-0.015,-0.025
Ranked long-short,2025-09-30,601111.SH,-0.095,-0.095,-0.045
Ranked long-short,2025-09-30,601318.SH,0.085,0.055,0.045
Ranked long-short,2025-09-30,601398.SH,0.095,0.095,0.095
Ranked long-short,2025-09-30,600028.SH,0.055,-0.065,-0.095
Ranked long-short,2025-09-30,601857.SH,0.075,-0.005,0.005
Ranked long-short,2025-09-30,600276.SH,-0.065,0.085,0.075
Ranked long-short,2025-09-30,002230.SZ,-0.085,-0.055,0.055
Ranked long-short,2025-09-30,002475.SZ,-0.035,-0.025,0.025
Ranked long-short,2025-10-31,002371.SZ,-0.045,0.075,0.085
Ranked long-short,2025-10-31,600309.SH,0.045,0.035,-0.055
Ranked long-short,2025-10-31,000333.SZ,0.035,0.045,0.025
Ranked long-short,2025-10-31,600690.SH,0.055,0.015,-0.075
Ranked long-short,2025-10-31,000063.SZ,-0.005,0.025,0.055
Ranked long-short,2025-10-31,000100.SZ,-0.055,-0.075,-0.085
Ranked long-short,2025-10-31,000725.SZ,-0.025,-0.045,-0.035
Ranked long-short,2025-10-31,002415.SZ,-0.015,0.065,0.005
Ranked long-short,2025-10-31,600104.SH,-0.075,-0.085,0.035
Ranked long-short,2025-10-31,000625.SZ,0.015,-0.035,-0.045
Ranked long-short,2025-10-31,601633.SH,0.025,0.005,-0.025
Ranked long-short,2025-10-31,601766.SH,0.005,-0.015,-0.065
Ranked long-short,2025-10-31,601111.SH,-0.095,-0.095,0.015
Ranked long-short,2025-10-31,601318.SH,0.085,0.055,-0.015
Ranked long-short,2025-10-31,601398.SH,0.095,0.095,0.075
Ranked long-short,2025-10-31,600028.SH,0.065,-0.065,-0.095
Ranked long-short,2025-10-31,601857.SH,0.075,-0.005,-0.005
Ranked long-short,2025-10-31,600276.SH,-0.065,0.085,0.095
Ranked long-short,2025-10-31,002230.SZ,-0.085,-0.055,0.045
Ranked long-short,2025-10-31,002475.SZ,-0.035,-0.025,0.065
Ranked long-short,2025-11-30,002371.SZ,-0.055,0.075,0.055
Ranked long-short,2025-11-30,600309.SH,0.025,0.035,-0.085
Ranked long-short,2025-11-30,000333.SZ,0.035,0.045,0.045
Ranked long-short,2025-11-30,600690.SH,0.065,0.015,-0.015
Ranked long-short,2025-11-30,000063.SZ,-0.015,0.025,0.025
Ranked long-short,2025-11-30,000100.SZ,-0.045,-0.075,-0.055
Ranked long-short,2025-11-30,000725.SZ,-0.025,-0.045,-0.045
Ranked long-short,2025-11-30,002415.SZ,-0.005,0.065,0.015
Ranked long-short,2025-11-30,600104.SH,-0.075,-0.085,-0.025
Ranked long-short,2025-11-30,000625.SZ,0.015,-0.035,-0.065
Ranked long-short,2025-11-30,601633.SH,0.045,0.005,-0.075
Ranked long-short,2025-11-30,601766.SH,0.005,-0.015,-0.005
Ranked long-short,2025-11-30,601111.SH,-0.095,-0.095,-0.035
Ranked long-short,2025-11-30,601318.SH,0.085,0.055,0.035
Ranked long-short,2025-11-30,601398.SH,0.095,0.095,0.095
Ranked long-short,2025-11-30,600028.SH,0.055,-0.065,-0.095
Ranked long-short,2025-11-30,601857.SH,0.075,-0.005,0.065
Ranked long-short,2025-11-30,600276.SH,-0.065,0.085,0.075
Ranked long-short,2025-11-30,002230.SZ,-0.085,-0.055,0.005
Ranked long-short,2025-11-30,002475.SZ,-0.035,-0.025,0.085
Ranked long-short,2025-12-31,002371.SZ,-0.045,0.075,0.075
Ranked long-short,2025-12-31,600309.SH,0.005,0.035,-0.025
Ranked long-short,2025-12-31,000333.SZ,0.035,0.045,0.035
Ranked long-short,2025-12-31,600690.SH,0.065,0.015,0.015
Ranked long-short,2025-12-31,000063.SZ,-0.005,0.025,0.025
Ranked long-short,2025-12-31,000100.SZ,-0.055,-0.075,-0.085
Ranked long-short,2025-12-31,000725.SZ,-0.025,-0.045,-0.035
Ranked long-short,2025-12-31,002415.SZ,-0.015,0.065,0.005
Ranked long-short,2025-12-31,600104.SH,-0.075,-0.085,-0.095
Ranked long-short,2025-12-31,000625.SZ,0.015,-0.035,-0.055
Ranked long-short,2025-12-31,601633.SH,0.045,0.005,-0.065
Ranked long-short,2025-12-31,601766.SH,0.025,-0.015,-0.045
Ranked long-short,2025-12-31,601111.SH,-0.095,-0.095,-0.015
Ranked long-short,2025-12-31,601318.SH,0.085,0.055,0.055
Ranked long-short,2025-12-31,601398.SH,0.095,0.095,0.095
Ranked long-short,2025-12-31,600028.SH,0.055,-0.065,-0.075
Ranked long-short,2025-12-31,601857.SH,0.075,-0.005,0.045
Ranked long-short,2025-12-31,600276.SH,-0.065,0.085,0.085
Ranked long-short,2025-12-31,002230.SZ,-0.085,-0.055,-0.005
Ranked long-short,2025-12-31,002475.SZ,-0.035,-0.025,0.065
Ranked long-short,2026-01-31,002371.SZ,-0.055,0.075,0.085
Ranked long-short,2026-01-31,600309.SH,0.005,0.035,0.015
Ranked long-short,2026-01-31,000333.SZ,0.025,0.045,0.025
Ranked long-short,2026-01-31,600690.SH,0.065,0.015,-0.035
Ranked long-short,2026-01-31,000063.SZ,-0.005,0.025,-0.025
Ranked long-short,2026-01-31,000100.SZ,-0.065,-0.075,-0.085
Ranked long-short,2026-01-31,000725.SZ,-0.035,-0.045,-0.055
Ranked long-short,2026-01-31,002415.SZ,-0.015,0.065,-0.005
Ranked long-short,2026-01-31,600104.SH,-0.075,-0.085,-0.095
Ranked long-short,2026-01-31,000625.SZ,0.035,-0.035,-0.045
Ranked long-short,2026-01-31,601633.SH,0.055,0.005,-0.075
Ranked long-short,2026-01-31,601766.SH,0.045,-0.015,-0.065
Ranked long-short,2026-01-31,601111.SH,-0.095,-0.095,0.045
Ranked long-short,2026-01-31,601318.SH,0.085,0.055,0.095
Ranked long-short,2026-01-31,601398.SH,0.095,0.095,0.065
Ranked long-short,2026-01-31,600028.SH,0.015,-0.065,0.005
Ranked long-short,2026-01-31,601857.SH,0.075,-0.005,0.075
Ranked long-short,2026-01-31,600276.SH,-0.045,0.085,0.055
Ranked long-short,2026-01-31,002230.SZ,-0.085,-0.055,-0.015
Ranked long-short,2026-01-31,002475.SZ,-0.025,-0.025,0.035
Ranked long-short,2026-02-28,002371.SZ,-0.055,0.075,0.085
Ranked long-short,2026-02-28,600309.SH,-0.005,0.035,0.045
Ranked long-short,2026-02-28,000333.SZ,0.025,0.045,0.055
Ranked long-short,2026-02-28,600690.SH,0.065,0.015,-0.005
Ranked long-short,2026-02-28,000063.SZ,0.005,0.025,-0.055
Ranked long-short,2026-02-28,000100.SZ,-0.065,-0.075,-0.025
Ranked long-short,2026-02-28,000725.SZ,-0.035,-0.045,-0.045
Ranked long-short,2026-02-28,002415.SZ,-0.015,0.065,-0.035
Ranked long-short,2026-02-28,600104.SH,-0.075,-0.085,-0.075
Ranked long-short,2026-02-28,000625.SZ,0.035,-0.035,-0.095
Ranked long-short,2026-02-28,601633.SH,0.055,0.005,-0.085
Ranked long-short,2026-02-28,601766.SH,0.045,-0.015,-0.065
Ranked long-short,2026-02-28,601111.SH,-0.095,-0.095,0.065
Ranked long-short,2026-02-28,601318.SH,0.085,0.055,0.095
Ranked long-short,2026-02-28,601398.SH,0.095,0.095,0.015
Ranked long-short,2026-02-28,600028.SH,0.015,-0.065,0.005
Ranked long-short,2026-02-28,601857.SH,0.075,-0.005,0.075
Ranked long-short,2026-02-28,600276.SH,-0.045,0.085,0.035
Ranked long-short,2026-02-28,002230.SZ,-0.085,-0.055,-0.015
Ranked long-short,2026-02-28,002475.SZ,-0.025,-0.025,0.025
Ranked long-short,2026-03-31,002371.SZ,-0.055,0.075,0.095
Ranked long-short,2026-03-31,600309.SH,-0.005,0.035,0.065
Ranked long-short,2026-03-31,000333.SZ,0.015,0.045,0.035
Ranked long-short,2026-03-31,600690.SH,0.075,0.015,-0.055
Ranked long-short,2026-03-31,000063.SZ,0.005,0.025,-0.035
Ranked long-short,2026-03-31,000100.SZ,-0.045,-0.075,-0.015
Ranked long-short,2026-03-31,000725.SZ,-0.035,-0.045,-0.025
Ranked long-short,2026-03-31,002415.SZ,-0.015,0.065,-0.045
Ranked long-short,2026-03-31,600104.SH,-0.075,-0.085,-0.065
Ranked long-short,2026-03-31,000625.SZ,0.065,-0.035,-0.085
Ranked long-short,2026-03-31,601633.SH,0.045,0.005,-0.095
Ranked long-short,2026-03-31,601766.SH,0.025,-0.015,-0.075
Ranked long-short,2026-03-31,601111.SH,-0.095,-0.095,0.015
Ranked long-short,2026-03-31,601318.SH,0.085,0.055,0.075
Ranked long-short,2026-03-31,601398.SH,0.095,0.095,-0.005
Ranked long-short,2026-03-31,600028.SH,0.035,-0.065,0.045
Ranked long-short,2026-03-31,601857.SH,0.055,-0.005,0.085
Ranked long-short,2026-03-31,600276.SH,-0.065,0.085,0.055
Ranked long-short,2026-03-31,002230.SZ,-0.085,-0.055,0.005
Ranked long-short,2026-03-31,002475.SZ,-0.025,-0.025,0.025
Ranked long-short,2026-04-30,002371.SZ,-0.065,0.075,0.065
Ranked long-short,2026-04-30,600309.SH,-0.005,0.035,0.075
Ranked long-short,2026-04-30,000333.SZ,0.015,0.045,0.045
Ranked long-short,2026-04-30,600690.SH,0.075,0.015,-0.065
Ranked long-short,2026-04-30,000063.SZ,0.005,0.025,-0.035
Ranked long-short,2026-04-30,000100.SZ,-0.055,-0.075,-0.005
Ranked long-short,2026-04-30,000725.SZ,-0.025,-0.045,-0.015
Ranked long-short,2026-04-30,002415.SZ,-0.015,0.065,0.025
Ranked long-short,2026-04-30,600104.SH,-0.075,-0.085,-0.045
Ranked long-short,2026-04-30,000625.SZ,0.065,-0.035,-0.095
Ranked long-short,2026-04-30,601633.SH,0.045,0.005,-0.085
Ranked long-short,2026-04-30,601766.SH,0.025,-0.015,-0.075
Ranked long-short,2026-04-30,601111.SH,-0.095,-0.095,-0.055
Ranked long-short,2026-04-30,601318.SH,0.085,0.055,0.055
Ranked long-short,2026-04-30,601398.SH,0.095,0.095,0.015
Ranked long-short,2026-04-30,600028.SH,0.055,-0.065,0.005
Ranked long-short,2026-04-30,601857.SH,0.035,-0.005,0.095
Ranked long-short,2026-04-30,600276.SH,-0.045,0.085,0.035
Ranked long-short,2026-04-30,002230.SZ,-0.085,-0.055,-0.025
Ranked long-short,2026-04-30,002475.SZ,-0.035,-0.025,0.085
Ranked long-short,2026-05-31,002371.SZ,-0.065,0.075,0.075
Ranked long-short,2026-05-31,600309.SH,0.005,0.035,0.065
Ranked long-short,2026-05-31,000333.SZ,0.015,0.045,0.035
Ranked long-short,2026-05-31,600690.SH,0.075,0.015,-0.065
Ranked long-short,2026-05-31,000063.SZ,-0.005,0.025,0.015
Ranked long-short,2026-05-31,000100.SZ,-0.055,-0.075,-0.015
Ranked long-short,2026-05-31,000725.SZ,-0.025,-0.045,0.005
Ranked long-short,2026-05-31,002415.SZ,-0.015,0.065,0.055
Ranked long-short,2026-05-31,600104.SH,-0.075,-0.085,-0.075
Ranked long-short,2026-05-31,000625.SZ,0.065,-0.035,-0.095
Ranked long-short,2026-05-31,601633.SH,0.055,0.005,-0.055
Ranked long-short,2026-05-31,601766.SH,0.025,-0.015,-0.085
Ranked long-short,2026-05-31,601111.SH,-0.095,-0.095,-0.045
Ranked long-short,2026-05-31,601318.SH,0.085,0.055,0.045
Ranked long-short,2026-05-31,601398.SH,0.095,0.095,0.025
Ranked long-short,2026-05-31,600028.SH,0.045,-0.065,-0.035
Ranked long-short,2026-05-31,601857.SH,0.035,-0.005,0.085
Ranked long-short,2026-05-31,600276.SH,-0.045,0.085,-0.025
Ranked long-short,2026-05-31,002230.SZ,-0.085,-0.055,-0.005
Ranked long-short,2026-05-31,002475.SZ,-0.035,-0.025,0.095
Ranked long-short,2026-06-30,002371.SZ,-0.075,0.065,0.085
Ranked long-short,2026-06-30,600309.SH,0.005,0.025,0.075
Ranked long-short,2026-06-30,000333.SZ,0.025,0.045,0.065
Ranked long-short,2026-06-30,600690.SH,0.075,0.035,-0.045
Ranked long-short,2026-06-30,000063.SZ,-0.035,-0.025,0.025
Ranked long-short,2026-06-30,000100.SZ,-0.025,-0.065,-0.015
Ranked long-short,2026-06-30,000725.SZ,-0.065,-0.045,0.035
Ranked long-short,2026-06-30,002415.SZ,-0.015,0.075,0.045
Ranked long-short,2026-06-30,600104.SH,0.055,-0.075,-0.075
Ranked long-short,2026-06-30,000625.SZ,-0.005,-0.055,-0.095
Ranked long-short,2026-06-30,601633.SH,0.035,-0.015,-0.065
Ranked long-short,2026-06-30,601766.SH,0.045,-0.005,-0.085
Ranked long-short,2026-06-30,601111.SH,-0.095,-0.095,-0.035
Ranked long-short,2026-06-30,601318.SH,0.095,0.055,-0.005
Ranked long-short,2026-06-30,601398.SH,0.085,0.095,0.015
Ranked long-short,2026-06-30,600028.SH,0.015,-0.085,-0.055
Ranked long-short,2026-06-30,601857.SH,0.065,0.015,0.055
Ranked long-short,2026-06-30,600276.SH,-0.055,0.085,-0.025
Ranked long-short,2026-06-30,002230.SZ,-0.085,-0.035,0.005
Ranked long-short,2026-06-30,002475.SZ,-0.045,0.005,0.095
Ranked long-short,2026-07-31,002371.SZ,-0.075,0.065,0.095
Ranked long-short,2026-07-31,600309.SH,0.015,0.025,0.035
Ranked long-short,2026-07-31,000333.SZ,0.025,0.045,0.055
Ranked long-short,2026-07-31,600690.SH,0.075,0.035,-0.055
Ranked long-short,2026-07-31,000063.SZ,-0.045,-0.025,0.015
Ranked long-short,2026-07-31,000100.SZ,-0.015,-0.065,0.045
Ranked long-short,2026-07-31,000725.SZ,-0.055,-0.045,0.085
Ranked long-short,2026-07-31,002415.SZ,-0.025,0.075,0.065
Ranked long-short,2026-07-31,600104.SH,0.065,-0.075,-0.085
Ranked long-short,2026-07-31,000625.SZ,0.005,-0.055,-0.095
Ranked long-short,2026-07-31,601633.SH,0.035,-0.015,-0.065
Ranked long-short,2026-07-31,601766.SH,0.045,-0.005,-0.075
Ranked long-short,2026-07-31,601111.SH,-0.095,-0.095,-0.035
Ranked long-short,2026-07-31,601318.SH,0.095,0.055,-0.025
Ranked long-short,2026-07-31,601398.SH,0.085,0.095,0.005
Ranked long-short,2026-07-31,600028.SH,-0.005,-0.085,-0.045
Ranked long-short,2026-07-31,601857.SH,0.055,0.015,0.025
Ranked long-short,2026-07-31,600276.SH,-0.065,0.085,-0.005
Ranked long-short,2026-07-31,002230.SZ,-0.085,-0.035,-0.015
Ranked long-short,2026-07-31,002475.SZ,-0.035,0.005,0.075
Ranked long-short,2026-08-31,002371.SZ,-0.075,0.065,0.095
Ranked long-short,2026-08-31,600309.SH,0.005,0.025,0.025
Ranked long-short,2026-08-31,000333.SZ,0.025,0.045,0.085
Ranked long-short,2026-08-31,600690.SH,0.075,0.035,-0.015
Ranked long-short,2026-08-31,000063.SZ,-0.045,-0.025,-0.055
Ranked long-short,2026-08-31,000100.SZ,-0.025,-0.065,0.015
Ranked long-short,2026-08-31,000725.SZ,-0.055,-0.045,0.045
Ranked long-short,2026-08-31,002415.SZ,-0.015,0.075,0.065
Ranked long-short,2026-08-31,600104.SH,0.065,-0.075,-0.085
Ranked long-short,2026-08-31,000625.SZ,0.015,-0.055,-0.095
Ranked long-short,2026-08-31,601633.SH,0.055,-0.015,-0.075
Ranked long-short,2026-08-31,601766.SH,0.035,-0.005,-0.065
Ranked long-short,2026-08-31,601111.SH,-0.095,-0.095,-0.025
Ranked long-short,2026-08-31,601318.SH,0.095,0.055,0.005
Ranked long-short,2026-08-31,601398.SH,0.085,0.095,0.035
Ranked long-short,2026-08-31,600028.SH,-0.005,-0.085,-0.005
Ranked long-short,2026-08-31,601857.SH,0.045,0.015,0.075
Ranked long-short,2026-08-31,600276.SH,-0.065,0.085,-0.045
Ranked long-short,2026-08-31,002230.SZ,-0.085,-0.035,-0.035
Ranked long-short,2026-08-31,002475.SZ,-0.035,0.005,0.055
Ranked long-short,2026-09-30,002371.SZ,-0.075,0.065,0.095
Ranked long-short,2026-09-30,600309.SH,0.015,0.025,0.035
Ranked long-short,2026-09-30,000333.SZ,0.025,0.045,0.085
Ranked long-short,2026-09-30,600690.SH,0.075,0.035,-0.035
Ranked long-short,2026-09-30,000063.SZ,-0.045,-0.025,-0.015
Ranked long-short,2026-09-30,000100.SZ,-0.035,-0.065,0.025
Ranked long-short,2026-09-30,000725.SZ,-0.055,-0.045,0.055
Ranked long-short,2026-09-30,002415.SZ,-0.015,0.075,0.065
Ranked long-short,2026-09-30,600104.SH,0.055,-0.075,-0.085
Ranked long-short,2026-09-30,000625.SZ,0.005,-0.055,-0.095
Ranked long-short,2026-09-30,601633.SH,0.065,-0.015,-0.075
Ranked long-short,2026-09-30,601766.SH,0.035,-0.005,-0.055
Ranked long-short,2026-09-30,601111.SH,-0.095,-0.095,-0.045
Ranked long-short,2026-09-30,601318.SH,0.095,0.055,0.015
Ranked long-short,2026-09-30,601398.SH,0.085,0.095,0.045
Ranked long-short,2026-09-30,600028.SH,-0.005,-0.085,0.005
Ranked long-short,2026-09-30,601857.SH,0.045,0.015,0.075
Ranked long-short,2026-09-30,600276.SH,-0.065,0.085,-0.065
Ranked long-short,2026-09-30,002230.SZ,-0.085,-0.035,-0.025
Ranked long-short,2026-09-30,002475.SZ,-0.025,0.005,-0.005
Sector neutral,2019-11-30,002371.SZ,-0.06619144602851323,0.05368472425573449,0.00542005420054202
Sector neutral,2019-11-30,600309.SH,0.0,0.0,0.0
Sector neutral,2019-11-30,000333.SZ,-0.04633401221995926,0.11273792093704245,0.11382113821138212
Sector neutral,2019-11-30,600690.SH,0.04276985743380856,-0.0068326012689116705,0.0
Sector neutral,2019-11-30,000063.SZ,-0.0840122199592668,-0.15129331381161543,0.06233062330623308
Sector neutral,2019-11-30,000100.SZ,0.14765784114052952,-0.08296730112249878,-0.013550135501355
Sector neutral,2019-11-30,000725.SZ,0.022912423625254582,-0.06588579795021962,-0.07046070460704607
Sector neutral,2019-11-30,002415.SZ,0.04073319755600815,0.13909224011713028,-0.08943089430894309
Sector neutral,2019-11-30,600104.SH,0.11405295315682282,-0.02391410444119083,-0.11382113821138212
Sector neutral,2019-11-30,000625.SZ,-0.11761710794297352,-0.10932162030258663,-0.07588075880758809
Sector neutral,2019-11-30,601633.SH,0.007128309572301432,0.02733040507564665,0.07588075880758809
Sector neutral,2019-11-30,601766.SH,-0.008910386965376781,-0.01708150317227916,-0.02845528455284553
Sector neutral,2019-11-30,601111.SH,0.008910386965376781,0.01708150317227916,0.02845528455284553
Sector neutral,2019-11-30,601318.SH,-0.035641547861507125,-0.03416300634455832,0.03794037940379404
Sector neutral,2019-11-30,601398.SH,0.035641547861507125,0.03416300634455832,-0.03794037940379404
Sector neutral,2019-11-30,600028.SH,0.08019348268839104,-0.00854075158613958,0.01897018970189702
Sector neutral,2019-11-30,601857.SH,-0.08019348268839104,0.00854075158613958,-0.01897018970189702
Sector neutral,2019-11-30,600276.SH,0.0,0.0,0.0
Sector neutral,2019-11-30,002230.SZ,-0.04837067209775968,0.03660322108345533,-0.05149051490514904
Sector neutral,2019-11-30,002475.SZ,-0.012729124236252548,0.07076622742801365,0.15718157181571818
Sector neutral,2019-12-31,002371.SZ,-0.06403688524590165,0.05368472425573449,0.051626226122870426
Sector neutral,2019-12-31,600309.SH,0.0,0.0,0.0
Sector neutral,2019-12-31,000333.SZ,-0.050204918032786906,0.11273792093704245,0.06866288074341767
Sector neutral,2019-12-31,600690.SH,0.02151639344262294,-0.0068326012689116705,-0.021683014971605564
Sector neutral,2019-12-31,000063.SZ,-0.0819672131147541,-0.15129331381161543,-0.02065049044914816
Sector neutral,2019-12-31,000100.SZ,0.13319672131147542,-0.08296730112249878,0.06969540526587507
Sector neutral,2019-12-31,000725.SZ,0.025614754098360663,-0.06588579795021962,-0.05678884873515745
Sector neutral,2019-12-31,002415.SZ,0.04354508196721312,0.13909224011713028,-0.12906556530717603
Sector neutral,2019-12-31,600104.SH,0.11116803278688525,-0.02391410444119083,-0.09395973154362415
Sector neutral,2019-12-31,000625.SZ,-0.12192622950819675,-0.10932162030258663,-0.03975219411461021
Sector neutral,2019-12-31,601633.SH,0.0394467213114754,0.02733040507564665,0.08673205988642231
Sector neutral,2019-12-31,601766.SH,0.00896516393442623,-0.01708150317227916,-0.02710376871450697
Sector neutral,2019-12-31,601111.SH,-0.00896516393442623,0.01708150317227916,0.02710376871450697
Sector neutral,2019-12-31,601318.SH,-0.03586065573770492,-0.03416300634455832,0.05420753742901394
Sector neutral,2019-12-31,601398.SH,0.03586065573770492,0.03416300634455832,-0.05420753742901394
Sector neutral,2019-12-31,600028.SH,0.08068647540983608,-0.00854075158613958,0.018069179143004648
Sector neutral,2019-12-31,601857.SH,-0.08068647540983608,0.00854075158613958,-0.018069179143004648
Sector neutral,2019-12-31,600276.SH,0.0,0.0,0.0
Sector neutral,2019-12-31,002230.SZ,-0.04610655737704918,0.03660322108345533,-0.038719669592152804
Sector neutral,2019-12-31,002475.SZ,-0.010245901639344258,0.07076622742801365,0.12390294269488901
Sector neutral,2020-01-31,002371.SZ,-0.061224489795918366,0.05368472425573449,0.05434782608695652
Sector neutral,2020-01-31,600309.SH,0.0,0.0,0.0
Sector neutral,2020-01-31,000333.SZ,-0.04081632653061224,0.11273792093704245,0.09420289855072463
Sector neutral,2020-01-31,600690.SH,0.02040816326530612,-0.0068326012689116705,0.0398550724637681
Sector neutral,2020-01-31,000063.SZ,-0.08163265306122448,-0.15129331381161543,-0.018115942028985508
Sector neutral,2020-01-31,000100.SZ,0.08163265306122448,-0.08296730112249878,0.07246376811594203
Sector neutral,2020-01-31,000725.SZ,0.04081632653061224,-0.06588579795021962,0.0
Sector neutral,2020-01-31,002415.SZ,0.061224489795918366,0.13909224011713028,-0.14492753623188406
Sector neutral,2020-01-31,600104.SH,0.12244897959183673,-0.02391410444119083,-0.10507246376811595
Sector neutral,2020-01-31,000625.SZ,-0.14285714285714285,-0.10932162030258663,-0.032608695652173926
Sector neutral,2020-01-31,601633.SH,0.04081632653061224,0.02733040507564665,0.0036231884057970885
Sector neutral,2020-01-31,601766.SH,-0.01020408163265306,-0.01708150317227916,-0.036231884057971016
Sector neutral,2020-01-31,601111.SH,0.01020408163265306,0.01708150317227916,0.036231884057971016
Sector neutral,2020-01-31,601318.SH,-0.04081632653061224,-0.03416300634455832,0.04528985507246377
Sector neutral,2020-01-31,601398.SH,0.04081632653061224,0.03416300634455832,-0.04528985507246377
Sector neutral,2020-01-31,600028.SH,0.08163265306122448,-0.00854075158613958,0.02717391304347826
Sector neutral,2020-01-31,601857.SH,-0.08163265306122448,0.00854075158613958,-0.02717391304347826
Sector neutral,2020-01-31,600276.SH,0.0,0.0,0.0
Sector neutral,2020-01-31,002230.SZ,-0.04081632653061224,0.03660322108345533,-0.09057971014492754
Sector neutral,2020-01-31,002475.SZ,0.0,0.07076622742801365,0.12681159420289853
Sector neutral,2020-02-29,002371.SZ,-0.056625141562853906,0.05368472425573449,0.07782101167315175
Sector neutral,2020-02-29,600309.SH,0.0,0.0,0.0
Sector neutral,2020-02-29,000333.SZ,-0.0475651189127973,0.11273792093704245,0.066147859922179
Sector neutral,2020-02-29,600690.SH,0.031710079275198186,-0.0068326012689116705,0.04669260700389106
Sector neutral,2020-02-29,000063.SZ,-0.07644394110985278,-0.15129331381161543,0.058365758754863814
Sector neutral,2020-02-29,000100.SZ,0.08210645526613819,-0.08296730112249878,0.038910505836575876
Sector neutral,2020-02-29,000725.SZ,0.04246885617214045,-0.06588579795021962,-0.019455252918287938
Sector neutral,2020-02-29,002415.SZ,0.062287655719139315,0.13909224011713028,-0.1556420233463035
Sector neutral,2020-02-29,600104.SH,0.13080407701019253,-0.02391410444119083,-0.08949416342412451
Sector neutral,2020-02-29,000625.SZ,-0.12684031710079277,-0.10932162030258663,-0.031128404669260694
Sector neutral,2020-02-29,601633.SH,0.011891279728199316,0.02733040507564665,0.007782101167315182
Sector neutral,2020-02-29,601766.SH,-0.029728199320498305,-0.01708150317227916,-0.029182879377431907
Sector neutral,2020-02-29,601111.SH,0.029728199320498305,0.01708150317227916,0.029182879377431907
Sector neutral,2020-02-29,601318.SH,-0.03963759909399774,-0.03416300634455832,0.038910505836575876
Sector neutral,2020-02-29,601398.SH,0.03963759909399774,0.03416300634455832,-0.038910505836575876
Sector neutral,2020-02-29,600028.SH,0.06936579841449605,-0.00854075158613958,0.019455252918287938
Sector neutral,2020-02-29,601857.SH,-0.06936579841449605,0.00854075158613958,-0.019455252918287938
Sector neutral,2020-02-29,600276.SH,0.0,0.0,0.0
Sector neutral,2020-02-29,002230.SZ,-0.03680634201585504,0.03660322108345533,-0.11673151750972763
Sector neutral,2020-02-29,002475.SZ,-0.016987542468856167,0.07076622742801365,0.11673151750972763
Sector neutral,2020-03-31,002371.SZ,-0.06212857914640735,0.05368472425573449,0.08130081300813008
Sector neutral,2020-03-31,600309.SH,0.0,0.0,0.0
Sector neutral,2020-03-31,000333.SZ,-0.06428957320367369,0.11273792093704245,0.024390243902439008
Sector neutral,2020-03-31,600690.SH,0.049162614802809285,-0.0068326012689116705,-0.03658536585365855
Sector neutral,2020-03-31,000063.SZ,-0.08103727714748785,-0.15129331381161543,0.06097560975609756
Sector neutral,2020-03-31,000100.SZ,0.10804970286331712,-0.08296730112249878,0.04065040650406504
Sector neutral,2020-03-31,000725.SZ,0.03241491085899514,-0.06588579795021962,0.0
Sector neutral,2020-03-31,002415.SZ,0.051323608860075635,0.13909224011713028,-0.16260162601626016
Sector neutral,2020-03-31,600104.SH,0.12479740680713128,-0.02391410444119083,-0.0975609756097561
Sector neutral,2020-03-31,000625.SZ,-0.12101566720691519,-0.10932162030258663,0.06504065040650404
Sector neutral,2020-03-31,601633.SH,0.011345218800648291,0.02733040507564665,0.044715447154471524
Sector neutral,2020-03-31,601766.SH,-0.037817396002161,-0.01708150317227916,-0.02032520325203252
Sector neutral,2020-03-31,601111.SH,0.037817396002161,0.01708150317227916,0.02032520325203252
Sector neutral,2020-03-31,601318.SH,-0.037817396002161,-0.03416300634455832,0.04065040650406504
Sector neutral,2020-03-31,601398.SH,0.037817396002161,0.03416300634455832,-0.04065040650406504
Sector neutral,2020-03-31,600028.SH,0.04727174500270124,-0.00854075158613958,0.02032520325203252
Sector neutral,2020-03-31,601857.SH,-0.04727174500270124,0.00854075158613958,-0.02032520325203252
Sector neutral,2020-03-31,600276.SH,0.0,0.0,0.0
Sector neutral,2020-03-31,002230.SZ,-0.04321988114532685,0.03660322108345533,-0.12195121951219512
Sector neutral,2020-03-31,002475.SZ,-0.005402485143165854,0.07076622742801365,0.1016260162601626
Sector neutral,2020-04-30,002371.SZ,-0.06121313299944352,0.05368472425573449,0.08695652173913042
Sector neutral,2020-04-30,600309.SH,0.0,0.0,0.0
Sector neutral,2020-04-30,000333.SZ,-0.07401224262659989,0.11273792093704245,0.046822742474916385
Sector neutral,2020-04-30,600690.SH,0.042849193099610446,-0.0068326012689116705,-0.046822742474916385
Sector neutral,2020-04-30,000063.SZ,-0.08069003895381191,-0.15129331381161543,0.04013377926421403
Sector neutral,2020-04-30,000100.SZ,0.0946021146355036,-0.08296730112249878,0.016722408026755835
Sector neutral,2020-04-30,000725.SZ,0.03617139677239843,-0.06588579795021962,-0.006688963210702359
Sector neutral,2020-04-30,002415.SZ,0.05564830272676682,0.13909224011713028,-0.1939799331103679
Sector neutral,2020-04-30,600104.SH,0.1402337228714524,-0.02391410444119083,-0.11705685618729096
Sector neutral,2020-04-30,000625.SZ,-0.13244296048970505,-0.10932162030258663,0.09364548494983277
Sector neutral,2020-04-30,601633.SH,0.023372287145242053,0.02733040507564665,0.023411371237458192
Sector neutral,2020-04-30,601766.SH,-0.01947690595436839,-0.01708150317227916,-0.023411371237458192
Sector neutral,2020-04-30,601111.SH,0.01947690595436839,0.01708150317227916,0.023411371237458192
Sector neutral,2020-04-30,601318.SH,-0.029215358931552585,-0.03416300634455832,-0.03511705685618729
Sector neutral,2020-04-30,601398.SH,0.029215358931552585,0.03416300634455832,0.03511705685618729
Sector neutral,2020-04-30,600028.SH,0.05843071786310517,-0.00854075158613958,0.023411371237458192
Sector neutral,2020-04-30,601857.SH,-0.05843071786310517,0.00854075158613958,-0.023411371237458192
Sector neutral,2020-04-30,600276.SH,0.0,0.0,0.0
Sector neutral,2020-04-30,002230.SZ,-0.041736227045075125,0.03660322108345533,-0.05351170568561875
Sector neutral,2020-04-30,002475.SZ,-0.002782415136338349,0.07076622742801365,0.11036789297658861
Sector neutral,2020-05-31,002371.SZ,-0.06073992269464384,0.05368472425573449,0.08875739644970415
Sector neutral,2020-05-31,600309.SH,0.0,0.0,0.0
Sector neutral,2020-05-31,000333.SZ,-0.06570955273329651,0.11273792093704245,0.0465976331360947
Sector neutral,2020-05-31,600690.SH,0.011595803423522906,-0.0068326012689116705,-0.03106508875739643
Sector neutral,2020-05-31,000063.SZ,-0.08006626173384869,-0.15129331381161543,0.03698224852071007
Sector neutral,2020-05-31,000100.SZ,0.093870789618995,-0.08296730112249878,0.011094674556213024
Sector neutral,2020-05-31,000725.SZ,0.03589177250138044,-0.06588579795021962,-0.14423076923076925
Sector neutral,2020-05-31,002415.SZ,0.05521811154058529,0.13909224011713028,-0.014792899408284018
Sector neutral,2020-05-31,600104.SH,0.1468801766979569,-0.02391410444119083,-0.1346153846153846
Sector neutral,2020-05-31,000625.SZ,-0.12368856985091108,-0.10932162030258663,0.12426035502958582
Sector neutral,2020-05-31,601633.SH,0.030922142462727762,0.02733040507564665,-0.0051775147928993905
Sector neutral,2020-05-31,601766.SH,-0.03865267807840971,-0.01708150317227916,-0.038831360946745566
Sector neutral,2020-05-31,601111.SH,0.03865267807840971,0.01708150317227916,0.038831360946745566
Sector neutral,2020-05-31,601318.SH,-0.028989508558807282,-0.03416300634455832,0.012943786982248521
Sector neutral,2020-05-31,601398.SH,0.028989508558807282,0.03416300634455832,-0.012943786982248521
Sector neutral,2020-05-31,600028.SH,0.057979017117614565,-0.00854075158613958,0.025887573964497042
Sector neutral,2020-05-31,601857.SH,-0.057979017117614565,0.00854075158613958,-0.025887573964497042
Sector neutral,2020-05-31,600276.SH,0.0,0.0,0.0
Sector neutral,2020-05-31,002230.SZ,-0.041413583655438985,0.03660322108345533,-0.09245562130177515
Sector neutral,2020-05-31,002475.SZ,-0.002760905577029272,0.07076622742801365,0.1146449704142012
Sector neutral,2020-06-30,002371.SZ,-0.07445589919816724,0.04232505643340857,0.09679370840895342
Sector neutral,2020-06-30,600309.SH,0.0,0.0,0.0
Sector neutral,2020-06-30,000333.SZ,-0.02806414662084766,0.15406320541760724,0.08892921960072595
Sector neutral,2020-06-30,600690.SH,0.07216494845360824,-0.003950338600451472,-0.016938898971566863
Sector neutral,2020-06-30,000063.SZ,0.02577319587628866,0.0028216704288938957,-0.03024803387779795
Sector neutral,2020-06-30,000100.SZ,0.045819014891179836,-0.0959367945823928,0.05444646098003629
Sector neutral,2020-06-30,000725.SZ,-0.014318442153493703,-0.17494356659142216,-0.05142165759225651
Sector neutral,2020-06-30,002415.SZ,0.06586483390607102,0.14108352144469527,-0.07259528130671507
Sector neutral,2020-06-30,600104.SH,0.15234822451317295,-0.04345372460496615,-0.12280701754385967
Sector neutral,2020-06-30,000625.SZ,-0.20847651775486828,-0.12246049661399551,0.1101028433151845
Sector neutral,2020-06-30,601633.SH,0.0120274914089347,0.01580135440180587,-0.059286146400483984
Sector neutral,2020-06-30,601766.SH,0.020045819014891178,0.00987584650112867,-0.01058681185722928
Sector neutral,2020-06-30,601111.SH,-0.020045819014891178,-0.00987584650112867,0.01058681185722928
Sector neutral,2020-06-30,601318.SH,-0.03006872852233677,-0.03950338600451468,-0.01058681185722928
Sector neutral,2020-06-30,601398.SH,0.03006872852233677,0.03950338600451468,0.01058681185722928
Sector neutral,2020-06-30,600028.SH,0.07016036655211913,0.00987584650112867,0.01058681185722928
Sector neutral,2020-06-30,601857.SH,-0.07016036655211913,-0.00987584650112867,-0.01058681185722928
Sector neutral,2020-06-30,600276.SH,0.0,0.0,0.0
Sector neutral,2020-06-30,002230.SZ,-0.05441008018327606,0.062076749435665914,-0.1149425287356322
Sector neutral,2020-06-30,002475.SZ,0.005727376861397477,0.022573363431151235,0.11796733212341197
Sector neutral,2020-07-31,002371.SZ,-0.07821901323706378,0.04232505643340857,0.09286128845037725
Sector neutral,2020-07-31,600309.SH,0.0,0.0,0.0
Sector neutral,2020-07-31,000333.SZ,-0.004211793020457265,0.15406320541760724,0.08531630876378409
Sector neutral,2020-07-31,600690.SH,0.08002406738868834,-0.003950338600451472,-0.016250725478816033
Sector neutral,2020-07-31,000063.SZ,0.027075812274368227,0.0028216704288938957,-0.029019152640742896
Sector neutral,2020-07-31,000100.SZ,0.04813477737665463,-0.0959367945823928,0.0522344747533372
Sector neutral,2020-07-31,000725.SZ,0.006016847172081826,-0.17494356659142216,-0.06964596633778294
Sector neutral,2020-07-31,002415.SZ,0.06919374247894103,0.14108352144469527,-0.11027278003482299
Sector neutral,2020-07-31,600104.SH,0.16425992779783394,-0.04345372460496615,-0.11781775972141616
Sector neutral,2020-07-31,000625.SZ,-0.21480144404332127,-0.12246049661399551,0.10562971561230411
Sector neutral,2020-07-31,601633.SH,-0.025270758122743667,0.01580135440180587,-0.05687753917585608
Sector neutral,2020-07-31,601766.SH,0.0210589651022864,0.00987584650112867,-0.020313406848520024
Sector neutral,2020-07-31,601111.SH,-0.0210589651022864,-0.00987584650112867,0.020313406848520024
Sector neutral,2020-07-31,601318.SH,-0.0315884476534296,-0.03950338600451468,-0.010156703424260012
Sector neutral,2020-07-31,601398.SH,0.0315884476534296,0.03950338600451468,0.010156703424260012
Sector neutral,2020-07-31,600028.SH,0.052647412755716,0.00987584650112867,0.020313406848520024
Sector neutral,2020-07-31,601857.SH,-0.052647412755716,-0.00987584650112867,-0.020313406848520024
Sector neutral,2020-07-31,600276.SH,0.0,0.0,0.0
Sector neutral,2020-07-31,002230.SZ,-0.057160048134777375,0.062076749435665914,-0.04933255948926292
Sector neutral,2020-07-31,002475.SZ,-0.015042117930204576,0.022573363431151235,0.11317469529889727
Sector neutral,2020-08-31,002371.SZ,-0.07789095266626724,0.04232505643340857,0.08808290155440417
Sector neutral,2020-08-31,600309.SH,0.0,0.0,0.0
Sector neutral,2020-08-31,000333.SZ,0.029358897543439195,0.15406320541760724,0.09067357512953368
Sector neutral,2020-08-31,600690.SH,0.050329538645895754,-0.003950338600451472,-0.036269430051813475
Sector neutral,2020-08-31,000063.SZ,0.04793289394847214,0.0028216704288938957,-0.020725388601036263
Sector neutral,2020-08-31,000100.SZ,0.026962252846015576,-0.0959367945823928,0.06994818652849742
Sector neutral,2020-08-31,000725.SZ,-0.03594967046135411,-0.17494356659142216,-0.11139896373056994
Sector neutral,2020-08-31,002415.SZ,0.08987417615338526,0.14108352144469527,-0.056994818652849735
Sector neutral,2020-08-31,600104.SH,0.15518274415817856,-0.04345372460496615,-0.12694300518134716
Sector neutral,2020-08-31,000625.SZ,-0.201318154583583,-0.12246049661399551,0.018134715025906738
Sector neutral,2020-08-31,601633.SH,-0.03355302576393049,0.01580135440180587,0.05440414507772021
Sector neutral,2020-08-31,601766.SH,0.010485320551228281,0.00987584650112867,-0.036269430051813475
Sector neutral,2020-08-31,601111.SH,-0.010485320551228281,-0.00987584650112867,0.036269430051813475
Sector neutral,2020-08-31,601318.SH,-0.03145596165368484,-0.03950338600451468,-0.018134715025906738
Sector neutral,2020-08-31,601398.SH,0.03145596165368484,0.03950338600451468,0.018134715025906738
Sector neutral,2020-08-31,600028.SH,0.0524266027561414,0.00987584650112867,0.018134715025906738
Sector neutral,2020-08-31,601857.SH,-0.0524266027561414,-0.00987584650112867,-0.018134715025906738
Sector neutral,2020-08-31,600276.SH,0.0,0.0,0.0
Sector neutral,2020-08-31,002230.SZ,-0.05692031156381067,0.062076749435665914,-0.07512953367875648
Sector neutral,2020-08-31,002475.SZ,0.005991611743559015,0.022573363431151235,0.1062176165803109
Sector neutral,2020-09-30,002371.SZ,-0.08132361189007291,0.04232505643340857,0.10095642933049948
Sector neutral,2020-09-30,600309.SH,0.0,0.0,0.0
Sector neutral,2020-09-30,000333.SZ,0.0353337072349972,0.15406320541760724,0.05951115834218915
Sector neutral,2020-09-30,600690.SH,0.05496354458777342,-0.003950338600451472,0.022316684378320923
Sector neutral,2020-09-30,000063.SZ,0.05608524957936061,0.0028216704288938957,-0.10361317747077577
Sector neutral,2020-09-30,000100.SZ,0.0364554122265844,-0.0959367945823928,0.06376195536663125
Sector neutral,2020-09-30,000725.SZ,-0.022434099831744256,-0.17494356659142216,-0.029224229543039316
Sector neutral,2020-09-30,002415.SZ,0.07571508693213683,0.14108352144469527,-0.08501594048884165
Sector neutral,2020-09-30,600104.SH,0.1531127313516545,-0.04345372460496615,-0.14505844845908608
Sector neutral,2020-09-30,000625.SZ,-0.1805945036455412,-0.12246049661399551,-0.014877789585547302
Sector neutral,2020-09-30,601633.SH,-0.06281547952888387,0.01580135440180587,0.07810839532412325
Sector neutral,2020-09-30,601766.SH,0.00981491867638811,0.00987584650112867,-0.02789585547290117
Sector neutral,2020-09-30,601111.SH,-0.00981491867638811,-0.00987584650112867,0.02789585547290117
Sector neutral,2020-09-30,601318.SH,-0.029444756029164326,-0.03950338600451468,-0.018597236981934114
Sector neutral,2020-09-30,601398.SH,0.029444756029164326,0.03950338600451468,0.018597236981934114
Sector neutral,2020-09-30,600028.SH,0.04907459338194054,0.00987584650112867,0.009298618490967057
Sector neutral,2020-09-30,601857.SH,-0.04907459338194054,-0.00987584650112867,-0.009298618490967057
Sector neutral,2020-09-30,600276.SH,0.0,0.0,0.0
Sector neutral,2020-09-30,002230.SZ,-0.061693774537296686,0.062076749435665914,-0.06641870350690754
Sector neutral,2020-09-30,002475.SZ,-0.0028042624789680385,0.022573363431151235,0.11955366631243358
Sector neutral,2020-10-31,002371.SZ,-0.08430232558139535,0.04232505643340857,0.08958566629339305
Sector neutral,2020-10-31,600309.SH,0.0,0.0,0.0
Sector neutral,2020-10-31,000333.SZ,0.04069767441860465,0.15406320541760724,0.011758118701007833
Sector neutral,2020-10-31,600690.SH,0.061046511627906974,-0.003950338600451472,-0.0078387458006719
Sector neutral,2020-10-31,000063.SZ,0.07848837209302324,0.0028216704288938957,-0.10638297872340427
Sector neutral,2020-10-31,000100.SZ,0.058139534883720916,-0.0959367945823928,0.06998880179171332
Sector neutral,2020-10-31,000725.SZ,-0.02325581395348838,-0.17494356659142216,-0.02799552071668534
Sector neutral,2020-10-31,002415.SZ,0.037790697674418595,0.14108352144469527,-0.06718924972004481
Sector neutral,2020-10-31,600104.SH,0.14244186046511628,-0.04345372460496615,-0.14501679731243003
Sector neutral,2020-10-31,000625.SZ,-0.18313953488372092,-0.12246049661399551,0.031354983202687564
Sector neutral,2020-10-31,601633.SH,-0.061046511627906974,0.01580135440180587,0.1097424412094065
Sector neutral,2020-10-31,601766.SH,0.010174418604651162,0.00987584650112867,-0.03919372900335946
Sector neutral,2020-10-31,601111.SH,-0.010174418604651162,-0.00987584650112867,0.03919372900335946
Sector neutral,2020-10-31,601318.SH,-0.020348837209302324,-0.03950338600451468,0.009798432250839866
Sector neutral,2020-10-31,601398.SH,0.020348837209302324,0.03950338600451468,-0.009798432250839866
Sector neutral,2020-10-31,600028.SH,0.050872093023255814,0.00987584650112867,0.009798432250839866
Sector neutral,2020-10-31,601857.SH,-0.050872093023255814,-0.00987584650112867,-0.009798432250839866
Sector neutral,2020-10-31,600276.SH,0.0,0.0,0.0
Sector neutral,2020-10-31,002230.SZ,-0.06395348837209303,0.062076749435665914,-0.08678611422172454
Sector neutral,2020-10-31,002475.SZ,-0.0029069767441860543,0.022573363431151235,0.12877939529675253
Sector neutral,2020-11-30,002371.SZ,-0.08130081300813008,0.04232505643340857,0.1091703056768559
Sector neutral,2020-11-30,600309.SH,0.0,0.0,0.0
Sector neutral,2020-11-30,000333.SZ,0.024390243902439008,0.15406320541760724,0.01746724890829696
Sector neutral,2020-11-30,600690.SH,0.06504065040650404,-0.003950338600451472,-0.04803493449781658
Sector neutral,2020-11-30,000063.SZ,0.08130081300813008,0.0028216704288938957,-0.13100436681222707
Sector neutral,2020-11-30,000100.SZ,0.04065040650406504,-0.0959367945823928,0.02183406113537118
Sector neutral,2020-11-30,000725.SZ,-0.04065040650406504,-0.17494356659142216,-0.04366812227074236
Sector neutral,2020-11-30,002415.SZ,0.06097560975609756,0.14108352144469527,0.0
Sector neutral,2020-11-30,600104.SH,0.1463414634146341,-0.04345372460496615,-0.1353711790393013
Sector neutral,2020-11-30,000625.SZ,-0.17886178861788618,-0.12246049661399551,0.03930131004366814
Sector neutral,2020-11-30,601633.SH,-0.05691056910569107,0.01580135440180587,0.12663755458515286
Sector neutral,2020-11-30,601766.SH,0.02032520325203252,0.00987584650112867,-0.02183406113537118
Sector neutral,2020-11-30,601111.SH,-0.02032520325203252,-0.00987584650112867,0.02183406113537118
Sector neutral,2020-11-30,601318.SH,-0.02032520325203252,-0.03950338600451468,0.02183406113537118
Sector neutral,2020-11-30,601398.SH,0.02032520325203252,0.03950338600451468,-0.02183406113537118
Sector neutral,2020-11-30,600028.SH,0.04065040650406504,0.00987584650112867,0.01091703056768559
Sector neutral,2020-11-30,601857.SH,-0.04065040650406504,-0.00987584650112867,-0.01091703056768559
Sector neutral,2020-11-30,600276.SH,0.0,0.0,0.0
Sector neutral,2020-11-30,002230.SZ,-0.06097560975609756,0.062076749435665914,-0.08733624454148473
Sector neutral,2020-11-30,002475.SZ,0.0,0.022573363431151235,0.13100436681222707
Sector neutral,2020-12-31,002371.SZ,-0.09416767922235722,0.04232505643340857,0.06610576923076922
Sector neutral,2020-12-31,600309.SH,0.0,0.0,0.0
Sector neutral,2020-12-31,000333.SZ,0.05528554070473874,0.15406320541760724,0.02944711538461539
Sector neutral,2020-12-31,600690.SH,0.01275820170109355,-0.003950338600451472,-0.05468749999999999
Sector neutral,2020-12-31,000063.SZ,0.09720534629404615,0.0028216704288938957,-0.12319711538461539
Sector neutral,2020-12-31,000100.SZ,0.03341433778857836,-0.0959367945823928,0.0030048076923076816
Sector neutral,2020-12-31,000725.SZ,-0.030376670716889428,-0.17494356659142216,-0.0811298076923077
Sector neutral,2020-12-31,002415.SZ,0.054678007290400954,0.14108352144469527,0.04507211538461537
Sector neutral,2020-12-31,600104.SH,0.16160388821385172,-0.04345372460496615,-0.13882211538461536
Sector neutral,2020-12-31,000625.SZ,-0.1786148238153098,-0.12246049661399551,0.07151442307692309
Sector neutral,2020-12-31,601633.SH,-0.051032806804374234,0.01580135440180587,0.09254807692307693
Sector neutral,2020-12-31,601766.SH,0.021263669501822596,0.00987584650112867,-0.021033653846153844
Sector neutral,2020-12-31,601111.SH,-0.021263669501822596,-0.00987584650112867,0.021033653846153844
Sector neutral,2020-12-31,601318.SH,-0.021263669501822596,-0.03950338600451468,0.021033653846153844
Sector neutral,2020-12-31,601398.SH,0.021263669501822596,0.03950338600451468,-0.021033653846153844
Sector neutral,2020-12-31,600028.SH,0.04252733900364519,0.00987584650112867,0.021033653846153844
Sector neutral,2020-12-31,601857.SH,-0.04252733900364519,-0.00987584650112867,-0.021033653846153844
Sector neutral,2020-12-31,600276.SH,0.0,0.0,0.0
Sector neutral,2020-12-31,002230.SZ,-0.05164034021871202,0.062076749435665914,-0.03906250000000001
Sector neutral,2020-12-31,002475.SZ,-0.009113001215066831,0.022573363431151235,0.12920673076923075
Sector neutral,2021-01-31,002371.SZ,-0.08488499452354874,0.04232505643340857,0.053799596503026244
Sector neutral,2021-01-31,600309.SH,0.0,0.0,0.0
Sector neutral,2021-01-31,000333.SZ,0.06900328587075573,0.15406320541760724,0.07531943510423669
Sector neutral,2021-01-31,600690.SH,0.01150054764512595,-0.003950338600451472,-0.042367182246133166
Sector neutral,2021-01-31,000063.SZ,0.10679079956188388,0.0028216704288938957,-0.13449899125756554
Sector neutral,2021-01-31,000100.SZ,0.049288061336254095,-0.0959367945823928,0.006724949562878296
Sector neutral,2021-01-31,000725.SZ,-0.04654983570646221,-0.17494356659142216,-0.016812373907195678
Sector neutral,2021-01-31,002415.SZ,0.030120481927710836,0.14108352144469527,0.03026227303295227
Sector neutral,2021-01-31,600104.SH,0.14567360350492878,-0.04345372460496615,-0.18359112306657702
Sector neutral,2021-01-31,000625.SZ,-0.1610076670317634,-0.12246049661399551,0.05178211163416273
Sector neutral,2021-01-31,601633.SH,-0.0651697699890471,0.01580135440180587,0.09885675857431067
Sector neutral,2021-01-31,601766.SH,0.009583789704271631,0.00987584650112867,-0.03530598520511096
Sector neutral,2021-01-31,601111.SH,-0.009583789704271631,-0.00987584650112867,0.03530598520511096
Sector neutral,2021-01-31,601318.SH,-0.019167579408543262,-0.03950338600451468,0.03530598520511096
Sector neutral,2021-01-31,601398.SH,0.019167579408543262,0.03950338600451468,-0.03530598520511096
Sector neutral,2021-01-31,600028.SH,0.047918948521358154,0.00987584650112867,0.011768661735036988
Sector neutral,2021-01-31,601857.SH,-0.047918948521358154,-0.00987584650112867,-0.011768661735036988
Sector neutral,2021-01-31,600276.SH,0.0,0.0,0.0
Sector neutral,2021-01-31,002230.SZ,-0.06571741511500548,0.062076749435665914,-0.04034969737726965
Sector neutral,2021-01-31,002475.SZ,0.010952902519167574,0.022573363431151235,0.1008742434431742
Sector neutral,2021-02-28,002371.SZ,-0.08042895442359249,0.04232505643340857,-0.009658725048293631
Sector neutral,2021-02-28,600309.SH,0.0,0.0,0.0
Sector neutral,2021-02-28,000333.SZ,0.05630026809651475,0.15406320541760724,0.06310367031551838
Sector neutral,2021-02-28,600690.SH,0.01876675603217158,-0.003950338600451472,0.04056664520283325
Sector neutral,2021-02-28,000063.SZ,0.10723860589812333,0.0028216704288938957,-0.18995492594977464
Sector neutral,2021-02-28,000100.SZ,0.032171581769437,-0.0959367945823928,0.03541532517707662
Sector neutral,2021-02-28,000725.SZ,-0.04289544235924933,-0.17494356659142216,0.012878300064391496
Sector neutral,2021-02-28,002415.SZ,0.050938337801608585,0.14108352144469527,0.12556342562781714
Sector neutral,2021-02-28,600104.SH,0.15013404825737264,-0.04345372460496615,-0.18480360592401804
Sector neutral,2021-02-28,000625.SZ,-0.16890080428954424,-0.12246049661399551,-0.027044430135222137
Sector neutral,2021-02-28,601633.SH,-0.05630026809651475,0.01580135440180587,0.10817772054088863
Sector neutral,2021-02-28,601766.SH,0.01876675603217158,0.00987584650112867,0.011268512556342564
Sector neutral,2021-02-28,601111.SH,-0.01876675603217158,-0.00987584650112867,-0.011268512556342564
Sector neutral,2021-02-28,601318.SH,-0.028150134048257374,-0.03950338600451468,0.022537025112685127
Sector neutral,2021-02-28,601398.SH,0.028150134048257374,0.03950338600451468,-0.022537025112685127
Sector neutral,2021-02-28,600028.SH,0.03753351206434316,0.00987584650112867,0.022537025112685127
Sector neutral,2021-02-28,601857.SH,-0.03753351206434316,-0.00987584650112867,-0.022537025112685127
Sector neutral,2021-02-28,600276.SH,0.0,0.0,0.0
Sector neutral,2021-02-28,002230.SZ,-0.06166219839142091,0.062076749435665914,-0.03219575016097876
Sector neutral,2021-02-28,002475.SZ,-0.005361930294906164,0.022573363431151235,0.05795235028976175
Sector neutral,2021-03-31,002371.SZ,-0.08115183246073299,0.04232505643340857,-0.04672897196261682
Sector neutral,2021-03-31,600309.SH,0.0,0.0,0.0
Sector neutral,2021-03-31,000333.SZ,0.0549738219895288,0.15406320541760724,0.06542056074766353
Sector neutral,2021-03-31,600690.SH,0.018324607329842934,-0.003950338600451472,0.03426791277258566
Sector neutral,2021-03-31,000063.SZ,0.10209424083769633,0.0028216704288938957,-0.1557632398753894
Sector neutral,2021-03-31,000100.SZ,0.028795811518324603,-0.0959367945823928,0.06230529595015576
Sector neutral,2021-03-31,000725.SZ,-0.044502617801047126,-0.17494356659142216,0.04672897196261682
Sector neutral,2021-03-31,002415.SZ,0.04712041884816753,0.14108352144469527,0.09345794392523364
Sector neutral,2021-03-31,600104.SH,0.1649214659685864,-0.04345372460496615,-0.15264797507788164
Sector neutral,2021-03-31,000625.SZ,-0.1649214659685864,-0.12246049661399551,-0.028037383177570104
Sector neutral,2021-03-31,601633.SH,-0.07329842931937174,0.01580135440180587,0.08099688473520247
Sector neutral,2021-03-31,601766.SH,0.018324607329842934,0.00987584650112867,-0.03115264797507788
Sector neutral,2021-03-31,601111.SH,-0.018324607329842934,-0.00987584650112867,0.03115264797507788
Sector neutral,2021-03-31,601318.SH,-0.0274869109947644,-0.03950338600451468,0.03115264797507788
Sector neutral,2021-03-31,601398.SH,0.0274869109947644,0.03950338600451468,-0.03115264797507788
Sector neutral,2021-03-31,600028.SH,0.0274869109947644,0.00987584650112867,0.02336448598130841
Sector neutral,2021-03-31,601857.SH,-0.0274869109947644,-0.00987584650112867,-0.02336448598130841
Sector neutral,2021-03-31,600276.SH,0.0,0.0,0.0
Sector neutral,2021-03-31,002230.SZ,-0.06282722513089006,0.062076749435665914,-0.03115264797507788
Sector neutral,2021-03-31,002475.SZ,0.01047120418848167,0.022573363431151235,0.03115264797507788
Sector neutral,2021-04-30,002371.SZ,-0.08826879271070615,0.04232505643340857,-0.06191950464396284
Sector neutral,2021-04-30,600309.SH,0.0,0.0,0.0
Sector neutral,2021-04-30,000333.SZ,0.07175398633257402,0.15406320541760724,0.018962848297213626
Sector neutral,2021-04-30,600690.SH,0.011958997722095664,-0.003950338600451472,0.046052631578947366
Sector neutral,2021-04-30,000063.SZ,0.11104783599088837,0.0028216704288938957,-0.11609907120743032
Sector neutral,2021-04-30,000100.SZ,0.03132118451025056,-0.0959367945823928,0.10061919504643962
Sector neutral,2021-04-30,000725.SZ,-0.048405466970387244,-0.17494356659142216,0.07352941176470588
Sector neutral,2021-04-30,002415.SZ,0.05125284738041001,0.14108352144469527,0.05998452012383901
Sector neutral,2021-04-30,600104.SH,0.1514806378132118,-0.04345372460496615,-0.10294117647058822
Sector neutral,2021-04-30,000625.SZ,-0.1674259681093394,-0.12246049661399551,-0.03521671826625386
Sector neutral,2021-04-30,601633.SH,-0.06776765375854214,0.01580135440180587,0.07314241486068111
Sector neutral,2021-04-30,601766.SH,0.01993166287015945,0.00987584650112867,-0.04063467492260062
Sector neutral,2021-04-30,601111.SH,-0.01993166287015945,-0.00987584650112867,0.04063467492260062
Sector neutral,2021-04-30,601318.SH,-0.009965831435079725,-0.03950338600451468,-0.02031733746130031
Sector neutral,2021-04-30,601398.SH,0.009965831435079725,0.03950338600451468,0.02031733746130031
Sector neutral,2021-04-30,600028.SH,0.029897494305239174,0.00987584650112867,0.02031733746130031
Sector neutral,2021-04-30,601857.SH,-0.029897494305239174,-0.00987584650112867,-0.02031733746130031
Sector neutral,2021-04-30,600276.SH,0.0,0.0,0.0
Sector neutral,2021-04-30,002230.SZ,-0.0683371298405467,0.062076749435665914,0.04643962848297214
Sector neutral,2021-04-30,002475.SZ,0.01138952164009111,0.022573363431151235,-0.10255417956656346
Sector neutral,2021-05-31,002371.SZ,-0.08862206975414523,0.04232505643340857,-0.09701492537313433
Sector neutral,2021-05-31,600309.SH,0.0,0.0,0.0
Sector neutral,2021-05-31,000333.SZ,0.06803887935963408,0.15406320541760724,-0.013059701492537313
Sector neutral,2021-05-31,600690.SH,0.008004574042309897,-0.003950338600451472,0.026119402985074626
Sector neutral,2021-05-31,000063.SZ,0.11149228130360204,0.0028216704288938957,-0.12313432835820896
Sector neutral,2021-05-31,000100.SZ,0.05145797598627786,-0.0959367945823928,0.05970149253731343
Sector neutral,2021-05-31,000725.SZ,-0.04859919954259577,-0.17494356659142216,0.08582089552238806
Sector neutral,2021-05-31,002415.SZ,0.03144654088050314,0.14108352144469527,0.11194029850746269
Sector neutral,2021-05-31,600104.SH,0.1680960548885077,-0.04345372460496615,-0.06529850746268658
Sector neutral,2021-05-31,000625.SZ,-0.17209834190966264,-0.12246049661399551,-0.026119402985074626
Sector neutral,2021-05-31,601633.SH,-0.07204116638078902,0.01580135440180587,0.07835820895522388
Sector neutral,2021-05-31,601766.SH,0.020011435105774727,0.00987584650112867,-0.058768656716417914
Sector neutral,2021-05-31,601111.SH,-0.020011435105774727,-0.00987584650112867,0.058768656716417914
Sector neutral,2021-05-31,601318.SH,-0.010005717552887363,-0.03950338600451468,-0.013059701492537313
Sector neutral,2021-05-31,601398.SH,0.010005717552887363,0.03950338600451468,0.013059701492537313
Sector neutral,2021-05-31,600028.SH,0.020011435105774727,0.00987584650112867,0.01958955223880597
Sector neutral,2021-05-31,601857.SH,-0.020011435105774727,-0.00987584650112867,-0.01958955223880597
Sector neutral,2021-05-31,600276.SH,0.0,0.0,0.0
Sector neutral,2021-05-31,002230.SZ,-0.0686106346483705,0.062076749435665914,0.046641791044776115
Sector neutral,2021-05-31,002475.SZ,0.01143510577472841,0.022573363431151235,-0.08395522388059702
Sector neutral,2021-06-30,002371.SZ,-0.08247422680412372,0.028105677346824058,-0.06439551308683009
Sector neutral,2021-06-30,600309.SH,0.0,0.0,0.0
Sector neutral,2021-06-30,000333.SZ,0.043298969072164954,0.11017425519955029,-0.02617366015787288
Sector neutral,2021-06-30,600690.SH,0.014432989690721652,-0.007869589657110742,0.03199002908184461
Sector neutral,2021-06-30,000063.SZ,0.04742268041237114,-0.08993816750983696,-0.12255920232654757
Sector neutral,2021-06-30,000100.SZ,0.0907216494845361,-0.011242270938729617,0.00830909846281678
Sector neutral,2021-06-30,000725.SZ,0.018556701030927835,-0.12928611579539065,0.06647278770253427
Sector neutral,2021-06-30,002415.SZ,-0.010309278350515467,0.12647554806070824,0.13917739925218114
Sector neutral,2021-06-30,600104.SH,0.08659793814432991,-0.0865654862282181,-0.09887827170751974
Sector neutral,2021-06-30,000625.SZ,-0.028865979381443304,-0.047217537942664416,0.017449106771915236
Sector neutral,2021-06-30,601633.SH,-0.11546391752577322,0.031478358628442935,0.07561279601163273
Sector neutral,2021-06-30,601766.SH,0.11546391752577322,0.07869589657110736,-0.043622766929788115
Sector neutral,2021-06-30,601111.SH,-0.11546391752577322,-0.07869589657110736,0.043622766929788115
Sector neutral,2021-06-30,601318.SH,-0.007216494845360826,-0.03934794828555368,-0.021811383464894057
Sector neutral,2021-06-30,601398.SH,0.007216494845360826,0.03934794828555368,0.021811383464894057
Sector neutral,2021-06-30,600028.SH,0.07216494845360825,0.00983698707138842,0.014540922309929372
Sector neutral,2021-06-30,601857.SH,-0.07216494845360825,-0.00983698707138842,-0.014540922309929372
Sector neutral,2021-06-30,600276.SH,0.0,0.0,0.0
Sector neutral,2021-06-30,002230.SZ,-0.06804123711340207,0.06745362563237774,0.08101371001246364
Sector neutral,2021-06-30,002475.SZ,0.004123711340206184,0.00843170320404722,-0.1080182800166182
Sector neutral,2021-07-31,002371.SZ,-0.08403361344537814,0.028105677346824058,0.00611995104039168
Sector neutral,2021-07-31,600309.SH,0.0,0.0,0.0
Sector neutral,2021-07-31,000333.SZ,0.04761904761904762,0.11017425519955029,-0.11995104039167685
Sector neutral,2021-07-31,600690.SH,0.019607843137254905,-0.007869589657110742,0.008567931456548342
Sector neutral,2021-07-31,000063.SZ,0.0,-0.08993816750983696,-0.12239902080783352
Sector neutral,2021-07-31,000100.SZ,0.08403361344537814,-0.011242270938729617,-0.008159934720522231
Sector neutral,2021-07-31,000725.SZ,0.028011204481792715,-0.12928611579539065,0.0346797225622195
Sector neutral,2021-07-31,002415.SZ,-0.014005602240896357,0.12647554806070824,0.10607915136678905
Sector neutral,2021-07-31,600104.SH,0.0896358543417367,-0.0865654862282181,-0.06283149734802121
Sector neutral,2021-07-31,000625.SZ,-0.03641456582633053,-0.047217537942664416,0.07996736026111789
Sector neutral,2021-07-31,601633.SH,-0.12044817927170867,0.031478358628442935,0.0942472460220318
Sector neutral,2021-07-31,601766.SH,0.10504201680672268,0.07869589657110736,-0.007139942880456955
Sector neutral,2021-07-31,601111.SH,-0.10504201680672268,-0.07869589657110736,0.007139942880456955
Sector neutral,2021-07-31,601318.SH,-0.007002801120448179,-0.03934794828555368,-0.04997960016319869
Sector neutral,2021-07-31,601398.SH,0.007002801120448179,0.03934794828555368,0.04997960016319869
Sector neutral,2021-07-31,600028.SH,0.07703081232492996,0.00983698707138842,-0.021419828641370865
Sector neutral,2021-07-31,601857.SH,-0.07703081232492996,-0.00983698707138842,0.021419828641370865
Sector neutral,2021-07-31,600276.SH,0.0,0.0,0.0
Sector neutral,2021-07-31,002230.SZ,-0.05602240896358543,0.06745362563237774,0.09179926560587515
Sector neutral,2021-07-31,002475.SZ,0.04201680672268907,0.00843170320404722,-0.1081191350469196
Sector neutral,2021-08-31,002371.SZ,-0.08417508417508418,0.028105677346824058,0.09468170829975825
Sector neutral,2021-08-31,600309.SH,0.0,0.0,0.0
Sector neutral,2021-08-31,000333.SZ,0.0628507295173962,0.11017425519955029,-0.1015310233682514
Sector neutral,2021-08-31,600690.SH,0.02356902356902358,-0.007869589657110742,-0.031023368251410145
Sector neutral,2021-08-31,000063.SZ,0.007482229704451924,-0.08993816750983696,-0.07453666398066078
Sector neutral,2021-08-31,000100.SZ,0.07295173961840629,-0.011242270938729617,0.010072522159548741
Sector neutral,2021-08-31,000725.SZ,-0.005611672278338949,-0.12928611579539065,-0.018130539887187762
Sector neutral,2021-08-31,002415.SZ,0.020576131687242795,0.12647554806070824,0.06647864625302174
Sector neutral,2021-08-31,600104.SH,0.08903853348297794,-0.0865654862282181,-0.05922643029814665
Sector neutral,2021-08-31,000625.SZ,-0.06808829031051253,-0.047217537942664416,0.08178887993553587
Sector neutral,2021-08-31,601633.SH,-0.10736999625888514,0.031478358628442935,0.10999194198227237
Sector neutral,2021-08-31,601766.SH,0.0916573138795361,0.07869589657110736,0.03525382755842063
Sector neutral,2021-08-31,601111.SH,-0.0916573138795361,-0.07869589657110736,-0.03525382755842063
Sector neutral,2021-08-31,601318.SH,-0.006546950991395436,-0.03934794828555368,-0.03525382755842063
Sector neutral,2021-08-31,601398.SH,0.006546950991395436,0.03934794828555368,0.03525382755842063
Sector neutral,2021-08-31,600028.SH,0.07856341189674523,0.00983698707138842,-0.014101531023368252
Sector neutral,2021-08-31,601857.SH,-0.07856341189674523,-0.00983698707138842,0.014101531023368252
Sector neutral,2021-08-31,600276.SH,0.0,0.0,0.0
Sector neutral,2021-08-31,002230.SZ,-0.05798728020950244,0.06745362563237774,0.0523771152296535
Sector neutral,2021-08-31,002475.SZ,0.046763935652824544,0.00843170320404722,-0.1309427880741338
Sector neutral,2021-09-30,002371.SZ,-0.08287292817679558,0.028105677346824058,0.09269558769002596
Sector neutral,2021-09-30,600309.SH,0.0,0.0,0.0
Sector neutral,2021-09-30,000333.SZ,0.04696132596685083,0.11017425519955029,-0.10641453466814979
Sector neutral,2021-09-30,600690.SH,0.019337016574585638,-0.007869589657110742,-0.002595476455320718
Sector neutral,2021-09-30,000063.SZ,0.027624309392265192,-0.08993816750983696,-0.050055617352614025
Sector neutral,2021-09-30,000100.SZ,0.08287292817679558,-0.011242270938729617,-0.037078235076010393
Sector neutral,2021-09-30,000725.SZ,-0.013812154696132596,-0.12928611579539065,-0.011123470522803122
Sector neutral,2021-09-30,002415.SZ,0.0,0.12647554806070824,0.06674082313681869
Sector neutral,2021-09-30,600104.SH,0.08839779005524862,-0.0865654862282181,-0.06748238783833889
Sector neutral,2021-09-30,000625.SZ,-0.03591160220994474,-0.047217537942664416,0.07526881720430109
Sector neutral,2021-09-30,601633.SH,-0.11878453038674032,0.031478358628442935,0.10122358175750835
Sector neutral,2021-09-30,601766.SH,0.11049723756906077,0.07869589657110736,0.05190952910641454
Sector neutral,2021-09-30,601111.SH,-0.11049723756906077,-0.07869589657110736,-0.05190952910641454
Sector neutral,2021-09-30,601318.SH,-0.006906077348066298,-0.03934794828555368,-0.03244345569150909
Sector neutral,2021-09-30,601398.SH,0.006906077348066298,0.03934794828555368,0.03244345569150909
Sector neutral,2021-09-30,600028.SH,0.07596685082872928,0.00983698707138842,-0.02595476455320727
Sector neutral,2021-09-30,601857.SH,-0.07596685082872928,-0.00983698707138842,0.02595476455320727
Sector neutral,2021-09-30,600276.SH,0.0,0.0,0.0
Sector neutral,2021-09-30,002230.SZ,-0.055248618784530384,0.06745362563237774,0.053763440860215055
Sector neutral,2021-09-30,002475.SZ,0.04143646408839779,0.00843170320404722,-0.1149425287356322
Sector neutral,2021-10-31,002371.SZ,-0.08435582822085888,0.028105677346824058,0.12751677852348992
Sector neutral,2021-10-31,600309.SH,0.0,0.0,0.0
Sector neutral,2021-10-31,000333.SZ,0.05099693251533742,0.11017425519955029,-0.07829977628635346
Sector neutral,2021-10-31,600690.SH,0.024156441717791414,-0.007869589657110742,-0.015659955257270694
Sector neutral,2021-10-31,000063.SZ,0.03642638036809814,-0.08993816750983696,-0.06040268456375839
Sector neutral,2021-10-31,000100.SZ,0.07668711656441715,-0.011242270938729617,-0.0447427293064877
Sector neutral,2021-10-31,000725.SZ,0.009585889570552135,-0.12928611579539065,-0.013422818791946315
Sector neutral,2021-10-31,002415.SZ,0.02300613496932514,0.12647554806070824,0.033557046979865765
Sector neutral,2021-10-31,600104.SH,0.09125766871165643,-0.0865654862282181,-0.09395973154362415
Sector neutral,2021-10-31,000625.SZ,-0.0563650306748466,-0.047217537942664416,0.06263982102908278
Sector neutral,2021-10-31,601633.SH,-0.11004601226993861,0.031478358628442935,0.12527964205816555
Sector neutral,2021-10-31,601766.SH,0.10736196319018403,0.07869589657110736,0.007829977628635347
Sector neutral,2021-10-31,601111.SH,-0.10736196319018403,-0.07869589657110736,-0.007829977628635347
Sector neutral,2021-10-31,601318.SH,-0.006710122699386502,-0.03934794828555368,-0.03914988814317673
Sector neutral,2021-10-31,601398.SH,0.006710122699386502,0.03934794828555368,0.03914988814317673
Sector neutral,2021-10-31,600028.SH,0.07381134969325151,0.00983698707138842,-0.023489932885906038
Sector neutral,2021-10-31,601857.SH,-0.07381134969325151,-0.00983698707138842,0.023489932885906038
Sector neutral,2021-10-31,600276.SH,0.0,0.0,0.0
Sector neutral,2021-10-31,002230.SZ,-0.05751533742331288,0.06745362563237774,0.08053691275167783
Sector neutral,2021-10-31,002475.SZ,-0.003834355828220868,0.00843170320404722,-0.12304250559284116
Sector neutral,2021-11-30,002371.SZ,-0.08550330353672754,0.028105677346824058,0.11328976034858389
Sector neutral,2021-11-30,600309.SH,0.0,0.0,0.0
Sector neutral,2021-11-30,000333.SZ,0.05169063350174893,0.11017425519955029,-0.07625272331154684
Sector neutral,2021-11-30,600690.SH,0.024485036921881077,-0.007869589657110742,0.0
Sector neutral,2021-11-30,000063.SZ,0.02331908278274386,-0.08993816750983696,-0.05446623093681917
Sector neutral,2021-11-30,000100.SZ,0.07773027594247957,-0.011242270938729617,-0.06971677559912853
Sector neutral,2021-11-30,000725.SZ,0.009716284492809937,-0.12928611579539065,-0.0392156862745098
Sector neutral,2021-11-30,002415.SZ,0.03692188107267779,0.12647554806070824,0.052287581699346414
Sector neutral,2021-11-30,600104.SH,0.0924990283715507,-0.0865654862282181,-0.10675381263616558
Sector neutral,2021-11-30,000625.SZ,-0.05713175281772248,-0.047217537942664416,0.030501089324618737
Sector neutral,2021-11-30,601633.SH,-0.11154294597745817,0.031478358628442935,0.15250544662309368
Sector neutral,2021-11-30,601766.SH,0.10202098717450445,0.07869589657110736,-0.015250544662309368
Sector neutral,2021-11-30,601111.SH,-0.10202098717450445,-0.07869589657110736,0.015250544662309368
Sector neutral,2021-11-30,601318.SH,-0.0068013991449669626,-0.03934794828555368,-0.022875816993464054
Sector neutral,2021-11-30,601398.SH,0.0068013991449669626,0.03934794828555368,0.022875816993464054
Sector neutral,2021-11-30,600028.SH,0.07481539059463659,0.00983698707138842,-0.030501089324618737
Sector neutral,2021-11-30,601857.SH,-0.07481539059463659,-0.00983698707138842,0.030501089324618737
Sector neutral,2021-11-30,600276.SH,0.0,0.0,0.0
Sector neutral,2021-11-30,002230.SZ,-0.05829770695685969,0.06745362563237774,0.08278867102396514
Sector neutral,2021-11-30,002475.SZ,-0.003886513797123989,0.00843170320404722,-0.08496732026143791
Sector neutral,2021-12-31,002371.SZ,-0.08154506437768241,0.028105677346824058,0.14184397163120568
Sector neutral,2021-12-31,600309.SH,0.0,0.0,0.0
Sector neutral,2021-12-31,000333.SZ,0.045064377682403435,0.11017425519955029,-0.10513141426783479
Sector neutral,2021-12-31,600690.SH,0.0,-0.007869589657110742,-0.002920317062995401
Sector neutral,2021-12-31,000063.SZ,0.023605150214592273,-0.08993816750983696,-0.033375052148519
Sector neutral,2021-12-31,000100.SZ,0.09871244635193133,-0.011242270938729617,-0.04797663746349605
Sector neutral,2021-12-31,000725.SZ,0.00858369098712446,-0.12928611579539065,-0.07717980809345017
Sector neutral,2021-12-31,002415.SZ,0.03862660944206008,0.12647554806070824,0.01042970379641217
Sector neutral,2021-12-31,600104.SH,0.09012875536480687,-0.0865654862282181,-0.06132665832290363
Sector neutral,2021-12-31,000625.SZ,-0.015021459227467811,-0.047217537942664416,0.04088443888193577
Sector neutral,2021-12-31,601633.SH,-0.12017167381974249,0.031478358628442935,0.1284939507717981
Sector neutral,2021-12-31,601766.SH,0.11266094420600858,0.07869589657110736,0.0073007926574885276
Sector neutral,2021-12-31,601111.SH,-0.11266094420600858,-0.07869589657110736,-0.0073007926574885276
Sector neutral,2021-12-31,601318.SH,-0.0075107296137339056,-0.03934794828555368,-0.05840634125990822
Sector neutral,2021-12-31,601398.SH,0.0075107296137339056,0.03934794828555368,0.05840634125990822
Sector neutral,2021-12-31,600028.SH,0.07510729613733906,0.00983698707138842,-0.014601585314977055
Sector neutral,2021-12-31,601857.SH,-0.07510729613733906,-0.00983698707138842,0.014601585314977055
Sector neutral,2021-12-31,600276.SH,0.0,0.0,0.0
Sector neutral,2021-12-31,002230.SZ,-0.0665236051502146,0.06745362563237774,0.09803921568627451
Sector neutral,2021-12-31,002475.SZ,-0.021459227467811162,0.00843170320404722,-0.09178139340842723
Sector neutral,2022-01-31,002371.SZ,-0.08118234804329724,0.028105677346824058,0.15131578947368424
Sector neutral,2022-01-31,600309.SH,0.0,0.0,0.0
Sector neutral,2022-01-31,000333.SZ,0.03205661948376352,0.11017425519955029,-0.09210526315789475
Sector neutral,2022-01-31,600690.SH,-0.011656952539550383,-0.007869589657110742,-0.030701754385964914
Sector neutral,2022-01-31,000063.SZ,0.020815986677768527,-0.08993816750983696,0.04385964912280703
Sector neutral,2022-01-31,000100.SZ,0.10824313072439633,-0.011242270938729617,-0.10964912280701754
Sector neutral,2022-01-31,000725.SZ,0.006244796003330561,-0.12928611579539065,-0.09429824561403509
Sector neutral,2022-01-31,002415.SZ,0.0353871773522065,0.12647554806070824,-0.06359649122807016
Sector neutral,2022-01-31,600104.SH,0.09034138218151538,-0.0865654862282181,0.0
Sector neutral,2022-01-31,000625.SZ,0.0029142381348875833,-0.047217537942664416,0.07675438596491228
Sector neutral,2022-01-31,601633.SH,-0.11365528726061616,0.031478358628442935,0.04605263157894737
Sector neutral,2022-01-31,601766.SH,0.11656952539550373,0.07869589657110736,-0.0537280701754386
Sector neutral,2022-01-31,601111.SH,-0.11656952539550373,-0.07869589657110736,0.0537280701754386
Sector neutral,2022-01-31,601318.SH,-0.007285595337218983,-0.03934794828555368,-0.04605263157894737
Sector neutral,2022-01-31,601398.SH,0.007285595337218983,0.03934794828555368,0.04605263157894737
Sector neutral,2022-01-31,600028.SH,0.08014154870940882,0.00983698707138842,-0.0076754385964912285
Sector neutral,2022-01-31,601857.SH,-0.08014154870940882,-0.00983698707138842,0.0076754385964912285
Sector neutral,2022-01-31,600276.SH,0.0,0.0,0.0
Sector neutral,2022-01-31,002230.SZ,-0.06661115736885928,0.06745362563237774,0.07456140350877194
Sector neutral,2022-01-31,002475.SZ,-0.022897585345545375,0.00843170320404722,-0.0021929824561403434
Sector neutral,2022-02-28,002371.SZ,-0.07825370675453049,0.028105677346824058,0.14136581122227057
Sector neutral,2022-02-28,600309.SH,0.0,0.0,0.0
Sector neutral,2022-02-28,000333.SZ,0.040362438220757836,0.11017425519955029,-0.08220965637233581
Sector neutral,2022-02-28,600690.SH,0.011532125205930818,-0.007869589657110742,-0.006089604175728583
Sector neutral,2022-02-28,000063.SZ,0.03706754530477759,-0.08993816750983696,0.06524575902566335
Sector neutral,2022-02-28,000100.SZ,0.09472817133443164,-0.011242270938729617,-0.11744236624619399
Sector neutral,2022-02-28,000725.SZ,0.008237232289950573,-0.12928611579539065,-0.0869943453675511
Sector neutral,2022-02-28,002415.SZ,0.022652388797364083,0.12647554806070824,-0.056546324488908215
Sector neutral,2022-02-28,600104.SH,0.08360790774299837,-0.0865654862282181,-0.021313614615050026
Sector neutral,2022-02-28,000625.SZ,-0.017298187808896203,-0.047217537942664416,0.03958242714223575
Sector neutral,2022-02-28,601633.SH,-0.11820428336079077,0.031478358628442935,0.07003044802087864
Sector neutral,2022-02-28,601766.SH,0.11532125205930809,0.07869589657110736,-0.0685080469769465
Sector neutral,2022-02-28,601111.SH,-0.11532125205930809,-0.07869589657110736,0.0685080469769465
Sector neutral,2022-02-28,601318.SH,-0.007207578253706755,-0.03934794828555368,-0.04567203131796434
Sector neutral,2022-02-28,601398.SH,0.007207578253706755,0.03934794828555368,0.04567203131796434
Sector neutral,2022-02-28,600028.SH,0.0792833607907743,0.00983698707138842,-0.015224010439321445
Sector neutral,2022-02-28,601857.SH,-0.0792833607907743,-0.00983698707138842,0.015224010439321445
Sector neutral,2022-02-28,600276.SH,0.0,0.0,0.0
Sector neutral,2022-02-28,002230.SZ,-0.06383855024711697,0.06745362563237774,0.019573727707699013
Sector neutral,2022-02-28,002475.SZ,-0.020593080724876447,0.00843170320404722,0.03479773814702046
Sector neutral,2022-03-31,002371.SZ,-0.08442380751371888,0.028105677346824058,0.13598326359832638
Sector neutral,2022-03-31,600309.SH,0.0,0.0,0.0
Sector neutral,2022-03-31,000333.SZ,0.05023216547066273,0.11017425519955029,-0.08786610878661089
Sector neutral,2022-03-31,600690.SH,0.0059096665259603266,-0.007869589657110742,-0.05857740585774059
Sector neutral,2022-03-31,000063.SZ,0.033769523005487544,-0.08993816750983696,0.018828451882845203
Sector neutral,2022-03-31,000100.SZ,0.10764035457999156,-0.011242270938729617,-0.14225941422594143
Sector neutral,2022-03-31,000725.SZ,-0.010552975939214861,-0.12928611579539065,-0.09832635983263599
Sector neutral,2022-03-31,002415.SZ,0.018995356690586745,0.12647554806070824,-0.025104602510460244
Sector neutral,2022-03-31,600104.SH,0.07978049810046434,-0.0865654862282181,-0.014644351464435148
Sector neutral,2022-03-31,000625.SZ,-0.02363866610384128,-0.047217537942664416,0.07322175732217574
Sector neutral,2022-03-31,601633.SH,-0.11228366399324609,0.031478358628442935,0.08786610878661089
Sector neutral,2022-03-31,601766.SH,0.11819333051920643,0.07869589657110736,-0.029288702928870296
Sector neutral,2022-03-31,601111.SH,-0.11819333051920643,-0.07869589657110736,0.029288702928870296
Sector neutral,2022-03-31,601318.SH,-0.007387083157450402,-0.03934794828555368,-0.014644351464435148
Sector neutral,2022-03-31,601398.SH,0.007387083157450402,0.03934794828555368,0.014644351464435148
Sector neutral,2022-03-31,600028.SH,0.07387083157450401,0.00983698707138842,-0.029288702928870296
Sector neutral,2022-03-31,601857.SH,-0.07387083157450401,-0.00983698707138842,0.029288702928870296
Sector neutral,2022-03-31,600276.SH,0.0,0.0,0.0
Sector neutral,2022-03-31,002230.SZ,-0.06964964119881807,0.06745362563237774,0.03347280334728035
Sector neutral,2022-03-31,002475.SZ,0.004221190375685942,0.00843170320404722,0.0774058577405858
Sector neutral,2022-04-30,002371.SZ,-0.0799041150619257,0.028105677346824058,0.14619883040935674
Sector neutral,2022-04-30,600309.SH,0.0,0.0,0.0
Sector neutral,2022-04-30,000333.SZ,0.0391530163803436,0.11017425519955029,-0.06822612085769982
Sector neutral,2022-04-30,600690.SH,-0.030763084298841385,-0.007869589657110742,-0.05458089668615985
Sector neutral,2022-04-30,000063.SZ,0.04594486616060728,-0.08993816750983696,-0.0038986354775828566
Sector neutral,2022-04-30,000100.SZ,0.11586096683979225,-0.011242270938729617,-0.11306042884990256
Sector neutral,2022-04-30,000725.SZ,0.01797842588893328,-0.12928611579539065,-0.0994152046783626
Sector neutral,2022-04-30,002415.SZ,-0.009988014382740714,0.12647554806070824,-0.05847953216374271
Sector neutral,2022-04-30,600104.SH,0.0811026767878546,-0.0865654862282181,0.013645224171539962
Sector neutral,2022-04-30,000625.SZ,0.011186576108669608,-0.047217537942664416,0.06822612085769982
Sector neutral,2022-04-30,601633.SH,-0.10067918497802637,0.031478358628442935,0.04093567251461989
Sector neutral,2022-04-30,601766.SH,0.11186576108669598,0.07869589657110736,-0.04775828460038987
Sector neutral,2022-04-30,601111.SH,-0.11186576108669598,-0.07869589657110736,0.04775828460038987
Sector neutral,2022-04-30,601318.SH,-0.006991610067918499,-0.03934794828555368,-0.04775828460038987
Sector neutral,2022-04-30,601398.SH,0.006991610067918499,0.03934794828555368,0.04775828460038987
Sector neutral,2022-04-30,600028.SH,0.06991610067918498,0.00983698707138842,-0.006822612085769981
Sector neutral,2022-04-30,601857.SH,-0.06991610067918498,-0.00983698707138842,0.006822612085769981
Sector neutral,2022-04-30,600276.SH,0.0,0.0,0.0
Sector neutral,2022-04-30,002230.SZ,-0.0659208949260887,0.06745362563237774,0.07797270955165692
Sector neutral,2022-04-30,002475.SZ,-0.023971234518577713,0.00843170320404722,0.050682261208576995
Sector neutral,2022-05-31,002371.SZ,-0.08172362555720655,0.028105677346824058,0.14627659574468085
Sector neutral,2022-05-31,600309.SH,0.0,0.0,0.0
Sector neutral,2022-05-31,000333.SZ,0.06240713224368501,0.11017425519955029,-0.055851063829787224
Sector neutral,2022-05-31,600690.SH,-0.002600297176820199,-0.007869589657110742,0.05053191489361703
Sector neutral,2022-05-31,000063.SZ,0.022288261515601773,-0.08993816750983696,0.03989361702127659
Sector neutral,2022-05-31,000100.SZ,0.08729569093610698,-0.011242270938729617,-0.10638297872340426
Sector neutral,2022-05-31,000725.SZ,0.009286775631500734,-0.12928611579539065,-0.09308510638297872
Sector neutral,2022-05-31,002415.SZ,0.061292719167904894,0.12647554806070824,-0.05319148936170213
Sector neutral,2022-05-31,600104.SH,0.08841010401188709,-0.0865654862282181,-0.0026595744680850968
Sector neutral,2022-05-31,000625.SZ,-0.05460624071322436,-0.047217537942664416,-0.02925531914893616
Sector neutral,2022-05-31,601633.SH,-0.09361069836552749,0.031478358628442935,0.037234042553191495
Sector neutral,2022-05-31,601766.SH,0.10401188707280833,0.07869589657110736,-0.05319148936170213
Sector neutral,2022-05-31,601111.SH,-0.10401188707280833,-0.07869589657110736,0.05319148936170213
Sector neutral,2022-05-31,601318.SH,-0.00650074294205052,-0.03934794828555368,-0.07313829787234043
Sector neutral,2022-05-31,601398.SH,0.00650074294205052,0.03934794828555368,0.07313829787234043
Sector neutral,2022-05-31,600028.SH,0.05850668647845468,0.00983698707138842,-0.006648936170212766
Sector neutral,2022-05-31,601857.SH,-0.05850668647845468,-0.00983698707138842,0.006648936170212766
Sector neutral,2022-05-31,600276.SH,0.0,0.0,0.0
Sector neutral,2022-05-31,002230.SZ,-0.06872213967310552,0.06745362563237774,-0.026595744680851064
Sector neutral,2022-05-31,002475.SZ,-0.02971768202080239,0.00843170320404722,0.09308510638297872
Sector neutral,2022-06-30,002371.SZ,-0.10851760851760851,0.03937007874015748,0.14971378247468078
Sector neutral,2022-06-30,600309.SH,0.0,0.0,0.0
Sector neutral,2022-06-30,000333.SZ,0.025798525798525807,0.09448818897637795,-0.08322324966974902
Sector neutral,2022-06-30,600690.SH,-0.0028665028665028564,0.03543307086614173,0.05548216644649934
Sector neutral,2022-06-30,000063.SZ,0.0061425061425061465,-0.05905511811023623,0.01100836635843241
Sector neutral,2022-06-30,000100.SZ,0.1208026208026208,-0.03937007874015748,-0.06605019815059444
Sector neutral,2022-06-30,000725.SZ,0.13513513513513514,0.05905511811023623,-0.08146191105239982
Sector neutral,2022-06-30,002415.SZ,-0.022522522522522518,0.11811023622047245,-0.0352267723469837
Sector neutral,2022-06-30,600104.SH,0.08312858312858314,-0.08267716535433071,-0.036988110964332896
Sector neutral,2022-06-30,000625.SZ,-0.045864045864045855,-0.06299212598425198,0.04007045354469396
Sector neutral,2022-06-30,601633.SH,-0.06019656019656019,0.01574803149606299,0.024658740642888588
Sector neutral,2022-06-30,601766.SH,0.07882882882882883,0.04921259842519685,-0.08476442095992955
Sector neutral,2022-06-30,601111.SH,-0.07882882882882883,-0.04921259842519685,0.08476442095992955
Sector neutral,2022-06-30,601318.SH,-0.028665028665028666,-0.05905511811023623,-0.053940995156318804
Sector neutral,2022-06-30,601398.SH,0.028665028665028666,0.05905511811023623,0.053940995156318804
Sector neutral,2022-06-30,600028.SH,0.0214987714987715,-0.029527559055118113,-0.007705856450902686
Sector neutral,2022-06-30,601857.SH,-0.0214987714987715,0.029527559055118113,0.007705856450902686
Sector neutral,2022-06-30,600276.SH,0.0,0.0,0.0
Sector neutral,2022-06-30,002230.SZ,-0.09418509418509419,0.0,-0.05063848524878908
Sector neutral,2022-06-30,002475.SZ,-0.03685503685503685,-0.11811023622047245,0.0726552179656539
Sector neutral,2022-07-31,002371.SZ,-0.10698425514735567,0.03937007874015748,0.1008249312557287
Sector neutral,2022-07-31,600309.SH,0.0,0.0,0.0
Sector neutral,2022-07-31,000333.SZ,0.03956398869600324,0.09448818897637795,0.01924839596700274
Sector neutral,2022-07-31,600690.SH,-0.002825999192571649,0.03543307086614173,0.03528872593950503
Sector neutral,2022-07-31,000063.SZ,0.006055712555510702,-0.05905511811023623,-0.011457378551787353
Sector neutral,2022-07-31,000100.SZ,0.11909568025837707,-0.03937007874015748,-0.05957836846929423
Sector neutral,2022-07-31,000725.SZ,0.13322567622123538,0.05905511811023623,-0.07561869844179651
Sector neutral,2022-07-31,002415.SZ,-0.02220427937020589,0.11811023622047245,-0.043538038496791935
Sector neutral,2022-07-31,600104.SH,0.08195397658457813,-0.08267716535433071,-0.028872593950504136
Sector neutral,2022-07-31,000625.SZ,-0.07347597900686313,-0.06299212598425198,0.06736938588450961
Sector neutral,2022-07-31,601633.SH,-0.04521598708114654,0.01574803149606299,-0.09303391384051331
Sector neutral,2022-07-31,601766.SH,0.07064997981429148,0.04921259842519685,-0.09624197983501374
Sector neutral,2022-07-31,601111.SH,-0.07064997981429148,-0.04921259842519685,0.09624197983501374
Sector neutral,2022-07-31,601318.SH,-0.028259991925716592,-0.05905511811023623,-0.05614115490375802
Sector neutral,2022-07-31,601398.SH,0.028259991925716592,0.05905511811023623,0.05614115490375802
Sector neutral,2022-07-31,600028.SH,0.021194993944287446,-0.029527559055118113,0.008020164986251146
Sector neutral,2022-07-31,601857.SH,-0.021194993944287446,0.029527559055118113,-0.008020164986251146
Sector neutral,2022-07-31,600276.SH,0.0,0.0,0.0
Sector neutral,2022-07-31,002230.SZ,-0.09285425918449737,0.0,-0.027497708524289646
Sector neutral,2022-07-31,002475.SZ,-0.03633427533306419,-0.11811023622047245,0.11686526122823099
Sector neutral,2022-08-31,002371.SZ,-0.106973058637084,0.03937007874015748,0.07318952234206473
Sector neutral,2022-08-31,600309.SH,0.0,0.0,0.0
Sector neutral,2022-08-31,000333.SZ,0.036053882725832015,0.09448818897637795,-0.05932203389830509
Sector neutral,2022-08-31,600690.SH,-0.0194136291600634,0.03543307086614173,0.0485362095531587
Sector neutral,2022-08-31,000063.SZ,-0.009904912836767027,-0.05905511811023623,-0.03466872110939907
Sector neutral,2022-08-31,000100.SZ,0.11489698890649766,-0.03937007874015748,-0.075115562403698
Sector neutral,2022-08-31,000725.SZ,0.1287638668779715,0.05905511811023623,-0.061633281972265024
Sector neutral,2022-08-31,002415.SZ,0.003961965134706826,0.11811023622047245,-0.04815100154083205
Sector neutral,2022-08-31,600104.SH,0.09152139461172742,-0.08267716535433071,0.021571648690292756
Sector neutral,2022-08-31,000625.SZ,-0.04714738510301111,-0.06299212598425198,0.07550077041602465
Sector neutral,2022-08-31,601633.SH,-0.06101426307448496,0.01574803149606299,-0.08628659476117105
Sector neutral,2022-08-31,601766.SH,0.06933438985736927,0.04921259842519685,-0.08089368258859785
Sector neutral,2022-08-31,601111.SH,-0.06933438985736927,-0.04921259842519685,0.08089368258859785
Sector neutral,2022-08-31,601318.SH,-0.034667194928684635,-0.05905511811023623,-0.047187981510015416
Sector neutral,2022-08-31,601398.SH,0.034667194928684635,0.05905511811023623,0.047187981510015416
Sector neutral,2022-08-31,600028.SH,0.020800316957210782,-0.029527559055118113,0.006741140215716488
Sector neutral,2022-08-31,601857.SH,-0.020800316957210782,0.029527559055118113,-0.006741140215716488
Sector neutral,2022-08-31,600276.SH,0.0,0.0,0.0
Sector neutral,2022-08-31,002230.SZ,-0.09310618066561015,0.0,0.04622496147919877
Sector neutral,2022-08-31,002475.SZ,-0.03763866877971474,-0.11811023622047245,0.10015408320493067
Sector neutral,2022-09-30,002371.SZ,-0.10995601759296282,0.03937007874015748,0.06254886630179828
Sector neutral,2022-09-30,600309.SH,0.0,0.0,0.0
Sector neutral,2022-09-30,000333.SZ,0.03358656537385046,0.09448818897637795,-0.038311180609851454
Sector neutral,2022-09-30,600690.SH,-0.02239104358256697,0.03543307086614173,0.07114933541829553
Sector neutral,2022-09-30,000063.SZ,0.0019992003198720442,-0.05905511811023623,-0.019546520719311965
Sector neutral,2022-09-30,000100.SZ,0.11395441823270691,-0.03937007874015748,-0.07427677873338545
Sector neutral,2022-09-30,000725.SZ,0.12794882047181128,0.05905511811023623,-0.060594214229867084
Sector neutral,2022-09-30,002415.SZ,-0.011995201919232314,0.11811023622047245,-0.04691164972634871
Sector neutral,2022-09-30,600104.SH,0.10355857656937226,-0.08267716535433071,-0.05199374511336983
Sector neutral,2022-09-30,000625.SZ,-0.05037984806077569,-0.06299212598425198,0.0848318999218139
Sector neutral,2022-09-30,601633.SH,-0.06437425029988005,0.01574803149606299,-0.0656763096168882
Sector neutral,2022-09-30,601766.SH,0.0699720111955218,0.04921259842519685,-0.10946051602814698
Sector neutral,2022-09-30,601111.SH,-0.0699720111955218,-0.04921259842519685,0.10946051602814698
Sector neutral,2022-09-30,601318.SH,-0.0349860055977609,-0.05905511811023623,-0.006841282251759186
Sector neutral,2022-09-30,601398.SH,0.0349860055977609,0.05905511811023623,0.006841282251759186
Sector neutral,2022-09-30,600028.SH,0.013994402239104359,-0.029527559055118113,0.02052384675527756
Sector neutral,2022-09-30,601857.SH,-0.013994402239104359,0.029527559055118113,-0.02052384675527756
Sector neutral,2022-09-30,600276.SH,0.0,0.0,0.0
Sector neutral,2022-09-30,002230.SZ,-0.0819672131147541,0.0,-0.005863956215793592
Sector neutral,2022-09-30,002475.SZ,-0.039984006397441034,-0.11811023622047245,0.1446442533229085
Sector neutral,2022-10-31,002371.SZ,-0.11181434599156119,0.03937007874015748,0.09803921568627451
Sector neutral,2022-10-31,600309.SH,0.0,0.0,0.0
Sector neutral,2022-10-31,000333.SZ,0.04430379746835444,0.09448818897637795,-0.019607843137254905
Sector neutral,2022-10-31,600690.SH,0.0,0.03543307086614173,0.050420168067226885
Sector neutral,2022-10-31,000063.SZ,-0.008438818565400841,-0.05905511811023623,-0.014005602240896357
Sector neutral,2022-10-31,000100.SZ,0.12447257383966247,-0.03937007874015748,-0.04201680672268907
Sector neutral,2022-10-31,000725.SZ,0.13924050632911394,0.05905511811023623,-0.05602240896358543
Sector neutral,2022-10-31,002415.SZ,-0.02320675105485232,0.11811023622047245,-0.0700280112044818
Sector neutral,2022-10-31,600104.SH,0.08860759493670887,-0.08267716535433071,-0.04761904761904762
Sector neutral,2022-10-31,000625.SZ,-0.059071729957805914,-0.06299212598425198,0.09243697478991596
Sector neutral,2022-10-31,601633.SH,-0.07383966244725738,0.01574803149606299,-0.07563025210084033
Sector neutral,2022-10-31,601766.SH,0.07383966244725738,0.04921259842519685,-0.08403361344537814
Sector neutral,2022-10-31,601111.SH,-0.07383966244725738,-0.04921259842519685,0.08403361344537814
Sector neutral,2022-10-31,601318.SH,-0.02215189873417722,-0.05905511811023623,-0.0350140056022409
Sector neutral,2022-10-31,601398.SH,0.02215189873417722,0.05905511811023623,0.0350140056022409
Sector neutral,2022-10-31,600028.SH,0.007383966244725739,-0.029527559055118113,0.028011204481792715
Sector neutral,2022-10-31,601857.SH,-0.007383966244725739,0.029527559055118113,-0.028011204481792715
Sector neutral,2022-10-31,600276.SH,0.0,0.0,0.0
Sector neutral,2022-10-31,002230.SZ,-0.08227848101265824,0.0,-0.028011204481792715
Sector neutral,2022-10-31,002475.SZ,-0.0379746835443038,-0.11811023622047245,0.11204481792717086
Sector neutral,2022-11-30,002371.SZ,-0.10995601759296282,0.03937007874015748,0.10558732952045753
Sector neutral,2022-11-30,600309.SH,0.0,0.0,0.0
Sector neutral,2022-11-30,000333.SZ,0.03358656537385046,0.09448818897637795,-0.07391113066432027
Sector neutral,2022-11-30,600690.SH,-0.02239104358256697,0.03543307086614173,0.08007039155301363
Sector neutral,2022-11-30,000063.SZ,0.0019992003198720442,-0.05905511811023623,0.013198416190057186
Sector neutral,2022-11-30,000100.SZ,0.11395441823270691,-0.03937007874015748,-0.017597888253409594
Sector neutral,2022-11-30,000725.SZ,0.12794882047181128,0.05905511811023623,-0.032996040475142985
Sector neutral,2022-11-30,002415.SZ,-0.011995201919232314,0.11811023622047245,-0.04839419269687638
Sector neutral,2022-11-30,600104.SH,0.10355857656937226,-0.08267716535433071,-0.10470743510778704
Sector neutral,2022-11-30,000625.SZ,-0.05037984806077569,-0.06299212598425198,0.11086669599648041
Sector neutral,2022-11-30,601633.SH,-0.06437425029988005,0.01574803149606299,-0.01231852177738671
Sector neutral,2022-11-30,601766.SH,0.0699720111955218,0.04921259842519685,-0.06929168499780025
Sector neutral,2022-11-30,601111.SH,-0.0699720111955218,-0.04921259842519685,0.06929168499780025
Sector neutral,2022-11-30,601318.SH,-0.0349860055977609,-0.05905511811023623,-0.053893532776066864
Sector neutral,2022-11-30,601398.SH,0.0349860055977609,0.05905511811023623,0.053893532776066864
Sector neutral,2022-11-30,600028.SH,0.013994402239104359,-0.029527559055118113,0.007699076110866695
Sector neutral,2022-11-30,601857.SH,-0.013994402239104359,0.029527559055118113,-0.007699076110866695
Sector neutral,2022-11-30,600276.SH,0.0,0.0,0.0
Sector neutral,2022-11-30,002230.SZ,-0.0819672131147541,0.0,-0.07919049714034315
Sector neutral,2022-11-30,002475.SZ,-0.039984006397441034,-0.11811023622047245,0.05939287285525736
Sector neutral,2022-12-31,002371.SZ,-0.10707070707070708,0.03937007874015748,0.08992805755395683
Sector neutral,2022-12-31,600309.SH,0.0,0.0,0.0
Sector neutral,2022-12-31,000333.SZ,0.028282828282828285,0.09448818897637795,-0.04676258992805755
Sector neutral,2022-12-31,600690.SH,0.0,0.03543307086614173,0.06115107913669065
Sector neutral,2022-12-31,000063.SZ,-0.008080808080808077,-0.05905511811023623,0.0539568345323741
Sector neutral,2022-12-31,000100.SZ,0.11919191919191921,-0.03937007874015748,-0.07194244604316546
Sector neutral,2022-12-31,000725.SZ,0.13333333333333336,0.05905511811023623,-0.0539568345323741
Sector neutral,2022-12-31,002415.SZ,-0.02222222222222222,0.11811023622047245,-0.017985611510791366
Sector neutral,2022-12-31,600104.SH,0.098989898989899,-0.08267716535433071,-0.13669064748201437
Sector neutral,2022-12-31,000625.SZ,-0.05656565656565657,-0.06299212598425198,0.1510791366906475
Sector neutral,2022-12-31,601633.SH,-0.07070707070707072,0.01574803149606299,-0.02877697841726618
Sector neutral,2022-12-31,601766.SH,0.07070707070707072,0.04921259842519685,-0.08093525179856115
Sector neutral,2022-12-31,601111.SH,-0.07070707070707072,-0.04921259842519685,0.08093525179856115
Sector neutral,2022-12-31,601318.SH,-0.03535353535353536,-0.05905511811023623,-0.008992805755395683
Sector neutral,2022-12-31,601398.SH,0.03535353535353536,0.05905511811023623,0.008992805755395683
Sector neutral,2022-12-31,600028.SH,0.014141414141414142,-0.029527559055118113,0.017985611510791366
Sector neutral,2022-12-31,601857.SH,-0.014141414141414142,0.029527559055118113,-0.017985611510791366
Sector neutral,2022-12-31,600276.SH,0.0,0.0,0.0
Sector neutral,2022-12-31,002230.SZ,-0.0787878787878788,0.0,-0.03597122302158273
Sector neutral,2022-12-31,002475.SZ,-0.03636363636363636,-0.11811023622047245,0.03597122302158273
Sector neutral,2023-01-31,002371.SZ,-0.10461902881958153,0.03937007874015748,0.10008896797153026
Sector neutral,2023-01-31,600309.SH,0.0,0.0,0.0
Sector neutral,2023-01-31,000333.SZ,0.030398736675878398,0.09448818897637795,-0.08096085409252668
Sector neutral,2023-01-31,600690.SH,-0.011054086063955795,0.03543307086614173,0.043594306049822076
Sector neutral,2023-01-31,000063.SZ,0.005921831819976317,-0.05905511811023623,0.022241992882562282
Sector neutral,2023-01-31,000100.SZ,0.11646269245953417,-0.03937007874015748,-0.08674377224199288
Sector neutral,2023-01-31,000725.SZ,0.13028030003947888,0.05905511811023623,-0.05560498220640569
Sector neutral,2023-01-31,002415.SZ,-0.021713383339913146,0.11811023622047245,0.006672597864768687
Sector neutral,2023-01-31,600104.SH,0.09948677457560205,-0.08267716535433071,-0.11209964412811387
Sector neutral,2023-01-31,000625.SZ,-0.052506908803789984,-0.06299212598425198,0.13701067615658363
Sector neutral,2023-01-31,601633.SH,-0.06632451638373471,0.01574803149606299,0.012455516014234887
Sector neutral,2023-01-31,601766.SH,0.06908803789972365,0.04921259842519685,-0.10120106761565836
Sector neutral,2023-01-31,601111.SH,-0.06908803789972365,-0.04921259842519685,0.10120106761565836
Sector neutral,2023-01-31,601318.SH,-0.034544018949861824,-0.05905511811023623,0.015569395017793594
Sector neutral,2023-01-31,601398.SH,0.034544018949861824,0.05905511811023623,-0.015569395017793594
Sector neutral,2023-01-31,600028.SH,0.01381760757994473,-0.029527559055118113,0.023354092526690393
Sector neutral,2023-01-31,601857.SH,-0.01381760757994473,0.029527559055118113,-0.023354092526690393
Sector neutral,2023-01-31,600276.SH,0.0,0.0,0.0
Sector neutral,2023-01-31,002230.SZ,-0.0908014212396368,0.0,-0.024466192170818503
Sector neutral,2023-01-31,002475.SZ,-0.035530990919857876,-0.11811023622047245,0.037811387900355875
Sector neutral,2023-02-28,002371.SZ,-0.10083036773428232,0.03937007874015748,0.11610201751046821
Sector neutral,2023-02-28,600309.SH,0.0,0.0,0.0
Sector neutral,2023-02-28,000333.SZ,0.03598260181890074,0.09448818897637795,-0.09592691282832126
Sector neutral,2023-02-28,600690.SH,-0.005535784895215504,0.03543307086614173,0.09059763989341454
Sector neutral,2023-02-28,000063.SZ,-0.01779359430604983,-0.05905511811023623,0.04948610582413399
Sector neutral,2023-02-28,000100.SZ,0.10676156583629891,-0.03937007874015748,-0.0704225352112676
Sector neutral,2023-02-28,000725.SZ,0.1344404903123764,0.05905511811023623,-0.04377617053673391
Sector neutral,2023-02-28,002415.SZ,-0.003954132068011082,0.11811023622047245,-0.017129805862200226
Sector neutral,2023-02-28,600104.SH,0.10517991300909449,-0.08267716535433071,-0.12257327750285495
Sector neutral,2023-02-28,000625.SZ,-0.060893633847370496,-0.06299212598425198,0.13056718690521507
Sector neutral,2023-02-28,601633.SH,-0.07473309608540925,0.01574803149606299,-0.002664636467453359
Sector neutral,2023-02-28,601766.SH,0.06919731119019375,0.04921259842519685,-0.03996954701180053
Sector neutral,2023-02-28,601111.SH,-0.06919731119019375,-0.04921259842519685,0.03996954701180053
Sector neutral,2023-02-28,601318.SH,-0.034598655595096874,-0.05905511811023623,0.026646364674533685
Sector neutral,2023-02-28,601398.SH,0.034598655595096874,0.05905511811023623,-0.026646364674533685
Sector neutral,2023-02-28,600028.SH,0.013839462238038749,-0.029527559055118113,0.04663113818043395
Sector neutral,2023-02-28,601857.SH,-0.013839462238038749,0.029527559055118113,-0.04663113818043395
Sector neutral,2023-02-28,600276.SH,0.0,0.0,0.0
Sector neutral,2023-02-28,002230.SZ,-0.08699090549624357,0.0,-0.003806623524933382
Sector neutral,2023-02-28,002475.SZ,-0.03163305654408858,-0.11811023622047245,-0.030452988199467068
Sector neutral,2023-03-31,002371.SZ,-0.10642737896494156,0.03937007874015748,-0.07308684436801376
Sector neutral,2023-03-31,600309.SH,0.0,0.0,0.0
Sector neutral,2023-03-31,000333.SZ,0.02337228714524206,0.09448818897637795,-0.06620808254514188
Sector neutral,2023-03-31,600690.SH,0.008764607679465769,0.03543307086614173,0.06921754084264832
Sector neutral,2023-03-31,000063.SZ,-0.004173622704507523,-0.05905511811023623,0.1827171109200344
Sector neutral,2023-03-31,000100.SZ,0.1126878130217028,-0.03937007874015748,-0.02794496990541702
Sector neutral,2023-03-31,000725.SZ,0.14190317195325539,0.05905511811023623,0.002149613069647469
Sector neutral,2023-03-31,002415.SZ,-0.018781302170283815,0.11811023622047245,-0.04299226139294927
Sector neutral,2023-03-31,600104.SH,0.1110183639398998,-0.08267716535433071,-0.1414445399828031
Sector neutral,2023-03-31,000625.SZ,-0.06427378964941569,-0.06299212598425198,0.0993121238177128
Sector neutral,2023-03-31,601633.SH,-0.07888146911519198,0.01574803149606299,0.03912295786758383
Sector neutral,2023-03-31,601766.SH,0.06573455759599331,0.04921259842519685,0.015047291487532245
Sector neutral,2023-03-31,601111.SH,-0.06573455759599331,-0.04921259842519685,-0.015047291487532245
Sector neutral,2023-03-31,601318.SH,-0.029215358931552582,-0.05905511811023623,0.007523645743766122
Sector neutral,2023-03-31,601398.SH,0.029215358931552582,0.05905511811023623,-0.007523645743766122
Sector neutral,2023-03-31,600028.SH,0.0073038397328881455,-0.029527559055118113,0.0677128116938951
Sector neutral,2023-03-31,601857.SH,-0.0073038397328881455,0.029527559055118113,-0.0677128116938951
Sector neutral,2023-03-31,600276.SH,0.0,0.0,0.0
Sector neutral,2023-03-31,002230.SZ,-0.09181969949916527,0.0,0.017196904557179715
Sector neutral,2023-03-31,002475.SZ,-0.033388981636060105,-0.11811023622047245,-0.05803955288048151
Sector neutral,2023-04-30,002371.SZ,-0.10224538893344025,0.03937007874015748,-0.05902513328255902
Sector neutral,2023-04-30,600309.SH,0.0,0.0,0.0
Sector neutral,2023-04-30,000333.SZ,0.03368083400160385,0.09448818897637795,-0.04798172124904797
Sector neutral,2023-04-30,600690.SH,0.005613472333600646,0.03543307086614173,-0.0613099771515613
Sector neutral,2023-04-30,000063.SZ,-0.01804330392943064,-0.05905511811023623,0.10091393754760089
Sector neutral,2023-04-30,000100.SZ,0.10825982357658377,-0.03937007874015748,-0.099009900990099
Sector neutral,2023-04-30,000725.SZ,0.13632718524458698,0.05905511811023623,0.02094440213252094
Sector neutral,2023-04-30,002415.SZ,-0.00400962309542904,0.11811023622047245,-0.005712109672505715
Sector neutral,2023-04-30,600104.SH,0.10384923817161186,-0.08267716535433071,-0.07463823305407462
Sector neutral,2023-04-30,000625.SZ,-0.06455493183640737,-0.06299212598425198,0.1386138613861386
Sector neutral,2023-04-30,601633.SH,-0.07858861267040897,0.01574803149606299,0.045316070068545315
Sector neutral,2023-04-30,601766.SH,0.0631515637530072,0.04921259842519685,0.046648895658796645
Sector neutral,2023-04-30,601111.SH,-0.0631515637530072,-0.04921259842519685,-0.046648895658796645
Sector neutral,2023-04-30,601318.SH,-0.028067361668003204,-0.05905511811023623,-0.0066641279512566634
Sector neutral,2023-04-30,601398.SH,0.028067361668003204,0.05905511811023623,0.0066641279512566634
Sector neutral,2023-04-30,600028.SH,0.021050521251002402,-0.029527559055118113,0.05331302361005331
Sector neutral,2023-04-30,601857.SH,-0.021050521251002402,0.029527559055118113,-0.05331302361005331
Sector neutral,2023-04-30,600276.SH,0.0,0.0,0.0
Sector neutral,2023-04-30,002230.SZ,-0.08821170809943865,0.0,0.08758568164508757
Sector neutral,2023-04-30,002475.SZ,-0.032076984763432244,-0.11811023622047245,-0.04569687738004569
Sector neutral,2023-05-31,002371.SZ,-0.10638297872340424,0.03937007874015748,0.0211864406779661
Sector neutral,2023-05-31,600309.SH,0.0,0.0,0.0
Sector neutral,2023-05-31,000333.SZ,0.03436988543371522,0.09448818897637795,0.03813559322033898
Sector neutral,2023-05-31,600690.SH,0.005728314238952541,0.03543307086614173,-0.025423728813559324
Sector neutral,2023-05-31,000063.SZ,-0.020458265139116204,-0.05905511811023623,0.1059322033898305
Sector neutral,2023-05-31,000100.SZ,0.10842880523731586,-0.03937007874015748,-0.1059322033898305
Sector neutral,2023-05-31,000725.SZ,0.13707037643207853,0.05905511811023623,-0.0211864406779661
Sector neutral,2023-05-31,002415.SZ,0.008183306055646477,0.11811023622047245,0.0423728813559322
Sector neutral,2023-05-31,600104.SH,0.10597381342062193,-0.08267716535433071,-0.06779661016949153
Sector neutral,2023-05-31,000625.SZ,-0.0801963993453355,-0.06299212598425198,0.05932203389830508
Sector neutral,2023-05-31,601633.SH,-0.06587561374795416,0.01574803149606299,-0.004237288135593224
Sector neutral,2023-05-31,601766.SH,0.05728314238952536,0.04921259842519685,0.05296610169491525
Sector neutral,2023-05-31,601111.SH,-0.05728314238952536,-0.04921259842519685,-0.05296610169491525
Sector neutral,2023-05-31,601318.SH,-0.02864157119476268,-0.05905511811023623,0.0423728813559322
Sector neutral,2023-05-31,601398.SH,0.02864157119476268,0.05905511811023623,-0.0423728813559322
Sector neutral,2023-05-31,600028.SH,0.01432078559738134,-0.029527559055118113,0.01059322033898305
Sector neutral,2023-05-31,601857.SH,-0.01432078559738134,0.029527559055118113,-0.01059322033898305
Sector neutral,2023-05-31,600276.SH,0.0,0.0,0.0
Sector neutral,2023-05-31,002230.SZ,-0.0920621931260229,0.0,0.1271186440677966
Sector neutral,2023-05-31,002475.SZ,-0.03477905073649754,-0.11811023622047245,-0.1694915254237288
Sector neutral,2023-06-30,002371.SZ,-0.02476780185758515,0.12272534913245876,0.0050735667174023474
Sector neutral,2023-06-30,600309.SH,0.0,0.0,0.0
Sector neutral,2023-06-30,000333.SZ,0.043343653250773995,0.05628438425730006,0.07813292744799595
Sector neutral,2023-06-30,600690.SH,0.021671826625386997,0.011849344054168442,0.04261796042617961
Sector neutral,2023-06-30,000063.SZ,-0.003095975232198151,0.04866694879390607,0.07610350076103502
Sector neutral,2023-06-30,000100.SZ,-0.08978328173374614,-0.11426153195090986,-0.06595636732623032
Sector neutral,2023-06-30,000725.SZ,0.08359133126934984,-0.05501481168006771,-0.030441400304413987
Sector neutral,2023-06-30,002415.SZ,0.06191950464396285,0.10791366906474822,-0.01268391679350582
Sector neutral,2023-06-30,600104.SH,0.08668730650154799,-0.09183241641980533,-0.0639269406392694
Sector neutral,2023-06-30,000625.SZ,-0.021671826625386997,0.02666102412187898,-0.010654490106544894
Sector neutral,2023-06-30,601633.SH,-0.13003095975232198,-0.0029623360135420974,-0.04616945712836123
Sector neutral,2023-06-30,601766.SH,0.13003095975232198,0.05924672027084216,0.13318112633181126
Sector neutral,2023-06-30,601111.SH,-0.13003095975232198,-0.05924672027084216,-0.13318112633181126
Sector neutral,2023-06-30,601318.SH,-0.010835913312693499,-0.02962336013542108,-0.008878741755454084
Sector neutral,2023-06-30,601398.SH,0.010835913312693499,0.02962336013542108,0.008878741755454084
Sector neutral,2023-06-30,600028.SH,-0.021671826625386997,-0.03702920016927635,0.02663622526636225
Sector neutral,2023-06-30,601857.SH,0.021671826625386997,0.03702920016927635,-0.02663622526636225
Sector neutral,2023-06-30,600276.SH,0.0,0.0,0.0
Sector neutral,2023-06-30,002230.SZ,-0.06811145510835914,-0.06982649174777825,0.12937595129375953
Sector neutral,2023-06-30,002475.SZ,0.040247678018575844,-0.04020313161235717,-0.10147133434804666
Sector neutral,2023-07-31,002371.SZ,-0.027173913043478257,0.12272534913245876,-0.030549898167006095
Sector neutral,2023-07-31,600309.SH,0.0,0.0,0.0
Sector neutral,2023-07-31,000333.SZ,0.054951690821256026,0.05628438425730006,0.11761710794297352
Sector neutral,2023-07-31,600690.SH,0.03381642512077294,0.011849344054168442,0.010692464358452133
Sector neutral,2023-07-31,000063.SZ,0.057367149758454104,0.04866694879390607,0.14765784114052954
Sector neutral,2023-07-31,000100.SZ,-0.09057971014492752,-0.11426153195090986,-0.06619144602851322
Sector neutral,2023-07-31,000725.SZ,0.0785024154589372,-0.05501481168006771,0.0050916496945010315
Sector neutral,2023-07-31,002415.SZ,0.015096618357487924,0.10791366906474822,-0.04837067209775966
Sector neutral,2023-07-31,600104.SH,0.07608695652173912,-0.09183241641980533,-0.06059063136456212
Sector neutral,2023-07-31,000625.SZ,-0.029589371980676335,0.02666102412187898,-0.04276985743380856
Sector neutral,2023-07-31,601633.SH,-0.13526570048309178,-0.0029623360135420974,-0.024949083503054997
Sector neutral,2023-07-31,601766.SH,0.12681159420289853,0.05924672027084216,0.10692464358452139
Sector neutral,2023-07-31,601111.SH,-0.12681159420289853,-0.05924672027084216,-0.10692464358452139
Sector neutral,2023-07-31,601318.SH,-0.010567632850241546,-0.02962336013542108,-0.008910386965376781
Sector neutral,2023-07-31,601398.SH,0.010567632850241546,0.02962336013542108,0.008910386965376781
Sector neutral,2023-07-31,600028.SH,-0.010567632850241546,-0.03702920016927635,0.008910386965376781
Sector neutral,2023-07-31,601857.SH,0.010567632850241546,0.03702920016927635,-0.008910386965376781
Sector neutral,2023-07-31,600276.SH,0.0,0.0,0.0
Sector neutral,2023-07-31,002230.SZ,-0.06944444444444443,-0.06982649174777825,0.09419551934826885
Sector neutral,2023-07-31,002475.SZ,0.036231884057971016,-0.04020313161235717,-0.10183299389002036
Sector neutral,2023-08-31,002371.SZ,-0.02672209026128266,0.12272534913245876,-0.08383791336748951
Sector neutral,2023-08-31,600309.SH,0.0,0.0,0.0
Sector neutral,2023-08-31,000333.SZ,0.049881235154394306,0.05628438425730006,0.09455053563111318
Sector neutral,2023-08-31,600690.SH,0.008313539192399057,0.011849344054168442,0.02934326967862133
Sector neutral,2023-08-31,000063.SZ,0.05641330166270784,0.04866694879390607,0.14438751746623196
Sector neutral,2023-08-31,000100.SZ,-0.08907363420427553,-0.11426153195090986,-0.034932463903120624
Sector neutral,2023-08-31,000725.SZ,0.07719714964370547,-0.05501481168006771,0.013972985561248262
Sector neutral,2023-08-31,002415.SZ,0.035629453681710214,0.10791366906474822,-0.0023288309268747007
Sector neutral,2023-08-31,600104.SH,0.09144893111638956,-0.09183241641980533,-0.06846762925011644
Sector neutral,2023-08-31,000625.SZ,-0.012470308788598568,0.02666102412187898,-0.05216581276199348
Sector neutral,2023-08-31,601633.SH,-0.1371733966745843,-0.0029623360135420974,-0.0032603632976245956
Sector neutral,2023-08-31,601766.SH,0.13509501187648457,0.05924672027084216,0.09781089892873777
Sector neutral,2023-08-31,601111.SH,-0.13509501187648457,-0.05924672027084216,-0.09781089892873777
Sector neutral,2023-08-31,601318.SH,-0.010391923990498812,-0.02962336013542108,-0.016301816488122962
Sector neutral,2023-08-31,601398.SH,0.010391923990498812,0.02962336013542108,0.016301816488122962
Sector neutral,2023-08-31,600028.SH,-0.020783847980997625,-0.03702920016927635,0.008150908244061481
Sector neutral,2023-08-31,601857.SH,0.020783847980997625,0.03702920016927635,-0.008150908244061481
Sector neutral,2023-08-31,600276.SH,0.0,0.0,0.0
Sector neutral,2023-08-31,002230.SZ,-0.0682897862232779,-0.06982649174777825,0.09548206800186307
Sector neutral,2023-08-31,002475.SZ,0.014845605700712592,-0.04020313161235717,-0.1327433628318584
Sector neutral,2023-09-30,002371.SZ,-0.026071842410196982,0.12272534913245876,-0.14875239923224567
Sector neutral,2023-09-30,600309.SH,0.0,0.0,0.0
Sector neutral,2023-09-30,000333.SZ,0.05272305909617612,0.05628438425730006,0.04030710172744722
Sector neutral,2023-09-30,600690.SH,0.012166859791425252,0.011849344054168442,-0.04366602687140114
Sector neutral,2023-09-30,000063.SZ,0.07531865585168018,0.04866694879390607,0.08637236084452973
Sector neutral,2023-09-30,000100.SZ,-0.08690614136732329,-0.11426153195090986,-0.0143953934740883
Sector neutral,2023-09-30,000725.SZ,0.05504055619930475,-0.05501481168006771,0.05278310940499039
Sector neutral,2023-09-30,002415.SZ,0.014484356894553884,0.10791366906474822,0.019193857965451047
Sector neutral,2023-09-30,600104.SH,0.09327925840092699,-0.09183241641980533,0.0067178502879078755
Sector neutral,2023-09-30,000625.SZ,-0.028389339513325614,0.02666102412187898,0.023512476007677547
Sector neutral,2023-09-30,601633.SH,-0.12977983777520277,-0.0029623360135420974,-0.02687140115163147
Sector neutral,2023-09-30,601766.SH,0.13180764774044032,0.05924672027084216,0.14275431861804222
Sector neutral,2023-09-30,601111.SH,-0.13180764774044032,-0.05924672027084216,-0.14275431861804222
Sector neutral,2023-09-30,601318.SH,-0.010139049826187716,-0.02962336013542108,-0.016794625719769675
Sector neutral,2023-09-30,601398.SH,0.010139049826187716,0.02962336013542108,0.016794625719769675
Sector neutral,2023-09-30,600028.SH,-0.020278099652375432,-0.03702920016927635,0.008397312859884837
Sector neutral,2023-09-30,601857.SH,0.020278099652375432,0.03702920016927635,-0.008397312859884837
Sector neutral,2023-09-30,600276.SH,0.0,0.0,0.0
Sector neutral,2023-09-30,002230.SZ,-0.06662804171494785,-0.06982649174777825,0.10316698656429941
Sector neutral,2023-09-30,002475.SZ,0.03476245654692932,-0.04020313161235717,-0.09836852207293667
Sector neutral,2023-10-31,002371.SZ,-0.031161473087818692,0.12272534913245876,-0.06524575902566335
Sector neutral,2023-10-31,600309.SH,0.0,0.0,0.0
Sector neutral,2023-10-31,000333.SZ,0.05949008498583569,0.05628438425730006,0.10047846889952153
Sector neutral,2023-10-31,600690.SH,0.019830028328611898,0.011849344054168442,-0.03653762505437147
Sector neutral,2023-10-31,000063.SZ,0.10764872521246459,0.04866694879390607,0.11744236624619399
Sector neutral,2023-10-31,000100.SZ,-0.09065155807365438,-0.11426153195090986,-0.03479773814702046
Sector neutral,2023-10-31,000725.SZ,0.0481586402266289,-0.05501481168006771,0.010874293170943877
Sector neutral,2023-10-31,002415.SZ,0.008498583569405103,0.10791366906474822,-0.019573727707699013
Sector neutral,2023-10-31,600104.SH,0.07932011331444759,-0.09183241641980533,0.0548064375815572
Sector neutral,2023-10-31,000625.SZ,-0.039660056657223795,0.02666102412187898,-0.05176163549369292
Sector neutral,2023-10-31,601633.SH,-0.11898016997167138,-0.0029623360135420974,-0.06698564593301436
Sector neutral,2023-10-31,601766.SH,0.12889518413597734,0.05924672027084216,0.12179208351457156
Sector neutral,2023-10-31,601111.SH,-0.12889518413597734,-0.05924672027084216,-0.12179208351457156
Sector neutral,2023-10-31,601318.SH,-0.009915014164305949,-0.02962336013542108,-0.015224010439321445
Sector neutral,2023-10-31,601398.SH,0.009915014164305949,0.02962336013542108,0.015224010439321445
Sector neutral,2023-10-31,600028.SH,-0.009915014164305949,-0.03702920016927635,-0.007612005219660723
Sector neutral,2023-10-31,601857.SH,0.009915014164305949,0.03702920016927635,0.007612005219660723
Sector neutral,2023-10-31,600276.SH,0.0,0.0,0.0
Sector neutral,2023-10-31,002230.SZ,-0.07082152974504248,-0.06982649174777825,0.07177033492822965
Sector neutral,2023-10-31,002475.SZ,0.028328611898017,-0.04020313161235717,-0.0804697694649848
Sector neutral,2023-11-30,002371.SZ,-0.0353356890459364,0.12272534913245876,-0.043859649122807015
Sector neutral,2023-11-30,600309.SH,0.0,0.0,0.0
Sector neutral,2023-11-30,000333.SZ,0.0636042402826855,0.05628438425730006,0.10818713450292397
Sector neutral,2023-11-30,600690.SH,0.02826855123674911,0.011849344054168442,-0.11111111111111109
Sector neutral,2023-11-30,000063.SZ,0.08833922261484099,0.04866694879390607,-0.014619883040935672
Sector neutral,2023-11-30,000100.SZ,-0.08833922261484099,-0.11426153195090986,-0.07309941520467836
Sector neutral,2023-11-30,000725.SZ,0.053003533568904596,-0.05501481168006771,0.029239766081871343
Sector neutral,2023-11-30,002415.SZ,0.0176678445229682,0.10791366906474822,0.07309941520467836
Sector neutral,2023-11-30,600104.SH,0.0812720848056537,-0.09183241641980533,0.005847953216374274
Sector neutral,2023-11-30,000625.SZ,-0.07773851590106008,0.02666102412187898,0.0935672514619883
Sector neutral,2023-11-30,601633.SH,-0.09540636042402827,-0.0029623360135420974,-0.09649122807017542
Sector neutral,2023-11-30,601766.SH,0.11484098939929328,0.05924672027084216,0.05847953216374269
Sector neutral,2023-11-30,601111.SH,-0.11484098939929328,-0.05924672027084216,-0.05847953216374269
Sector neutral,2023-11-30,601318.SH,-0.0088339222614841,-0.02962336013542108,-0.03654970760233918
Sector neutral,2023-11-30,601398.SH,0.0088339222614841,0.02962336013542108,0.03654970760233918
Sector neutral,2023-11-30,600028.SH,-0.0088339222614841,-0.03702920016927635,-0.007309941520467836
Sector neutral,2023-11-30,601857.SH,0.0088339222614841,0.03702920016927635,0.007309941520467836
Sector neutral,2023-11-30,600276.SH,0.0,0.0,0.0
Sector neutral,2023-11-30,002230.SZ,-0.0706713780918728,-0.06982649174777825,0.08771929824561403
Sector neutral,2023-11-30,002475.SZ,0.0353356890459364,-0.04020313161235717,-0.05847953216374269
Sector neutral,2023-12-31,002371.SZ,-0.027247956403269758,0.12272534913245876,-0.08179078777442962
Sector neutral,2023-12-31,600309.SH,0.0,0.0,0.0
Sector neutral,2023-12-31,000333.SZ,0.03814713896457766,0.05628438425730006,-0.012053379250968574
Sector neutral,2023-12-31,600690.SH,0.01907356948228883,0.011849344054168442,-0.08738699956952217
Sector neutral,2023-12-31,000063.SZ,0.08719346049046321,0.04866694879390607,-0.021523891519586745
Sector neutral,2023-12-31,000100.SZ,-0.08446866485013624,-0.11426153195090986,0.03874300473525613
Sector neutral,2023-12-31,000725.SZ,0.06811989100817438,-0.05501481168006771,0.023676280671545414
Sector neutral,2023-12-31,002415.SZ,0.029972752043596725,0.10791366906474822,0.008609556607834693
Sector neutral,2023-12-31,600104.SH,0.09536784741144413,-0.09183241641980533,0.003013344812742147
Sector neutral,2023-12-31,000625.SZ,-0.05722070844686648,0.02666102412187898,0.15368058544984933
Sector neutral,2023-12-31,601633.SH,-0.09536784741144413,-0.0029623360135420974,-0.05725355144210073
Sector neutral,2023-12-31,601766.SH,0.1335149863760218,0.05924672027084216,0.0753336203185536
Sector neutral,2023-12-31,601111.SH,-0.1335149863760218,-0.05924672027084216,-0.0753336203185536
Sector neutral,2023-12-31,601318.SH,-0.009536784741144414,-0.02962336013542108,-0.10546706844597505
Sector neutral,2023-12-31,601398.SH,0.009536784741144414,0.02962336013542108,0.10546706844597505
Sector neutral,2023-12-31,600028.SH,-0.01907356948228883,-0.03702920016927635,-0.02260008609556608
Sector neutral,2023-12-31,601857.SH,0.01907356948228883,0.03702920016927635,0.02260008609556608
Sector neutral,2023-12-31,600276.SH,0.0,0.0,0.0
Sector neutral,2023-12-31,002230.SZ,-0.06539509536784742,-0.06982649174777825,0.06887645286267757
Sector neutral,2023-12-31,002475.SZ,-0.008174386920980931,-0.04020313161235717,-0.036590615583297466
Sector neutral,2024-01-31,002371.SZ,-0.036661026508742235,0.12272534913245876,-0.029134917077543714
Sector neutral,2024-01-31,600309.SH,0.0,0.0,0.0
Sector neutral,2024-01-31,000333.SZ,0.0236886632825719,0.05628438425730006,0.0062752129090094194
Sector neutral,2024-01-31,600690.SH,-0.01579244218838129,0.011849344054168442,-0.08785298072613179
Sector neutral,2024-01-31,000063.SZ,0.16074450084602368,0.04866694879390607,-0.07619901389511431
Sector neutral,2024-01-31,000100.SZ,-0.09588268471517201,-0.11426153195090986,0.049305244285073956
Sector neutral,2024-01-31,000725.SZ,0.042301184433164135,-0.05501481168006771,0.002241147467503354
Sector neutral,2024-01-31,002415.SZ,-0.016920473773265644,0.10791366906474822,-0.04482294935006725
Sector neutral,2024-01-31,600104.SH,0.12239142695995486,-0.09183241641980533,-0.02510085163603765
Sector neutral,2024-01-31,000625.SZ,-0.035532994923857884,0.02666102412187898,0.14746750336172124
Sector neutral,2024-01-31,601633.SH,-0.09475465313028766,-0.0029623360135420974,-0.04078888390856118
Sector neutral,2024-01-31,601766.SH,0.10857304004512126,0.05924672027084216,0.07844016136261767
Sector neutral,2024-01-31,601111.SH,-0.10857304004512126,-0.05924672027084216,-0.07844016136261767
Sector neutral,2024-01-31,601318.SH,-0.009870276367738297,-0.02962336013542108,-0.10981622590766474
Sector neutral,2024-01-31,601398.SH,0.009870276367738297,0.02962336013542108,0.10981622590766474
Sector neutral,2024-01-31,600028.SH,-0.009870276367738297,-0.03702920016927635,-0.007844016136261768
Sector neutral,2024-01-31,601857.SH,0.009870276367738297,0.03702920016927635,0.007844016136261768
Sector neutral,2024-01-31,600276.SH,0.0,0.0,0.0
Sector neutral,2024-01-31,002230.SZ,-0.07614213197969542,-0.06982649174777825,0.0649932765575975
Sector neutral,2024-01-31,002475.SZ,0.02256063169768754,-0.04020313161235717,0.033617212012550426
Sector neutral,2024-02-29,002371.SZ,-0.026962252846015576,0.12272534913245876,0.04711425206124853
Sector neutral,2024-02-29,600309.SH,0.0,0.0,0.0
Sector neutral,2024-02-29,000333.SZ,0.050329538645895754,0.05628438425730006,0.10718492343934041
Sector neutral,2024-02-29,600690.SH,0.008388256440982633,0.011849344054168442,-0.08519827247742441
Sector neutral,2024-02-29,000063.SZ,0.09886159376872379,0.04866694879390607,-0.007852375343541418
Sector neutral,2024-02-29,000100.SZ,-0.08987417615338526,-0.11426153195090986,0.0745975657636435
Sector neutral,2024-02-29,000725.SZ,0.05692031156381067,-0.05501481168006771,-0.06281900274833137
Sector neutral,2024-02-29,002415.SZ,-0.005991611743559015,0.10791366906474822,-0.021594032194738905
Sector neutral,2024-02-29,600104.SH,0.11324146195326544,-0.09183241641980533,-0.030231645072634462
Sector neutral,2024-02-29,000625.SZ,-0.05452366686638705,0.02666102412187898,0.07970160973694543
Sector neutral,2024-02-29,601633.SH,-0.11743559017375674,-0.0029623360135420974,-0.07145661562622692
Sector neutral,2024-02-29,601766.SH,0.1153385260635111,0.05924672027084216,0.07557911268158618
Sector neutral,2024-02-29,601111.SH,-0.1153385260635111,-0.05924672027084216,-0.07557911268158618
Sector neutral,2024-02-29,601318.SH,-0.010485320551228281,-0.02962336013542108,-0.10306242638398115
Sector neutral,2024-02-29,601398.SH,0.010485320551228281,0.02962336013542108,0.10306242638398115
Sector neutral,2024-02-29,600028.SH,-0.010485320551228281,-0.03702920016927635,-0.006870828425598744
Sector neutral,2024-02-29,601857.SH,0.010485320551228281,0.03702920016927635,0.006870828425598744
Sector neutral,2024-02-29,600276.SH,0.0,0.0,0.0
Sector neutral,2024-02-29,002230.SZ,-0.06890353505092871,-0.06982649174777825,-0.03533568904593639
Sector neutral,2024-02-29,002475.SZ,0.03594967046135411,-0.04020313161235717,0.00588928150765607
Sector neutral,2024-03-31,002371.SZ,-0.03303964757709251,0.12272534913245876,0.03402722177742194
Sector neutral,2024-03-31,600309.SH,0.0,0.0,0.0
Sector neutral,2024-03-31,000333.SZ,0.0501101321585903,0.05628438425730006,0.09527622097678144
Sector neutral,2024-03-31,600690.SH,0.030837004405286337,0.011849344054168442,-0.01681345076060848
Sector neutral,2024-03-31,000063.SZ,0.10187224669603524,0.04866694879390607,-0.0500400320256205
Sector neutral,2024-03-31,000100.SZ,-0.0908590308370044,-0.11426153195090986,0.11809447558046439
Sector neutral,2024-03-31,000725.SZ,0.0633259911894273,-0.05501481168006771,-0.022017614091273015
Sector neutral,2024-03-31,002415.SZ,0.005506607929515416,0.10791366906474822,-0.07806244995996797
Sector neutral,2024-03-31,600104.SH,0.1079295154185022,-0.09183241641980533,0.011208967173739003
Sector neutral,2024-03-31,000625.SZ,-0.06552863436123349,0.02666102412187898,0.039231385108086485
Sector neutral,2024-03-31,601633.SH,-0.12334801762114538,-0.0029623360135420974,-0.1289031224979984
Sector neutral,2024-03-31,601766.SH,0.09636563876651982,0.05924672027084216,0.08406725380304245
Sector neutral,2024-03-31,601111.SH,-0.09636563876651982,-0.05924672027084216,-0.08406725380304245
Sector neutral,2024-03-31,601318.SH,-0.009636563876651983,-0.02962336013542108,-0.08406725380304245
Sector neutral,2024-03-31,601398.SH,0.009636563876651983,0.02962336013542108,0.08406725380304245
Sector neutral,2024-03-31,600028.SH,0.009636563876651983,-0.03702920016927635,-0.02802241793434748
Sector neutral,2024-03-31,601857.SH,-0.009636563876651983,0.03702920016927635,0.02802241793434748
Sector neutral,2024-03-31,600276.SH,0.0,0.0,0.0
Sector neutral,2024-03-31,002230.SZ,-0.07158590308370044,-0.06982649174777825,-0.008006405124099277
Sector neutral,2024-03-31,002475.SZ,0.02477973568281938,-0.04020313161235717,0.006004803843074464
Sector neutral,2024-04-30,002371.SZ,-0.03494623655913978,0.12272534913245876,0.04362670713201821
Sector neutral,2024-04-30,600309.SH,0.0,0.0,0.0
Sector neutral,2024-04-30,000333.SZ,0.05645161290322581,0.05628438425730006,0.06107738998482549
Sector neutral,2024-04-30,600690.SH,-0.03763440860215054,0.011849344054168442,0.03452200303490136
Sector neutral,2024-04-30,000063.SZ,0.13440860215053765,0.04866694879390607,-0.04931714719271624
Sector neutral,2024-04-30,000100.SZ,-0.0913978494623656,-0.11426153195090986,0.09673748103186645
Sector neutral,2024-04-30,000725.SZ,0.0403225806451613,-0.05501481168006771,-0.009484066767830047
Sector neutral,2024-04-30,002415.SZ,0.00268817204301076,0.10791366906474822,-0.07587253414264036
Sector neutral,2024-04-30,600104.SH,0.11290322580645162,-0.09183241641980533,-0.00531107738998483
Sector neutral,2024-04-30,000625.SZ,-0.01881720430107527,0.02666102412187898,0.047799696509863425
Sector neutral,2024-04-30,601633.SH,-0.11290322580645162,-0.0029623360135420974,-0.13808801213960548
Sector neutral,2024-04-30,601766.SH,0.11290322580645162,0.05924672027084216,0.07302731411229135
Sector neutral,2024-04-30,601111.SH,-0.11290322580645162,-0.05924672027084216,-0.07302731411229135
Sector neutral,2024-04-30,601318.SH,-0.009408602150537635,-0.02962336013542108,-0.07302731411229135
Sector neutral,2024-04-30,601398.SH,0.009408602150537635,0.02962336013542108,0.07302731411229135
Sector neutral,2024-04-30,600028.SH,0.009408602150537635,-0.03702920016927635,-0.03983308042488619
Sector neutral,2024-04-30,601857.SH,-0.009408602150537635,0.03702920016927635,0.03983308042488619
Sector neutral,2024-04-30,600276.SH,0.0,0.0,0.0
Sector neutral,2024-04-30,002230.SZ,-0.07258064516129033,-0.06982649174777825,-0.036039453717754175
Sector neutral,2024-04-30,002475.SZ,0.02150537634408603,-0.04020313161235717,0.030349013657056143
Sector neutral,2024-05-31,002371.SZ,-0.035616438356164376,0.12272534913245876,0.00728597449908925
Sector neutral,2024-05-31,600309.SH,0.0,0.0,0.0
Sector neutral,2024-05-31,000333.SZ,0.05753424657534247,0.05628438425730006,0.05100182149362477
Sector neutral,2024-05-31,600690.SH,-0.038356164383561646,0.011849344054168442,0.06375227686703096
Sector neutral,2024-05-31,000063.SZ,0.13698630136986303,0.04866694879390607,-0.056466302367941715
Sector neutral,2024-05-31,000100.SZ,-0.09315068493150686,-0.11426153195090986,0.1092896174863388
Sector neutral,2024-05-31,000725.SZ,0.041095890410958916,-0.05501481168006771,0.05828779599271402
Sector neutral,2024-05-31,002415.SZ,0.021917808219178093,0.10791366906474822,-0.04371584699453552
Sector neutral,2024-05-31,600104.SH,0.11506849315068494,-0.09183241641980533,0.0
Sector neutral,2024-05-31,000625.SZ,-0.019178082191780823,0.02666102412187898,-0.012750455373406192
Sector neutral,2024-05-31,601633.SH,-0.11506849315068494,-0.0029623360135420974,-0.10200364298724954
Sector neutral,2024-05-31,601766.SH,0.10547945205479453,0.05924672027084216,0.07012750455373407
Sector neutral,2024-05-31,601111.SH,-0.10547945205479453,-0.05924672027084216,-0.07012750455373407
Sector neutral,2024-05-31,601318.SH,-0.009589041095890411,-0.02962336013542108,-0.08925318761384335
Sector neutral,2024-05-31,601398.SH,0.009589041095890411,0.02962336013542108,0.08925318761384335
Sector neutral,2024-05-31,600028.SH,0.009589041095890411,-0.03702920016927635,-0.05100182149362477
Sector neutral,2024-05-31,601857.SH,-0.009589041095890411,0.03702920016927635,0.05100182149362477
Sector neutral,2024-05-31,600276.SH,0.0,0.0,0.0
Sector neutral,2024-05-31,002230.SZ,-0.07397260273972603,-0.06982649174777825,-0.0692167577413479
Sector neutral,2024-05-31,002475.SZ,0.0027397260273972677,-0.04020313161235717,-0.005464480874316943
Sector neutral,2024-06-30,002371.SZ,-0.0318287037037037,0.11582253631723596,-0.016898235073225683
Sector neutral,2024-06-30,600309.SH,0.0,0.0,0.0
Sector neutral,2024-06-30,000333.SZ,0.016203703703703717,0.05771495877502943,0.03680060082613595
Sector neutral,2024-06-30,600690.SH,-0.04456018518518517,0.016489988221436973,0.04994367254975592
Sector neutral,2024-06-30,000063.SZ,0.13020833333333334,0.04711425206124853,-0.06947052196770559
Sector neutral,2024-06-30,000100.SZ,-0.011574074074074068,-0.10404397330192383,0.08824633871573413
Sector neutral,2024-06-30,000725.SZ,-0.07233796296296295,-0.09030231645072634,0.022530980097634247
Sector neutral,2024-06-30,002415.SZ,0.04918981481481482,0.10208087946603848,-0.003755163349605706
Sector neutral,2024-06-30,600104.SH,0.09722222222222224,-0.06595995288574795,-0.055200901239203896
Sector neutral,2024-06-30,000625.SZ,0.05671296296296297,0.030231645072634462,0.01051445737889599
Sector neutral,2024-06-30,601633.SH,-0.1255787037037037,-0.03847663918335297,-0.042057829515583914
Sector neutral,2024-06-30,601766.SH,0.09114583333333333,0.05496662740478995,0.08542996620352986
Sector neutral,2024-06-30,601111.SH,-0.09114583333333333,-0.05496662740478995,-0.08542996620352986
Sector neutral,2024-06-30,601318.SH,-0.010127314814814815,-0.03435414212799372,-0.09857303792714983
Sector neutral,2024-06-30,601398.SH,0.010127314814814815,0.03435414212799372,0.09857303792714983
Sector neutral,2024-06-30,600028.SH,-0.02025462962962963,-0.04122497055359246,-0.04600075103266992
Sector neutral,2024-06-30,601857.SH,0.02025462962962963,0.04122497055359246,0.04600075103266992
Sector neutral,2024-06-30,600276.SH,0.0,0.0,0.0
Sector neutral,2024-06-30,002230.SZ,-0.09259259259259259,-0.049077345897133876,-0.08261359369132557
Sector neutral,2024-06-30,002475.SZ,0.02893518518518519,-0.021594032194738905,0.06196019526849418
Sector neutral,2024-07-31,002371.SZ,-0.03519061583577713,0.11582253631723596,0.06844626967830253
Sector neutral,2024-07-31,600309.SH,0.0,0.0,0.0
Sector neutral,2024-07-31,000333.SZ,0.020527859237536656,0.05771495877502943,0.033538672142368255
Sector neutral,2024-07-31,600690.SH,-0.04105571847507331,0.016489988221436973,0.05749486652977414
Sector neutral,2024-07-31,000063.SZ,0.12903225806451613,0.04711425206124853,-0.0752908966461328
Sector neutral,2024-07-31,000100.SZ,-0.014662756598240472,-0.10404397330192383,0.032511978097193694
Sector neutral,2024-07-31,000725.SZ,-0.05571847507331378,-0.09030231645072634,-0.003422313483915136
Sector neutral,2024-07-31,002415.SZ,0.046920821114369494,0.10208087946603848,-0.01540041067761808
Sector neutral,2024-07-31,600104.SH,0.08211143695014662,-0.06595995288574795,-0.05030800821355236
Sector neutral,2024-07-31,000625.SZ,0.06158357771260997,0.030231645072634462,-0.02635181382614647
Sector neutral,2024-07-31,601633.SH,-0.12316715542521994,-0.03847663918335297,-0.014373716632443525
Sector neutral,2024-07-31,601766.SH,0.09237536656891496,0.05496662740478995,0.07186858316221767
Sector neutral,2024-07-31,601111.SH,-0.09237536656891496,-0.05496662740478995,-0.07186858316221767
Sector neutral,2024-07-31,601318.SH,-0.010263929618768328,-0.03435414212799372,-0.10181382614647502
Sector neutral,2024-07-31,601398.SH,0.010263929618768328,0.03435414212799372,0.10181382614647502
Sector neutral,2024-07-31,600028.SH,-0.030791788856304986,-0.04122497055359246,-0.053901437371663245
Sector neutral,2024-07-31,601857.SH,0.030791788856304986,0.04122497055359246,0.053901437371663245
Sector neutral,2024-07-31,600276.SH,0.0,0.0,0.0
Sector neutral,2024-07-31,002230.SZ,-0.0967741935483871,-0.049077345897133876,-0.08726899383983575
Sector neutral,2024-07-31,002475.SZ,0.026392961876832842,-0.021594032194738905,0.08042436687200546
Sector neutral,2024-08-31,002371.SZ,-0.03957783641160951,0.11582253631723596,0.11163125675189053
Sector neutral,2024-08-31,600309.SH,0.0,0.0,0.0
Sector neutral,2024-08-31,000333.SZ,0.018469656992084433,0.05771495877502943,0.08570399711919338
Sector neutral,2024-08-31,600690.SH,-0.036939313984168866,0.016489988221436973,0.03528988116672669
Sector neutral,2024-08-31,000063.SZ,0.14511873350923482,0.04711425206124853,-0.05221462009362621
Sector neutral,2024-08-31,000100.SZ,-0.021108179419525076,-0.10404397330192383,0.010803024846957155
Sector neutral,2024-08-31,000725.SZ,-0.058047493403693945,-0.09030231645072634,-0.0018005041411595184
Sector neutral,2024-08-31,002415.SZ,0.05277044854881266,0.10208087946603848,-0.03961109110550954
Sector neutral,2024-08-31,600104.SH,0.07387862796833773,-0.06595995288574795,-0.015124234785739998
Sector neutral,2024-08-31,000625.SZ,0.0554089709762533,0.030231645072634462,-0.027727763773856672
Sector neutral,2024-08-31,601633.SH,-0.1108179419525066,-0.03847663918335297,-0.07814187972632336
Sector neutral,2024-08-31,601766.SH,0.07387862796833773,0.05496662740478995,0.10082823190493338
Sector neutral,2024-08-31,601111.SH,-0.07387862796833773,-0.05496662740478995,-0.10082823190493338
Sector neutral,2024-08-31,601318.SH,-0.009234828496042216,-0.03435414212799372,-0.08192293842275837
Sector neutral,2024-08-31,601398.SH,0.009234828496042216,0.03435414212799372,0.08192293842275837
Sector neutral,2024-08-31,600028.SH,-0.0554089709762533,-0.04122497055359246,0.012603528988116673
Sector neutral,2024-08-31,601857.SH,0.0554089709762533,0.04122497055359246,-0.012603528988116673
Sector neutral,2024-08-31,600276.SH,0.0,0.0,0.0
Sector neutral,2024-08-31,002230.SZ,-0.09498680738786282,-0.049077345897133876,-0.09002520705797623
Sector neutral,2024-08-31,002475.SZ,0.015831134564643794,-0.021594032194738905,0.06121714079942384
Sector neutral,2024-09-30,002371.SZ,-0.03461128860489882,0.11582253631723596,0.08674531575294933
Sector neutral,2024-09-30,600309.SH,0.0,0.0,0.0
Sector neutral,2024-09-30,000333.SZ,-0.014909478168264123,0.05771495877502943,0.09472588480222069
Sector neutral,2024-09-30,600690.SH,-0.03354632587859426,0.016489988221436973,0.03400416377515615
Sector neutral,2024-09-30,000063.SZ,0.13312034078807242,0.04711425206124853,-0.05898681471200556
Sector neutral,2024-09-30,000100.SZ,-0.015974440894568682,-0.10404397330192383,0.0017349063150589807
Sector neutral,2024-09-30,000725.SZ,-0.053248136315228956,-0.09030231645072634,0.013879250520471889
Sector neutral,2024-09-30,002415.SZ,0.03993610223642173,0.10208087946603848,-0.046842470506592654
Sector neutral,2024-09-30,600104.SH,0.09691160809371671,-0.06595995288574795,-0.07529493407356003
Sector neutral,2024-09-30,000625.SZ,0.05963791267305643,0.030231645072634462,-0.014573213046495481
Sector neutral,2024-09-30,601633.SH,-0.10809371671991481,-0.03847663918335297,-0.038861901457321296
Sector neutral,2024-09-30,601766.SH,0.08386581469648562,0.05496662740478995,0.0789382373351839
Sector neutral,2024-09-30,601111.SH,-0.08386581469648562,-0.05496662740478995,-0.0789382373351839
Sector neutral,2024-09-30,601318.SH,-0.027955271565495207,-0.03435414212799372,-0.07286606523247745
Sector neutral,2024-09-30,601398.SH,0.027955271565495207,0.03435414212799372,0.07286606523247745
Sector neutral,2024-09-30,600028.SH,-0.03727369542066027,-0.04122497055359246,0.006072172102706454
Sector neutral,2024-09-30,601857.SH,0.03727369542066027,0.04122497055359246,-0.006072172102706454
Sector neutral,2024-09-30,600276.SH,0.0,0.0,0.0
Sector neutral,2024-09-30,002230.SZ,-0.09052183173588924,-0.049077345897133876,-0.10756419153365719
Sector neutral,2024-09-30,002475.SZ,0.021299254526091594,-0.021594032194738905,0.11103400416377515
Sector neutral,2024-10-31,002371.SZ,-0.03385416666666666,0.11582253631723596,0.0733652312599681
Sector neutral,2024-10-31,600309.SH,0.0,0.0,0.0
Sector neutral,2024-10-31,000333.SZ,-0.018229166666666664,0.05771495877502943,0.1116427432216906
Sector neutral,2024-10-31,600690.SH,-0.03645833333333333,0.016489988221436973,0.08931419457735247
Sector neutral,2024-10-31,000063.SZ,0.11197916666666667,0.04711425206124853,-0.027113237639553433
Sector neutral,2024-10-31,000100.SZ,-0.015624999999999991,-0.10404397330192383,0.0063795853269537454
Sector neutral,2024-10-31,000725.SZ,-0.05208333333333332,-0.09030231645072634,0.03987240829346092
Sector neutral,2024-10-31,002415.SZ,0.05729166666666667,0.10208087946603848,-0.07177033492822966
Sector neutral,2024-10-31,600104.SH,0.09114583333333333,-0.06595995288574795,-0.07814992025518341
Sector neutral,2024-10-31,000625.SZ,0.07291666666666666,0.030231645072634462,-0.0558213716108453
Sector neutral,2024-10-31,601633.SH,-0.10937499999999999,-0.03847663918335297,-0.06698564593301436
Sector neutral,2024-10-31,601766.SH,0.07291666666666666,0.05496662740478995,0.0558213716108453
Sector neutral,2024-10-31,601111.SH,-0.07291666666666666,-0.05496662740478995,-0.0558213716108453
Sector neutral,2024-10-31,601318.SH,-0.03645833333333333,-0.03435414212799372,-0.03349282296650718
Sector neutral,2024-10-31,601398.SH,0.03645833333333333,0.03435414212799372,0.03349282296650718
Sector neutral,2024-10-31,600028.SH,-0.03645833333333333,-0.04122497055359246,0.02791068580542265
Sector neutral,2024-10-31,601857.SH,0.03645833333333333,0.04122497055359246,-0.02791068580542265
Sector neutral,2024-10-31,600276.SH,0.0,0.0,0.0
Sector neutral,2024-10-31,002230.SZ,-0.08854166666666666,-0.049077345897133876,-0.08293460925039872
Sector neutral,2024-10-31,002475.SZ,0.02083333333333334,-0.021594032194738905,0.06220095693779904
Sector neutral,2024-11-30,002371.SZ,-0.03403465346534653,0.11582253631723596,0.09094216078574026
Sector neutral,2024-11-30,600309.SH,0.0,0.0,0.0
Sector neutral,2024-11-30,000333.SZ,0.012995049504950488,0.05771495877502943,0.13495816660603854
Sector neutral,2024-11-30,600690.SH,-0.03032178217821783,0.016489988221436973,0.07129865405602037
Sector neutral,2024-11-30,000063.SZ,0.11757425742574258,0.04711425206124853,-0.010913059294288839
Sector neutral,2024-11-30,000100.SZ,-0.012376237623762372,-0.10404397330192383,0.027282648235722073
Sector neutral,2024-11-30,000725.SZ,-0.05569306930693069,-0.09030231645072634,0.0018188432157147988
Sector neutral,2024-11-30,002415.SZ,0.052599009900990104,0.10208087946603848,-0.1000363768643143
Sector neutral,2024-11-30,600104.SH,0.03465346534653465,-0.06595995288574795,-0.06875227355401965
Sector neutral,2024-11-30,000625.SZ,0.09962871287128712,0.030231645072634462,-0.10694798108403056
Sector neutral,2024-11-30,601633.SH,-0.11695544554455446,-0.03847663918335297,-0.030556566024008733
Sector neutral,2024-11-30,601766.SH,0.09746287128712872,0.05496662740478995,0.1018552200800291
Sector neutral,2024-11-30,601111.SH,-0.09746287128712872,-0.05496662740478995,-0.1018552200800291
Sector neutral,2024-11-30,601318.SH,-0.02165841584158416,-0.03435414212799372,-0.012731902510003638
Sector neutral,2024-11-30,601398.SH,0.02165841584158416,0.03435414212799372,0.012731902510003638
Sector neutral,2024-11-30,600028.SH,-0.03248762376237624,-0.04122497055359246,0.019097853765005456
Sector neutral,2024-11-30,601857.SH,0.03248762376237624,0.04122497055359246,-0.019097853765005456
Sector neutral,2024-11-30,600276.SH,0.0,0.0,0.0
Sector neutral,2024-11-30,002230.SZ,-0.099009900990099,-0.049077345897133876,-0.04910876682429975
Sector neutral,2024-11-30,002475.SZ,0.030940594059405947,-0.021594032194738905,0.04001455074572571
Sector neutral,2024-12-31,002371.SZ,-0.031867431485022316,0.11582253631723596,0.14501160092807422
Sector neutral,2024-12-31,600309.SH,0.0,0.0,0.0
Sector neutral,2024-12-31,000333.SZ,-0.013384321223709361,0.05771495877502943,0.10286156225831397
Sector neutral,2024-12-31,600690.SH,0.031230082855321868,0.016489988221436973,0.07579273008507345
Sector neutral,2024-12-31,000063.SZ,0.05736137667304014,0.04711425206124853,0.009667440061871604
Sector neutral,2024-12-31,000100.SZ,-0.009560229445506697,-0.10404397330192383,-0.003866976024748656
Sector neutral,2024-12-31,000725.SZ,-0.05417463352453793,-0.09030231645072634,0.023201856148491865
Sector neutral,2024-12-31,002415.SZ,0.10197578075207138,0.10208087946603848,-0.09860788863109048
Sector neutral,2024-12-31,600104.SH,0.008922880815806254,-0.06595995288574795,0.03518948182521267
Sector neutral,2024-12-31,000625.SZ,0.09815168897386871,0.030231645072634462,-0.12722351121423045
Sector neutral,2024-12-31,601633.SH,-0.12492033142128743,-0.03847663918335297,-0.08662026295436967
Sector neutral,2024-12-31,601766.SH,0.10038240917782026,0.05496662740478995,0.0676720804331013
Sector neutral,2024-12-31,601111.SH,-0.10038240917782026,-0.05496662740478995,-0.0676720804331013
Sector neutral,2024-12-31,601318.SH,-0.022307202039515615,-0.03435414212799372,-0.02706883217324052
Sector neutral,2024-12-31,601398.SH,0.022307202039515615,0.03435414212799372,0.02706883217324052
Sector neutral,2024-12-31,600028.SH,-0.04461440407903123,-0.04122497055359246,0.01353441608662026
Sector neutral,2024-12-31,601857.SH,0.04461440407903123,0.04122497055359246,-0.01353441608662026
Sector neutral,2024-12-31,600276.SH,0.0,0.0,0.0
Sector neutral,2024-12-31,002230.SZ,-0.09878903760356916,-0.049077345897133876,-0.058004640371229696
Sector neutral,2024-12-31,002475.SZ,0.03505417463352453,-0.021594032194738905,-0.017401392111368916
Sector neutral,2025-01-31,002371.SZ,-0.029431000654022235,0.11582253631723596,0.08967851099830795
Sector neutral,2025-01-31,600309.SH,0.0,0.0,0.0
Sector neutral,2025-01-31,000333.SZ,-0.013734466971877036,0.05771495877502943,0.09475465313028765
Sector neutral,2025-01-31,600690.SH,0.009156311314584704,0.016489988221436973,0.03553299492385787
Sector neutral,2025-01-31,000063.SZ,0.06213211249182473,0.04711425206124853,0.05414551607445008
Sector neutral,2025-01-31,000100.SZ,-0.006540222367560494,-0.10404397330192383,-0.02876480541455161
Sector neutral,2025-01-31,000725.SZ,-0.052321778940483975,-0.09030231645072634,-0.0050761421319796985
Sector neutral,2025-01-31,002415.SZ,0.08502289077828647,0.10208087946603848,-0.1116751269035533
Sector neutral,2025-01-31,600104.SH,0.03204708960104644,-0.06595995288574795,0.0
Sector neutral,2025-01-31,000625.SZ,0.10071942446043167,0.030231645072634462,-0.1065989847715736
Sector neutral,2025-01-31,601633.SH,-0.12818835840418574,-0.03847663918335297,-0.023688663282571912
Sector neutral,2025-01-31,601766.SH,0.1144538914323087,0.05496662740478995,0.07698815566835872
Sector neutral,2025-01-31,601111.SH,-0.1144538914323087,-0.05496662740478995,-0.07698815566835872
Sector neutral,2025-01-31,601318.SH,-0.02289077828646174,-0.03435414212799372,-0.047377326565143825
Sector neutral,2025-01-31,601398.SH,0.02289077828646174,0.03435414212799372,0.047377326565143825
Sector neutral,2025-01-31,600028.SH,-0.03433616742969261,-0.04122497055359246,0.03553299492385787
Sector neutral,2025-01-31,601857.SH,0.03433616742969261,0.04122497055359246,-0.03553299492385787
Sector neutral,2025-01-31,600276.SH,0.0,0.0,0.0
Sector neutral,2025-01-31,002230.SZ,-0.09810333551340746,-0.049077345897133876,-0.06429780033840948
Sector neutral,2025-01-31,002475.SZ,0.039241334205362986,-0.021594032194738905,0.06598984771573603
Sector neutral,2025-02-28,002371.SZ,-0.029431000654022235,0.11582253631723596,0.05855685681904042
Sector neutral,2025-02-28,600309.SH,0.0,0.0,0.0
Sector neutral,2025-02-28,000333.SZ,-0.013734466971877036,0.05771495877502943,0.09520211560256893
Sector neutral,2025-02-28,600690.SH,0.009156311314584704,0.016489988221436973,0.04231205137891952
Sector neutral,2025-02-28,000063.SZ,0.06213211249182473,0.04711425206124853,0.07177937287495277
Sector neutral,2025-02-28,000100.SZ,-0.006540222367560494,-0.10404397330192383,-0.034000755572346046
Sector neutral,2025-02-28,000725.SZ,-0.052321778940483975,-0.09030231645072634,0.005666792595391012
Sector neutral,2025-02-28,002415.SZ,0.08502289077828647,0.10208087946603848,-0.12655836796373252
Sector neutral,2025-02-28,600104.SH,0.03204708960104644,-0.06595995288574795,0.015867019267094815
Sector neutral,2025-02-28,000625.SZ,0.10071942446043167,0.030231645072634462,-0.10313562523611636
Sector neutral,2025-02-28,601633.SH,-0.12818835840418574,-0.03847663918335297,-0.05024556101246695
Sector neutral,2025-02-28,601766.SH,0.1144538914323087,0.05496662740478995,0.04627880619569324
Sector neutral,2025-02-28,601111.SH,-0.1144538914323087,-0.05496662740478995,-0.04627880619569324
Sector neutral,2025-02-28,601318.SH,-0.02289077828646174,-0.03435414212799372,-0.01983377408386853
Sector neutral,2025-02-28,601398.SH,0.02289077828646174,0.03435414212799372,0.01983377408386853
Sector neutral,2025-02-28,600028.SH,-0.03433616742969261,-0.04122497055359246,0.03305629013978088
Sector neutral,2025-02-28,601857.SH,0.03433616742969261,0.04122497055359246,-0.03305629013978088
Sector neutral,2025-02-28,600276.SH,0.0,0.0,0.0
Sector neutral,2025-02-28,002230.SZ,-0.09810333551340746,-0.049077345897133876,-0.08689081979599546
Sector neutral,2025-02-28,002475.SZ,0.039241334205362986,-0.021594032194738905,0.11144692104268983
Sector neutral,2025-03-31,002371.SZ,-0.029620853080568728,0.11582253631723596,0.09103019538188278
Sector neutral,2025-03-31,600309.SH,0.0,0.0,0.0
Sector neutral,2025-03-31,000333.SZ,-0.045616113744075815,0.05771495877502943,0.06838365896980463
Sector neutral,2025-03-31,600690.SH,0.0165876777251185,0.016489988221436973,0.03730017761989343
Sector neutral,2025-03-31,000063.SZ,0.0947867298578199,0.04711425206124853,0.05994671403197159
Sector neutral,2025-03-31,000100.SZ,-0.008886255924170621,-0.10404397330192383,-0.06438721136767317
Sector neutral,2025-03-31,000725.SZ,-0.05035545023696683,-0.09030231645072634,-0.03330373001776198
Sector neutral,2025-03-31,002415.SZ,0.05331753554502369,0.10208087946603848,-0.11101243339253995
Sector neutral,2025-03-31,600104.SH,0.037322274881516605,-0.06595995288574795,0.006216696269982244
Sector neutral,2025-03-31,000625.SZ,0.09952606635071092,0.030231645072634462,-0.1336589698046181
Sector neutral,2025-03-31,601633.SH,-0.10781990521327013,-0.03847663918335297,0.02175843694493784
Sector neutral,2025-03-31,601766.SH,0.11404028436018958,0.05496662740478995,0.06216696269982238
Sector neutral,2025-03-31,601111.SH,-0.11404028436018958,-0.05496662740478995,-0.06216696269982238
Sector neutral,2025-03-31,601318.SH,-0.020734597156398103,-0.03435414212799372,-0.02331261101243339
Sector neutral,2025-03-31,601398.SH,0.020734597156398103,0.03435414212799372,0.02331261101243339
Sector neutral,2025-03-31,600028.SH,-0.03110189573459716,-0.04122497055359246,0.02331261101243339
Sector neutral,2025-03-31,601857.SH,0.03110189573459716,0.04122497055359246,-0.02331261101243339
Sector neutral,2025-03-31,600276.SH,0.0,0.0,0.0
Sector neutral,2025-03-31,002230.SZ,-0.09182464454976304,-0.049077345897133876,-0.04884547069271758
Sector neutral,2025-03-31,002475.SZ,0.03258293838862559,-0.021594032194738905,0.10657193605683837
Sector neutral,2025-04-30,002371.SZ,-0.05229517722254503,0.11582253631723596,0.07125307125307125
Sector neutral,2025-04-30,600309.SH,0.0,0.0,0.0
Sector neutral,2025-04-30,000333.SZ,-0.0284718187100523,0.05771495877502943,0.1203931203931204
Sector neutral,2025-04-30,600690.SH,0.012202208018593834,0.016489988221436973,-0.0171990171990172
Sector neutral,2025-04-30,000063.SZ,0.11040092969203952,0.04711425206124853,0.05405405405405405
Sector neutral,2025-04-30,000100.SZ,-0.01162115049389889,-0.10404397330192383,-0.11793611793611795
Sector neutral,2025-04-30,000725.SZ,-0.03195816385822196,-0.09030231645072634,-0.08353808353808355
Sector neutral,2025-04-30,002415.SZ,0.049389889599070314,0.10208087946603848,-0.06633906633906635
Sector neutral,2025-04-30,600104.SH,0.0325392213829169,-0.06595995288574795,0.0171990171990172
Sector neutral,2025-04-30,000625.SZ,0.0935502614758861,0.030231645072634462,-0.1203931203931204
Sector neutral,2025-04-30,601633.SH,-0.10981987216734458,-0.03847663918335297,0.0
Sector neutral,2025-04-30,601766.SH,0.0915165601394538,0.05496662740478995,0.0515970515970516
Sector neutral,2025-04-30,601111.SH,-0.0915165601394538,-0.05496662740478995,-0.0515970515970516
Sector neutral,2025-04-30,601318.SH,-0.04067402672864614,-0.03435414212799372,-0.0171990171990172
Sector neutral,2025-04-30,601398.SH,0.04067402672864614,0.03435414212799372,0.0171990171990172
Sector neutral,2025-04-30,600028.SH,-0.04067402672864614,-0.04122497055359246,0.0257985257985258
Sector neutral,2025-04-30,601857.SH,0.04067402672864614,0.04122497055359246,-0.0257985257985258
Sector neutral,2025-04-30,600276.SH,0.0,0.0,0.0
Sector neutral,2025-04-30,002230.SZ,-0.09296920395119117,-0.049077345897133876,0.01965601965601965
Sector neutral,2025-04-30,002475.SZ,0.029052876234747244,-0.021594032194738905,0.12285012285012285
Sector neutral,2025-05-31,002371.SZ,-0.05005561735261401,0.11582253631723596,0.1356285863328117
Sector neutral,2025-05-31,600309.SH,0.0,0.0,0.0
Sector neutral,2025-05-31,000333.SZ,-0.042825361512791975,0.05771495877502943,0.12415232133541994
Sector neutral,2025-05-31,600690.SH,0.015572858731924374,0.016489988221436973,-0.11319770474700051
Sector neutral,2025-05-31,000063.SZ,0.10567296996662959,0.04711425206124853,0.06259780907668232
Sector neutral,2025-05-31,000100.SZ,-0.01112347052280311,-0.10404397330192383,-0.010432968179447048
Sector neutral,2025-05-31,000725.SZ,-0.03058954393770856,-0.09030231645072634,-0.06520605112154407
Sector neutral,2025-05-31,002415.SZ,0.04727474972191324,0.10208087946603848,-0.1199791340636411
Sector neutral,2025-05-31,600104.SH,0.03503893214682982,-0.06595995288574795,0.08763693270735526
Sector neutral,2025-05-31,000625.SZ,0.09343715239154617,0.030231645072634462,-0.04016692749087114
Sector neutral,2025-05-31,601633.SH,-0.10122358175750833,-0.03847663918335297,-0.05842462180490348
Sector neutral,2025-05-31,601766.SH,0.09733036707452725,0.05496662740478995,0.027386541471048513
Sector neutral,2025-05-31,601111.SH,-0.09733036707452725,-0.05496662740478995,-0.027386541471048513
Sector neutral,2025-05-31,601318.SH,-0.0389321468298109,-0.03435414212799372,-0.018257694314032343
Sector neutral,2025-05-31,601398.SH,0.0389321468298109,0.03435414212799372,0.018257694314032343
Sector neutral,2025-05-31,600028.SH,-0.0389321468298109,-0.04122497055359246,0.018257694314032343
Sector neutral,2025-05-31,601857.SH,0.0389321468298109,0.04122497055359246,-0.018257694314032343
Sector neutral,2025-05-31,600276.SH,0.0,0.0,0.0
Sector neutral,2025-05-31,002230.SZ,-0.0889877641824249,-0.049077345897133876,0.026082420448617635
Sector neutral,2025-05-31,002475.SZ,0.02780867630700779,-0.021594032194738905,-0.02869066249347939
Sector neutral,2025-06-30,002371.SZ,-0.014979029358897547,0.10869565217391305,0.09433962264150943
Sector neutral,2025-06-30,600309.SH,0.0,0.0,0.0
Sector neutral,2025-06-30,000333.SZ,0.050329538645895754,0.07608695652173914,0.11635220125786164
Sector neutral,2025-06-30,600690.SH,0.11324146195326544,0.035326086956521736,-0.0880503144654088
Sector neutral,2025-06-30,000063.SZ,0.06890353505092871,0.04076086956521739,0.06289308176100629
Sector neutral,2025-06-30,000100.SZ,-0.03594967046135411,-0.09510869565217392,0.015723270440251572
Sector neutral,2025-06-30,000725.SZ,0.005991611743559015,-0.05434782608695653,-0.06289308176100629
Sector neutral,2025-06-30,002415.SZ,0.026962252846015576,0.09510869565217392,-0.031446540880503145
Sector neutral,2025-06-30,600104.SH,-0.18034751348112643,-0.10054347826086958,0.0849056603773585
Sector neutral,2025-06-30,000625.SZ,-0.01258238466147393,-0.03260869565217392,-0.04088050314465408
Sector neutral,2025-06-30,601633.SH,0.029358897543439195,0.021739130434782605,-0.07232704402515723
Sector neutral,2025-06-30,601766.SH,0.1153385260635111,0.05434782608695653,-0.023584905660377357
Sector neutral,2025-06-30,601111.SH,-0.1153385260635111,-0.05434782608695653,0.023584905660377357
Sector neutral,2025-06-30,601318.SH,-0.010485320551228281,-0.027173913043478264,-0.015723270440251572
Sector neutral,2025-06-30,601398.SH,0.010485320551228281,0.027173913043478264,0.015723270440251572
Sector neutral,2025-06-30,600028.SH,-0.03145596165368484,-0.04076086956521739,0.055031446540880505
Sector neutral,2025-06-30,601857.SH,0.03145596165368484,0.04076086956521739,-0.055031446540880505
Sector neutral,2025-06-30,600276.SH,0.0,0.0,0.0
Sector neutral,2025-06-30,002230.SZ,-0.09886159376872379,-0.06793478260869566,0.031446540880503145
Sector neutral,2025-06-30,002475.SZ,0.04793289394847214,-0.027173913043478264,-0.11006289308176101
Sector neutral,2025-07-31,002371.SZ,-0.014261266400456362,0.10869565217391305,0.07280413339596055
Sector neutral,2025-07-31,600309.SH,0.0,0.0,0.0
Sector neutral,2025-07-31,000333.SZ,0.07586993725042784,0.07608695652173914,0.15782057303898545
Sector neutral,2025-07-31,600690.SH,0.09583571021106675,0.035326086956521736,-0.03945514325974637
Sector neutral,2025-07-31,000063.SZ,0.06560182544209925,0.04076086956521739,0.03992484734617192
Sector neutral,2025-07-31,000100.SZ,-0.034227039361095266,-0.09510869565217392,0.023485204321277597
Sector neutral,2025-07-31,000725.SZ,0.005704506560182542,-0.05434782608695653,-0.02583372475340535
Sector neutral,2025-07-31,002415.SZ,0.025670279520821446,0.09510869565217392,-0.05871301080319398
Sector neutral,2025-07-31,600104.SH,-0.1836851112378779,-0.10054347826086958,0.042743071864725216
Sector neutral,2025-07-31,000625.SZ,-0.02395892755276667,-0.03260869565217392,-0.08877407233442931
Sector neutral,2025-07-31,601633.SH,0.03593839132915004,0.021739130434782605,-0.072334429309535
Sector neutral,2025-07-31,601766.SH,0.10981175128351398,0.05434782608695653,-0.04109910756223579
Sector neutral,2025-07-31,601111.SH,-0.10981175128351398,-0.05434782608695653,0.04109910756223579
Sector neutral,2025-07-31,601318.SH,-0.009982886480319452,-0.027173913043478264,0.008219821512447158
Sector neutral,2025-07-31,601398.SH,0.009982886480319452,0.027173913043478264,-0.008219821512447158
Sector neutral,2025-07-31,600028.SH,-0.029948659440958356,-0.04076086956521739,-0.05753875058713011
Sector neutral,2025-07-31,601857.SH,0.029948659440958356,0.04076086956521739,0.05753875058713011
Sector neutral,2025-07-31,600276.SH,0.0,0.0,0.0
Sector neutral,2025-07-31,002230.SZ,-0.09412435824301198,-0.06793478260869566,0.05636449037106623
Sector neutral,2025-07-31,002475.SZ,0.04563605248146035,-0.027173913043478264,-0.10803193987787693
Sector neutral,2025-08-31,002371.SZ,-0.01577287066246057,0.10869565217391305,0.09497549019607844
Sector neutral,2025-08-31,600309.SH,0.0,0.0,0.0
Sector neutral,2025-08-31,000333.SZ,0.06624605678233439,0.07608695652173914,0.0814950980392157
Sector neutral,2025-08-31,600690.SH,0.11041009463722398,0.035326086956521736,-0.04718137254901959
Sector neutral,2025-08-31,000063.SZ,0.02839116719242902,0.04076086956521739,0.03063725490196079
Sector neutral,2025-08-31,000100.SZ,-0.03785488958990536,-0.09510869565217392,0.00919117647058824
Sector neutral,2025-08-31,000725.SZ,0.006309148264984224,-0.05434782608695653,-0.05514705882352941
Sector neutral,2025-08-31,002415.SZ,0.0725552050473186,0.09510869565217392,-0.012254901960784308
Sector neutral,2025-08-31,600104.SH,-0.19873817034700317,-0.10054347826086958,0.10294117647058826
Sector neutral,2025-08-31,000625.SZ,0.022082018927444796,-0.03260869565217392,-0.0042892156862744946
Sector neutral,2025-08-31,601633.SH,0.0,0.021739130434782605,-0.1329656862745098
Sector neutral,2025-08-31,601766.SH,0.11041009463722398,0.05434782608695653,-0.010723039215686275
Sector neutral,2025-08-31,601111.SH,-0.11041009463722398,-0.05434782608695653,0.010723039215686275
Sector neutral,2025-08-31,601318.SH,-0.011041009463722398,-0.027173913043478264,-0.010723039215686275
Sector neutral,2025-08-31,601398.SH,0.011041009463722398,0.027173913043478264,0.010723039215686275
Sector neutral,2025-08-31,600028.SH,-0.022082018927444796,-0.04076086956521739,-0.0428921568627451
Sector neutral,2025-08-31,601857.SH,0.022082018927444796,0.04076086956521739,0.0428921568627451
Sector neutral,2025-08-31,600276.SH,0.0,0.0,0.0
Sector neutral,2025-08-31,002230.SZ,-0.10410094637223975,-0.06793478260869566,0.116421568627451
Sector neutral,2025-08-31,002475.SZ,0.050473186119873815,-0.027173913043478264,-0.18382352941176472
Sector neutral,2025-09-30,002371.SZ,-0.03785488958990536,0.10869565217391305,0.09287925696594428
Sector neutral,2025-09-30,600309.SH,0.0,0.0,0.0
Sector neutral,2025-09-30,000333.SZ,0.06624605678233439,0.07608695652173914,0.06811145510835914
Sector neutral,2025-09-30,600690.SH,0.11041009463722398,0.035326086956521736,-0.07120743034055728
Sector neutral,2025-09-30,000063.SZ,0.050473186119873815,0.04076086956521739,0.061919504643962855
Sector neutral,2025-09-30,000100.SZ,-0.01577287066246057,-0.09510869565217392,-0.04643962848297214
Sector neutral,2025-09-30,000725.SZ,0.02839116719242902,-0.05434782608695653,-0.09287925696594428
Sector neutral,2025-09-30,002415.SZ,0.0725552050473186,0.09510869565217392,-0.061919504643962855
Sector neutral,2025-09-30,600104.SH,-0.19873817034700317,-0.10054347826086958,0.09907120743034058
Sector neutral,2025-09-30,000625.SZ,0.022082018927444796,-0.03260869565217392,-0.05572755417956656
Sector neutral,2025-09-30,601633.SH,0.0,0.021739130434782605,-0.04024767801857585
Sector neutral,2025-09-30,601766.SH,0.11041009463722398,0.05434782608695653,0.015479876160990714
Sector neutral,2025-09-30,601111.SH,-0.11041009463722398,-0.05434782608695653,-0.015479876160990714
Sector neutral,2025-09-30,601318.SH,-0.011041009463722398,-0.027173913043478264,-0.03869969040247678
Sector neutral,2025-09-30,601398.SH,0.011041009463722398,0.027173913043478264,0.03869969040247678
Sector neutral,2025-09-30,600028.SH,-0.022082018927444796,-0.04076086956521739,-0.07739938080495357
Sector neutral,2025-09-30,601857.SH,0.022082018927444796,0.04076086956521739,0.07739938080495357
Sector neutral,2025-09-30,600276.SH,0.0,0.0,0.0
Sector neutral,2025-09-30,002230.SZ,-0.10410094637223975,-0.06793478260869566,0.04643962848297214
Sector neutral,2025-09-30,002475.SZ,0.006309148264984224,-0.027173913043478264,0.0
Sector neutral,2025-10-31,002371.SZ,-0.0164257555847569,0.10869565217391305,0.08279337652987762
Sector neutral,2025-10-31,600309.SH,0.0,0.0,0.0
Sector neutral,2025-10-31,000333.SZ,0.055190538764783185,0.07608695652173914,0.0529157667386609
Sector neutral,2025-10-31,600690.SH,0.1011826544021025,0.035326086956521736,-0.0730741540676746
Sector neutral,2025-10-31,000063.SZ,0.07555847568988174,0.04076086956521739,0.04499640028797696
Sector neutral,2025-10-31,000100.SZ,-0.03942181340341656,-0.09510869565217392,-0.13138948884089274
Sector neutral,2025-10-31,000725.SZ,0.029566360052562413,-0.05434782608695653,-0.06839452843772499
Sector neutral,2025-10-31,002415.SZ,0.052562417871222074,0.09510869565217392,-0.017998560115190788
Sector neutral,2025-10-31,600104.SH,-0.19776609724047303,-0.10054347826086958,0.06551475881929446
Sector neutral,2025-10-31,000625.SZ,0.009198423127463872,-0.03260869565217392,-0.03527717782577395
Sector neutral,2025-10-31,601633.SH,0.03219448094612353,0.021739130434782605,-0.010079193664506849
Sector neutral,2025-10-31,601766.SH,0.11498028909329829,0.05434782608695653,-0.0503959683225342
Sector neutral,2025-10-31,601111.SH,-0.11498028909329829,-0.05434782608695653,0.0503959683225342
Sector neutral,2025-10-31,601318.SH,-0.011498028909329829,-0.027173913043478264,-0.05669546436285097
Sector neutral,2025-10-31,601398.SH,0.011498028909329829,0.027173913043478264,0.05669546436285097
Sector neutral,2025-10-31,600028.SH,-0.011498028909329829,-0.04076086956521739,-0.05669546436285097
Sector neutral,2025-10-31,601857.SH,0.011498028909329829,0.04076086956521739,0.05669546436285097
Sector neutral,2025-10-31,600276.SH,0.0,0.0,0.0
Sector neutral,2025-10-31,002230.SZ,-0.10840998685939553,-0.06793478260869566,0.03239740820734341
Sector neutral,2025-10-31,002475.SZ,0.006570302233902757,-0.027173913043478264,0.05759539236861051
Sector neutral,2025-11-30,002371.SZ,-0.037197768133911964,0.10869565217391305,0.0625782227784731
Sector neutral,2025-11-30,600309.SH,0.0,0.0,0.0
Sector neutral,2025-11-30,000333.SZ,0.039057656540607576,0.07608695652173914,0.10513141426783479
Sector neutral,2025-11-30,600690.SH,0.10415375077495351,0.035326086956521736,0.017521902377972465
Sector neutral,2025-11-30,000063.SZ,0.04959702417854928,0.04076086956521739,0.018773466833541936
Sector neutral,2025-11-30,000100.SZ,-0.015499070055796654,-0.09510869565217392,-0.09803921568627448
Sector neutral,2025-11-30,000725.SZ,0.027898326100433968,-0.05434782608695653,-0.08343763037129744
Sector neutral,2025-11-30,002415.SZ,0.0712957222566646,0.09510869565217392,0.004171881518564883
Sector neutral,2025-11-30,600104.SH,-0.19962802231866086,-0.10054347826086958,0.002920317062995413
Sector neutral,2025-11-30,000625.SZ,-0.004339739615623047,-0.03260869565217392,-0.0554860241969128
Sector neutral,2025-11-30,601633.SH,0.06075635461872289,0.021739130434782605,-0.07008760951188985
Sector neutral,2025-11-30,601766.SH,0.10849349039057656,0.05434782608695653,0.021902377972465577
Sector neutral,2025-11-30,601111.SH,-0.10849349039057656,-0.05434782608695653,-0.021902377972465577
Sector neutral,2025-11-30,601318.SH,-0.010849349039057656,-0.027173913043478264,-0.043804755944931155
Sector neutral,2025-11-30,601398.SH,0.010849349039057656,0.027173913043478264,0.043804755944931155
Sector neutral,2025-11-30,600028.SH,-0.02169869807811531,-0.04076086956521739,-0.11681268251981643
Sector neutral,2025-11-30,601857.SH,0.02169869807811531,0.04076086956521739,0.11681268251981643
Sector neutral,2025-11-30,600276.SH,0.0,0.0,0.0
Sector neutral,2025-11-30,002230.SZ,-0.1022938623682579,-0.06793478260869566,-0.010429703796412169
Sector neutral,2025-11-30,002475.SZ,0.006199628022318658,-0.027173913043478264,0.10638297872340426
Sector neutral,2025-12-31,002371.SZ,-0.014854426619132503,0.10869565217391305,0.09611533840608731
Sector neutral,2025-12-31,600309.SH,0.0,0.0,0.0
Sector neutral,2025-12-31,000333.SZ,0.037433155080213915,0.07608695652173914,0.09531437725270324
Sector neutral,2025-12-31,600690.SH,0.09982174688057041,0.035326086956521736,0.06728073688426112
Sector neutral,2025-12-31,000063.SZ,0.0683303624480095,0.04076086956521739,0.026031237484981987
Sector neutral,2025-12-31,000100.SZ,-0.035650623885918005,-0.09510869565217392,-0.12815378454144974
Sector neutral,2025-12-31,000725.SZ,0.0267379679144385,-0.05434782608695653,-0.058069683620344405
Sector neutral,2025-12-31,002415.SZ,0.047534165181224,0.09510869565217392,-0.0020024028834601452
Sector neutral,2025-12-31,600104.SH,-0.1913250148544266,-0.10054347826086958,-0.0869042851421706
Sector neutral,2025-12-31,000625.SZ,-0.004159239453357086,-0.03260869565217392,-0.030837004405286347
Sector neutral,2025-12-31,601633.SH,0.05822935234699941,0.021739130434782605,-0.044853824589507416
Sector neutral,2025-12-31,601766.SH,0.12477718360071301,0.05434782608695653,-0.0210252302763316
Sector neutral,2025-12-31,601111.SH,-0.12477718360071301,-0.05434782608695653,0.0210252302763316
Sector neutral,2025-12-31,601318.SH,-0.010398098633392751,-0.027173913043478264,-0.02803364036844213
Sector neutral,2025-12-31,601398.SH,0.010398098633392751,0.027173913043478264,0.02803364036844213
Sector neutral,2025-12-31,600028.SH,-0.020796197266785502,-0.04076086956521739,-0.0841009211053264
Sector neutral,2025-12-31,601857.SH,0.020796197266785502,0.04076086956521739,0.0841009211053264
Sector neutral,2025-12-31,600276.SH,0.0,0.0,0.0
Sector neutral,2025-12-31,002230.SZ,-0.09803921568627451,-0.06793478260869566,-0.01601922306768121
Sector neutral,2025-12-31,002475.SZ,0.005941770647652998,-0.027173913043478264,0.08209851822186624
Sector neutral,2026-01-31,002371.SZ,-0.025163563160543537,0.10869565217391305,0.14379084967320263
Sector neutral,2026-01-31,600309.SH,0.0,0.0,0.0
Sector neutral,2026-01-31,000333.SZ,0.007045797684952195,0.07608695652173914,0.10675381263616558
Sector neutral,2026-01-31,600690.SH,0.07750377453447409,0.035326086956521736,0.015250544662309368
Sector neutral,2026-01-31,000063.SZ,0.06290890790135882,0.04076086956521739,-0.02396514161220043
Sector neutral,2026-01-31,000100.SZ,-0.04277805737292401,-0.09510869565217392,-0.11546840958605664
Sector neutral,2026-01-31,000725.SZ,0.010065425264217408,-0.05434782608695653,-0.06971677559912853
Sector neutral,2026-01-31,002415.SZ,0.04529441368897835,0.09510869565217392,0.006535947712418304
Sector neutral,2026-01-31,600104.SH,-0.16909914443885254,-0.10054347826086958,-0.07625272331154684
Sector neutral,2026-01-31,000625.SZ,0.024660291897332667,-0.03260869565217392,0.0
Sector neutral,2026-01-31,601633.SH,0.05988928032209361,0.021739130434782605,-0.04575163398692811
Sector neutral,2026-01-31,601766.SH,0.12330145948666331,0.05434782608695653,-0.08387799564270153
Sector neutral,2026-01-31,601111.SH,-0.12330145948666331,-0.05434782608695653,0.08387799564270153
Sector neutral,2026-01-31,601318.SH,-0.008807247106190236,-0.027173913043478264,0.022875816993464054
Sector neutral,2026-01-31,601398.SH,0.008807247106190236,0.027173913043478264,-0.022875816993464054
Sector neutral,2026-01-31,600028.SH,-0.05284348263714142,-0.04076086956521739,-0.05337690631808279
Sector neutral,2026-01-31,601857.SH,0.05284348263714142,0.04076086956521739,0.05337690631808279
Sector neutral,2026-01-31,600276.SH,0.0,0.0,0.0
Sector neutral,2026-01-31,002230.SZ,-0.07800704579768496,-0.06793478260869566,-0.008714596949891063
Sector neutral,2026-01-31,002475.SZ,0.02767991947659788,-0.027173913043478264,0.06753812636165578
Sector neutral,2026-02-28,002371.SZ,-0.027268220128904307,0.10869565217391305,0.11768901569186876
Sector neutral,2026-02-28,600309.SH,0.0,0.0,0.0
Sector neutral,2026-02-28,000333.SZ,0.006941001487357467,0.07608695652173914,0.11982881597717546
Sector neutral,2026-02-28,600690.SH,0.07635101636093208,0.035326086956521736,0.04493580599144079
Sector neutral,2026-02-28,000063.SZ,0.0768468021814576,0.04076086956521739,-0.05706134094151212
Sector neutral,2026-02-28,000100.SZ,-0.04462072384729796,-0.09510869565217392,-0.019614835948644792
Sector neutral,2026-02-28,000725.SZ,0.007436787307882998,-0.05434782608695653,-0.04457917261055634
Sector neutral,2026-02-28,002415.SZ,0.0421417947446703,0.09510869565217392,-0.03209700427960057
Sector neutral,2026-02-28,600104.SH,-0.16658403569657906,-0.10054347826086958,-0.04243937232524965
Sector neutral,2026-02-28,000625.SZ,0.02429350520575112,-0.03260869565217392,-0.0674037089871612
Sector neutral,2026-02-28,601633.SH,0.05899851264253842,0.021739130434782605,-0.05492154065620543
Sector neutral,2026-02-28,601766.SH,0.12146752602875557,0.05434782608695653,-0.08113409415121256
Sector neutral,2026-02-28,601111.SH,-0.12146752602875557,-0.05434782608695653,0.08113409415121256
Sector neutral,2026-02-28,601318.SH,-0.008676251859196826,-0.027173913043478264,0.04992867332382311
Sector neutral,2026-02-28,601398.SH,0.008676251859196826,0.027173913043478264,-0.04992867332382311
Sector neutral,2026-02-28,600028.SH,-0.05205751115518096,-0.04076086956521739,-0.043687589158345225
Sector neutral,2026-02-28,601857.SH,0.05205751115518096,0.04076086956521739,0.043687589158345225
Sector neutral,2026-02-28,600276.SH,0.0,0.0,0.0
Sector neutral,2026-02-28,002230.SZ,-0.07932573128408527,-0.06793478260869566,-0.0071326676176890124
Sector neutral,2026-02-28,002475.SZ,0.024789291026276652,-0.027173913043478264,0.0427960057061341
Sector neutral,2026-03-31,002371.SZ,-0.035616438356164376,0.10869565217391305,0.14925373134328357
Sector neutral,2026-03-31,600309.SH,0.0,0.0,0.0
Sector neutral,2026-03-31,000333.SZ,-0.01917808219178082,0.07608695652173914,0.13930348258706468
Sector neutral,2026-03-31,600690.SH,0.0958904109589041,0.035326086956521736,-0.003165988240615109
Sector neutral,2026-03-31,000063.SZ,0.07945205479452055,0.04076086956521739,-0.05653550429669832
Sector neutral,2026-03-31,000100.SZ,-0.016438356164383553,-0.09510869565217392,-0.024875621890547258
Sector neutral,2026-03-31,000725.SZ,0.0027397260273972672,-0.05434782608695653,-0.04070556309362279
Sector neutral,2026-03-31,002415.SZ,0.04109589041095891,0.09510869565217392,-0.07236544549977385
Sector neutral,2026-03-31,600104.SH,-0.1917808219178082,-0.10054347826086958,-0.018995929443690638
Sector neutral,2026-03-31,000625.SZ,0.07671232876712328,-0.03260869565217392,-0.0506558118498417
Sector neutral,2026-03-31,601633.SH,0.03835616438356164,0.021739130434782605,-0.06648575305291723
Sector neutral,2026-03-31,601766.SH,0.11506849315068493,0.05434782608695653,-0.07123473541383989
Sector neutral,2026-03-31,601111.SH,-0.11506849315068493,-0.05434782608695653,0.07123473541383989
Sector neutral,2026-03-31,601318.SH,-0.00958904109589041,-0.027173913043478264,0.06331976481230212
Sector neutral,2026-03-31,601398.SH,0.00958904109589041,0.027173913043478264,-0.06331976481230212
Sector neutral,2026-03-31,600028.SH,-0.01917808219178082,-0.04076086956521739,-0.03165988240615106
Sector neutral,2026-03-31,601857.SH,0.01917808219178082,0.04076086956521739,0.03165988240615106
Sector neutral,2026-03-31,600276.SH,0.0,0.0,0.0
Sector neutral,2026-03-31,002230.SZ,-0.09315068493150684,-0.06793478260869566,0.006784260515603802
Sector neutral,2026-03-31,002475.SZ,0.02191780821917809,-0.027173913043478264,0.03844414292175486
Sector neutral,2026-04-30,002371.SZ,-0.04724409448818897,0.10869565217391305,0.08368200836820083
Sector neutral,2026-04-30,600309.SH,0.0,0.0,0.0
Sector neutral,2026-04-30,000333.SZ,-0.01837270341207349,0.07608695652173914,0.15295211529521155
Sector neutral,2026-04-30,600690.SH,0.09186351706036745,0.035326086956521736,-0.026034402603440254
Sector neutral,2026-04-30,000063.SZ,0.08136482939632546,0.04076086956521739,-0.0790330079033008
Sector neutral,2026-04-30,000100.SZ,-0.028871391076115478,-0.09510869565217392,-0.03021850302185031
Sector neutral,2026-04-30,000725.SZ,0.02624671916010499,-0.05434782608695653,-0.04649000464900047
Sector neutral,2026-04-30,002415.SZ,0.044619422572178484,0.09510869565217392,0.018596001859600177
Sector neutral,2026-04-30,600104.SH,-0.1837270341207349,-0.10054347826086958,0.006508600650860071
Sector neutral,2026-04-30,000625.SZ,0.07349081364829396,-0.03260869565217392,-0.07484890748489074
Sector neutral,2026-04-30,601633.SH,0.03674540682414698,0.021739130434782605,-0.05857740585774058
Sector neutral,2026-04-30,601766.SH,0.11023622047244094,0.05434782608695653,-0.016271501627150162
Sector neutral,2026-04-30,601111.SH,-0.11023622047244094,-0.05434782608695653,0.016271501627150162
Sector neutral,2026-04-30,601318.SH,-0.009186351706036745,-0.027173913043478264,0.032543003254300325
Sector neutral,2026-04-30,601398.SH,0.009186351706036745,0.027173913043478264,-0.032543003254300325
Sector neutral,2026-04-30,600028.SH,0.01837270341207349,-0.04076086956521739,-0.07322175732217573
Sector neutral,2026-04-30,601857.SH,-0.01837270341207349,0.04076086956521739,0.07322175732217573
Sector neutral,2026-04-30,600276.SH,0.0,0.0,0.0
Sector neutral,2026-04-30,002230.SZ,-0.08398950131233596,-0.06793478260869566,-0.06276150627615064
Sector neutral,2026-04-30,002475.SZ,0.007874015748031501,-0.027173913043478264,0.11622501162250115
Sector neutral,2026-05-31,002371.SZ,-0.04550321199143469,0.10869565217391305,0.0703564727954972
Sector neutral,2026-05-31,600309.SH,0.0,0.0,0.0
Sector neutral,2026-05-31,000333.SZ,-0.02248394004282654,0.07608695652173914,0.14118198874296436
Sector neutral,2026-05-31,600690.SH,0.08993576017130622,0.035326086956521736,-0.022983114446529087
Sector neutral,2026-05-31,000063.SZ,0.06691648822269806,0.04076086956521739,-0.028142589118198863
Sector neutral,2026-05-31,000100.SZ,-0.026766595289079233,-0.09510869565217392,-0.0773921200750469
Sector neutral,2026-05-31,000725.SZ,0.029443254817987145,-0.05434782608695653,-0.044559099437148204
Sector neutral,2026-05-31,002415.SZ,0.04817987152034261,0.09510869565217392,0.037523452157598516
Sector neutral,2026-05-31,600104.SH,-0.19111349036402567,-0.10054347826086958,-0.03939962476547843
Sector neutral,2026-05-31,000625.SZ,0.07119914346895076,-0.03260869565217392,-0.07223264540337712
Sector neutral,2026-05-31,601633.SH,0.052462526766595304,0.021739130434782605,-0.006566604127579744
Sector neutral,2026-05-31,601766.SH,0.11241970021413276,0.05434782608695653,-0.03283302063789869
Sector neutral,2026-05-31,601111.SH,-0.11241970021413276,-0.05434782608695653,0.03283302063789869
Sector neutral,2026-05-31,601318.SH,-0.00936830835117773,-0.027173913043478264,0.016416510318949345
Sector neutral,2026-05-31,601398.SH,0.00936830835117773,0.027173913043478264,-0.016416510318949345
Sector neutral,2026-05-31,600028.SH,0.00936830835117773,-0.04076086956521739,-0.09849906191369606
Sector neutral,2026-05-31,601857.SH,-0.00936830835117773,0.04076086956521739,0.09849906191369606
Sector neutral,2026-05-31,600276.SH,0.0,0.0,0.0
Sector neutral,2026-05-31,002230.SZ,-0.08297644539614561,-0.06793478260869566,-0.06097560975609755
Sector neutral,2026-05-31,002475.SZ,0.010706638115631686,-0.027173913043478264,0.1031894934333959
Sector neutral,2026-06-30,002371.SZ,-0.0551470588235294,0.09101251422070536,0.0749063670411985
Sector neutral,2026-06-30,600309.SH,0.0,0.0,0.0
Sector neutral,2026-06-30,000333.SZ,-0.02573529411764704,0.07698141827834662,0.17696629213483148
Sector neutral,2026-06-30,600690.SH,0.08149509803921569,0.06370875995449375,-0.0032771535580524377
Sector neutral,2026-06-30,000063.SZ,0.030637254901960786,-0.028441410693970416,-0.023408239700374537
Sector neutral,2026-06-30,000100.SZ,0.052083333333333336,-0.08153204398938187,-0.08895131086142323
Sector neutral,2026-06-30,000725.SZ,-0.033700980392156854,-0.05498672734167614,-0.0070224719101123646
Sector neutral,2026-06-30,002415.SZ,0.07352941176470588,0.10428517254455821,0.00936329588014981
Sector neutral,2026-06-30,600104.SH,0.0386029411764706,-0.08229048160788774,-0.052434456928838954
Sector neutral,2026-06-30,000625.SZ,-0.09007352941176468,-0.05574516496018202,-0.08520599250936331
Sector neutral,2026-06-30,601633.SH,-0.004289215686274494,-0.002654531664770563,-0.036048689138576784
Sector neutral,2026-06-30,601766.SH,0.15012254901960784,0.059726962457337884,-0.040964419475655434
Sector neutral,2026-06-30,601111.SH,-0.15012254901960784,-0.059726962457337884,0.040964419475655434
Sector neutral,2026-06-30,601318.SH,0.010723039215686273,-0.026545316647705725,-0.016385767790262174
Sector neutral,2026-06-30,601398.SH,-0.010723039215686273,0.026545316647705725,0.016385767790262174
Sector neutral,2026-06-30,600028.SH,-0.05361519607843137,-0.06636329161926431,-0.09012172284644196
Sector neutral,2026-06-30,601857.SH,0.05361519607843137,0.06636329161926431,0.09012172284644196
Sector neutral,2026-06-30,600276.SH,0.0,0.0,0.0
Sector neutral,2026-06-30,002230.SZ,-0.07659313725490195,-0.04171406901782328,-0.05617977528089888
Sector neutral,2026-06-30,002475.SZ,0.009191176470588239,0.011376564277588175,0.09129213483146068
Sector neutral,2026-07-31,002371.SZ,-0.0578915295551493,0.09101251422070536,0.07507507507507509
Sector neutral,2026-07-31,600309.SH,0.0,0.0,0.0
Sector neutral,2026-07-31,000333.SZ,-0.03412553321145642,0.07698141827834662,0.18218218218218218
Sector neutral,2026-07-31,600690.SH,0.07251675807434492,0.06370875995449375,-0.010510510510510504
Sector neutral,2026-07-31,000063.SZ,0.006093845216331503,-0.028441410693970416,-0.06506506506506504
Sector neutral,2026-07-31,000100.SZ,0.0700792199878123,-0.08153204398938187,-0.012512512512512498
Sector neutral,2026-07-31,000725.SZ,-0.015234613040828765,-0.05498672734167614,0.057557557557557565
Sector neutral,2026-07-31,002415.SZ,0.048750761730652035,0.10428517254455821,0.022522522522522535
Sector neutral,2026-07-31,600104.SH,0.05118829981718465,-0.08229048160788774,-0.06306306306306306
Sector neutral,2026-07-31,000625.SZ,-0.07678244972577696,-0.05574516496018202,-0.08058058058058057
Sector neutral,2026-07-31,601633.SH,-0.012797074954296153,-0.002654531664770563,-0.02802802802802802
Sector neutral,2026-07-31,601766.SH,0.14929920780012187,0.059726962457337884,-0.035035035035035036
Sector neutral,2026-07-31,601111.SH,-0.14929920780012187,-0.059726962457337884,0.035035035035035036
Sector neutral,2026-07-31,601318.SH,0.010664229128580133,-0.026545316647705725,-0.026276276276276274
Sector neutral,2026-07-31,601398.SH,-0.010664229128580133,0.026545316647705725,0.026276276276276274
Sector neutral,2026-07-31,600028.SH,-0.06398537477148081,-0.06636329161926431,-0.06131131131131131
Sector neutral,2026-07-31,601857.SH,0.06398537477148081,0.06636329161926431,0.06131131131131131
Sector neutral,2026-07-31,600276.SH,0.0,0.0,0.0
Sector neutral,2026-07-31,002230.SZ,-0.07921998781230957,-0.04171406901782328,-0.1176176176176176
Sector neutral,2026-07-31,002475.SZ,0.02742230347349177,0.011376564277588175,0.040040040040040054
Sector neutral,2026-08-31,002371.SZ,-0.06156837329876863,0.09101251422070536,0.09184845005740529
Sector neutral,2026-08-31,600309.SH,0.0,0.0,0.0
Sector neutral,2026-08-31,000333.SZ,-0.04990278677900192,0.07698141827834662,0.16341370072713354
Sector neutral,2026-08-31,600690.SH,0.06351263771872975,0.06370875995449375,0.02946804439341753
Sector neutral,2026-08-31,000063.SZ,0.006480881399870379,-0.028441410693970416,-0.10907003444316876
Sector neutral,2026-08-31,000100.SZ,0.05184705119896305,-0.08153204398938187,-0.01530807500956754
Sector neutral,2026-08-31,000725.SZ,-0.01620220349967596,-0.05498672734167614,0.02487562189054727
Sector neutral,2026-08-31,002415.SZ,0.07453013609850939,0.10428517254455821,0.05166475315729048
Sector neutral,2026-08-31,600104.SH,0.04082955281918342,-0.08229048160788774,-0.0642939150401837
Sector neutral,2026-08-31,000625.SZ,-0.07258587167854826,-0.05574516496018202,-0.0776884806735553
Sector neutral,2026-08-31,601633.SH,0.018146467919637085,-0.002654531664770563,-0.05089934940681209
Sector neutral,2026-08-31,601766.SH,0.1474400518470512,0.059726962457337884,-0.026789131266743208
Sector neutral,2026-08-31,601111.SH,-0.1474400518470512,-0.059726962457337884,0.026789131266743208
Sector neutral,2026-08-31,601318.SH,0.011341542449773168,-0.026545316647705725,-0.020091848450057403
Sector neutral,2026-08-31,601398.SH,-0.011341542449773168,0.026545316647705725,0.020091848450057403
Sector neutral,2026-08-31,600028.SH,-0.056707712248865845,-0.06636329161926431,-0.053578262533486416
Sector neutral,2026-08-31,601857.SH,0.056707712248865845,0.06636329161926431,0.053578262533486416
Sector neutral,2026-08-31,600276.SH,0.0,0.0,0.0
Sector neutral,2026-08-31,002230.SZ,-0.08425145819831496,-0.04171406901782328,-0.08228090317642556
Sector neutral,2026-08-31,002475.SZ,0.029163966299416717,0.011376564277588175,0.03827018752391887
Sector neutral,2026-09-30,002371.SZ,-0.05993690851735016,0.09101251422070536,0.1054284432480933
Sector neutral,2026-09-30,600309.SH,0.0,0.0,0.0
Sector neutral,2026-09-30,000333.SZ,-0.04416403785488959,0.07698141827834662,0.19784656796769853
Sector neutral,2026-09-30,600690.SH,0.06624605678233439,0.06370875995449375,0.009421265141318972
Sector neutral,2026-09-30,000063.SZ,0.006309148264984224,-0.028441410693970416,-0.06729475100942128
Sector neutral,2026-09-30,000100.SZ,0.02839116719242902,-0.08153204398938187,-0.00448631673396143
Sector neutral,2026-09-30,000725.SZ,-0.01577287066246057,-0.05498672734167614,0.04262000897263346
Sector neutral,2026-09-30,002415.SZ,0.0725552050473186,0.10428517254455821,0.05832211754149842
Sector neutral,2026-09-30,600104.SH,0.022082018927444796,-0.08229048160788774,-0.06908927770300584
Sector neutral,2026-09-30,000625.SZ,-0.08832807570977919,-0.05574516496018202,-0.0847913862718708
Sector neutral,2026-09-30,601633.SH,0.04416403785488959,-0.002654531664770563,-0.05338716913414088
Sector neutral,2026-09-30,601766.SH,0.14353312302839116,0.059726962457337884,-0.00785105428443248
Sector neutral,2026-09-30,601111.SH,-0.14353312302839116,-0.059726962457337884,0.00785105428443248
Sector neutral,2026-09-30,601318.SH,0.011041009463722398,-0.026545316647705725,-0.023553162853297442
Sector neutral,2026-09-30,601398.SH,-0.011041009463722398,0.026545316647705725,0.023553162853297442
Sector neutral,2026-09-30,600028.SH,-0.05520504731861199,-0.06636329161926431,-0.05495737999102737
Sector neutral,2026-09-30,601857.SH,0.05520504731861199,0.06636329161926431,0.05495737999102737
Sector neutral,2026-09-30,600276.SH,0.0,0.0,0.0
Sector neutral,2026-09-30,002230.SZ,-0.08201892744479496,-0.04171406901782328,-0.08299685957828624
Sector neutral,2026-09-30,002475.SZ,0.050473186119873815,0.011376564277588175,-0.051592642440556315
