strategy,signal,sector,net_weight
Four-week equal factors,2024-12-31,Consumer Discretionary,0.2
Four-week equal factors,2024-12-31,Energy,0.06666666666666667
Four-week equal factors,2024-12-31,Financials,0.2666666666666667
Four-week equal factors,2024-12-31,Health Care,0.06666666666666667
Four-week equal factors,2024-12-31,Industrials,0.06666666666666667
Four-week equal factors,2024-12-31,Information Technology,0.2
Four-week equal factors,2024-12-31,Materials,0.13333333333333333
Four-week equal factors,2025-01-28,Consumer Discretionary,0.13333333333333333
Four-week equal factors,2025-01-28,Energy,0.13333333333333333
Four-week equal factors,2025-01-28,Financials,0.2666666666666667
Four-week equal factors,2025-01-28,Health Care,0.06666666666666667
Four-week equal factors,2025-01-28,Industrials,0.06666666666666667
Four-week equal factors,2025-01-28,Information Technology,0.26666666666666666
Four-week equal factors,2025-01-28,Materials,0.06666666666666667
Four-week equal factors,2025-02-25,Consumer Discretionary,0.13333333333333333
Four-week equal factors,2025-02-25,Energy,0.13333333333333333
Four-week equal factors,2025-02-25,Financials,0.2666666666666667
Four-week equal factors,2025-02-25,Health Care,0.06666666666666667
Four-week equal factors,2025-02-25,Industrials,0.0
Four-week equal factors,2025-02-25,Information Technology,0.3333333333333333
Four-week equal factors,2025-02-25,Materials,0.06666666666666667
Four-week equal factors,2025-03-25,Consumer Discretionary,0.06666666666666667
Four-week equal factors,2025-03-25,Energy,0.13333333333333333
Four-week equal factors,2025-03-25,Financials,0.33333333333333337
Four-week equal factors,2025-03-25,Health Care,0.06666666666666667
Four-week equal factors,2025-03-25,Industrials,0.0
Four-week equal factors,2025-03-25,Information Technology,0.3333333333333333
Four-week equal factors,2025-03-25,Materials,0.06666666666666667
Four-week equal factors,2025-04-22,Consumer Discretionary,0.06666666666666667
Four-week equal factors,2025-04-22,Energy,0.06666666666666667
Four-week equal factors,2025-04-22,Financials,0.33333333333333337
Four-week equal factors,2025-04-22,Health Care,0.06666666666666667
Four-week equal factors,2025-04-22,Industrials,0.0
Four-week equal factors,2025-04-22,Information Technology,0.3333333333333333
Four-week equal factors,2025-04-22,Materials,0.13333333333333333
Four-week equal factors,2025-05-20,Consumer Discretionary,0.06666666666666667
Four-week equal factors,2025-05-20,Energy,0.13333333333333333
Four-week equal factors,2025-05-20,Financials,0.2666666666666667
Four-week equal factors,2025-05-20,Health Care,0.13333333333333333
Four-week equal factors,2025-05-20,Industrials,0.0
Four-week equal factors,2025-05-20,Information Technology,0.26666666666666666
Four-week equal factors,2025-05-20,Materials,0.13333333333333333
Four-week equal factors,2025-06-17,Consumer Discretionary,0.13333333333333333
Four-week equal factors,2025-06-17,Energy,0.06666666666666667
Four-week equal factors,2025-06-17,Financials,0.33333333333333337
Four-week equal factors,2025-06-17,Health Care,0.13333333333333333
Four-week equal factors,2025-06-17,Industrials,0.0
Four-week equal factors,2025-06-17,Information Technology,0.2
Four-week equal factors,2025-06-17,Materials,0.13333333333333333
Four-week equal factors,2025-07-15,Consumer Discretionary,0.13333333333333333
Four-week equal factors,2025-07-15,Energy,0.06666666666666667
Four-week equal factors,2025-07-15,Financials,0.4000000000000001
Four-week equal factors,2025-07-15,Health Care,0.13333333333333333
Four-week equal factors,2025-07-15,Industrials,0.0
Four-week equal factors,2025-07-15,Information Technology,0.2
Four-week equal factors,2025-07-15,Materials,0.06666666666666667
Four-week equal factors,2025-08-12,Consumer Discretionary,0.13333333333333333
Four-week equal factors,2025-08-12,Energy,0.13333333333333333
Four-week equal factors,2025-08-12,Financials,0.4000000000000001
Four-week equal factors,2025-08-12,Health Care,0.13333333333333333
Four-week equal factors,2025-08-12,Industrials,0.0
Four-week equal factors,2025-08-12,Information Technology,0.2
Four-week equal factors,2025-08-12,Materials,0.0
Four-week equal factors,2025-09-09,Consumer Discretionary,0.06666666666666667
Four-week equal factors,2025-09-09,Energy,0.13333333333333333
Four-week equal factors,2025-09-09,Financials,0.4000000000000001
Four-week equal factors,2025-09-09,Health Care,0.13333333333333333
Four-week equal factors,2025-09-09,Industrials,0.0
Four-week equal factors,2025-09-09,Information Technology,0.26666666666666666
Four-week equal factors,2025-09-09,Materials,0.0
Four-week equal factors,2025-10-07,Consumer Discretionary,0.13333333333333333
Four-week equal factors,2025-10-07,Energy,0.13333333333333333
Four-week equal factors,2025-10-07,Financials,0.33333333333333337
Four-week equal factors,2025-10-07,Health Care,0.13333333333333333
Four-week equal factors,2025-10-07,Industrials,0.0
Four-week equal factors,2025-10-07,Information Technology,0.26666666666666666
Four-week equal factors,2025-10-07,Materials,0.0
Four-week equal factors,2025-11-04,Consumer Discretionary,0.06666666666666667
Four-week equal factors,2025-11-04,Energy,0.13333333333333333
Four-week equal factors,2025-11-04,Financials,0.33333333333333337
Four-week equal factors,2025-11-04,Health Care,0.13333333333333333
Four-week equal factors,2025-11-04,Industrials,0.0
Four-week equal factors,2025-11-04,Information Technology,0.3333333333333333
Four-week equal factors,2025-11-04,Materials,0.0
Four-week equal factors,2025-12-02,Consumer Discretionary,0.06666666666666667
Four-week equal factors,2025-12-02,Energy,0.2
Four-week equal factors,2025-12-02,Financials,0.33333333333333337
Four-week equal factors,2025-12-02,Health Care,0.13333333333333333
Four-week equal factors,2025-12-02,Industrials,0.0
Four-week equal factors,2025-12-02,Information Technology,0.26666666666666666
Four-week equal factors,2025-12-02,Materials,0.0
Four-week equal factors,2025-12-30,Consumer Discretionary,0.06666666666666667
Four-week equal factors,2025-12-30,Energy,0.13333333333333333
Four-week equal factors,2025-12-30,Financials,0.4000000000000001
Four-week equal factors,2025-12-30,Health Care,0.13333333333333333
Four-week equal factors,2025-12-30,Industrials,0.0
Four-week equal factors,2025-12-30,Information Technology,0.26666666666666666
Four-week equal factors,2025-12-30,Materials,0.0
Four-week equal factors,2026-01-27,Consumer Discretionary,0.13333333333333333
Four-week equal factors,2026-01-27,Energy,0.13333333333333333
Four-week equal factors,2026-01-27,Financials,0.4000000000000001
Four-week equal factors,2026-01-27,Health Care,0.13333333333333333
Four-week equal factors,2026-01-27,Industrials,0.0
Four-week equal factors,2026-01-27,Information Technology,0.2
Four-week equal factors,2026-01-27,Materials,0.0
Four-week equal factors,2026-02-24,Consumer Discretionary,0.13333333333333333
Four-week equal factors,2026-02-24,Energy,0.13333333333333333
Four-week equal factors,2026-02-24,Financials,0.4000000000000001
Four-week equal factors,2026-02-24,Health Care,0.13333333333333333
Four-week equal factors,2026-02-24,Industrials,0.0
Four-week equal factors,2026-02-24,Information Technology,0.2
Four-week equal factors,2026-02-24,Materials,0.0
Four-week equal factors,2026-03-24,Consumer Discretionary,0.2
Four-week equal factors,2026-03-24,Energy,0.13333333333333333
Four-week equal factors,2026-03-24,Financials,0.33333333333333337
Four-week equal factors,2026-03-24,Health Care,0.13333333333333333
Four-week equal factors,2026-03-24,Industrials,0.0
Four-week equal factors,2026-03-24,Information Technology,0.2
Four-week equal factors,2026-03-24,Materials,0.0
Four-week equal factors,2026-04-21,Consumer Discretionary,0.13333333333333333
Four-week equal factors,2026-04-21,Energy,0.2
Four-week equal factors,2026-04-21,Financials,0.33333333333333337
Four-week equal factors,2026-04-21,Health Care,0.06666666666666667
Four-week equal factors,2026-04-21,Industrials,0.0
Four-week equal factors,2026-04-21,Information Technology,0.26666666666666666
Four-week equal factors,2026-04-21,Materials,0.0
Four-week equal factors,2026-05-19,Consumer Discretionary,0.13333333333333333
Four-week equal factors,2026-05-19,Energy,0.13333333333333333
Four-week equal factors,2026-05-19,Financials,0.26666666666666666
Four-week equal factors,2026-05-19,Health Care,0.06666666666666667
Four-week equal factors,2026-05-19,Industrials,0.0
Four-week equal factors,2026-05-19,Information Technology,0.3333333333333333
Four-week equal factors,2026-05-19,Materials,0.06666666666666667
Four-week equal factors,2026-06-16,Consumer Discretionary,0.2
Four-week equal factors,2026-06-16,Energy,0.13333333333333333
Four-week equal factors,2026-06-16,Financials,0.26666666666666666
Four-week equal factors,2026-06-16,Health Care,0.06666666666666667
Four-week equal factors,2026-06-16,Industrials,0.0
Four-week equal factors,2026-06-16,Information Technology,0.26666666666666666
Four-week equal factors,2026-06-16,Materials,0.06666666666666667
Four-week equal factors,2026-07-14,Consumer Discretionary,0.2
Four-week equal factors,2026-07-14,Energy,0.13333333333333333
Four-week equal factors,2026-07-14,Financials,0.26666666666666666
Four-week equal factors,2026-07-14,Health Care,0.06666666666666667
Four-week equal factors,2026-07-14,Industrials,0.0
Four-week equal factors,2026-07-14,Information Technology,0.26666666666666666
Four-week equal factors,2026-07-14,Materials,0.06666666666666667
Four-week equal factors,2026-08-11,Consumer Discretionary,0.2
Four-week equal factors,2026-08-11,Energy,0.06666666666666667
Four-week equal factors,2026-08-11,Financials,0.26666666666666666
Four-week equal factors,2026-08-11,Health Care,0.06666666666666667
Four-week equal factors,2026-08-11,Industrials,0.0
Four-week equal factors,2026-08-11,Information Technology,0.39999999999999997
Four-week equal factors,2026-08-11,Materials,0.0
Four-week equal factors,2026-09-08,Consumer Discretionary,0.26666666666666666
Four-week equal factors,2026-09-08,Energy,0.06666666666666667
Four-week equal factors,2026-09-08,Financials,0.26666666666666666
Four-week equal factors,2026-09-08,Health Care,0.06666666666666667
Four-week equal factors,2026-09-08,Industrials,0.0
Four-week equal factors,2026-09-08,Information Technology,0.3333333333333333
Four-week equal factors,2026-09-08,Materials,0.0
Monthly equal stocks,2024-12-31,Consumer Discretionary,0.25
Monthly equal stocks,2024-12-31,Energy,0.1
Monthly equal stocks,2024-12-31,Financials,0.1
Monthly equal stocks,2024-12-31,Health Care,0.05
Monthly equal stocks,2024-12-31,Industrials,0.1
Monthly equal stocks,2024-12-31,Information Technology,0.35000000000000003
Monthly equal stocks,2024-12-31,Materials,0.05
Monthly equal stocks,2025-01-31,Consumer Discretionary,0.25
Monthly equal stocks,2025-01-31,Energy,0.1
Monthly equal stocks,2025-01-31,Financials,0.1
Monthly equal stocks,2025-01-31,Health Care,0.05
Monthly equal stocks,2025-01-31,Industrials,0.1
Monthly equal stocks,2025-01-31,Information Technology,0.35000000000000003
Monthly equal stocks,2025-01-31,Materials,0.05
Monthly equal stocks,2025-02-28,Consumer Discretionary,0.25
Monthly equal stocks,2025-02-28,Energy,0.1
Monthly equal stocks,2025-02-28,Financials,0.1
Monthly equal stocks,2025-02-28,Health Care,0.05
Monthly equal stocks,2025-02-28,Industrials,0.1
Monthly equal stocks,2025-02-28,Information Technology,0.35000000000000003
Monthly equal stocks,2025-02-28,Materials,0.05
Monthly equal stocks,2025-03-31,Consumer Discretionary,0.25
Monthly equal stocks,2025-03-31,Energy,0.1
Monthly equal stocks,2025-03-31,Financials,0.1
Monthly equal stocks,2025-03-31,Health Care,0.05
Monthly equal stocks,2025-03-31,Industrials,0.1
Monthly equal stocks,2025-03-31,Information Technology,0.35000000000000003
Monthly equal stocks,2025-03-31,Materials,0.05
Monthly equal stocks,2025-04-30,Consumer Discretionary,0.25
Monthly equal stocks,2025-04-30,Energy,0.1
Monthly equal stocks,2025-04-30,Financials,0.1
Monthly equal stocks,2025-04-30,Health Care,0.05
Monthly equal stocks,2025-04-30,Industrials,0.1
Monthly equal stocks,2025-04-30,Information Technology,0.35000000000000003
Monthly equal stocks,2025-04-30,Materials,0.05
Monthly equal stocks,2025-05-31,Consumer Discretionary,0.25
Monthly equal stocks,2025-05-31,Energy,0.1
Monthly equal stocks,2025-05-31,Financials,0.1
Monthly equal stocks,2025-05-31,Health Care,0.05
Monthly equal stocks,2025-05-31,Industrials,0.1
Monthly equal stocks,2025-05-31,Information Technology,0.35000000000000003
Monthly equal stocks,2025-05-31,Materials,0.05
Monthly equal stocks,2025-06-30,Consumer Discretionary,0.25
Monthly equal stocks,2025-06-30,Energy,0.1
Monthly equal stocks,2025-06-30,Financials,0.1
Monthly equal stocks,2025-06-30,Health Care,0.05
Monthly equal stocks,2025-06-30,Industrials,0.1
Monthly equal stocks,2025-06-30,Information Technology,0.35000000000000003
Monthly equal stocks,2025-06-30,Materials,0.05
Monthly equal stocks,2025-07-31,Consumer Discretionary,0.25
Monthly equal stocks,2025-07-31,Energy,0.1
Monthly equal stocks,2025-07-31,Financials,0.1
Monthly equal stocks,2025-07-31,Health Care,0.05
Monthly equal stocks,2025-07-31,Industrials,0.1
Monthly equal stocks,2025-07-31,Information Technology,0.35000000000000003
Monthly equal stocks,2025-07-31,Materials,0.05
Monthly equal stocks,2025-08-31,Consumer Discretionary,0.25
Monthly equal stocks,2025-08-31,Energy,0.1
Monthly equal stocks,2025-08-31,Financials,0.1
Monthly equal stocks,2025-08-31,Health Care,0.05
Monthly equal stocks,2025-08-31,Industrials,0.1
Monthly equal stocks,2025-08-31,Information Technology,0.35000000000000003
Monthly equal stocks,2025-08-31,Materials,0.05
Monthly equal stocks,2025-09-30,Consumer Discretionary,0.25
Monthly equal stocks,2025-09-30,Energy,0.1
Monthly equal stocks,2025-09-30,Financials,0.1
Monthly equal stocks,2025-09-30,Health Care,0.05
Monthly equal stocks,2025-09-30,Industrials,0.1
Monthly equal stocks,2025-09-30,Information Technology,0.35000000000000003
Monthly equal stocks,2025-09-30,Materials,0.05
Monthly equal stocks,2025-10-31,Consumer Discretionary,0.25
Monthly equal stocks,2025-10-31,Energy,0.1
Monthly equal stocks,2025-10-31,Financials,0.1
Monthly equal stocks,2025-10-31,Health Care,0.05
Monthly equal stocks,2025-10-31,Industrials,0.1
Monthly equal stocks,2025-10-31,Information Technology,0.35000000000000003
Monthly equal stocks,2025-10-31,Materials,0.05
Monthly equal stocks,2025-11-30,Consumer Discretionary,0.25
Monthly equal stocks,2025-11-30,Energy,0.1
Monthly equal stocks,2025-11-30,Financials,0.1
Monthly equal stocks,2025-11-30,Health Care,0.05
Monthly equal stocks,2025-11-30,Industrials,0.1
Monthly equal stocks,2025-11-30,Information Technology,0.35000000000000003
Monthly equal stocks,2025-11-30,Materials,0.05
Monthly equal stocks,2025-12-31,Consumer Discretionary,0.25
Monthly equal stocks,2025-12-31,Energy,0.1
Monthly equal stocks,2025-12-31,Financials,0.1
Monthly equal stocks,2025-12-31,Health Care,0.05
Monthly equal stocks,2025-12-31,Industrials,0.1
Monthly equal stocks,2025-12-31,Information Technology,0.35000000000000003
Monthly equal stocks,2025-12-31,Materials,0.05
Monthly equal stocks,2026-01-31,Consumer Discretionary,0.25
Monthly equal stocks,2026-01-31,Energy,0.1
Monthly equal stocks,2026-01-31,Financials,0.1
Monthly equal stocks,2026-01-31,Health Care,0.05
Monthly equal stocks,2026-01-31,Industrials,0.1
Monthly equal stocks,2026-01-31,Information Technology,0.35000000000000003
Monthly equal stocks,2026-01-31,Materials,0.05
Monthly equal stocks,2026-02-28,Consumer Discretionary,0.25
Monthly equal stocks,2026-02-28,Energy,0.1
Monthly equal stocks,2026-02-28,Financials,0.1
Monthly equal stocks,2026-02-28,Health Care,0.05
Monthly equal stocks,2026-02-28,Industrials,0.1
Monthly equal stocks,2026-02-28,Information Technology,0.35000000000000003
Monthly equal stocks,2026-02-28,Materials,0.05
Monthly equal stocks,2026-03-31,Consumer Discretionary,0.25
Monthly equal stocks,2026-03-31,Energy,0.1
Monthly equal stocks,2026-03-31,Financials,0.1
Monthly equal stocks,2026-03-31,Health Care,0.05
Monthly equal stocks,2026-03-31,Industrials,0.1
Monthly equal stocks,2026-03-31,Information Technology,0.35000000000000003
Monthly equal stocks,2026-03-31,Materials,0.05
Monthly equal stocks,2026-04-30,Consumer Discretionary,0.25
Monthly equal stocks,2026-04-30,Energy,0.1
Monthly equal stocks,2026-04-30,Financials,0.1
Monthly equal stocks,2026-04-30,Health Care,0.05
Monthly equal stocks,2026-04-30,Industrials,0.1
Monthly equal stocks,2026-04-30,Information Technology,0.35000000000000003
Monthly equal stocks,2026-04-30,Materials,0.05
Monthly equal stocks,2026-05-31,Consumer Discretionary,0.25
Monthly equal stocks,2026-05-31,Energy,0.1
Monthly equal stocks,2026-05-31,Financials,0.1
Monthly equal stocks,2026-05-31,Health Care,0.05
Monthly equal stocks,2026-05-31,Industrials,0.1
Monthly equal stocks,2026-05-31,Information Technology,0.35000000000000003
Monthly equal stocks,2026-05-31,Materials,0.05
Monthly equal stocks,2026-06-30,Consumer Discretionary,0.25
Monthly equal stocks,2026-06-30,Energy,0.1
Monthly equal stocks,2026-06-30,Financials,0.1
Monthly equal stocks,2026-06-30,Health Care,0.05
Monthly equal stocks,2026-06-30,Industrials,0.1
Monthly equal stocks,2026-06-30,Information Technology,0.35000000000000003
Monthly equal stocks,2026-06-30,Materials,0.05
Monthly equal stocks,2026-07-31,Consumer Discretionary,0.25
Monthly equal stocks,2026-07-31,Energy,0.1
Monthly equal stocks,2026-07-31,Financials,0.1
Monthly equal stocks,2026-07-31,Health Care,0.05
Monthly equal stocks,2026-07-31,Industrials,0.1
Monthly equal stocks,2026-07-31,Information Technology,0.35000000000000003
Monthly equal stocks,2026-07-31,Materials,0.05
Monthly equal stocks,2026-08-31,Consumer Discretionary,0.25
Monthly equal stocks,2026-08-31,Energy,0.1
Monthly equal stocks,2026-08-31,Financials,0.1
Monthly equal stocks,2026-08-31,Health Care,0.05
Monthly equal stocks,2026-08-31,Industrials,0.1
Monthly equal stocks,2026-08-31,Information Technology,0.35000000000000003
Monthly equal stocks,2026-08-31,Materials,0.05
Long only | Equal factors,2024-12-31,Consumer Discretionary,0.2
Long only | Equal factors,2024-12-31,Energy,0.06666666666666667
Long only | Equal factors,2024-12-31,Financials,0.26666666666666666
Long only | Equal factors,2024-12-31,Health Care,0.06666666666666667
Long only | Equal factors,2024-12-31,Industrials,0.06666666666666667
Long only | Equal factors,2024-12-31,Information Technology,0.2
Long only | Equal factors,2024-12-31,Materials,0.13333333333333333
Long only | Equal factors,2025-01-31,Consumer Discretionary,0.13333333333333333
Long only | Equal factors,2025-01-31,Energy,0.13333333333333333
Long only | Equal factors,2025-01-31,Financials,0.26666666666666666
Long only | Equal factors,2025-01-31,Health Care,0.06666666666666667
Long only | Equal factors,2025-01-31,Industrials,0.06666666666666667
Long only | Equal factors,2025-01-31,Information Technology,0.26666666666666666
Long only | Equal factors,2025-01-31,Materials,0.06666666666666667
Long only | Equal factors,2025-02-28,Consumer Discretionary,0.13333333333333333
Long only | Equal factors,2025-02-28,Energy,0.13333333333333333
Long only | Equal factors,2025-02-28,Financials,0.33333333333333337
Long only | Equal factors,2025-02-28,Health Care,0.06666666666666667
Long only | Equal factors,2025-02-28,Industrials,0.0
Long only | Equal factors,2025-02-28,Information Technology,0.26666666666666666
Long only | Equal factors,2025-02-28,Materials,0.06666666666666667
Long only | Equal factors,2025-03-31,Consumer Discretionary,0.06666666666666667
Long only | Equal factors,2025-03-31,Energy,0.13333333333333333
Long only | Equal factors,2025-03-31,Financials,0.33333333333333337
Long only | Equal factors,2025-03-31,Health Care,0.06666666666666667
Long only | Equal factors,2025-03-31,Industrials,0.0
Long only | Equal factors,2025-03-31,Information Technology,0.3333333333333333
Long only | Equal factors,2025-03-31,Materials,0.06666666666666667
Long only | Equal factors,2025-04-30,Consumer Discretionary,0.13333333333333333
Long only | Equal factors,2025-04-30,Energy,0.06666666666666667
Long only | Equal factors,2025-04-30,Financials,0.33333333333333337
Long only | Equal factors,2025-04-30,Health Care,0.06666666666666667
Long only | Equal factors,2025-04-30,Industrials,0.0
Long only | Equal factors,2025-04-30,Information Technology,0.26666666666666666
Long only | Equal factors,2025-04-30,Materials,0.13333333333333333
Long only | Equal factors,2025-05-31,Consumer Discretionary,0.13333333333333333
Long only | Equal factors,2025-05-31,Energy,0.06666666666666667
Long only | Equal factors,2025-05-31,Financials,0.33333333333333337
Long only | Equal factors,2025-05-31,Health Care,0.13333333333333333
Long only | Equal factors,2025-05-31,Industrials,0.0
Long only | Equal factors,2025-05-31,Information Technology,0.2
Long only | Equal factors,2025-05-31,Materials,0.13333333333333333
Long only | Equal factors,2025-06-30,Consumer Discretionary,0.13333333333333333
Long only | Equal factors,2025-06-30,Energy,0.06666666666666667
Long only | Equal factors,2025-06-30,Financials,0.4
Long only | Equal factors,2025-06-30,Health Care,0.13333333333333333
Long only | Equal factors,2025-06-30,Industrials,0.0
Long only | Equal factors,2025-06-30,Information Technology,0.2
Long only | Equal factors,2025-06-30,Materials,0.06666666666666667
Long only | Equal factors,2025-07-31,Consumer Discretionary,0.2
Long only | Equal factors,2025-07-31,Energy,0.06666666666666667
Long only | Equal factors,2025-07-31,Financials,0.4
Long only | Equal factors,2025-07-31,Health Care,0.13333333333333333
Long only | Equal factors,2025-07-31,Industrials,0.0
Long only | Equal factors,2025-07-31,Information Technology,0.2
Long only | Equal factors,2025-07-31,Materials,0.0
Long only | Equal factors,2025-08-31,Consumer Discretionary,0.06666666666666667
Long only | Equal factors,2025-08-31,Energy,0.13333333333333333
Long only | Equal factors,2025-08-31,Financials,0.4
Long only | Equal factors,2025-08-31,Health Care,0.13333333333333333
Long only | Equal factors,2025-08-31,Industrials,0.0
Long only | Equal factors,2025-08-31,Information Technology,0.26666666666666666
Long only | Equal factors,2025-08-31,Materials,0.0
Long only | Equal factors,2025-09-30,Consumer Discretionary,0.06666666666666667
Long only | Equal factors,2025-09-30,Energy,0.13333333333333333
Long only | Equal factors,2025-09-30,Financials,0.33333333333333337
Long only | Equal factors,2025-09-30,Health Care,0.13333333333333333
Long only | Equal factors,2025-09-30,Industrials,0.0
Long only | Equal factors,2025-09-30,Information Technology,0.3333333333333333
Long only | Equal factors,2025-09-30,Materials,0.0
Long only | Equal factors,2025-10-31,Consumer Discretionary,0.06666666666666667
Long only | Equal factors,2025-10-31,Energy,0.13333333333333333
Long only | Equal factors,2025-10-31,Financials,0.33333333333333337
Long only | Equal factors,2025-10-31,Health Care,0.13333333333333333
Long only | Equal factors,2025-10-31,Industrials,0.0
Long only | Equal factors,2025-10-31,Information Technology,0.3333333333333333
Long only | Equal factors,2025-10-31,Materials,0.0
Long only | Equal factors,2025-11-30,Consumer Discretionary,0.06666666666666667
Long only | Equal factors,2025-11-30,Energy,0.2
Long only | Equal factors,2025-11-30,Financials,0.33333333333333337
Long only | Equal factors,2025-11-30,Health Care,0.13333333333333333
Long only | Equal factors,2025-11-30,Industrials,0.0
Long only | Equal factors,2025-11-30,Information Technology,0.26666666666666666
Long only | Equal factors,2025-11-30,Materials,0.0
Long only | Equal factors,2025-12-31,Consumer Discretionary,0.06666666666666667
Long only | Equal factors,2025-12-31,Energy,0.13333333333333333
Long only | Equal factors,2025-12-31,Financials,0.4
Long only | Equal factors,2025-12-31,Health Care,0.13333333333333333
Long only | Equal factors,2025-12-31,Industrials,0.0
Long only | Equal factors,2025-12-31,Information Technology,0.26666666666666666
Long only | Equal factors,2025-12-31,Materials,0.0
Long only | Equal factors,2026-01-31,Consumer Discretionary,0.13333333333333333
Long only | Equal factors,2026-01-31,Energy,0.13333333333333333
Long only | Equal factors,2026-01-31,Financials,0.4
Long only | Equal factors,2026-01-31,Health Care,0.13333333333333333
Long only | Equal factors,2026-01-31,Industrials,0.0
Long only | Equal factors,2026-01-31,Information Technology,0.2
Long only | Equal factors,2026-01-31,Materials,0.0
Long only | Equal factors,2026-02-28,Consumer Discretionary,0.2
Long only | Equal factors,2026-02-28,Energy,0.13333333333333333
Long only | Equal factors,2026-02-28,Financials,0.33333333333333337
Long only | Equal factors,2026-02-28,Health Care,0.06666666666666667
Long only | Equal factors,2026-02-28,Industrials,0.06666666666666667
Long only | Equal factors,2026-02-28,Information Technology,0.2
Long only | Equal factors,2026-02-28,Materials,0.0
Long only | Equal factors,2026-03-31,Consumer Discretionary,0.13333333333333333
Long only | Equal factors,2026-03-31,Energy,0.13333333333333333
Long only | Equal factors,2026-03-31,Financials,0.33333333333333337
Long only | Equal factors,2026-03-31,Health Care,0.13333333333333333
Long only | Equal factors,2026-03-31,Industrials,0.0
Long only | Equal factors,2026-03-31,Information Technology,0.2
Long only | Equal factors,2026-03-31,Materials,0.06666666666666667
Long only | Equal factors,2026-04-30,Consumer Discretionary,0.13333333333333333
Long only | Equal factors,2026-04-30,Energy,0.13333333333333333
Long only | Equal factors,2026-04-30,Financials,0.33333333333333337
Long only | Equal factors,2026-04-30,Health Care,0.06666666666666667
Long only | Equal factors,2026-04-30,Industrials,0.0
Long only | Equal factors,2026-04-30,Information Technology,0.26666666666666666
Long only | Equal factors,2026-04-30,Materials,0.06666666666666667
Long only | Equal factors,2026-05-31,Consumer Discretionary,0.2
Long only | Equal factors,2026-05-31,Energy,0.06666666666666667
Long only | Equal factors,2026-05-31,Financials,0.26666666666666666
Long only | Equal factors,2026-05-31,Health Care,0.06666666666666667
Long only | Equal factors,2026-05-31,Industrials,0.0
Long only | Equal factors,2026-05-31,Information Technology,0.3333333333333333
Long only | Equal factors,2026-05-31,Materials,0.06666666666666667
Long only | Equal factors,2026-06-30,Consumer Discretionary,0.2
Long only | Equal factors,2026-06-30,Energy,0.13333333333333333
Long only | Equal factors,2026-06-30,Financials,0.26666666666666666
Long only | Equal factors,2026-06-30,Health Care,0.06666666666666667
Long only | Equal factors,2026-06-30,Industrials,0.0
Long only | Equal factors,2026-06-30,Information Technology,0.26666666666666666
Long only | Equal factors,2026-06-30,Materials,0.06666666666666667
Long only | Equal factors,2026-07-31,Consumer Discretionary,0.2
Long only | Equal factors,2026-07-31,Energy,0.06666666666666667
Long only | Equal factors,2026-07-31,Financials,0.26666666666666666
Long only | Equal factors,2026-07-31,Health Care,0.06666666666666667
Long only | Equal factors,2026-07-31,Industrials,0.0
Long only | Equal factors,2026-07-31,Information Technology,0.39999999999999997
Long only | Equal factors,2026-07-31,Materials,0.0
Long only | Equal factors,2026-08-31,Consumer Discretionary,0.26666666666666666
Long only | Equal factors,2026-08-31,Energy,0.06666666666666667
Long only | Equal factors,2026-08-31,Financials,0.26666666666666666
Long only | Equal factors,2026-08-31,Health Care,0.06666666666666667
Long only | Equal factors,2026-08-31,Industrials,0.0
Long only | Equal factors,2026-08-31,Information Technology,0.3333333333333333
Long only | Equal factors,2026-08-31,Materials,0.0
Long only | Ridge,2024-12-31,Consumer Discretionary,0.14
Long only | Ridge,2024-12-31,Energy,0.06
Long only | Ridge,2024-12-31,Financials,0.26
Long only | Ridge,2024-12-31,Health Care,0.1
Long only | Ridge,2024-12-31,Industrials,0.04000000000000001
Long only | Ridge,2024-12-31,Information Technology,0.24000000000000002
Long only | Ridge,2024-12-31,Materials,0.16
Long only | Ridge,2025-01-31,Consumer Discretionary,0.14
Long only | Ridge,2025-01-31,Energy,0.08000000000000002
Long only | Ridge,2025-01-31,Financials,0.24000000000000002
Long only | Ridge,2025-01-31,Health Care,0.06
Long only | Ridge,2025-01-31,Industrials,0.1
Long only | Ridge,2025-01-31,Information Technology,0.32
Long only | Ridge,2025-01-31,Materials,0.06
Long only | Ridge,2025-02-28,Consumer Discretionary,0.16
Long only | Ridge,2025-02-28,Energy,0.2
Long only | Ridge,2025-02-28,Financials,0.36
Long only | Ridge,2025-02-28,Health Care,0.04000000000000001
Long only | Ridge,2025-02-28,Industrials,0.0
Long only | Ridge,2025-02-28,Information Technology,0.2
Long only | Ridge,2025-02-28,Materials,0.04000000000000001
Long only | Ridge,2025-03-31,Consumer Discretionary,0.06
Long only | Ridge,2025-03-31,Energy,0.12
Long only | Ridge,2025-03-31,Financials,0.30000000000000004
Long only | Ridge,2025-03-31,Health Care,0.1
Long only | Ridge,2025-03-31,Industrials,0.0
Long only | Ridge,2025-03-31,Information Technology,0.32000000000000006
Long only | Ridge,2025-03-31,Materials,0.1
Long only | Ridge,2025-04-30,Consumer Discretionary,0.16
Long only | Ridge,2025-04-30,Energy,0.06
Long only | Ridge,2025-04-30,Financials,0.36
Long only | Ridge,2025-04-30,Health Care,0.04000000000000001
Long only | Ridge,2025-04-30,Industrials,0.0
Long only | Ridge,2025-04-30,Information Technology,0.28
Long only | Ridge,2025-04-30,Materials,0.1
Long only | Ridge,2025-05-31,Consumer Discretionary,0.14
Long only | Ridge,2025-05-31,Energy,0.04000000000000001
Long only | Ridge,2025-05-31,Financials,0.34
Long only | Ridge,2025-05-31,Health Care,0.16
Long only | Ridge,2025-05-31,Industrials,0.0
Long only | Ridge,2025-05-31,Information Technology,0.22
Long only | Ridge,2025-05-31,Materials,0.1
Long only | Ridge,2025-06-30,Consumer Discretionary,0.1
Long only | Ridge,2025-06-30,Energy,0.04000000000000001
Long only | Ridge,2025-06-30,Financials,0.4
Long only | Ridge,2025-06-30,Health Care,0.16
Long only | Ridge,2025-06-30,Industrials,0.0
Long only | Ridge,2025-06-30,Information Technology,0.26
Long only | Ridge,2025-06-30,Materials,0.04000000000000001
Long only | Ridge,2025-07-31,Consumer Discretionary,0.24000000000000002
Long only | Ridge,2025-07-31,Energy,0.1
Long only | Ridge,2025-07-31,Financials,0.4
Long only | Ridge,2025-07-31,Health Care,0.1
Long only | Ridge,2025-07-31,Industrials,0.0
Long only | Ridge,2025-07-31,Information Technology,0.16
Long only | Ridge,2025-07-31,Materials,0.0
Long only | Ridge,2025-08-31,Consumer Discretionary,0.1
Long only | Ridge,2025-08-31,Energy,0.2
Long only | Ridge,2025-08-31,Financials,0.4
Long only | Ridge,2025-08-31,Health Care,0.1
Long only | Ridge,2025-08-31,Industrials,0.0
Long only | Ridge,2025-08-31,Information Technology,0.2
Long only | Ridge,2025-08-31,Materials,0.0
Long only | Ridge,2025-09-30,Consumer Discretionary,0.1
Long only | Ridge,2025-09-30,Energy,0.2
Long only | Ridge,2025-09-30,Financials,0.36
Long only | Ridge,2025-09-30,Health Care,0.1
Long only | Ridge,2025-09-30,Industrials,0.0
Long only | Ridge,2025-09-30,Information Technology,0.24000000000000002
Long only | Ridge,2025-09-30,Materials,0.0
Long only | Ridge,2025-10-31,Consumer Discretionary,0.06
Long only | Ridge,2025-10-31,Energy,0.12
Long only | Ridge,2025-10-31,Financials,0.36
Long only | Ridge,2025-10-31,Health Care,0.14
Long only | Ridge,2025-10-31,Industrials,0.0
Long only | Ridge,2025-10-31,Information Technology,0.32000000000000006
Long only | Ridge,2025-10-31,Materials,0.0
Long only | Ridge,2025-11-30,Consumer Discretionary,0.1
Long only | Ridge,2025-11-30,Energy,0.26
Long only | Ridge,2025-11-30,Financials,0.34
Long only | Ridge,2025-11-30,Health Care,0.1
Long only | Ridge,2025-11-30,Industrials,0.0
Long only | Ridge,2025-11-30,Information Technology,0.2
Long only | Ridge,2025-11-30,Materials,0.0
Long only | Ridge,2025-12-31,Consumer Discretionary,0.04000000000000001
Long only | Ridge,2025-12-31,Energy,0.08000000000000002
Long only | Ridge,2025-12-31,Financials,0.4
Long only | Ridge,2025-12-31,Health Care,0.16
Long only | Ridge,2025-12-31,Industrials,0.0
Long only | Ridge,2025-12-31,Information Technology,0.32
Long only | Ridge,2025-12-31,Materials,0.0
Long only | Ridge,2026-01-31,Consumer Discretionary,0.12
Long only | Ridge,2026-01-31,Energy,0.16
Long only | Ridge,2026-01-31,Financials,0.4
Long only | Ridge,2026-01-31,Health Care,0.14
Long only | Ridge,2026-01-31,Industrials,0.0
Long only | Ridge,2026-01-31,Information Technology,0.18000000000000002
Long only | Ridge,2026-01-31,Materials,0.0
Long only | Ridge,2026-02-28,Consumer Discretionary,0.16
Long only | Ridge,2026-02-28,Energy,0.1
Long only | Ridge,2026-02-28,Financials,0.36
Long only | Ridge,2026-02-28,Health Care,0.1
Long only | Ridge,2026-02-28,Industrials,0.04000000000000001
Long only | Ridge,2026-02-28,Information Technology,0.24000000000000002
Long only | Ridge,2026-02-28,Materials,0.0
Long only | Ridge,2026-03-31,Consumer Discretionary,0.2
Long only | Ridge,2026-03-31,Energy,0.14
Long only | Ridge,2026-03-31,Financials,0.36
Long only | Ridge,2026-03-31,Health Care,0.1
Long only | Ridge,2026-03-31,Industrials,0.0
Long only | Ridge,2026-03-31,Information Technology,0.16
Long only | Ridge,2026-03-31,Materials,0.04000000000000001
Long only | Ridge,2026-04-30,Consumer Discretionary,0.12
Long only | Ridge,2026-04-30,Energy,0.1
Long only | Ridge,2026-04-30,Financials,0.36
Long only | Ridge,2026-04-30,Health Care,0.1
Long only | Ridge,2026-04-30,Industrials,0.0
Long only | Ridge,2026-04-30,Information Technology,0.28
Long only | Ridge,2026-04-30,Materials,0.04000000000000001
Long only | Ridge,2026-05-31,Consumer Discretionary,0.12000000000000002
Long only | Ridge,2026-05-31,Energy,0.1
Long only | Ridge,2026-05-31,Financials,0.2
Long only | Ridge,2026-05-31,Health Care,0.06
Long only | Ridge,2026-05-31,Industrials,0.0
Long only | Ridge,2026-05-31,Information Technology,0.42000000000000004
Long only | Ridge,2026-05-31,Materials,0.1
Long only | Ridge,2026-06-30,Consumer Discretionary,0.24000000000000002
Long only | Ridge,2026-06-30,Energy,0.14
Long only | Ridge,2026-06-30,Financials,0.32
Long only | Ridge,2026-06-30,Health Care,0.06
Long only | Ridge,2026-06-30,Industrials,0.0
Long only | Ridge,2026-06-30,Information Technology,0.2
Long only | Ridge,2026-06-30,Materials,0.04000000000000001
Long only | Ridge,2026-07-31,Consumer Discretionary,0.16
Long only | Ridge,2026-07-31,Energy,0.06
Long only | Ridge,2026-07-31,Financials,0.32
Long only | Ridge,2026-07-31,Health Care,0.1
Long only | Ridge,2026-07-31,Industrials,0.0
Long only | Ridge,2026-07-31,Information Technology,0.36000000000000004
Long only | Ridge,2026-07-31,Materials,0.0
Long only | Ridge,2026-08-31,Consumer Discretionary,0.36
Long only | Ridge,2026-08-31,Energy,0.06
Long only | Ridge,2026-08-31,Financials,0.28
Long only | Ridge,2026-08-31,Health Care,0.04000000000000001
Long only | Ridge,2026-08-31,Industrials,0.0
Long only | Ridge,2026-08-31,Information Technology,0.26
Long only | Ridge,2026-08-31,Materials,0.0
Long only | Elastic Net,2024-12-31,Consumer Discretionary,0.14
Long only | Elastic Net,2024-12-31,Energy,0.06
Long only | Elastic Net,2024-12-31,Financials,0.26
Long only | Elastic Net,2024-12-31,Health Care,0.1
Long only | Elastic Net,2024-12-31,Industrials,0.04000000000000001
Long only | Elastic Net,2024-12-31,Information Technology,0.24000000000000002
Long only | Elastic Net,2024-12-31,Materials,0.16
Long only | Elastic Net,2025-01-31,Consumer Discretionary,0.16
Long only | Elastic Net,2025-01-31,Energy,0.12
Long only | Elastic Net,2025-01-31,Financials,0.26
Long only | Elastic Net,2025-01-31,Health Care,0.04000000000000001
Long only | Elastic Net,2025-01-31,Industrials,0.1
Long only | Elastic Net,2025-01-31,Information Technology,0.28
Long only | Elastic Net,2025-01-31,Materials,0.04000000000000001
Long only | Elastic Net,2025-02-28,Consumer Discretionary,0.16
Long only | Elastic Net,2025-02-28,Energy,0.2
Long only | Elastic Net,2025-02-28,Financials,0.36
Long only | Elastic Net,2025-02-28,Health Care,0.04000000000000001
Long only | Elastic Net,2025-02-28,Industrials,0.0
Long only | Elastic Net,2025-02-28,Information Technology,0.2
Long only | Elastic Net,2025-02-28,Materials,0.04000000000000001
Long only | Elastic Net,2025-03-31,Consumer Discretionary,0.1
Long only | Elastic Net,2025-03-31,Energy,0.2
Long only | Elastic Net,2025-03-31,Financials,0.34
Long only | Elastic Net,2025-03-31,Health Care,0.06
Long only | Elastic Net,2025-03-31,Industrials,0.0
Long only | Elastic Net,2025-03-31,Information Technology,0.24000000000000002
Long only | Elastic Net,2025-03-31,Materials,0.06
Long only | Elastic Net,2025-04-30,Consumer Discretionary,0.16
Long only | Elastic Net,2025-04-30,Energy,0.1
Long only | Elastic Net,2025-04-30,Financials,0.36
Long only | Elastic Net,2025-04-30,Health Care,0.04000000000000001
Long only | Elastic Net,2025-04-30,Industrials,0.0
Long only | Elastic Net,2025-04-30,Information Technology,0.2
Long only | Elastic Net,2025-04-30,Materials,0.14
Long only | Elastic Net,2025-05-31,Consumer Discretionary,0.1
Long only | Elastic Net,2025-05-31,Energy,0.06
Long only | Elastic Net,2025-05-31,Financials,0.30000000000000004
Long only | Elastic Net,2025-05-31,Health Care,0.14
Long only | Elastic Net,2025-05-31,Industrials,0.0
Long only | Elastic Net,2025-05-31,Information Technology,0.24000000000000002
Long only | Elastic Net,2025-05-31,Materials,0.16
Long only | Elastic Net,2025-06-30,Consumer Discretionary,0.1
Long only | Elastic Net,2025-06-30,Energy,0.04000000000000001
Long only | Elastic Net,2025-06-30,Financials,0.4
Long only | Elastic Net,2025-06-30,Health Care,0.16
Long only | Elastic Net,2025-06-30,Industrials,0.0
Long only | Elastic Net,2025-06-30,Information Technology,0.26
Long only | Elastic Net,2025-06-30,Materials,0.04000000000000001
Long only | Elastic Net,2025-07-31,Consumer Discretionary,0.24000000000000002
Long only | Elastic Net,2025-07-31,Energy,0.1
Long only | Elastic Net,2025-07-31,Financials,0.4
Long only | Elastic Net,2025-07-31,Health Care,0.1
Long only | Elastic Net,2025-07-31,Industrials,0.0
Long only | Elastic Net,2025-07-31,Information Technology,0.16
Long only | Elastic Net,2025-07-31,Materials,0.0
Long only | Elastic Net,2025-08-31,Consumer Discretionary,0.1
Long only | Elastic Net,2025-08-31,Energy,0.2
Long only | Elastic Net,2025-08-31,Financials,0.4
Long only | Elastic Net,2025-08-31,Health Care,0.1
Long only | Elastic Net,2025-08-31,Industrials,0.0
Long only | Elastic Net,2025-08-31,Information Technology,0.2
Long only | Elastic Net,2025-08-31,Materials,0.0
Long only | Elastic Net,2025-09-30,Consumer Discretionary,0.06
Long only | Elastic Net,2025-09-30,Energy,0.12
Long only | Elastic Net,2025-09-30,Financials,0.36
Long only | Elastic Net,2025-09-30,Health Care,0.14
Long only | Elastic Net,2025-09-30,Industrials,0.0
Long only | Elastic Net,2025-09-30,Information Technology,0.32000000000000006
Long only | Elastic Net,2025-09-30,Materials,0.0
Long only | Elastic Net,2025-10-31,Consumer Discretionary,0.06
Long only | Elastic Net,2025-10-31,Energy,0.12
Long only | Elastic Net,2025-10-31,Financials,0.36
Long only | Elastic Net,2025-10-31,Health Care,0.14
Long only | Elastic Net,2025-10-31,Industrials,0.0
Long only | Elastic Net,2025-10-31,Information Technology,0.32000000000000006
Long only | Elastic Net,2025-10-31,Materials,0.0
Long only | Elastic Net,2025-11-30,Consumer Discretionary,0.1
Long only | Elastic Net,2025-11-30,Energy,0.26
Long only | Elastic Net,2025-11-30,Financials,0.34
Long only | Elastic Net,2025-11-30,Health Care,0.1
Long only | Elastic Net,2025-11-30,Industrials,0.0
Long only | Elastic Net,2025-11-30,Information Technology,0.2
Long only | Elastic Net,2025-11-30,Materials,0.0
Long only | Elastic Net,2025-12-31,Consumer Discretionary,0.04000000000000001
Long only | Elastic Net,2025-12-31,Energy,0.08000000000000002
Long only | Elastic Net,2025-12-31,Financials,0.4
Long only | Elastic Net,2025-12-31,Health Care,0.16
Long only | Elastic Net,2025-12-31,Industrials,0.0
Long only | Elastic Net,2025-12-31,Information Technology,0.32
Long only | Elastic Net,2025-12-31,Materials,0.0
Long only | Elastic Net,2026-01-31,Consumer Discretionary,0.08000000000000002
Long only | Elastic Net,2026-01-31,Energy,0.14
Long only | Elastic Net,2026-01-31,Financials,0.4
Long only | Elastic Net,2026-01-31,Health Care,0.16
Long only | Elastic Net,2026-01-31,Industrials,0.0
Long only | Elastic Net,2026-01-31,Information Technology,0.22
Long only | Elastic Net,2026-01-31,Materials,0.0
Long only | Elastic Net,2026-02-28,Consumer Discretionary,0.16
Long only | Elastic Net,2026-02-28,Energy,0.1
Long only | Elastic Net,2026-02-28,Financials,0.36
Long only | Elastic Net,2026-02-28,Health Care,0.1
Long only | Elastic Net,2026-02-28,Industrials,0.04000000000000001
Long only | Elastic Net,2026-02-28,Information Technology,0.24000000000000002
Long only | Elastic Net,2026-02-28,Materials,0.0
Long only | Elastic Net,2026-03-31,Consumer Discretionary,0.12
Long only | Elastic Net,2026-03-31,Energy,0.1
Long only | Elastic Net,2026-03-31,Financials,0.36
Long only | Elastic Net,2026-03-31,Health Care,0.14
Long only | Elastic Net,2026-03-31,Industrials,0.0
Long only | Elastic Net,2026-03-31,Information Technology,0.24000000000000002
Long only | Elastic Net,2026-03-31,Materials,0.04000000000000001
Long only | Elastic Net,2026-04-30,Consumer Discretionary,0.12
Long only | Elastic Net,2026-04-30,Energy,0.1
Long only | Elastic Net,2026-04-30,Financials,0.36
Long only | Elastic Net,2026-04-30,Health Care,0.1
Long only | Elastic Net,2026-04-30,Industrials,0.0
Long only | Elastic Net,2026-04-30,Information Technology,0.28
Long only | Elastic Net,2026-04-30,Materials,0.04000000000000001
Long only | Elastic Net,2026-05-31,Consumer Discretionary,0.12000000000000002
Long only | Elastic Net,2026-05-31,Energy,0.1
Long only | Elastic Net,2026-05-31,Financials,0.2
Long only | Elastic Net,2026-05-31,Health Care,0.06
Long only | Elastic Net,2026-05-31,Industrials,0.0
Long only | Elastic Net,2026-05-31,Information Technology,0.42000000000000004
Long only | Elastic Net,2026-05-31,Materials,0.1
Long only | Elastic Net,2026-06-30,Consumer Discretionary,0.24000000000000002
Long only | Elastic Net,2026-06-30,Energy,0.14
Long only | Elastic Net,2026-06-30,Financials,0.32
Long only | Elastic Net,2026-06-30,Health Care,0.06
Long only | Elastic Net,2026-06-30,Industrials,0.0
Long only | Elastic Net,2026-06-30,Information Technology,0.2
Long only | Elastic Net,2026-06-30,Materials,0.04000000000000001
Long only | Elastic Net,2026-07-31,Consumer Discretionary,0.16
Long only | Elastic Net,2026-07-31,Energy,0.06
Long only | Elastic Net,2026-07-31,Financials,0.32
Long only | Elastic Net,2026-07-31,Health Care,0.1
Long only | Elastic Net,2026-07-31,Industrials,0.0
Long only | Elastic Net,2026-07-31,Information Technology,0.36000000000000004
Long only | Elastic Net,2026-07-31,Materials,0.0
Long only | Elastic Net,2026-08-31,Consumer Discretionary,0.36
Long only | Elastic Net,2026-08-31,Energy,0.06
Long only | Elastic Net,2026-08-31,Financials,0.28
Long only | Elastic Net,2026-08-31,Health Care,0.04000000000000001
Long only | Elastic Net,2026-08-31,Industrials,0.0
Long only | Elastic Net,2026-08-31,Information Technology,0.26
Long only | Elastic Net,2026-08-31,Materials,0.0
Long only | KNN,2024-12-31,Consumer Discretionary,0.16
Long only | KNN,2024-12-31,Energy,0.04000000000000001
Long only | KNN,2024-12-31,Financials,0.24000000000000002
Long only | KNN,2024-12-31,Health Care,0.1
Long only | KNN,2024-12-31,Industrials,0.06
Long only | KNN,2024-12-31,Information Technology,0.26
Long only | KNN,2024-12-31,Materials,0.14
Long only | KNN,2025-01-31,Consumer Discretionary,0.1
Long only | KNN,2025-01-31,Energy,0.12
Long only | KNN,2025-01-31,Financials,0.26
Long only | KNN,2025-01-31,Health Care,0.1
Long only | KNN,2025-01-31,Industrials,0.04000000000000001
Long only | KNN,2025-01-31,Information Technology,0.28
Long only | KNN,2025-01-31,Materials,0.1
Long only | KNN,2025-02-28,Consumer Discretionary,0.16
Long only | KNN,2025-02-28,Energy,0.12
Long only | KNN,2025-02-28,Financials,0.36
Long only | KNN,2025-02-28,Health Care,0.04000000000000001
Long only | KNN,2025-02-28,Industrials,0.0
Long only | KNN,2025-02-28,Information Technology,0.28
Long only | KNN,2025-02-28,Materials,0.04000000000000001
Long only | KNN,2025-03-31,Consumer Discretionary,0.06
Long only | KNN,2025-03-31,Energy,0.12
Long only | KNN,2025-03-31,Financials,0.30000000000000004
Long only | KNN,2025-03-31,Health Care,0.1
Long only | KNN,2025-03-31,Industrials,0.0
Long only | KNN,2025-03-31,Information Technology,0.32000000000000006
Long only | KNN,2025-03-31,Materials,0.1
Long only | KNN,2025-04-30,Consumer Discretionary,0.1
Long only | KNN,2025-04-30,Energy,0.06
Long only | KNN,2025-04-30,Financials,0.30000000000000004
Long only | KNN,2025-04-30,Health Care,0.1
Long only | KNN,2025-04-30,Industrials,0.0
Long only | KNN,2025-04-30,Information Technology,0.28
Long only | KNN,2025-04-30,Materials,0.16
Long only | KNN,2025-05-31,Consumer Discretionary,0.1
Long only | KNN,2025-05-31,Energy,0.06
Long only | KNN,2025-05-31,Financials,0.30000000000000004
Long only | KNN,2025-05-31,Health Care,0.14
Long only | KNN,2025-05-31,Industrials,0.0
Long only | KNN,2025-05-31,Information Technology,0.24000000000000002
Long only | KNN,2025-05-31,Materials,0.16
Long only | KNN,2025-06-30,Consumer Discretionary,0.1
Long only | KNN,2025-06-30,Energy,0.06
Long only | KNN,2025-06-30,Financials,0.4
Long only | KNN,2025-06-30,Health Care,0.14
Long only | KNN,2025-06-30,Industrials,0.0
Long only | KNN,2025-06-30,Information Technology,0.24000000000000002
Long only | KNN,2025-06-30,Materials,0.06
Long only | KNN,2025-07-31,Consumer Discretionary,0.18000000000000002
Long only | KNN,2025-07-31,Energy,0.04000000000000001
Long only | KNN,2025-07-31,Financials,0.4
Long only | KNN,2025-07-31,Health Care,0.16
Long only | KNN,2025-07-31,Industrials,0.0
Long only | KNN,2025-07-31,Information Technology,0.22
Long only | KNN,2025-07-31,Materials,0.0
Long only | KNN,2025-08-31,Consumer Discretionary,0.04000000000000001
Long only | KNN,2025-08-31,Energy,0.08000000000000002
Long only | KNN,2025-08-31,Financials,0.4
Long only | KNN,2025-08-31,Health Care,0.16
Long only | KNN,2025-08-31,Industrials,0.0
Long only | KNN,2025-08-31,Information Technology,0.32
Long only | KNN,2025-08-31,Materials,0.0
Long only | KNN,2025-09-30,Consumer Discretionary,0.04000000000000001
Long only | KNN,2025-09-30,Energy,0.08000000000000002
Long only | KNN,2025-09-30,Financials,0.30000000000000004
Long only | KNN,2025-09-30,Health Care,0.16
Long only | KNN,2025-09-30,Industrials,0.0
Long only | KNN,2025-09-30,Information Technology,0.42000000000000004
Long only | KNN,2025-09-30,Materials,0.0
Long only | KNN,2025-10-31,Consumer Discretionary,0.04000000000000001
Long only | KNN,2025-10-31,Energy,0.08000000000000002
Long only | KNN,2025-10-31,Financials,0.30000000000000004
Long only | KNN,2025-10-31,Health Care,0.16
Long only | KNN,2025-10-31,Industrials,0.0
Long only | KNN,2025-10-31,Information Technology,0.42000000000000004
Long only | KNN,2025-10-31,Materials,0.0
Long only | KNN,2025-11-30,Consumer Discretionary,0.04000000000000001
Long only | KNN,2025-11-30,Energy,0.18000000000000002
Long only | KNN,2025-11-30,Financials,0.30000000000000004
Long only | KNN,2025-11-30,Health Care,0.16
Long only | KNN,2025-11-30,Industrials,0.0
Long only | KNN,2025-11-30,Information Technology,0.32
Long only | KNN,2025-11-30,Materials,0.0
Long only | KNN,2025-12-31,Consumer Discretionary,0.04000000000000001
Long only | KNN,2025-12-31,Energy,0.08000000000000002
Long only | KNN,2025-12-31,Financials,0.4
Long only | KNN,2025-12-31,Health Care,0.16
Long only | KNN,2025-12-31,Industrials,0.0
Long only | KNN,2025-12-31,Information Technology,0.32
Long only | KNN,2025-12-31,Materials,0.0
Long only | KNN,2026-01-31,Consumer Discretionary,0.08000000000000002
Long only | KNN,2026-01-31,Energy,0.14
Long only | KNN,2026-01-31,Financials,0.4
Long only | KNN,2026-01-31,Health Care,0.16
Long only | KNN,2026-01-31,Industrials,0.0
Long only | KNN,2026-01-31,Information Technology,0.22
Long only | KNN,2026-01-31,Materials,0.0
Long only | KNN,2026-02-28,Consumer Discretionary,0.16
Long only | KNN,2026-02-28,Energy,0.1
Long only | KNN,2026-02-28,Financials,0.36
Long only | KNN,2026-02-28,Health Care,0.1
Long only | KNN,2026-02-28,Industrials,0.04000000000000001
Long only | KNN,2026-02-28,Information Technology,0.24000000000000002
Long only | KNN,2026-02-28,Materials,0.0
Long only | KNN,2026-03-31,Consumer Discretionary,0.12
Long only | KNN,2026-03-31,Energy,0.1
Long only | KNN,2026-03-31,Financials,0.36
Long only | KNN,2026-03-31,Health Care,0.14
Long only | KNN,2026-03-31,Industrials,0.0
Long only | KNN,2026-03-31,Information Technology,0.24000000000000002
Long only | KNN,2026-03-31,Materials,0.04000000000000001
Long only | KNN,2026-04-30,Consumer Discretionary,0.12
Long only | KNN,2026-04-30,Energy,0.1
Long only | KNN,2026-04-30,Financials,0.36
Long only | KNN,2026-04-30,Health Care,0.1
Long only | KNN,2026-04-30,Industrials,0.0
Long only | KNN,2026-04-30,Information Technology,0.28
Long only | KNN,2026-04-30,Materials,0.04000000000000001
Long only | KNN,2026-05-31,Consumer Discretionary,0.18
Long only | KNN,2026-05-31,Energy,0.1
Long only | KNN,2026-05-31,Financials,0.2
Long only | KNN,2026-05-31,Health Care,0.04000000000000001
Long only | KNN,2026-05-31,Industrials,0.0
Long only | KNN,2026-05-31,Information Technology,0.38
Long only | KNN,2026-05-31,Materials,0.1
Long only | KNN,2026-06-30,Consumer Discretionary,0.16
Long only | KNN,2026-06-30,Energy,0.1
Long only | KNN,2026-06-30,Financials,0.32
Long only | KNN,2026-06-30,Health Care,0.1
Long only | KNN,2026-06-30,Industrials,0.0
Long only | KNN,2026-06-30,Information Technology,0.28
Long only | KNN,2026-06-30,Materials,0.04000000000000001
Long only | KNN,2026-07-31,Consumer Discretionary,0.14
Long only | KNN,2026-07-31,Energy,0.04000000000000001
Long only | KNN,2026-07-31,Financials,0.28
Long only | KNN,2026-07-31,Health Care,0.1
Long only | KNN,2026-07-31,Industrials,0.0
Long only | KNN,2026-07-31,Information Technology,0.44
Long only | KNN,2026-07-31,Materials,0.0
Long only | KNN,2026-08-31,Consumer Discretionary,0.34
Long only | KNN,2026-08-31,Energy,0.04000000000000001
Long only | KNN,2026-08-31,Financials,0.32
Long only | KNN,2026-08-31,Health Care,0.06
Long only | KNN,2026-08-31,Industrials,0.0
Long only | KNN,2026-08-31,Information Technology,0.24000000000000002
Long only | KNN,2026-08-31,Materials,0.0
Long only | SVR,2024-12-31,Consumer Discretionary,0.24000000000000002
Long only | SVR,2024-12-31,Energy,0.04000000000000001
Long only | SVR,2024-12-31,Financials,0.24000000000000002
Long only | SVR,2024-12-31,Health Care,0.06
Long only | SVR,2024-12-31,Industrials,0.1
Long only | SVR,2024-12-31,Information Technology,0.22
Long only | SVR,2024-12-31,Materials,0.1
Long only | SVR,2025-01-31,Consumer Discretionary,0.1
Long only | SVR,2025-01-31,Energy,0.08000000000000002
Long only | SVR,2025-01-31,Financials,0.24000000000000002
Long only | SVR,2025-01-31,Health Care,0.1
Long only | SVR,2025-01-31,Industrials,0.06
Long only | SVR,2025-01-31,Information Technology,0.32
Long only | SVR,2025-01-31,Materials,0.1
Long only | SVR,2025-02-28,Consumer Discretionary,0.16
Long only | SVR,2025-02-28,Energy,0.12
Long only | SVR,2025-02-28,Financials,0.36
Long only | SVR,2025-02-28,Health Care,0.04000000000000001
Long only | SVR,2025-02-28,Industrials,0.0
Long only | SVR,2025-02-28,Information Technology,0.28
Long only | SVR,2025-02-28,Materials,0.04000000000000001
Long only | SVR,2025-03-31,Consumer Discretionary,0.06
Long only | SVR,2025-03-31,Energy,0.12
Long only | SVR,2025-03-31,Financials,0.30000000000000004
Long only | SVR,2025-03-31,Health Care,0.1
Long only | SVR,2025-03-31,Industrials,0.0
Long only | SVR,2025-03-31,Information Technology,0.32000000000000006
Long only | SVR,2025-03-31,Materials,0.1
Long only | SVR,2025-04-30,Consumer Discretionary,0.16
Long only | SVR,2025-04-30,Energy,0.1
Long only | SVR,2025-04-30,Financials,0.36
Long only | SVR,2025-04-30,Health Care,0.04000000000000001
Long only | SVR,2025-04-30,Industrials,0.0
Long only | SVR,2025-04-30,Information Technology,0.2
Long only | SVR,2025-04-30,Materials,0.14
Long only | SVR,2025-05-31,Consumer Discretionary,0.16
Long only | SVR,2025-05-31,Energy,0.06
Long only | SVR,2025-05-31,Financials,0.36
Long only | SVR,2025-05-31,Health Care,0.14
Long only | SVR,2025-05-31,Industrials,0.0
Long only | SVR,2025-05-31,Information Technology,0.18000000000000002
Long only | SVR,2025-05-31,Materials,0.1
Long only | SVR,2025-06-30,Consumer Discretionary,0.16
Long only | SVR,2025-06-30,Energy,0.06
Long only | SVR,2025-06-30,Financials,0.4
Long only | SVR,2025-06-30,Health Care,0.14
Long only | SVR,2025-06-30,Industrials,0.0
Long only | SVR,2025-06-30,Information Technology,0.18000000000000002
Long only | SVR,2025-06-30,Materials,0.06
Long only | SVR,2025-07-31,Consumer Discretionary,0.22
Long only | SVR,2025-07-31,Energy,0.06
Long only | SVR,2025-07-31,Financials,0.4
Long only | SVR,2025-07-31,Health Care,0.14
Long only | SVR,2025-07-31,Industrials,0.0
Long only | SVR,2025-07-31,Information Technology,0.18000000000000002
Long only | SVR,2025-07-31,Materials,0.0
Long only | SVR,2025-08-31,Consumer Discretionary,0.06
Long only | SVR,2025-08-31,Energy,0.12
Long only | SVR,2025-08-31,Financials,0.4
Long only | SVR,2025-08-31,Health Care,0.14
Long only | SVR,2025-08-31,Industrials,0.0
Long only | SVR,2025-08-31,Information Technology,0.28
Long only | SVR,2025-08-31,Materials,0.0
Long only | SVR,2025-09-30,Consumer Discretionary,0.06
Long only | SVR,2025-09-30,Energy,0.12
Long only | SVR,2025-09-30,Financials,0.30000000000000004
Long only | SVR,2025-09-30,Health Care,0.14
Long only | SVR,2025-09-30,Industrials,0.0
Long only | SVR,2025-09-30,Information Technology,0.38
Long only | SVR,2025-09-30,Materials,0.0
Long only | SVR,2025-10-31,Consumer Discretionary,0.04000000000000001
Long only | SVR,2025-10-31,Energy,0.08000000000000002
Long only | SVR,2025-10-31,Financials,0.30000000000000004
Long only | SVR,2025-10-31,Health Care,0.16
Long only | SVR,2025-10-31,Industrials,0.0
Long only | SVR,2025-10-31,Information Technology,0.42000000000000004
Long only | SVR,2025-10-31,Materials,0.0
Long only | SVR,2025-11-30,Consumer Discretionary,0.1
Long only | SVR,2025-11-30,Energy,0.26
Long only | SVR,2025-11-30,Financials,0.34
Long only | SVR,2025-11-30,Health Care,0.1
Long only | SVR,2025-11-30,Industrials,0.0
Long only | SVR,2025-11-30,Information Technology,0.2
Long only | SVR,2025-11-30,Materials,0.0
Long only | SVR,2025-12-31,Consumer Discretionary,0.04000000000000001
Long only | SVR,2025-12-31,Energy,0.08000000000000002
Long only | SVR,2025-12-31,Financials,0.4
Long only | SVR,2025-12-31,Health Care,0.16
Long only | SVR,2025-12-31,Industrials,0.0
Long only | SVR,2025-12-31,Information Technology,0.32
Long only | SVR,2025-12-31,Materials,0.0
Long only | SVR,2026-01-31,Consumer Discretionary,0.12
Long only | SVR,2026-01-31,Energy,0.16
Long only | SVR,2026-01-31,Financials,0.4
Long only | SVR,2026-01-31,Health Care,0.14
Long only | SVR,2026-01-31,Industrials,0.0
Long only | SVR,2026-01-31,Information Technology,0.18000000000000002
Long only | SVR,2026-01-31,Materials,0.0
Long only | SVR,2026-02-28,Consumer Discretionary,0.24000000000000002
Long only | SVR,2026-02-28,Energy,0.14
Long only | SVR,2026-02-28,Financials,0.36
Long only | SVR,2026-02-28,Health Care,0.06
Long only | SVR,2026-02-28,Industrials,0.04000000000000001
Long only | SVR,2026-02-28,Information Technology,0.16
Long only | SVR,2026-02-28,Materials,0.0
Long only | SVR,2026-03-31,Consumer Discretionary,0.2
Long only | SVR,2026-03-31,Energy,0.14
Long only | SVR,2026-03-31,Financials,0.36
Long only | SVR,2026-03-31,Health Care,0.1
Long only | SVR,2026-03-31,Industrials,0.0
Long only | SVR,2026-03-31,Information Technology,0.16
Long only | SVR,2026-03-31,Materials,0.04000000000000001
Long only | SVR,2026-04-30,Consumer Discretionary,0.2
Long only | SVR,2026-04-30,Energy,0.14
Long only | SVR,2026-04-30,Financials,0.36
Long only | SVR,2026-04-30,Health Care,0.06
Long only | SVR,2026-04-30,Industrials,0.0
Long only | SVR,2026-04-30,Information Technology,0.2
Long only | SVR,2026-04-30,Materials,0.04000000000000001
Long only | SVR,2026-05-31,Consumer Discretionary,0.30000000000000004
Long only | SVR,2026-05-31,Energy,0.06
Long only | SVR,2026-05-31,Financials,0.28
Long only | SVR,2026-05-31,Health Care,0.04000000000000001
Long only | SVR,2026-05-31,Industrials,0.0
Long only | SVR,2026-05-31,Information Technology,0.26
Long only | SVR,2026-05-31,Materials,0.06
Long only | SVR,2026-06-30,Consumer Discretionary,0.26
Long only | SVR,2026-06-30,Energy,0.16
Long only | SVR,2026-06-30,Financials,0.28
Long only | SVR,2026-06-30,Health Care,0.04000000000000001
Long only | SVR,2026-06-30,Industrials,0.0
Long only | SVR,2026-06-30,Information Technology,0.2
Long only | SVR,2026-06-30,Materials,0.06
Long only | SVR,2026-07-31,Consumer Discretionary,0.22
Long only | SVR,2026-07-31,Energy,0.06
Long only | SVR,2026-07-31,Financials,0.2
Long only | SVR,2026-07-31,Health Care,0.04000000000000001
Long only | SVR,2026-07-31,Industrials,0.0
Long only | SVR,2026-07-31,Information Technology,0.48000000000000004
Long only | SVR,2026-07-31,Materials,0.0
Long only | SVR,2026-08-31,Consumer Discretionary,0.34
Long only | SVR,2026-08-31,Energy,0.04000000000000001
Long only | SVR,2026-08-31,Financials,0.32
Long only | SVR,2026-08-31,Health Care,0.06
Long only | SVR,2026-08-31,Industrials,0.0
Long only | SVR,2026-08-31,Information Technology,0.24000000000000002
Long only | SVR,2026-08-31,Materials,0.0
Long only | Random Forest,2024-12-31,Consumer Discretionary,0.24000000000000002
Long only | Random Forest,2024-12-31,Energy,0.04000000000000001
Long only | Random Forest,2024-12-31,Financials,0.24000000000000002
Long only | Random Forest,2024-12-31,Health Care,0.06
Long only | Random Forest,2024-12-31,Industrials,0.1
Long only | Random Forest,2024-12-31,Information Technology,0.22
Long only | Random Forest,2024-12-31,Materials,0.1
Long only | Random Forest,2025-01-31,Consumer Discretionary,0.16
Long only | Random Forest,2025-01-31,Energy,0.2
Long only | Random Forest,2025-01-31,Financials,0.30000000000000004
Long only | Random Forest,2025-01-31,Health Care,0.04000000000000001
Long only | Random Forest,2025-01-31,Industrials,0.06
Long only | Random Forest,2025-01-31,Information Technology,0.2
Long only | Random Forest,2025-01-31,Materials,0.04000000000000001
Long only | Random Forest,2025-02-28,Consumer Discretionary,0.14
Long only | Random Forest,2025-02-28,Energy,0.08000000000000002
Long only | Random Forest,2025-02-28,Financials,0.34
Long only | Random Forest,2025-02-28,Health Care,0.06
Long only | Random Forest,2025-02-28,Industrials,0.0
Long only | Random Forest,2025-02-28,Information Technology,0.32
Long only | Random Forest,2025-02-28,Materials,0.06
Long only | Random Forest,2025-03-31,Consumer Discretionary,0.04000000000000001
Long only | Random Forest,2025-03-31,Energy,0.08000000000000002
Long only | Random Forest,2025-03-31,Financials,0.34
Long only | Random Forest,2025-03-31,Health Care,0.06
Long only | Random Forest,2025-03-31,Industrials,0.0
Long only | Random Forest,2025-03-31,Information Technology,0.42000000000000004
Long only | Random Forest,2025-03-31,Materials,0.06
Long only | Random Forest,2025-04-30,Consumer Discretionary,0.14
Long only | Random Forest,2025-04-30,Energy,0.04000000000000001
Long only | Random Forest,2025-04-30,Financials,0.34
Long only | Random Forest,2025-04-30,Health Care,0.06
Long only | Random Forest,2025-04-30,Industrials,0.0
Long only | Random Forest,2025-04-30,Information Technology,0.32
Long only | Random Forest,2025-04-30,Materials,0.1
Long only | Random Forest,2025-05-31,Consumer Discretionary,0.14
Long only | Random Forest,2025-05-31,Energy,0.04000000000000001
Long only | Random Forest,2025-05-31,Financials,0.34
Long only | Random Forest,2025-05-31,Health Care,0.16
Long only | Random Forest,2025-05-31,Industrials,0.0
Long only | Random Forest,2025-05-31,Information Technology,0.22
Long only | Random Forest,2025-05-31,Materials,0.1
Long only | Random Forest,2025-06-30,Consumer Discretionary,0.14
Long only | Random Forest,2025-06-30,Energy,0.04000000000000001
Long only | Random Forest,2025-06-30,Financials,0.4
Long only | Random Forest,2025-06-30,Health Care,0.16
Long only | Random Forest,2025-06-30,Industrials,0.0
Long only | Random Forest,2025-06-30,Information Technology,0.22
Long only | Random Forest,2025-06-30,Materials,0.04000000000000001
Long only | Random Forest,2025-07-31,Consumer Discretionary,0.18000000000000002
Long only | Random Forest,2025-07-31,Energy,0.04000000000000001
Long only | Random Forest,2025-07-31,Financials,0.4
Long only | Random Forest,2025-07-31,Health Care,0.16
Long only | Random Forest,2025-07-31,Industrials,0.0
Long only | Random Forest,2025-07-31,Information Technology,0.22
Long only | Random Forest,2025-07-31,Materials,0.0
Long only | Random Forest,2025-08-31,Consumer Discretionary,0.04000000000000001
Long only | Random Forest,2025-08-31,Energy,0.08000000000000002
Long only | Random Forest,2025-08-31,Financials,0.4
Long only | Random Forest,2025-08-31,Health Care,0.16
Long only | Random Forest,2025-08-31,Industrials,0.0
Long only | Random Forest,2025-08-31,Information Technology,0.32
Long only | Random Forest,2025-08-31,Materials,0.0
Long only | Random Forest,2025-09-30,Consumer Discretionary,0.04000000000000001
Long only | Random Forest,2025-09-30,Energy,0.08000000000000002
Long only | Random Forest,2025-09-30,Financials,0.30000000000000004
Long only | Random Forest,2025-09-30,Health Care,0.16
Long only | Random Forest,2025-09-30,Industrials,0.0
Long only | Random Forest,2025-09-30,Information Technology,0.42000000000000004
Long only | Random Forest,2025-09-30,Materials,0.0
Long only | Random Forest,2025-10-31,Consumer Discretionary,0.04000000000000001
Long only | Random Forest,2025-10-31,Energy,0.08000000000000002
Long only | Random Forest,2025-10-31,Financials,0.30000000000000004
Long only | Random Forest,2025-10-31,Health Care,0.16
Long only | Random Forest,2025-10-31,Industrials,0.0
Long only | Random Forest,2025-10-31,Information Technology,0.42000000000000004
Long only | Random Forest,2025-10-31,Materials,0.0
Long only | Random Forest,2025-11-30,Consumer Discretionary,0.06
Long only | Random Forest,2025-11-30,Energy,0.22
Long only | Random Forest,2025-11-30,Financials,0.30000000000000004
Long only | Random Forest,2025-11-30,Health Care,0.14
Long only | Random Forest,2025-11-30,Industrials,0.0
Long only | Random Forest,2025-11-30,Information Technology,0.28
Long only | Random Forest,2025-11-30,Materials,0.0
Long only | Random Forest,2025-12-31,Consumer Discretionary,0.04000000000000001
Long only | Random Forest,2025-12-31,Energy,0.08000000000000002
Long only | Random Forest,2025-12-31,Financials,0.4
Long only | Random Forest,2025-12-31,Health Care,0.16
Long only | Random Forest,2025-12-31,Industrials,0.0
Long only | Random Forest,2025-12-31,Information Technology,0.32
Long only | Random Forest,2025-12-31,Materials,0.0
Long only | Random Forest,2026-01-31,Consumer Discretionary,0.08000000000000002
Long only | Random Forest,2026-01-31,Energy,0.14
Long only | Random Forest,2026-01-31,Financials,0.4
Long only | Random Forest,2026-01-31,Health Care,0.16
Long only | Random Forest,2026-01-31,Industrials,0.0
Long only | Random Forest,2026-01-31,Information Technology,0.22
Long only | Random Forest,2026-01-31,Materials,0.0
Long only | Random Forest,2026-02-28,Consumer Discretionary,0.14
Long only | Random Forest,2026-02-28,Energy,0.1
Long only | Random Forest,2026-02-28,Financials,0.34
Long only | Random Forest,2026-02-28,Health Care,0.1
Long only | Random Forest,2026-02-28,Industrials,0.06
Long only | Random Forest,2026-02-28,Information Technology,0.26
Long only | Random Forest,2026-02-28,Materials,0.0
Long only | Random Forest,2026-03-31,Consumer Discretionary,0.08000000000000002
Long only | Random Forest,2026-03-31,Energy,0.1
Long only | Random Forest,2026-03-31,Financials,0.34
Long only | Random Forest,2026-03-31,Health Care,0.16
Long only | Random Forest,2026-03-31,Industrials,0.0
Long only | Random Forest,2026-03-31,Information Technology,0.26
Long only | Random Forest,2026-03-31,Materials,0.06
Long only | Random Forest,2026-04-30,Consumer Discretionary,0.08000000000000002
Long only | Random Forest,2026-04-30,Energy,0.14
Long only | Random Forest,2026-04-30,Financials,0.30000000000000004
Long only | Random Forest,2026-04-30,Health Care,0.06
Long only | Random Forest,2026-04-30,Industrials,0.0
Long only | Random Forest,2026-04-30,Information Technology,0.32
Long only | Random Forest,2026-04-30,Materials,0.1
Long only | Random Forest,2026-05-31,Consumer Discretionary,0.12000000000000002
Long only | Random Forest,2026-05-31,Energy,0.1
Long only | Random Forest,2026-05-31,Financials,0.2
Long only | Random Forest,2026-05-31,Health Care,0.06
Long only | Random Forest,2026-05-31,Industrials,0.0
Long only | Random Forest,2026-05-31,Information Technology,0.42000000000000004
Long only | Random Forest,2026-05-31,Materials,0.1
Long only | Random Forest,2026-06-30,Consumer Discretionary,0.18000000000000002
Long only | Random Forest,2026-06-30,Energy,0.14
Long only | Random Forest,2026-06-30,Financials,0.2
Long only | Random Forest,2026-06-30,Health Care,0.06
Long only | Random Forest,2026-06-30,Industrials,0.0
Long only | Random Forest,2026-06-30,Information Technology,0.32
Long only | Random Forest,2026-06-30,Materials,0.1
Long only | Random Forest,2026-07-31,Consumer Discretionary,0.18000000000000002
Long only | Random Forest,2026-07-31,Energy,0.04000000000000001
Long only | Random Forest,2026-07-31,Financials,0.2
Long only | Random Forest,2026-07-31,Health Care,0.06
Long only | Random Forest,2026-07-31,Industrials,0.0
Long only | Random Forest,2026-07-31,Information Technology,0.52
Long only | Random Forest,2026-07-31,Materials,0.0
Long only | Random Forest,2026-08-31,Consumer Discretionary,0.28
Long only | Random Forest,2026-08-31,Energy,0.1
Long only | Random Forest,2026-08-31,Financials,0.2
Long only | Random Forest,2026-08-31,Health Care,0.04000000000000001
Long only | Random Forest,2026-08-31,Industrials,0.0
Long only | Random Forest,2026-08-31,Information Technology,0.38
Long only | Random Forest,2026-08-31,Materials,0.0
Long only | Extra Trees,2024-12-31,Consumer Discretionary,0.24000000000000002
Long only | Extra Trees,2024-12-31,Energy,0.04000000000000001
Long only | Extra Trees,2024-12-31,Financials,0.24000000000000002
Long only | Extra Trees,2024-12-31,Health Care,0.06
Long only | Extra Trees,2024-12-31,Industrials,0.1
Long only | Extra Trees,2024-12-31,Information Technology,0.22
Long only | Extra Trees,2024-12-31,Materials,0.1
Long only | Extra Trees,2025-01-31,Consumer Discretionary,0.16
Long only | Extra Trees,2025-01-31,Energy,0.2
Long only | Extra Trees,2025-01-31,Financials,0.30000000000000004
Long only | Extra Trees,2025-01-31,Health Care,0.04000000000000001
Long only | Extra Trees,2025-01-31,Industrials,0.06
Long only | Extra Trees,2025-01-31,Information Technology,0.2
Long only | Extra Trees,2025-01-31,Materials,0.04000000000000001
Long only | Extra Trees,2025-02-28,Consumer Discretionary,0.16
Long only | Extra Trees,2025-02-28,Energy,0.12
Long only | Extra Trees,2025-02-28,Financials,0.36
Long only | Extra Trees,2025-02-28,Health Care,0.04000000000000001
Long only | Extra Trees,2025-02-28,Industrials,0.0
Long only | Extra Trees,2025-02-28,Information Technology,0.28
Long only | Extra Trees,2025-02-28,Materials,0.04000000000000001
Long only | Extra Trees,2025-03-31,Consumer Discretionary,0.04000000000000001
Long only | Extra Trees,2025-03-31,Energy,0.08000000000000002
Long only | Extra Trees,2025-03-31,Financials,0.34
Long only | Extra Trees,2025-03-31,Health Care,0.06
Long only | Extra Trees,2025-03-31,Industrials,0.0
Long only | Extra Trees,2025-03-31,Information Technology,0.42000000000000004
Long only | Extra Trees,2025-03-31,Materials,0.06
Long only | Extra Trees,2025-04-30,Consumer Discretionary,0.14
Long only | Extra Trees,2025-04-30,Energy,0.04000000000000001
Long only | Extra Trees,2025-04-30,Financials,0.34
Long only | Extra Trees,2025-04-30,Health Care,0.06
Long only | Extra Trees,2025-04-30,Industrials,0.0
Long only | Extra Trees,2025-04-30,Information Technology,0.32
Long only | Extra Trees,2025-04-30,Materials,0.1
Long only | Extra Trees,2025-05-31,Consumer Discretionary,0.14
Long only | Extra Trees,2025-05-31,Energy,0.04000000000000001
Long only | Extra Trees,2025-05-31,Financials,0.34
Long only | Extra Trees,2025-05-31,Health Care,0.16
Long only | Extra Trees,2025-05-31,Industrials,0.0
Long only | Extra Trees,2025-05-31,Information Technology,0.22
Long only | Extra Trees,2025-05-31,Materials,0.1
Long only | Extra Trees,2025-06-30,Consumer Discretionary,0.14
Long only | Extra Trees,2025-06-30,Energy,0.04000000000000001
Long only | Extra Trees,2025-06-30,Financials,0.4
Long only | Extra Trees,2025-06-30,Health Care,0.16
Long only | Extra Trees,2025-06-30,Industrials,0.0
Long only | Extra Trees,2025-06-30,Information Technology,0.22
Long only | Extra Trees,2025-06-30,Materials,0.04000000000000001
Long only | Extra Trees,2025-07-31,Consumer Discretionary,0.18000000000000002
Long only | Extra Trees,2025-07-31,Energy,0.04000000000000001
Long only | Extra Trees,2025-07-31,Financials,0.4
Long only | Extra Trees,2025-07-31,Health Care,0.16
Long only | Extra Trees,2025-07-31,Industrials,0.0
Long only | Extra Trees,2025-07-31,Information Technology,0.22
Long only | Extra Trees,2025-07-31,Materials,0.0
Long only | Extra Trees,2025-08-31,Consumer Discretionary,0.04000000000000001
Long only | Extra Trees,2025-08-31,Energy,0.08000000000000002
Long only | Extra Trees,2025-08-31,Financials,0.4
Long only | Extra Trees,2025-08-31,Health Care,0.16
Long only | Extra Trees,2025-08-31,Industrials,0.0
Long only | Extra Trees,2025-08-31,Information Technology,0.32
Long only | Extra Trees,2025-08-31,Materials,0.0
Long only | Extra Trees,2025-09-30,Consumer Discretionary,0.04000000000000001
Long only | Extra Trees,2025-09-30,Energy,0.08000000000000002
Long only | Extra Trees,2025-09-30,Financials,0.30000000000000004
Long only | Extra Trees,2025-09-30,Health Care,0.16
Long only | Extra Trees,2025-09-30,Industrials,0.0
Long only | Extra Trees,2025-09-30,Information Technology,0.42000000000000004
Long only | Extra Trees,2025-09-30,Materials,0.0
Long only | Extra Trees,2025-10-31,Consumer Discretionary,0.04000000000000001
Long only | Extra Trees,2025-10-31,Energy,0.08000000000000002
Long only | Extra Trees,2025-10-31,Financials,0.30000000000000004
Long only | Extra Trees,2025-10-31,Health Care,0.16
Long only | Extra Trees,2025-10-31,Industrials,0.0
Long only | Extra Trees,2025-10-31,Information Technology,0.42000000000000004
Long only | Extra Trees,2025-10-31,Materials,0.0
Long only | Extra Trees,2025-11-30,Consumer Discretionary,0.06
Long only | Extra Trees,2025-11-30,Energy,0.22
Long only | Extra Trees,2025-11-30,Financials,0.30000000000000004
Long only | Extra Trees,2025-11-30,Health Care,0.14
Long only | Extra Trees,2025-11-30,Industrials,0.0
Long only | Extra Trees,2025-11-30,Information Technology,0.28
Long only | Extra Trees,2025-11-30,Materials,0.0
Long only | Extra Trees,2025-12-31,Consumer Discretionary,0.04000000000000001
Long only | Extra Trees,2025-12-31,Energy,0.08000000000000002
Long only | Extra Trees,2025-12-31,Financials,0.4
Long only | Extra Trees,2025-12-31,Health Care,0.16
Long only | Extra Trees,2025-12-31,Industrials,0.0
Long only | Extra Trees,2025-12-31,Information Technology,0.32
Long only | Extra Trees,2025-12-31,Materials,0.0
Long only | Extra Trees,2026-01-31,Consumer Discretionary,0.08000000000000002
Long only | Extra Trees,2026-01-31,Energy,0.14
Long only | Extra Trees,2026-01-31,Financials,0.4
Long only | Extra Trees,2026-01-31,Health Care,0.16
Long only | Extra Trees,2026-01-31,Industrials,0.0
Long only | Extra Trees,2026-01-31,Information Technology,0.22
Long only | Extra Trees,2026-01-31,Materials,0.0
Long only | Extra Trees,2026-02-28,Consumer Discretionary,0.16
Long only | Extra Trees,2026-02-28,Energy,0.1
Long only | Extra Trees,2026-02-28,Financials,0.36
Long only | Extra Trees,2026-02-28,Health Care,0.1
Long only | Extra Trees,2026-02-28,Industrials,0.04000000000000001
Long only | Extra Trees,2026-02-28,Information Technology,0.24000000000000002
Long only | Extra Trees,2026-02-28,Materials,0.0
Long only | Extra Trees,2026-03-31,Consumer Discretionary,0.08000000000000002
Long only | Extra Trees,2026-03-31,Energy,0.1
Long only | Extra Trees,2026-03-31,Financials,0.34
Long only | Extra Trees,2026-03-31,Health Care,0.16
Long only | Extra Trees,2026-03-31,Industrials,0.0
Long only | Extra Trees,2026-03-31,Information Technology,0.26
Long only | Extra Trees,2026-03-31,Materials,0.06
Long only | Extra Trees,2026-04-30,Consumer Discretionary,0.08000000000000002
Long only | Extra Trees,2026-04-30,Energy,0.14
Long only | Extra Trees,2026-04-30,Financials,0.30000000000000004
Long only | Extra Trees,2026-04-30,Health Care,0.06
Long only | Extra Trees,2026-04-30,Industrials,0.0
Long only | Extra Trees,2026-04-30,Information Technology,0.32
Long only | Extra Trees,2026-04-30,Materials,0.1
Long only | Extra Trees,2026-05-31,Consumer Discretionary,0.12000000000000002
Long only | Extra Trees,2026-05-31,Energy,0.1
Long only | Extra Trees,2026-05-31,Financials,0.2
Long only | Extra Trees,2026-05-31,Health Care,0.06
Long only | Extra Trees,2026-05-31,Industrials,0.0
Long only | Extra Trees,2026-05-31,Information Technology,0.42000000000000004
Long only | Extra Trees,2026-05-31,Materials,0.1
Long only | Extra Trees,2026-06-30,Consumer Discretionary,0.18000000000000002
Long only | Extra Trees,2026-06-30,Energy,0.14
Long only | Extra Trees,2026-06-30,Financials,0.2
Long only | Extra Trees,2026-06-30,Health Care,0.06
Long only | Extra Trees,2026-06-30,Industrials,0.0
Long only | Extra Trees,2026-06-30,Information Technology,0.32
Long only | Extra Trees,2026-06-30,Materials,0.1
Long only | Extra Trees,2026-07-31,Consumer Discretionary,0.18000000000000002
Long only | Extra Trees,2026-07-31,Energy,0.04000000000000001
Long only | Extra Trees,2026-07-31,Financials,0.2
Long only | Extra Trees,2026-07-31,Health Care,0.06
Long only | Extra Trees,2026-07-31,Industrials,0.0
Long only | Extra Trees,2026-07-31,Information Technology,0.52
Long only | Extra Trees,2026-07-31,Materials,0.0
Long only | Extra Trees,2026-08-31,Consumer Discretionary,0.36
Long only | Extra Trees,2026-08-31,Energy,0.06
Long only | Extra Trees,2026-08-31,Financials,0.28
Long only | Extra Trees,2026-08-31,Health Care,0.04000000000000001
Long only | Extra Trees,2026-08-31,Industrials,0.0
Long only | Extra Trees,2026-08-31,Information Technology,0.26
Long only | Extra Trees,2026-08-31,Materials,0.0
Long only | XGBoost,2024-12-31,Consumer Discretionary,0.14
Long only | XGBoost,2024-12-31,Energy,0.06
Long only | XGBoost,2024-12-31,Financials,0.26
Long only | XGBoost,2024-12-31,Health Care,0.1
Long only | XGBoost,2024-12-31,Industrials,0.04000000000000001
Long only | XGBoost,2024-12-31,Information Technology,0.24000000000000002
Long only | XGBoost,2024-12-31,Materials,0.16
Long only | XGBoost,2025-01-31,Consumer Discretionary,0.16
Long only | XGBoost,2025-01-31,Energy,0.12
Long only | XGBoost,2025-01-31,Financials,0.26
Long only | XGBoost,2025-01-31,Health Care,0.04000000000000001
Long only | XGBoost,2025-01-31,Industrials,0.1
Long only | XGBoost,2025-01-31,Information Technology,0.28
Long only | XGBoost,2025-01-31,Materials,0.04000000000000001
Long only | XGBoost,2025-02-28,Consumer Discretionary,0.16
Long only | XGBoost,2025-02-28,Energy,0.12
Long only | XGBoost,2025-02-28,Financials,0.36
Long only | XGBoost,2025-02-28,Health Care,0.04000000000000001
Long only | XGBoost,2025-02-28,Industrials,0.0
Long only | XGBoost,2025-02-28,Information Technology,0.28
Long only | XGBoost,2025-02-28,Materials,0.04000000000000001
Long only | XGBoost,2025-03-31,Consumer Discretionary,0.06
Long only | XGBoost,2025-03-31,Energy,0.12
Long only | XGBoost,2025-03-31,Financials,0.36
Long only | XGBoost,2025-03-31,Health Care,0.04000000000000001
Long only | XGBoost,2025-03-31,Industrials,0.0
Long only | XGBoost,2025-03-31,Information Technology,0.38
Long only | XGBoost,2025-03-31,Materials,0.04000000000000001
Long only | XGBoost,2025-04-30,Consumer Discretionary,0.16
Long only | XGBoost,2025-04-30,Energy,0.06
Long only | XGBoost,2025-04-30,Financials,0.36
Long only | XGBoost,2025-04-30,Health Care,0.04000000000000001
Long only | XGBoost,2025-04-30,Industrials,0.0
Long only | XGBoost,2025-04-30,Information Technology,0.28
Long only | XGBoost,2025-04-30,Materials,0.1
Long only | XGBoost,2025-05-31,Consumer Discretionary,0.1
Long only | XGBoost,2025-05-31,Energy,0.06
Long only | XGBoost,2025-05-31,Financials,0.30000000000000004
Long only | XGBoost,2025-05-31,Health Care,0.14
Long only | XGBoost,2025-05-31,Industrials,0.0
Long only | XGBoost,2025-05-31,Information Technology,0.24000000000000002
Long only | XGBoost,2025-05-31,Materials,0.16
Long only | XGBoost,2025-06-30,Consumer Discretionary,0.1
Long only | XGBoost,2025-06-30,Energy,0.04000000000000001
Long only | XGBoost,2025-06-30,Financials,0.4
Long only | XGBoost,2025-06-30,Health Care,0.16
Long only | XGBoost,2025-06-30,Industrials,0.0
Long only | XGBoost,2025-06-30,Information Technology,0.26
Long only | XGBoost,2025-06-30,Materials,0.04000000000000001
Long only | XGBoost,2025-07-31,Consumer Discretionary,0.14
Long only | XGBoost,2025-07-31,Energy,0.04000000000000001
Long only | XGBoost,2025-07-31,Financials,0.4
Long only | XGBoost,2025-07-31,Health Care,0.16
Long only | XGBoost,2025-07-31,Industrials,0.0
Long only | XGBoost,2025-07-31,Information Technology,0.26
Long only | XGBoost,2025-07-31,Materials,0.0
Long only | XGBoost,2025-08-31,Consumer Discretionary,0.04000000000000001
Long only | XGBoost,2025-08-31,Energy,0.08000000000000002
Long only | XGBoost,2025-08-31,Financials,0.4
Long only | XGBoost,2025-08-31,Health Care,0.16
Long only | XGBoost,2025-08-31,Industrials,0.0
Long only | XGBoost,2025-08-31,Information Technology,0.32
Long only | XGBoost,2025-08-31,Materials,0.0
Long only | XGBoost,2025-09-30,Consumer Discretionary,0.06
Long only | XGBoost,2025-09-30,Energy,0.12
Long only | XGBoost,2025-09-30,Financials,0.30000000000000004
Long only | XGBoost,2025-09-30,Health Care,0.14
Long only | XGBoost,2025-09-30,Industrials,0.0
Long only | XGBoost,2025-09-30,Information Technology,0.38
Long only | XGBoost,2025-09-30,Materials,0.0
Long only | XGBoost,2025-10-31,Consumer Discretionary,0.04000000000000001
Long only | XGBoost,2025-10-31,Energy,0.08000000000000002
Long only | XGBoost,2025-10-31,Financials,0.30000000000000004
Long only | XGBoost,2025-10-31,Health Care,0.16
Long only | XGBoost,2025-10-31,Industrials,0.0
Long only | XGBoost,2025-10-31,Information Technology,0.42000000000000004
Long only | XGBoost,2025-10-31,Materials,0.0
Long only | XGBoost,2025-11-30,Consumer Discretionary,0.1
Long only | XGBoost,2025-11-30,Energy,0.26
Long only | XGBoost,2025-11-30,Financials,0.34
Long only | XGBoost,2025-11-30,Health Care,0.1
Long only | XGBoost,2025-11-30,Industrials,0.0
Long only | XGBoost,2025-11-30,Information Technology,0.2
Long only | XGBoost,2025-11-30,Materials,0.0
Long only | XGBoost,2025-12-31,Consumer Discretionary,0.04000000000000001
Long only | XGBoost,2025-12-31,Energy,0.08000000000000002
Long only | XGBoost,2025-12-31,Financials,0.4
Long only | XGBoost,2025-12-31,Health Care,0.16
Long only | XGBoost,2025-12-31,Industrials,0.0
Long only | XGBoost,2025-12-31,Information Technology,0.32
Long only | XGBoost,2025-12-31,Materials,0.0
Long only | XGBoost,2026-01-31,Consumer Discretionary,0.2
Long only | XGBoost,2026-01-31,Energy,0.16
Long only | XGBoost,2026-01-31,Financials,0.4
Long only | XGBoost,2026-01-31,Health Care,0.1
Long only | XGBoost,2026-01-31,Industrials,0.0
Long only | XGBoost,2026-01-31,Information Technology,0.14
Long only | XGBoost,2026-01-31,Materials,0.0
Long only | XGBoost,2026-02-28,Consumer Discretionary,0.26
Long only | XGBoost,2026-02-28,Energy,0.16
Long only | XGBoost,2026-02-28,Financials,0.34
Long only | XGBoost,2026-02-28,Health Care,0.04000000000000001
Long only | XGBoost,2026-02-28,Industrials,0.06
Long only | XGBoost,2026-02-28,Information Technology,0.14
Long only | XGBoost,2026-02-28,Materials,0.0
Long only | XGBoost,2026-03-31,Consumer Discretionary,0.2
Long only | XGBoost,2026-03-31,Energy,0.14
Long only | XGBoost,2026-03-31,Financials,0.36
Long only | XGBoost,2026-03-31,Health Care,0.1
Long only | XGBoost,2026-03-31,Industrials,0.0
Long only | XGBoost,2026-03-31,Information Technology,0.16
Long only | XGBoost,2026-03-31,Materials,0.04000000000000001
Long only | XGBoost,2026-04-30,Consumer Discretionary,0.08000000000000002
Long only | XGBoost,2026-04-30,Energy,0.1
Long only | XGBoost,2026-04-30,Financials,0.34
Long only | XGBoost,2026-04-30,Health Care,0.1
Long only | XGBoost,2026-04-30,Industrials,0.0
Long only | XGBoost,2026-04-30,Information Technology,0.32
Long only | XGBoost,2026-04-30,Materials,0.06
Long only | XGBoost,2026-05-31,Consumer Discretionary,0.18
Long only | XGBoost,2026-05-31,Energy,0.1
Long only | XGBoost,2026-05-31,Financials,0.2
Long only | XGBoost,2026-05-31,Health Care,0.04000000000000001
Long only | XGBoost,2026-05-31,Industrials,0.0
Long only | XGBoost,2026-05-31,Information Technology,0.38
Long only | XGBoost,2026-05-31,Materials,0.1
Long only | XGBoost,2026-06-30,Consumer Discretionary,0.22
Long only | XGBoost,2026-06-30,Energy,0.16
Long only | XGBoost,2026-06-30,Financials,0.2
Long only | XGBoost,2026-06-30,Health Care,0.04000000000000001
Long only | XGBoost,2026-06-30,Industrials,0.0
Long only | XGBoost,2026-06-30,Information Technology,0.28
Long only | XGBoost,2026-06-30,Materials,0.1
Long only | XGBoost,2026-07-31,Consumer Discretionary,0.26
Long only | XGBoost,2026-07-31,Energy,0.1
Long only | XGBoost,2026-07-31,Financials,0.28
Long only | XGBoost,2026-07-31,Health Care,0.04000000000000001
Long only | XGBoost,2026-07-31,Industrials,0.0
Long only | XGBoost,2026-07-31,Information Technology,0.32
Long only | XGBoost,2026-07-31,Materials,0.0
Long only | XGBoost,2026-08-31,Consumer Discretionary,0.36
Long only | XGBoost,2026-08-31,Energy,0.06
Long only | XGBoost,2026-08-31,Financials,0.28
Long only | XGBoost,2026-08-31,Health Care,0.04000000000000001
Long only | XGBoost,2026-08-31,Industrials,0.0
Long only | XGBoost,2026-08-31,Information Technology,0.26
Long only | XGBoost,2026-08-31,Materials,0.0
Long only | MLP,2024-12-31,Consumer Discretionary,0.16
Long only | MLP,2024-12-31,Energy,0.04000000000000001
Long only | MLP,2024-12-31,Financials,0.24000000000000002
Long only | MLP,2024-12-31,Health Care,0.1
Long only | MLP,2024-12-31,Industrials,0.06
Long only | MLP,2024-12-31,Information Technology,0.26
Long only | MLP,2024-12-31,Materials,0.14
Long only | MLP,2025-01-31,Consumer Discretionary,0.16
Long only | MLP,2025-01-31,Energy,0.12
Long only | MLP,2025-01-31,Financials,0.26
Long only | MLP,2025-01-31,Health Care,0.04000000000000001
Long only | MLP,2025-01-31,Industrials,0.1
Long only | MLP,2025-01-31,Information Technology,0.28
Long only | MLP,2025-01-31,Materials,0.04000000000000001
Long only | MLP,2025-02-28,Consumer Discretionary,0.16
Long only | MLP,2025-02-28,Energy,0.2
Long only | MLP,2025-02-28,Financials,0.36
Long only | MLP,2025-02-28,Health Care,0.04000000000000001
Long only | MLP,2025-02-28,Industrials,0.0
Long only | MLP,2025-02-28,Information Technology,0.2
Long only | MLP,2025-02-28,Materials,0.04000000000000001
Long only | MLP,2025-03-31,Consumer Discretionary,0.04000000000000001
Long only | MLP,2025-03-31,Energy,0.08000000000000002
Long only | MLP,2025-03-31,Financials,0.34
Long only | MLP,2025-03-31,Health Care,0.06
Long only | MLP,2025-03-31,Industrials,0.0
Long only | MLP,2025-03-31,Information Technology,0.42000000000000004
Long only | MLP,2025-03-31,Materials,0.06
Long only | MLP,2025-04-30,Consumer Discretionary,0.16
Long only | MLP,2025-04-30,Energy,0.06
Long only | MLP,2025-04-30,Financials,0.36
Long only | MLP,2025-04-30,Health Care,0.04000000000000001
Long only | MLP,2025-04-30,Industrials,0.0
Long only | MLP,2025-04-30,Information Technology,0.28
Long only | MLP,2025-04-30,Materials,0.1
Long only | MLP,2025-05-31,Consumer Discretionary,0.16
Long only | MLP,2025-05-31,Energy,0.06
Long only | MLP,2025-05-31,Financials,0.36
Long only | MLP,2025-05-31,Health Care,0.14
Long only | MLP,2025-05-31,Industrials,0.0
Long only | MLP,2025-05-31,Information Technology,0.18000000000000002
Long only | MLP,2025-05-31,Materials,0.1
Long only | MLP,2025-06-30,Consumer Discretionary,0.1
Long only | MLP,2025-06-30,Energy,0.04000000000000001
Long only | MLP,2025-06-30,Financials,0.4
Long only | MLP,2025-06-30,Health Care,0.16
Long only | MLP,2025-06-30,Industrials,0.0
Long only | MLP,2025-06-30,Information Technology,0.26
Long only | MLP,2025-06-30,Materials,0.04000000000000001
Long only | MLP,2025-07-31,Consumer Discretionary,0.18000000000000002
Long only | MLP,2025-07-31,Energy,0.04000000000000001
Long only | MLP,2025-07-31,Financials,0.4
Long only | MLP,2025-07-31,Health Care,0.16
Long only | MLP,2025-07-31,Industrials,0.0
Long only | MLP,2025-07-31,Information Technology,0.22
Long only | MLP,2025-07-31,Materials,0.0
Long only | MLP,2025-08-31,Consumer Discretionary,0.04000000000000001
Long only | MLP,2025-08-31,Energy,0.08000000000000002
Long only | MLP,2025-08-31,Financials,0.4
Long only | MLP,2025-08-31,Health Care,0.16
Long only | MLP,2025-08-31,Industrials,0.0
Long only | MLP,2025-08-31,Information Technology,0.32
Long only | MLP,2025-08-31,Materials,0.0
Long only | MLP,2025-09-30,Consumer Discretionary,0.06
Long only | MLP,2025-09-30,Energy,0.12
Long only | MLP,2025-09-30,Financials,0.30000000000000004
Long only | MLP,2025-09-30,Health Care,0.14
Long only | MLP,2025-09-30,Industrials,0.0
Long only | MLP,2025-09-30,Information Technology,0.38
Long only | MLP,2025-09-30,Materials,0.0
Long only | MLP,2025-10-31,Consumer Discretionary,0.04000000000000001
Long only | MLP,2025-10-31,Energy,0.08000000000000002
Long only | MLP,2025-10-31,Financials,0.30000000000000004
Long only | MLP,2025-10-31,Health Care,0.16
Long only | MLP,2025-10-31,Industrials,0.0
Long only | MLP,2025-10-31,Information Technology,0.42000000000000004
Long only | MLP,2025-10-31,Materials,0.0
Long only | MLP,2025-11-30,Consumer Discretionary,0.06
Long only | MLP,2025-11-30,Energy,0.22
Long only | MLP,2025-11-30,Financials,0.30000000000000004
Long only | MLP,2025-11-30,Health Care,0.14
Long only | MLP,2025-11-30,Industrials,0.0
Long only | MLP,2025-11-30,Information Technology,0.28
Long only | MLP,2025-11-30,Materials,0.0
Long only | MLP,2025-12-31,Consumer Discretionary,0.06
Long only | MLP,2025-12-31,Energy,0.12
Long only | MLP,2025-12-31,Financials,0.4
Long only | MLP,2025-12-31,Health Care,0.14
Long only | MLP,2025-12-31,Industrials,0.0
Long only | MLP,2025-12-31,Information Technology,0.28
Long only | MLP,2025-12-31,Materials,0.0
Long only | MLP,2026-01-31,Consumer Discretionary,0.08000000000000002
Long only | MLP,2026-01-31,Energy,0.14
Long only | MLP,2026-01-31,Financials,0.4
Long only | MLP,2026-01-31,Health Care,0.16
Long only | MLP,2026-01-31,Industrials,0.0
Long only | MLP,2026-01-31,Information Technology,0.22
Long only | MLP,2026-01-31,Materials,0.0
Long only | MLP,2026-02-28,Consumer Discretionary,0.16
Long only | MLP,2026-02-28,Energy,0.1
Long only | MLP,2026-02-28,Financials,0.36
Long only | MLP,2026-02-28,Health Care,0.1
Long only | MLP,2026-02-28,Industrials,0.04000000000000001
Long only | MLP,2026-02-28,Information Technology,0.24000000000000002
Long only | MLP,2026-02-28,Materials,0.0
Long only | MLP,2026-03-31,Consumer Discretionary,0.2
Long only | MLP,2026-03-31,Energy,0.14
Long only | MLP,2026-03-31,Financials,0.36
Long only | MLP,2026-03-31,Health Care,0.1
Long only | MLP,2026-03-31,Industrials,0.0
Long only | MLP,2026-03-31,Information Technology,0.16
Long only | MLP,2026-03-31,Materials,0.04000000000000001
Long only | MLP,2026-04-30,Consumer Discretionary,0.12
Long only | MLP,2026-04-30,Energy,0.1
Long only | MLP,2026-04-30,Financials,0.36
Long only | MLP,2026-04-30,Health Care,0.1
Long only | MLP,2026-04-30,Industrials,0.0
Long only | MLP,2026-04-30,Information Technology,0.28
Long only | MLP,2026-04-30,Materials,0.04000000000000001
Long only | MLP,2026-05-31,Consumer Discretionary,0.18
Long only | MLP,2026-05-31,Energy,0.1
Long only | MLP,2026-05-31,Financials,0.2
Long only | MLP,2026-05-31,Health Care,0.04000000000000001
Long only | MLP,2026-05-31,Industrials,0.0
Long only | MLP,2026-05-31,Information Technology,0.38
Long only | MLP,2026-05-31,Materials,0.1
Long only | MLP,2026-06-30,Consumer Discretionary,0.24000000000000002
Long only | MLP,2026-06-30,Energy,0.14
Long only | MLP,2026-06-30,Financials,0.32
Long only | MLP,2026-06-30,Health Care,0.06
Long only | MLP,2026-06-30,Industrials,0.0
Long only | MLP,2026-06-30,Information Technology,0.2
Long only | MLP,2026-06-30,Materials,0.04000000000000001
Long only | MLP,2026-07-31,Consumer Discretionary,0.16
Long only | MLP,2026-07-31,Energy,0.06
Long only | MLP,2026-07-31,Financials,0.32
Long only | MLP,2026-07-31,Health Care,0.1
Long only | MLP,2026-07-31,Industrials,0.0
Long only | MLP,2026-07-31,Information Technology,0.36000000000000004
Long only | MLP,2026-07-31,Materials,0.0
Long only | MLP,2026-08-31,Consumer Discretionary,0.28
Long only | MLP,2026-08-31,Energy,0.1
Long only | MLP,2026-08-31,Financials,0.2
Long only | MLP,2026-08-31,Health Care,0.04000000000000001
Long only | MLP,2026-08-31,Industrials,0.0
Long only | MLP,2026-08-31,Information Technology,0.38
Long only | MLP,2026-08-31,Materials,0.0
Long only | LSTM,2024-12-31,Consumer Discretionary,0.26
Long only | LSTM,2024-12-31,Energy,0.06
Long only | LSTM,2024-12-31,Financials,0.26
Long only | LSTM,2024-12-31,Health Care,0.04000000000000001
Long only | LSTM,2024-12-31,Industrials,0.1
Long only | LSTM,2024-12-31,Information Technology,0.18000000000000002
Long only | LSTM,2024-12-31,Materials,0.1
Long only | LSTM,2025-01-31,Consumer Discretionary,0.16
Long only | LSTM,2025-01-31,Energy,0.12
Long only | LSTM,2025-01-31,Financials,0.26
Long only | LSTM,2025-01-31,Health Care,0.04000000000000001
Long only | LSTM,2025-01-31,Industrials,0.1
Long only | LSTM,2025-01-31,Information Technology,0.28
Long only | LSTM,2025-01-31,Materials,0.04000000000000001
Long only | LSTM,2025-02-28,Consumer Discretionary,0.14
Long only | LSTM,2025-02-28,Energy,0.08000000000000002
Long only | LSTM,2025-02-28,Financials,0.34
Long only | LSTM,2025-02-28,Health Care,0.06
Long only | LSTM,2025-02-28,Industrials,0.0
Long only | LSTM,2025-02-28,Information Technology,0.32
Long only | LSTM,2025-02-28,Materials,0.06
Long only | LSTM,2025-03-31,Consumer Discretionary,0.04000000000000001
Long only | LSTM,2025-03-31,Energy,0.08000000000000002
Long only | LSTM,2025-03-31,Financials,0.34
Long only | LSTM,2025-03-31,Health Care,0.06
Long only | LSTM,2025-03-31,Industrials,0.0
Long only | LSTM,2025-03-31,Information Technology,0.42000000000000004
Long only | LSTM,2025-03-31,Materials,0.06
Long only | LSTM,2025-04-30,Consumer Discretionary,0.16
Long only | LSTM,2025-04-30,Energy,0.06
Long only | LSTM,2025-04-30,Financials,0.36
Long only | LSTM,2025-04-30,Health Care,0.04000000000000001
Long only | LSTM,2025-04-30,Industrials,0.0
Long only | LSTM,2025-04-30,Information Technology,0.28
Long only | LSTM,2025-04-30,Materials,0.1
Long only | LSTM,2025-05-31,Consumer Discretionary,0.14
Long only | LSTM,2025-05-31,Energy,0.04000000000000001
Long only | LSTM,2025-05-31,Financials,0.34
Long only | LSTM,2025-05-31,Health Care,0.16
Long only | LSTM,2025-05-31,Industrials,0.0
Long only | LSTM,2025-05-31,Information Technology,0.22
Long only | LSTM,2025-05-31,Materials,0.1
Long only | LSTM,2025-06-30,Consumer Discretionary,0.14
Long only | LSTM,2025-06-30,Energy,0.04000000000000001
Long only | LSTM,2025-06-30,Financials,0.4
Long only | LSTM,2025-06-30,Health Care,0.16
Long only | LSTM,2025-06-30,Industrials,0.0
Long only | LSTM,2025-06-30,Information Technology,0.22
Long only | LSTM,2025-06-30,Materials,0.04000000000000001
Long only | LSTM,2025-07-31,Consumer Discretionary,0.22
Long only | LSTM,2025-07-31,Energy,0.06
Long only | LSTM,2025-07-31,Financials,0.4
Long only | LSTM,2025-07-31,Health Care,0.14
Long only | LSTM,2025-07-31,Industrials,0.0
Long only | LSTM,2025-07-31,Information Technology,0.18000000000000002
Long only | LSTM,2025-07-31,Materials,0.0
Long only | LSTM,2025-08-31,Consumer Discretionary,0.04000000000000001
Long only | LSTM,2025-08-31,Energy,0.08000000000000002
Long only | LSTM,2025-08-31,Financials,0.4
Long only | LSTM,2025-08-31,Health Care,0.16
Long only | LSTM,2025-08-31,Industrials,0.0
Long only | LSTM,2025-08-31,Information Technology,0.32
Long only | LSTM,2025-08-31,Materials,0.0
Long only | LSTM,2025-09-30,Consumer Discretionary,0.04000000000000001
Long only | LSTM,2025-09-30,Energy,0.08000000000000002
Long only | LSTM,2025-09-30,Financials,0.30000000000000004
Long only | LSTM,2025-09-30,Health Care,0.16
Long only | LSTM,2025-09-30,Industrials,0.0
Long only | LSTM,2025-09-30,Information Technology,0.42000000000000004
Long only | LSTM,2025-09-30,Materials,0.0
Long only | LSTM,2025-10-31,Consumer Discretionary,0.04000000000000001
Long only | LSTM,2025-10-31,Energy,0.08000000000000002
Long only | LSTM,2025-10-31,Financials,0.30000000000000004
Long only | LSTM,2025-10-31,Health Care,0.16
Long only | LSTM,2025-10-31,Industrials,0.0
Long only | LSTM,2025-10-31,Information Technology,0.42000000000000004
Long only | LSTM,2025-10-31,Materials,0.0
Long only | LSTM,2025-11-30,Consumer Discretionary,0.04000000000000001
Long only | LSTM,2025-11-30,Energy,0.14
Long only | LSTM,2025-11-30,Financials,0.34
Long only | LSTM,2025-11-30,Health Care,0.16
Long only | LSTM,2025-11-30,Industrials,0.0
Long only | LSTM,2025-11-30,Information Technology,0.32
Long only | LSTM,2025-11-30,Materials,0.0
Long only | LSTM,2025-12-31,Consumer Discretionary,0.06
Long only | LSTM,2025-12-31,Energy,0.12
Long only | LSTM,2025-12-31,Financials,0.4
Long only | LSTM,2025-12-31,Health Care,0.14
Long only | LSTM,2025-12-31,Industrials,0.0
Long only | LSTM,2025-12-31,Information Technology,0.28
Long only | LSTM,2025-12-31,Materials,0.0
Long only | LSTM,2026-01-31,Consumer Discretionary,0.12
Long only | LSTM,2026-01-31,Energy,0.16
Long only | LSTM,2026-01-31,Financials,0.4
Long only | LSTM,2026-01-31,Health Care,0.14
Long only | LSTM,2026-01-31,Industrials,0.0
Long only | LSTM,2026-01-31,Information Technology,0.18000000000000002
Long only | LSTM,2026-01-31,Materials,0.0
Long only | LSTM,2026-02-28,Consumer Discretionary,0.18000000000000002
Long only | LSTM,2026-02-28,Energy,0.14
Long only | LSTM,2026-02-28,Financials,0.30000000000000004
Long only | LSTM,2026-02-28,Health Care,0.06
Long only | LSTM,2026-02-28,Industrials,0.1
Long only | LSTM,2026-02-28,Information Technology,0.22
Long only | LSTM,2026-02-28,Materials,0.0
Long only | LSTM,2026-03-31,Consumer Discretionary,0.12
Long only | LSTM,2026-03-31,Energy,0.1
Long only | LSTM,2026-03-31,Financials,0.36
Long only | LSTM,2026-03-31,Health Care,0.14
Long only | LSTM,2026-03-31,Industrials,0.0
Long only | LSTM,2026-03-31,Information Technology,0.24000000000000002
Long only | LSTM,2026-03-31,Materials,0.04000000000000001
Long only | LSTM,2026-04-30,Consumer Discretionary,0.08000000000000002
Long only | LSTM,2026-04-30,Energy,0.14
Long only | LSTM,2026-04-30,Financials,0.30000000000000004
Long only | LSTM,2026-04-30,Health Care,0.06
Long only | LSTM,2026-04-30,Industrials,0.0
Long only | LSTM,2026-04-30,Information Technology,0.32
Long only | LSTM,2026-04-30,Materials,0.1
Long only | LSTM,2026-05-31,Consumer Discretionary,0.12000000000000002
Long only | LSTM,2026-05-31,Energy,0.1
Long only | LSTM,2026-05-31,Financials,0.2
Long only | LSTM,2026-05-31,Health Care,0.06
Long only | LSTM,2026-05-31,Industrials,0.0
Long only | LSTM,2026-05-31,Information Technology,0.42000000000000004
Long only | LSTM,2026-05-31,Materials,0.1
Long only | LSTM,2026-06-30,Consumer Discretionary,0.18000000000000002
Long only | LSTM,2026-06-30,Energy,0.14
Long only | LSTM,2026-06-30,Financials,0.2
Long only | LSTM,2026-06-30,Health Care,0.06
Long only | LSTM,2026-06-30,Industrials,0.0
Long only | LSTM,2026-06-30,Information Technology,0.32
Long only | LSTM,2026-06-30,Materials,0.1
Long only | LSTM,2026-07-31,Consumer Discretionary,0.14
Long only | LSTM,2026-07-31,Energy,0.04000000000000001
Long only | LSTM,2026-07-31,Financials,0.28
Long only | LSTM,2026-07-31,Health Care,0.1
Long only | LSTM,2026-07-31,Industrials,0.0
Long only | LSTM,2026-07-31,Information Technology,0.44
Long only | LSTM,2026-07-31,Materials,0.0
Long only | LSTM,2026-08-31,Consumer Discretionary,0.22
Long only | LSTM,2026-08-31,Energy,0.04000000000000001
Long only | LSTM,2026-08-31,Financials,0.32
Long only | LSTM,2026-08-31,Health Care,0.1
Long only | LSTM,2026-08-31,Industrials,0.0
Long only | LSTM,2026-08-31,Information Technology,0.32000000000000006
Long only | LSTM,2026-08-31,Materials,0.0
Long only | CNN,2024-12-31,Consumer Discretionary,0.26
Long only | CNN,2024-12-31,Energy,0.06
Long only | CNN,2024-12-31,Financials,0.26
Long only | CNN,2024-12-31,Health Care,0.04000000000000001
Long only | CNN,2024-12-31,Industrials,0.1
Long only | CNN,2024-12-31,Information Technology,0.18000000000000002
Long only | CNN,2024-12-31,Materials,0.1
Long only | CNN,2025-01-31,Consumer Discretionary,0.16
Long only | CNN,2025-01-31,Energy,0.12
Long only | CNN,2025-01-31,Financials,0.26
Long only | CNN,2025-01-31,Health Care,0.04000000000000001
Long only | CNN,2025-01-31,Industrials,0.1
Long only | CNN,2025-01-31,Information Technology,0.28
Long only | CNN,2025-01-31,Materials,0.04000000000000001
Long only | CNN,2025-02-28,Consumer Discretionary,0.16
Long only | CNN,2025-02-28,Energy,0.12
Long only | CNN,2025-02-28,Financials,0.36
Long only | CNN,2025-02-28,Health Care,0.04000000000000001
Long only | CNN,2025-02-28,Industrials,0.0
Long only | CNN,2025-02-28,Information Technology,0.28
Long only | CNN,2025-02-28,Materials,0.04000000000000001
Long only | CNN,2025-03-31,Consumer Discretionary,0.04000000000000001
Long only | CNN,2025-03-31,Energy,0.08000000000000002
Long only | CNN,2025-03-31,Financials,0.34
Long only | CNN,2025-03-31,Health Care,0.06
Long only | CNN,2025-03-31,Industrials,0.0
Long only | CNN,2025-03-31,Information Technology,0.42000000000000004
Long only | CNN,2025-03-31,Materials,0.06
Long only | CNN,2025-04-30,Consumer Discretionary,0.1
Long only | CNN,2025-04-30,Energy,0.06
Long only | CNN,2025-04-30,Financials,0.30000000000000004
Long only | CNN,2025-04-30,Health Care,0.1
Long only | CNN,2025-04-30,Industrials,0.0
Long only | CNN,2025-04-30,Information Technology,0.28
Long only | CNN,2025-04-30,Materials,0.16
Long only | CNN,2025-05-31,Consumer Discretionary,0.14
Long only | CNN,2025-05-31,Energy,0.04000000000000001
Long only | CNN,2025-05-31,Financials,0.34
Long only | CNN,2025-05-31,Health Care,0.16
Long only | CNN,2025-05-31,Industrials,0.0
Long only | CNN,2025-05-31,Information Technology,0.22
Long only | CNN,2025-05-31,Materials,0.1
Long only | CNN,2025-06-30,Consumer Discretionary,0.1
Long only | CNN,2025-06-30,Energy,0.04000000000000001
Long only | CNN,2025-06-30,Financials,0.4
Long only | CNN,2025-06-30,Health Care,0.16
Long only | CNN,2025-06-30,Industrials,0.0
Long only | CNN,2025-06-30,Information Technology,0.26
Long only | CNN,2025-06-30,Materials,0.04000000000000001
Long only | CNN,2025-07-31,Consumer Discretionary,0.18000000000000002
Long only | CNN,2025-07-31,Energy,0.04000000000000001
Long only | CNN,2025-07-31,Financials,0.4
Long only | CNN,2025-07-31,Health Care,0.16
Long only | CNN,2025-07-31,Industrials,0.0
Long only | CNN,2025-07-31,Information Technology,0.22
Long only | CNN,2025-07-31,Materials,0.0
Long only | CNN,2025-08-31,Consumer Discretionary,0.06
Long only | CNN,2025-08-31,Energy,0.12
Long only | CNN,2025-08-31,Financials,0.4
Long only | CNN,2025-08-31,Health Care,0.14
Long only | CNN,2025-08-31,Industrials,0.0
Long only | CNN,2025-08-31,Information Technology,0.28
Long only | CNN,2025-08-31,Materials,0.0
Long only | CNN,2025-09-30,Consumer Discretionary,0.04000000000000001
Long only | CNN,2025-09-30,Energy,0.08000000000000002
Long only | CNN,2025-09-30,Financials,0.34
Long only | CNN,2025-09-30,Health Care,0.16
Long only | CNN,2025-09-30,Industrials,0.0
Long only | CNN,2025-09-30,Information Technology,0.38
Long only | CNN,2025-09-30,Materials,0.0
Long only | CNN,2025-10-31,Consumer Discretionary,0.04000000000000001
Long only | CNN,2025-10-31,Energy,0.08000000000000002
Long only | CNN,2025-10-31,Financials,0.30000000000000004
Long only | CNN,2025-10-31,Health Care,0.16
Long only | CNN,2025-10-31,Industrials,0.0
Long only | CNN,2025-10-31,Information Technology,0.42000000000000004
Long only | CNN,2025-10-31,Materials,0.0
Long only | CNN,2025-11-30,Consumer Discretionary,0.04000000000000001
Long only | CNN,2025-11-30,Energy,0.18000000000000002
Long only | CNN,2025-11-30,Financials,0.30000000000000004
Long only | CNN,2025-11-30,Health Care,0.16
Long only | CNN,2025-11-30,Industrials,0.0
Long only | CNN,2025-11-30,Information Technology,0.32
Long only | CNN,2025-11-30,Materials,0.0
Long only | CNN,2025-12-31,Consumer Discretionary,0.04000000000000001
Long only | CNN,2025-12-31,Energy,0.08000000000000002
Long only | CNN,2025-12-31,Financials,0.4
Long only | CNN,2025-12-31,Health Care,0.16
Long only | CNN,2025-12-31,Industrials,0.0
Long only | CNN,2025-12-31,Information Technology,0.32
Long only | CNN,2025-12-31,Materials,0.0
Long only | CNN,2026-01-31,Consumer Discretionary,0.12
Long only | CNN,2026-01-31,Energy,0.1
Long only | CNN,2026-01-31,Financials,0.4
Long only | CNN,2026-01-31,Health Care,0.14
Long only | CNN,2026-01-31,Industrials,0.0
Long only | CNN,2026-01-31,Information Technology,0.24000000000000002
Long only | CNN,2026-01-31,Materials,0.0
Long only | CNN,2026-02-28,Consumer Discretionary,0.16
Long only | CNN,2026-02-28,Energy,0.1
Long only | CNN,2026-02-28,Financials,0.36
Long only | CNN,2026-02-28,Health Care,0.1
Long only | CNN,2026-02-28,Industrials,0.04000000000000001
Long only | CNN,2026-02-28,Information Technology,0.24000000000000002
Long only | CNN,2026-02-28,Materials,0.0
Long only | CNN,2026-03-31,Consumer Discretionary,0.12
Long only | CNN,2026-03-31,Energy,0.1
Long only | CNN,2026-03-31,Financials,0.36
Long only | CNN,2026-03-31,Health Care,0.14
Long only | CNN,2026-03-31,Industrials,0.0
Long only | CNN,2026-03-31,Information Technology,0.24000000000000002
Long only | CNN,2026-03-31,Materials,0.04000000000000001
Long only | CNN,2026-04-30,Consumer Discretionary,0.12
Long only | CNN,2026-04-30,Energy,0.1
Long only | CNN,2026-04-30,Financials,0.36
Long only | CNN,2026-04-30,Health Care,0.1
Long only | CNN,2026-04-30,Industrials,0.0
Long only | CNN,2026-04-30,Information Technology,0.28
Long only | CNN,2026-04-30,Materials,0.04000000000000001
Long only | CNN,2026-05-31,Consumer Discretionary,0.12000000000000002
Long only | CNN,2026-05-31,Energy,0.1
Long only | CNN,2026-05-31,Financials,0.2
Long only | CNN,2026-05-31,Health Care,0.06
Long only | CNN,2026-05-31,Industrials,0.0
Long only | CNN,2026-05-31,Information Technology,0.42000000000000004
Long only | CNN,2026-05-31,Materials,0.1
Long only | CNN,2026-06-30,Consumer Discretionary,0.14
Long only | CNN,2026-06-30,Energy,0.1
Long only | CNN,2026-06-30,Financials,0.28
Long only | CNN,2026-06-30,Health Care,0.1
Long only | CNN,2026-06-30,Industrials,0.0
Long only | CNN,2026-06-30,Information Technology,0.32
Long only | CNN,2026-06-30,Materials,0.06
Long only | CNN,2026-07-31,Consumer Discretionary,0.14
Long only | CNN,2026-07-31,Energy,0.04000000000000001
Long only | CNN,2026-07-31,Financials,0.28
Long only | CNN,2026-07-31,Health Care,0.1
Long only | CNN,2026-07-31,Industrials,0.0
Long only | CNN,2026-07-31,Information Technology,0.44
Long only | CNN,2026-07-31,Materials,0.0
Long only | CNN,2026-08-31,Consumer Discretionary,0.22000000000000003
Long only | CNN,2026-08-31,Energy,0.1
Long only | CNN,2026-08-31,Financials,0.2
Long only | CNN,2026-08-31,Health Care,0.06
Long only | CNN,2026-08-31,Industrials,0.0
Long only | CNN,2026-08-31,Information Technology,0.42000000000000004
Long only | CNN,2026-08-31,Materials,0.0
Long only | Prophet,2024-12-31,Consumer Discretionary,0.18000000000000002
Long only | Prophet,2024-12-31,Energy,0.1
Long only | Prophet,2024-12-31,Financials,0.30000000000000004
Long only | Prophet,2024-12-31,Health Care,0.06
Long only | Prophet,2024-12-31,Industrials,0.04000000000000001
Long only | Prophet,2024-12-31,Information Technology,0.16
Long only | Prophet,2024-12-31,Materials,0.16
Long only | Prophet,2025-01-31,Consumer Discretionary,0.14
Long only | Prophet,2025-01-31,Energy,0.2
Long only | Prophet,2025-01-31,Financials,0.30000000000000004
Long only | Prophet,2025-01-31,Health Care,0.06
Long only | Prophet,2025-01-31,Industrials,0.04000000000000001
Long only | Prophet,2025-01-31,Information Technology,0.2
Long only | Prophet,2025-01-31,Materials,0.06
Long only | Prophet,2025-02-28,Consumer Discretionary,0.14
Long only | Prophet,2025-02-28,Energy,0.2
Long only | Prophet,2025-02-28,Financials,0.34
Long only | Prophet,2025-02-28,Health Care,0.06
Long only | Prophet,2025-02-28,Industrials,0.0
Long only | Prophet,2025-02-28,Information Technology,0.2
Long only | Prophet,2025-02-28,Materials,0.06
Long only | Prophet,2025-03-31,Consumer Discretionary,0.1
Long only | Prophet,2025-03-31,Energy,0.2
Long only | Prophet,2025-03-31,Financials,0.34
Long only | Prophet,2025-03-31,Health Care,0.06
Long only | Prophet,2025-03-31,Industrials,0.0
Long only | Prophet,2025-03-31,Information Technology,0.24000000000000002
Long only | Prophet,2025-03-31,Materials,0.06
Long only | Prophet,2025-04-30,Consumer Discretionary,0.14
Long only | Prophet,2025-04-30,Energy,0.1
Long only | Prophet,2025-04-30,Financials,0.34
Long only | Prophet,2025-04-30,Health Care,0.06
Long only | Prophet,2025-04-30,Industrials,0.0
Long only | Prophet,2025-04-30,Information Technology,0.2
Long only | Prophet,2025-04-30,Materials,0.16
Long only | Prophet,2025-05-31,Consumer Discretionary,0.14
Long only | Prophet,2025-05-31,Energy,0.1
Long only | Prophet,2025-05-31,Financials,0.34
Long only | Prophet,2025-05-31,Health Care,0.1
Long only | Prophet,2025-05-31,Industrials,0.0
Long only | Prophet,2025-05-31,Information Technology,0.16
Long only | Prophet,2025-05-31,Materials,0.16
Long only | Prophet,2025-06-30,Consumer Discretionary,0.14
Long only | Prophet,2025-06-30,Energy,0.1
Long only | Prophet,2025-06-30,Financials,0.4
Long only | Prophet,2025-06-30,Health Care,0.1
Long only | Prophet,2025-06-30,Industrials,0.0
Long only | Prophet,2025-06-30,Information Technology,0.16
Long only | Prophet,2025-06-30,Materials,0.1
Long only | Prophet,2025-07-31,Consumer Discretionary,0.24000000000000002
Long only | Prophet,2025-07-31,Energy,0.1
Long only | Prophet,2025-07-31,Financials,0.4
Long only | Prophet,2025-07-31,Health Care,0.1
Long only | Prophet,2025-07-31,Industrials,0.0
Long only | Prophet,2025-07-31,Information Technology,0.16
Long only | Prophet,2025-07-31,Materials,0.0
Long only | Prophet,2025-08-31,Consumer Discretionary,0.1
Long only | Prophet,2025-08-31,Energy,0.2
Long only | Prophet,2025-08-31,Financials,0.4
Long only | Prophet,2025-08-31,Health Care,0.1
Long only | Prophet,2025-08-31,Industrials,0.0
Long only | Prophet,2025-08-31,Information Technology,0.2
Long only | Prophet,2025-08-31,Materials,0.0
Long only | Prophet,2025-09-30,Consumer Discretionary,0.1
Long only | Prophet,2025-09-30,Energy,0.2
Long only | Prophet,2025-09-30,Financials,0.36
Long only | Prophet,2025-09-30,Health Care,0.1
Long only | Prophet,2025-09-30,Industrials,0.0
Long only | Prophet,2025-09-30,Information Technology,0.24000000000000002
Long only | Prophet,2025-09-30,Materials,0.0
Long only | Prophet,2025-10-31,Consumer Discretionary,0.1
Long only | Prophet,2025-10-31,Energy,0.2
Long only | Prophet,2025-10-31,Financials,0.36
Long only | Prophet,2025-10-31,Health Care,0.1
Long only | Prophet,2025-10-31,Industrials,0.0
Long only | Prophet,2025-10-31,Information Technology,0.24000000000000002
Long only | Prophet,2025-10-31,Materials,0.0
Long only | Prophet,2025-11-30,Consumer Discretionary,0.1
Long only | Prophet,2025-11-30,Energy,0.24000000000000002
Long only | Prophet,2025-11-30,Financials,0.36
Long only | Prophet,2025-11-30,Health Care,0.1
Long only | Prophet,2025-11-30,Industrials,0.0
Long only | Prophet,2025-11-30,Information Technology,0.2
Long only | Prophet,2025-11-30,Materials,0.0
Long only | Prophet,2025-12-31,Consumer Discretionary,0.1
Long only | Prophet,2025-12-31,Energy,0.2
Long only | Prophet,2025-12-31,Financials,0.4
Long only | Prophet,2025-12-31,Health Care,0.1
Long only | Prophet,2025-12-31,Industrials,0.0
Long only | Prophet,2025-12-31,Information Technology,0.2
Long only | Prophet,2025-12-31,Materials,0.0
Long only | Prophet,2026-01-31,Consumer Discretionary,0.2
Long only | Prophet,2026-01-31,Energy,0.14
Long only | Prophet,2026-01-31,Financials,0.4
Long only | Prophet,2026-01-31,Health Care,0.1
Long only | Prophet,2026-01-31,Industrials,0.0
Long only | Prophet,2026-01-31,Information Technology,0.16
Long only | Prophet,2026-01-31,Materials,0.0
Long only | Prophet,2026-02-28,Consumer Discretionary,0.24000000000000002
Long only | Prophet,2026-02-28,Energy,0.14
Long only | Prophet,2026-02-28,Financials,0.36
Long only | Prophet,2026-02-28,Health Care,0.06
Long only | Prophet,2026-02-28,Industrials,0.04000000000000001
Long only | Prophet,2026-02-28,Information Technology,0.16
Long only | Prophet,2026-02-28,Materials,0.0
Long only | Prophet,2026-03-31,Consumer Discretionary,0.2
Long only | Prophet,2026-03-31,Energy,0.14
Long only | Prophet,2026-03-31,Financials,0.36
Long only | Prophet,2026-03-31,Health Care,0.1
Long only | Prophet,2026-03-31,Industrials,0.0
Long only | Prophet,2026-03-31,Information Technology,0.16
Long only | Prophet,2026-03-31,Materials,0.04000000000000001
Long only | Prophet,2026-04-30,Consumer Discretionary,0.2
Long only | Prophet,2026-04-30,Energy,0.14
Long only | Prophet,2026-04-30,Financials,0.36
Long only | Prophet,2026-04-30,Health Care,0.06
Long only | Prophet,2026-04-30,Industrials,0.0
Long only | Prophet,2026-04-30,Information Technology,0.2
Long only | Prophet,2026-04-30,Materials,0.04000000000000001
Long only | Prophet,2026-05-31,Consumer Discretionary,0.30000000000000004
Long only | Prophet,2026-05-31,Energy,0.04000000000000001
Long only | Prophet,2026-05-31,Financials,0.32
Long only | Prophet,2026-05-31,Health Care,0.06
Long only | Prophet,2026-05-31,Industrials,0.0
Long only | Prophet,2026-05-31,Information Technology,0.24000000000000002
Long only | Prophet,2026-05-31,Materials,0.04000000000000001
Long only | Prophet,2026-06-30,Consumer Discretionary,0.24000000000000002
Long only | Prophet,2026-06-30,Energy,0.14
Long only | Prophet,2026-06-30,Financials,0.32
Long only | Prophet,2026-06-30,Health Care,0.06
Long only | Prophet,2026-06-30,Industrials,0.0
Long only | Prophet,2026-06-30,Information Technology,0.2
Long only | Prophet,2026-06-30,Materials,0.04000000000000001
Long only | Prophet,2026-07-31,Consumer Discretionary,0.16
Long only | Prophet,2026-07-31,Energy,0.06
Long only | Prophet,2026-07-31,Financials,0.32
Long only | Prophet,2026-07-31,Health Care,0.1
Long only | Prophet,2026-07-31,Industrials,0.0
Long only | Prophet,2026-07-31,Information Technology,0.36000000000000004
Long only | Prophet,2026-07-31,Materials,0.0
Long only | Prophet,2026-08-31,Consumer Discretionary,0.22
Long only | Prophet,2026-08-31,Energy,0.04000000000000001
Long only | Prophet,2026-08-31,Financials,0.32
Long only | Prophet,2026-08-31,Health Care,0.1
Long only | Prophet,2026-08-31,Industrials,0.0
Long only | Prophet,2026-08-31,Information Technology,0.32000000000000006
Long only | Prophet,2026-08-31,Materials,0.0
Long only | Historical mean,2024-12-31,Consumer Discretionary,0.24000000000000002
Long only | Historical mean,2024-12-31,Energy,0.04000000000000001
Long only | Historical mean,2024-12-31,Financials,0.24000000000000002
Long only | Historical mean,2024-12-31,Health Care,0.06
Long only | Historical mean,2024-12-31,Industrials,0.1
Long only | Historical mean,2024-12-31,Information Technology,0.22
Long only | Historical mean,2024-12-31,Materials,0.1
Long only | Historical mean,2025-01-31,Consumer Discretionary,0.14
Long only | Historical mean,2025-01-31,Energy,0.08000000000000002
Long only | Historical mean,2025-01-31,Financials,0.24000000000000002
Long only | Historical mean,2025-01-31,Health Care,0.06
Long only | Historical mean,2025-01-31,Industrials,0.1
Long only | Historical mean,2025-01-31,Information Technology,0.32
Long only | Historical mean,2025-01-31,Materials,0.06
Long only | Historical mean,2025-02-28,Consumer Discretionary,0.14
Long only | Historical mean,2025-02-28,Energy,0.08000000000000002
Long only | Historical mean,2025-02-28,Financials,0.34
Long only | Historical mean,2025-02-28,Health Care,0.06
Long only | Historical mean,2025-02-28,Industrials,0.0
Long only | Historical mean,2025-02-28,Information Technology,0.32
Long only | Historical mean,2025-02-28,Materials,0.06
Long only | Historical mean,2025-03-31,Consumer Discretionary,0.04000000000000001
Long only | Historical mean,2025-03-31,Energy,0.08000000000000002
Long only | Historical mean,2025-03-31,Financials,0.34
Long only | Historical mean,2025-03-31,Health Care,0.06
Long only | Historical mean,2025-03-31,Industrials,0.0
Long only | Historical mean,2025-03-31,Information Technology,0.42000000000000004
Long only | Historical mean,2025-03-31,Materials,0.06
Long only | Historical mean,2025-04-30,Consumer Discretionary,0.14
Long only | Historical mean,2025-04-30,Energy,0.04000000000000001
Long only | Historical mean,2025-04-30,Financials,0.34
Long only | Historical mean,2025-04-30,Health Care,0.06
Long only | Historical mean,2025-04-30,Industrials,0.0
Long only | Historical mean,2025-04-30,Information Technology,0.32
Long only | Historical mean,2025-04-30,Materials,0.1
Long only | Historical mean,2025-05-31,Consumer Discretionary,0.14
Long only | Historical mean,2025-05-31,Energy,0.04000000000000001
Long only | Historical mean,2025-05-31,Financials,0.34
Long only | Historical mean,2025-05-31,Health Care,0.16
Long only | Historical mean,2025-05-31,Industrials,0.0
Long only | Historical mean,2025-05-31,Information Technology,0.22
Long only | Historical mean,2025-05-31,Materials,0.1
Long only | Historical mean,2025-06-30,Consumer Discretionary,0.14
Long only | Historical mean,2025-06-30,Energy,0.04000000000000001
Long only | Historical mean,2025-06-30,Financials,0.4
Long only | Historical mean,2025-06-30,Health Care,0.16
Long only | Historical mean,2025-06-30,Industrials,0.0
Long only | Historical mean,2025-06-30,Information Technology,0.22
Long only | Historical mean,2025-06-30,Materials,0.04000000000000001
Long only | Historical mean,2025-07-31,Consumer Discretionary,0.18000000000000002
Long only | Historical mean,2025-07-31,Energy,0.04000000000000001
Long only | Historical mean,2025-07-31,Financials,0.4
Long only | Historical mean,2025-07-31,Health Care,0.16
Long only | Historical mean,2025-07-31,Industrials,0.0
Long only | Historical mean,2025-07-31,Information Technology,0.22
Long only | Historical mean,2025-07-31,Materials,0.0
Long only | Historical mean,2025-08-31,Consumer Discretionary,0.04000000000000001
Long only | Historical mean,2025-08-31,Energy,0.08000000000000002
Long only | Historical mean,2025-08-31,Financials,0.4
Long only | Historical mean,2025-08-31,Health Care,0.16
Long only | Historical mean,2025-08-31,Industrials,0.0
Long only | Historical mean,2025-08-31,Information Technology,0.32
Long only | Historical mean,2025-08-31,Materials,0.0
Long only | Historical mean,2025-09-30,Consumer Discretionary,0.04000000000000001
Long only | Historical mean,2025-09-30,Energy,0.08000000000000002
Long only | Historical mean,2025-09-30,Financials,0.30000000000000004
Long only | Historical mean,2025-09-30,Health Care,0.16
Long only | Historical mean,2025-09-30,Industrials,0.0
Long only | Historical mean,2025-09-30,Information Technology,0.42000000000000004
Long only | Historical mean,2025-09-30,Materials,0.0
Long only | Historical mean,2025-10-31,Consumer Discretionary,0.04000000000000001
Long only | Historical mean,2025-10-31,Energy,0.08000000000000002
Long only | Historical mean,2025-10-31,Financials,0.30000000000000004
Long only | Historical mean,2025-10-31,Health Care,0.16
Long only | Historical mean,2025-10-31,Industrials,0.0
Long only | Historical mean,2025-10-31,Information Technology,0.42000000000000004
Long only | Historical mean,2025-10-31,Materials,0.0
Long only | Historical mean,2025-11-30,Consumer Discretionary,0.04000000000000001
Long only | Historical mean,2025-11-30,Energy,0.18000000000000002
Long only | Historical mean,2025-11-30,Financials,0.30000000000000004
Long only | Historical mean,2025-11-30,Health Care,0.16
Long only | Historical mean,2025-11-30,Industrials,0.0
Long only | Historical mean,2025-11-30,Information Technology,0.32
Long only | Historical mean,2025-11-30,Materials,0.0
Long only | Historical mean,2025-12-31,Consumer Discretionary,0.04000000000000001
Long only | Historical mean,2025-12-31,Energy,0.08000000000000002
Long only | Historical mean,2025-12-31,Financials,0.4
Long only | Historical mean,2025-12-31,Health Care,0.16
Long only | Historical mean,2025-12-31,Industrials,0.0
Long only | Historical mean,2025-12-31,Information Technology,0.32
Long only | Historical mean,2025-12-31,Materials,0.0
Long only | Historical mean,2026-01-31,Consumer Discretionary,0.08000000000000002
Long only | Historical mean,2026-01-31,Energy,0.14
Long only | Historical mean,2026-01-31,Financials,0.4
Long only | Historical mean,2026-01-31,Health Care,0.16
Long only | Historical mean,2026-01-31,Industrials,0.0
Long only | Historical mean,2026-01-31,Information Technology,0.22
Long only | Historical mean,2026-01-31,Materials,0.0
Long only | Historical mean,2026-02-28,Consumer Discretionary,0.18000000000000002
Long only | Historical mean,2026-02-28,Energy,0.14
Long only | Historical mean,2026-02-28,Financials,0.30000000000000004
Long only | Historical mean,2026-02-28,Health Care,0.06
Long only | Historical mean,2026-02-28,Industrials,0.1
Long only | Historical mean,2026-02-28,Information Technology,0.22
Long only | Historical mean,2026-02-28,Materials,0.0
Long only | Historical mean,2026-03-31,Consumer Discretionary,0.08000000000000002
Long only | Historical mean,2026-03-31,Energy,0.14
Long only | Historical mean,2026-03-31,Financials,0.30000000000000004
Long only | Historical mean,2026-03-31,Health Care,0.16
Long only | Historical mean,2026-03-31,Industrials,0.0
Long only | Historical mean,2026-03-31,Information Technology,0.22
Long only | Historical mean,2026-03-31,Materials,0.1
Long only | Historical mean,2026-04-30,Consumer Discretionary,0.08000000000000002
Long only | Historical mean,2026-04-30,Energy,0.14
Long only | Historical mean,2026-04-30,Financials,0.30000000000000004
Long only | Historical mean,2026-04-30,Health Care,0.06
Long only | Historical mean,2026-04-30,Industrials,0.0
Long only | Historical mean,2026-04-30,Information Technology,0.32
Long only | Historical mean,2026-04-30,Materials,0.1
Long only | Historical mean,2026-05-31,Consumer Discretionary,0.12000000000000002
Long only | Historical mean,2026-05-31,Energy,0.1
Long only | Historical mean,2026-05-31,Financials,0.2
Long only | Historical mean,2026-05-31,Health Care,0.06
Long only | Historical mean,2026-05-31,Industrials,0.0
Long only | Historical mean,2026-05-31,Information Technology,0.42000000000000004
Long only | Historical mean,2026-05-31,Materials,0.1
Long only | Historical mean,2026-06-30,Consumer Discretionary,0.18000000000000002
Long only | Historical mean,2026-06-30,Energy,0.14
Long only | Historical mean,2026-06-30,Financials,0.2
Long only | Historical mean,2026-06-30,Health Care,0.06
Long only | Historical mean,2026-06-30,Industrials,0.0
Long only | Historical mean,2026-06-30,Information Technology,0.32
Long only | Historical mean,2026-06-30,Materials,0.1
Long only | Historical mean,2026-07-31,Consumer Discretionary,0.18000000000000002
Long only | Historical mean,2026-07-31,Energy,0.04000000000000001
Long only | Historical mean,2026-07-31,Financials,0.2
Long only | Historical mean,2026-07-31,Health Care,0.06
Long only | Historical mean,2026-07-31,Industrials,0.0
Long only | Historical mean,2026-07-31,Information Technology,0.52
Long only | Historical mean,2026-07-31,Materials,0.0
Long only | Historical mean,2026-08-31,Consumer Discretionary,0.22000000000000003
Long only | Historical mean,2026-08-31,Energy,0.1
Long only | Historical mean,2026-08-31,Financials,0.2
Long only | Historical mean,2026-08-31,Health Care,0.06
Long only | Historical mean,2026-08-31,Industrials,0.0
Long only | Historical mean,2026-08-31,Information Technology,0.42000000000000004
Long only | Historical mean,2026-08-31,Materials,0.0
Long only | Last observed,2024-12-31,Consumer Discretionary,0.18000000000000002
Long only | Last observed,2024-12-31,Energy,0.1
Long only | Last observed,2024-12-31,Financials,0.30000000000000004
Long only | Last observed,2024-12-31,Health Care,0.06
Long only | Last observed,2024-12-31,Industrials,0.04000000000000001
Long only | Last observed,2024-12-31,Information Technology,0.16
Long only | Last observed,2024-12-31,Materials,0.16
Long only | Last observed,2025-01-31,Consumer Discretionary,0.16
Long only | Last observed,2025-01-31,Energy,0.2
Long only | Last observed,2025-01-31,Financials,0.30000000000000004
Long only | Last observed,2025-01-31,Health Care,0.04000000000000001
Long only | Last observed,2025-01-31,Industrials,0.06
Long only | Last observed,2025-01-31,Information Technology,0.2
Long only | Last observed,2025-01-31,Materials,0.04000000000000001
Long only | Last observed,2025-02-28,Consumer Discretionary,0.1
Long only | Last observed,2025-02-28,Energy,0.12
Long only | Last observed,2025-02-28,Financials,0.30000000000000004
Long only | Last observed,2025-02-28,Health Care,0.1
Long only | Last observed,2025-02-28,Industrials,0.0
Long only | Last observed,2025-02-28,Information Technology,0.28
Long only | Last observed,2025-02-28,Materials,0.1
Long only | Last observed,2025-03-31,Consumer Discretionary,0.04000000000000001
Long only | Last observed,2025-03-31,Energy,0.08000000000000002
Long only | Last observed,2025-03-31,Financials,0.30000000000000004
Long only | Last observed,2025-03-31,Health Care,0.1
Long only | Last observed,2025-03-31,Industrials,0.0
Long only | Last observed,2025-03-31,Information Technology,0.38
Long only | Last observed,2025-03-31,Materials,0.1
Long only | Last observed,2025-04-30,Consumer Discretionary,0.1
Long only | Last observed,2025-04-30,Energy,0.06
Long only | Last observed,2025-04-30,Financials,0.30000000000000004
Long only | Last observed,2025-04-30,Health Care,0.1
Long only | Last observed,2025-04-30,Industrials,0.0
Long only | Last observed,2025-04-30,Information Technology,0.28
Long only | Last observed,2025-04-30,Materials,0.16
Long only | Last observed,2025-05-31,Consumer Discretionary,0.14
Long only | Last observed,2025-05-31,Energy,0.1
Long only | Last observed,2025-05-31,Financials,0.34
Long only | Last observed,2025-05-31,Health Care,0.1
Long only | Last observed,2025-05-31,Industrials,0.0
Long only | Last observed,2025-05-31,Information Technology,0.16
Long only | Last observed,2025-05-31,Materials,0.16
Long only | Last observed,2025-06-30,Consumer Discretionary,0.14
Long only | Last observed,2025-06-30,Energy,0.1
Long only | Last observed,2025-06-30,Financials,0.4
Long only | Last observed,2025-06-30,Health Care,0.1
Long only | Last observed,2025-06-30,Industrials,0.0
Long only | Last observed,2025-06-30,Information Technology,0.16
Long only | Last observed,2025-06-30,Materials,0.1
Long only | Last observed,2025-07-31,Consumer Discretionary,0.26
Long only | Last observed,2025-07-31,Energy,0.1
Long only | Last observed,2025-07-31,Financials,0.4
Long only | Last observed,2025-07-31,Health Care,0.1
Long only | Last observed,2025-07-31,Industrials,0.0
Long only | Last observed,2025-07-31,Information Technology,0.14
Long only | Last observed,2025-07-31,Materials,0.0
Long only | Last observed,2025-08-31,Consumer Discretionary,0.04000000000000001
Long only | Last observed,2025-08-31,Energy,0.08000000000000002
Long only | Last observed,2025-08-31,Financials,0.4
Long only | Last observed,2025-08-31,Health Care,0.16
Long only | Last observed,2025-08-31,Industrials,0.0
Long only | Last observed,2025-08-31,Information Technology,0.32
Long only | Last observed,2025-08-31,Materials,0.0
Long only | Last observed,2025-09-30,Consumer Discretionary,0.04000000000000001
Long only | Last observed,2025-09-30,Energy,0.08000000000000002
Long only | Last observed,2025-09-30,Financials,0.34
Long only | Last observed,2025-09-30,Health Care,0.16
Long only | Last observed,2025-09-30,Industrials,0.0
Long only | Last observed,2025-09-30,Information Technology,0.38
Long only | Last observed,2025-09-30,Materials,0.0
Long only | Last observed,2025-10-31,Consumer Discretionary,0.04000000000000001
Long only | Last observed,2025-10-31,Energy,0.08000000000000002
Long only | Last observed,2025-10-31,Financials,0.30000000000000004
Long only | Last observed,2025-10-31,Health Care,0.16
Long only | Last observed,2025-10-31,Industrials,0.0
Long only | Last observed,2025-10-31,Information Technology,0.42000000000000004
Long only | Last observed,2025-10-31,Materials,0.0
Long only | Last observed,2025-11-30,Consumer Discretionary,0.1
Long only | Last observed,2025-11-30,Energy,0.24000000000000002
Long only | Last observed,2025-11-30,Financials,0.36
Long only | Last observed,2025-11-30,Health Care,0.1
Long only | Last observed,2025-11-30,Industrials,0.0
Long only | Last observed,2025-11-30,Information Technology,0.2
Long only | Last observed,2025-11-30,Materials,0.0
Long only | Last observed,2025-12-31,Consumer Discretionary,0.06
Long only | Last observed,2025-12-31,Energy,0.12
Long only | Last observed,2025-12-31,Financials,0.4
Long only | Last observed,2025-12-31,Health Care,0.14
Long only | Last observed,2025-12-31,Industrials,0.0
Long only | Last observed,2025-12-31,Information Technology,0.28
Long only | Last observed,2025-12-31,Materials,0.0
Long only | Last observed,2026-01-31,Consumer Discretionary,0.12
Long only | Last observed,2026-01-31,Energy,0.1
Long only | Last observed,2026-01-31,Financials,0.4
Long only | Last observed,2026-01-31,Health Care,0.14
Long only | Last observed,2026-01-31,Industrials,0.0
Long only | Last observed,2026-01-31,Information Technology,0.24000000000000002
Long only | Last observed,2026-01-31,Materials,0.0
Long only | Last observed,2026-02-28,Consumer Discretionary,0.24000000000000002
Long only | Last observed,2026-02-28,Energy,0.14
Long only | Last observed,2026-02-28,Financials,0.36
Long only | Last observed,2026-02-28,Health Care,0.06
Long only | Last observed,2026-02-28,Industrials,0.04000000000000001
Long only | Last observed,2026-02-28,Information Technology,0.16
Long only | Last observed,2026-02-28,Materials,0.0
Long only | Last observed,2026-03-31,Consumer Discretionary,0.2
Long only | Last observed,2026-03-31,Energy,0.16
Long only | Last observed,2026-03-31,Financials,0.34
Long only | Last observed,2026-03-31,Health Care,0.1
Long only | Last observed,2026-03-31,Industrials,0.0
Long only | Last observed,2026-03-31,Information Technology,0.14
Long only | Last observed,2026-03-31,Materials,0.06
Long only | Last observed,2026-04-30,Consumer Discretionary,0.12
Long only | Last observed,2026-04-30,Energy,0.1
Long only | Last observed,2026-04-30,Financials,0.36
Long only | Last observed,2026-04-30,Health Care,0.1
Long only | Last observed,2026-04-30,Industrials,0.0
Long only | Last observed,2026-04-30,Information Technology,0.28
Long only | Last observed,2026-04-30,Materials,0.04000000000000001
Long only | Last observed,2026-05-31,Consumer Discretionary,0.12000000000000002
Long only | Last observed,2026-05-31,Energy,0.06
Long only | Last observed,2026-05-31,Financials,0.28
Long only | Last observed,2026-05-31,Health Care,0.1
Long only | Last observed,2026-05-31,Industrials,0.0
Long only | Last observed,2026-05-31,Information Technology,0.38
Long only | Last observed,2026-05-31,Materials,0.06
Long only | Last observed,2026-06-30,Consumer Discretionary,0.18000000000000002
Long only | Last observed,2026-06-30,Energy,0.14
Long only | Last observed,2026-06-30,Financials,0.2
Long only | Last observed,2026-06-30,Health Care,0.06
Long only | Last observed,2026-06-30,Industrials,0.0
Long only | Last observed,2026-06-30,Information Technology,0.32
Long only | Last observed,2026-06-30,Materials,0.1
Long only | Last observed,2026-07-31,Consumer Discretionary,0.14
Long only | Last observed,2026-07-31,Energy,0.04000000000000001
Long only | Last observed,2026-07-31,Financials,0.28
Long only | Last observed,2026-07-31,Health Care,0.1
Long only | Last observed,2026-07-31,Industrials,0.0
Long only | Last observed,2026-07-31,Information Technology,0.44
Long only | Last observed,2026-07-31,Materials,0.0
Long only | Last observed,2026-08-31,Consumer Discretionary,0.34
Long only | Last observed,2026-08-31,Energy,0.04000000000000001
Long only | Last observed,2026-08-31,Financials,0.32
Long only | Last observed,2026-08-31,Health Care,0.06
Long only | Last observed,2026-08-31,Industrials,0.0
Long only | Last observed,2026-08-31,Information Technology,0.24000000000000002
Long only | Last observed,2026-08-31,Materials,0.0
Long-short | Equal factors,2024-12-31,Consumer Discretionary,0.0
Long-short | Equal factors,2024-12-31,Energy,0.0
Long-short | Equal factors,2024-12-31,Financials,0.13333333333333333
Long-short | Equal factors,2024-12-31,Health Care,-4.625929269271485e-19
Long-short | Equal factors,2024-12-31,Industrials,-0.03333333333333333
Long-short | Equal factors,2024-12-31,Information Technology,-0.13333333333333333
Long-short | Equal factors,2024-12-31,Materials,0.03333333333333333
Long-short | Equal factors,2025-01-31,Consumer Discretionary,-4.625929269271485e-19
Long-short | Equal factors,2025-01-31,Energy,0.03333333333333333
Long-short | Equal factors,2025-01-31,Financials,0.13333333333333333
Long-short | Equal factors,2025-01-31,Health Care,-4.625929269271485e-19
Long-short | Equal factors,2025-01-31,Industrials,-0.06666666666666668
Long-short | Equal factors,2025-01-31,Information Technology,-0.1
Long-short | Equal factors,2025-01-31,Materials,-4.625929269271485e-19
Long-short | Equal factors,2025-02-28,Consumer Discretionary,-4.625929269271485e-19
Long-short | Equal factors,2025-02-28,Energy,0.0
Long-short | Equal factors,2025-02-28,Financials,0.16666666666666669
Long-short | Equal factors,2025-02-28,Health Care,-4.625929269271485e-19
Long-short | Equal factors,2025-02-28,Industrials,-0.06666666666666667
Long-short | Equal factors,2025-02-28,Information Technology,-0.1
Long-short | Equal factors,2025-02-28,Materials,-4.625929269271485e-19
Long-short | Equal factors,2025-03-31,Consumer Discretionary,-0.03333333333333333
Long-short | Equal factors,2025-03-31,Energy,-0.03333333333333333
Long-short | Equal factors,2025-03-31,Financials,0.16666666666666669
Long-short | Equal factors,2025-03-31,Health Care,-4.625929269271485e-19
Long-short | Equal factors,2025-03-31,Industrials,-0.06666666666666667
Long-short | Equal factors,2025-03-31,Information Technology,-0.03333333333333333
Long-short | Equal factors,2025-03-31,Materials,-4.625929269271485e-19
Long-short | Equal factors,2025-04-30,Consumer Discretionary,-4.625929269271485e-19
Long-short | Equal factors,2025-04-30,Energy,-0.06666666666666667
Long-short | Equal factors,2025-04-30,Financials,0.16666666666666669
Long-short | Equal factors,2025-04-30,Health Care,-4.625929269271485e-19
Long-short | Equal factors,2025-04-30,Industrials,-0.06666666666666667
Long-short | Equal factors,2025-04-30,Information Technology,-0.06666666666666665
Long-short | Equal factors,2025-04-30,Materials,0.03333333333333333
Long-short | Equal factors,2025-05-31,Consumer Discretionary,0.0
Long-short | Equal factors,2025-05-31,Energy,-0.06666666666666667
Long-short | Equal factors,2025-05-31,Financials,0.16666666666666669
Long-short | Equal factors,2025-05-31,Health Care,0.03333333333333333
Long-short | Equal factors,2025-05-31,Industrials,-0.06666666666666667
Long-short | Equal factors,2025-05-31,Information Technology,-0.1
Long-short | Equal factors,2025-05-31,Materials,0.03333333333333333
Long-short | Equal factors,2025-06-30,Consumer Discretionary,-0.06666666666666667
Long-short | Equal factors,2025-06-30,Energy,-0.03333333333333333
Long-short | Equal factors,2025-06-30,Financials,0.2
Long-short | Equal factors,2025-06-30,Health Care,0.03333333333333333
Long-short | Equal factors,2025-06-30,Industrials,-0.06666666666666667
Long-short | Equal factors,2025-06-30,Information Technology,-0.06666666666666667
Long-short | Equal factors,2025-06-30,Materials,-4.625929269271485e-19
Long-short | Equal factors,2025-07-31,Consumer Discretionary,-0.03333333333333334
Long-short | Equal factors,2025-07-31,Energy,-0.03333333333333333
Long-short | Equal factors,2025-07-31,Financials,0.2
Long-short | Equal factors,2025-07-31,Health Care,0.03333333333333333
Long-short | Equal factors,2025-07-31,Industrials,-0.06666666666666667
Long-short | Equal factors,2025-07-31,Information Technology,-0.06666666666666667
Long-short | Equal factors,2025-07-31,Materials,-0.03333333333333333
Long-short | Equal factors,2025-08-31,Consumer Discretionary,-0.06666666666666667
Long-short | Equal factors,2025-08-31,Energy,-0.03333333333333333
Long-short | Equal factors,2025-08-31,Financials,0.2
Long-short | Equal factors,2025-08-31,Health Care,0.03333333333333333
Long-short | Equal factors,2025-08-31,Industrials,-0.06666666666666667
Long-short | Equal factors,2025-08-31,Information Technology,-0.03333333333333333
Long-short | Equal factors,2025-08-31,Materials,-0.03333333333333333
Long-short | Equal factors,2025-09-30,Consumer Discretionary,-0.13333333333333333
Long-short | Equal factors,2025-09-30,Energy,0.0
Long-short | Equal factors,2025-09-30,Financials,0.16666666666666669
Long-short | Equal factors,2025-09-30,Health Care,0.03333333333333333
Long-short | Equal factors,2025-09-30,Industrials,-0.06666666666666667
Long-short | Equal factors,2025-09-30,Information Technology,0.03333333333333333
Long-short | Equal factors,2025-09-30,Materials,-0.03333333333333333
Long-short | Equal factors,2025-10-31,Consumer Discretionary,-0.06666666666666667
Long-short | Equal factors,2025-10-31,Energy,0.0
Long-short | Equal factors,2025-10-31,Financials,0.16666666666666669
Long-short | Equal factors,2025-10-31,Health Care,0.03333333333333333
Long-short | Equal factors,2025-10-31,Industrials,-0.1
Long-short | Equal factors,2025-10-31,Information Technology,0.0
Long-short | Equal factors,2025-10-31,Materials,-0.03333333333333333
Long-short | Equal factors,2025-11-30,Consumer Discretionary,-0.1
Long-short | Equal factors,2025-11-30,Energy,0.03333333333333333
Long-short | Equal factors,2025-11-30,Financials,0.16666666666666669
Long-short | Equal factors,2025-11-30,Health Care,0.03333333333333333
Long-short | Equal factors,2025-11-30,Industrials,-0.06666666666666667
Long-short | Equal factors,2025-11-30,Information Technology,-0.03333333333333333
Long-short | Equal factors,2025-11-30,Materials,-0.03333333333333333
Long-short | Equal factors,2025-12-31,Consumer Discretionary,-0.13333333333333336
Long-short | Equal factors,2025-12-31,Energy,0.0
Long-short | Equal factors,2025-12-31,Financials,0.2
Long-short | Equal factors,2025-12-31,Health Care,0.03333333333333333
Long-short | Equal factors,2025-12-31,Industrials,-0.06666666666666667
Long-short | Equal factors,2025-12-31,Information Technology,-0.03333333333333333
Long-short | Equal factors,2025-12-31,Materials,0.0
Long-short | Equal factors,2026-01-31,Consumer Discretionary,-0.06666666666666668
Long-short | Equal factors,2026-01-31,Energy,0.03333333333333333
Long-short | Equal factors,2026-01-31,Financials,0.2
Long-short | Equal factors,2026-01-31,Health Care,0.06666666666666667
Long-short | Equal factors,2026-01-31,Industrials,-0.1
Long-short | Equal factors,2026-01-31,Information Technology,-0.13333333333333336
Long-short | Equal factors,2026-01-31,Materials,0.0
Long-short | Equal factors,2026-02-28,Consumer Discretionary,-0.06666666666666668
Long-short | Equal factors,2026-02-28,Energy,0.03333333333333333
Long-short | Equal factors,2026-02-28,Financials,0.16666666666666669
Long-short | Equal factors,2026-02-28,Health Care,0.03333333333333333
Long-short | Equal factors,2026-02-28,Industrials,-0.06666666666666667
Long-short | Equal factors,2026-02-28,Information Technology,-0.09999999999999999
Long-short | Equal factors,2026-02-28,Materials,0.0
Long-short | Equal factors,2026-03-31,Consumer Discretionary,-0.13333333333333333
Long-short | Equal factors,2026-03-31,Energy,0.03333333333333333
Long-short | Equal factors,2026-03-31,Financials,0.16666666666666669
Long-short | Equal factors,2026-03-31,Health Care,0.03333333333333333
Long-short | Equal factors,2026-03-31,Industrials,-0.1
Long-short | Equal factors,2026-03-31,Information Technology,-0.03333333333333333
Long-short | Equal factors,2026-03-31,Materials,0.03333333333333333
Long-short | Equal factors,2026-04-30,Consumer Discretionary,-0.1
Long-short | Equal factors,2026-04-30,Energy,0.03333333333333333
Long-short | Equal factors,2026-04-30,Financials,0.16666666666666669
Long-short | Equal factors,2026-04-30,Health Care,0.03333333333333333
Long-short | Equal factors,2026-04-30,Industrials,-0.13333333333333333
Long-short | Equal factors,2026-04-30,Information Technology,-0.03333333333333333
Long-short | Equal factors,2026-04-30,Materials,0.03333333333333333
Long-short | Equal factors,2026-05-31,Consumer Discretionary,-0.1
Long-short | Equal factors,2026-05-31,Energy,0.0
Long-short | Equal factors,2026-05-31,Financials,0.13333333333333333
Long-short | Equal factors,2026-05-31,Health Care,0.03333333333333333
Long-short | Equal factors,2026-05-31,Industrials,-0.1
Long-short | Equal factors,2026-05-31,Information Technology,0.0
Long-short | Equal factors,2026-05-31,Materials,0.03333333333333333
Long-short | Equal factors,2026-06-30,Consumer Discretionary,-0.06666666666666667
Long-short | Equal factors,2026-06-30,Energy,0.0
Long-short | Equal factors,2026-06-30,Financials,0.13333333333333333
Long-short | Equal factors,2026-06-30,Health Care,-4.625929269271485e-19
Long-short | Equal factors,2026-06-30,Industrials,-0.1
Long-short | Equal factors,2026-06-30,Information Technology,0.0
Long-short | Equal factors,2026-06-30,Materials,0.03333333333333333
Long-short | Equal factors,2026-07-31,Consumer Discretionary,-0.1
Long-short | Equal factors,2026-07-31,Energy,0.0
Long-short | Equal factors,2026-07-31,Financials,0.13333333333333333
Long-short | Equal factors,2026-07-31,Health Care,-4.625929269271485e-19
Long-short | Equal factors,2026-07-31,Industrials,-0.1
Long-short | Equal factors,2026-07-31,Information Technology,0.06666666666666667
Long-short | Equal factors,2026-07-31,Materials,0.0
Long-short | Equal factors,2026-08-31,Consumer Discretionary,-0.03333333333333333
Long-short | Equal factors,2026-08-31,Energy,0.0
Long-short | Equal factors,2026-08-31,Financials,0.13333333333333333
Long-short | Equal factors,2026-08-31,Health Care,-4.625929269271485e-19
Long-short | Equal factors,2026-08-31,Industrials,-0.1
Long-short | Equal factors,2026-08-31,Information Technology,0.0
Long-short | Equal factors,2026-08-31,Materials,0.0
Long-short | Ridge,2024-12-31,Consumer Discretionary,0.03
Long-short | Ridge,2024-12-31,Energy,0.03
Long-short | Ridge,2024-12-31,Financials,0.15000000000000002
Long-short | Ridge,2024-12-31,Health Care,-0.03
Long-short | Ridge,2024-12-31,Industrials,-0.04000000000000001
Long-short | Ridge,2024-12-31,Information Technology,-0.18
Long-short | Ridge,2024-12-31,Materials,0.04000000000000001
Long-short | Ridge,2025-01-31,Consumer Discretionary,0.009999999999999995
Long-short | Ridge,2025-01-31,Energy,0.039999999999999994
Long-short | Ridge,2025-01-31,Financials,0.13
Long-short | Ridge,2025-01-31,Health Care,-0.009999999999999997
Long-short | Ridge,2025-01-31,Industrials,-0.05
Long-short | Ridge,2025-01-31,Information Technology,-0.09
Long-short | Ridge,2025-01-31,Materials,-0.03
Long-short | Ridge,2025-02-28,Consumer Discretionary,-0.020000000000000004
Long-short | Ridge,2025-02-28,Energy,-0.010000000000000007
Long-short | Ridge,2025-02-28,Financials,0.15000000000000002
Long-short | Ridge,2025-02-28,Health Care,0.020000000000000004
Long-short | Ridge,2025-02-28,Industrials,-0.08
Long-short | Ridge,2025-02-28,Information Technology,-0.09
Long-short | Ridge,2025-02-28,Materials,0.03
Long-short | Ridge,2025-03-31,Consumer Discretionary,0.0
Long-short | Ridge,2025-03-31,Energy,0.03
Long-short | Ridge,2025-03-31,Financials,0.17
Long-short | Ridge,2025-03-31,Health Care,-0.020000000000000004
Long-short | Ridge,2025-03-31,Industrials,-0.08
Long-short | Ridge,2025-03-31,Information Technology,-0.11
Long-short | Ridge,2025-03-31,Materials,0.009999999999999997
Long-short | Ridge,2025-04-30,Consumer Discretionary,-0.009999999999999995
Long-short | Ridge,2025-04-30,Energy,-0.11
Long-short | Ridge,2025-04-30,Financials,0.17
Long-short | Ridge,2025-04-30,Health Care,0.009999999999999997
Long-short | Ridge,2025-04-30,Industrials,-0.05
Long-short | Ridge,2025-04-30,Information Technology,-0.010000000000000009
Long-short | Ridge,2025-04-30,Materials,0.0
Long-short | Ridge,2025-05-31,Consumer Discretionary,-0.009999999999999995
Long-short | Ridge,2025-05-31,Energy,-0.11
Long-short | Ridge,2025-05-31,Financials,0.17
Long-short | Ridge,2025-05-31,Health Care,0.06
Long-short | Ridge,2025-05-31,Industrials,-0.05
Long-short | Ridge,2025-05-31,Information Technology,-0.06000000000000001
Long-short | Ridge,2025-05-31,Materials,0.0
Long-short | Ridge,2025-06-30,Consumer Discretionary,-0.07
Long-short | Ridge,2025-06-30,Energy,-0.04000000000000001
Long-short | Ridge,2025-06-30,Financials,0.2
Long-short | Ridge,2025-06-30,Health Care,0.04000000000000001
Long-short | Ridge,2025-06-30,Industrials,-0.05
Long-short | Ridge,2025-06-30,Information Technology,-0.06
Long-short | Ridge,2025-06-30,Materials,-0.020000000000000004
Long-short | Ridge,2025-07-31,Consumer Discretionary,0.0
Long-short | Ridge,2025-07-31,Energy,0.0
Long-short | Ridge,2025-07-31,Financials,0.2
Long-short | Ridge,2025-07-31,Health Care,-1.6653345369377347e-18
Long-short | Ridge,2025-07-31,Industrials,-0.08
Long-short | Ridge,2025-07-31,Information Technology,-0.1
Long-short | Ridge,2025-07-31,Materials,-0.020000000000000004
Long-short | Ridge,2025-08-31,Consumer Discretionary,-0.05
Long-short | Ridge,2025-08-31,Energy,0.020000000000000004
Long-short | Ridge,2025-08-31,Financials,0.2
Long-short | Ridge,2025-08-31,Health Care,1.6653345369377347e-18
Long-short | Ridge,2025-08-31,Industrials,-0.07
Long-short | Ridge,2025-08-31,Information Technology,-0.07
Long-short | Ridge,2025-08-31,Materials,-0.03
Long-short | Ridge,2025-09-30,Consumer Discretionary,-0.11000000000000001
Long-short | Ridge,2025-09-30,Energy,-0.010000000000000009
Long-short | Ridge,2025-09-30,Financials,0.18
Long-short | Ridge,2025-09-30,Health Care,0.04000000000000001
Long-short | Ridge,2025-09-30,Industrials,-0.08
Long-short | Ridge,2025-09-30,Information Technology,1.3877787807814457e-17
Long-short | Ridge,2025-09-30,Materials,-0.020000000000000004
Long-short | Ridge,2025-10-31,Consumer Discretionary,-0.07
Long-short | Ridge,2025-10-31,Energy,-0.010000000000000009
Long-short | Ridge,2025-10-31,Financials,0.18
Long-short | Ridge,2025-10-31,Health Care,0.04000000000000001
Long-short | Ridge,2025-10-31,Industrials,-0.1
Long-short | Ridge,2025-10-31,Information Technology,-0.01999999999999999
Long-short | Ridge,2025-10-31,Materials,-0.020000000000000004
Long-short | Ridge,2025-11-30,Consumer Discretionary,-0.07
Long-short | Ridge,2025-11-30,Energy,0.07
Long-short | Ridge,2025-11-30,Financials,0.18
Long-short | Ridge,2025-11-30,Health Care,-1.6653345369377347e-18
Long-short | Ridge,2025-11-30,Industrials,-0.08
Long-short | Ridge,2025-11-30,Information Technology,-0.08
Long-short | Ridge,2025-11-30,Materials,-0.020000000000000004
Long-short | Ridge,2025-12-31,Consumer Discretionary,-0.14
Long-short | Ridge,2025-12-31,Energy,-0.039999999999999994
Long-short | Ridge,2025-12-31,Financials,0.2
Long-short | Ridge,2025-12-31,Health Care,0.06
Long-short | Ridge,2025-12-31,Industrials,-0.07
Long-short | Ridge,2025-12-31,Information Technology,-0.010000000000000009
Long-short | Ridge,2025-12-31,Materials,0.0
Long-short | Ridge,2026-01-31,Consumer Discretionary,-0.06000000000000001
Long-short | Ridge,2026-01-31,Energy,0.0
Long-short | Ridge,2026-01-31,Financials,0.2
Long-short | Ridge,2026-01-31,Health Care,0.07
Long-short | Ridge,2026-01-31,Industrials,-0.1
Long-short | Ridge,2026-01-31,Information Technology,-0.11
Long-short | Ridge,2026-01-31,Materials,0.0
Long-short | Ridge,2026-02-28,Consumer Discretionary,-0.020000000000000004
Long-short | Ridge,2026-02-28,Energy,0.04000000000000001
Long-short | Ridge,2026-02-28,Financials,0.18
Long-short | Ridge,2026-02-28,Health Care,0.03
Long-short | Ridge,2026-02-28,Industrials,-0.08
Long-short | Ridge,2026-02-28,Information Technology,-0.15000000000000002
Long-short | Ridge,2026-02-28,Materials,0.0
Long-short | Ridge,2026-03-31,Consumer Discretionary,-0.06000000000000001
Long-short | Ridge,2026-03-31,Energy,0.04000000000000001
Long-short | Ridge,2026-03-31,Financials,0.18
Long-short | Ridge,2026-03-31,Health Care,-1.6653345369377347e-18
Long-short | Ridge,2026-03-31,Industrials,-0.1
Long-short | Ridge,2026-03-31,Information Technology,-0.08
Long-short | Ridge,2026-03-31,Materials,0.020000000000000004
Long-short | Ridge,2026-04-30,Consumer Discretionary,-0.08000000000000002
Long-short | Ridge,2026-04-30,Energy,0.0
Long-short | Ridge,2026-04-30,Financials,0.18
Long-short | Ridge,2026-04-30,Health Care,0.05
Long-short | Ridge,2026-04-30,Industrials,-0.12000000000000001
Long-short | Ridge,2026-04-30,Information Technology,-0.04999999999999999
Long-short | Ridge,2026-04-30,Materials,0.020000000000000004
Long-short | Ridge,2026-05-31,Consumer Discretionary,-0.07000000000000002
Long-short | Ridge,2026-05-31,Energy,-0.03
Long-short | Ridge,2026-05-31,Financials,0.16
Long-short | Ridge,2026-05-31,Health Care,0.05
Long-short | Ridge,2026-05-31,Industrials,-0.1
Long-short | Ridge,2026-05-31,Information Technology,-0.029999999999999985
Long-short | Ridge,2026-05-31,Materials,0.020000000000000004
Long-short | Ridge,2026-06-30,Consumer Discretionary,0.0
Long-short | Ridge,2026-06-30,Energy,0.020000000000000004
Long-short | Ridge,2026-06-30,Financials,0.16
Long-short | Ridge,2026-06-30,Health Care,-0.020000000000000004
Long-short | Ridge,2026-06-30,Industrials,-0.1
Long-short | Ridge,2026-06-30,Information Technology,-0.08
Long-short | Ridge,2026-06-30,Materials,0.020000000000000004
Long-short | Ridge,2026-07-31,Consumer Discretionary,-0.020000000000000004
Long-short | Ridge,2026-07-31,Energy,0.020000000000000004
Long-short | Ridge,2026-07-31,Financials,0.16
Long-short | Ridge,2026-07-31,Health Care,-0.020000000000000004
Long-short | Ridge,2026-07-31,Industrials,-0.1
Long-short | Ridge,2026-07-31,Information Technology,-0.039999999999999994
Long-short | Ridge,2026-07-31,Materials,0.0
Long-short | Ridge,2026-08-31,Consumer Discretionary,0.05
Long-short | Ridge,2026-08-31,Energy,0.009999999999999995
Long-short | Ridge,2026-08-31,Financials,0.14
Long-short | Ridge,2026-08-31,Health Care,-0.03
Long-short | Ridge,2026-08-31,Industrials,-0.1
Long-short | Ridge,2026-08-31,Information Technology,-0.07
Long-short | Ridge,2026-08-31,Materials,0.0
Long-short | Elastic Net,2024-12-31,Consumer Discretionary,0.009999999999999995
Long-short | Elastic Net,2024-12-31,Energy,0.009999999999999995
Long-short | Elastic Net,2024-12-31,Financials,0.13
Long-short | Elastic Net,2024-12-31,Health Care,-0.009999999999999997
Long-short | Elastic Net,2024-12-31,Industrials,0.0
Long-short | Elastic Net,2024-12-31,Information Technology,-0.14
Long-short | Elastic Net,2024-12-31,Materials,0.0
Long-short | Elastic Net,2025-01-31,Consumer Discretionary,0.009999999999999995
Long-short | Elastic Net,2025-01-31,Energy,0.039999999999999994
Long-short | Elastic Net,2025-01-31,Financials,0.13
Long-short | Elastic Net,2025-01-31,Health Care,-0.009999999999999997
Long-short | Elastic Net,2025-01-31,Industrials,-0.05
Long-short | Elastic Net,2025-01-31,Information Technology,-0.09
Long-short | Elastic Net,2025-01-31,Materials,-0.03
Long-short | Elastic Net,2025-02-28,Consumer Discretionary,-0.020000000000000004
Long-short | Elastic Net,2025-02-28,Energy,-0.010000000000000007
Long-short | Elastic Net,2025-02-28,Financials,0.15000000000000002
Long-short | Elastic Net,2025-02-28,Health Care,0.020000000000000004
Long-short | Elastic Net,2025-02-28,Industrials,-0.08
Long-short | Elastic Net,2025-02-28,Information Technology,-0.09
Long-short | Elastic Net,2025-02-28,Materials,0.03
Long-short | Elastic Net,2025-03-31,Consumer Discretionary,0.0
Long-short | Elastic Net,2025-03-31,Energy,0.03
Long-short | Elastic Net,2025-03-31,Financials,0.17
Long-short | Elastic Net,2025-03-31,Health Care,-0.020000000000000004
Long-short | Elastic Net,2025-03-31,Industrials,-0.08
Long-short | Elastic Net,2025-03-31,Information Technology,-0.11
Long-short | Elastic Net,2025-03-31,Materials,0.009999999999999997
Long-short | Elastic Net,2025-04-30,Consumer Discretionary,-0.009999999999999995
Long-short | Elastic Net,2025-04-30,Energy,-0.11
Long-short | Elastic Net,2025-04-30,Financials,0.17
Long-short | Elastic Net,2025-04-30,Health Care,0.009999999999999997
Long-short | Elastic Net,2025-04-30,Industrials,-0.05
Long-short | Elastic Net,2025-04-30,Information Technology,-0.010000000000000009
Long-short | Elastic Net,2025-04-30,Materials,0.0
Long-short | Elastic Net,2025-05-31,Consumer Discretionary,0.009999999999999995
Long-short | Elastic Net,2025-05-31,Energy,-0.09000000000000001
Long-short | Elastic Net,2025-05-31,Financials,0.18
Long-short | Elastic Net,2025-05-31,Health Care,0.04000000000000001
Long-short | Elastic Net,2025-05-31,Industrials,-0.05
Long-short | Elastic Net,2025-05-31,Information Technology,-0.09
Long-short | Elastic Net,2025-05-31,Materials,0.0
Long-short | Elastic Net,2025-06-30,Consumer Discretionary,-0.07
Long-short | Elastic Net,2025-06-30,Energy,-0.04000000000000001
Long-short | Elastic Net,2025-06-30,Financials,0.2
Long-short | Elastic Net,2025-06-30,Health Care,0.04000000000000001
Long-short | Elastic Net,2025-06-30,Industrials,-0.05
Long-short | Elastic Net,2025-06-30,Information Technology,-0.06
Long-short | Elastic Net,2025-06-30,Materials,-0.020000000000000004
Long-short | Elastic Net,2025-07-31,Consumer Discretionary,0.0
Long-short | Elastic Net,2025-07-31,Energy,0.0
Long-short | Elastic Net,2025-07-31,Financials,0.2
Long-short | Elastic Net,2025-07-31,Health Care,-1.6653345369377347e-18
Long-short | Elastic Net,2025-07-31,Industrials,-0.08
Long-short | Elastic Net,2025-07-31,Information Technology,-0.1
Long-short | Elastic Net,2025-07-31,Materials,-0.020000000000000004
Long-short | Elastic Net,2025-08-31,Consumer Discretionary,-0.05
Long-short | Elastic Net,2025-08-31,Energy,0.020000000000000004
Long-short | Elastic Net,2025-08-31,Financials,0.2
Long-short | Elastic Net,2025-08-31,Health Care,1.6653345369377347e-18
Long-short | Elastic Net,2025-08-31,Industrials,-0.07
Long-short | Elastic Net,2025-08-31,Information Technology,-0.07
Long-short | Elastic Net,2025-08-31,Materials,-0.03
Long-short | Elastic Net,2025-09-30,Consumer Discretionary,-0.11000000000000001
Long-short | Elastic Net,2025-09-30,Energy,-0.010000000000000009
Long-short | Elastic Net,2025-09-30,Financials,0.18
Long-short | Elastic Net,2025-09-30,Health Care,0.04000000000000001
Long-short | Elastic Net,2025-09-30,Industrials,-0.08
Long-short | Elastic Net,2025-09-30,Information Technology,1.3877787807814457e-17
Long-short | Elastic Net,2025-09-30,Materials,-0.020000000000000004
Long-short | Elastic Net,2025-10-31,Consumer Discretionary,-0.07
Long-short | Elastic Net,2025-10-31,Energy,-0.010000000000000009
Long-short | Elastic Net,2025-10-31,Financials,0.18
Long-short | Elastic Net,2025-10-31,Health Care,0.04000000000000001
Long-short | Elastic Net,2025-10-31,Industrials,-0.1
Long-short | Elastic Net,2025-10-31,Information Technology,-0.01999999999999999
Long-short | Elastic Net,2025-10-31,Materials,-0.020000000000000004
Long-short | Elastic Net,2025-11-30,Consumer Discretionary,-0.07
Long-short | Elastic Net,2025-11-30,Energy,0.07
Long-short | Elastic Net,2025-11-30,Financials,0.18
Long-short | Elastic Net,2025-11-30,Health Care,-1.6653345369377347e-18
Long-short | Elastic Net,2025-11-30,Industrials,-0.08
Long-short | Elastic Net,2025-11-30,Information Technology,-0.08
Long-short | Elastic Net,2025-11-30,Materials,-0.020000000000000004
Long-short | Elastic Net,2025-12-31,Consumer Discretionary,-0.14
Long-short | Elastic Net,2025-12-31,Energy,-0.039999999999999994
Long-short | Elastic Net,2025-12-31,Financials,0.2
Long-short | Elastic Net,2025-12-31,Health Care,0.06
Long-short | Elastic Net,2025-12-31,Industrials,-0.07
Long-short | Elastic Net,2025-12-31,Information Technology,-0.010000000000000009
Long-short | Elastic Net,2025-12-31,Materials,0.0
Long-short | Elastic Net,2026-01-31,Consumer Discretionary,-0.09
Long-short | Elastic Net,2026-01-31,Energy,0.0
Long-short | Elastic Net,2026-01-31,Financials,0.2
Long-short | Elastic Net,2026-01-31,Health Care,0.08
Long-short | Elastic Net,2026-01-31,Industrials,-0.1
Long-short | Elastic Net,2026-01-31,Information Technology,-0.09000000000000001
Long-short | Elastic Net,2026-01-31,Materials,0.0
Long-short | Elastic Net,2026-02-28,Consumer Discretionary,-0.020000000000000004
Long-short | Elastic Net,2026-02-28,Energy,0.04000000000000001
Long-short | Elastic Net,2026-02-28,Financials,0.18
Long-short | Elastic Net,2026-02-28,Health Care,0.03
Long-short | Elastic Net,2026-02-28,Industrials,-0.08
Long-short | Elastic Net,2026-02-28,Information Technology,-0.15000000000000002
Long-short | Elastic Net,2026-02-28,Materials,0.0
Long-short | Elastic Net,2026-03-31,Consumer Discretionary,-0.06000000000000001
Long-short | Elastic Net,2026-03-31,Energy,0.04000000000000001
Long-short | Elastic Net,2026-03-31,Financials,0.18
Long-short | Elastic Net,2026-03-31,Health Care,-1.6653345369377347e-18
Long-short | Elastic Net,2026-03-31,Industrials,-0.1
Long-short | Elastic Net,2026-03-31,Information Technology,-0.08
Long-short | Elastic Net,2026-03-31,Materials,0.020000000000000004
Long-short | Elastic Net,2026-04-30,Consumer Discretionary,-0.08000000000000002
Long-short | Elastic Net,2026-04-30,Energy,0.0
Long-short | Elastic Net,2026-04-30,Financials,0.18
Long-short | Elastic Net,2026-04-30,Health Care,0.05
Long-short | Elastic Net,2026-04-30,Industrials,-0.12000000000000001
Long-short | Elastic Net,2026-04-30,Information Technology,-0.04999999999999999
Long-short | Elastic Net,2026-04-30,Materials,0.020000000000000004
Long-short | Elastic Net,2026-05-31,Consumer Discretionary,-0.07000000000000002
Long-short | Elastic Net,2026-05-31,Energy,-0.03
Long-short | Elastic Net,2026-05-31,Financials,0.16
Long-short | Elastic Net,2026-05-31,Health Care,0.05
Long-short | Elastic Net,2026-05-31,Industrials,-0.1
Long-short | Elastic Net,2026-05-31,Information Technology,-0.029999999999999985
Long-short | Elastic Net,2026-05-31,Materials,0.020000000000000004
Long-short | Elastic Net,2026-06-30,Consumer Discretionary,0.0
Long-short | Elastic Net,2026-06-30,Energy,0.020000000000000004
Long-short | Elastic Net,2026-06-30,Financials,0.16
Long-short | Elastic Net,2026-06-30,Health Care,-0.020000000000000004
Long-short | Elastic Net,2026-06-30,Industrials,-0.1
Long-short | Elastic Net,2026-06-30,Information Technology,-0.08
Long-short | Elastic Net,2026-06-30,Materials,0.020000000000000004
Long-short | Elastic Net,2026-07-31,Consumer Discretionary,-0.020000000000000004
Long-short | Elastic Net,2026-07-31,Energy,0.020000000000000004
Long-short | Elastic Net,2026-07-31,Financials,0.16
Long-short | Elastic Net,2026-07-31,Health Care,-0.020000000000000004
Long-short | Elastic Net,2026-07-31,Industrials,-0.1
Long-short | Elastic Net,2026-07-31,Information Technology,-0.039999999999999994
Long-short | Elastic Net,2026-07-31,Materials,0.0
Long-short | Elastic Net,2026-08-31,Consumer Discretionary,0.05
Long-short | Elastic Net,2026-08-31,Energy,0.009999999999999995
Long-short | Elastic Net,2026-08-31,Financials,0.14
Long-short | Elastic Net,2026-08-31,Health Care,-0.03
Long-short | Elastic Net,2026-08-31,Industrials,-0.1
Long-short | Elastic Net,2026-08-31,Information Technology,-0.07
Long-short | Elastic Net,2026-08-31,Materials,0.0
Long-short | KNN,2024-12-31,Consumer Discretionary,0.03
Long-short | KNN,2024-12-31,Energy,0.03
Long-short | KNN,2024-12-31,Financials,0.15000000000000002
Long-short | KNN,2024-12-31,Health Care,-0.03
Long-short | KNN,2024-12-31,Industrials,-0.04000000000000001
Long-short | KNN,2024-12-31,Information Technology,-0.18
Long-short | KNN,2024-12-31,Materials,0.04000000000000001
Long-short | KNN,2025-01-31,Consumer Discretionary,0.03
Long-short | KNN,2025-01-31,Energy,0.08
Long-short | KNN,2025-01-31,Financials,0.15000000000000002
Long-short | KNN,2025-01-31,Health Care,-0.03
Long-short | KNN,2025-01-31,Industrials,-0.07
Long-short | KNN,2025-01-31,Information Technology,-0.15000000000000002
Long-short | KNN,2025-01-31,Materials,-0.009999999999999997
Long-short | KNN,2025-02-28,Consumer Discretionary,-0.020000000000000004
Long-short | KNN,2025-02-28,Energy,-0.010000000000000007
Long-short | KNN,2025-02-28,Financials,0.15000000000000002
Long-short | KNN,2025-02-28,Health Care,0.020000000000000004
Long-short | KNN,2025-02-28,Industrials,-0.08
Long-short | KNN,2025-02-28,Information Technology,-0.09
Long-short | KNN,2025-02-28,Materials,0.03
Long-short | KNN,2025-03-31,Consumer Discretionary,-0.06
Long-short | KNN,2025-03-31,Energy,-0.06999999999999999
Long-short | KNN,2025-03-31,Financials,0.15000000000000002
Long-short | KNN,2025-03-31,Health Care,0.03
Long-short | KNN,2025-03-31,Industrials,-0.07
Long-short | KNN,2025-03-31,Information Technology,-1.3877787807814457e-17
Long-short | KNN,2025-03-31,Materials,0.020000000000000004
Long-short | KNN,2025-04-30,Consumer Discretionary,-0.03
Long-short | KNN,2025-04-30,Energy,-0.09
Long-short | KNN,2025-04-30,Financials,0.15000000000000002
Long-short | KNN,2025-04-30,Health Care,0.03
Long-short | KNN,2025-04-30,Industrials,-0.07
Long-short | KNN,2025-04-30,Information Technology,-0.030000000000000013
Long-short | KNN,2025-04-30,Materials,0.04000000000000001
Long-short | KNN,2025-05-31,Consumer Discretionary,-0.009999999999999995
Long-short | KNN,2025-05-31,Energy,-0.11
Long-short | KNN,2025-05-31,Financials,0.17
Long-short | KNN,2025-05-31,Health Care,0.06
Long-short | KNN,2025-05-31,Industrials,-0.05
Long-short | KNN,2025-05-31,Information Technology,-0.06000000000000001
Long-short | KNN,2025-05-31,Materials,0.0
Long-short | KNN,2025-06-30,Consumer Discretionary,-0.08
Long-short | KNN,2025-06-30,Energy,-0.06
Long-short | KNN,2025-06-30,Financials,0.2
Long-short | KNN,2025-06-30,Health Care,0.06
Long-short | KNN,2025-06-30,Industrials,-0.05
Long-short | KNN,2025-06-30,Information Technology,-0.04000000000000001
Long-short | KNN,2025-06-30,Materials,-0.03
Long-short | KNN,2025-07-31,Consumer Discretionary,-0.06
Long-short | KNN,2025-07-31,Energy,-0.06
Long-short | KNN,2025-07-31,Financials,0.2
Long-short | KNN,2025-07-31,Health Care,0.06
Long-short | KNN,2025-07-31,Industrials,-0.05
Long-short | KNN,2025-07-31,Information Technology,-0.04000000000000001
Long-short | KNN,2025-07-31,Materials,-0.05
Long-short | KNN,2025-08-31,Consumer Discretionary,-0.08
Long-short | KNN,2025-08-31,Energy,-0.06999999999999999
Long-short | KNN,2025-08-31,Financials,0.2
Long-short | KNN,2025-08-31,Health Care,0.06
Long-short | KNN,2025-08-31,Industrials,-0.07
Long-short | KNN,2025-08-31,Information Technology,-0.010000000000000009
Long-short | KNN,2025-08-31,Materials,-0.03
Long-short | KNN,2025-09-30,Consumer Discretionary,-0.18
Long-short | KNN,2025-09-30,Energy,-0.039999999999999994
Long-short | KNN,2025-09-30,Financials,0.15000000000000002
Long-short | KNN,2025-09-30,Health Care,0.06
Long-short | KNN,2025-09-30,Industrials,-0.05
Long-short | KNN,2025-09-30,Information Technology,0.11
Long-short | KNN,2025-09-30,Materials,-0.05
Long-short | KNN,2025-10-31,Consumer Discretionary,-0.08
Long-short | KNN,2025-10-31,Energy,-0.039999999999999994
Long-short | KNN,2025-10-31,Financials,0.15000000000000002
Long-short | KNN,2025-10-31,Health Care,0.06
Long-short | KNN,2025-10-31,Industrials,-0.1
Long-short | KNN,2025-10-31,Information Technology,0.06
Long-short | KNN,2025-10-31,Materials,-0.05
Long-short | KNN,2025-11-30,Consumer Discretionary,-0.08
Long-short | KNN,2025-11-30,Energy,0.08
Long-short | KNN,2025-11-30,Financials,0.17
Long-short | KNN,2025-11-30,Health Care,1.6653345369377347e-18
Long-short | KNN,2025-11-30,Industrials,-0.07
Long-short | KNN,2025-11-30,Information Technology,-0.07
Long-short | KNN,2025-11-30,Materials,-0.03
Long-short | KNN,2025-12-31,Consumer Discretionary,-0.11000000000000001
Long-short | KNN,2025-12-31,Energy,-0.010000000000000009
Long-short | KNN,2025-12-31,Financials,0.2
Long-short | KNN,2025-12-31,Health Care,0.04000000000000001
Long-short | KNN,2025-12-31,Industrials,-0.08
Long-short | KNN,2025-12-31,Information Technology,-0.039999999999999994
Long-short | KNN,2025-12-31,Materials,0.0
Long-short | KNN,2026-01-31,Consumer Discretionary,-0.06000000000000001
Long-short | KNN,2026-01-31,Energy,0.0
Long-short | KNN,2026-01-31,Financials,0.2
Long-short | KNN,2026-01-31,Health Care,0.07
Long-short | KNN,2026-01-31,Industrials,-0.1
Long-short | KNN,2026-01-31,Information Technology,-0.11
Long-short | KNN,2026-01-31,Materials,0.0
Long-short | KNN,2026-02-28,Consumer Discretionary,-0.11
Long-short | KNN,2026-02-28,Energy,0.04000000000000001
Long-short | KNN,2026-02-28,Financials,0.15000000000000002
Long-short | KNN,2026-02-28,Health Care,0.03
Long-short | KNN,2026-02-28,Industrials,-0.05
Long-short | KNN,2026-02-28,Information Technology,-0.06000000000000001
Long-short | KNN,2026-02-28,Materials,0.0
Long-short | KNN,2026-03-31,Consumer Discretionary,-0.15
Long-short | KNN,2026-03-31,Energy,0.0
Long-short | KNN,2026-03-31,Financials,0.17
Long-short | KNN,2026-03-31,Health Care,0.06
Long-short | KNN,2026-03-31,Industrials,-0.1
Long-short | KNN,2026-03-31,Information Technology,-0.010000000000000009
Long-short | KNN,2026-03-31,Materials,0.03
Long-short | KNN,2026-04-30,Consumer Discretionary,-0.08000000000000002
Long-short | KNN,2026-04-30,Energy,0.0
Long-short | KNN,2026-04-30,Financials,0.18
Long-short | KNN,2026-04-30,Health Care,0.05
Long-short | KNN,2026-04-30,Industrials,-0.12000000000000001
Long-short | KNN,2026-04-30,Information Technology,-0.04999999999999999
Long-short | KNN,2026-04-30,Materials,0.020000000000000004
Long-short | KNN,2026-05-31,Consumer Discretionary,-0.19
Long-short | KNN,2026-05-31,Energy,0.020000000000000004
Long-short | KNN,2026-05-31,Financials,0.1
Long-short | KNN,2026-05-31,Health Care,0.03
Long-short | KNN,2026-05-31,Industrials,-0.1
Long-short | KNN,2026-05-31,Information Technology,0.09
Long-short | KNN,2026-05-31,Materials,0.05
Long-short | KNN,2026-06-30,Consumer Discretionary,0.0
Long-short | KNN,2026-06-30,Energy,0.03
Long-short | KNN,2026-06-30,Financials,0.14
Long-short | KNN,2026-06-30,Health Care,-0.03
Long-short | KNN,2026-06-30,Industrials,-0.1
Long-short | KNN,2026-06-30,Information Technology,-0.07
Long-short | KNN,2026-06-30,Materials,0.03
Long-short | KNN,2026-07-31,Consumer Discretionary,-0.13
Long-short | KNN,2026-07-31,Energy,0.009999999999999995
Long-short | KNN,2026-07-31,Financials,0.1
Long-short | KNN,2026-07-31,Health Care,-0.009999999999999997
Long-short | KNN,2026-07-31,Industrials,-0.1
Long-short | KNN,2026-07-31,Information Technology,0.13
Long-short | KNN,2026-07-31,Materials,0.0
Long-short | KNN,2026-08-31,Consumer Discretionary,-0.09999999999999999
Long-short | KNN,2026-08-31,Energy,-0.020000000000000004
Long-short | KNN,2026-08-31,Financials,0.14
Long-short | KNN,2026-08-31,Health Care,0.03
Long-short | KNN,2026-08-31,Industrials,-0.1
Long-short | KNN,2026-08-31,Information Technology,0.04999999999999999
Long-short | KNN,2026-08-31,Materials,0.0
Long-short | SVR,2024-12-31,Consumer Discretionary,0.009999999999999995
Long-short | SVR,2024-12-31,Energy,0.009999999999999995
Long-short | SVR,2024-12-31,Financials,0.13
Long-short | SVR,2024-12-31,Health Care,-0.009999999999999997
Long-short | SVR,2024-12-31,Industrials,0.0
Long-short | SVR,2024-12-31,Information Technology,-0.14
Long-short | SVR,2024-12-31,Materials,0.0
Long-short | SVR,2025-01-31,Consumer Discretionary,0.03
Long-short | SVR,2025-01-31,Energy,0.08
Long-short | SVR,2025-01-31,Financials,0.15000000000000002
Long-short | SVR,2025-01-31,Health Care,-0.03
Long-short | SVR,2025-01-31,Industrials,-0.07
Long-short | SVR,2025-01-31,Information Technology,-0.15000000000000002
Long-short | SVR,2025-01-31,Materials,-0.009999999999999997
Long-short | SVR,2025-02-28,Consumer Discretionary,0.020000000000000004
Long-short | SVR,2025-02-28,Energy,0.05
Long-short | SVR,2025-02-28,Financials,0.17
Long-short | SVR,2025-02-28,Health Care,-0.020000000000000004
Long-short | SVR,2025-02-28,Industrials,-0.08
Long-short | SVR,2025-02-28,Information Technology,-0.15000000000000002
Long-short | SVR,2025-02-28,Materials,0.009999999999999997
Long-short | SVR,2025-03-31,Consumer Discretionary,0.0
Long-short | SVR,2025-03-31,Energy,0.020000000000000004
Long-short | SVR,2025-03-31,Financials,0.18
Long-short | SVR,2025-03-31,Health Care,-0.03
Long-short | SVR,2025-03-31,Industrials,-0.07
Long-short | SVR,2025-03-31,Information Technology,-0.09000000000000001
Long-short | SVR,2025-03-31,Materials,-0.009999999999999997
Long-short | SVR,2025-04-30,Consumer Discretionary,-0.009999999999999995
Long-short | SVR,2025-04-30,Energy,-0.11
Long-short | SVR,2025-04-30,Financials,0.17
Long-short | SVR,2025-04-30,Health Care,0.009999999999999997
Long-short | SVR,2025-04-30,Industrials,-0.05
Long-short | SVR,2025-04-30,Information Technology,-0.010000000000000009
Long-short | SVR,2025-04-30,Materials,0.0
Long-short | SVR,2025-05-31,Consumer Discretionary,-0.009999999999999995
Long-short | SVR,2025-05-31,Energy,-0.11
Long-short | SVR,2025-05-31,Financials,0.17
Long-short | SVR,2025-05-31,Health Care,0.06
Long-short | SVR,2025-05-31,Industrials,-0.05
Long-short | SVR,2025-05-31,Information Technology,-0.06000000000000001
Long-short | SVR,2025-05-31,Materials,0.0
Long-short | SVR,2025-06-30,Consumer Discretionary,-0.08
Long-short | SVR,2025-06-30,Energy,-0.06
Long-short | SVR,2025-06-30,Financials,0.2
Long-short | SVR,2025-06-30,Health Care,0.06
Long-short | SVR,2025-06-30,Industrials,-0.05
Long-short | SVR,2025-06-30,Information Technology,-0.04000000000000001
Long-short | SVR,2025-06-30,Materials,-0.03
Long-short | SVR,2025-07-31,Consumer Discretionary,-0.04000000000000001
Long-short | SVR,2025-07-31,Energy,-0.04000000000000001
Long-short | SVR,2025-07-31,Financials,0.2
Long-short | SVR,2025-07-31,Health Care,0.04000000000000001
Long-short | SVR,2025-07-31,Industrials,-0.05
Long-short | SVR,2025-07-31,Information Technology,-0.06
Long-short | SVR,2025-07-31,Materials,-0.05
Long-short | SVR,2025-08-31,Consumer Discretionary,-0.05
Long-short | SVR,2025-08-31,Energy,0.020000000000000004
Long-short | SVR,2025-08-31,Financials,0.2
Long-short | SVR,2025-08-31,Health Care,1.6653345369377347e-18
Long-short | SVR,2025-08-31,Industrials,-0.07
Long-short | SVR,2025-08-31,Information Technology,-0.07
Long-short | SVR,2025-08-31,Materials,-0.03
Long-short | SVR,2025-09-30,Consumer Discretionary,-0.14
Long-short | SVR,2025-09-30,Energy,-0.039999999999999994
Long-short | SVR,2025-09-30,Financials,0.17
Long-short | SVR,2025-09-30,Health Care,0.06
Long-short | SVR,2025-09-30,Industrials,-0.07
Long-short | SVR,2025-09-30,Information Technology,0.04999999999999999
Long-short | SVR,2025-09-30,Materials,-0.03
Long-short | SVR,2025-10-31,Consumer Discretionary,-0.08
Long-short | SVR,2025-10-31,Energy,-0.039999999999999994
Long-short | SVR,2025-10-31,Financials,0.15000000000000002
Long-short | SVR,2025-10-31,Health Care,0.06
Long-short | SVR,2025-10-31,Industrials,-0.1
Long-short | SVR,2025-10-31,Information Technology,0.06
Long-short | SVR,2025-10-31,Materials,-0.05
Long-short | SVR,2025-11-30,Consumer Discretionary,-0.07
Long-short | SVR,2025-11-30,Energy,0.07
Long-short | SVR,2025-11-30,Financials,0.18
Long-short | SVR,2025-11-30,Health Care,-1.6653345369377347e-18
Long-short | SVR,2025-11-30,Industrials,-0.08
Long-short | SVR,2025-11-30,Information Technology,-0.08
Long-short | SVR,2025-11-30,Materials,-0.020000000000000004
Long-short | SVR,2025-12-31,Consumer Discretionary,-0.11000000000000001
Long-short | SVR,2025-12-31,Energy,-0.010000000000000009
Long-short | SVR,2025-12-31,Financials,0.2
Long-short | SVR,2025-12-31,Health Care,0.04000000000000001
Long-short | SVR,2025-12-31,Industrials,-0.08
Long-short | SVR,2025-12-31,Information Technology,-0.039999999999999994
Long-short | SVR,2025-12-31,Materials,0.0
Long-short | SVR,2026-01-31,Consumer Discretionary,-0.06000000000000001
Long-short | SVR,2026-01-31,Energy,0.0
Long-short | SVR,2026-01-31,Financials,0.2
Long-short | SVR,2026-01-31,Health Care,0.07
Long-short | SVR,2026-01-31,Industrials,-0.1
Long-short | SVR,2026-01-31,Information Technology,-0.11
Long-short | SVR,2026-01-31,Materials,0.0
Long-short | SVR,2026-02-28,Consumer Discretionary,-0.09
Long-short | SVR,2026-02-28,Energy,0.0
Long-short | SVR,2026-02-28,Financials,0.17
Long-short | SVR,2026-02-28,Health Care,0.05
Long-short | SVR,2026-02-28,Industrials,-0.07
Long-short | SVR,2026-02-28,Information Technology,-0.06000000000000001
Long-short | SVR,2026-02-28,Materials,0.0
Long-short | SVR,2026-03-31,Consumer Discretionary,-0.10000000000000002
Long-short | SVR,2026-03-31,Energy,0.0
Long-short | SVR,2026-03-31,Financials,0.18
Long-short | SVR,2026-03-31,Health Care,0.04000000000000001
Long-short | SVR,2026-03-31,Industrials,-0.1
Long-short | SVR,2026-03-31,Information Technology,-0.039999999999999994
Long-short | SVR,2026-03-31,Materials,0.020000000000000004
Long-short | SVR,2026-04-30,Consumer Discretionary,-0.08000000000000002
Long-short | SVR,2026-04-30,Energy,0.0
Long-short | SVR,2026-04-30,Financials,0.18
Long-short | SVR,2026-04-30,Health Care,0.05
Long-short | SVR,2026-04-30,Industrials,-0.12000000000000001
Long-short | SVR,2026-04-30,Information Technology,-0.04999999999999999
Long-short | SVR,2026-04-30,Materials,0.020000000000000004
Long-short | SVR,2026-05-31,Consumer Discretionary,-0.07000000000000002
Long-short | SVR,2026-05-31,Energy,-0.03
Long-short | SVR,2026-05-31,Financials,0.16
Long-short | SVR,2026-05-31,Health Care,0.05
Long-short | SVR,2026-05-31,Industrials,-0.1
Long-short | SVR,2026-05-31,Information Technology,-0.029999999999999985
Long-short | SVR,2026-05-31,Materials,0.020000000000000004
Long-short | SVR,2026-06-30,Consumer Discretionary,0.0
Long-short | SVR,2026-06-30,Energy,0.03
Long-short | SVR,2026-06-30,Financials,0.14
Long-short | SVR,2026-06-30,Health Care,-0.03
Long-short | SVR,2026-06-30,Industrials,-0.1
Long-short | SVR,2026-06-30,Information Technology,-0.07
Long-short | SVR,2026-06-30,Materials,0.03
Long-short | SVR,2026-07-31,Consumer Discretionary,-0.03
Long-short | SVR,2026-07-31,Energy,0.03
Long-short | SVR,2026-07-31,Financials,0.14
Long-short | SVR,2026-07-31,Health Care,-0.03
Long-short | SVR,2026-07-31,Industrials,-0.1
Long-short | SVR,2026-07-31,Information Technology,-0.010000000000000009
Long-short | SVR,2026-07-31,Materials,0.0
Long-short | SVR,2026-08-31,Consumer Discretionary,-0.09999999999999999
Long-short | SVR,2026-08-31,Energy,-0.020000000000000004
Long-short | SVR,2026-08-31,Financials,0.14
Long-short | SVR,2026-08-31,Health Care,0.03
Long-short | SVR,2026-08-31,Industrials,-0.1
Long-short | SVR,2026-08-31,Information Technology,0.04999999999999999
Long-short | SVR,2026-08-31,Materials,0.0
Long-short | Random Forest,2024-12-31,Consumer Discretionary,-0.009999999999999995
Long-short | Random Forest,2024-12-31,Energy,-0.009999999999999995
Long-short | Random Forest,2024-12-31,Financials,0.12000000000000001
Long-short | Random Forest,2024-12-31,Health Care,0.009999999999999997
Long-short | Random Forest,2024-12-31,Industrials,0.0
Long-short | Random Forest,2024-12-31,Information Technology,-0.11000000000000001
Long-short | Random Forest,2024-12-31,Materials,0.0
Long-short | Random Forest,2025-01-31,Consumer Discretionary,-0.009999999999999995
Long-short | Random Forest,2025-01-31,Energy,0.010000000000000007
Long-short | Random Forest,2025-01-31,Financials,0.12000000000000001
Long-short | Random Forest,2025-01-31,Health Care,0.009999999999999997
Long-short | Random Forest,2025-01-31,Industrials,-0.05
Long-short | Random Forest,2025-01-31,Information Technology,-0.06000000000000001
Long-short | Random Forest,2025-01-31,Materials,-0.020000000000000004
Long-short | Random Forest,2025-02-28,Consumer Discretionary,0.020000000000000004
Long-short | Random Forest,2025-02-28,Energy,0.05
Long-short | Random Forest,2025-02-28,Financials,0.17
Long-short | Random Forest,2025-02-28,Health Care,-0.020000000000000004
Long-short | Random Forest,2025-02-28,Industrials,-0.08
Long-short | Random Forest,2025-02-28,Information Technology,-0.15000000000000002
Long-short | Random Forest,2025-02-28,Materials,0.009999999999999997
Long-short | Random Forest,2025-03-31,Consumer Discretionary,0.0
Long-short | Random Forest,2025-03-31,Energy,0.020000000000000004
Long-short | Random Forest,2025-03-31,Financials,0.18
Long-short | Random Forest,2025-03-31,Health Care,-0.03
Long-short | Random Forest,2025-03-31,Industrials,-0.07
Long-short | Random Forest,2025-03-31,Information Technology,-0.09000000000000001
Long-short | Random Forest,2025-03-31,Materials,-0.009999999999999997
Long-short | Random Forest,2025-04-30,Consumer Discretionary,0.03
Long-short | Random Forest,2025-04-30,Energy,-0.03
Long-short | Random Forest,2025-04-30,Financials,0.18
Long-short | Random Forest,2025-04-30,Health Care,-0.03
Long-short | Random Forest,2025-04-30,Industrials,-0.07
Long-short | Random Forest,2025-04-30,Information Technology,-0.12000000000000001
Long-short | Random Forest,2025-04-30,Materials,0.04000000000000001
Long-short | Random Forest,2025-05-31,Consumer Discretionary,-0.009999999999999995
Long-short | Random Forest,2025-05-31,Energy,-0.11
Long-short | Random Forest,2025-05-31,Financials,0.17
Long-short | Random Forest,2025-05-31,Health Care,0.06
Long-short | Random Forest,2025-05-31,Industrials,-0.05
Long-short | Random Forest,2025-05-31,Information Technology,-0.06000000000000001
Long-short | Random Forest,2025-05-31,Materials,0.0
Long-short | Random Forest,2025-06-30,Consumer Discretionary,-0.08
Long-short | Random Forest,2025-06-30,Energy,-0.06
Long-short | Random Forest,2025-06-30,Financials,0.2
Long-short | Random Forest,2025-06-30,Health Care,0.06
Long-short | Random Forest,2025-06-30,Industrials,-0.05
Long-short | Random Forest,2025-06-30,Information Technology,-0.04000000000000001
Long-short | Random Forest,2025-06-30,Materials,-0.03
Long-short | Random Forest,2025-07-31,Consumer Discretionary,0.0
Long-short | Random Forest,2025-07-31,Energy,0.0
Long-short | Random Forest,2025-07-31,Financials,0.2
Long-short | Random Forest,2025-07-31,Health Care,1.6653345369377347e-18
Long-short | Random Forest,2025-07-31,Industrials,-0.07
Long-short | Random Forest,2025-07-31,Information Technology,-0.1
Long-short | Random Forest,2025-07-31,Materials,-0.03
Long-short | Random Forest,2025-08-31,Consumer Discretionary,-0.07
Long-short | Random Forest,2025-08-31,Energy,-0.06000000000000001
Long-short | Random Forest,2025-08-31,Financials,0.2
Long-short | Random Forest,2025-08-31,Health Care,0.04000000000000001
Long-short | Random Forest,2025-08-31,Industrials,-0.05
Long-short | Random Forest,2025-08-31,Information Technology,-0.009999999999999995
Long-short | Random Forest,2025-08-31,Materials,-0.05
Long-short | Random Forest,2025-09-30,Consumer Discretionary,-0.11000000000000001
Long-short | Random Forest,2025-09-30,Energy,-0.010000000000000009
Long-short | Random Forest,2025-09-30,Financials,0.18
Long-short | Random Forest,2025-09-30,Health Care,0.04000000000000001
Long-short | Random Forest,2025-09-30,Industrials,-0.08
Long-short | Random Forest,2025-09-30,Information Technology,1.3877787807814457e-17
Long-short | Random Forest,2025-09-30,Materials,-0.020000000000000004
Long-short | Random Forest,2025-10-31,Consumer Discretionary,-0.07
Long-short | Random Forest,2025-10-31,Energy,-0.010000000000000009
Long-short | Random Forest,2025-10-31,Financials,0.18
Long-short | Random Forest,2025-10-31,Health Care,0.04000000000000001
Long-short | Random Forest,2025-10-31,Industrials,-0.1
Long-short | Random Forest,2025-10-31,Information Technology,-0.01999999999999999
Long-short | Random Forest,2025-10-31,Materials,-0.020000000000000004
Long-short | Random Forest,2025-11-30,Consumer Discretionary,-0.08
Long-short | Random Forest,2025-11-30,Energy,0.08
Long-short | Random Forest,2025-11-30,Financials,0.17
Long-short | Random Forest,2025-11-30,Health Care,1.6653345369377347e-18
Long-short | Random Forest,2025-11-30,Industrials,-0.07
Long-short | Random Forest,2025-11-30,Information Technology,-0.07
Long-short | Random Forest,2025-11-30,Materials,-0.03
Long-short | Random Forest,2025-12-31,Consumer Discretionary,-0.18
Long-short | Random Forest,2025-12-31,Energy,-0.039999999999999994
Long-short | Random Forest,2025-12-31,Financials,0.2
Long-short | Random Forest,2025-12-31,Health Care,0.06
Long-short | Random Forest,2025-12-31,Industrials,-0.05
Long-short | Random Forest,2025-12-31,Information Technology,0.009999999999999995
Long-short | Random Forest,2025-12-31,Materials,0.0
Long-short | Random Forest,2026-01-31,Consumer Discretionary,-0.11
Long-short | Random Forest,2026-01-31,Energy,0.04000000000000001
Long-short | Random Forest,2026-01-31,Financials,0.2
Long-short | Random Forest,2026-01-31,Health Care,0.08
Long-short | Random Forest,2026-01-31,Industrials,-0.1
Long-short | Random Forest,2026-01-31,Information Technology,-0.11000000000000001
Long-short | Random Forest,2026-01-31,Materials,0.0
Long-short | Random Forest,2026-02-28,Consumer Discretionary,-0.09000000000000001
Long-short | Random Forest,2026-02-28,Energy,0.06
Long-short | Random Forest,2026-02-28,Financials,0.15000000000000002
Long-short | Random Forest,2026-02-28,Health Care,0.020000000000000004
Long-short | Random Forest,2026-02-28,Industrials,-0.05
Long-short | Random Forest,2026-02-28,Information Technology,-0.09
Long-short | Random Forest,2026-02-28,Materials,0.0
Long-short | Random Forest,2026-03-31,Consumer Discretionary,-0.06000000000000001
Long-short | Random Forest,2026-03-31,Energy,0.04000000000000001
Long-short | Random Forest,2026-03-31,Financials,0.18
Long-short | Random Forest,2026-03-31,Health Care,-1.6653345369377347e-18
Long-short | Random Forest,2026-03-31,Industrials,-0.1
Long-short | Random Forest,2026-03-31,Information Technology,-0.08
Long-short | Random Forest,2026-03-31,Materials,0.020000000000000004
Long-short | Random Forest,2026-04-30,Consumer Discretionary,-0.08000000000000002
Long-short | Random Forest,2026-04-30,Energy,0.0
Long-short | Random Forest,2026-04-30,Financials,0.18
Long-short | Random Forest,2026-04-30,Health Care,0.05
Long-short | Random Forest,2026-04-30,Industrials,-0.12000000000000001
Long-short | Random Forest,2026-04-30,Information Technology,-0.04999999999999999
Long-short | Random Forest,2026-04-30,Materials,0.020000000000000004
Long-short | Random Forest,2026-05-31,Consumer Discretionary,-0.07000000000000002
Long-short | Random Forest,2026-05-31,Energy,-0.03
Long-short | Random Forest,2026-05-31,Financials,0.16
Long-short | Random Forest,2026-05-31,Health Care,0.05
Long-short | Random Forest,2026-05-31,Industrials,-0.1
Long-short | Random Forest,2026-05-31,Information Technology,-0.029999999999999985
Long-short | Random Forest,2026-05-31,Materials,0.020000000000000004
Long-short | Random Forest,2026-06-30,Consumer Discretionary,-0.08000000000000002
Long-short | Random Forest,2026-06-30,Energy,-0.020000000000000004
Long-short | Random Forest,2026-06-30,Financials,0.16
Long-short | Random Forest,2026-06-30,Health Care,0.020000000000000004
Long-short | Random Forest,2026-06-30,Industrials,-0.1
Long-short | Random Forest,2026-06-30,Information Technology,1.3877787807814457e-17
Long-short | Random Forest,2026-06-30,Materials,0.020000000000000004
Long-short | Random Forest,2026-07-31,Consumer Discretionary,-0.15
Long-short | Random Forest,2026-07-31,Energy,-0.03
Long-short | Random Forest,2026-07-31,Financials,0.14
Long-short | Random Forest,2026-07-31,Health Care,0.03
Long-short | Random Forest,2026-07-31,Industrials,-0.1
Long-short | Random Forest,2026-07-31,Information Technology,0.10999999999999999
Long-short | Random Forest,2026-07-31,Materials,0.0
Long-short | Random Forest,2026-08-31,Consumer Discretionary,-0.09999999999999999
Long-short | Random Forest,2026-08-31,Energy,0.020000000000000004
Long-short | Random Forest,2026-08-31,Financials,0.1
Long-short | Random Forest,2026-08-31,Health Care,0.009999999999999997
Long-short | Random Forest,2026-08-31,Industrials,-0.1
Long-short | Random Forest,2026-08-31,Information Technology,0.06999999999999999
Long-short | Random Forest,2026-08-31,Materials,0.0
Long-short | Extra Trees,2024-12-31,Consumer Discretionary,-0.009999999999999995
Long-short | Extra Trees,2024-12-31,Energy,-0.009999999999999995
Long-short | Extra Trees,2024-12-31,Financials,0.12000000000000001
Long-short | Extra Trees,2024-12-31,Health Care,0.009999999999999997
Long-short | Extra Trees,2024-12-31,Industrials,0.0
Long-short | Extra Trees,2024-12-31,Information Technology,-0.11000000000000001
Long-short | Extra Trees,2024-12-31,Materials,0.0
Long-short | Extra Trees,2025-01-31,Consumer Discretionary,-0.009999999999999995
Long-short | Extra Trees,2025-01-31,Energy,0.010000000000000007
Long-short | Extra Trees,2025-01-31,Financials,0.12000000000000001
Long-short | Extra Trees,2025-01-31,Health Care,0.009999999999999997
Long-short | Extra Trees,2025-01-31,Industrials,-0.05
Long-short | Extra Trees,2025-01-31,Information Technology,-0.06000000000000001
Long-short | Extra Trees,2025-01-31,Materials,-0.020000000000000004
Long-short | Extra Trees,2025-02-28,Consumer Discretionary,0.020000000000000004
Long-short | Extra Trees,2025-02-28,Energy,0.05
Long-short | Extra Trees,2025-02-28,Financials,0.17
Long-short | Extra Trees,2025-02-28,Health Care,-0.020000000000000004
Long-short | Extra Trees,2025-02-28,Industrials,-0.08
Long-short | Extra Trees,2025-02-28,Information Technology,-0.15000000000000002
Long-short | Extra Trees,2025-02-28,Materials,0.009999999999999997
Long-short | Extra Trees,2025-03-31,Consumer Discretionary,-0.04000000000000001
Long-short | Extra Trees,2025-03-31,Energy,-0.06000000000000001
Long-short | Extra Trees,2025-03-31,Financials,0.18
Long-short | Extra Trees,2025-03-31,Health Care,-0.009999999999999997
Long-short | Extra Trees,2025-03-31,Industrials,-0.05
Long-short | Extra Trees,2025-03-31,Information Technology,0.010000000000000009
Long-short | Extra Trees,2025-03-31,Materials,-0.03
Long-short | Extra Trees,2025-04-30,Consumer Discretionary,-0.03
Long-short | Extra Trees,2025-04-30,Energy,-0.09
Long-short | Extra Trees,2025-04-30,Financials,0.15000000000000002
Long-short | Extra Trees,2025-04-30,Health Care,0.03
Long-short | Extra Trees,2025-04-30,Industrials,-0.07
Long-short | Extra Trees,2025-04-30,Information Technology,-0.030000000000000013
Long-short | Extra Trees,2025-04-30,Materials,0.04000000000000001
Long-short | Extra Trees,2025-05-31,Consumer Discretionary,-0.009999999999999995
Long-short | Extra Trees,2025-05-31,Energy,-0.11
Long-short | Extra Trees,2025-05-31,Financials,0.17
Long-short | Extra Trees,2025-05-31,Health Care,0.06
Long-short | Extra Trees,2025-05-31,Industrials,-0.05
Long-short | Extra Trees,2025-05-31,Information Technology,-0.06000000000000001
Long-short | Extra Trees,2025-05-31,Materials,0.0
Long-short | Extra Trees,2025-06-30,Consumer Discretionary,-0.08
Long-short | Extra Trees,2025-06-30,Energy,-0.06
Long-short | Extra Trees,2025-06-30,Financials,0.2
Long-short | Extra Trees,2025-06-30,Health Care,0.06
Long-short | Extra Trees,2025-06-30,Industrials,-0.05
Long-short | Extra Trees,2025-06-30,Information Technology,-0.04000000000000001
Long-short | Extra Trees,2025-06-30,Materials,-0.03
Long-short | Extra Trees,2025-07-31,Consumer Discretionary,0.0
Long-short | Extra Trees,2025-07-31,Energy,0.0
Long-short | Extra Trees,2025-07-31,Financials,0.2
Long-short | Extra Trees,2025-07-31,Health Care,-1.6653345369377347e-18
Long-short | Extra Trees,2025-07-31,Industrials,-0.08
Long-short | Extra Trees,2025-07-31,Information Technology,-0.1
Long-short | Extra Trees,2025-07-31,Materials,-0.020000000000000004
Long-short | Extra Trees,2025-08-31,Consumer Discretionary,-0.08
Long-short | Extra Trees,2025-08-31,Energy,-0.06999999999999999
Long-short | Extra Trees,2025-08-31,Financials,0.2
Long-short | Extra Trees,2025-08-31,Health Care,0.06
Long-short | Extra Trees,2025-08-31,Industrials,-0.07
Long-short | Extra Trees,2025-08-31,Information Technology,-0.010000000000000009
Long-short | Extra Trees,2025-08-31,Materials,-0.03
Long-short | Extra Trees,2025-09-30,Consumer Discretionary,-0.14
Long-short | Extra Trees,2025-09-30,Energy,-0.039999999999999994
Long-short | Extra Trees,2025-09-30,Financials,0.17
Long-short | Extra Trees,2025-09-30,Health Care,0.06
Long-short | Extra Trees,2025-09-30,Industrials,-0.07
Long-short | Extra Trees,2025-09-30,Information Technology,0.04999999999999999
Long-short | Extra Trees,2025-09-30,Materials,-0.03
Long-short | Extra Trees,2025-10-31,Consumer Discretionary,-0.08
Long-short | Extra Trees,2025-10-31,Energy,-0.039999999999999994
Long-short | Extra Trees,2025-10-31,Financials,0.15000000000000002
Long-short | Extra Trees,2025-10-31,Health Care,0.06
Long-short | Extra Trees,2025-10-31,Industrials,-0.1
Long-short | Extra Trees,2025-10-31,Information Technology,0.06
Long-short | Extra Trees,2025-10-31,Materials,-0.05
Long-short | Extra Trees,2025-11-30,Consumer Discretionary,-0.13
Long-short | Extra Trees,2025-11-30,Energy,0.010000000000000009
Long-short | Extra Trees,2025-11-30,Financials,0.15000000000000002
Long-short | Extra Trees,2025-11-30,Health Care,0.06
Long-short | Extra Trees,2025-11-30,Industrials,-0.05
Long-short | Extra Trees,2025-11-30,Information Technology,0.009999999999999995
Long-short | Extra Trees,2025-11-30,Materials,-0.05
Long-short | Extra Trees,2025-12-31,Consumer Discretionary,-0.14
Long-short | Extra Trees,2025-12-31,Energy,-0.039999999999999994
Long-short | Extra Trees,2025-12-31,Financials,0.2
Long-short | Extra Trees,2025-12-31,Health Care,0.06
Long-short | Extra Trees,2025-12-31,Industrials,-0.07
Long-short | Extra Trees,2025-12-31,Information Technology,-0.010000000000000009
Long-short | Extra Trees,2025-12-31,Materials,0.0
Long-short | Extra Trees,2026-01-31,Consumer Discretionary,-0.09
Long-short | Extra Trees,2026-01-31,Energy,0.0
Long-short | Extra Trees,2026-01-31,Financials,0.2
Long-short | Extra Trees,2026-01-31,Health Care,0.08
Long-short | Extra Trees,2026-01-31,Industrials,-0.1
Long-short | Extra Trees,2026-01-31,Information Technology,-0.09000000000000001
Long-short | Extra Trees,2026-01-31,Materials,0.0
Long-short | Extra Trees,2026-02-28,Consumer Discretionary,-0.11
Long-short | Extra Trees,2026-02-28,Energy,0.04000000000000001
Long-short | Extra Trees,2026-02-28,Financials,0.15000000000000002
Long-short | Extra Trees,2026-02-28,Health Care,0.03
Long-short | Extra Trees,2026-02-28,Industrials,-0.05
Long-short | Extra Trees,2026-02-28,Information Technology,-0.06000000000000001
Long-short | Extra Trees,2026-02-28,Materials,0.0
Long-short | Extra Trees,2026-03-31,Consumer Discretionary,-0.10000000000000002
Long-short | Extra Trees,2026-03-31,Energy,0.0
Long-short | Extra Trees,2026-03-31,Financials,0.18
Long-short | Extra Trees,2026-03-31,Health Care,0.04000000000000001
Long-short | Extra Trees,2026-03-31,Industrials,-0.1
Long-short | Extra Trees,2026-03-31,Information Technology,-0.039999999999999994
Long-short | Extra Trees,2026-03-31,Materials,0.020000000000000004
Long-short | Extra Trees,2026-04-30,Consumer Discretionary,-0.08000000000000002
Long-short | Extra Trees,2026-04-30,Energy,0.0
Long-short | Extra Trees,2026-04-30,Financials,0.18
Long-short | Extra Trees,2026-04-30,Health Care,0.05
Long-short | Extra Trees,2026-04-30,Industrials,-0.12000000000000001
Long-short | Extra Trees,2026-04-30,Information Technology,-0.04999999999999999
Long-short | Extra Trees,2026-04-30,Materials,0.020000000000000004
Long-short | Extra Trees,2026-05-31,Consumer Discretionary,-0.07000000000000002
Long-short | Extra Trees,2026-05-31,Energy,-0.03
Long-short | Extra Trees,2026-05-31,Financials,0.16
Long-short | Extra Trees,2026-05-31,Health Care,0.05
Long-short | Extra Trees,2026-05-31,Industrials,-0.1
Long-short | Extra Trees,2026-05-31,Information Technology,-0.029999999999999985
Long-short | Extra Trees,2026-05-31,Materials,0.020000000000000004
Long-short | Extra Trees,2026-06-30,Consumer Discretionary,0.0
Long-short | Extra Trees,2026-06-30,Energy,0.03
Long-short | Extra Trees,2026-06-30,Financials,0.14
Long-short | Extra Trees,2026-06-30,Health Care,-0.03
Long-short | Extra Trees,2026-06-30,Industrials,-0.1
Long-short | Extra Trees,2026-06-30,Information Technology,-0.07
Long-short | Extra Trees,2026-06-30,Materials,0.03
Long-short | Extra Trees,2026-07-31,Consumer Discretionary,-0.16999999999999998
Long-short | Extra Trees,2026-07-31,Energy,-0.009999999999999995
Long-short | Extra Trees,2026-07-31,Financials,0.1
Long-short | Extra Trees,2026-07-31,Health Care,0.009999999999999997
Long-short | Extra Trees,2026-07-31,Industrials,-0.1
Long-short | Extra Trees,2026-07-31,Information Technology,0.16999999999999998
Long-short | Extra Trees,2026-07-31,Materials,0.0
Long-short | Extra Trees,2026-08-31,Consumer Discretionary,-0.09999999999999999
Long-short | Extra Trees,2026-08-31,Energy,0.020000000000000004
Long-short | Extra Trees,2026-08-31,Financials,0.1
Long-short | Extra Trees,2026-08-31,Health Care,0.009999999999999997
Long-short | Extra Trees,2026-08-31,Industrials,-0.1
Long-short | Extra Trees,2026-08-31,Information Technology,0.06999999999999999
Long-short | Extra Trees,2026-08-31,Materials,0.0
Long-short | XGBoost,2024-12-31,Consumer Discretionary,0.009999999999999995
Long-short | XGBoost,2024-12-31,Energy,0.009999999999999995
Long-short | XGBoost,2024-12-31,Financials,0.13
Long-short | XGBoost,2024-12-31,Health Care,-0.009999999999999997
Long-short | XGBoost,2024-12-31,Industrials,0.0
Long-short | XGBoost,2024-12-31,Information Technology,-0.14
Long-short | XGBoost,2024-12-31,Materials,0.0
Long-short | XGBoost,2025-01-31,Consumer Discretionary,0.009999999999999995
Long-short | XGBoost,2025-01-31,Energy,0.039999999999999994
Long-short | XGBoost,2025-01-31,Financials,0.13
Long-short | XGBoost,2025-01-31,Health Care,-0.009999999999999997
Long-short | XGBoost,2025-01-31,Industrials,-0.05
Long-short | XGBoost,2025-01-31,Information Technology,-0.09
Long-short | XGBoost,2025-01-31,Materials,-0.03
Long-short | XGBoost,2025-02-28,Consumer Discretionary,0.020000000000000004
Long-short | XGBoost,2025-02-28,Energy,0.05
Long-short | XGBoost,2025-02-28,Financials,0.17
Long-short | XGBoost,2025-02-28,Health Care,-0.020000000000000004
Long-short | XGBoost,2025-02-28,Industrials,-0.08
Long-short | XGBoost,2025-02-28,Information Technology,-0.15000000000000002
Long-short | XGBoost,2025-02-28,Materials,0.009999999999999997
Long-short | XGBoost,2025-03-31,Consumer Discretionary,-0.04000000000000001
Long-short | XGBoost,2025-03-31,Energy,-0.06000000000000001
Long-short | XGBoost,2025-03-31,Financials,0.18
Long-short | XGBoost,2025-03-31,Health Care,-0.009999999999999997
Long-short | XGBoost,2025-03-31,Industrials,-0.05
Long-short | XGBoost,2025-03-31,Information Technology,0.010000000000000009
Long-short | XGBoost,2025-03-31,Materials,-0.03
Long-short | XGBoost,2025-04-30,Consumer Discretionary,-0.009999999999999995
Long-short | XGBoost,2025-04-30,Energy,-0.11
Long-short | XGBoost,2025-04-30,Financials,0.17
Long-short | XGBoost,2025-04-30,Health Care,0.009999999999999997
Long-short | XGBoost,2025-04-30,Industrials,-0.05
Long-short | XGBoost,2025-04-30,Information Technology,-0.010000000000000009
Long-short | XGBoost,2025-04-30,Materials,0.0
Long-short | XGBoost,2025-05-31,Consumer Discretionary,-0.009999999999999995
Long-short | XGBoost,2025-05-31,Energy,-0.11
Long-short | XGBoost,2025-05-31,Financials,0.17
Long-short | XGBoost,2025-05-31,Health Care,0.06
Long-short | XGBoost,2025-05-31,Industrials,-0.05
Long-short | XGBoost,2025-05-31,Information Technology,-0.06000000000000001
Long-short | XGBoost,2025-05-31,Materials,0.0
Long-short | XGBoost,2025-06-30,Consumer Discretionary,-0.07
Long-short | XGBoost,2025-06-30,Energy,-0.04000000000000001
Long-short | XGBoost,2025-06-30,Financials,0.2
Long-short | XGBoost,2025-06-30,Health Care,0.04000000000000001
Long-short | XGBoost,2025-06-30,Industrials,-0.05
Long-short | XGBoost,2025-06-30,Information Technology,-0.06
Long-short | XGBoost,2025-06-30,Materials,-0.020000000000000004
Long-short | XGBoost,2025-07-31,Consumer Discretionary,-0.04000000000000001
Long-short | XGBoost,2025-07-31,Energy,-0.04000000000000001
Long-short | XGBoost,2025-07-31,Financials,0.2
Long-short | XGBoost,2025-07-31,Health Care,0.04000000000000001
Long-short | XGBoost,2025-07-31,Industrials,-0.05
Long-short | XGBoost,2025-07-31,Information Technology,-0.06
Long-short | XGBoost,2025-07-31,Materials,-0.05
Long-short | XGBoost,2025-08-31,Consumer Discretionary,-0.08
Long-short | XGBoost,2025-08-31,Energy,-0.09
Long-short | XGBoost,2025-08-31,Financials,0.2
Long-short | XGBoost,2025-08-31,Health Care,0.06
Long-short | XGBoost,2025-08-31,Industrials,-0.05
Long-short | XGBoost,2025-08-31,Information Technology,0.009999999999999995
Long-short | XGBoost,2025-08-31,Materials,-0.05
Long-short | XGBoost,2025-09-30,Consumer Discretionary,-0.11000000000000001
Long-short | XGBoost,2025-09-30,Energy,-0.010000000000000009
Long-short | XGBoost,2025-09-30,Financials,0.18
Long-short | XGBoost,2025-09-30,Health Care,0.04000000000000001
Long-short | XGBoost,2025-09-30,Industrials,-0.08
Long-short | XGBoost,2025-09-30,Information Technology,1.3877787807814457e-17
Long-short | XGBoost,2025-09-30,Materials,-0.020000000000000004
Long-short | XGBoost,2025-10-31,Consumer Discretionary,-0.07
Long-short | XGBoost,2025-10-31,Energy,-0.010000000000000009
Long-short | XGBoost,2025-10-31,Financials,0.18
Long-short | XGBoost,2025-10-31,Health Care,0.04000000000000001
Long-short | XGBoost,2025-10-31,Industrials,-0.1
Long-short | XGBoost,2025-10-31,Information Technology,-0.01999999999999999
Long-short | XGBoost,2025-10-31,Materials,-0.020000000000000004
Long-short | XGBoost,2025-11-30,Consumer Discretionary,-0.08
Long-short | XGBoost,2025-11-30,Energy,0.08
Long-short | XGBoost,2025-11-30,Financials,0.17
Long-short | XGBoost,2025-11-30,Health Care,1.6653345369377347e-18
Long-short | XGBoost,2025-11-30,Industrials,-0.07
Long-short | XGBoost,2025-11-30,Information Technology,-0.07
Long-short | XGBoost,2025-11-30,Materials,-0.03
Long-short | XGBoost,2025-12-31,Consumer Discretionary,-0.11000000000000001
Long-short | XGBoost,2025-12-31,Energy,-0.010000000000000009
Long-short | XGBoost,2025-12-31,Financials,0.2
Long-short | XGBoost,2025-12-31,Health Care,0.04000000000000001
Long-short | XGBoost,2025-12-31,Industrials,-0.08
Long-short | XGBoost,2025-12-31,Information Technology,-0.039999999999999994
Long-short | XGBoost,2025-12-31,Materials,0.0
Long-short | XGBoost,2026-01-31,Consumer Discretionary,-0.06000000000000001
Long-short | XGBoost,2026-01-31,Energy,0.0
Long-short | XGBoost,2026-01-31,Financials,0.2
Long-short | XGBoost,2026-01-31,Health Care,0.07
Long-short | XGBoost,2026-01-31,Industrials,-0.1
Long-short | XGBoost,2026-01-31,Information Technology,-0.11
Long-short | XGBoost,2026-01-31,Materials,0.0
Long-short | XGBoost,2026-02-28,Consumer Discretionary,-0.06000000000000001
Long-short | XGBoost,2026-02-28,Energy,0.0
Long-short | XGBoost,2026-02-28,Financials,0.18
Long-short | XGBoost,2026-02-28,Health Care,0.05
Long-short | XGBoost,2026-02-28,Industrials,-0.08
Long-short | XGBoost,2026-02-28,Information Technology,-0.09
Long-short | XGBoost,2026-02-28,Materials,0.0
Long-short | XGBoost,2026-03-31,Consumer Discretionary,-0.06000000000000001
Long-short | XGBoost,2026-03-31,Energy,0.04000000000000001
Long-short | XGBoost,2026-03-31,Financials,0.18
Long-short | XGBoost,2026-03-31,Health Care,-1.6653345369377347e-18
Long-short | XGBoost,2026-03-31,Industrials,-0.1
Long-short | XGBoost,2026-03-31,Information Technology,-0.08
Long-short | XGBoost,2026-03-31,Materials,0.020000000000000004
Long-short | XGBoost,2026-04-30,Consumer Discretionary,-0.08000000000000002
Long-short | XGBoost,2026-04-30,Energy,0.0
Long-short | XGBoost,2026-04-30,Financials,0.18
Long-short | XGBoost,2026-04-30,Health Care,0.05
Long-short | XGBoost,2026-04-30,Industrials,-0.12000000000000001
Long-short | XGBoost,2026-04-30,Information Technology,-0.04999999999999999
Long-short | XGBoost,2026-04-30,Materials,0.020000000000000004
Long-short | XGBoost,2026-05-31,Consumer Discretionary,-0.07000000000000002
Long-short | XGBoost,2026-05-31,Energy,-0.03
Long-short | XGBoost,2026-05-31,Financials,0.16
Long-short | XGBoost,2026-05-31,Health Care,0.05
Long-short | XGBoost,2026-05-31,Industrials,-0.1
Long-short | XGBoost,2026-05-31,Information Technology,-0.029999999999999985
Long-short | XGBoost,2026-05-31,Materials,0.020000000000000004
Long-short | XGBoost,2026-06-30,Consumer Discretionary,0.0
Long-short | XGBoost,2026-06-30,Energy,0.03
Long-short | XGBoost,2026-06-30,Financials,0.14
Long-short | XGBoost,2026-06-30,Health Care,-0.03
Long-short | XGBoost,2026-06-30,Industrials,-0.1
Long-short | XGBoost,2026-06-30,Information Technology,-0.07
Long-short | XGBoost,2026-06-30,Materials,0.03
Long-short | XGBoost,2026-07-31,Consumer Discretionary,-0.020000000000000004
Long-short | XGBoost,2026-07-31,Energy,0.020000000000000004
Long-short | XGBoost,2026-07-31,Financials,0.16
Long-short | XGBoost,2026-07-31,Health Care,-0.020000000000000004
Long-short | XGBoost,2026-07-31,Industrials,-0.1
Long-short | XGBoost,2026-07-31,Information Technology,-0.039999999999999994
Long-short | XGBoost,2026-07-31,Materials,0.0
Long-short | XGBoost,2026-08-31,Consumer Discretionary,0.05
Long-short | XGBoost,2026-08-31,Energy,0.009999999999999995
Long-short | XGBoost,2026-08-31,Financials,0.14
Long-short | XGBoost,2026-08-31,Health Care,-0.03
Long-short | XGBoost,2026-08-31,Industrials,-0.1
Long-short | XGBoost,2026-08-31,Information Technology,-0.07
Long-short | XGBoost,2026-08-31,Materials,0.0
Long-short | MLP,2024-12-31,Consumer Discretionary,0.03
Long-short | MLP,2024-12-31,Energy,0.03
Long-short | MLP,2024-12-31,Financials,0.15000000000000002
Long-short | MLP,2024-12-31,Health Care,-0.03
Long-short | MLP,2024-12-31,Industrials,-0.04000000000000001
Long-short | MLP,2024-12-31,Information Technology,-0.18
Long-short | MLP,2024-12-31,Materials,0.04000000000000001
Long-short | MLP,2025-01-31,Consumer Discretionary,0.009999999999999995
Long-short | MLP,2025-01-31,Energy,0.039999999999999994
Long-short | MLP,2025-01-31,Financials,0.13
Long-short | MLP,2025-01-31,Health Care,-0.009999999999999997
Long-short | MLP,2025-01-31,Industrials,-0.05
Long-short | MLP,2025-01-31,Information Technology,-0.09
Long-short | MLP,2025-01-31,Materials,-0.03
Long-short | MLP,2025-02-28,Consumer Discretionary,-0.020000000000000004
Long-short | MLP,2025-02-28,Energy,-0.010000000000000007
Long-short | MLP,2025-02-28,Financials,0.15000000000000002
Long-short | MLP,2025-02-28,Health Care,0.020000000000000004
Long-short | MLP,2025-02-28,Industrials,-0.08
Long-short | MLP,2025-02-28,Information Technology,-0.09
Long-short | MLP,2025-02-28,Materials,0.03
Long-short | MLP,2025-03-31,Consumer Discretionary,0.0
Long-short | MLP,2025-03-31,Energy,0.020000000000000004
Long-short | MLP,2025-03-31,Financials,0.18
Long-short | MLP,2025-03-31,Health Care,-0.03
Long-short | MLP,2025-03-31,Industrials,-0.07
Long-short | MLP,2025-03-31,Information Technology,-0.09000000000000001
Long-short | MLP,2025-03-31,Materials,-0.009999999999999997
Long-short | MLP,2025-04-30,Consumer Discretionary,-0.009999999999999995
Long-short | MLP,2025-04-30,Energy,-0.11
Long-short | MLP,2025-04-30,Financials,0.17
Long-short | MLP,2025-04-30,Health Care,0.009999999999999997
Long-short | MLP,2025-04-30,Industrials,-0.05
Long-short | MLP,2025-04-30,Information Technology,-0.010000000000000009
Long-short | MLP,2025-04-30,Materials,0.0
Long-short | MLP,2025-05-31,Consumer Discretionary,-0.009999999999999995
Long-short | MLP,2025-05-31,Energy,-0.11
Long-short | MLP,2025-05-31,Financials,0.17
Long-short | MLP,2025-05-31,Health Care,0.06
Long-short | MLP,2025-05-31,Industrials,-0.05
Long-short | MLP,2025-05-31,Information Technology,-0.06000000000000001
Long-short | MLP,2025-05-31,Materials,0.0
Long-short | MLP,2025-06-30,Consumer Discretionary,-0.08
Long-short | MLP,2025-06-30,Energy,-0.06
Long-short | MLP,2025-06-30,Financials,0.2
Long-short | MLP,2025-06-30,Health Care,0.06
Long-short | MLP,2025-06-30,Industrials,-0.05
Long-short | MLP,2025-06-30,Information Technology,-0.04000000000000001
Long-short | MLP,2025-06-30,Materials,-0.03
Long-short | MLP,2025-07-31,Consumer Discretionary,0.0
Long-short | MLP,2025-07-31,Energy,0.0
Long-short | MLP,2025-07-31,Financials,0.2
Long-short | MLP,2025-07-31,Health Care,1.6653345369377347e-18
Long-short | MLP,2025-07-31,Industrials,-0.07
Long-short | MLP,2025-07-31,Information Technology,-0.1
Long-short | MLP,2025-07-31,Materials,-0.03
Long-short | MLP,2025-08-31,Consumer Discretionary,-0.05
Long-short | MLP,2025-08-31,Energy,0.020000000000000004
Long-short | MLP,2025-08-31,Financials,0.2
Long-short | MLP,2025-08-31,Health Care,1.6653345369377347e-18
Long-short | MLP,2025-08-31,Industrials,-0.07
Long-short | MLP,2025-08-31,Information Technology,-0.07
Long-short | MLP,2025-08-31,Materials,-0.03
Long-short | MLP,2025-09-30,Consumer Discretionary,-0.11000000000000001
Long-short | MLP,2025-09-30,Energy,-0.010000000000000009
Long-short | MLP,2025-09-30,Financials,0.18
Long-short | MLP,2025-09-30,Health Care,0.04000000000000001
Long-short | MLP,2025-09-30,Industrials,-0.08
Long-short | MLP,2025-09-30,Information Technology,1.3877787807814457e-17
Long-short | MLP,2025-09-30,Materials,-0.020000000000000004
Long-short | MLP,2025-10-31,Consumer Discretionary,-0.05
Long-short | MLP,2025-10-31,Energy,0.05
Long-short | MLP,2025-10-31,Financials,0.17
Long-short | MLP,2025-10-31,Health Care,1.6653345369377347e-18
Long-short | MLP,2025-10-31,Industrials,-0.1
Long-short | MLP,2025-10-31,Information Technology,-0.04000000000000001
Long-short | MLP,2025-10-31,Materials,-0.03
Long-short | MLP,2025-11-30,Consumer Discretionary,-0.08
Long-short | MLP,2025-11-30,Energy,0.08
Long-short | MLP,2025-11-30,Financials,0.17
Long-short | MLP,2025-11-30,Health Care,1.6653345369377347e-18
Long-short | MLP,2025-11-30,Industrials,-0.07
Long-short | MLP,2025-11-30,Information Technology,-0.07
Long-short | MLP,2025-11-30,Materials,-0.03
Long-short | MLP,2025-12-31,Consumer Discretionary,-0.11000000000000001
Long-short | MLP,2025-12-31,Energy,-0.010000000000000009
Long-short | MLP,2025-12-31,Financials,0.2
Long-short | MLP,2025-12-31,Health Care,0.04000000000000001
Long-short | MLP,2025-12-31,Industrials,-0.08
Long-short | MLP,2025-12-31,Information Technology,-0.039999999999999994
Long-short | MLP,2025-12-31,Materials,0.0
Long-short | MLP,2026-01-31,Consumer Discretionary,-0.03
Long-short | MLP,2026-01-31,Energy,0.06
Long-short | MLP,2026-01-31,Financials,0.2
Long-short | MLP,2026-01-31,Health Care,0.05
Long-short | MLP,2026-01-31,Industrials,-0.1
Long-short | MLP,2026-01-31,Information Technology,-0.18
Long-short | MLP,2026-01-31,Materials,0.0
Long-short | MLP,2026-02-28,Consumer Discretionary,-0.020000000000000004
Long-short | MLP,2026-02-28,Energy,0.04000000000000001
Long-short | MLP,2026-02-28,Financials,0.18
Long-short | MLP,2026-02-28,Health Care,0.03
Long-short | MLP,2026-02-28,Industrials,-0.08
Long-short | MLP,2026-02-28,Information Technology,-0.15000000000000002
Long-short | MLP,2026-02-28,Materials,0.0
Long-short | MLP,2026-03-31,Consumer Discretionary,-0.10000000000000002
Long-short | MLP,2026-03-31,Energy,0.0
Long-short | MLP,2026-03-31,Financials,0.18
Long-short | MLP,2026-03-31,Health Care,0.04000000000000001
Long-short | MLP,2026-03-31,Industrials,-0.1
Long-short | MLP,2026-03-31,Information Technology,-0.039999999999999994
Long-short | MLP,2026-03-31,Materials,0.020000000000000004
Long-short | MLP,2026-04-30,Consumer Discretionary,-0.08000000000000002
Long-short | MLP,2026-04-30,Energy,0.0
Long-short | MLP,2026-04-30,Financials,0.18
Long-short | MLP,2026-04-30,Health Care,0.05
Long-short | MLP,2026-04-30,Industrials,-0.12000000000000001
Long-short | MLP,2026-04-30,Information Technology,-0.04999999999999999
Long-short | MLP,2026-04-30,Materials,0.020000000000000004
Long-short | MLP,2026-05-31,Consumer Discretionary,-0.07000000000000002
Long-short | MLP,2026-05-31,Energy,-0.03
Long-short | MLP,2026-05-31,Financials,0.16
Long-short | MLP,2026-05-31,Health Care,0.05
Long-short | MLP,2026-05-31,Industrials,-0.1
Long-short | MLP,2026-05-31,Information Technology,-0.029999999999999985
Long-short | MLP,2026-05-31,Materials,0.020000000000000004
Long-short | MLP,2026-06-30,Consumer Discretionary,0.0
Long-short | MLP,2026-06-30,Energy,0.03
Long-short | MLP,2026-06-30,Financials,0.14
Long-short | MLP,2026-06-30,Health Care,-0.03
Long-short | MLP,2026-06-30,Industrials,-0.1
Long-short | MLP,2026-06-30,Information Technology,-0.07
Long-short | MLP,2026-06-30,Materials,0.03
Long-short | MLP,2026-07-31,Consumer Discretionary,-0.020000000000000004
Long-short | MLP,2026-07-31,Energy,0.020000000000000004
Long-short | MLP,2026-07-31,Financials,0.16
Long-short | MLP,2026-07-31,Health Care,-0.020000000000000004
Long-short | MLP,2026-07-31,Industrials,-0.1
Long-short | MLP,2026-07-31,Information Technology,-0.039999999999999994
Long-short | MLP,2026-07-31,Materials,0.0
Long-short | MLP,2026-08-31,Consumer Discretionary,0.05
Long-short | MLP,2026-08-31,Energy,-0.009999999999999995
Long-short | MLP,2026-08-31,Financials,0.16
Long-short | MLP,2026-08-31,Health Care,-0.020000000000000004
Long-short | MLP,2026-08-31,Industrials,-0.1
Long-short | MLP,2026-08-31,Information Technology,-0.08
Long-short | MLP,2026-08-31,Materials,0.0
Long-short | LSTM,2024-12-31,Consumer Discretionary,-0.009999999999999995
Long-short | LSTM,2024-12-31,Energy,-0.009999999999999995
Long-short | LSTM,2024-12-31,Financials,0.12000000000000001
Long-short | LSTM,2024-12-31,Health Care,0.009999999999999997
Long-short | LSTM,2024-12-31,Industrials,0.0
Long-short | LSTM,2024-12-31,Information Technology,-0.11000000000000001
Long-short | LSTM,2024-12-31,Materials,0.0
Long-short | LSTM,2025-01-31,Consumer Discretionary,0.020000000000000004
Long-short | LSTM,2025-01-31,Energy,0.07
Long-short | LSTM,2025-01-31,Financials,0.15000000000000002
Long-short | LSTM,2025-01-31,Health Care,-0.020000000000000004
Long-short | LSTM,2025-01-31,Industrials,-0.08
Long-short | LSTM,2025-01-31,Information Technology,-0.15000000000000002
Long-short | LSTM,2025-01-31,Materials,0.009999999999999997
Long-short | LSTM,2025-02-28,Consumer Discretionary,0.020000000000000004
Long-short | LSTM,2025-02-28,Energy,0.05
Long-short | LSTM,2025-02-28,Financials,0.17
Long-short | LSTM,2025-02-28,Health Care,-0.020000000000000004
Long-short | LSTM,2025-02-28,Industrials,-0.08
Long-short | LSTM,2025-02-28,Information Technology,-0.15000000000000002
Long-short | LSTM,2025-02-28,Materials,0.009999999999999997
Long-short | LSTM,2025-03-31,Consumer Discretionary,-0.06
Long-short | LSTM,2025-03-31,Energy,-0.09
Long-short | LSTM,2025-03-31,Financials,0.17
Long-short | LSTM,2025-03-31,Health Care,0.009999999999999997
Long-short | LSTM,2025-03-31,Industrials,-0.05
Long-short | LSTM,2025-03-31,Information Technology,0.039999999999999994
Long-short | LSTM,2025-03-31,Materials,-0.020000000000000004
Long-short | LSTM,2025-04-30,Consumer Discretionary,-0.009999999999999995
Long-short | LSTM,2025-04-30,Energy,-0.11
Long-short | LSTM,2025-04-30,Financials,0.17
Long-short | LSTM,2025-04-30,Health Care,0.009999999999999997
Long-short | LSTM,2025-04-30,Industrials,-0.05
Long-short | LSTM,2025-04-30,Information Technology,-0.010000000000000009
Long-short | LSTM,2025-04-30,Materials,0.0
Long-short | LSTM,2025-05-31,Consumer Discretionary,-0.009999999999999995
Long-short | LSTM,2025-05-31,Energy,-0.11
Long-short | LSTM,2025-05-31,Financials,0.17
Long-short | LSTM,2025-05-31,Health Care,0.06
Long-short | LSTM,2025-05-31,Industrials,-0.05
Long-short | LSTM,2025-05-31,Information Technology,-0.06000000000000001
Long-short | LSTM,2025-05-31,Materials,0.0
Long-short | LSTM,2025-06-30,Consumer Discretionary,-0.07
Long-short | LSTM,2025-06-30,Energy,-0.04000000000000001
Long-short | LSTM,2025-06-30,Financials,0.2
Long-short | LSTM,2025-06-30,Health Care,0.04000000000000001
Long-short | LSTM,2025-06-30,Industrials,-0.05
Long-short | LSTM,2025-06-30,Information Technology,-0.06
Long-short | LSTM,2025-06-30,Materials,-0.020000000000000004
Long-short | LSTM,2025-07-31,Consumer Discretionary,0.0
Long-short | LSTM,2025-07-31,Energy,0.0
Long-short | LSTM,2025-07-31,Financials,0.2
Long-short | LSTM,2025-07-31,Health Care,1.6653345369377347e-18
Long-short | LSTM,2025-07-31,Industrials,-0.07
Long-short | LSTM,2025-07-31,Information Technology,-0.1
Long-short | LSTM,2025-07-31,Materials,-0.03
Long-short | LSTM,2025-08-31,Consumer Discretionary,-0.05
Long-short | LSTM,2025-08-31,Energy,0.020000000000000004
Long-short | LSTM,2025-08-31,Financials,0.2
Long-short | LSTM,2025-08-31,Health Care,1.6653345369377347e-18
Long-short | LSTM,2025-08-31,Industrials,-0.07
Long-short | LSTM,2025-08-31,Information Technology,-0.07
Long-short | LSTM,2025-08-31,Materials,-0.03
Long-short | LSTM,2025-09-30,Consumer Discretionary,-0.18
Long-short | LSTM,2025-09-30,Energy,-0.039999999999999994
Long-short | LSTM,2025-09-30,Financials,0.15000000000000002
Long-short | LSTM,2025-09-30,Health Care,0.06
Long-short | LSTM,2025-09-30,Industrials,-0.05
Long-short | LSTM,2025-09-30,Information Technology,0.11
Long-short | LSTM,2025-09-30,Materials,-0.05
Long-short | LSTM,2025-10-31,Consumer Discretionary,-0.08
Long-short | LSTM,2025-10-31,Energy,-0.039999999999999994
Long-short | LSTM,2025-10-31,Financials,0.15000000000000002
Long-short | LSTM,2025-10-31,Health Care,0.06
Long-short | LSTM,2025-10-31,Industrials,-0.1
Long-short | LSTM,2025-10-31,Information Technology,0.06
Long-short | LSTM,2025-10-31,Materials,-0.05
Long-short | LSTM,2025-11-30,Consumer Discretionary,-0.09000000000000001
Long-short | LSTM,2025-11-30,Energy,0.009999999999999995
Long-short | LSTM,2025-11-30,Financials,0.18
Long-short | LSTM,2025-11-30,Health Care,0.04000000000000001
Long-short | LSTM,2025-11-30,Industrials,-0.08
Long-short | LSTM,2025-11-30,Information Technology,-0.039999999999999994
Long-short | LSTM,2025-11-30,Materials,-0.020000000000000004
Long-short | LSTM,2025-12-31,Consumer Discretionary,-0.09000000000000001
Long-short | LSTM,2025-12-31,Energy,0.05
Long-short | LSTM,2025-12-31,Financials,0.2
Long-short | LSTM,2025-12-31,Health Care,-1.6653345369377347e-18
Long-short | LSTM,2025-12-31,Industrials,-0.08
Long-short | LSTM,2025-12-31,Information Technology,-0.08
Long-short | LSTM,2025-12-31,Materials,0.0
Long-short | LSTM,2026-01-31,Consumer Discretionary,-0.11
Long-short | LSTM,2026-01-31,Energy,0.04000000000000001
Long-short | LSTM,2026-01-31,Financials,0.2
Long-short | LSTM,2026-01-31,Health Care,0.08
Long-short | LSTM,2026-01-31,Industrials,-0.1
Long-short | LSTM,2026-01-31,Information Technology,-0.11000000000000001
Long-short | LSTM,2026-01-31,Materials,0.0
Long-short | LSTM,2026-02-28,Consumer Discretionary,-0.09
Long-short | LSTM,2026-02-28,Energy,0.0
Long-short | LSTM,2026-02-28,Financials,0.17
Long-short | LSTM,2026-02-28,Health Care,0.05
Long-short | LSTM,2026-02-28,Industrials,-0.07
Long-short | LSTM,2026-02-28,Information Technology,-0.06000000000000001
Long-short | LSTM,2026-02-28,Materials,0.0
Long-short | LSTM,2026-03-31,Consumer Discretionary,-0.10000000000000002
Long-short | LSTM,2026-03-31,Energy,0.0
Long-short | LSTM,2026-03-31,Financials,0.18
Long-short | LSTM,2026-03-31,Health Care,0.04000000000000001
Long-short | LSTM,2026-03-31,Industrials,-0.1
Long-short | LSTM,2026-03-31,Information Technology,-0.039999999999999994
Long-short | LSTM,2026-03-31,Materials,0.020000000000000004
Long-short | LSTM,2026-04-30,Consumer Discretionary,-0.04000000000000001
Long-short | LSTM,2026-04-30,Energy,0.04000000000000001
Long-short | LSTM,2026-04-30,Financials,0.18
Long-short | LSTM,2026-04-30,Health Care,0.03
Long-short | LSTM,2026-04-30,Industrials,-0.12000000000000001
Long-short | LSTM,2026-04-30,Information Technology,-0.11
Long-short | LSTM,2026-04-30,Materials,0.020000000000000004
Long-short | LSTM,2026-05-31,Consumer Discretionary,-0.19
Long-short | LSTM,2026-05-31,Energy,0.020000000000000004
Long-short | LSTM,2026-05-31,Financials,0.1
Long-short | LSTM,2026-05-31,Health Care,0.03
Long-short | LSTM,2026-05-31,Industrials,-0.1
Long-short | LSTM,2026-05-31,Information Technology,0.09
Long-short | LSTM,2026-05-31,Materials,0.05
Long-short | LSTM,2026-06-30,Consumer Discretionary,-0.12
Long-short | LSTM,2026-06-30,Energy,-0.009999999999999995
Long-short | LSTM,2026-06-30,Financials,0.1
Long-short | LSTM,2026-06-30,Health Care,0.009999999999999997
Long-short | LSTM,2026-06-30,Industrials,-0.1
Long-short | LSTM,2026-06-30,Information Technology,0.06999999999999999
Long-short | LSTM,2026-06-30,Materials,0.05
Long-short | LSTM,2026-07-31,Consumer Discretionary,-0.16999999999999998
Long-short | LSTM,2026-07-31,Energy,-0.009999999999999995
Long-short | LSTM,2026-07-31,Financials,0.1
Long-short | LSTM,2026-07-31,Health Care,0.009999999999999997
Long-short | LSTM,2026-07-31,Industrials,-0.1
Long-short | LSTM,2026-07-31,Information Technology,0.16999999999999998
Long-short | LSTM,2026-07-31,Materials,0.0
Long-short | LSTM,2026-08-31,Consumer Discretionary,-0.09999999999999999
Long-short | LSTM,2026-08-31,Energy,0.020000000000000004
Long-short | LSTM,2026-08-31,Financials,0.1
Long-short | LSTM,2026-08-31,Health Care,0.009999999999999997
Long-short | LSTM,2026-08-31,Industrials,-0.1
Long-short | LSTM,2026-08-31,Information Technology,0.06999999999999999
Long-short | LSTM,2026-08-31,Materials,0.0
Long-short | CNN,2024-12-31,Consumer Discretionary,-0.009999999999999995
Long-short | CNN,2024-12-31,Energy,-0.009999999999999995
Long-short | CNN,2024-12-31,Financials,0.12000000000000001
Long-short | CNN,2024-12-31,Health Care,0.009999999999999997
Long-short | CNN,2024-12-31,Industrials,0.0
Long-short | CNN,2024-12-31,Information Technology,-0.11000000000000001
Long-short | CNN,2024-12-31,Materials,0.0
Long-short | CNN,2025-01-31,Consumer Discretionary,-0.009999999999999995
Long-short | CNN,2025-01-31,Energy,0.010000000000000007
Long-short | CNN,2025-01-31,Financials,0.12000000000000001
Long-short | CNN,2025-01-31,Health Care,0.009999999999999997
Long-short | CNN,2025-01-31,Industrials,-0.05
Long-short | CNN,2025-01-31,Information Technology,-0.06000000000000001
Long-short | CNN,2025-01-31,Materials,-0.020000000000000004
Long-short | CNN,2025-02-28,Consumer Discretionary,-0.020000000000000004
Long-short | CNN,2025-02-28,Energy,-0.010000000000000007
Long-short | CNN,2025-02-28,Financials,0.15000000000000002
Long-short | CNN,2025-02-28,Health Care,0.020000000000000004
Long-short | CNN,2025-02-28,Industrials,-0.08
Long-short | CNN,2025-02-28,Information Technology,-0.09
Long-short | CNN,2025-02-28,Materials,0.03
Long-short | CNN,2025-03-31,Consumer Discretionary,-0.06
Long-short | CNN,2025-03-31,Energy,-0.06999999999999999
Long-short | CNN,2025-03-31,Financials,0.15000000000000002
Long-short | CNN,2025-03-31,Health Care,0.03
Long-short | CNN,2025-03-31,Industrials,-0.07
Long-short | CNN,2025-03-31,Information Technology,-1.3877787807814457e-17
Long-short | CNN,2025-03-31,Materials,0.020000000000000004
Long-short | CNN,2025-04-30,Consumer Discretionary,-0.03
Long-short | CNN,2025-04-30,Energy,-0.09
Long-short | CNN,2025-04-30,Financials,0.15000000000000002
Long-short | CNN,2025-04-30,Health Care,0.03
Long-short | CNN,2025-04-30,Industrials,-0.07
Long-short | CNN,2025-04-30,Information Technology,-0.030000000000000013
Long-short | CNN,2025-04-30,Materials,0.04000000000000001
Long-short | CNN,2025-05-31,Consumer Discretionary,-0.009999999999999995
Long-short | CNN,2025-05-31,Energy,-0.11
Long-short | CNN,2025-05-31,Financials,0.17
Long-short | CNN,2025-05-31,Health Care,0.06
Long-short | CNN,2025-05-31,Industrials,-0.05
Long-short | CNN,2025-05-31,Information Technology,-0.06000000000000001
Long-short | CNN,2025-05-31,Materials,0.0
Long-short | CNN,2025-06-30,Consumer Discretionary,-0.08
Long-short | CNN,2025-06-30,Energy,-0.06
Long-short | CNN,2025-06-30,Financials,0.2
Long-short | CNN,2025-06-30,Health Care,0.06
Long-short | CNN,2025-06-30,Industrials,-0.07
Long-short | CNN,2025-06-30,Information Technology,-0.04000000000000001
Long-short | CNN,2025-06-30,Materials,-0.009999999999999997
Long-short | CNN,2025-07-31,Consumer Discretionary,-0.04000000000000001
Long-short | CNN,2025-07-31,Energy,-0.04000000000000001
Long-short | CNN,2025-07-31,Financials,0.2
Long-short | CNN,2025-07-31,Health Care,0.04000000000000001
Long-short | CNN,2025-07-31,Industrials,-0.08
Long-short | CNN,2025-07-31,Information Technology,-0.06
Long-short | CNN,2025-07-31,Materials,-0.020000000000000004
Long-short | CNN,2025-08-31,Consumer Discretionary,-0.07
Long-short | CNN,2025-08-31,Energy,-0.030000000000000013
Long-short | CNN,2025-08-31,Financials,0.2
Long-short | CNN,2025-08-31,Health Care,0.04000000000000001
Long-short | CNN,2025-08-31,Industrials,-0.08
Long-short | CNN,2025-08-31,Information Technology,-0.039999999999999994
Long-short | CNN,2025-08-31,Materials,-0.020000000000000004
Long-short | CNN,2025-09-30,Consumer Discretionary,-0.14
Long-short | CNN,2025-09-30,Energy,-0.039999999999999994
Long-short | CNN,2025-09-30,Financials,0.17
Long-short | CNN,2025-09-30,Health Care,0.06
Long-short | CNN,2025-09-30,Industrials,-0.07
Long-short | CNN,2025-09-30,Information Technology,0.04999999999999999
Long-short | CNN,2025-09-30,Materials,-0.03
Long-short | CNN,2025-10-31,Consumer Discretionary,-0.08
Long-short | CNN,2025-10-31,Energy,-0.039999999999999994
Long-short | CNN,2025-10-31,Financials,0.17
Long-short | CNN,2025-10-31,Health Care,0.06
Long-short | CNN,2025-10-31,Industrials,-0.1
Long-short | CNN,2025-10-31,Information Technology,0.01999999999999999
Long-short | CNN,2025-10-31,Materials,-0.03
Long-short | CNN,2025-11-30,Consumer Discretionary,-0.13
Long-short | CNN,2025-11-30,Energy,0.010000000000000009
Long-short | CNN,2025-11-30,Financials,0.15000000000000002
Long-short | CNN,2025-11-30,Health Care,0.06
Long-short | CNN,2025-11-30,Industrials,-0.05
Long-short | CNN,2025-11-30,Information Technology,0.009999999999999995
Long-short | CNN,2025-11-30,Materials,-0.05
Long-short | CNN,2025-12-31,Consumer Discretionary,-0.11000000000000001
Long-short | CNN,2025-12-31,Energy,-0.010000000000000009
Long-short | CNN,2025-12-31,Financials,0.2
Long-short | CNN,2025-12-31,Health Care,0.04000000000000001
Long-short | CNN,2025-12-31,Industrials,-0.08
Long-short | CNN,2025-12-31,Information Technology,-0.039999999999999994
Long-short | CNN,2025-12-31,Materials,0.0
Long-short | CNN,2026-01-31,Consumer Discretionary,-0.06000000000000001
Long-short | CNN,2026-01-31,Energy,0.0
Long-short | CNN,2026-01-31,Financials,0.2
Long-short | CNN,2026-01-31,Health Care,0.07
Long-short | CNN,2026-01-31,Industrials,-0.1
Long-short | CNN,2026-01-31,Information Technology,-0.11
Long-short | CNN,2026-01-31,Materials,0.0
Long-short | CNN,2026-02-28,Consumer Discretionary,-0.11
Long-short | CNN,2026-02-28,Energy,0.04000000000000001
Long-short | CNN,2026-02-28,Financials,0.15000000000000002
Long-short | CNN,2026-02-28,Health Care,0.03
Long-short | CNN,2026-02-28,Industrials,-0.05
Long-short | CNN,2026-02-28,Information Technology,-0.06000000000000001
Long-short | CNN,2026-02-28,Materials,0.0
Long-short | CNN,2026-03-31,Consumer Discretionary,-0.21000000000000002
Long-short | CNN,2026-03-31,Energy,0.04000000000000001
Long-short | CNN,2026-03-31,Financials,0.15000000000000002
Long-short | CNN,2026-03-31,Health Care,0.06
Long-short | CNN,2026-03-31,Industrials,-0.1
Long-short | CNN,2026-03-31,Information Technology,0.009999999999999995
Long-short | CNN,2026-03-31,Materials,0.05
Long-short | CNN,2026-04-30,Consumer Discretionary,-0.12
Long-short | CNN,2026-04-30,Energy,0.0
Long-short | CNN,2026-04-30,Financials,0.17
Long-short | CNN,2026-04-30,Health Care,0.05
Long-short | CNN,2026-04-30,Industrials,-0.13
Long-short | CNN,2026-04-30,Information Technology,-1.3877787807814457e-17
Long-short | CNN,2026-04-30,Materials,0.03
Long-short | CNN,2026-05-31,Consumer Discretionary,-0.19
Long-short | CNN,2026-05-31,Energy,0.020000000000000004
Long-short | CNN,2026-05-31,Financials,0.1
Long-short | CNN,2026-05-31,Health Care,0.03
Long-short | CNN,2026-05-31,Industrials,-0.1
Long-short | CNN,2026-05-31,Information Technology,0.09
Long-short | CNN,2026-05-31,Materials,0.05
Long-short | CNN,2026-06-30,Consumer Discretionary,-0.12
Long-short | CNN,2026-06-30,Energy,-0.009999999999999995
Long-short | CNN,2026-06-30,Financials,0.1
Long-short | CNN,2026-06-30,Health Care,0.009999999999999997
Long-short | CNN,2026-06-30,Industrials,-0.1
Long-short | CNN,2026-06-30,Information Technology,0.06999999999999999
Long-short | CNN,2026-06-30,Materials,0.05
Long-short | CNN,2026-07-31,Consumer Discretionary,-0.16999999999999998
Long-short | CNN,2026-07-31,Energy,-0.009999999999999995
Long-short | CNN,2026-07-31,Financials,0.1
Long-short | CNN,2026-07-31,Health Care,0.009999999999999997
Long-short | CNN,2026-07-31,Industrials,-0.1
Long-short | CNN,2026-07-31,Information Technology,0.16999999999999998
Long-short | CNN,2026-07-31,Materials,0.0
Long-short | CNN,2026-08-31,Consumer Discretionary,-0.09999999999999999
Long-short | CNN,2026-08-31,Energy,0.020000000000000004
Long-short | CNN,2026-08-31,Financials,0.1
Long-short | CNN,2026-08-31,Health Care,0.009999999999999997
Long-short | CNN,2026-08-31,Industrials,-0.1
Long-short | CNN,2026-08-31,Information Technology,0.06999999999999999
Long-short | CNN,2026-08-31,Materials,0.0
Long-short | Prophet,2024-12-31,Consumer Discretionary,0.020000000000000004
Long-short | Prophet,2024-12-31,Energy,0.020000000000000004
Long-short | Prophet,2024-12-31,Financials,0.15000000000000002
Long-short | Prophet,2024-12-31,Health Care,-0.020000000000000004
Long-short | Prophet,2024-12-31,Industrials,-0.06
Long-short | Prophet,2024-12-31,Information Technology,-0.17
Long-short | Prophet,2024-12-31,Materials,0.06
Long-short | Prophet,2025-01-31,Consumer Discretionary,0.020000000000000004
Long-short | Prophet,2025-01-31,Energy,0.07
Long-short | Prophet,2025-01-31,Financials,0.15000000000000002
Long-short | Prophet,2025-01-31,Health Care,-0.020000000000000004
Long-short | Prophet,2025-01-31,Industrials,-0.08
Long-short | Prophet,2025-01-31,Information Technology,-0.15000000000000002
Long-short | Prophet,2025-01-31,Materials,0.009999999999999997
Long-short | Prophet,2025-02-28,Consumer Discretionary,0.020000000000000004
Long-short | Prophet,2025-02-28,Energy,0.05
Long-short | Prophet,2025-02-28,Financials,0.17
Long-short | Prophet,2025-02-28,Health Care,-0.020000000000000004
Long-short | Prophet,2025-02-28,Industrials,-0.08
Long-short | Prophet,2025-02-28,Information Technology,-0.15000000000000002
Long-short | Prophet,2025-02-28,Materials,0.009999999999999997
Long-short | Prophet,2025-03-31,Consumer Discretionary,0.0
Long-short | Prophet,2025-03-31,Energy,0.03
Long-short | Prophet,2025-03-31,Financials,0.17
Long-short | Prophet,2025-03-31,Health Care,-0.020000000000000004
Long-short | Prophet,2025-03-31,Industrials,-0.08
Long-short | Prophet,2025-03-31,Information Technology,-0.11
Long-short | Prophet,2025-03-31,Materials,0.009999999999999997
Long-short | Prophet,2025-04-30,Consumer Discretionary,0.020000000000000004
Long-short | Prophet,2025-04-30,Energy,-0.020000000000000004
Long-short | Prophet,2025-04-30,Financials,0.17
Long-short | Prophet,2025-04-30,Health Care,-0.020000000000000004
Long-short | Prophet,2025-04-30,Industrials,-0.08
Long-short | Prophet,2025-04-30,Information Technology,-0.13
Long-short | Prophet,2025-04-30,Materials,0.06
Long-short | Prophet,2025-05-31,Consumer Discretionary,0.020000000000000004
Long-short | Prophet,2025-05-31,Energy,-0.020000000000000004
Long-short | Prophet,2025-05-31,Financials,0.17
Long-short | Prophet,2025-05-31,Health Care,-1.6653345369377347e-18
Long-short | Prophet,2025-05-31,Industrials,-0.08
Long-short | Prophet,2025-05-31,Information Technology,-0.15000000000000002
Long-short | Prophet,2025-05-31,Materials,0.06
Long-short | Prophet,2025-06-30,Consumer Discretionary,-0.05
Long-short | Prophet,2025-06-30,Energy,0.0
Long-short | Prophet,2025-06-30,Financials,0.2
Long-short | Prophet,2025-06-30,Health Care,-1.6653345369377347e-18
Long-short | Prophet,2025-06-30,Industrials,-0.08
Long-short | Prophet,2025-06-30,Information Technology,-0.1
Long-short | Prophet,2025-06-30,Materials,0.03
Long-short | Prophet,2025-07-31,Consumer Discretionary,0.0
Long-short | Prophet,2025-07-31,Energy,0.0
Long-short | Prophet,2025-07-31,Financials,0.2
Long-short | Prophet,2025-07-31,Health Care,-1.6653345369377347e-18
Long-short | Prophet,2025-07-31,Industrials,-0.08
Long-short | Prophet,2025-07-31,Information Technology,-0.1
Long-short | Prophet,2025-07-31,Materials,-0.020000000000000004
Long-short | Prophet,2025-08-31,Consumer Discretionary,-0.05
Long-short | Prophet,2025-08-31,Energy,0.03
Long-short | Prophet,2025-08-31,Financials,0.2
Long-short | Prophet,2025-08-31,Health Care,-1.6653345369377347e-18
Long-short | Prophet,2025-08-31,Industrials,-0.08
Long-short | Prophet,2025-08-31,Information Technology,-0.08
Long-short | Prophet,2025-08-31,Materials,-0.020000000000000004
Long-short | Prophet,2025-09-30,Consumer Discretionary,-0.09000000000000001
Long-short | Prophet,2025-09-30,Energy,0.05
Long-short | Prophet,2025-09-30,Financials,0.18
Long-short | Prophet,2025-09-30,Health Care,-1.6653345369377347e-18
Long-short | Prophet,2025-09-30,Industrials,-0.08
Long-short | Prophet,2025-09-30,Information Technology,-0.039999999999999994
Long-short | Prophet,2025-09-30,Materials,-0.020000000000000004
Long-short | Prophet,2025-10-31,Consumer Discretionary,-0.07
Long-short | Prophet,2025-10-31,Energy,-0.010000000000000009
Long-short | Prophet,2025-10-31,Financials,0.18
Long-short | Prophet,2025-10-31,Health Care,0.04000000000000001
Long-short | Prophet,2025-10-31,Industrials,-0.1
Long-short | Prophet,2025-10-31,Information Technology,-0.01999999999999999
Long-short | Prophet,2025-10-31,Materials,-0.020000000000000004
Long-short | Prophet,2025-11-30,Consumer Discretionary,-0.07
Long-short | Prophet,2025-11-30,Energy,0.07
Long-short | Prophet,2025-11-30,Financials,0.18
Long-short | Prophet,2025-11-30,Health Care,-1.6653345369377347e-18
Long-short | Prophet,2025-11-30,Industrials,-0.08
Long-short | Prophet,2025-11-30,Information Technology,-0.08
Long-short | Prophet,2025-11-30,Materials,-0.020000000000000004
Long-short | Prophet,2025-12-31,Consumer Discretionary,-0.09000000000000001
Long-short | Prophet,2025-12-31,Energy,0.05
Long-short | Prophet,2025-12-31,Financials,0.2
Long-short | Prophet,2025-12-31,Health Care,-1.6653345369377347e-18
Long-short | Prophet,2025-12-31,Industrials,-0.08
Long-short | Prophet,2025-12-31,Information Technology,-0.08
Long-short | Prophet,2025-12-31,Materials,0.0
Long-short | Prophet,2026-01-31,Consumer Discretionary,-0.020000000000000004
Long-short | Prophet,2026-01-31,Energy,0.04000000000000001
Long-short | Prophet,2026-01-31,Financials,0.2
Long-short | Prophet,2026-01-31,Health Care,0.05
Long-short | Prophet,2026-01-31,Industrials,-0.1
Long-short | Prophet,2026-01-31,Information Technology,-0.17
Long-short | Prophet,2026-01-31,Materials,0.0
Long-short | Prophet,2026-02-28,Consumer Discretionary,-0.020000000000000004
Long-short | Prophet,2026-02-28,Energy,0.04000000000000001
Long-short | Prophet,2026-02-28,Financials,0.18
Long-short | Prophet,2026-02-28,Health Care,0.03
Long-short | Prophet,2026-02-28,Industrials,-0.08
Long-short | Prophet,2026-02-28,Information Technology,-0.15000000000000002
Long-short | Prophet,2026-02-28,Materials,0.0
Long-short | Prophet,2026-03-31,Consumer Discretionary,-0.06000000000000001
Long-short | Prophet,2026-03-31,Energy,0.04000000000000001
Long-short | Prophet,2026-03-31,Financials,0.18
Long-short | Prophet,2026-03-31,Health Care,-1.6653345369377347e-18
Long-short | Prophet,2026-03-31,Industrials,-0.1
Long-short | Prophet,2026-03-31,Information Technology,-0.08
Long-short | Prophet,2026-03-31,Materials,0.020000000000000004
Long-short | Prophet,2026-04-30,Consumer Discretionary,-0.04000000000000001
Long-short | Prophet,2026-04-30,Energy,0.04000000000000001
Long-short | Prophet,2026-04-30,Financials,0.18
Long-short | Prophet,2026-04-30,Health Care,0.03
Long-short | Prophet,2026-04-30,Industrials,-0.12000000000000001
Long-short | Prophet,2026-04-30,Information Technology,-0.11
Long-short | Prophet,2026-04-30,Materials,0.020000000000000004
Long-short | Prophet,2026-05-31,Consumer Discretionary,-0.010000000000000009
Long-short | Prophet,2026-05-31,Energy,-0.009999999999999995
Long-short | Prophet,2026-05-31,Financials,0.16
Long-short | Prophet,2026-05-31,Health Care,0.03
Long-short | Prophet,2026-05-31,Industrials,-0.1
Long-short | Prophet,2026-05-31,Information Technology,-0.09
Long-short | Prophet,2026-05-31,Materials,0.020000000000000004
Long-short | Prophet,2026-06-30,Consumer Discretionary,0.0
Long-short | Prophet,2026-06-30,Energy,0.020000000000000004
Long-short | Prophet,2026-06-30,Financials,0.16
Long-short | Prophet,2026-06-30,Health Care,-0.020000000000000004
Long-short | Prophet,2026-06-30,Industrials,-0.1
Long-short | Prophet,2026-06-30,Information Technology,-0.08
Long-short | Prophet,2026-06-30,Materials,0.020000000000000004
Long-short | Prophet,2026-07-31,Consumer Discretionary,-0.10000000000000002
Long-short | Prophet,2026-07-31,Energy,-0.020000000000000004
Long-short | Prophet,2026-07-31,Financials,0.16
Long-short | Prophet,2026-07-31,Health Care,0.020000000000000004
Long-short | Prophet,2026-07-31,Industrials,-0.1
Long-short | Prophet,2026-07-31,Information Technology,0.04000000000000002
Long-short | Prophet,2026-07-31,Materials,0.0
Long-short | Prophet,2026-08-31,Consumer Discretionary,-0.05000000000000002
Long-short | Prophet,2026-08-31,Energy,-0.03
Long-short | Prophet,2026-08-31,Financials,0.16
Long-short | Prophet,2026-08-31,Health Care,0.020000000000000004
Long-short | Prophet,2026-08-31,Industrials,-0.1
Long-short | Prophet,2026-08-31,Information Technology,1.3877787807814457e-17
Long-short | Prophet,2026-08-31,Materials,0.0
Long-short | Historical mean,2024-12-31,Consumer Discretionary,-0.009999999999999995
Long-short | Historical mean,2024-12-31,Energy,-0.009999999999999995
Long-short | Historical mean,2024-12-31,Financials,0.12000000000000001
Long-short | Historical mean,2024-12-31,Health Care,0.009999999999999997
Long-short | Historical mean,2024-12-31,Industrials,0.0
Long-short | Historical mean,2024-12-31,Information Technology,-0.11000000000000001
Long-short | Historical mean,2024-12-31,Materials,0.0
Long-short | Historical mean,2025-01-31,Consumer Discretionary,-0.009999999999999995
Long-short | Historical mean,2025-01-31,Energy,0.010000000000000007
Long-short | Historical mean,2025-01-31,Financials,0.12000000000000001
Long-short | Historical mean,2025-01-31,Health Care,0.009999999999999997
Long-short | Historical mean,2025-01-31,Industrials,-0.05
Long-short | Historical mean,2025-01-31,Information Technology,-0.06000000000000001
Long-short | Historical mean,2025-01-31,Materials,-0.020000000000000004
Long-short | Historical mean,2025-02-28,Consumer Discretionary,-0.009999999999999995
Long-short | Historical mean,2025-02-28,Energy,-0.039999999999999994
Long-short | Historical mean,2025-02-28,Financials,0.17
Long-short | Historical mean,2025-02-28,Health Care,0.009999999999999997
Long-short | Historical mean,2025-02-28,Industrials,-0.05
Long-short | Historical mean,2025-02-28,Information Technology,-0.06000000000000001
Long-short | Historical mean,2025-02-28,Materials,-0.020000000000000004
Long-short | Historical mean,2025-03-31,Consumer Discretionary,-0.06
Long-short | Historical mean,2025-03-31,Energy,-0.09
Long-short | Historical mean,2025-03-31,Financials,0.17
Long-short | Historical mean,2025-03-31,Health Care,0.009999999999999997
Long-short | Historical mean,2025-03-31,Industrials,-0.05
Long-short | Historical mean,2025-03-31,Information Technology,0.039999999999999994
Long-short | Historical mean,2025-03-31,Materials,-0.020000000000000004
Long-short | Historical mean,2025-04-30,Consumer Discretionary,-0.009999999999999995
Long-short | Historical mean,2025-04-30,Energy,-0.11
Long-short | Historical mean,2025-04-30,Financials,0.17
Long-short | Historical mean,2025-04-30,Health Care,0.009999999999999997
Long-short | Historical mean,2025-04-30,Industrials,-0.05
Long-short | Historical mean,2025-04-30,Information Technology,-0.010000000000000009
Long-short | Historical mean,2025-04-30,Materials,0.0
Long-short | Historical mean,2025-05-31,Consumer Discretionary,-0.009999999999999995
Long-short | Historical mean,2025-05-31,Energy,-0.11
Long-short | Historical mean,2025-05-31,Financials,0.17
Long-short | Historical mean,2025-05-31,Health Care,0.06
Long-short | Historical mean,2025-05-31,Industrials,-0.05
Long-short | Historical mean,2025-05-31,Information Technology,-0.06000000000000001
Long-short | Historical mean,2025-05-31,Materials,0.0
Long-short | Historical mean,2025-06-30,Consumer Discretionary,-0.08
Long-short | Historical mean,2025-06-30,Energy,-0.06
Long-short | Historical mean,2025-06-30,Financials,0.2
Long-short | Historical mean,2025-06-30,Health Care,0.06
Long-short | Historical mean,2025-06-30,Industrials,-0.05
Long-short | Historical mean,2025-06-30,Information Technology,-0.04000000000000001
Long-short | Historical mean,2025-06-30,Materials,-0.03
Long-short | Historical mean,2025-07-31,Consumer Discretionary,-0.06
Long-short | Historical mean,2025-07-31,Energy,-0.06
Long-short | Historical mean,2025-07-31,Financials,0.2
Long-short | Historical mean,2025-07-31,Health Care,0.06
Long-short | Historical mean,2025-07-31,Industrials,-0.05
Long-short | Historical mean,2025-07-31,Information Technology,-0.04000000000000001
Long-short | Historical mean,2025-07-31,Materials,-0.05
Long-short | Historical mean,2025-08-31,Consumer Discretionary,-0.08
Long-short | Historical mean,2025-08-31,Energy,-0.09
Long-short | Historical mean,2025-08-31,Financials,0.2
Long-short | Historical mean,2025-08-31,Health Care,0.06
Long-short | Historical mean,2025-08-31,Industrials,-0.05
Long-short | Historical mean,2025-08-31,Information Technology,0.009999999999999995
Long-short | Historical mean,2025-08-31,Materials,-0.05
Long-short | Historical mean,2025-09-30,Consumer Discretionary,-0.18
Long-short | Historical mean,2025-09-30,Energy,-0.039999999999999994
Long-short | Historical mean,2025-09-30,Financials,0.15000000000000002
Long-short | Historical mean,2025-09-30,Health Care,0.06
Long-short | Historical mean,2025-09-30,Industrials,-0.05
Long-short | Historical mean,2025-09-30,Information Technology,0.11
Long-short | Historical mean,2025-09-30,Materials,-0.05
Long-short | Historical mean,2025-10-31,Consumer Discretionary,-0.08
Long-short | Historical mean,2025-10-31,Energy,-0.039999999999999994
Long-short | Historical mean,2025-10-31,Financials,0.15000000000000002
Long-short | Historical mean,2025-10-31,Health Care,0.06
Long-short | Historical mean,2025-10-31,Industrials,-0.1
Long-short | Historical mean,2025-10-31,Information Technology,0.06
Long-short | Historical mean,2025-10-31,Materials,-0.05
Long-short | Historical mean,2025-11-30,Consumer Discretionary,-0.13
Long-short | Historical mean,2025-11-30,Energy,0.010000000000000009
Long-short | Historical mean,2025-11-30,Financials,0.15000000000000002
Long-short | Historical mean,2025-11-30,Health Care,0.06
Long-short | Historical mean,2025-11-30,Industrials,-0.05
Long-short | Historical mean,2025-11-30,Information Technology,0.009999999999999995
Long-short | Historical mean,2025-11-30,Materials,-0.05
Long-short | Historical mean,2025-12-31,Consumer Discretionary,-0.18
Long-short | Historical mean,2025-12-31,Energy,-0.039999999999999994
Long-short | Historical mean,2025-12-31,Financials,0.2
Long-short | Historical mean,2025-12-31,Health Care,0.06
Long-short | Historical mean,2025-12-31,Industrials,-0.05
Long-short | Historical mean,2025-12-31,Information Technology,0.009999999999999995
Long-short | Historical mean,2025-12-31,Materials,0.0
Long-short | Historical mean,2026-01-31,Consumer Discretionary,-0.11
Long-short | Historical mean,2026-01-31,Energy,0.04000000000000001
Long-short | Historical mean,2026-01-31,Financials,0.2
Long-short | Historical mean,2026-01-31,Health Care,0.08
Long-short | Historical mean,2026-01-31,Industrials,-0.1
Long-short | Historical mean,2026-01-31,Information Technology,-0.11000000000000001
Long-short | Historical mean,2026-01-31,Materials,0.0
Long-short | Historical mean,2026-02-28,Consumer Discretionary,-0.11
Long-short | Historical mean,2026-02-28,Energy,0.04000000000000001
Long-short | Historical mean,2026-02-28,Financials,0.15000000000000002
Long-short | Historical mean,2026-02-28,Health Care,0.03
Long-short | Historical mean,2026-02-28,Industrials,-0.05
Long-short | Historical mean,2026-02-28,Information Technology,-0.06000000000000001
Long-short | Historical mean,2026-02-28,Materials,0.0
Long-short | Historical mean,2026-03-31,Consumer Discretionary,-0.21000000000000002
Long-short | Historical mean,2026-03-31,Energy,0.04000000000000001
Long-short | Historical mean,2026-03-31,Financials,0.15000000000000002
Long-short | Historical mean,2026-03-31,Health Care,0.06
Long-short | Historical mean,2026-03-31,Industrials,-0.1
Long-short | Historical mean,2026-03-31,Information Technology,0.009999999999999995
Long-short | Historical mean,2026-03-31,Materials,0.05
Long-short | Historical mean,2026-04-30,Consumer Discretionary,-0.12
Long-short | Historical mean,2026-04-30,Energy,0.0
Long-short | Historical mean,2026-04-30,Financials,0.17
Long-short | Historical mean,2026-04-30,Health Care,0.05
Long-short | Historical mean,2026-04-30,Industrials,-0.13
Long-short | Historical mean,2026-04-30,Information Technology,-1.3877787807814457e-17
Long-short | Historical mean,2026-04-30,Materials,0.03
Long-short | Historical mean,2026-05-31,Consumer Discretionary,-0.13
Long-short | Historical mean,2026-05-31,Energy,-0.020000000000000004
Long-short | Historical mean,2026-05-31,Financials,0.14
Long-short | Historical mean,2026-05-31,Health Care,0.05
Long-short | Historical mean,2026-05-31,Industrials,-0.1
Long-short | Historical mean,2026-05-31,Information Technology,0.029999999999999985
Long-short | Historical mean,2026-05-31,Materials,0.03
Long-short | Historical mean,2026-06-30,Consumer Discretionary,-0.12
Long-short | Historical mean,2026-06-30,Energy,-0.009999999999999995
Long-short | Historical mean,2026-06-30,Financials,0.1
Long-short | Historical mean,2026-06-30,Health Care,0.009999999999999997
Long-short | Historical mean,2026-06-30,Industrials,-0.1
Long-short | Historical mean,2026-06-30,Information Technology,0.06999999999999999
Long-short | Historical mean,2026-06-30,Materials,0.05
Long-short | Historical mean,2026-07-31,Consumer Discretionary,-0.16999999999999998
Long-short | Historical mean,2026-07-31,Energy,-0.009999999999999995
Long-short | Historical mean,2026-07-31,Financials,0.1
Long-short | Historical mean,2026-07-31,Health Care,0.009999999999999997
Long-short | Historical mean,2026-07-31,Industrials,-0.1
Long-short | Historical mean,2026-07-31,Information Technology,0.16999999999999998
Long-short | Historical mean,2026-07-31,Materials,0.0
Long-short | Historical mean,2026-08-31,Consumer Discretionary,-0.09999999999999999
Long-short | Historical mean,2026-08-31,Energy,-0.020000000000000004
Long-short | Historical mean,2026-08-31,Financials,0.14
Long-short | Historical mean,2026-08-31,Health Care,0.03
Long-short | Historical mean,2026-08-31,Industrials,-0.1
Long-short | Historical mean,2026-08-31,Information Technology,0.04999999999999999
Long-short | Historical mean,2026-08-31,Materials,0.0
Long-short | Last observed,2024-12-31,Consumer Discretionary,-0.020000000000000004
Long-short | Last observed,2024-12-31,Energy,-0.020000000000000004
Long-short | Last observed,2024-12-31,Financials,0.13
Long-short | Last observed,2024-12-31,Health Care,0.020000000000000004
Long-short | Last observed,2024-12-31,Industrials,-0.06
Long-short | Last observed,2024-12-31,Information Technology,-0.11
Long-short | Last observed,2024-12-31,Materials,0.06
Long-short | Last observed,2025-01-31,Consumer Discretionary,0.03
Long-short | Last observed,2025-01-31,Energy,0.08
Long-short | Last observed,2025-01-31,Financials,0.15000000000000002
Long-short | Last observed,2025-01-31,Health Care,-0.03
Long-short | Last observed,2025-01-31,Industrials,-0.07
Long-short | Last observed,2025-01-31,Information Technology,-0.15000000000000002
Long-short | Last observed,2025-01-31,Materials,-0.009999999999999997
Long-short | Last observed,2025-02-28,Consumer Discretionary,-0.020000000000000004
Long-short | Last observed,2025-02-28,Energy,-0.010000000000000007
Long-short | Last observed,2025-02-28,Financials,0.15000000000000002
Long-short | Last observed,2025-02-28,Health Care,0.020000000000000004
Long-short | Last observed,2025-02-28,Industrials,-0.08
Long-short | Last observed,2025-02-28,Information Technology,-0.09
Long-short | Last observed,2025-02-28,Materials,0.03
Long-short | Last observed,2025-03-31,Consumer Discretionary,-0.06
Long-short | Last observed,2025-03-31,Energy,-0.06999999999999999
Long-short | Last observed,2025-03-31,Financials,0.15000000000000002
Long-short | Last observed,2025-03-31,Health Care,0.03
Long-short | Last observed,2025-03-31,Industrials,-0.07
Long-short | Last observed,2025-03-31,Information Technology,-1.3877787807814457e-17
Long-short | Last observed,2025-03-31,Materials,0.020000000000000004
Long-short | Last observed,2025-04-30,Consumer Discretionary,-0.020000000000000004
Long-short | Last observed,2025-04-30,Energy,-0.06000000000000001
Long-short | Last observed,2025-04-30,Financials,0.15000000000000002
Long-short | Last observed,2025-04-30,Health Care,0.020000000000000004
Long-short | Last observed,2025-04-30,Industrials,-0.08
Long-short | Last observed,2025-04-30,Information Technology,-0.06999999999999999
Long-short | Last observed,2025-04-30,Materials,0.06
Long-short | Last observed,2025-05-31,Consumer Discretionary,-0.009999999999999995
Long-short | Last observed,2025-05-31,Energy,-0.11
Long-short | Last observed,2025-05-31,Financials,0.17
Long-short | Last observed,2025-05-31,Health Care,0.06
Long-short | Last observed,2025-05-31,Industrials,-0.05
Long-short | Last observed,2025-05-31,Information Technology,-0.06000000000000001
Long-short | Last observed,2025-05-31,Materials,0.0
Long-short | Last observed,2025-06-30,Consumer Discretionary,-0.05
Long-short | Last observed,2025-06-30,Energy,0.0
Long-short | Last observed,2025-06-30,Financials,0.2
Long-short | Last observed,2025-06-30,Health Care,-1.6653345369377347e-18
Long-short | Last observed,2025-06-30,Industrials,-0.08
Long-short | Last observed,2025-06-30,Information Technology,-0.1
Long-short | Last observed,2025-06-30,Materials,0.03
Long-short | Last observed,2025-07-31,Consumer Discretionary,0.0
Long-short | Last observed,2025-07-31,Energy,0.0
Long-short | Last observed,2025-07-31,Financials,0.2
Long-short | Last observed,2025-07-31,Health Care,1.6653345369377347e-18
Long-short | Last observed,2025-07-31,Industrials,-0.07
Long-short | Last observed,2025-07-31,Information Technology,-0.1
Long-short | Last observed,2025-07-31,Materials,-0.03
Long-short | Last observed,2025-08-31,Consumer Discretionary,-0.07
Long-short | Last observed,2025-08-31,Energy,-0.030000000000000013
Long-short | Last observed,2025-08-31,Financials,0.2
Long-short | Last observed,2025-08-31,Health Care,0.04000000000000001
Long-short | Last observed,2025-08-31,Industrials,-0.08
Long-short | Last observed,2025-08-31,Information Technology,-0.039999999999999994
Long-short | Last observed,2025-08-31,Materials,-0.020000000000000004
Long-short | Last observed,2025-09-30,Consumer Discretionary,-0.14
Long-short | Last observed,2025-09-30,Energy,-0.039999999999999994
Long-short | Last observed,2025-09-30,Financials,0.17
Long-short | Last observed,2025-09-30,Health Care,0.06
Long-short | Last observed,2025-09-30,Industrials,-0.07
Long-short | Last observed,2025-09-30,Information Technology,0.04999999999999999
Long-short | Last observed,2025-09-30,Materials,-0.03
Long-short | Last observed,2025-10-31,Consumer Discretionary,-0.08
Long-short | Last observed,2025-10-31,Energy,-0.039999999999999994
Long-short | Last observed,2025-10-31,Financials,0.17
Long-short | Last observed,2025-10-31,Health Care,0.06
Long-short | Last observed,2025-10-31,Industrials,-0.1
Long-short | Last observed,2025-10-31,Information Technology,0.01999999999999999
Long-short | Last observed,2025-10-31,Materials,-0.03
Long-short | Last observed,2025-11-30,Consumer Discretionary,-0.07
Long-short | Last observed,2025-11-30,Energy,0.07
Long-short | Last observed,2025-11-30,Financials,0.18
Long-short | Last observed,2025-11-30,Health Care,-1.6653345369377347e-18
Long-short | Last observed,2025-11-30,Industrials,-0.08
Long-short | Last observed,2025-11-30,Information Technology,-0.08
Long-short | Last observed,2025-11-30,Materials,-0.020000000000000004
Long-short | Last observed,2025-12-31,Consumer Discretionary,-0.09000000000000001
Long-short | Last observed,2025-12-31,Energy,0.05
Long-short | Last observed,2025-12-31,Financials,0.2
Long-short | Last observed,2025-12-31,Health Care,-1.6653345369377347e-18
Long-short | Last observed,2025-12-31,Industrials,-0.08
Long-short | Last observed,2025-12-31,Information Technology,-0.08
Long-short | Last observed,2025-12-31,Materials,0.0
Long-short | Last observed,2026-01-31,Consumer Discretionary,-0.06000000000000001
Long-short | Last observed,2026-01-31,Energy,0.0
Long-short | Last observed,2026-01-31,Financials,0.2
Long-short | Last observed,2026-01-31,Health Care,0.07
Long-short | Last observed,2026-01-31,Industrials,-0.1
Long-short | Last observed,2026-01-31,Information Technology,-0.11
Long-short | Last observed,2026-01-31,Materials,0.0
Long-short | Last observed,2026-02-28,Consumer Discretionary,-0.020000000000000004
Long-short | Last observed,2026-02-28,Energy,0.04000000000000001
Long-short | Last observed,2026-02-28,Financials,0.18
Long-short | Last observed,2026-02-28,Health Care,0.03
Long-short | Last observed,2026-02-28,Industrials,-0.08
Long-short | Last observed,2026-02-28,Information Technology,-0.15000000000000002
Long-short | Last observed,2026-02-28,Materials,0.0
Long-short | Last observed,2026-03-31,Consumer Discretionary,-0.09
Long-short | Last observed,2026-03-31,Energy,0.06
Long-short | Last observed,2026-03-31,Financials,0.17
Long-short | Last observed,2026-03-31,Health Care,1.6653345369377347e-18
Long-short | Last observed,2026-03-31,Industrials,-0.1
Long-short | Last observed,2026-03-31,Information Technology,-0.07
Long-short | Last observed,2026-03-31,Materials,0.03
Long-short | Last observed,2026-04-30,Consumer Discretionary,-0.08000000000000002
Long-short | Last observed,2026-04-30,Energy,0.0
Long-short | Last observed,2026-04-30,Financials,0.18
Long-short | Last observed,2026-04-30,Health Care,0.05
Long-short | Last observed,2026-04-30,Industrials,-0.12000000000000001
Long-short | Last observed,2026-04-30,Information Technology,-0.04999999999999999
Long-short | Last observed,2026-04-30,Materials,0.020000000000000004
Long-short | Last observed,2026-05-31,Consumer Discretionary,-0.19
Long-short | Last observed,2026-05-31,Energy,0.020000000000000004
Long-short | Last observed,2026-05-31,Financials,0.1
Long-short | Last observed,2026-05-31,Health Care,0.03
Long-short | Last observed,2026-05-31,Industrials,-0.1
Long-short | Last observed,2026-05-31,Information Technology,0.09
Long-short | Last observed,2026-05-31,Materials,0.05
Long-short | Last observed,2026-06-30,Consumer Discretionary,-0.12
Long-short | Last observed,2026-06-30,Energy,-0.009999999999999995
Long-short | Last observed,2026-06-30,Financials,0.1
Long-short | Last observed,2026-06-30,Health Care,0.009999999999999997
Long-short | Last observed,2026-06-30,Industrials,-0.1
Long-short | Last observed,2026-06-30,Information Technology,0.06999999999999999
Long-short | Last observed,2026-06-30,Materials,0.05
Long-short | Last observed,2026-07-31,Consumer Discretionary,-0.16999999999999998
Long-short | Last observed,2026-07-31,Energy,-0.009999999999999995
Long-short | Last observed,2026-07-31,Financials,0.1
Long-short | Last observed,2026-07-31,Health Care,0.009999999999999997
Long-short | Last observed,2026-07-31,Industrials,-0.1
Long-short | Last observed,2026-07-31,Information Technology,0.16999999999999998
Long-short | Last observed,2026-07-31,Materials,0.0
Long-short | Last observed,2026-08-31,Consumer Discretionary,0.05
Long-short | Last observed,2026-08-31,Energy,-0.009999999999999995
Long-short | Last observed,2026-08-31,Financials,0.16
Long-short | Last observed,2026-08-31,Health Care,-0.020000000000000004
Long-short | Last observed,2026-08-31,Industrials,-0.1
Long-short | Last observed,2026-08-31,Information Technology,-0.08
Long-short | Last observed,2026-08-31,Materials,0.0
Ranked long-short | Equal factors,2024-12-31,Consumer Discretionary,0.021666666666666667
Ranked long-short | Equal factors,2024-12-31,Energy,0.03666666666666667
Ranked long-short | Equal factors,2024-12-31,Financials,0.14666666666666667
Ranked long-short | Equal factors,2024-12-31,Health Care,-0.011666666666666662
Ranked long-short | Equal factors,2024-12-31,Industrials,-0.06
Ranked long-short | Equal factors,2024-12-31,Information Technology,-0.145
Ranked long-short | Equal factors,2024-12-31,Materials,0.011666666666666669
Ranked long-short | Equal factors,2025-01-31,Consumer Discretionary,0.03166666666666666
Ranked long-short | Equal factors,2025-01-31,Energy,0.02
Ranked long-short | Equal factors,2025-01-31,Financials,0.13999999999999999
Ranked long-short | Equal factors,2025-01-31,Health Care,-0.011666666666666662
Ranked long-short | Equal factors,2025-01-31,Industrials,-0.06666666666666665
Ranked long-short | Equal factors,2025-01-31,Information Technology,-0.12166666666666666
Ranked long-short | Equal factors,2025-01-31,Materials,0.008333333333333335
Ranked long-short | Equal factors,2025-02-28,Consumer Discretionary,0.02833333333333333
Ranked long-short | Equal factors,2025-02-28,Energy,0.003333333333333334
Ranked long-short | Equal factors,2025-02-28,Financials,0.15666666666666665
Ranked long-short | Equal factors,2025-02-28,Health Care,-0.0016666666666666614
Ranked long-short | Equal factors,2025-02-28,Industrials,-0.07333333333333332
Ranked long-short | Equal factors,2025-02-28,Information Technology,-0.11833333333333332
Ranked long-short | Equal factors,2025-02-28,Materials,0.0049999999999999975
Ranked long-short | Equal factors,2025-03-31,Consumer Discretionary,0.018333333333333333
Ranked long-short | Equal factors,2025-03-31,Energy,-0.029999999999999995
Ranked long-short | Equal factors,2025-03-31,Financials,0.15666666666666665
Ranked long-short | Equal factors,2025-03-31,Health Care,-0.00833333333333333
Ranked long-short | Equal factors,2025-03-31,Industrials,-0.06666666666666665
Ranked long-short | Equal factors,2025-03-31,Information Technology,-0.07833333333333332
Ranked long-short | Equal factors,2025-03-31,Materials,0.008333333333333335
Ranked long-short | Equal factors,2025-04-30,Consumer Discretionary,0.011666666666666672
Ranked long-short | Equal factors,2025-04-30,Energy,-0.033333333333333326
Ranked long-short | Equal factors,2025-04-30,Financials,0.15333333333333332
Ranked long-short | Equal factors,2025-04-30,Health Care,0.015000000000000005
Ranked long-short | Equal factors,2025-04-30,Industrials,-0.07999999999999999
Ranked long-short | Equal factors,2025-04-30,Information Technology,-0.08166666666666667
Ranked long-short | Equal factors,2025-04-30,Materials,0.014999999999999993
Ranked long-short | Equal factors,2025-05-31,Consumer Discretionary,-0.0049999999999999906
Ranked long-short | Equal factors,2025-05-31,Energy,-0.030000000000000002
Ranked long-short | Equal factors,2025-05-31,Financials,0.15333333333333332
Ranked long-short | Equal factors,2025-05-31,Health Care,0.025000000000000005
Ranked long-short | Equal factors,2025-05-31,Industrials,-0.06666666666666667
Ranked long-short | Equal factors,2025-05-31,Information Technology,-0.08833333333333335
Ranked long-short | Equal factors,2025-05-31,Materials,0.011666666666666665
Ranked long-short | Equal factors,2025-06-30,Consumer Discretionary,-0.015000000000000001
Ranked long-short | Equal factors,2025-06-30,Energy,-0.016666666666666673
Ranked long-short | Equal factors,2025-06-30,Financials,0.16666666666666666
Ranked long-short | Equal factors,2025-06-30,Health Care,0.035
Ranked long-short | Equal factors,2025-06-30,Industrials,-0.05666666666666666
Ranked long-short | Equal factors,2025-06-30,Information Technology,-0.11166666666666666
Ranked long-short | Equal factors,2025-06-30,Materials,-0.0016666666666666635
Ranked long-short | Equal factors,2025-07-31,Consumer Discretionary,-0.024999999999999994
Ranked long-short | Equal factors,2025-07-31,Energy,-0.01666666666666667
Ranked long-short | Equal factors,2025-07-31,Financials,0.16999999999999998
Ranked long-short | Equal factors,2025-07-31,Health Care,0.028333333333333335
Ranked long-short | Equal factors,2025-07-31,Industrials,-0.06999999999999999
Ranked long-short | Equal factors,2025-07-31,Information Technology,-0.07499999999999998
Ranked long-short | Equal factors,2025-07-31,Materials,-0.011666666666666662
Ranked long-short | Equal factors,2025-08-31,Consumer Discretionary,0.0016666666666666653
Ranked long-short | Equal factors,2025-08-31,Energy,-0.03
Ranked long-short | Equal factors,2025-08-31,Financials,0.16999999999999998
Ranked long-short | Equal factors,2025-08-31,Health Care,0.03166666666666667
Ranked long-short | Equal factors,2025-08-31,Industrials,-0.09333333333333332
Ranked long-short | Equal factors,2025-08-31,Information Technology,-0.07499999999999998
Ranked long-short | Equal factors,2025-08-31,Materials,-0.005000000000000001
Ranked long-short | Equal factors,2025-09-30,Consumer Discretionary,-0.04166666666666667
Ranked long-short | Equal factors,2025-09-30,Energy,-0.009999999999999998
Ranked long-short | Equal factors,2025-09-30,Financials,0.15666666666666665
Ranked long-short | Equal factors,2025-09-30,Health Care,0.03166666666666667
Ranked long-short | Equal factors,2025-09-30,Industrials,-0.09
Ranked long-short | Equal factors,2025-09-30,Information Technology,-0.04166666666666666
Ranked long-short | Equal factors,2025-09-30,Materials,-0.005000000000000001
Ranked long-short | Equal factors,2025-10-31,Consumer Discretionary,-0.028333333333333332
Ranked long-short | Equal factors,2025-10-31,Energy,-0.009999999999999998
Ranked long-short | Equal factors,2025-10-31,Financials,0.13
Ranked long-short | Equal factors,2025-10-31,Health Care,0.03833333333333333
Ranked long-short | Equal factors,2025-10-31,Industrials,-0.08333333333333333
Ranked long-short | Equal factors,2025-10-31,Information Technology,-0.05500000000000001
Ranked long-short | Equal factors,2025-10-31,Materials,0.008333333333333331
Ranked long-short | Equal factors,2025-11-30,Consumer Discretionary,-0.034999999999999996
Ranked long-short | Equal factors,2025-11-30,Energy,0.010000000000000002
Ranked long-short | Equal factors,2025-11-30,Financials,0.15333333333333332
Ranked long-short | Equal factors,2025-11-30,Health Care,0.03166666666666667
Ranked long-short | Equal factors,2025-11-30,Industrials,-0.08
Ranked long-short | Equal factors,2025-11-30,Information Technology,-0.07166666666666666
Ranked long-short | Equal factors,2025-11-30,Materials,-0.008333333333333335
Ranked long-short | Equal factors,2025-12-31,Consumer Discretionary,-0.045
Ranked long-short | Equal factors,2025-12-31,Energy,0.009999999999999998
Ranked long-short | Equal factors,2025-12-31,Financials,0.15999999999999998
Ranked long-short | Equal factors,2025-12-31,Health Care,0.035
Ranked long-short | Equal factors,2025-12-31,Industrials,-0.07999999999999999
Ranked long-short | Equal factors,2025-12-31,Information Technology,-0.08499999999999999
Ranked long-short | Equal factors,2025-12-31,Materials,0.005000000000000001
Ranked long-short | Equal factors,2026-01-31,Consumer Discretionary,-0.05833333333333332
Ranked long-short | Equal factors,2026-01-31,Energy,0.033333333333333326
Ranked long-short | Equal factors,2026-01-31,Financials,0.16333333333333333
Ranked long-short | Equal factors,2026-01-31,Health Care,0.03166666666666667
Ranked long-short | Equal factors,2026-01-31,Industrials,-0.05999999999999999
Ranked long-short | Equal factors,2026-01-31,Information Technology,-0.12833333333333333
Ranked long-short | Equal factors,2026-01-31,Materials,0.018333333333333333
Ranked long-short | Equal factors,2026-02-28,Consumer Discretionary,-0.05166666666666665
Ranked long-short | Equal factors,2026-02-28,Energy,0.033333333333333326
Ranked long-short | Equal factors,2026-02-28,Financials,0.14666666666666667
Ranked long-short | Equal factors,2026-02-28,Health Care,0.025
Ranked long-short | Equal factors,2026-02-28,Industrials,-0.05333333333333332
Ranked long-short | Equal factors,2026-02-28,Information Technology,-0.12499999999999999
Ranked long-short | Equal factors,2026-02-28,Materials,0.025
Ranked long-short | Equal factors,2026-03-31,Consumer Discretionary,-0.065
Ranked long-short | Equal factors,2026-03-31,Energy,0.049999999999999996
Ranked long-short | Equal factors,2026-03-31,Financials,0.13333333333333333
Ranked long-short | Equal factors,2026-03-31,Health Care,0.025
Ranked long-short | Equal factors,2026-03-31,Industrials,-0.07999999999999999
Ranked long-short | Equal factors,2026-03-31,Information Technology,-0.095
Ranked long-short | Equal factors,2026-03-31,Materials,0.03166666666666667
Ranked long-short | Equal factors,2026-04-30,Consumer Discretionary,-0.05833333333333333
Ranked long-short | Equal factors,2026-04-30,Energy,0.039999999999999994
Ranked long-short | Equal factors,2026-04-30,Financials,0.13333333333333333
Ranked long-short | Equal factors,2026-04-30,Health Care,0.025
Ranked long-short | Equal factors,2026-04-30,Industrials,-0.10333333333333333
Ranked long-short | Equal factors,2026-04-30,Information Technology,-0.07166666666666666
Ranked long-short | Equal factors,2026-04-30,Materials,0.034999999999999996
Ranked long-short | Equal factors,2026-05-31,Consumer Discretionary,-0.05833333333333333
Ranked long-short | Equal factors,2026-05-31,Energy,0.02
Ranked long-short | Equal factors,2026-05-31,Financials,0.13333333333333333
Ranked long-short | Equal factors,2026-05-31,Health Care,0.005000000000000003
Ranked long-short | Equal factors,2026-05-31,Industrials,-0.10333333333333333
Ranked long-short | Equal factors,2026-05-31,Information Technology,-0.03166666666666666
Ranked long-short | Equal factors,2026-05-31,Materials,0.035
Ranked long-short | Equal factors,2026-06-30,Consumer Discretionary,-0.03166666666666666
Ranked long-short | Equal factors,2026-06-30,Energy,0.003333333333333327
Ranked long-short | Equal factors,2026-06-30,Financials,0.11333333333333334
Ranked long-short | Equal factors,2026-06-30,Health Care,0.0016666666666666705
Ranked long-short | Equal factors,2026-06-30,Industrials,-0.09
Ranked long-short | Equal factors,2026-06-30,Information Technology,-0.031666666666666676
Ranked long-short | Equal factors,2026-06-30,Materials,0.034999999999999996
Ranked long-short | Equal factors,2026-07-31,Consumer Discretionary,-0.03499999999999999
Ranked long-short | Equal factors,2026-07-31,Energy,-0.013333333333333336
Ranked long-short | Equal factors,2026-07-31,Financials,0.10333333333333333
Ranked long-short | Equal factors,2026-07-31,Health Care,0.005000000000000003
Ranked long-short | Equal factors,2026-07-31,Industrials,-0.08666666666666667
Ranked long-short | Equal factors,2026-07-31,Information Technology,0.0016666666666666618
Ranked long-short | Equal factors,2026-07-31,Materials,0.025
Ranked long-short | Equal factors,2026-08-31,Consumer Discretionary,-0.0049999999999999975
Ranked long-short | Equal factors,2026-08-31,Energy,0.013333333333333329
Ranked long-short | Equal factors,2026-08-31,Financials,0.12333333333333332
Ranked long-short | Equal factors,2026-08-31,Health Care,-0.008333333333333331
Ranked long-short | Equal factors,2026-08-31,Industrials,-0.08333333333333333
Ranked long-short | Equal factors,2026-08-31,Information Technology,-0.058333333333333334
Ranked long-short | Equal factors,2026-08-31,Materials,0.018333333333333333
Ranked long-short | Ridge,2024-12-31,Consumer Discretionary,0.040999999999999995
Ranked long-short | Ridge,2024-12-31,Energy,0.054000000000000006
Ranked long-short | Ridge,2024-12-31,Financials,0.153
Ranked long-short | Ridge,2024-12-31,Health Care,-0.020999999999999998
Ranked long-short | Ridge,2024-12-31,Industrials,-0.077
Ranked long-short | Ridge,2024-12-31,Information Technology,-0.17900000000000002
Ranked long-short | Ridge,2024-12-31,Materials,0.028999999999999998
Ranked long-short | Ridge,2025-01-31,Consumer Discretionary,0.037000000000000005
Ranked long-short | Ridge,2025-01-31,Energy,0.023
Ranked long-short | Ridge,2025-01-31,Financials,0.134
Ranked long-short | Ridge,2025-01-31,Health Care,-0.027999999999999997
Ranked long-short | Ridge,2025-01-31,Industrials,-0.049
Ranked long-short | Ridge,2025-01-31,Information Technology,-0.104
Ranked long-short | Ridge,2025-01-31,Materials,-0.012999999999999998
Ranked long-short | Ridge,2025-02-28,Consumer Discretionary,0.045
Ranked long-short | Ridge,2025-02-28,Energy,0.037
Ranked long-short | Ridge,2025-02-28,Financials,0.159
Ranked long-short | Ridge,2025-02-28,Health Care,-0.014999999999999996
Ranked long-short | Ridge,2025-02-28,Industrials,-0.08199999999999999
Ranked long-short | Ridge,2025-02-28,Information Technology,-0.166
Ranked long-short | Ridge,2025-02-28,Materials,0.022
Ranked long-short | Ridge,2025-03-31,Consumer Discretionary,0.033
Ranked long-short | Ridge,2025-03-31,Energy,0.016999999999999998
Ranked long-short | Ridge,2025-03-31,Financials,0.159
Ranked long-short | Ridge,2025-03-31,Health Care,-0.018999999999999996
Ranked long-short | Ridge,2025-03-31,Industrials,-0.07499999999999998
Ranked long-short | Ridge,2025-03-31,Information Technology,-0.139
Ranked long-short | Ridge,2025-03-31,Materials,0.024
Ranked long-short | Ridge,2025-04-30,Consumer Discretionary,0.033
Ranked long-short | Ridge,2025-04-30,Energy,0.0030000000000000027
Ranked long-short | Ridge,2025-04-30,Financials,0.154
Ranked long-short | Ridge,2025-04-30,Health Care,-0.009999999999999997
Ranked long-short | Ridge,2025-04-30,Industrials,-0.081
Ranked long-short | Ridge,2025-04-30,Information Technology,-0.122
Ranked long-short | Ridge,2025-04-30,Materials,0.023
Ranked long-short | Ridge,2025-05-31,Consumer Discretionary,-0.026000000000000002
Ranked long-short | Ridge,2025-05-31,Energy,-0.07
Ranked long-short | Ridge,2025-05-31,Financials,0.157
Ranked long-short | Ridge,2025-05-31,Health Care,0.043000000000000003
Ranked long-short | Ridge,2025-05-31,Industrials,-0.051000000000000004
Ranked long-short | Ridge,2025-05-31,Information Technology,-0.037
Ranked long-short | Ridge,2025-05-31,Materials,-0.016
Ranked long-short | Ridge,2025-06-30,Consumer Discretionary,-0.017
Ranked long-short | Ridge,2025-06-30,Energy,-0.028000000000000008
Ranked long-short | Ridge,2025-06-30,Financials,0.169
Ranked long-short | Ridge,2025-06-30,Health Care,0.04000000000000001
Ranked long-short | Ridge,2025-06-30,Industrials,-0.036000000000000004
Ranked long-short | Ridge,2025-06-30,Information Technology,-0.104
Ranked long-short | Ridge,2025-06-30,Materials,-0.024
Ranked long-short | Ridge,2025-07-31,Consumer Discretionary,6.938893903907228e-18
Ranked long-short | Ridge,2025-07-31,Energy,0.015999999999999997
Ranked long-short | Ridge,2025-07-31,Financials,0.174
Ranked long-short | Ridge,2025-07-31,Health Care,0.004
Ranked long-short | Ridge,2025-07-31,Industrials,-0.068
Ranked long-short | Ridge,2025-07-31,Information Technology,-0.117
Ranked long-short | Ridge,2025-07-31,Materials,-0.008999999999999994
Ranked long-short | Ridge,2025-08-31,Consumer Discretionary,0.003999999999999993
Ranked long-short | Ridge,2025-08-31,Energy,-0.05
Ranked long-short | Ridge,2025-08-31,Financials,0.17400000000000002
Ranked long-short | Ridge,2025-08-31,Health Care,0.035
Ranked long-short | Ridge,2025-08-31,Industrials,-0.089
Ranked long-short | Ridge,2025-08-31,Information Technology,-0.049
Ranked long-short | Ridge,2025-08-31,Materials,-0.025
Ranked long-short | Ridge,2025-09-30,Consumer Discretionary,-0.03400000000000001
Ranked long-short | Ridge,2025-09-30,Energy,-0.014000000000000005
Ranked long-short | Ridge,2025-09-30,Financials,0.157
Ranked long-short | Ridge,2025-09-30,Health Care,0.038000000000000006
Ranked long-short | Ridge,2025-09-30,Industrials,-0.09599999999999999
Ranked long-short | Ridge,2025-09-30,Information Technology,-0.061999999999999986
Ranked long-short | Ridge,2025-09-30,Materials,0.011
Ranked long-short | Ridge,2025-10-31,Consumer Discretionary,-0.005999999999999997
Ranked long-short | Ridge,2025-10-31,Energy,0.028999999999999995
Ranked long-short | Ridge,2025-10-31,Financials,0.147
Ranked long-short | Ridge,2025-10-31,Health Care,0.012000000000000004
Ranked long-short | Ridge,2025-10-31,Industrials,-0.088
Ranked long-short | Ridge,2025-10-31,Information Technology,-0.116
Ranked long-short | Ridge,2025-10-31,Materials,0.022
Ranked long-short | Ridge,2025-11-30,Consumer Discretionary,-0.0010000000000000078
Ranked long-short | Ridge,2025-11-30,Energy,0.038
Ranked long-short | Ridge,2025-11-30,Financials,0.161
Ranked long-short | Ridge,2025-11-30,Health Care,0.008
Ranked long-short | Ridge,2025-11-30,Industrials,-0.08600000000000001
Ranked long-short | Ridge,2025-11-30,Information Technology,-0.126
Ranked long-short | Ridge,2025-11-30,Materials,0.005999999999999998
Ranked long-short | Ridge,2025-12-31,Consumer Discretionary,-0.06
Ranked long-short | Ridge,2025-12-31,Energy,-0.017999999999999995
Ranked long-short | Ridge,2025-12-31,Financials,0.156
Ranked long-short | Ridge,2025-12-31,Health Care,0.05500000000000001
Ranked long-short | Ridge,2025-12-31,Industrials,-0.08700000000000001
Ranked long-short | Ridge,2025-12-31,Information Technology,-0.05700000000000002
Ranked long-short | Ridge,2025-12-31,Materials,0.011000000000000003
Ranked long-short | Ridge,2026-01-31,Consumer Discretionary,-0.04100000000000001
Ranked long-short | Ridge,2026-01-31,Energy,0.007999999999999997
Ranked long-short | Ridge,2026-01-31,Financials,0.161
Ranked long-short | Ridge,2026-01-31,Health Care,0.04000000000000001
Ranked long-short | Ridge,2026-01-31,Industrials,-0.07400000000000001
Ranked long-short | Ridge,2026-01-31,Information Technology,-0.116
Ranked long-short | Ridge,2026-01-31,Materials,0.022000000000000002
Ranked long-short | Ridge,2026-02-28,Consumer Discretionary,-0.037000000000000005
Ranked long-short | Ridge,2026-02-28,Energy,0.007999999999999997
Ranked long-short | Ridge,2026-02-28,Financials,0.15100000000000002
Ranked long-short | Ridge,2026-02-28,Health Care,0.036000000000000004
Ranked long-short | Ridge,2026-02-28,Industrials,-0.07
Ranked long-short | Ridge,2026-02-28,Information Technology,-0.11300000000000002
Ranked long-short | Ridge,2026-02-28,Materials,0.025
Ranked long-short | Ridge,2026-03-31,Consumer Discretionary,-0.007000000000000013
Ranked long-short | Ridge,2026-03-31,Energy,0.049999999999999996
Ranked long-short | Ridge,2026-03-31,Financials,0.14900000000000002
Ranked long-short | Ridge,2026-03-31,Health Care,0.004000000000000002
Ranked long-short | Ridge,2026-03-31,Industrials,-0.07999999999999999
Ranked long-short | Ridge,2026-03-31,Information Technology,-0.137
Ranked long-short | Ridge,2026-03-31,Materials,0.021
Ranked long-short | Ridge,2026-04-30,Consumer Discretionary,-0.03900000000000001
Ranked long-short | Ridge,2026-04-30,Energy,0.012000000000000004
Ranked long-short | Ridge,2026-04-30,Financials,0.14300000000000002
Ranked long-short | Ridge,2026-04-30,Health Care,0.036000000000000004
Ranked long-short | Ridge,2026-04-30,Industrials,-0.102
Ranked long-short | Ridge,2026-04-30,Information Technology,-0.08099999999999999
Ranked long-short | Ridge,2026-04-30,Materials,0.031
Ranked long-short | Ridge,2026-05-31,Consumer Discretionary,-0.038000000000000006
Ranked long-short | Ridge,2026-05-31,Energy,-0.0010000000000000009
Ranked long-short | Ridge,2026-05-31,Financials,0.14300000000000002
Ranked long-short | Ridge,2026-05-31,Health Care,0.024000000000000004
Ranked long-short | Ridge,2026-05-31,Industrials,-0.102
Ranked long-short | Ridge,2026-05-31,Information Technology,-0.05799999999999999
Ranked long-short | Ridge,2026-05-31,Materials,0.032
Ranked long-short | Ridge,2026-06-30,Consumer Discretionary,0.03
Ranked long-short | Ridge,2026-06-30,Energy,0.018999999999999996
Ranked long-short | Ridge,2026-06-30,Financials,0.137
Ranked long-short | Ridge,2026-06-30,Health Care,-0.006999999999999999
Ranked long-short | Ridge,2026-06-30,Industrials,-0.07900000000000001
Ranked long-short | Ridge,2026-06-30,Information Technology,-0.125
Ranked long-short | Ridge,2026-06-30,Materials,0.025
Ranked long-short | Ridge,2026-07-31,Consumer Discretionary,-0.020000000000000004
Ranked long-short | Ridge,2026-07-31,Energy,-0.024000000000000004
Ranked long-short | Ridge,2026-07-31,Financials,0.125
Ranked long-short | Ridge,2026-07-31,Health Care,0.022000000000000002
Ranked long-short | Ridge,2026-07-31,Industrials,-0.08700000000000001
Ranked long-short | Ridge,2026-07-31,Information Technology,-0.04
Ranked long-short | Ridge,2026-07-31,Materials,0.024
Ranked long-short | Ridge,2026-08-31,Consumer Discretionary,0.061
Ranked long-short | Ridge,2026-08-31,Energy,0.012999999999999994
Ranked long-short | Ridge,2026-08-31,Financials,0.14300000000000002
Ranked long-short | Ridge,2026-08-31,Health Care,-0.016
Ranked long-short | Ridge,2026-08-31,Industrials,-0.078
Ranked long-short | Ridge,2026-08-31,Information Technology,-0.138
Ranked long-short | Ridge,2026-08-31,Materials,0.015000000000000001
Ranked long-short | Elastic Net,2024-12-31,Consumer Discretionary,0.040999999999999995
Ranked long-short | Elastic Net,2024-12-31,Energy,0.054000000000000006
Ranked long-short | Elastic Net,2024-12-31,Financials,0.153
Ranked long-short | Elastic Net,2024-12-31,Health Care,-0.020999999999999998
Ranked long-short | Elastic Net,2024-12-31,Industrials,-0.077
Ranked long-short | Elastic Net,2024-12-31,Information Technology,-0.17900000000000002
Ranked long-short | Elastic Net,2024-12-31,Materials,0.028999999999999998
Ranked long-short | Elastic Net,2025-01-31,Consumer Discretionary,0.037000000000000005
Ranked long-short | Elastic Net,2025-01-31,Energy,0.023
Ranked long-short | Elastic Net,2025-01-31,Financials,0.134
Ranked long-short | Elastic Net,2025-01-31,Health Care,-0.027999999999999997
Ranked long-short | Elastic Net,2025-01-31,Industrials,-0.049
Ranked long-short | Elastic Net,2025-01-31,Information Technology,-0.104
Ranked long-short | Elastic Net,2025-01-31,Materials,-0.012999999999999998
Ranked long-short | Elastic Net,2025-02-28,Consumer Discretionary,0.045
Ranked long-short | Elastic Net,2025-02-28,Energy,0.037
Ranked long-short | Elastic Net,2025-02-28,Financials,0.159
Ranked long-short | Elastic Net,2025-02-28,Health Care,-0.014999999999999996
Ranked long-short | Elastic Net,2025-02-28,Industrials,-0.08199999999999999
Ranked long-short | Elastic Net,2025-02-28,Information Technology,-0.166
Ranked long-short | Elastic Net,2025-02-28,Materials,0.022
Ranked long-short | Elastic Net,2025-03-31,Consumer Discretionary,0.033
Ranked long-short | Elastic Net,2025-03-31,Energy,0.016999999999999998
Ranked long-short | Elastic Net,2025-03-31,Financials,0.159
Ranked long-short | Elastic Net,2025-03-31,Health Care,-0.018999999999999996
Ranked long-short | Elastic Net,2025-03-31,Industrials,-0.07499999999999998
Ranked long-short | Elastic Net,2025-03-31,Information Technology,-0.139
Ranked long-short | Elastic Net,2025-03-31,Materials,0.024
Ranked long-short | Elastic Net,2025-04-30,Consumer Discretionary,0.033
Ranked long-short | Elastic Net,2025-04-30,Energy,0.0030000000000000027
Ranked long-short | Elastic Net,2025-04-30,Financials,0.154
Ranked long-short | Elastic Net,2025-04-30,Health Care,-0.009999999999999997
Ranked long-short | Elastic Net,2025-04-30,Industrials,-0.081
Ranked long-short | Elastic Net,2025-04-30,Information Technology,-0.122
Ranked long-short | Elastic Net,2025-04-30,Materials,0.023
Ranked long-short | Elastic Net,2025-05-31,Consumer Discretionary,-0.026000000000000002
Ranked long-short | Elastic Net,2025-05-31,Energy,-0.07
Ranked long-short | Elastic Net,2025-05-31,Financials,0.157
Ranked long-short | Elastic Net,2025-05-31,Health Care,0.043000000000000003
Ranked long-short | Elastic Net,2025-05-31,Industrials,-0.051000000000000004
Ranked long-short | Elastic Net,2025-05-31,Information Technology,-0.037
Ranked long-short | Elastic Net,2025-05-31,Materials,-0.016
Ranked long-short | Elastic Net,2025-06-30,Consumer Discretionary,-0.017
Ranked long-short | Elastic Net,2025-06-30,Energy,-0.028000000000000008
Ranked long-short | Elastic Net,2025-06-30,Financials,0.169
Ranked long-short | Elastic Net,2025-06-30,Health Care,0.04000000000000001
Ranked long-short | Elastic Net,2025-06-30,Industrials,-0.036000000000000004
Ranked long-short | Elastic Net,2025-06-30,Information Technology,-0.104
Ranked long-short | Elastic Net,2025-06-30,Materials,-0.024
Ranked long-short | Elastic Net,2025-07-31,Consumer Discretionary,6.938893903907228e-18
Ranked long-short | Elastic Net,2025-07-31,Energy,0.015999999999999997
Ranked long-short | Elastic Net,2025-07-31,Financials,0.174
Ranked long-short | Elastic Net,2025-07-31,Health Care,0.004
Ranked long-short | Elastic Net,2025-07-31,Industrials,-0.068
Ranked long-short | Elastic Net,2025-07-31,Information Technology,-0.117
Ranked long-short | Elastic Net,2025-07-31,Materials,-0.008999999999999994
Ranked long-short | Elastic Net,2025-08-31,Consumer Discretionary,0.003999999999999993
Ranked long-short | Elastic Net,2025-08-31,Energy,-0.05
Ranked long-short | Elastic Net,2025-08-31,Financials,0.17400000000000002
Ranked long-short | Elastic Net,2025-08-31,Health Care,0.035
Ranked long-short | Elastic Net,2025-08-31,Industrials,-0.089
Ranked long-short | Elastic Net,2025-08-31,Information Technology,-0.049
Ranked long-short | Elastic Net,2025-08-31,Materials,-0.025
Ranked long-short | Elastic Net,2025-09-30,Consumer Discretionary,-0.03400000000000001
Ranked long-short | Elastic Net,2025-09-30,Energy,-0.014000000000000005
Ranked long-short | Elastic Net,2025-09-30,Financials,0.157
Ranked long-short | Elastic Net,2025-09-30,Health Care,0.038000000000000006
Ranked long-short | Elastic Net,2025-09-30,Industrials,-0.09599999999999999
Ranked long-short | Elastic Net,2025-09-30,Information Technology,-0.061999999999999986
Ranked long-short | Elastic Net,2025-09-30,Materials,0.011
Ranked long-short | Elastic Net,2025-10-31,Consumer Discretionary,-0.008999999999999994
Ranked long-short | Elastic Net,2025-10-31,Energy,0.026
Ranked long-short | Elastic Net,2025-10-31,Financials,0.138
Ranked long-short | Elastic Net,2025-10-31,Health Care,0.012999999999999998
Ranked long-short | Elastic Net,2025-10-31,Industrials,-0.082
Ranked long-short | Elastic Net,2025-10-31,Information Technology,-0.099
Ranked long-short | Elastic Net,2025-10-31,Materials,0.012999999999999998
Ranked long-short | Elastic Net,2025-11-30,Consumer Discretionary,-0.0010000000000000078
Ranked long-short | Elastic Net,2025-11-30,Energy,0.038
Ranked long-short | Elastic Net,2025-11-30,Financials,0.161
Ranked long-short | Elastic Net,2025-11-30,Health Care,0.008
Ranked long-short | Elastic Net,2025-11-30,Industrials,-0.08600000000000001
Ranked long-short | Elastic Net,2025-11-30,Information Technology,-0.126
Ranked long-short | Elastic Net,2025-11-30,Materials,0.005999999999999998
Ranked long-short | Elastic Net,2025-12-31,Consumer Discretionary,-0.03500000000000002
Ranked long-short | Elastic Net,2025-12-31,Energy,-0.0020000000000000018
Ranked long-short | Elastic Net,2025-12-31,Financials,0.159
Ranked long-short | Elastic Net,2025-12-31,Health Care,0.04000000000000001
Ranked long-short | Elastic Net,2025-12-31,Industrials,-0.088
Ranked long-short | Elastic Net,2025-12-31,Information Technology,-0.08800000000000001
Ranked long-short | Elastic Net,2025-12-31,Materials,0.014000000000000002
Ranked long-short | Elastic Net,2026-01-31,Consumer Discretionary,-0.04100000000000001
Ranked long-short | Elastic Net,2026-01-31,Energy,0.007999999999999997
Ranked long-short | Elastic Net,2026-01-31,Financials,0.161
Ranked long-short | Elastic Net,2026-01-31,Health Care,0.04000000000000001
Ranked long-short | Elastic Net,2026-01-31,Industrials,-0.07400000000000001
Ranked long-short | Elastic Net,2026-01-31,Information Technology,-0.116
Ranked long-short | Elastic Net,2026-01-31,Materials,0.022000000000000002
Ranked long-short | Elastic Net,2026-02-28,Consumer Discretionary,-0.037000000000000005
Ranked long-short | Elastic Net,2026-02-28,Energy,0.007999999999999997
Ranked long-short | Elastic Net,2026-02-28,Financials,0.15100000000000002
Ranked long-short | Elastic Net,2026-02-28,Health Care,0.036000000000000004
Ranked long-short | Elastic Net,2026-02-28,Industrials,-0.07
Ranked long-short | Elastic Net,2026-02-28,Information Technology,-0.11300000000000002
Ranked long-short | Elastic Net,2026-02-28,Materials,0.025
Ranked long-short | Elastic Net,2026-03-31,Consumer Discretionary,-0.007000000000000013
Ranked long-short | Elastic Net,2026-03-31,Energy,0.049999999999999996
Ranked long-short | Elastic Net,2026-03-31,Financials,0.14900000000000002
Ranked long-short | Elastic Net,2026-03-31,Health Care,0.004000000000000002
Ranked long-short | Elastic Net,2026-03-31,Industrials,-0.07999999999999999
Ranked long-short | Elastic Net,2026-03-31,Information Technology,-0.137
Ranked long-short | Elastic Net,2026-03-31,Materials,0.021
Ranked long-short | Elastic Net,2026-04-30,Consumer Discretionary,-0.03900000000000001
Ranked long-short | Elastic Net,2026-04-30,Energy,0.012000000000000004
Ranked long-short | Elastic Net,2026-04-30,Financials,0.14300000000000002
Ranked long-short | Elastic Net,2026-04-30,Health Care,0.036000000000000004
Ranked long-short | Elastic Net,2026-04-30,Industrials,-0.102
Ranked long-short | Elastic Net,2026-04-30,Information Technology,-0.08099999999999999
Ranked long-short | Elastic Net,2026-04-30,Materials,0.031
Ranked long-short | Elastic Net,2026-05-31,Consumer Discretionary,-0.038000000000000006
Ranked long-short | Elastic Net,2026-05-31,Energy,-0.0010000000000000009
Ranked long-short | Elastic Net,2026-05-31,Financials,0.14300000000000002
Ranked long-short | Elastic Net,2026-05-31,Health Care,0.024000000000000004
Ranked long-short | Elastic Net,2026-05-31,Industrials,-0.102
Ranked long-short | Elastic Net,2026-05-31,Information Technology,-0.05799999999999999
Ranked long-short | Elastic Net,2026-05-31,Materials,0.032
Ranked long-short | Elastic Net,2026-06-30,Consumer Discretionary,0.015000000000000006
Ranked long-short | Elastic Net,2026-06-30,Energy,0.026000000000000002
Ranked long-short | Elastic Net,2026-06-30,Financials,0.123
Ranked long-short | Elastic Net,2026-06-30,Health Care,-0.018
Ranked long-short | Elastic Net,2026-06-30,Industrials,-0.081
Ranked long-short | Elastic Net,2026-06-30,Information Technology,-0.095
Ranked long-short | Elastic Net,2026-06-30,Materials,0.03
Ranked long-short | Elastic Net,2026-07-31,Consumer Discretionary,-0.020000000000000004
Ranked long-short | Elastic Net,2026-07-31,Energy,-0.024000000000000004
Ranked long-short | Elastic Net,2026-07-31,Financials,0.125
Ranked long-short | Elastic Net,2026-07-31,Health Care,0.022000000000000002
Ranked long-short | Elastic Net,2026-07-31,Industrials,-0.08700000000000001
Ranked long-short | Elastic Net,2026-07-31,Information Technology,-0.04
Ranked long-short | Elastic Net,2026-07-31,Materials,0.024
Ranked long-short | Elastic Net,2026-08-31,Consumer Discretionary,0.061
Ranked long-short | Elastic Net,2026-08-31,Energy,0.012999999999999994
Ranked long-short | Elastic Net,2026-08-31,Financials,0.14300000000000002
Ranked long-short | Elastic Net,2026-08-31,Health Care,-0.016
Ranked long-short | Elastic Net,2026-08-31,Industrials,-0.078
Ranked long-short | Elastic Net,2026-08-31,Information Technology,-0.138
Ranked long-short | Elastic Net,2026-08-31,Materials,0.015000000000000001
Ranked long-short | KNN,2024-12-31,Consumer Discretionary,0.008
Ranked long-short | KNN,2024-12-31,Energy,0.03
Ranked long-short | KNN,2024-12-31,Financials,0.14100000000000001
Ranked long-short | KNN,2024-12-31,Health Care,-0.011999999999999997
Ranked long-short | KNN,2024-12-31,Industrials,-0.038
Ranked long-short | KNN,2024-12-31,Information Technology,-0.11900000000000002
Ranked long-short | KNN,2024-12-31,Materials,-0.009999999999999998
Ranked long-short | KNN,2025-01-31,Consumer Discretionary,0.047
Ranked long-short | KNN,2025-01-31,Energy,0.047
Ranked long-short | KNN,2025-01-31,Financials,0.149
Ranked long-short | KNN,2025-01-31,Health Care,-0.020999999999999998
Ranked long-short | KNN,2025-01-31,Industrials,-0.078
Ranked long-short | KNN,2025-01-31,Information Technology,-0.168
Ranked long-short | KNN,2025-01-31,Materials,0.024
Ranked long-short | KNN,2025-02-28,Consumer Discretionary,0.017
Ranked long-short | KNN,2025-02-28,Energy,-0.005000000000000003
Ranked long-short | KNN,2025-02-28,Financials,0.153
Ranked long-short | KNN,2025-02-28,Health Care,0.017000000000000005
Ranked long-short | KNN,2025-02-28,Industrials,-0.086
Ranked long-short | KNN,2025-02-28,Information Technology,-0.12
Ranked long-short | KNN,2025-02-28,Materials,0.024
Ranked long-short | KNN,2025-03-31,Consumer Discretionary,0.008999999999999998
Ranked long-short | KNN,2025-03-31,Energy,-0.025000000000000005
Ranked long-short | KNN,2025-03-31,Financials,0.153
Ranked long-short | KNN,2025-03-31,Health Care,0.013000000000000003
Ranked long-short | KNN,2025-03-31,Industrials,-0.08099999999999999
Ranked long-short | KNN,2025-03-31,Information Technology,-0.095
Ranked long-short | KNN,2025-03-31,Materials,0.026000000000000002
Ranked long-short | KNN,2025-04-30,Consumer Discretionary,0.005999999999999998
Ranked long-short | KNN,2025-04-30,Energy,-0.028000000000000004
Ranked long-short | KNN,2025-04-30,Financials,0.149
Ranked long-short | KNN,2025-04-30,Health Care,0.027000000000000003
Ranked long-short | KNN,2025-04-30,Industrials,-0.091
Ranked long-short | KNN,2025-04-30,Information Technology,-0.096
Ranked long-short | KNN,2025-04-30,Materials,0.032999999999999995
Ranked long-short | KNN,2025-05-31,Consumer Discretionary,-0.026000000000000002
Ranked long-short | KNN,2025-05-31,Energy,-0.07
Ranked long-short | KNN,2025-05-31,Financials,0.157
Ranked long-short | KNN,2025-05-31,Health Care,0.043000000000000003
Ranked long-short | KNN,2025-05-31,Industrials,-0.051000000000000004
Ranked long-short | KNN,2025-05-31,Information Technology,-0.037
Ranked long-short | KNN,2025-05-31,Materials,-0.016
Ranked long-short | KNN,2025-06-30,Consumer Discretionary,-0.030000000000000006
Ranked long-short | KNN,2025-06-30,Energy,-0.041
Ranked long-short | KNN,2025-06-30,Financials,0.162
Ranked long-short | KNN,2025-06-30,Health Care,0.05500000000000001
Ranked long-short | KNN,2025-06-30,Industrials,-0.065
Ranked long-short | KNN,2025-06-30,Information Technology,-0.08100000000000002
Ranked long-short | KNN,2025-06-30,Materials,3.469446951953614e-18
Ranked long-short | KNN,2025-07-31,Consumer Discretionary,-0.052
Ranked long-short | KNN,2025-07-31,Energy,-0.04700000000000001
Ranked long-short | KNN,2025-07-31,Financials,0.17099999999999999
Ranked long-short | KNN,2025-07-31,Health Care,0.045
Ranked long-short | KNN,2025-07-31,Industrials,-0.059000000000000004
Ranked long-short | KNN,2025-07-31,Information Technology,-0.026000000000000002
Ranked long-short | KNN,2025-07-31,Materials,-0.032
Ranked long-short | KNN,2025-08-31,Consumer Discretionary,0.017999999999999995
Ranked long-short | KNN,2025-08-31,Energy,0.013999999999999992
Ranked long-short | KNN,2025-08-31,Financials,0.171
Ranked long-short | KNN,2025-08-31,Health Care,0.008
Ranked long-short | KNN,2025-08-31,Industrials,-0.094
Ranked long-short | KNN,2025-08-31,Information Technology,-0.128
Ranked long-short | KNN,2025-08-31,Materials,0.011000000000000003
Ranked long-short | KNN,2025-09-30,Consumer Discretionary,-0.056
Ranked long-short | KNN,2025-09-30,Energy,-0.036000000000000004
Ranked long-short | KNN,2025-09-30,Financials,0.153
Ranked long-short | KNN,2025-09-30,Health Care,0.052000000000000005
Ranked long-short | KNN,2025-09-30,Industrials,-0.094
Ranked long-short | KNN,2025-09-30,Information Technology,-0.018000000000000006
Ranked long-short | KNN,2025-09-30,Materials,-0.0009999999999999974
Ranked long-short | KNN,2025-10-31,Consumer Discretionary,-0.042
Ranked long-short | KNN,2025-10-31,Energy,-0.037
Ranked long-short | KNN,2025-10-31,Financials,0.129
Ranked long-short | KNN,2025-10-31,Health Care,0.057999999999999996
Ranked long-short | KNN,2025-10-31,Industrials,-0.08800000000000001
Ranked long-short | KNN,2025-10-31,Information Technology,-0.030000000000000013
Ranked long-short | KNN,2025-10-31,Materials,0.010000000000000002
Ranked long-short | KNN,2025-11-30,Consumer Discretionary,-0.0010000000000000078
Ranked long-short | KNN,2025-11-30,Energy,0.038
Ranked long-short | KNN,2025-11-30,Financials,0.161
Ranked long-short | KNN,2025-11-30,Health Care,0.008
Ranked long-short | KNN,2025-11-30,Industrials,-0.08600000000000001
Ranked long-short | KNN,2025-11-30,Information Technology,-0.126
Ranked long-short | KNN,2025-11-30,Materials,0.005999999999999998
Ranked long-short | KNN,2025-12-31,Consumer Discretionary,-0.03500000000000002
Ranked long-short | KNN,2025-12-31,Energy,-0.0020000000000000018
Ranked long-short | KNN,2025-12-31,Financials,0.159
Ranked long-short | KNN,2025-12-31,Health Care,0.04000000000000001
Ranked long-short | KNN,2025-12-31,Industrials,-0.088
Ranked long-short | KNN,2025-12-31,Information Technology,-0.08800000000000001
Ranked long-short | KNN,2025-12-31,Materials,0.014000000000000002
Ranked long-short | KNN,2026-01-31,Consumer Discretionary,-0.04100000000000001
Ranked long-short | KNN,2026-01-31,Energy,0.007999999999999997
Ranked long-short | KNN,2026-01-31,Financials,0.161
Ranked long-short | KNN,2026-01-31,Health Care,0.04000000000000001
Ranked long-short | KNN,2026-01-31,Industrials,-0.07400000000000001
Ranked long-short | KNN,2026-01-31,Information Technology,-0.116
Ranked long-short | KNN,2026-01-31,Materials,0.022000000000000002
Ranked long-short | KNN,2026-02-28,Consumer Discretionary,-0.037000000000000005
Ranked long-short | KNN,2026-02-28,Energy,0.007999999999999997
Ranked long-short | KNN,2026-02-28,Financials,0.15100000000000002
Ranked long-short | KNN,2026-02-28,Health Care,0.036000000000000004
Ranked long-short | KNN,2026-02-28,Industrials,-0.07
Ranked long-short | KNN,2026-02-28,Information Technology,-0.11300000000000002
Ranked long-short | KNN,2026-02-28,Materials,0.025
Ranked long-short | KNN,2026-03-31,Consumer Discretionary,-0.04300000000000001
Ranked long-short | KNN,2026-03-31,Energy,0.017999999999999995
Ranked long-short | KNN,2026-03-31,Financials,0.14300000000000002
Ranked long-short | KNN,2026-03-31,Health Care,0.034
Ranked long-short | KNN,2026-03-31,Industrials,-0.088
Ranked long-short | KNN,2026-03-31,Information Technology,-0.093
Ranked long-short | KNN,2026-03-31,Materials,0.029
Ranked long-short | KNN,2026-04-30,Consumer Discretionary,-0.03900000000000001
Ranked long-short | KNN,2026-04-30,Energy,0.012000000000000004
Ranked long-short | KNN,2026-04-30,Financials,0.14300000000000002
Ranked long-short | KNN,2026-04-30,Health Care,0.036000000000000004
Ranked long-short | KNN,2026-04-30,Industrials,-0.102
Ranked long-short | KNN,2026-04-30,Information Technology,-0.08099999999999999
Ranked long-short | KNN,2026-04-30,Materials,0.031
Ranked long-short | KNN,2026-05-31,Consumer Discretionary,-6.938893903907228e-18
Ranked long-short | KNN,2026-05-31,Energy,0.028999999999999998
Ranked long-short | KNN,2026-05-31,Financials,0.14900000000000002
Ranked long-short | KNN,2026-05-31,Health Care,-0.0019999999999999983
Ranked long-short | KNN,2026-05-31,Industrials,-0.094
Ranked long-short | KNN,2026-05-31,Information Technology,-0.10800000000000001
Ranked long-short | KNN,2026-05-31,Materials,0.026000000000000002
Ranked long-short | KNN,2026-06-30,Consumer Discretionary,-0.065
Ranked long-short | KNN,2026-06-30,Energy,0.010000000000000002
Ranked long-short | KNN,2026-06-30,Financials,0.089
Ranked long-short | KNN,2026-06-30,Health Care,-0.011999999999999999
Ranked long-short | KNN,2026-06-30,Industrials,-0.095
Ranked long-short | KNN,2026-06-30,Information Technology,0.02900000000000001
Ranked long-short | KNN,2026-06-30,Materials,0.044
Ranked long-short | KNN,2026-07-31,Consumer Discretionary,0.016
Ranked long-short | KNN,2026-07-31,Energy,0.0049999999999999975
Ranked long-short | KNN,2026-07-31,Financials,0.114
Ranked long-short | KNN,2026-07-31,Health Care,-0.017
Ranked long-short | KNN,2026-07-31,Industrials,-0.078
Ranked long-short | KNN,2026-07-31,Information Technology,-0.063
Ranked long-short | KNN,2026-07-31,Materials,0.023
Ranked long-short | KNN,2026-08-31,Consumer Discretionary,-0.040999999999999995
Ranked long-short | KNN,2026-08-31,Energy,-0.006000000000000005
Ranked long-short | KNN,2026-08-31,Financials,0.123
Ranked long-short | KNN,2026-08-31,Health Care,0.016
Ranked long-short | KNN,2026-08-31,Industrials,-0.08900000000000001
Ranked long-short | KNN,2026-08-31,Information Technology,-0.024000000000000025
Ranked long-short | KNN,2026-08-31,Materials,0.021
Ranked long-short | SVR,2024-12-31,Consumer Discretionary,0.04400000000000001
Ranked long-short | SVR,2024-12-31,Energy,0.066
Ranked long-short | SVR,2024-12-31,Financials,0.152
Ranked long-short | SVR,2024-12-31,Health Care,-0.033999999999999996
Ranked long-short | SVR,2024-12-31,Industrials,-0.063
Ranked long-short | SVR,2024-12-31,Information Technology,-0.181
Ranked long-short | SVR,2024-12-31,Materials,0.016
Ranked long-short | SVR,2025-01-31,Consumer Discretionary,0.011
Ranked long-short | SVR,2025-01-31,Energy,-0.01
Ranked long-short | SVR,2025-01-31,Financials,0.137
Ranked long-short | SVR,2025-01-31,Health Care,0.014000000000000004
Ranked long-short | SVR,2025-01-31,Industrials,-0.07300000000000001
Ranked long-short | SVR,2025-01-31,Information Technology,-0.093
Ranked long-short | SVR,2025-01-31,Materials,0.013999999999999999
Ranked long-short | SVR,2025-02-28,Consumer Discretionary,0.045
Ranked long-short | SVR,2025-02-28,Energy,0.037
Ranked long-short | SVR,2025-02-28,Financials,0.159
Ranked long-short | SVR,2025-02-28,Health Care,-0.014999999999999996
Ranked long-short | SVR,2025-02-28,Industrials,-0.08199999999999999
Ranked long-short | SVR,2025-02-28,Information Technology,-0.166
Ranked long-short | SVR,2025-02-28,Materials,0.022
Ranked long-short | SVR,2025-03-31,Consumer Discretionary,0.037000000000000005
Ranked long-short | SVR,2025-03-31,Energy,0.008000000000000004
Ranked long-short | SVR,2025-03-31,Financials,0.161
Ranked long-short | SVR,2025-03-31,Health Care,-0.031
Ranked long-short | SVR,2025-03-31,Industrials,-0.065
Ranked long-short | SVR,2025-03-31,Information Technology,-0.121
Ranked long-short | SVR,2025-03-31,Materials,0.011000000000000003
Ranked long-short | SVR,2025-04-30,Consumer Discretionary,-0.003999999999999993
Ranked long-short | SVR,2025-04-30,Energy,-0.07500000000000001
Ranked long-short | SVR,2025-04-30,Financials,0.157
Ranked long-short | SVR,2025-04-30,Health Care,0.028000000000000004
Ranked long-short | SVR,2025-04-30,Industrials,-0.068
Ranked long-short | SVR,2025-04-30,Information Technology,-0.027000000000000003
Ranked long-short | SVR,2025-04-30,Materials,-0.011000000000000003
Ranked long-short | SVR,2025-05-31,Consumer Discretionary,-0.026000000000000002
Ranked long-short | SVR,2025-05-31,Energy,-0.07
Ranked long-short | SVR,2025-05-31,Financials,0.157
Ranked long-short | SVR,2025-05-31,Health Care,0.043000000000000003
Ranked long-short | SVR,2025-05-31,Industrials,-0.051000000000000004
Ranked long-short | SVR,2025-05-31,Information Technology,-0.037
Ranked long-short | SVR,2025-05-31,Materials,-0.016
Ranked long-short | SVR,2025-06-30,Consumer Discretionary,-0.017
Ranked long-short | SVR,2025-06-30,Energy,-0.028000000000000008
Ranked long-short | SVR,2025-06-30,Financials,0.169
Ranked long-short | SVR,2025-06-30,Health Care,0.04000000000000001
Ranked long-short | SVR,2025-06-30,Industrials,-0.036000000000000004
Ranked long-short | SVR,2025-06-30,Information Technology,-0.104
Ranked long-short | SVR,2025-06-30,Materials,-0.024
Ranked long-short | SVR,2025-07-31,Consumer Discretionary,6.938893903907228e-18
Ranked long-short | SVR,2025-07-31,Energy,0.015999999999999997
Ranked long-short | SVR,2025-07-31,Financials,0.174
Ranked long-short | SVR,2025-07-31,Health Care,0.004
Ranked long-short | SVR,2025-07-31,Industrials,-0.068
Ranked long-short | SVR,2025-07-31,Information Technology,-0.117
Ranked long-short | SVR,2025-07-31,Materials,-0.008999999999999994
Ranked long-short | SVR,2025-08-31,Consumer Discretionary,-0.017000000000000005
Ranked long-short | SVR,2025-08-31,Energy,-0.054000000000000006
Ranked long-short | SVR,2025-08-31,Financials,0.165
Ranked long-short | SVR,2025-08-31,Health Care,0.052000000000000005
Ranked long-short | SVR,2025-08-31,Industrials,-0.097
Ranked long-short | SVR,2025-08-31,Information Technology,-0.048000000000000015
Ranked long-short | SVR,2025-08-31,Materials,-0.0009999999999999974
Ranked long-short | SVR,2025-09-30,Consumer Discretionary,-0.074
Ranked long-short | SVR,2025-09-30,Energy,-0.04
Ranked long-short | SVR,2025-09-30,Financials,0.151
Ranked long-short | SVR,2025-09-30,Health Care,0.05
Ranked long-short | SVR,2025-09-30,Industrials,-0.08600000000000001
Ranked long-short | SVR,2025-09-30,Information Technology,0.023999999999999987
Ranked long-short | SVR,2025-09-30,Materials,-0.025
Ranked long-short | SVR,2025-10-31,Consumer Discretionary,-0.037
Ranked long-short | SVR,2025-10-31,Energy,-0.022000000000000002
Ranked long-short | SVR,2025-10-31,Financials,0.11399999999999999
Ranked long-short | SVR,2025-10-31,Health Care,0.045
Ranked long-short | SVR,2025-10-31,Industrials,-0.07400000000000001
Ranked long-short | SVR,2025-10-31,Information Technology,-0.019000000000000003
Ranked long-short | SVR,2025-10-31,Materials,-0.006999999999999999
Ranked long-short | SVR,2025-11-30,Consumer Discretionary,-0.008999999999999994
Ranked long-short | SVR,2025-11-30,Energy,0.041999999999999996
Ranked long-short | SVR,2025-11-30,Financials,0.159
Ranked long-short | SVR,2025-11-30,Health Care,0.006999999999999999
Ranked long-short | SVR,2025-11-30,Industrials,-0.079
Ranked long-short | SVR,2025-11-30,Information Technology,-0.114
Ranked long-short | SVR,2025-11-30,Materials,-0.005999999999999998
Ranked long-short | SVR,2025-12-31,Consumer Discretionary,-0.03500000000000002
Ranked long-short | SVR,2025-12-31,Energy,-0.0020000000000000018
Ranked long-short | SVR,2025-12-31,Financials,0.159
Ranked long-short | SVR,2025-12-31,Health Care,0.04000000000000001
Ranked long-short | SVR,2025-12-31,Industrials,-0.088
Ranked long-short | SVR,2025-12-31,Information Technology,-0.08800000000000001
Ranked long-short | SVR,2025-12-31,Materials,0.014000000000000002
Ranked long-short | SVR,2026-01-31,Consumer Discretionary,-0.009000000000000001
Ranked long-short | SVR,2026-01-31,Energy,0.039999999999999994
Ranked long-short | SVR,2026-01-31,Financials,0.167
Ranked long-short | SVR,2026-01-31,Health Care,0.014000000000000004
Ranked long-short | SVR,2026-01-31,Industrials,-0.062000000000000006
Ranked long-short | SVR,2026-01-31,Information Technology,-0.16600000000000004
Ranked long-short | SVR,2026-01-31,Materials,0.016
Ranked long-short | SVR,2026-02-28,Consumer Discretionary,-0.037000000000000005
Ranked long-short | SVR,2026-02-28,Energy,0.007999999999999997
Ranked long-short | SVR,2026-02-28,Financials,0.15100000000000002
Ranked long-short | SVR,2026-02-28,Health Care,0.036000000000000004
Ranked long-short | SVR,2026-02-28,Industrials,-0.07
Ranked long-short | SVR,2026-02-28,Information Technology,-0.11300000000000002
Ranked long-short | SVR,2026-02-28,Materials,0.025
Ranked long-short | SVR,2026-03-31,Consumer Discretionary,-0.04300000000000001
Ranked long-short | SVR,2026-03-31,Energy,0.017999999999999995
Ranked long-short | SVR,2026-03-31,Financials,0.14300000000000002
Ranked long-short | SVR,2026-03-31,Health Care,0.034
Ranked long-short | SVR,2026-03-31,Industrials,-0.088
Ranked long-short | SVR,2026-03-31,Information Technology,-0.093
Ranked long-short | SVR,2026-03-31,Materials,0.029
Ranked long-short | SVR,2026-04-30,Consumer Discretionary,-0.03900000000000001
Ranked long-short | SVR,2026-04-30,Energy,0.012000000000000004
Ranked long-short | SVR,2026-04-30,Financials,0.14300000000000002
Ranked long-short | SVR,2026-04-30,Health Care,0.036000000000000004
Ranked long-short | SVR,2026-04-30,Industrials,-0.102
Ranked long-short | SVR,2026-04-30,Information Technology,-0.08099999999999999
Ranked long-short | SVR,2026-04-30,Materials,0.031
Ranked long-short | SVR,2026-05-31,Consumer Discretionary,-0.019999999999999993
Ranked long-short | SVR,2026-05-31,Energy,0.041
Ranked long-short | SVR,2026-05-31,Financials,0.14100000000000001
Ranked long-short | SVR,2026-05-31,Health Care,-0.012999999999999998
Ranked long-short | SVR,2026-05-31,Industrials,-0.096
Ranked long-short | SVR,2026-05-31,Information Technology,-0.082
Ranked long-short | SVR,2026-05-31,Materials,0.029
Ranked long-short | SVR,2026-06-30,Consumer Discretionary,-0.065
Ranked long-short | SVR,2026-06-30,Energy,0.010000000000000002
Ranked long-short | SVR,2026-06-30,Financials,0.089
Ranked long-short | SVR,2026-06-30,Health Care,-0.011999999999999999
Ranked long-short | SVR,2026-06-30,Industrials,-0.095
Ranked long-short | SVR,2026-06-30,Information Technology,0.02900000000000001
Ranked long-short | SVR,2026-06-30,Materials,0.044
Ranked long-short | SVR,2026-07-31,Consumer Discretionary,-0.101
Ranked long-short | SVR,2026-07-31,Energy,-0.021
Ranked long-short | SVR,2026-07-31,Financials,0.07100000000000001
Ranked long-short | SVR,2026-07-31,Health Care,0.01
Ranked long-short | SVR,2026-07-31,Industrials,-0.095
Ranked long-short | SVR,2026-07-31,Information Technology,0.108
Ranked long-short | SVR,2026-07-31,Materials,0.028
Ranked long-short | SVR,2026-08-31,Consumer Discretionary,-0.040999999999999995
Ranked long-short | SVR,2026-08-31,Energy,-0.006000000000000005
Ranked long-short | SVR,2026-08-31,Financials,0.123
Ranked long-short | SVR,2026-08-31,Health Care,0.016
Ranked long-short | SVR,2026-08-31,Industrials,-0.08900000000000001
Ranked long-short | SVR,2026-08-31,Information Technology,-0.024000000000000025
Ranked long-short | SVR,2026-08-31,Materials,0.021
Ranked long-short | Random Forest,2024-12-31,Consumer Discretionary,0.008
Ranked long-short | Random Forest,2024-12-31,Energy,0.03
Ranked long-short | Random Forest,2024-12-31,Financials,0.14100000000000001
Ranked long-short | Random Forest,2024-12-31,Health Care,-0.011999999999999997
Ranked long-short | Random Forest,2024-12-31,Industrials,-0.038
Ranked long-short | Random Forest,2024-12-31,Information Technology,-0.11900000000000002
Ranked long-short | Random Forest,2024-12-31,Materials,-0.009999999999999998
Ranked long-short | Random Forest,2025-01-31,Consumer Discretionary,0.023
Ranked long-short | Random Forest,2025-01-31,Energy,0.0020000000000000018
Ranked long-short | Random Forest,2025-01-31,Financials,0.131
Ranked long-short | Random Forest,2025-01-31,Health Care,-0.011999999999999997
Ranked long-short | Random Forest,2025-01-31,Industrials,-0.051000000000000004
Ranked long-short | Random Forest,2025-01-31,Information Technology,-0.08100000000000002
Ranked long-short | Random Forest,2025-01-31,Materials,-0.011999999999999997
Ranked long-short | Random Forest,2025-02-28,Consumer Discretionary,0.045
Ranked long-short | Random Forest,2025-02-28,Energy,0.037
Ranked long-short | Random Forest,2025-02-28,Financials,0.159
Ranked long-short | Random Forest,2025-02-28,Health Care,-0.014999999999999996
Ranked long-short | Random Forest,2025-02-28,Industrials,-0.08199999999999999
Ranked long-short | Random Forest,2025-02-28,Information Technology,-0.166
Ranked long-short | Random Forest,2025-02-28,Materials,0.022
Ranked long-short | Random Forest,2025-03-31,Consumer Discretionary,0.033
Ranked long-short | Random Forest,2025-03-31,Energy,0.016999999999999998
Ranked long-short | Random Forest,2025-03-31,Financials,0.159
Ranked long-short | Random Forest,2025-03-31,Health Care,-0.018999999999999996
Ranked long-short | Random Forest,2025-03-31,Industrials,-0.07499999999999998
Ranked long-short | Random Forest,2025-03-31,Information Technology,-0.139
Ranked long-short | Random Forest,2025-03-31,Materials,0.024
Ranked long-short | Random Forest,2025-04-30,Consumer Discretionary,0.032
Ranked long-short | Random Forest,2025-04-30,Energy,0.011999999999999997
Ranked long-short | Random Forest,2025-04-30,Financials,0.151
Ranked long-short | Random Forest,2025-04-30,Health Care,-0.004999999999999996
Ranked long-short | Random Forest,2025-04-30,Industrials,-0.089
Ranked long-short | Random Forest,2025-04-30,Information Technology,-0.138
Ranked long-short | Random Forest,2025-04-30,Materials,0.037
Ranked long-short | Random Forest,2025-05-31,Consumer Discretionary,-0.026000000000000002
Ranked long-short | Random Forest,2025-05-31,Energy,-0.07
Ranked long-short | Random Forest,2025-05-31,Financials,0.157
Ranked long-short | Random Forest,2025-05-31,Health Care,0.043000000000000003
Ranked long-short | Random Forest,2025-05-31,Industrials,-0.051000000000000004
Ranked long-short | Random Forest,2025-05-31,Information Technology,-0.037
Ranked long-short | Random Forest,2025-05-31,Materials,-0.016
Ranked long-short | Random Forest,2025-06-30,Consumer Discretionary,-0.027999999999999997
Ranked long-short | Random Forest,2025-06-30,Energy,-0.04700000000000001
Ranked long-short | Random Forest,2025-06-30,Financials,0.166
Ranked long-short | Random Forest,2025-06-30,Health Care,0.05500000000000001
Ranked long-short | Random Forest,2025-06-30,Industrials,-0.03900000000000001
Ranked long-short | Random Forest,2025-06-30,Information Technology,-0.081
Ranked long-short | Random Forest,2025-06-30,Materials,-0.026
Ranked long-short | Random Forest,2025-07-31,Consumer Discretionary,0.005000000000000001
Ranked long-short | Random Forest,2025-07-31,Energy,0.018999999999999993
Ranked long-short | Random Forest,2025-07-31,Financials,0.171
Ranked long-short | Random Forest,2025-07-31,Health Care,0.006000000000000002
Ranked long-short | Random Forest,2025-07-31,Industrials,-0.077
Ranked long-short | Random Forest,2025-07-31,Information Technology,-0.128
Ranked long-short | Random Forest,2025-07-31,Materials,0.003999999999999997
Ranked long-short | Random Forest,2025-08-31,Consumer Discretionary,-0.00800000000000001
Ranked long-short | Random Forest,2025-08-31,Energy,-0.02600000000000001
Ranked long-short | Random Forest,2025-08-31,Financials,0.165
Ranked long-short | Random Forest,2025-08-31,Health Care,0.038000000000000006
Ranked long-short | Random Forest,2025-08-31,Industrials,-0.098
Ranked long-short | Random Forest,2025-08-31,Information Technology,-0.08199999999999999
Ranked long-short | Random Forest,2025-08-31,Materials,0.011
Ranked long-short | Random Forest,2025-09-30,Consumer Discretionary,-0.03400000000000001
Ranked long-short | Random Forest,2025-09-30,Energy,-0.014000000000000005
Ranked long-short | Random Forest,2025-09-30,Financials,0.157
Ranked long-short | Random Forest,2025-09-30,Health Care,0.038000000000000006
Ranked long-short | Random Forest,2025-09-30,Industrials,-0.09599999999999999
Ranked long-short | Random Forest,2025-09-30,Information Technology,-0.061999999999999986
Ranked long-short | Random Forest,2025-09-30,Materials,0.011
Ranked long-short | Random Forest,2025-10-31,Consumer Discretionary,-0.027999999999999997
Ranked long-short | Random Forest,2025-10-31,Energy,-0.013000000000000005
Ranked long-short | Random Forest,2025-10-31,Financials,0.141
Ranked long-short | Random Forest,2025-10-31,Health Care,0.04200000000000001
Ranked long-short | Random Forest,2025-10-31,Industrials,-0.092
Ranked long-short | Random Forest,2025-10-31,Information Technology,-0.06999999999999999
Ranked long-short | Random Forest,2025-10-31,Materials,0.019999999999999997
Ranked long-short | Random Forest,2025-11-30,Consumer Discretionary,-0.0010000000000000078
Ranked long-short | Random Forest,2025-11-30,Energy,0.038
Ranked long-short | Random Forest,2025-11-30,Financials,0.161
Ranked long-short | Random Forest,2025-11-30,Health Care,0.008
Ranked long-short | Random Forest,2025-11-30,Industrials,-0.08600000000000001
Ranked long-short | Random Forest,2025-11-30,Information Technology,-0.126
Ranked long-short | Random Forest,2025-11-30,Materials,0.005999999999999998
Ranked long-short | Random Forest,2025-12-31,Consumer Discretionary,-0.08199999999999999
Ranked long-short | Random Forest,2025-12-31,Energy,-0.010000000000000002
Ranked long-short | Random Forest,2025-12-31,Financials,0.156
Ranked long-short | Random Forest,2025-12-31,Health Care,0.05500000000000001
Ranked long-short | Random Forest,2025-12-31,Industrials,-0.077
Ranked long-short | Random Forest,2025-12-31,Information Technology,-0.04100000000000002
Ranked long-short | Random Forest,2025-12-31,Materials,-0.0009999999999999992
Ranked long-short | Random Forest,2026-01-31,Consumer Discretionary,-0.04100000000000001
Ranked long-short | Random Forest,2026-01-31,Energy,0.007999999999999997
Ranked long-short | Random Forest,2026-01-31,Financials,0.161
Ranked long-short | Random Forest,2026-01-31,Health Care,0.04000000000000001
Ranked long-short | Random Forest,2026-01-31,Industrials,-0.07400000000000001
Ranked long-short | Random Forest,2026-01-31,Information Technology,-0.116
Ranked long-short | Random Forest,2026-01-31,Materials,0.022000000000000002
Ranked long-short | Random Forest,2026-02-28,Consumer Discretionary,-0.005000000000000006
Ranked long-short | Random Forest,2026-02-28,Energy,0.039999999999999994
Ranked long-short | Random Forest,2026-02-28,Financials,0.15700000000000003
Ranked long-short | Random Forest,2026-02-28,Health Care,0.010000000000000004
Ranked long-short | Random Forest,2026-02-28,Industrials,-0.058
Ranked long-short | Random Forest,2026-02-28,Information Technology,-0.161
Ranked long-short | Random Forest,2026-02-28,Materials,0.017
Ranked long-short | Random Forest,2026-03-31,Consumer Discretionary,-0.04300000000000001
Ranked long-short | Random Forest,2026-03-31,Energy,0.017999999999999995
Ranked long-short | Random Forest,2026-03-31,Financials,0.14300000000000002
Ranked long-short | Random Forest,2026-03-31,Health Care,0.034
Ranked long-short | Random Forest,2026-03-31,Industrials,-0.088
Ranked long-short | Random Forest,2026-03-31,Information Technology,-0.093
Ranked long-short | Random Forest,2026-03-31,Materials,0.029
Ranked long-short | Random Forest,2026-04-30,Consumer Discretionary,-0.03900000000000001
Ranked long-short | Random Forest,2026-04-30,Energy,0.012000000000000004
Ranked long-short | Random Forest,2026-04-30,Financials,0.14300000000000002
Ranked long-short | Random Forest,2026-04-30,Health Care,0.036000000000000004
Ranked long-short | Random Forest,2026-04-30,Industrials,-0.102
Ranked long-short | Random Forest,2026-04-30,Information Technology,-0.08099999999999999
Ranked long-short | Random Forest,2026-04-30,Materials,0.031
Ranked long-short | Random Forest,2026-05-31,Consumer Discretionary,-0.11699999999999999
Ranked long-short | Random Forest,2026-05-31,Energy,0.019999999999999997
Ranked long-short | Random Forest,2026-05-31,Financials,0.11599999999999999
Ranked long-short | Random Forest,2026-05-31,Health Care,0.004
Ranked long-short | Random Forest,2026-05-31,Industrials,-0.11200000000000002
Ranked long-short | Random Forest,2026-05-31,Information Technology,0.04499999999999999
Ranked long-short | Random Forest,2026-05-31,Materials,0.044000000000000004
Ranked long-short | Random Forest,2026-06-30,Consumer Discretionary,-0.09
Ranked long-short | Random Forest,2026-06-30,Energy,-0.0050000000000000044
Ranked long-short | Random Forest,2026-06-30,Financials,0.086
Ranked long-short | Random Forest,2026-06-30,Health Care,0.002
Ranked long-short | Random Forest,2026-06-30,Industrials,-0.1
Ranked long-short | Random Forest,2026-06-30,Information Technology,0.060999999999999985
Ranked long-short | Random Forest,2026-06-30,Materials,0.046
Ranked long-short | Random Forest,2026-07-31,Consumer Discretionary,0.034
Ranked long-short | Random Forest,2026-07-31,Energy,6.938893903907228e-18
Ranked long-short | Random Forest,2026-07-31,Financials,0.131
Ranked long-short | Random Forest,2026-07-31,Health Care,-0.008
Ranked long-short | Random Forest,2026-07-31,Industrials,-0.07700000000000001
Ranked long-short | Random Forest,2026-07-31,Information Technology,-0.10200000000000001
Ranked long-short | Random Forest,2026-07-31,Materials,0.022
Ranked long-short | Random Forest,2026-08-31,Consumer Discretionary,0.0009999999999999922
Ranked long-short | Random Forest,2026-08-31,Energy,-0.009000000000000008
Ranked long-short | Random Forest,2026-08-31,Financials,0.137
Ranked long-short | Random Forest,2026-08-31,Health Care,0.014000000000000004
Ranked long-short | Random Forest,2026-08-31,Industrials,-0.08600000000000001
Ranked long-short | Random Forest,2026-08-31,Information Technology,-0.076
Ranked long-short | Random Forest,2026-08-31,Materials,0.019000000000000003
Ranked long-short | Extra Trees,2024-12-31,Consumer Discretionary,0.008
Ranked long-short | Extra Trees,2024-12-31,Energy,0.03
Ranked long-short | Extra Trees,2024-12-31,Financials,0.14100000000000001
Ranked long-short | Extra Trees,2024-12-31,Health Care,-0.011999999999999997
Ranked long-short | Extra Trees,2024-12-31,Industrials,-0.038
Ranked long-short | Extra Trees,2024-12-31,Information Technology,-0.11900000000000002
Ranked long-short | Extra Trees,2024-12-31,Materials,-0.009999999999999998
Ranked long-short | Extra Trees,2025-01-31,Consumer Discretionary,0.019000000000000006
Ranked long-short | Extra Trees,2025-01-31,Energy,0.005000000000000001
Ranked long-short | Extra Trees,2025-01-31,Financials,0.14300000000000002
Ranked long-short | Extra Trees,2025-01-31,Health Care,0.011000000000000005
Ranked long-short | Extra Trees,2025-01-31,Industrials,-0.08199999999999999
Ranked long-short | Extra Trees,2025-01-31,Information Technology,-0.122
Ranked long-short | Extra Trees,2025-01-31,Materials,0.026000000000000002
Ranked long-short | Extra Trees,2025-02-28,Consumer Discretionary,0.045
Ranked long-short | Extra Trees,2025-02-28,Energy,0.037
Ranked long-short | Extra Trees,2025-02-28,Financials,0.159
Ranked long-short | Extra Trees,2025-02-28,Health Care,-0.014999999999999996
Ranked long-short | Extra Trees,2025-02-28,Industrials,-0.08199999999999999
Ranked long-short | Extra Trees,2025-02-28,Information Technology,-0.166
Ranked long-short | Extra Trees,2025-02-28,Materials,0.022
Ranked long-short | Extra Trees,2025-03-31,Consumer Discretionary,0.033
Ranked long-short | Extra Trees,2025-03-31,Energy,0.016999999999999998
Ranked long-short | Extra Trees,2025-03-31,Financials,0.159
Ranked long-short | Extra Trees,2025-03-31,Health Care,-0.018999999999999996
Ranked long-short | Extra Trees,2025-03-31,Industrials,-0.07499999999999998
Ranked long-short | Extra Trees,2025-03-31,Information Technology,-0.139
Ranked long-short | Extra Trees,2025-03-31,Materials,0.024
Ranked long-short | Extra Trees,2025-04-30,Consumer Discretionary,0.032
Ranked long-short | Extra Trees,2025-04-30,Energy,0.011999999999999997
Ranked long-short | Extra Trees,2025-04-30,Financials,0.151
Ranked long-short | Extra Trees,2025-04-30,Health Care,-0.004999999999999996
Ranked long-short | Extra Trees,2025-04-30,Industrials,-0.089
Ranked long-short | Extra Trees,2025-04-30,Information Technology,-0.138
Ranked long-short | Extra Trees,2025-04-30,Materials,0.037
Ranked long-short | Extra Trees,2025-05-31,Consumer Discretionary,-0.026000000000000002
Ranked long-short | Extra Trees,2025-05-31,Energy,-0.07
Ranked long-short | Extra Trees,2025-05-31,Financials,0.157
Ranked long-short | Extra Trees,2025-05-31,Health Care,0.043000000000000003
Ranked long-short | Extra Trees,2025-05-31,Industrials,-0.051000000000000004
Ranked long-short | Extra Trees,2025-05-31,Information Technology,-0.037
Ranked long-short | Extra Trees,2025-05-31,Materials,-0.016
Ranked long-short | Extra Trees,2025-06-30,Consumer Discretionary,-0.027999999999999997
Ranked long-short | Extra Trees,2025-06-30,Energy,-0.04700000000000001
Ranked long-short | Extra Trees,2025-06-30,Financials,0.166
Ranked long-short | Extra Trees,2025-06-30,Health Care,0.05500000000000001
Ranked long-short | Extra Trees,2025-06-30,Industrials,-0.03900000000000001
Ranked long-short | Extra Trees,2025-06-30,Information Technology,-0.081
Ranked long-short | Extra Trees,2025-06-30,Materials,-0.026
Ranked long-short | Extra Trees,2025-07-31,Consumer Discretionary,0.005000000000000001
Ranked long-short | Extra Trees,2025-07-31,Energy,0.018999999999999993
Ranked long-short | Extra Trees,2025-07-31,Financials,0.171
Ranked long-short | Extra Trees,2025-07-31,Health Care,0.006000000000000002
Ranked long-short | Extra Trees,2025-07-31,Industrials,-0.077
Ranked long-short | Extra Trees,2025-07-31,Information Technology,-0.128
Ranked long-short | Extra Trees,2025-07-31,Materials,0.003999999999999997
Ranked long-short | Extra Trees,2025-08-31,Consumer Discretionary,-0.00800000000000001
Ranked long-short | Extra Trees,2025-08-31,Energy,-0.02600000000000001
Ranked long-short | Extra Trees,2025-08-31,Financials,0.165
Ranked long-short | Extra Trees,2025-08-31,Health Care,0.038000000000000006
Ranked long-short | Extra Trees,2025-08-31,Industrials,-0.098
Ranked long-short | Extra Trees,2025-08-31,Information Technology,-0.08199999999999999
Ranked long-short | Extra Trees,2025-08-31,Materials,0.011
Ranked long-short | Extra Trees,2025-09-30,Consumer Discretionary,-0.056
Ranked long-short | Extra Trees,2025-09-30,Energy,-0.036000000000000004
Ranked long-short | Extra Trees,2025-09-30,Financials,0.153
Ranked long-short | Extra Trees,2025-09-30,Health Care,0.052000000000000005
Ranked long-short | Extra Trees,2025-09-30,Industrials,-0.094
Ranked long-short | Extra Trees,2025-09-30,Information Technology,-0.018000000000000006
Ranked long-short | Extra Trees,2025-09-30,Materials,-0.0009999999999999974
Ranked long-short | Extra Trees,2025-10-31,Consumer Discretionary,-0.047999999999999994
Ranked long-short | Extra Trees,2025-10-31,Energy,-0.043
Ranked long-short | Extra Trees,2025-10-31,Financials,0.11099999999999999
Ranked long-short | Extra Trees,2025-10-31,Health Care,0.06
Ranked long-short | Extra Trees,2025-10-31,Industrials,-0.07600000000000001
Ranked long-short | Extra Trees,2025-10-31,Information Technology,0.003999999999999979
Ranked long-short | Extra Trees,2025-10-31,Materials,-0.008
Ranked long-short | Extra Trees,2025-11-30,Consumer Discretionary,-0.05300000000000001
Ranked long-short | Extra Trees,2025-11-30,Energy,0.009999999999999995
Ranked long-short | Extra Trees,2025-11-30,Financials,0.14900000000000002
Ranked long-short | Extra Trees,2025-11-30,Health Care,0.035
Ranked long-short | Extra Trees,2025-11-30,Industrials,-0.069
Ranked long-short | Extra Trees,2025-11-30,Information Technology,-0.04399999999999999
Ranked long-short | Extra Trees,2025-11-30,Materials,-0.028000000000000004
Ranked long-short | Extra Trees,2025-12-31,Consumer Discretionary,-0.06
Ranked long-short | Extra Trees,2025-12-31,Energy,-0.017999999999999995
Ranked long-short | Extra Trees,2025-12-31,Financials,0.156
Ranked long-short | Extra Trees,2025-12-31,Health Care,0.05500000000000001
Ranked long-short | Extra Trees,2025-12-31,Industrials,-0.08700000000000001
Ranked long-short | Extra Trees,2025-12-31,Information Technology,-0.05700000000000002
Ranked long-short | Extra Trees,2025-12-31,Materials,0.011000000000000003
Ranked long-short | Extra Trees,2026-01-31,Consumer Discretionary,-0.04100000000000001
Ranked long-short | Extra Trees,2026-01-31,Energy,0.007999999999999997
Ranked long-short | Extra Trees,2026-01-31,Financials,0.161
Ranked long-short | Extra Trees,2026-01-31,Health Care,0.04000000000000001
Ranked long-short | Extra Trees,2026-01-31,Industrials,-0.07400000000000001
Ranked long-short | Extra Trees,2026-01-31,Information Technology,-0.116
Ranked long-short | Extra Trees,2026-01-31,Materials,0.022000000000000002
Ranked long-short | Extra Trees,2026-02-28,Consumer Discretionary,-0.068
Ranked long-short | Extra Trees,2026-02-28,Energy,0.007000000000000003
Ranked long-short | Extra Trees,2026-02-28,Financials,0.14400000000000002
Ranked long-short | Extra Trees,2026-02-28,Health Care,0.044000000000000004
Ranked long-short | Extra Trees,2026-02-28,Industrials,-0.065
Ranked long-short | Extra Trees,2026-02-28,Information Technology,-0.092
Ranked long-short | Extra Trees,2026-02-28,Materials,0.03
Ranked long-short | Extra Trees,2026-03-31,Consumer Discretionary,-0.04300000000000001
Ranked long-short | Extra Trees,2026-03-31,Energy,0.017999999999999995
Ranked long-short | Extra Trees,2026-03-31,Financials,0.14300000000000002
Ranked long-short | Extra Trees,2026-03-31,Health Care,0.034
Ranked long-short | Extra Trees,2026-03-31,Industrials,-0.088
Ranked long-short | Extra Trees,2026-03-31,Information Technology,-0.093
Ranked long-short | Extra Trees,2026-03-31,Materials,0.029
Ranked long-short | Extra Trees,2026-04-30,Consumer Discretionary,-0.03900000000000001
Ranked long-short | Extra Trees,2026-04-30,Energy,0.012000000000000004
Ranked long-short | Extra Trees,2026-04-30,Financials,0.14300000000000002
Ranked long-short | Extra Trees,2026-04-30,Health Care,0.036000000000000004
Ranked long-short | Extra Trees,2026-04-30,Industrials,-0.102
Ranked long-short | Extra Trees,2026-04-30,Information Technology,-0.08099999999999999
Ranked long-short | Extra Trees,2026-04-30,Materials,0.031
Ranked long-short | Extra Trees,2026-05-31,Consumer Discretionary,-0.038000000000000006
Ranked long-short | Extra Trees,2026-05-31,Energy,-0.0010000000000000009
Ranked long-short | Extra Trees,2026-05-31,Financials,0.14300000000000002
Ranked long-short | Extra Trees,2026-05-31,Health Care,0.024000000000000004
Ranked long-short | Extra Trees,2026-05-31,Industrials,-0.102
Ranked long-short | Extra Trees,2026-05-31,Information Technology,-0.05799999999999999
Ranked long-short | Extra Trees,2026-05-31,Materials,0.032
Ranked long-short | Extra Trees,2026-06-30,Consumer Discretionary,-0.09
Ranked long-short | Extra Trees,2026-06-30,Energy,-0.0050000000000000044
Ranked long-short | Extra Trees,2026-06-30,Financials,0.086
Ranked long-short | Extra Trees,2026-06-30,Health Care,0.002
Ranked long-short | Extra Trees,2026-06-30,Industrials,-0.1
Ranked long-short | Extra Trees,2026-06-30,Information Technology,0.060999999999999985
Ranked long-short | Extra Trees,2026-06-30,Materials,0.046
Ranked long-short | Extra Trees,2026-07-31,Consumer Discretionary,0.034
Ranked long-short | Extra Trees,2026-07-31,Energy,6.938893903907228e-18
Ranked long-short | Extra Trees,2026-07-31,Financials,0.131
Ranked long-short | Extra Trees,2026-07-31,Health Care,-0.008
Ranked long-short | Extra Trees,2026-07-31,Industrials,-0.07700000000000001
Ranked long-short | Extra Trees,2026-07-31,Information Technology,-0.10200000000000001
Ranked long-short | Extra Trees,2026-07-31,Materials,0.022
Ranked long-short | Extra Trees,2026-08-31,Consumer Discretionary,0.061
Ranked long-short | Extra Trees,2026-08-31,Energy,0.012999999999999994
Ranked long-short | Extra Trees,2026-08-31,Financials,0.14300000000000002
Ranked long-short | Extra Trees,2026-08-31,Health Care,-0.016
Ranked long-short | Extra Trees,2026-08-31,Industrials,-0.078
Ranked long-short | Extra Trees,2026-08-31,Information Technology,-0.138
Ranked long-short | Extra Trees,2026-08-31,Materials,0.015000000000000001
Ranked long-short | XGBoost,2024-12-31,Consumer Discretionary,0.008
Ranked long-short | XGBoost,2024-12-31,Energy,0.03
Ranked long-short | XGBoost,2024-12-31,Financials,0.14100000000000001
Ranked long-short | XGBoost,2024-12-31,Health Care,-0.011999999999999997
Ranked long-short | XGBoost,2024-12-31,Industrials,-0.038
Ranked long-short | XGBoost,2024-12-31,Information Technology,-0.11900000000000002
Ranked long-short | XGBoost,2024-12-31,Materials,-0.009999999999999998
Ranked long-short | XGBoost,2025-01-31,Consumer Discretionary,0.011
Ranked long-short | XGBoost,2025-01-31,Energy,-0.01
Ranked long-short | XGBoost,2025-01-31,Financials,0.137
Ranked long-short | XGBoost,2025-01-31,Health Care,0.014000000000000004
Ranked long-short | XGBoost,2025-01-31,Industrials,-0.07300000000000001
Ranked long-short | XGBoost,2025-01-31,Information Technology,-0.093
Ranked long-short | XGBoost,2025-01-31,Materials,0.013999999999999999
Ranked long-short | XGBoost,2025-02-28,Consumer Discretionary,0.045
Ranked long-short | XGBoost,2025-02-28,Energy,0.037
Ranked long-short | XGBoost,2025-02-28,Financials,0.159
Ranked long-short | XGBoost,2025-02-28,Health Care,-0.014999999999999996
Ranked long-short | XGBoost,2025-02-28,Industrials,-0.08199999999999999
Ranked long-short | XGBoost,2025-02-28,Information Technology,-0.166
Ranked long-short | XGBoost,2025-02-28,Materials,0.022
Ranked long-short | XGBoost,2025-03-31,Consumer Discretionary,0.037000000000000005
Ranked long-short | XGBoost,2025-03-31,Energy,0.008000000000000004
Ranked long-short | XGBoost,2025-03-31,Financials,0.161
Ranked long-short | XGBoost,2025-03-31,Health Care,-0.031
Ranked long-short | XGBoost,2025-03-31,Industrials,-0.065
Ranked long-short | XGBoost,2025-03-31,Information Technology,-0.121
Ranked long-short | XGBoost,2025-03-31,Materials,0.011000000000000003
Ranked long-short | XGBoost,2025-04-30,Consumer Discretionary,-0.0059999999999999915
Ranked long-short | XGBoost,2025-04-30,Energy,-0.056999999999999995
Ranked long-short | XGBoost,2025-04-30,Financials,0.151
Ranked long-short | XGBoost,2025-04-30,Health Care,0.038000000000000006
Ranked long-short | XGBoost,2025-04-30,Industrials,-0.084
Ranked long-short | XGBoost,2025-04-30,Information Technology,-0.05900000000000002
Ranked long-short | XGBoost,2025-04-30,Materials,0.017
Ranked long-short | XGBoost,2025-05-31,Consumer Discretionary,-0.026000000000000002
Ranked long-short | XGBoost,2025-05-31,Energy,-0.07
Ranked long-short | XGBoost,2025-05-31,Financials,0.157
Ranked long-short | XGBoost,2025-05-31,Health Care,0.043000000000000003
Ranked long-short | XGBoost,2025-05-31,Industrials,-0.051000000000000004
Ranked long-short | XGBoost,2025-05-31,Information Technology,-0.037
Ranked long-short | XGBoost,2025-05-31,Materials,-0.016
Ranked long-short | XGBoost,2025-06-30,Consumer Discretionary,-0.017
Ranked long-short | XGBoost,2025-06-30,Energy,-0.028000000000000008
Ranked long-short | XGBoost,2025-06-30,Financials,0.169
Ranked long-short | XGBoost,2025-06-30,Health Care,0.04000000000000001
Ranked long-short | XGBoost,2025-06-30,Industrials,-0.036000000000000004
Ranked long-short | XGBoost,2025-06-30,Information Technology,-0.104
Ranked long-short | XGBoost,2025-06-30,Materials,-0.024
Ranked long-short | XGBoost,2025-07-31,Consumer Discretionary,-0.041999999999999996
Ranked long-short | XGBoost,2025-07-31,Energy,-0.041
Ranked long-short | XGBoost,2025-07-31,Financials,0.165
Ranked long-short | XGBoost,2025-07-31,Health Care,0.049
Ranked long-short | XGBoost,2025-07-31,Industrials,-0.07700000000000001
Ranked long-short | XGBoost,2025-07-31,Information Technology,-0.048000000000000015
Ranked long-short | XGBoost,2025-07-31,Materials,-0.005999999999999995
Ranked long-short | XGBoost,2025-08-31,Consumer Discretionary,0.022000000000000006
Ranked long-short | XGBoost,2025-08-31,Energy,0.005999999999999998
Ranked long-short | XGBoost,2025-08-31,Financials,0.17400000000000002
Ranked long-short | XGBoost,2025-08-31,Health Care,0.006999999999999999
Ranked long-short | XGBoost,2025-08-31,Industrials,-0.091
Ranked long-short | XGBoost,2025-08-31,Information Technology,-0.117
Ranked long-short | XGBoost,2025-08-31,Materials,-0.0010000000000000009
Ranked long-short | XGBoost,2025-09-30,Consumer Discretionary,-0.03400000000000001
Ranked long-short | XGBoost,2025-09-30,Energy,-0.014000000000000005
Ranked long-short | XGBoost,2025-09-30,Financials,0.157
Ranked long-short | XGBoost,2025-09-30,Health Care,0.038000000000000006
Ranked long-short | XGBoost,2025-09-30,Industrials,-0.09599999999999999
Ranked long-short | XGBoost,2025-09-30,Information Technology,-0.061999999999999986
Ranked long-short | XGBoost,2025-09-30,Materials,0.011
Ranked long-short | XGBoost,2025-10-31,Consumer Discretionary,-0.005999999999999997
Ranked long-short | XGBoost,2025-10-31,Energy,0.028999999999999995
Ranked long-short | XGBoost,2025-10-31,Financials,0.147
Ranked long-short | XGBoost,2025-10-31,Health Care,0.012000000000000004
Ranked long-short | XGBoost,2025-10-31,Industrials,-0.088
Ranked long-short | XGBoost,2025-10-31,Information Technology,-0.116
Ranked long-short | XGBoost,2025-10-31,Materials,0.022
Ranked long-short | XGBoost,2025-11-30,Consumer Discretionary,-0.008999999999999994
Ranked long-short | XGBoost,2025-11-30,Energy,0.041999999999999996
Ranked long-short | XGBoost,2025-11-30,Financials,0.159
Ranked long-short | XGBoost,2025-11-30,Health Care,0.006999999999999999
Ranked long-short | XGBoost,2025-11-30,Industrials,-0.079
Ranked long-short | XGBoost,2025-11-30,Information Technology,-0.114
Ranked long-short | XGBoost,2025-11-30,Materials,-0.005999999999999998
Ranked long-short | XGBoost,2025-12-31,Consumer Discretionary,-0.06
Ranked long-short | XGBoost,2025-12-31,Energy,-0.017999999999999995
Ranked long-short | XGBoost,2025-12-31,Financials,0.156
Ranked long-short | XGBoost,2025-12-31,Health Care,0.05500000000000001
Ranked long-short | XGBoost,2025-12-31,Industrials,-0.08700000000000001
Ranked long-short | XGBoost,2025-12-31,Information Technology,-0.05700000000000002
Ranked long-short | XGBoost,2025-12-31,Materials,0.011000000000000003
Ranked long-short | XGBoost,2026-01-31,Consumer Discretionary,-0.07399999999999998
Ranked long-short | XGBoost,2026-01-31,Energy,0.007000000000000003
Ranked long-short | XGBoost,2026-01-31,Financials,0.15900000000000003
Ranked long-short | XGBoost,2026-01-31,Health Care,0.05
Ranked long-short | XGBoost,2026-01-31,Industrials,-0.07100000000000001
Ranked long-short | XGBoost,2026-01-31,Information Technology,-0.09400000000000001
Ranked long-short | XGBoost,2026-01-31,Materials,0.023000000000000003
Ranked long-short | XGBoost,2026-02-28,Consumer Discretionary,-0.037000000000000005
Ranked long-short | XGBoost,2026-02-28,Energy,0.007999999999999997
Ranked long-short | XGBoost,2026-02-28,Financials,0.15100000000000002
Ranked long-short | XGBoost,2026-02-28,Health Care,0.036000000000000004
Ranked long-short | XGBoost,2026-02-28,Industrials,-0.07
Ranked long-short | XGBoost,2026-02-28,Information Technology,-0.11300000000000002
Ranked long-short | XGBoost,2026-02-28,Materials,0.025
Ranked long-short | XGBoost,2026-03-31,Consumer Discretionary,-0.007000000000000013
Ranked long-short | XGBoost,2026-03-31,Energy,0.049999999999999996
Ranked long-short | XGBoost,2026-03-31,Financials,0.14900000000000002
Ranked long-short | XGBoost,2026-03-31,Health Care,0.004000000000000002
Ranked long-short | XGBoost,2026-03-31,Industrials,-0.07999999999999999
Ranked long-short | XGBoost,2026-03-31,Information Technology,-0.137
Ranked long-short | XGBoost,2026-03-31,Materials,0.021
Ranked long-short | XGBoost,2026-04-30,Consumer Discretionary,-0.03900000000000001
Ranked long-short | XGBoost,2026-04-30,Energy,0.012000000000000004
Ranked long-short | XGBoost,2026-04-30,Financials,0.14300000000000002
Ranked long-short | XGBoost,2026-04-30,Health Care,0.036000000000000004
Ranked long-short | XGBoost,2026-04-30,Industrials,-0.102
Ranked long-short | XGBoost,2026-04-30,Information Technology,-0.08099999999999999
Ranked long-short | XGBoost,2026-04-30,Materials,0.031
Ranked long-short | XGBoost,2026-05-31,Consumer Discretionary,-0.038000000000000006
Ranked long-short | XGBoost,2026-05-31,Energy,-0.0010000000000000009
Ranked long-short | XGBoost,2026-05-31,Financials,0.14300000000000002
Ranked long-short | XGBoost,2026-05-31,Health Care,0.024000000000000004
Ranked long-short | XGBoost,2026-05-31,Industrials,-0.102
Ranked long-short | XGBoost,2026-05-31,Information Technology,-0.05799999999999999
Ranked long-short | XGBoost,2026-05-31,Materials,0.032
Ranked long-short | XGBoost,2026-06-30,Consumer Discretionary,-0.09
Ranked long-short | XGBoost,2026-06-30,Energy,-0.0050000000000000044
Ranked long-short | XGBoost,2026-06-30,Financials,0.086
Ranked long-short | XGBoost,2026-06-30,Health Care,0.002
Ranked long-short | XGBoost,2026-06-30,Industrials,-0.1
Ranked long-short | XGBoost,2026-06-30,Information Technology,0.060999999999999985
Ranked long-short | XGBoost,2026-06-30,Materials,0.046
Ranked long-short | XGBoost,2026-07-31,Consumer Discretionary,0.034
Ranked long-short | XGBoost,2026-07-31,Energy,6.938893903907228e-18
Ranked long-short | XGBoost,2026-07-31,Financials,0.131
Ranked long-short | XGBoost,2026-07-31,Health Care,-0.008
Ranked long-short | XGBoost,2026-07-31,Industrials,-0.07700000000000001
Ranked long-short | XGBoost,2026-07-31,Information Technology,-0.10200000000000001
Ranked long-short | XGBoost,2026-07-31,Materials,0.022
Ranked long-short | XGBoost,2026-08-31,Consumer Discretionary,0.0009999999999999922
Ranked long-short | XGBoost,2026-08-31,Energy,-0.009000000000000008
Ranked long-short | XGBoost,2026-08-31,Financials,0.137
Ranked long-short | XGBoost,2026-08-31,Health Care,0.014000000000000004
Ranked long-short | XGBoost,2026-08-31,Industrials,-0.08600000000000001
Ranked long-short | XGBoost,2026-08-31,Information Technology,-0.076
Ranked long-short | XGBoost,2026-08-31,Materials,0.019000000000000003
Ranked long-short | MLP,2024-12-31,Consumer Discretionary,0.022
Ranked long-short | MLP,2024-12-31,Energy,0.05
Ranked long-short | MLP,2024-12-31,Financials,0.144
Ranked long-short | MLP,2024-12-31,Health Care,-0.027999999999999997
Ranked long-short | MLP,2024-12-31,Industrials,-0.037000000000000005
Ranked long-short | MLP,2024-12-31,Information Technology,-0.14100000000000001
Ranked long-short | MLP,2024-12-31,Materials,-0.009999999999999998
Ranked long-short | MLP,2025-01-31,Consumer Discretionary,0.019000000000000006
Ranked long-short | MLP,2025-01-31,Energy,0.005000000000000001
Ranked long-short | MLP,2025-01-31,Financials,0.14300000000000002
Ranked long-short | MLP,2025-01-31,Health Care,0.011000000000000005
Ranked long-short | MLP,2025-01-31,Industrials,-0.08199999999999999
Ranked long-short | MLP,2025-01-31,Information Technology,-0.122
Ranked long-short | MLP,2025-01-31,Materials,0.026000000000000002
Ranked long-short | MLP,2025-02-28,Consumer Discretionary,0.045
Ranked long-short | MLP,2025-02-28,Energy,0.037
Ranked long-short | MLP,2025-02-28,Financials,0.159
Ranked long-short | MLP,2025-02-28,Health Care,-0.014999999999999996
Ranked long-short | MLP,2025-02-28,Industrials,-0.08199999999999999
Ranked long-short | MLP,2025-02-28,Information Technology,-0.166
Ranked long-short | MLP,2025-02-28,Materials,0.022
Ranked long-short | MLP,2025-03-31,Consumer Discretionary,0.037000000000000005
Ranked long-short | MLP,2025-03-31,Energy,0.008000000000000004
Ranked long-short | MLP,2025-03-31,Financials,0.161
Ranked long-short | MLP,2025-03-31,Health Care,-0.031
Ranked long-short | MLP,2025-03-31,Industrials,-0.065
Ranked long-short | MLP,2025-03-31,Information Technology,-0.121
Ranked long-short | MLP,2025-03-31,Materials,0.011000000000000003
Ranked long-short | MLP,2025-04-30,Consumer Discretionary,0.033
Ranked long-short | MLP,2025-04-30,Energy,0.0030000000000000027
Ranked long-short | MLP,2025-04-30,Financials,0.154
Ranked long-short | MLP,2025-04-30,Health Care,-0.009999999999999997
Ranked long-short | MLP,2025-04-30,Industrials,-0.081
Ranked long-short | MLP,2025-04-30,Information Technology,-0.122
Ranked long-short | MLP,2025-04-30,Materials,0.023
Ranked long-short | MLP,2025-05-31,Consumer Discretionary,-0.026000000000000002
Ranked long-short | MLP,2025-05-31,Energy,-0.07
Ranked long-short | MLP,2025-05-31,Financials,0.157
Ranked long-short | MLP,2025-05-31,Health Care,0.043000000000000003
Ranked long-short | MLP,2025-05-31,Industrials,-0.051000000000000004
Ranked long-short | MLP,2025-05-31,Information Technology,-0.037
Ranked long-short | MLP,2025-05-31,Materials,-0.016
Ranked long-short | MLP,2025-06-30,Consumer Discretionary,-0.017
Ranked long-short | MLP,2025-06-30,Energy,-0.028000000000000008
Ranked long-short | MLP,2025-06-30,Financials,0.169
Ranked long-short | MLP,2025-06-30,Health Care,0.04000000000000001
Ranked long-short | MLP,2025-06-30,Industrials,-0.036000000000000004
Ranked long-short | MLP,2025-06-30,Information Technology,-0.104
Ranked long-short | MLP,2025-06-30,Materials,-0.024
Ranked long-short | MLP,2025-07-31,Consumer Discretionary,0.005000000000000001
Ranked long-short | MLP,2025-07-31,Energy,0.018999999999999993
Ranked long-short | MLP,2025-07-31,Financials,0.171
Ranked long-short | MLP,2025-07-31,Health Care,0.006000000000000002
Ranked long-short | MLP,2025-07-31,Industrials,-0.077
Ranked long-short | MLP,2025-07-31,Information Technology,-0.128
Ranked long-short | MLP,2025-07-31,Materials,0.003999999999999997
Ranked long-short | MLP,2025-08-31,Consumer Discretionary,-0.00800000000000001
Ranked long-short | MLP,2025-08-31,Energy,-0.02600000000000001
Ranked long-short | MLP,2025-08-31,Financials,0.165
Ranked long-short | MLP,2025-08-31,Health Care,0.038000000000000006
Ranked long-short | MLP,2025-08-31,Industrials,-0.098
Ranked long-short | MLP,2025-08-31,Information Technology,-0.08199999999999999
Ranked long-short | MLP,2025-08-31,Materials,0.011
Ranked long-short | MLP,2025-09-30,Consumer Discretionary,-0.03400000000000001
Ranked long-short | MLP,2025-09-30,Energy,-0.014000000000000005
Ranked long-short | MLP,2025-09-30,Financials,0.157
Ranked long-short | MLP,2025-09-30,Health Care,0.038000000000000006
Ranked long-short | MLP,2025-09-30,Industrials,-0.09599999999999999
Ranked long-short | MLP,2025-09-30,Information Technology,-0.061999999999999986
Ranked long-short | MLP,2025-09-30,Materials,0.011
Ranked long-short | MLP,2025-10-31,Consumer Discretionary,-0.005999999999999997
Ranked long-short | MLP,2025-10-31,Energy,0.028999999999999995
Ranked long-short | MLP,2025-10-31,Financials,0.147
Ranked long-short | MLP,2025-10-31,Health Care,0.012000000000000004
Ranked long-short | MLP,2025-10-31,Industrials,-0.088
Ranked long-short | MLP,2025-10-31,Information Technology,-0.116
Ranked long-short | MLP,2025-10-31,Materials,0.022
Ranked long-short | MLP,2025-11-30,Consumer Discretionary,-0.0010000000000000078
Ranked long-short | MLP,2025-11-30,Energy,0.038
Ranked long-short | MLP,2025-11-30,Financials,0.161
Ranked long-short | MLP,2025-11-30,Health Care,0.008
Ranked long-short | MLP,2025-11-30,Industrials,-0.08600000000000001
Ranked long-short | MLP,2025-11-30,Information Technology,-0.126
Ranked long-short | MLP,2025-11-30,Materials,0.005999999999999998
Ranked long-short | MLP,2025-12-31,Consumer Discretionary,-0.06
Ranked long-short | MLP,2025-12-31,Energy,-0.017999999999999995
Ranked long-short | MLP,2025-12-31,Financials,0.156
Ranked long-short | MLP,2025-12-31,Health Care,0.05500000000000001
Ranked long-short | MLP,2025-12-31,Industrials,-0.08700000000000001
Ranked long-short | MLP,2025-12-31,Information Technology,-0.05700000000000002
Ranked long-short | MLP,2025-12-31,Materials,0.011000000000000003
Ranked long-short | MLP,2026-01-31,Consumer Discretionary,-0.02599999999999999
Ranked long-short | MLP,2026-01-31,Energy,0.05499999999999999
Ranked long-short | MLP,2026-01-31,Financials,0.168
Ranked long-short | MLP,2026-01-31,Health Care,0.011000000000000003
Ranked long-short | MLP,2026-01-31,Industrials,-0.053000000000000005
Ranked long-short | MLP,2026-01-31,Information Technology,-0.169
Ranked long-short | MLP,2026-01-31,Materials,0.014000000000000002
Ranked long-short | MLP,2026-02-28,Consumer Discretionary,-0.037000000000000005
Ranked long-short | MLP,2026-02-28,Energy,0.007999999999999997
Ranked long-short | MLP,2026-02-28,Financials,0.15100000000000002
Ranked long-short | MLP,2026-02-28,Health Care,0.036000000000000004
Ranked long-short | MLP,2026-02-28,Industrials,-0.07
Ranked long-short | MLP,2026-02-28,Information Technology,-0.11300000000000002
Ranked long-short | MLP,2026-02-28,Materials,0.025
Ranked long-short | MLP,2026-03-31,Consumer Discretionary,-0.082
Ranked long-short | MLP,2026-03-31,Energy,0.022000000000000006
Ranked long-short | MLP,2026-03-31,Financials,0.132
Ranked long-short | MLP,2026-03-31,Health Care,0.046
Ranked long-short | MLP,2026-03-31,Industrials,-0.08700000000000001
Ranked long-short | MLP,2026-03-31,Information Technology,-0.067
Ranked long-short | MLP,2026-03-31,Materials,0.036000000000000004
Ranked long-short | MLP,2026-04-30,Consumer Discretionary,-0.03900000000000001
Ranked long-short | MLP,2026-04-30,Energy,0.012000000000000004
Ranked long-short | MLP,2026-04-30,Financials,0.14300000000000002
Ranked long-short | MLP,2026-04-30,Health Care,0.036000000000000004
Ranked long-short | MLP,2026-04-30,Industrials,-0.102
Ranked long-short | MLP,2026-04-30,Information Technology,-0.08099999999999999
Ranked long-short | MLP,2026-04-30,Materials,0.031
Ranked long-short | MLP,2026-05-31,Consumer Discretionary,-0.019999999999999993
Ranked long-short | MLP,2026-05-31,Energy,0.041
Ranked long-short | MLP,2026-05-31,Financials,0.14100000000000001
Ranked long-short | MLP,2026-05-31,Health Care,-0.012999999999999998
Ranked long-short | MLP,2026-05-31,Industrials,-0.096
Ranked long-short | MLP,2026-05-31,Information Technology,-0.082
Ranked long-short | MLP,2026-05-31,Materials,0.029
Ranked long-short | MLP,2026-06-30,Consumer Discretionary,0.03
Ranked long-short | MLP,2026-06-30,Energy,0.018999999999999996
Ranked long-short | MLP,2026-06-30,Financials,0.137
Ranked long-short | MLP,2026-06-30,Health Care,-0.006999999999999999
Ranked long-short | MLP,2026-06-30,Industrials,-0.07900000000000001
Ranked long-short | MLP,2026-06-30,Information Technology,-0.125
Ranked long-short | MLP,2026-06-30,Materials,0.025
Ranked long-short | MLP,2026-07-31,Consumer Discretionary,-0.020000000000000004
Ranked long-short | MLP,2026-07-31,Energy,-0.024000000000000004
Ranked long-short | MLP,2026-07-31,Financials,0.125
Ranked long-short | MLP,2026-07-31,Health Care,0.022000000000000002
Ranked long-short | MLP,2026-07-31,Industrials,-0.08700000000000001
Ranked long-short | MLP,2026-07-31,Information Technology,-0.04
Ranked long-short | MLP,2026-07-31,Materials,0.024
Ranked long-short | MLP,2026-08-31,Consumer Discretionary,0.0009999999999999922
Ranked long-short | MLP,2026-08-31,Energy,-0.009000000000000008
Ranked long-short | MLP,2026-08-31,Financials,0.137
Ranked long-short | MLP,2026-08-31,Health Care,0.014000000000000004
Ranked long-short | MLP,2026-08-31,Industrials,-0.08600000000000001
Ranked long-short | MLP,2026-08-31,Information Technology,-0.076
Ranked long-short | MLP,2026-08-31,Materials,0.019000000000000003
Ranked long-short | LSTM,2024-12-31,Consumer Discretionary,0.008
Ranked long-short | LSTM,2024-12-31,Energy,0.03
Ranked long-short | LSTM,2024-12-31,Financials,0.14100000000000001
Ranked long-short | LSTM,2024-12-31,Health Care,-0.011999999999999997
Ranked long-short | LSTM,2024-12-31,Industrials,-0.038
Ranked long-short | LSTM,2024-12-31,Information Technology,-0.11900000000000002
Ranked long-short | LSTM,2024-12-31,Materials,-0.009999999999999998
Ranked long-short | LSTM,2025-01-31,Consumer Discretionary,0.053000000000000005
Ranked long-short | LSTM,2025-01-31,Energy,0.053
Ranked long-short | LSTM,2025-01-31,Financials,0.146
Ranked long-short | LSTM,2025-01-31,Health Care,-0.033999999999999996
Ranked long-short | LSTM,2025-01-31,Industrials,-0.067
Ranked long-short | LSTM,2025-01-31,Information Technology,-0.162
Ranked long-short | LSTM,2025-01-31,Materials,0.011000000000000003
Ranked long-short | LSTM,2025-02-28,Consumer Discretionary,0.05
Ranked long-short | LSTM,2025-02-28,Energy,0.038
Ranked long-short | LSTM,2025-02-28,Financials,0.161
Ranked long-short | LSTM,2025-02-28,Health Care,-0.024999999999999998
Ranked long-short | LSTM,2025-02-28,Industrials,-0.07300000000000001
Ranked long-short | LSTM,2025-02-28,Information Technology,-0.159
Ranked long-short | LSTM,2025-02-28,Materials,0.008
Ranked long-short | LSTM,2025-03-31,Consumer Discretionary,0.037000000000000005
Ranked long-short | LSTM,2025-03-31,Energy,0.008000000000000004
Ranked long-short | LSTM,2025-03-31,Financials,0.161
Ranked long-short | LSTM,2025-03-31,Health Care,-0.031
Ranked long-short | LSTM,2025-03-31,Industrials,-0.065
Ranked long-short | LSTM,2025-03-31,Information Technology,-0.121
Ranked long-short | LSTM,2025-03-31,Materials,0.011000000000000003
Ranked long-short | LSTM,2025-04-30,Consumer Discretionary,0.033
Ranked long-short | LSTM,2025-04-30,Energy,0.0030000000000000027
Ranked long-short | LSTM,2025-04-30,Financials,0.154
Ranked long-short | LSTM,2025-04-30,Health Care,-0.009999999999999997
Ranked long-short | LSTM,2025-04-30,Industrials,-0.081
Ranked long-short | LSTM,2025-04-30,Information Technology,-0.122
Ranked long-short | LSTM,2025-04-30,Materials,0.023
Ranked long-short | LSTM,2025-05-31,Consumer Discretionary,-0.026000000000000002
Ranked long-short | LSTM,2025-05-31,Energy,-0.07
Ranked long-short | LSTM,2025-05-31,Financials,0.157
Ranked long-short | LSTM,2025-05-31,Health Care,0.043000000000000003
Ranked long-short | LSTM,2025-05-31,Industrials,-0.051000000000000004
Ranked long-short | LSTM,2025-05-31,Information Technology,-0.037
Ranked long-short | LSTM,2025-05-31,Materials,-0.016
Ranked long-short | LSTM,2025-06-30,Consumer Discretionary,-0.027999999999999997
Ranked long-short | LSTM,2025-06-30,Energy,-0.04700000000000001
Ranked long-short | LSTM,2025-06-30,Financials,0.166
Ranked long-short | LSTM,2025-06-30,Health Care,0.05500000000000001
Ranked long-short | LSTM,2025-06-30,Industrials,-0.03900000000000001
Ranked long-short | LSTM,2025-06-30,Information Technology,-0.081
Ranked long-short | LSTM,2025-06-30,Materials,-0.026
Ranked long-short | LSTM,2025-07-31,Consumer Discretionary,6.938893903907228e-18
Ranked long-short | LSTM,2025-07-31,Energy,0.015999999999999997
Ranked long-short | LSTM,2025-07-31,Financials,0.174
Ranked long-short | LSTM,2025-07-31,Health Care,0.004
Ranked long-short | LSTM,2025-07-31,Industrials,-0.068
Ranked long-short | LSTM,2025-07-31,Information Technology,-0.117
Ranked long-short | LSTM,2025-07-31,Materials,-0.008999999999999994
Ranked long-short | LSTM,2025-08-31,Consumer Discretionary,0.022000000000000006
Ranked long-short | LSTM,2025-08-31,Energy,0.005999999999999998
Ranked long-short | LSTM,2025-08-31,Financials,0.17400000000000002
Ranked long-short | LSTM,2025-08-31,Health Care,0.006999999999999999
Ranked long-short | LSTM,2025-08-31,Industrials,-0.091
Ranked long-short | LSTM,2025-08-31,Information Technology,-0.117
Ranked long-short | LSTM,2025-08-31,Materials,-0.0010000000000000009
Ranked long-short | LSTM,2025-09-30,Consumer Discretionary,-0.074
Ranked long-short | LSTM,2025-09-30,Energy,-0.04
Ranked long-short | LSTM,2025-09-30,Financials,0.151
Ranked long-short | LSTM,2025-09-30,Health Care,0.05
Ranked long-short | LSTM,2025-09-30,Industrials,-0.08600000000000001
Ranked long-short | LSTM,2025-09-30,Information Technology,0.023999999999999987
Ranked long-short | LSTM,2025-09-30,Materials,-0.025
Ranked long-short | LSTM,2025-10-31,Consumer Discretionary,-0.047999999999999994
Ranked long-short | LSTM,2025-10-31,Energy,-0.043
Ranked long-short | LSTM,2025-10-31,Financials,0.11099999999999999
Ranked long-short | LSTM,2025-10-31,Health Care,0.06
Ranked long-short | LSTM,2025-10-31,Industrials,-0.07600000000000001
Ranked long-short | LSTM,2025-10-31,Information Technology,0.003999999999999979
Ranked long-short | LSTM,2025-10-31,Materials,-0.008
Ranked long-short | LSTM,2025-11-30,Consumer Discretionary,-0.0010000000000000078
Ranked long-short | LSTM,2025-11-30,Energy,0.038
Ranked long-short | LSTM,2025-11-30,Financials,0.161
Ranked long-short | LSTM,2025-11-30,Health Care,0.008
Ranked long-short | LSTM,2025-11-30,Industrials,-0.08600000000000001
Ranked long-short | LSTM,2025-11-30,Information Technology,-0.126
Ranked long-short | LSTM,2025-11-30,Materials,0.005999999999999998
Ranked long-short | LSTM,2025-12-31,Consumer Discretionary,-0.007000000000000006
Ranked long-short | LSTM,2025-12-31,Energy,0.038
Ranked long-short | LSTM,2025-12-31,Financials,0.165
Ranked long-short | LSTM,2025-12-31,Health Care,0.010000000000000002
Ranked long-short | LSTM,2025-12-31,Industrials,-0.08
Ranked long-short | LSTM,2025-12-31,Information Technology,-0.134
Ranked long-short | LSTM,2025-12-31,Materials,0.008
Ranked long-short | LSTM,2026-01-31,Consumer Discretionary,-0.10799999999999998
Ranked long-short | LSTM,2026-01-31,Energy,0.037
Ranked long-short | LSTM,2026-01-31,Financials,0.161
Ranked long-short | LSTM,2026-01-31,Health Care,0.044
Ranked long-short | LSTM,2026-01-31,Industrials,-0.053000000000000005
Ranked long-short | LSTM,2026-01-31,Information Technology,-0.10000000000000002
Ranked long-short | LSTM,2026-01-31,Materials,0.019000000000000003
Ranked long-short | LSTM,2026-02-28,Consumer Discretionary,-0.068
Ranked long-short | LSTM,2026-02-28,Energy,0.007000000000000003
Ranked long-short | LSTM,2026-02-28,Financials,0.14400000000000002
Ranked long-short | LSTM,2026-02-28,Health Care,0.044000000000000004
Ranked long-short | LSTM,2026-02-28,Industrials,-0.065
Ranked long-short | LSTM,2026-02-28,Information Technology,-0.092
Ranked long-short | LSTM,2026-02-28,Materials,0.03
Ranked long-short | LSTM,2026-03-31,Consumer Discretionary,-0.007000000000000013
Ranked long-short | LSTM,2026-03-31,Energy,0.049999999999999996
Ranked long-short | LSTM,2026-03-31,Financials,0.14900000000000002
Ranked long-short | LSTM,2026-03-31,Health Care,0.004000000000000002
Ranked long-short | LSTM,2026-03-31,Industrials,-0.07999999999999999
Ranked long-short | LSTM,2026-03-31,Information Technology,-0.137
Ranked long-short | LSTM,2026-03-31,Materials,0.021
Ranked long-short | LSTM,2026-04-30,Consumer Discretionary,-0.0030000000000000027
Ranked long-short | LSTM,2026-04-30,Energy,0.044000000000000004
Ranked long-short | LSTM,2026-04-30,Financials,0.14900000000000002
Ranked long-short | LSTM,2026-04-30,Health Care,0.010000000000000004
Ranked long-short | LSTM,2026-04-30,Industrials,-0.094
Ranked long-short | LSTM,2026-04-30,Information Technology,-0.129
Ranked long-short | LSTM,2026-04-30,Materials,0.023
Ranked long-short | LSTM,2026-05-31,Consumer Discretionary,-0.11699999999999999
Ranked long-short | LSTM,2026-05-31,Energy,0.019999999999999997
Ranked long-short | LSTM,2026-05-31,Financials,0.11599999999999999
Ranked long-short | LSTM,2026-05-31,Health Care,0.004
Ranked long-short | LSTM,2026-05-31,Industrials,-0.11200000000000002
Ranked long-short | LSTM,2026-05-31,Information Technology,0.04499999999999999
Ranked long-short | LSTM,2026-05-31,Materials,0.044000000000000004
Ranked long-short | LSTM,2026-06-30,Consumer Discretionary,-0.09
Ranked long-short | LSTM,2026-06-30,Energy,-0.0050000000000000044
Ranked long-short | LSTM,2026-06-30,Financials,0.086
Ranked long-short | LSTM,2026-06-30,Health Care,0.002
Ranked long-short | LSTM,2026-06-30,Industrials,-0.1
Ranked long-short | LSTM,2026-06-30,Information Technology,0.060999999999999985
Ranked long-short | LSTM,2026-06-30,Materials,0.046
Ranked long-short | LSTM,2026-07-31,Consumer Discretionary,-0.101
Ranked long-short | LSTM,2026-07-31,Energy,-0.021
Ranked long-short | LSTM,2026-07-31,Financials,0.07100000000000001
Ranked long-short | LSTM,2026-07-31,Health Care,0.01
Ranked long-short | LSTM,2026-07-31,Industrials,-0.095
Ranked long-short | LSTM,2026-07-31,Information Technology,0.108
Ranked long-short | LSTM,2026-07-31,Materials,0.028
Ranked long-short | LSTM,2026-08-31,Consumer Discretionary,-0.065
Ranked long-short | LSTM,2026-08-31,Energy,0.021999999999999995
Ranked long-short | LSTM,2026-08-31,Financials,0.101
Ranked long-short | LSTM,2026-08-31,Health Care,-0.009999999999999998
Ranked long-short | LSTM,2026-08-31,Industrials,-0.087
Ranked long-short | LSTM,2026-08-31,Information Technology,0.017999999999999995
Ranked long-short | LSTM,2026-08-31,Materials,0.021
Ranked long-short | CNN,2024-12-31,Consumer Discretionary,0.008
Ranked long-short | CNN,2024-12-31,Energy,0.03
Ranked long-short | CNN,2024-12-31,Financials,0.14100000000000001
Ranked long-short | CNN,2024-12-31,Health Care,-0.011999999999999997
Ranked long-short | CNN,2024-12-31,Industrials,-0.038
Ranked long-short | CNN,2024-12-31,Information Technology,-0.11900000000000002
Ranked long-short | CNN,2024-12-31,Materials,-0.009999999999999998
Ranked long-short | CNN,2025-01-31,Consumer Discretionary,0.023
Ranked long-short | CNN,2025-01-31,Energy,0.0020000000000000018
Ranked long-short | CNN,2025-01-31,Financials,0.131
Ranked long-short | CNN,2025-01-31,Health Care,-0.011999999999999997
Ranked long-short | CNN,2025-01-31,Industrials,-0.051000000000000004
Ranked long-short | CNN,2025-01-31,Information Technology,-0.08100000000000002
Ranked long-short | CNN,2025-01-31,Materials,-0.011999999999999997
Ranked long-short | CNN,2025-02-28,Consumer Discretionary,0.008
Ranked long-short | CNN,2025-02-28,Energy,-0.025
Ranked long-short | CNN,2025-02-28,Financials,0.152
Ranked long-short | CNN,2025-02-28,Health Care,0.023000000000000003
Ranked long-short | CNN,2025-02-28,Industrials,-0.079
Ranked long-short | CNN,2025-02-28,Information Technology,-0.09
Ranked long-short | CNN,2025-02-28,Materials,0.010999999999999996
Ranked long-short | CNN,2025-03-31,Consumer Discretionary,0.008999999999999998
Ranked long-short | CNN,2025-03-31,Energy,-0.025000000000000005
Ranked long-short | CNN,2025-03-31,Financials,0.153
Ranked long-short | CNN,2025-03-31,Health Care,0.013000000000000003
Ranked long-short | CNN,2025-03-31,Industrials,-0.08099999999999999
Ranked long-short | CNN,2025-03-31,Information Technology,-0.095
Ranked long-short | CNN,2025-03-31,Materials,0.026000000000000002
Ranked long-short | CNN,2025-04-30,Consumer Discretionary,0.005999999999999998
Ranked long-short | CNN,2025-04-30,Energy,-0.028000000000000004
Ranked long-short | CNN,2025-04-30,Financials,0.149
Ranked long-short | CNN,2025-04-30,Health Care,0.027000000000000003
Ranked long-short | CNN,2025-04-30,Industrials,-0.091
Ranked long-short | CNN,2025-04-30,Information Technology,-0.096
Ranked long-short | CNN,2025-04-30,Materials,0.032999999999999995
Ranked long-short | CNN,2025-05-31,Consumer Discretionary,-0.02
Ranked long-short | CNN,2025-05-31,Energy,-0.05399999999999999
Ranked long-short | CNN,2025-05-31,Financials,0.151
Ranked long-short | CNN,2025-05-31,Health Care,0.047
Ranked long-short | CNN,2025-05-31,Industrials,-0.07300000000000001
Ranked long-short | CNN,2025-05-31,Information Technology,-0.065
Ranked long-short | CNN,2025-05-31,Materials,0.014000000000000005
Ranked long-short | CNN,2025-06-30,Consumer Discretionary,-0.020000000000000004
Ranked long-short | CNN,2025-06-30,Energy,-0.019000000000000006
Ranked long-short | CNN,2025-06-30,Financials,0.163
Ranked long-short | CNN,2025-06-30,Health Care,0.04000000000000001
Ranked long-short | CNN,2025-06-30,Industrials,-0.075
Ranked long-short | CNN,2025-06-30,Information Technology,-0.10399999999999998
Ranked long-short | CNN,2025-06-30,Materials,0.015
Ranked long-short | CNN,2025-07-31,Consumer Discretionary,0.005000000000000001
Ranked long-short | CNN,2025-07-31,Energy,0.018999999999999993
Ranked long-short | CNN,2025-07-31,Financials,0.171
Ranked long-short | CNN,2025-07-31,Health Care,0.006000000000000002
Ranked long-short | CNN,2025-07-31,Industrials,-0.077
Ranked long-short | CNN,2025-07-31,Information Technology,-0.128
Ranked long-short | CNN,2025-07-31,Materials,0.003999999999999997
Ranked long-short | CNN,2025-08-31,Consumer Discretionary,0.017999999999999995
Ranked long-short | CNN,2025-08-31,Energy,0.013999999999999992
Ranked long-short | CNN,2025-08-31,Financials,0.171
Ranked long-short | CNN,2025-08-31,Health Care,0.008
Ranked long-short | CNN,2025-08-31,Industrials,-0.094
Ranked long-short | CNN,2025-08-31,Information Technology,-0.128
Ranked long-short | CNN,2025-08-31,Materials,0.011000000000000003
Ranked long-short | CNN,2025-09-30,Consumer Discretionary,-0.056
Ranked long-short | CNN,2025-09-30,Energy,-0.036000000000000004
Ranked long-short | CNN,2025-09-30,Financials,0.153
Ranked long-short | CNN,2025-09-30,Health Care,0.052000000000000005
Ranked long-short | CNN,2025-09-30,Industrials,-0.094
Ranked long-short | CNN,2025-09-30,Information Technology,-0.018000000000000006
Ranked long-short | CNN,2025-09-30,Materials,-0.0009999999999999974
Ranked long-short | CNN,2025-10-31,Consumer Discretionary,-0.047999999999999994
Ranked long-short | CNN,2025-10-31,Energy,-0.043
Ranked long-short | CNN,2025-10-31,Financials,0.11099999999999999
Ranked long-short | CNN,2025-10-31,Health Care,0.06
Ranked long-short | CNN,2025-10-31,Industrials,-0.07600000000000001
Ranked long-short | CNN,2025-10-31,Information Technology,0.003999999999999979
Ranked long-short | CNN,2025-10-31,Materials,-0.008
Ranked long-short | CNN,2025-11-30,Consumer Discretionary,-0.051000000000000004
Ranked long-short | CNN,2025-11-30,Energy,-0.018000000000000002
Ranked long-short | CNN,2025-11-30,Financials,0.15000000000000002
Ranked long-short | CNN,2025-11-30,Health Care,0.052000000000000005
Ranked long-short | CNN,2025-11-30,Industrials,-0.08499999999999999
Ranked long-short | CNN,2025-11-30,Information Technology,-0.04500000000000001
Ranked long-short | CNN,2025-11-30,Materials,-0.002999999999999999
Ranked long-short | CNN,2025-12-31,Consumer Discretionary,-0.03500000000000002
Ranked long-short | CNN,2025-12-31,Energy,-0.0020000000000000018
Ranked long-short | CNN,2025-12-31,Financials,0.159
Ranked long-short | CNN,2025-12-31,Health Care,0.04000000000000001
Ranked long-short | CNN,2025-12-31,Industrials,-0.088
Ranked long-short | CNN,2025-12-31,Information Technology,-0.08800000000000001
Ranked long-short | CNN,2025-12-31,Materials,0.014000000000000002
Ranked long-short | CNN,2026-01-31,Consumer Discretionary,-0.07399999999999998
Ranked long-short | CNN,2026-01-31,Energy,0.007000000000000003
Ranked long-short | CNN,2026-01-31,Financials,0.15900000000000003
Ranked long-short | CNN,2026-01-31,Health Care,0.05
Ranked long-short | CNN,2026-01-31,Industrials,-0.07100000000000001
Ranked long-short | CNN,2026-01-31,Information Technology,-0.09400000000000001
Ranked long-short | CNN,2026-01-31,Materials,0.023000000000000003
Ranked long-short | CNN,2026-02-28,Consumer Discretionary,-0.098
Ranked long-short | CNN,2026-02-28,Energy,0.037
Ranked long-short | CNN,2026-02-28,Financials,0.136
Ranked long-short | CNN,2026-02-28,Health Care,0.034
Ranked long-short | CNN,2026-02-28,Industrials,-0.043
Ranked long-short | CNN,2026-02-28,Information Technology,-0.098
Ranked long-short | CNN,2026-02-28,Materials,0.032
Ranked long-short | CNN,2026-03-31,Consumer Discretionary,-0.082
Ranked long-short | CNN,2026-03-31,Energy,0.022000000000000006
Ranked long-short | CNN,2026-03-31,Financials,0.132
Ranked long-short | CNN,2026-03-31,Health Care,0.046
Ranked long-short | CNN,2026-03-31,Industrials,-0.08700000000000001
Ranked long-short | CNN,2026-03-31,Information Technology,-0.067
Ranked long-short | CNN,2026-03-31,Materials,0.036000000000000004
Ranked long-short | CNN,2026-04-30,Consumer Discretionary,-0.07600000000000001
Ranked long-short | CNN,2026-04-30,Energy,0.013000000000000001
Ranked long-short | CNN,2026-04-30,Financials,0.132
Ranked long-short | CNN,2026-04-30,Health Care,0.044000000000000004
Ranked long-short | CNN,2026-04-30,Industrials,-0.108
Ranked long-short | CNN,2026-04-30,Information Technology,-0.044000000000000004
Ranked long-short | CNN,2026-04-30,Materials,0.039
Ranked long-short | CNN,2026-05-31,Consumer Discretionary,-0.11699999999999999
Ranked long-short | CNN,2026-05-31,Energy,0.019999999999999997
Ranked long-short | CNN,2026-05-31,Financials,0.11599999999999999
Ranked long-short | CNN,2026-05-31,Health Care,0.004
Ranked long-short | CNN,2026-05-31,Industrials,-0.11200000000000002
Ranked long-short | CNN,2026-05-31,Information Technology,0.04499999999999999
Ranked long-short | CNN,2026-05-31,Materials,0.044000000000000004
Ranked long-short | CNN,2026-06-30,Consumer Discretionary,-0.09
Ranked long-short | CNN,2026-06-30,Energy,-0.0050000000000000044
Ranked long-short | CNN,2026-06-30,Financials,0.086
Ranked long-short | CNN,2026-06-30,Health Care,0.002
Ranked long-short | CNN,2026-06-30,Industrials,-0.1
Ranked long-short | CNN,2026-06-30,Information Technology,0.060999999999999985
Ranked long-short | CNN,2026-06-30,Materials,0.046
Ranked long-short | CNN,2026-07-31,Consumer Discretionary,-0.101
Ranked long-short | CNN,2026-07-31,Energy,-0.021
Ranked long-short | CNN,2026-07-31,Financials,0.07100000000000001
Ranked long-short | CNN,2026-07-31,Health Care,0.01
Ranked long-short | CNN,2026-07-31,Industrials,-0.095
Ranked long-short | CNN,2026-07-31,Information Technology,0.108
Ranked long-short | CNN,2026-07-31,Materials,0.028
Ranked long-short | CNN,2026-08-31,Consumer Discretionary,-0.065
Ranked long-short | CNN,2026-08-31,Energy,0.021999999999999995
Ranked long-short | CNN,2026-08-31,Financials,0.101
Ranked long-short | CNN,2026-08-31,Health Care,-0.009999999999999998
Ranked long-short | CNN,2026-08-31,Industrials,-0.087
Ranked long-short | CNN,2026-08-31,Information Technology,0.017999999999999995
Ranked long-short | CNN,2026-08-31,Materials,0.021
Ranked long-short | Prophet,2024-12-31,Consumer Discretionary,0.040999999999999995
Ranked long-short | Prophet,2024-12-31,Energy,0.054000000000000006
Ranked long-short | Prophet,2024-12-31,Financials,0.153
Ranked long-short | Prophet,2024-12-31,Health Care,-0.020999999999999998
Ranked long-short | Prophet,2024-12-31,Industrials,-0.077
Ranked long-short | Prophet,2024-12-31,Information Technology,-0.17900000000000002
Ranked long-short | Prophet,2024-12-31,Materials,0.028999999999999998
Ranked long-short | Prophet,2025-01-31,Consumer Discretionary,0.047
Ranked long-short | Prophet,2025-01-31,Energy,0.047
Ranked long-short | Prophet,2025-01-31,Financials,0.149
Ranked long-short | Prophet,2025-01-31,Health Care,-0.020999999999999998
Ranked long-short | Prophet,2025-01-31,Industrials,-0.078
Ranked long-short | Prophet,2025-01-31,Information Technology,-0.168
Ranked long-short | Prophet,2025-01-31,Materials,0.024
Ranked long-short | Prophet,2025-02-28,Consumer Discretionary,0.045
Ranked long-short | Prophet,2025-02-28,Energy,0.037
Ranked long-short | Prophet,2025-02-28,Financials,0.159
Ranked long-short | Prophet,2025-02-28,Health Care,-0.014999999999999996
Ranked long-short | Prophet,2025-02-28,Industrials,-0.08199999999999999
Ranked long-short | Prophet,2025-02-28,Information Technology,-0.166
Ranked long-short | Prophet,2025-02-28,Materials,0.022
Ranked long-short | Prophet,2025-03-31,Consumer Discretionary,0.033
Ranked long-short | Prophet,2025-03-31,Energy,0.016999999999999998
Ranked long-short | Prophet,2025-03-31,Financials,0.159
Ranked long-short | Prophet,2025-03-31,Health Care,-0.018999999999999996
Ranked long-short | Prophet,2025-03-31,Industrials,-0.07499999999999998
Ranked long-short | Prophet,2025-03-31,Information Technology,-0.139
Ranked long-short | Prophet,2025-03-31,Materials,0.024
Ranked long-short | Prophet,2025-04-30,Consumer Discretionary,0.032
Ranked long-short | Prophet,2025-04-30,Energy,0.011999999999999997
Ranked long-short | Prophet,2025-04-30,Financials,0.151
Ranked long-short | Prophet,2025-04-30,Health Care,-0.004999999999999996
Ranked long-short | Prophet,2025-04-30,Industrials,-0.089
Ranked long-short | Prophet,2025-04-30,Information Technology,-0.138
Ranked long-short | Prophet,2025-04-30,Materials,0.037
Ranked long-short | Prophet,2025-05-31,Consumer Discretionary,0.019000000000000003
Ranked long-short | Prophet,2025-05-31,Energy,0.013999999999999999
Ranked long-short | Prophet,2025-05-31,Financials,0.151
Ranked long-short | Prophet,2025-05-31,Health Care,0.0010000000000000044
Ranked long-short | Prophet,2025-05-31,Industrials,-0.078
Ranked long-short | Prophet,2025-05-31,Information Technology,-0.14200000000000002
Ranked long-short | Prophet,2025-05-31,Materials,0.034999999999999996
Ranked long-short | Prophet,2025-06-30,Consumer Discretionary,0.0019999999999999966
Ranked long-short | Prophet,2025-06-30,Energy,0.018999999999999996
Ranked long-short | Prophet,2025-06-30,Financials,0.169
Ranked long-short | Prophet,2025-06-30,Health Care,0.010000000000000002
Ranked long-short | Prophet,2025-06-30,Industrials,-0.06899999999999999
Ranked long-short | Prophet,2025-06-30,Information Technology,-0.15000000000000002
Ranked long-short | Prophet,2025-06-30,Materials,0.018999999999999996
Ranked long-short | Prophet,2025-07-31,Consumer Discretionary,0.005000000000000001
Ranked long-short | Prophet,2025-07-31,Energy,0.018999999999999993
Ranked long-short | Prophet,2025-07-31,Financials,0.171
Ranked long-short | Prophet,2025-07-31,Health Care,0.006000000000000002
Ranked long-short | Prophet,2025-07-31,Industrials,-0.077
Ranked long-short | Prophet,2025-07-31,Information Technology,-0.128
Ranked long-short | Prophet,2025-07-31,Materials,0.003999999999999997
Ranked long-short | Prophet,2025-08-31,Consumer Discretionary,0.017999999999999995
Ranked long-short | Prophet,2025-08-31,Energy,0.013999999999999992
Ranked long-short | Prophet,2025-08-31,Financials,0.171
Ranked long-short | Prophet,2025-08-31,Health Care,0.008
Ranked long-short | Prophet,2025-08-31,Industrials,-0.094
Ranked long-short | Prophet,2025-08-31,Information Technology,-0.128
Ranked long-short | Prophet,2025-08-31,Materials,0.011000000000000003
Ranked long-short | Prophet,2025-09-30,Consumer Discretionary,-0.008000000000000005
Ranked long-short | Prophet,2025-09-30,Energy,0.025999999999999995
Ranked long-short | Prophet,2025-09-30,Financials,0.163
Ranked long-short | Prophet,2025-09-30,Health Care,0.008
Ranked long-short | Prophet,2025-09-30,Industrials,-0.092
Ranked long-short | Prophet,2025-09-30,Information Technology,-0.108
Ranked long-short | Prophet,2025-09-30,Materials,0.011000000000000003
Ranked long-short | Prophet,2025-10-31,Consumer Discretionary,-0.027999999999999997
Ranked long-short | Prophet,2025-10-31,Energy,-0.013000000000000005
Ranked long-short | Prophet,2025-10-31,Financials,0.141
Ranked long-short | Prophet,2025-10-31,Health Care,0.04200000000000001
Ranked long-short | Prophet,2025-10-31,Industrials,-0.092
Ranked long-short | Prophet,2025-10-31,Information Technology,-0.06999999999999999
Ranked long-short | Prophet,2025-10-31,Materials,0.019999999999999997
Ranked long-short | Prophet,2025-11-30,Consumer Discretionary,-0.0010000000000000078
Ranked long-short | Prophet,2025-11-30,Energy,0.038
Ranked long-short | Prophet,2025-11-30,Financials,0.161
Ranked long-short | Prophet,2025-11-30,Health Care,0.008
Ranked long-short | Prophet,2025-11-30,Industrials,-0.08600000000000001
Ranked long-short | Prophet,2025-11-30,Information Technology,-0.126
Ranked long-short | Prophet,2025-11-30,Materials,0.005999999999999998
Ranked long-short | Prophet,2025-12-31,Consumer Discretionary,-0.007000000000000006
Ranked long-short | Prophet,2025-12-31,Energy,0.038
Ranked long-short | Prophet,2025-12-31,Financials,0.165
Ranked long-short | Prophet,2025-12-31,Health Care,0.010000000000000002
Ranked long-short | Prophet,2025-12-31,Industrials,-0.08
Ranked long-short | Prophet,2025-12-31,Information Technology,-0.134
Ranked long-short | Prophet,2025-12-31,Materials,0.008
Ranked long-short | Prophet,2026-01-31,Consumer Discretionary,-0.009000000000000001
Ranked long-short | Prophet,2026-01-31,Energy,0.039999999999999994
Ranked long-short | Prophet,2026-01-31,Financials,0.167
Ranked long-short | Prophet,2026-01-31,Health Care,0.014000000000000004
Ranked long-short | Prophet,2026-01-31,Industrials,-0.062000000000000006
Ranked long-short | Prophet,2026-01-31,Information Technology,-0.16600000000000004
Ranked long-short | Prophet,2026-01-31,Materials,0.016
Ranked long-short | Prophet,2026-02-28,Consumer Discretionary,-0.005000000000000006
Ranked long-short | Prophet,2026-02-28,Energy,0.039999999999999994
Ranked long-short | Prophet,2026-02-28,Financials,0.15700000000000003
Ranked long-short | Prophet,2026-02-28,Health Care,0.010000000000000004
Ranked long-short | Prophet,2026-02-28,Industrials,-0.058
Ranked long-short | Prophet,2026-02-28,Information Technology,-0.161
Ranked long-short | Prophet,2026-02-28,Materials,0.017
Ranked long-short | Prophet,2026-03-31,Consumer Discretionary,-0.007000000000000013
Ranked long-short | Prophet,2026-03-31,Energy,0.049999999999999996
Ranked long-short | Prophet,2026-03-31,Financials,0.14900000000000002
Ranked long-short | Prophet,2026-03-31,Health Care,0.004000000000000002
Ranked long-short | Prophet,2026-03-31,Industrials,-0.07999999999999999
Ranked long-short | Prophet,2026-03-31,Information Technology,-0.137
Ranked long-short | Prophet,2026-03-31,Materials,0.021
Ranked long-short | Prophet,2026-04-30,Consumer Discretionary,-0.0030000000000000027
Ranked long-short | Prophet,2026-04-30,Energy,0.044000000000000004
Ranked long-short | Prophet,2026-04-30,Financials,0.14900000000000002
Ranked long-short | Prophet,2026-04-30,Health Care,0.010000000000000004
Ranked long-short | Prophet,2026-04-30,Industrials,-0.094
Ranked long-short | Prophet,2026-04-30,Information Technology,-0.129
Ranked long-short | Prophet,2026-04-30,Materials,0.023
Ranked long-short | Prophet,2026-05-31,Consumer Discretionary,-6.938893903907228e-18
Ranked long-short | Prophet,2026-05-31,Energy,0.028999999999999998
Ranked long-short | Prophet,2026-05-31,Financials,0.14900000000000002
Ranked long-short | Prophet,2026-05-31,Health Care,-0.0019999999999999983
Ranked long-short | Prophet,2026-05-31,Industrials,-0.094
Ranked long-short | Prophet,2026-05-31,Information Technology,-0.10800000000000001
Ranked long-short | Prophet,2026-05-31,Materials,0.026000000000000002
Ranked long-short | Prophet,2026-06-30,Consumer Discretionary,0.03
Ranked long-short | Prophet,2026-06-30,Energy,0.018999999999999996
Ranked long-short | Prophet,2026-06-30,Financials,0.137
Ranked long-short | Prophet,2026-06-30,Health Care,-0.006999999999999999
Ranked long-short | Prophet,2026-06-30,Industrials,-0.07900000000000001
Ranked long-short | Prophet,2026-06-30,Information Technology,-0.125
Ranked long-short | Prophet,2026-06-30,Materials,0.025
Ranked long-short | Prophet,2026-07-31,Consumer Discretionary,-0.020000000000000004
Ranked long-short | Prophet,2026-07-31,Energy,-0.024000000000000004
Ranked long-short | Prophet,2026-07-31,Financials,0.125
Ranked long-short | Prophet,2026-07-31,Health Care,0.022000000000000002
Ranked long-short | Prophet,2026-07-31,Industrials,-0.08700000000000001
Ranked long-short | Prophet,2026-07-31,Information Technology,-0.04
Ranked long-short | Prophet,2026-07-31,Materials,0.024
Ranked long-short | Prophet,2026-08-31,Consumer Discretionary,0.0009999999999999922
Ranked long-short | Prophet,2026-08-31,Energy,-0.009000000000000008
Ranked long-short | Prophet,2026-08-31,Financials,0.137
Ranked long-short | Prophet,2026-08-31,Health Care,0.014000000000000004
Ranked long-short | Prophet,2026-08-31,Industrials,-0.08600000000000001
Ranked long-short | Prophet,2026-08-31,Information Technology,-0.076
Ranked long-short | Prophet,2026-08-31,Materials,0.019000000000000003
Ranked long-short | Historical mean,2024-12-31,Consumer Discretionary,0.008
Ranked long-short | Historical mean,2024-12-31,Energy,0.03
Ranked long-short | Historical mean,2024-12-31,Financials,0.14100000000000001
Ranked long-short | Historical mean,2024-12-31,Health Care,-0.011999999999999997
Ranked long-short | Historical mean,2024-12-31,Industrials,-0.038
Ranked long-short | Historical mean,2024-12-31,Information Technology,-0.11900000000000002
Ranked long-short | Historical mean,2024-12-31,Materials,-0.009999999999999998
Ranked long-short | Historical mean,2025-01-31,Consumer Discretionary,0.023
Ranked long-short | Historical mean,2025-01-31,Energy,0.0020000000000000018
Ranked long-short | Historical mean,2025-01-31,Financials,0.131
Ranked long-short | Historical mean,2025-01-31,Health Care,-0.011999999999999997
Ranked long-short | Historical mean,2025-01-31,Industrials,-0.051000000000000004
Ranked long-short | Historical mean,2025-01-31,Information Technology,-0.08100000000000002
Ranked long-short | Historical mean,2025-01-31,Materials,-0.011999999999999997
Ranked long-short | Historical mean,2025-02-28,Consumer Discretionary,0.017999999999999995
Ranked long-short | Historical mean,2025-02-28,Energy,-0.023
Ranked long-short | Historical mean,2025-02-28,Financials,0.156
Ranked long-short | Historical mean,2025-02-28,Health Care,0.0030000000000000027
Ranked long-short | Historical mean,2025-02-28,Industrials,-0.061000000000000006
Ranked long-short | Historical mean,2025-02-28,Information Technology,-0.07600000000000001
Ranked long-short | Historical mean,2025-02-28,Materials,-0.017
Ranked long-short | Historical mean,2025-03-31,Consumer Discretionary,0.009000000000000001
Ranked long-short | Historical mean,2025-03-31,Energy,-0.07300000000000001
Ranked long-short | Historical mean,2025-03-31,Financials,0.156
Ranked long-short | Historical mean,2025-03-31,Health Care,-0.006999999999999999
Ranked long-short | Historical mean,2025-03-31,Industrials,-0.054000000000000006
Ranked long-short | Historical mean,2025-03-31,Information Technology,-0.019000000000000013
Ranked long-short | Historical mean,2025-03-31,Materials,-0.011999999999999997
Ranked long-short | Historical mean,2025-04-30,Consumer Discretionary,-0.003999999999999993
Ranked long-short | Historical mean,2025-04-30,Energy,-0.07500000000000001
Ranked long-short | Historical mean,2025-04-30,Financials,0.157
Ranked long-short | Historical mean,2025-04-30,Health Care,0.028000000000000004
Ranked long-short | Historical mean,2025-04-30,Industrials,-0.068
Ranked long-short | Historical mean,2025-04-30,Information Technology,-0.027000000000000003
Ranked long-short | Historical mean,2025-04-30,Materials,-0.011000000000000003
Ranked long-short | Historical mean,2025-05-31,Consumer Discretionary,-0.026000000000000002
Ranked long-short | Historical mean,2025-05-31,Energy,-0.07
Ranked long-short | Historical mean,2025-05-31,Financials,0.157
Ranked long-short | Historical mean,2025-05-31,Health Care,0.043000000000000003
Ranked long-short | Historical mean,2025-05-31,Industrials,-0.051000000000000004
Ranked long-short | Historical mean,2025-05-31,Information Technology,-0.037
Ranked long-short | Historical mean,2025-05-31,Materials,-0.016
Ranked long-short | Historical mean,2025-06-30,Consumer Discretionary,-0.027999999999999997
Ranked long-short | Historical mean,2025-06-30,Energy,-0.04700000000000001
Ranked long-short | Historical mean,2025-06-30,Financials,0.166
Ranked long-short | Historical mean,2025-06-30,Health Care,0.05500000000000001
Ranked long-short | Historical mean,2025-06-30,Industrials,-0.03900000000000001
Ranked long-short | Historical mean,2025-06-30,Information Technology,-0.081
Ranked long-short | Historical mean,2025-06-30,Materials,-0.026
Ranked long-short | Historical mean,2025-07-31,Consumer Discretionary,-0.052
Ranked long-short | Historical mean,2025-07-31,Energy,-0.04700000000000001
Ranked long-short | Historical mean,2025-07-31,Financials,0.17099999999999999
Ranked long-short | Historical mean,2025-07-31,Health Care,0.045
Ranked long-short | Historical mean,2025-07-31,Industrials,-0.059000000000000004
Ranked long-short | Historical mean,2025-07-31,Information Technology,-0.026000000000000002
Ranked long-short | Historical mean,2025-07-31,Materials,-0.032
Ranked long-short | Historical mean,2025-08-31,Consumer Discretionary,-0.009000000000000001
Ranked long-short | Historical mean,2025-08-31,Energy,-0.07
Ranked long-short | Historical mean,2025-08-31,Financials,0.171
Ranked long-short | Historical mean,2025-08-31,Health Care,0.05
Ranked long-short | Historical mean,2025-08-31,Industrials,-0.091
Ranked long-short | Historical mean,2025-08-31,Information Technology,-0.026000000000000006
Ranked long-short | Historical mean,2025-08-31,Materials,-0.025
Ranked long-short | Historical mean,2025-09-30,Consumer Discretionary,-0.074
Ranked long-short | Historical mean,2025-09-30,Energy,-0.04
Ranked long-short | Historical mean,2025-09-30,Financials,0.151
Ranked long-short | Historical mean,2025-09-30,Health Care,0.05
Ranked long-short | Historical mean,2025-09-30,Industrials,-0.08600000000000001
Ranked long-short | Historical mean,2025-09-30,Information Technology,0.023999999999999987
Ranked long-short | Historical mean,2025-09-30,Materials,-0.025
Ranked long-short | Historical mean,2025-10-31,Consumer Discretionary,-0.047999999999999994
Ranked long-short | Historical mean,2025-10-31,Energy,-0.043
Ranked long-short | Historical mean,2025-10-31,Financials,0.11099999999999999
Ranked long-short | Historical mean,2025-10-31,Health Care,0.06
Ranked long-short | Historical mean,2025-10-31,Industrials,-0.07600000000000001
Ranked long-short | Historical mean,2025-10-31,Information Technology,0.003999999999999979
Ranked long-short | Historical mean,2025-10-31,Materials,-0.008
Ranked long-short | Historical mean,2025-11-30,Consumer Discretionary,-0.067
Ranked long-short | Historical mean,2025-11-30,Energy,-0.010000000000000002
Ranked long-short | Historical mean,2025-11-30,Financials,0.14600000000000002
Ranked long-short | Historical mean,2025-11-30,Health Care,0.05
Ranked long-short | Historical mean,2025-11-30,Industrials,-0.07100000000000001
Ranked long-short | Historical mean,2025-11-30,Information Technology,-0.02099999999999999
Ranked long-short | Historical mean,2025-11-30,Materials,-0.027000000000000003
Ranked long-short | Historical mean,2025-12-31,Consumer Discretionary,-0.08199999999999999
Ranked long-short | Historical mean,2025-12-31,Energy,-0.010000000000000002
Ranked long-short | Historical mean,2025-12-31,Financials,0.156
Ranked long-short | Historical mean,2025-12-31,Health Care,0.05500000000000001
Ranked long-short | Historical mean,2025-12-31,Industrials,-0.077
Ranked long-short | Historical mean,2025-12-31,Information Technology,-0.04100000000000002
Ranked long-short | Historical mean,2025-12-31,Materials,-0.0009999999999999992
Ranked long-short | Historical mean,2026-01-31,Consumer Discretionary,-0.10799999999999998
Ranked long-short | Historical mean,2026-01-31,Energy,0.037
Ranked long-short | Historical mean,2026-01-31,Financials,0.161
Ranked long-short | Historical mean,2026-01-31,Health Care,0.044
Ranked long-short | Historical mean,2026-01-31,Industrials,-0.053000000000000005
Ranked long-short | Historical mean,2026-01-31,Information Technology,-0.10000000000000002
Ranked long-short | Historical mean,2026-01-31,Materials,0.019000000000000003
Ranked long-short | Historical mean,2026-02-28,Consumer Discretionary,-0.098
Ranked long-short | Historical mean,2026-02-28,Energy,0.037
Ranked long-short | Historical mean,2026-02-28,Financials,0.136
Ranked long-short | Historical mean,2026-02-28,Health Care,0.034
Ranked long-short | Historical mean,2026-02-28,Industrials,-0.043
Ranked long-short | Historical mean,2026-02-28,Information Technology,-0.098
Ranked long-short | Historical mean,2026-02-28,Materials,0.032
Ranked long-short | Historical mean,2026-03-31,Consumer Discretionary,-0.124
Ranked long-short | Historical mean,2026-03-31,Energy,0.062000000000000006
Ranked long-short | Historical mean,2026-03-31,Financials,0.116
Ranked long-short | Historical mean,2026-03-31,Health Care,0.04
Ranked long-short | Historical mean,2026-03-31,Industrials,-0.077
Ranked long-short | Historical mean,2026-03-31,Information Technology,-0.05900000000000001
Ranked long-short | Historical mean,2026-03-31,Materials,0.042
Ranked long-short | Historical mean,2026-04-30,Consumer Discretionary,-0.07600000000000001
Ranked long-short | Historical mean,2026-04-30,Energy,0.013000000000000001
Ranked long-short | Historical mean,2026-04-30,Financials,0.132
Ranked long-short | Historical mean,2026-04-30,Health Care,0.044000000000000004
Ranked long-short | Historical mean,2026-04-30,Industrials,-0.108
Ranked long-short | Historical mean,2026-04-30,Information Technology,-0.044000000000000004
Ranked long-short | Historical mean,2026-04-30,Materials,0.039
Ranked long-short | Historical mean,2026-05-31,Consumer Discretionary,-0.07700000000000001
Ranked long-short | Historical mean,2026-05-31,Energy,-0.004
Ranked long-short | Historical mean,2026-05-31,Financials,0.132
Ranked long-short | Historical mean,2026-05-31,Health Care,0.026000000000000002
Ranked long-short | Historical mean,2026-05-31,Industrials,-0.108
Ranked long-short | Historical mean,2026-05-31,Information Technology,-0.00700000000000001
Ranked long-short | Historical mean,2026-05-31,Materials,0.038000000000000006
Ranked long-short | Historical mean,2026-06-30,Consumer Discretionary,-0.09
Ranked long-short | Historical mean,2026-06-30,Energy,-0.0050000000000000044
Ranked long-short | Historical mean,2026-06-30,Financials,0.086
Ranked long-short | Historical mean,2026-06-30,Health Care,0.002
Ranked long-short | Historical mean,2026-06-30,Industrials,-0.1
Ranked long-short | Historical mean,2026-06-30,Information Technology,0.060999999999999985
Ranked long-short | Historical mean,2026-06-30,Materials,0.046
Ranked long-short | Historical mean,2026-07-31,Consumer Discretionary,-0.101
Ranked long-short | Historical mean,2026-07-31,Energy,-0.021
Ranked long-short | Historical mean,2026-07-31,Financials,0.07100000000000001
Ranked long-short | Historical mean,2026-07-31,Health Care,0.01
Ranked long-short | Historical mean,2026-07-31,Industrials,-0.095
Ranked long-short | Historical mean,2026-07-31,Information Technology,0.108
Ranked long-short | Historical mean,2026-07-31,Materials,0.028
Ranked long-short | Historical mean,2026-08-31,Consumer Discretionary,-0.040999999999999995
Ranked long-short | Historical mean,2026-08-31,Energy,-0.006000000000000005
Ranked long-short | Historical mean,2026-08-31,Financials,0.123
Ranked long-short | Historical mean,2026-08-31,Health Care,0.016
Ranked long-short | Historical mean,2026-08-31,Industrials,-0.08900000000000001
Ranked long-short | Historical mean,2026-08-31,Information Technology,-0.024000000000000025
Ranked long-short | Historical mean,2026-08-31,Materials,0.021
Ranked long-short | Last observed,2024-12-31,Consumer Discretionary,0.040999999999999995
Ranked long-short | Last observed,2024-12-31,Energy,0.054000000000000006
Ranked long-short | Last observed,2024-12-31,Financials,0.153
Ranked long-short | Last observed,2024-12-31,Health Care,-0.020999999999999998
Ranked long-short | Last observed,2024-12-31,Industrials,-0.077
Ranked long-short | Last observed,2024-12-31,Information Technology,-0.17900000000000002
Ranked long-short | Last observed,2024-12-31,Materials,0.028999999999999998
Ranked long-short | Last observed,2025-01-31,Consumer Discretionary,0.053000000000000005
Ranked long-short | Last observed,2025-01-31,Energy,0.053
Ranked long-short | Last observed,2025-01-31,Financials,0.146
Ranked long-short | Last observed,2025-01-31,Health Care,-0.033999999999999996
Ranked long-short | Last observed,2025-01-31,Industrials,-0.067
Ranked long-short | Last observed,2025-01-31,Information Technology,-0.162
Ranked long-short | Last observed,2025-01-31,Materials,0.011000000000000003
Ranked long-short | Last observed,2025-02-28,Consumer Discretionary,0.008
Ranked long-short | Last observed,2025-02-28,Energy,-0.025
Ranked long-short | Last observed,2025-02-28,Financials,0.152
Ranked long-short | Last observed,2025-02-28,Health Care,0.023000000000000003
Ranked long-short | Last observed,2025-02-28,Industrials,-0.079
Ranked long-short | Last observed,2025-02-28,Information Technology,-0.09
Ranked long-short | Last observed,2025-02-28,Materials,0.010999999999999996
Ranked long-short | Last observed,2025-03-31,Consumer Discretionary,0.0009999999999999974
Ranked long-short | Last observed,2025-03-31,Energy,-0.05499999999999999
Ranked long-short | Last observed,2025-03-31,Financials,0.152
Ranked long-short | Last observed,2025-03-31,Health Care,0.017
Ranked long-short | Last observed,2025-03-31,Industrials,-0.074
Ranked long-short | Last observed,2025-03-31,Information Technology,-0.055
Ranked long-short | Last observed,2025-03-31,Materials,0.013999999999999999
Ranked long-short | Last observed,2025-04-30,Consumer Discretionary,0.005999999999999998
Ranked long-short | Last observed,2025-04-30,Energy,-0.028000000000000004
Ranked long-short | Last observed,2025-04-30,Financials,0.149
Ranked long-short | Last observed,2025-04-30,Health Care,0.027000000000000003
Ranked long-short | Last observed,2025-04-30,Industrials,-0.091
Ranked long-short | Last observed,2025-04-30,Information Technology,-0.096
Ranked long-short | Last observed,2025-04-30,Materials,0.032999999999999995
Ranked long-short | Last observed,2025-05-31,Consumer Discretionary,-0.02
Ranked long-short | Last observed,2025-05-31,Energy,-0.05399999999999999
Ranked long-short | Last observed,2025-05-31,Financials,0.151
Ranked long-short | Last observed,2025-05-31,Health Care,0.047
Ranked long-short | Last observed,2025-05-31,Industrials,-0.07300000000000001
Ranked long-short | Last observed,2025-05-31,Information Technology,-0.065
Ranked long-short | Last observed,2025-05-31,Materials,0.014000000000000005
Ranked long-short | Last observed,2025-06-30,Consumer Discretionary,-0.020000000000000004
Ranked long-short | Last observed,2025-06-30,Energy,-0.019000000000000006
Ranked long-short | Last observed,2025-06-30,Financials,0.163
Ranked long-short | Last observed,2025-06-30,Health Care,0.04000000000000001
Ranked long-short | Last observed,2025-06-30,Industrials,-0.075
Ranked long-short | Last observed,2025-06-30,Information Technology,-0.10399999999999998
Ranked long-short | Last observed,2025-06-30,Materials,0.015
Ranked long-short | Last observed,2025-07-31,Consumer Discretionary,6.938893903907228e-18
Ranked long-short | Last observed,2025-07-31,Energy,0.015999999999999997
Ranked long-short | Last observed,2025-07-31,Financials,0.174
Ranked long-short | Last observed,2025-07-31,Health Care,0.004
Ranked long-short | Last observed,2025-07-31,Industrials,-0.068
Ranked long-short | Last observed,2025-07-31,Information Technology,-0.117
Ranked long-short | Last observed,2025-07-31,Materials,-0.008999999999999994
Ranked long-short | Last observed,2025-08-31,Consumer Discretionary,-0.017000000000000005
Ranked long-short | Last observed,2025-08-31,Energy,-0.054000000000000006
Ranked long-short | Last observed,2025-08-31,Financials,0.165
Ranked long-short | Last observed,2025-08-31,Health Care,0.052000000000000005
Ranked long-short | Last observed,2025-08-31,Industrials,-0.097
Ranked long-short | Last observed,2025-08-31,Information Technology,-0.048000000000000015
Ranked long-short | Last observed,2025-08-31,Materials,-0.0009999999999999974
Ranked long-short | Last observed,2025-09-30,Consumer Discretionary,-0.056
Ranked long-short | Last observed,2025-09-30,Energy,-0.036000000000000004
Ranked long-short | Last observed,2025-09-30,Financials,0.153
Ranked long-short | Last observed,2025-09-30,Health Care,0.052000000000000005
Ranked long-short | Last observed,2025-09-30,Industrials,-0.094
Ranked long-short | Last observed,2025-09-30,Information Technology,-0.018000000000000006
Ranked long-short | Last observed,2025-09-30,Materials,-0.0009999999999999974
Ranked long-short | Last observed,2025-10-31,Consumer Discretionary,-0.042
Ranked long-short | Last observed,2025-10-31,Energy,-0.037
Ranked long-short | Last observed,2025-10-31,Financials,0.129
Ranked long-short | Last observed,2025-10-31,Health Care,0.057999999999999996
Ranked long-short | Last observed,2025-10-31,Industrials,-0.08800000000000001
Ranked long-short | Last observed,2025-10-31,Information Technology,-0.030000000000000013
Ranked long-short | Last observed,2025-10-31,Materials,0.010000000000000002
Ranked long-short | Last observed,2025-11-30,Consumer Discretionary,-0.0010000000000000078
Ranked long-short | Last observed,2025-11-30,Energy,0.038
Ranked long-short | Last observed,2025-11-30,Financials,0.161
Ranked long-short | Last observed,2025-11-30,Health Care,0.008
Ranked long-short | Last observed,2025-11-30,Industrials,-0.08600000000000001
Ranked long-short | Last observed,2025-11-30,Information Technology,-0.126
Ranked long-short | Last observed,2025-11-30,Materials,0.005999999999999998
Ranked long-short | Last observed,2025-12-31,Consumer Discretionary,-0.03500000000000002
Ranked long-short | Last observed,2025-12-31,Energy,-0.0020000000000000018
Ranked long-short | Last observed,2025-12-31,Financials,0.159
Ranked long-short | Last observed,2025-12-31,Health Care,0.04000000000000001
Ranked long-short | Last observed,2025-12-31,Industrials,-0.088
Ranked long-short | Last observed,2025-12-31,Information Technology,-0.08800000000000001
Ranked long-short | Last observed,2025-12-31,Materials,0.014000000000000002
Ranked long-short | Last observed,2026-01-31,Consumer Discretionary,-0.009000000000000001
Ranked long-short | Last observed,2026-01-31,Energy,0.039999999999999994
Ranked long-short | Last observed,2026-01-31,Financials,0.167
Ranked long-short | Last observed,2026-01-31,Health Care,0.014000000000000004
Ranked long-short | Last observed,2026-01-31,Industrials,-0.062000000000000006
Ranked long-short | Last observed,2026-01-31,Information Technology,-0.16600000000000004
Ranked long-short | Last observed,2026-01-31,Materials,0.016
Ranked long-short | Last observed,2026-02-28,Consumer Discretionary,-0.005000000000000006
Ranked long-short | Last observed,2026-02-28,Energy,0.039999999999999994
Ranked long-short | Last observed,2026-02-28,Financials,0.15700000000000003
Ranked long-short | Last observed,2026-02-28,Health Care,0.010000000000000004
Ranked long-short | Last observed,2026-02-28,Industrials,-0.058
Ranked long-short | Last observed,2026-02-28,Information Technology,-0.161
Ranked long-short | Last observed,2026-02-28,Materials,0.017
Ranked long-short | Last observed,2026-03-31,Consumer Discretionary,-0.02799999999999999
Ranked long-short | Last observed,2026-03-31,Energy,0.07
Ranked long-short | Last observed,2026-03-31,Financials,0.14100000000000001
Ranked long-short | Last observed,2026-03-31,Health Care,0.0010000000000000009
Ranked long-short | Last observed,2026-03-31,Industrials,-0.07500000000000001
Ranked long-short | Last observed,2026-03-31,Information Technology,-0.133
Ranked long-short | Last observed,2026-03-31,Materials,0.024
Ranked long-short | Last observed,2026-04-30,Consumer Discretionary,-0.03900000000000001
Ranked long-short | Last observed,2026-04-30,Energy,0.012000000000000004
Ranked long-short | Last observed,2026-04-30,Financials,0.14300000000000002
Ranked long-short | Last observed,2026-04-30,Health Care,0.036000000000000004
Ranked long-short | Last observed,2026-04-30,Industrials,-0.102
Ranked long-short | Last observed,2026-04-30,Information Technology,-0.08099999999999999
Ranked long-short | Last observed,2026-04-30,Materials,0.031
Ranked long-short | Last observed,2026-05-31,Consumer Discretionary,-0.11699999999999999
Ranked long-short | Last observed,2026-05-31,Energy,0.019999999999999997
Ranked long-short | Last observed,2026-05-31,Financials,0.11599999999999999
Ranked long-short | Last observed,2026-05-31,Health Care,0.004
Ranked long-short | Last observed,2026-05-31,Industrials,-0.11200000000000002
Ranked long-short | Last observed,2026-05-31,Information Technology,0.04499999999999999
Ranked long-short | Last observed,2026-05-31,Materials,0.044000000000000004
Ranked long-short | Last observed,2026-06-30,Consumer Discretionary,-0.09
Ranked long-short | Last observed,2026-06-30,Energy,-0.0050000000000000044
Ranked long-short | Last observed,2026-06-30,Financials,0.086
Ranked long-short | Last observed,2026-06-30,Health Care,0.002
Ranked long-short | Last observed,2026-06-30,Industrials,-0.1
Ranked long-short | Last observed,2026-06-30,Information Technology,0.060999999999999985
Ranked long-short | Last observed,2026-06-30,Materials,0.046
Ranked long-short | Last observed,2026-07-31,Consumer Discretionary,-0.101
Ranked long-short | Last observed,2026-07-31,Energy,-0.021
Ranked long-short | Last observed,2026-07-31,Financials,0.07100000000000001
Ranked long-short | Last observed,2026-07-31,Health Care,0.01
Ranked long-short | Last observed,2026-07-31,Industrials,-0.095
Ranked long-short | Last observed,2026-07-31,Information Technology,0.108
Ranked long-short | Last observed,2026-07-31,Materials,0.028
Ranked long-short | Last observed,2026-08-31,Consumer Discretionary,0.061
Ranked long-short | Last observed,2026-08-31,Energy,0.012999999999999994
Ranked long-short | Last observed,2026-08-31,Financials,0.14300000000000002
Ranked long-short | Last observed,2026-08-31,Health Care,-0.016
Ranked long-short | Last observed,2026-08-31,Industrials,-0.078
Ranked long-short | Last observed,2026-08-31,Information Technology,-0.138
Ranked long-short | Last observed,2026-08-31,Materials,0.015000000000000001
Sector neutral | Equal factors,2024-12-31,Consumer Discretionary,-2.7755575615628914e-17
Sector neutral | Equal factors,2024-12-31,Energy,0.0
Sector neutral | Equal factors,2024-12-31,Financials,0.0
Sector neutral | Equal factors,2024-12-31,Health Care,0.0
Sector neutral | Equal factors,2024-12-31,Industrials,0.0
Sector neutral | Equal factors,2024-12-31,Information Technology,0.0
Sector neutral | Equal factors,2024-12-31,Materials,0.0
Sector neutral | Equal factors,2025-01-31,Consumer Discretionary,0.0
Sector neutral | Equal factors,2025-01-31,Energy,0.0
Sector neutral | Equal factors,2025-01-31,Financials,0.0
Sector neutral | Equal factors,2025-01-31,Health Care,0.0
Sector neutral | Equal factors,2025-01-31,Industrials,0.0
Sector neutral | Equal factors,2025-01-31,Information Technology,1.3877787807814457e-17
Sector neutral | Equal factors,2025-01-31,Materials,0.0
Sector neutral | Equal factors,2025-02-28,Consumer Discretionary,-2.7755575615628914e-17
Sector neutral | Equal factors,2025-02-28,Energy,0.0
Sector neutral | Equal factors,2025-02-28,Financials,0.0
Sector neutral | Equal factors,2025-02-28,Health Care,0.0
Sector neutral | Equal factors,2025-02-28,Industrials,0.0
Sector neutral | Equal factors,2025-02-28,Information Technology,2.7755575615628914e-17
Sector neutral | Equal factors,2025-02-28,Materials,0.0
Sector neutral | Equal factors,2025-03-31,Consumer Discretionary,1.3877787807814457e-17
Sector neutral | Equal factors,2025-03-31,Energy,0.0
Sector neutral | Equal factors,2025-03-31,Financials,0.0
Sector neutral | Equal factors,2025-03-31,Health Care,0.0
Sector neutral | Equal factors,2025-03-31,Industrials,0.0
Sector neutral | Equal factors,2025-03-31,Information Technology,2.0816681711721685e-17
Sector neutral | Equal factors,2025-03-31,Materials,0.0
Sector neutral | Equal factors,2025-04-30,Consumer Discretionary,-3.469446951953614e-17
Sector neutral | Equal factors,2025-04-30,Energy,0.0
Sector neutral | Equal factors,2025-04-30,Financials,0.0
Sector neutral | Equal factors,2025-04-30,Health Care,0.0
Sector neutral | Equal factors,2025-04-30,Industrials,0.0
Sector neutral | Equal factors,2025-04-30,Information Technology,-6.938893903907228e-18
Sector neutral | Equal factors,2025-04-30,Materials,0.0
Sector neutral | Equal factors,2025-05-31,Consumer Discretionary,2.7755575615628914e-17
Sector neutral | Equal factors,2025-05-31,Energy,0.0
Sector neutral | Equal factors,2025-05-31,Financials,0.0
Sector neutral | Equal factors,2025-05-31,Health Care,0.0
Sector neutral | Equal factors,2025-05-31,Industrials,0.0
Sector neutral | Equal factors,2025-05-31,Information Technology,5.0306980803327406e-17
Sector neutral | Equal factors,2025-05-31,Materials,0.0
Sector neutral | Equal factors,2025-06-30,Consumer Discretionary,1.0408340855860843e-17
Sector neutral | Equal factors,2025-06-30,Energy,0.0
Sector neutral | Equal factors,2025-06-30,Financials,0.0
Sector neutral | Equal factors,2025-06-30,Health Care,0.0
Sector neutral | Equal factors,2025-06-30,Industrials,0.0
Sector neutral | Equal factors,2025-06-30,Information Technology,-6.938893903907228e-18
Sector neutral | Equal factors,2025-06-30,Materials,0.0
Sector neutral | Equal factors,2025-07-31,Consumer Discretionary,1.0408340855860843e-17
Sector neutral | Equal factors,2025-07-31,Energy,0.0
Sector neutral | Equal factors,2025-07-31,Financials,0.0
Sector neutral | Equal factors,2025-07-31,Health Care,0.0
Sector neutral | Equal factors,2025-07-31,Industrials,0.0
Sector neutral | Equal factors,2025-07-31,Information Technology,-6.938893903907228e-18
Sector neutral | Equal factors,2025-07-31,Materials,0.0
Sector neutral | Equal factors,2025-08-31,Consumer Discretionary,1.3877787807814457e-17
Sector neutral | Equal factors,2025-08-31,Energy,0.0
Sector neutral | Equal factors,2025-08-31,Financials,0.0
Sector neutral | Equal factors,2025-08-31,Health Care,0.0
Sector neutral | Equal factors,2025-08-31,Industrials,0.0
Sector neutral | Equal factors,2025-08-31,Information Technology,-6.938893903907228e-18
Sector neutral | Equal factors,2025-08-31,Materials,0.0
Sector neutral | Equal factors,2025-09-30,Consumer Discretionary,-4.336808689942018e-18
Sector neutral | Equal factors,2025-09-30,Energy,0.0
Sector neutral | Equal factors,2025-09-30,Financials,0.0
Sector neutral | Equal factors,2025-09-30,Health Care,0.0
Sector neutral | Equal factors,2025-09-30,Industrials,0.0
Sector neutral | Equal factors,2025-09-30,Information Technology,-1.734723475976807e-17
Sector neutral | Equal factors,2025-09-30,Materials,0.0
Sector neutral | Equal factors,2025-10-31,Consumer Discretionary,-1.3877787807814457e-17
Sector neutral | Equal factors,2025-10-31,Energy,0.0
Sector neutral | Equal factors,2025-10-31,Financials,0.0
Sector neutral | Equal factors,2025-10-31,Health Care,0.0
Sector neutral | Equal factors,2025-10-31,Industrials,0.0
Sector neutral | Equal factors,2025-10-31,Information Technology,-6.938893903907228e-18
Sector neutral | Equal factors,2025-10-31,Materials,0.0
Sector neutral | Equal factors,2025-11-30,Consumer Discretionary,1.734723475976807e-17
Sector neutral | Equal factors,2025-11-30,Energy,0.0
Sector neutral | Equal factors,2025-11-30,Financials,0.0
Sector neutral | Equal factors,2025-11-30,Health Care,0.0
Sector neutral | Equal factors,2025-11-30,Industrials,0.0
Sector neutral | Equal factors,2025-11-30,Information Technology,1.734723475976807e-17
Sector neutral | Equal factors,2025-11-30,Materials,0.0
Sector neutral | Equal factors,2025-12-31,Consumer Discretionary,-3.469446951953614e-18
Sector neutral | Equal factors,2025-12-31,Energy,0.0
Sector neutral | Equal factors,2025-12-31,Financials,0.0
Sector neutral | Equal factors,2025-12-31,Health Care,0.0
Sector neutral | Equal factors,2025-12-31,Industrials,0.0
Sector neutral | Equal factors,2025-12-31,Information Technology,-1.0408340855860843e-17
Sector neutral | Equal factors,2025-12-31,Materials,0.0
Sector neutral | Equal factors,2026-01-31,Consumer Discretionary,1.734723475976807e-17
Sector neutral | Equal factors,2026-01-31,Energy,0.0
Sector neutral | Equal factors,2026-01-31,Financials,0.0
Sector neutral | Equal factors,2026-01-31,Health Care,0.0
Sector neutral | Equal factors,2026-01-31,Industrials,0.0
Sector neutral | Equal factors,2026-01-31,Information Technology,3.469446951953614e-18
Sector neutral | Equal factors,2026-01-31,Materials,0.0
Sector neutral | Equal factors,2026-02-28,Consumer Discretionary,-1.734723475976807e-17
Sector neutral | Equal factors,2026-02-28,Energy,0.0
Sector neutral | Equal factors,2026-02-28,Financials,0.0
Sector neutral | Equal factors,2026-02-28,Health Care,0.0
Sector neutral | Equal factors,2026-02-28,Industrials,0.0
Sector neutral | Equal factors,2026-02-28,Information Technology,8.673617379884035e-18
Sector neutral | Equal factors,2026-02-28,Materials,0.0
Sector neutral | Equal factors,2026-03-31,Consumer Discretionary,-1.3877787807814457e-17
Sector neutral | Equal factors,2026-03-31,Energy,0.0
Sector neutral | Equal factors,2026-03-31,Financials,0.0
Sector neutral | Equal factors,2026-03-31,Health Care,0.0
Sector neutral | Equal factors,2026-03-31,Industrials,0.0
Sector neutral | Equal factors,2026-03-31,Information Technology,2.7755575615628914e-17
Sector neutral | Equal factors,2026-03-31,Materials,0.0
Sector neutral | Equal factors,2026-04-30,Consumer Discretionary,1.214306433183765e-17
Sector neutral | Equal factors,2026-04-30,Energy,0.0
Sector neutral | Equal factors,2026-04-30,Financials,0.0
Sector neutral | Equal factors,2026-04-30,Health Care,0.0
Sector neutral | Equal factors,2026-04-30,Industrials,0.0
Sector neutral | Equal factors,2026-04-30,Information Technology,-1.3877787807814457e-17
Sector neutral | Equal factors,2026-04-30,Materials,0.0
Sector neutral | Equal factors,2026-05-31,Consumer Discretionary,0.0
Sector neutral | Equal factors,2026-05-31,Energy,0.0
Sector neutral | Equal factors,2026-05-31,Financials,0.0
Sector neutral | Equal factors,2026-05-31,Health Care,0.0
Sector neutral | Equal factors,2026-05-31,Industrials,0.0
Sector neutral | Equal factors,2026-05-31,Information Technology,2.0816681711721685e-17
Sector neutral | Equal factors,2026-05-31,Materials,0.0
Sector neutral | Equal factors,2026-06-30,Consumer Discretionary,5.551115123125783e-17
Sector neutral | Equal factors,2026-06-30,Energy,0.0
Sector neutral | Equal factors,2026-06-30,Financials,0.0
Sector neutral | Equal factors,2026-06-30,Health Care,0.0
Sector neutral | Equal factors,2026-06-30,Industrials,0.0
Sector neutral | Equal factors,2026-06-30,Information Technology,2.0816681711721685e-17
Sector neutral | Equal factors,2026-06-30,Materials,0.0
Sector neutral | Equal factors,2026-07-31,Consumer Discretionary,3.8163916471489756e-17
Sector neutral | Equal factors,2026-07-31,Energy,0.0
Sector neutral | Equal factors,2026-07-31,Financials,0.0
Sector neutral | Equal factors,2026-07-31,Health Care,0.0
Sector neutral | Equal factors,2026-07-31,Industrials,0.0
Sector neutral | Equal factors,2026-07-31,Information Technology,5.551115123125783e-17
Sector neutral | Equal factors,2026-07-31,Materials,0.0
Sector neutral | Equal factors,2026-08-31,Consumer Discretionary,5.551115123125783e-17
Sector neutral | Equal factors,2026-08-31,Energy,0.0
Sector neutral | Equal factors,2026-08-31,Financials,0.0
Sector neutral | Equal factors,2026-08-31,Health Care,0.0
Sector neutral | Equal factors,2026-08-31,Industrials,0.0
Sector neutral | Equal factors,2026-08-31,Information Technology,3.8163916471489756e-17
Sector neutral | Equal factors,2026-08-31,Materials,0.0
Sector neutral | Ridge,2024-12-31,Consumer Discretionary,0.0
Sector neutral | Ridge,2024-12-31,Energy,0.0
Sector neutral | Ridge,2024-12-31,Financials,0.0
Sector neutral | Ridge,2024-12-31,Health Care,0.0
Sector neutral | Ridge,2024-12-31,Industrials,0.0
Sector neutral | Ridge,2024-12-31,Information Technology,-1.5612511283791264e-17
Sector neutral | Ridge,2024-12-31,Materials,0.0
Sector neutral | Ridge,2025-01-31,Consumer Discretionary,0.0
Sector neutral | Ridge,2025-01-31,Energy,0.0
Sector neutral | Ridge,2025-01-31,Financials,0.0
Sector neutral | Ridge,2025-01-31,Health Care,0.0
Sector neutral | Ridge,2025-01-31,Industrials,0.0
Sector neutral | Ridge,2025-01-31,Information Technology,6.938893903907228e-18
Sector neutral | Ridge,2025-01-31,Materials,0.0
Sector neutral | Ridge,2025-02-28,Consumer Discretionary,-1.3877787807814457e-17
Sector neutral | Ridge,2025-02-28,Energy,0.0
Sector neutral | Ridge,2025-02-28,Financials,0.0
Sector neutral | Ridge,2025-02-28,Health Care,0.0
Sector neutral | Ridge,2025-02-28,Industrials,0.0
Sector neutral | Ridge,2025-02-28,Information Technology,1.3877787807814457e-17
Sector neutral | Ridge,2025-02-28,Materials,0.0
Sector neutral | Ridge,2025-03-31,Consumer Discretionary,3.469446951953614e-17
Sector neutral | Ridge,2025-03-31,Energy,0.0
Sector neutral | Ridge,2025-03-31,Financials,0.0
Sector neutral | Ridge,2025-03-31,Health Care,0.0
Sector neutral | Ridge,2025-03-31,Industrials,0.0
Sector neutral | Ridge,2025-03-31,Information Technology,-1.734723475976807e-17
Sector neutral | Ridge,2025-03-31,Materials,0.0
Sector neutral | Ridge,2025-04-30,Consumer Discretionary,-2.7755575615628914e-17
Sector neutral | Ridge,2025-04-30,Energy,0.0
Sector neutral | Ridge,2025-04-30,Financials,0.0
Sector neutral | Ridge,2025-04-30,Health Care,0.0
Sector neutral | Ridge,2025-04-30,Industrials,0.0
Sector neutral | Ridge,2025-04-30,Information Technology,-6.938893903907228e-18
Sector neutral | Ridge,2025-04-30,Materials,0.0
Sector neutral | Ridge,2025-05-31,Consumer Discretionary,2.7755575615628914e-17
Sector neutral | Ridge,2025-05-31,Energy,0.0
Sector neutral | Ridge,2025-05-31,Financials,0.0
Sector neutral | Ridge,2025-05-31,Health Care,0.0
Sector neutral | Ridge,2025-05-31,Industrials,0.0
Sector neutral | Ridge,2025-05-31,Information Technology,4.5102810375396984e-17
Sector neutral | Ridge,2025-05-31,Materials,0.0
Sector neutral | Ridge,2025-06-30,Consumer Discretionary,1.3877787807814457e-17
Sector neutral | Ridge,2025-06-30,Energy,0.0
Sector neutral | Ridge,2025-06-30,Financials,0.0
Sector neutral | Ridge,2025-06-30,Health Care,0.0
Sector neutral | Ridge,2025-06-30,Industrials,0.0
Sector neutral | Ridge,2025-06-30,Information Technology,-2.0816681711721685e-17
Sector neutral | Ridge,2025-06-30,Materials,0.0
Sector neutral | Ridge,2025-07-31,Consumer Discretionary,-3.469446951953614e-18
Sector neutral | Ridge,2025-07-31,Energy,0.0
Sector neutral | Ridge,2025-07-31,Financials,0.0
Sector neutral | Ridge,2025-07-31,Health Care,0.0
Sector neutral | Ridge,2025-07-31,Industrials,0.0
Sector neutral | Ridge,2025-07-31,Information Technology,1.3877787807814457e-17
Sector neutral | Ridge,2025-07-31,Materials,0.0
Sector neutral | Ridge,2025-08-31,Consumer Discretionary,1.3877787807814457e-17
Sector neutral | Ridge,2025-08-31,Energy,0.0
Sector neutral | Ridge,2025-08-31,Financials,0.0
Sector neutral | Ridge,2025-08-31,Health Care,0.0
Sector neutral | Ridge,2025-08-31,Industrials,0.0
Sector neutral | Ridge,2025-08-31,Information Technology,-6.938893903907228e-18
Sector neutral | Ridge,2025-08-31,Materials,0.0
Sector neutral | Ridge,2025-09-30,Consumer Discretionary,3.469446951953614e-18
Sector neutral | Ridge,2025-09-30,Energy,0.0
Sector neutral | Ridge,2025-09-30,Financials,0.0
Sector neutral | Ridge,2025-09-30,Health Care,0.0
Sector neutral | Ridge,2025-09-30,Industrials,0.0
Sector neutral | Ridge,2025-09-30,Information Technology,-1.474514954580286e-17
Sector neutral | Ridge,2025-09-30,Materials,0.0
Sector neutral | Ridge,2025-10-31,Consumer Discretionary,3.469446951953614e-18
Sector neutral | Ridge,2025-10-31,Energy,0.0
Sector neutral | Ridge,2025-10-31,Financials,0.0
Sector neutral | Ridge,2025-10-31,Health Care,0.0
Sector neutral | Ridge,2025-10-31,Industrials,0.0
Sector neutral | Ridge,2025-10-31,Information Technology,-1.734723475976807e-18
Sector neutral | Ridge,2025-10-31,Materials,0.0
Sector neutral | Ridge,2025-11-30,Consumer Discretionary,4.163336342344337e-17
Sector neutral | Ridge,2025-11-30,Energy,0.0
Sector neutral | Ridge,2025-11-30,Financials,0.0
Sector neutral | Ridge,2025-11-30,Health Care,0.0
Sector neutral | Ridge,2025-11-30,Industrials,0.0
Sector neutral | Ridge,2025-11-30,Information Technology,2.0816681711721685e-17
Sector neutral | Ridge,2025-11-30,Materials,0.0
Sector neutral | Ridge,2025-12-31,Consumer Discretionary,2.0816681711721685e-17
Sector neutral | Ridge,2025-12-31,Energy,0.0
Sector neutral | Ridge,2025-12-31,Financials,0.0
Sector neutral | Ridge,2025-12-31,Health Care,0.0
Sector neutral | Ridge,2025-12-31,Industrials,0.0
Sector neutral | Ridge,2025-12-31,Information Technology,-6.938893903907228e-18
Sector neutral | Ridge,2025-12-31,Materials,0.0
Sector neutral | Ridge,2026-01-31,Consumer Discretionary,3.469446951953614e-18
Sector neutral | Ridge,2026-01-31,Energy,0.0
Sector neutral | Ridge,2026-01-31,Financials,0.0
Sector neutral | Ridge,2026-01-31,Health Care,0.0
Sector neutral | Ridge,2026-01-31,Industrials,0.0
Sector neutral | Ridge,2026-01-31,Information Technology,-1.5612511283791264e-17
Sector neutral | Ridge,2026-01-31,Materials,0.0
Sector neutral | Ridge,2026-02-28,Consumer Discretionary,-6.938893903907228e-18
Sector neutral | Ridge,2026-02-28,Energy,0.0
Sector neutral | Ridge,2026-02-28,Financials,0.0
Sector neutral | Ridge,2026-02-28,Health Care,0.0
Sector neutral | Ridge,2026-02-28,Industrials,0.0
Sector neutral | Ridge,2026-02-28,Information Technology,-1.734723475976807e-18
Sector neutral | Ridge,2026-02-28,Materials,0.0
Sector neutral | Ridge,2026-03-31,Consumer Discretionary,3.469446951953614e-18
Sector neutral | Ridge,2026-03-31,Energy,0.0
Sector neutral | Ridge,2026-03-31,Financials,0.0
Sector neutral | Ridge,2026-03-31,Health Care,0.0
Sector neutral | Ridge,2026-03-31,Industrials,0.0
Sector neutral | Ridge,2026-03-31,Information Technology,1.3877787807814457e-17
Sector neutral | Ridge,2026-03-31,Materials,0.0
Sector neutral | Ridge,2026-04-30,Consumer Discretionary,0.0
Sector neutral | Ridge,2026-04-30,Energy,0.0
Sector neutral | Ridge,2026-04-30,Financials,0.0
Sector neutral | Ridge,2026-04-30,Health Care,0.0
Sector neutral | Ridge,2026-04-30,Industrials,0.0
Sector neutral | Ridge,2026-04-30,Information Technology,-1.734723475976807e-18
Sector neutral | Ridge,2026-04-30,Materials,0.0
Sector neutral | Ridge,2026-05-31,Consumer Discretionary,3.122502256758253e-17
Sector neutral | Ridge,2026-05-31,Energy,0.0
Sector neutral | Ridge,2026-05-31,Financials,0.0
Sector neutral | Ridge,2026-05-31,Health Care,0.0
Sector neutral | Ridge,2026-05-31,Industrials,0.0
Sector neutral | Ridge,2026-05-31,Information Technology,1.3877787807814457e-17
Sector neutral | Ridge,2026-05-31,Materials,0.0
Sector neutral | Ridge,2026-06-30,Consumer Discretionary,2.0816681711721685e-17
Sector neutral | Ridge,2026-06-30,Energy,0.0
Sector neutral | Ridge,2026-06-30,Financials,0.0
Sector neutral | Ridge,2026-06-30,Health Care,0.0
Sector neutral | Ridge,2026-06-30,Industrials,0.0
Sector neutral | Ridge,2026-06-30,Information Technology,1.3877787807814457e-17
Sector neutral | Ridge,2026-06-30,Materials,0.0
Sector neutral | Ridge,2026-07-31,Consumer Discretionary,4.5102810375396984e-17
Sector neutral | Ridge,2026-07-31,Energy,0.0
Sector neutral | Ridge,2026-07-31,Financials,0.0
Sector neutral | Ridge,2026-07-31,Health Care,0.0
Sector neutral | Ridge,2026-07-31,Industrials,0.0
Sector neutral | Ridge,2026-07-31,Information Technology,5.898059818321144e-17
Sector neutral | Ridge,2026-07-31,Materials,0.0
Sector neutral | Ridge,2026-08-31,Consumer Discretionary,1.3877787807814457e-17
Sector neutral | Ridge,2026-08-31,Energy,0.0
Sector neutral | Ridge,2026-08-31,Financials,0.0
Sector neutral | Ridge,2026-08-31,Health Care,0.0
Sector neutral | Ridge,2026-08-31,Industrials,0.0
Sector neutral | Ridge,2026-08-31,Information Technology,4.163336342344337e-17
Sector neutral | Ridge,2026-08-31,Materials,0.0
Sector neutral | Elastic Net,2024-12-31,Consumer Discretionary,0.0
Sector neutral | Elastic Net,2024-12-31,Energy,0.0
Sector neutral | Elastic Net,2024-12-31,Financials,0.0
Sector neutral | Elastic Net,2024-12-31,Health Care,0.0
Sector neutral | Elastic Net,2024-12-31,Industrials,0.0
Sector neutral | Elastic Net,2024-12-31,Information Technology,-1.5612511283791264e-17
Sector neutral | Elastic Net,2024-12-31,Materials,0.0
Sector neutral | Elastic Net,2025-01-31,Consumer Discretionary,0.0
Sector neutral | Elastic Net,2025-01-31,Energy,0.0
Sector neutral | Elastic Net,2025-01-31,Financials,0.0
Sector neutral | Elastic Net,2025-01-31,Health Care,0.0
Sector neutral | Elastic Net,2025-01-31,Industrials,0.0
Sector neutral | Elastic Net,2025-01-31,Information Technology,6.938893903907228e-18
Sector neutral | Elastic Net,2025-01-31,Materials,0.0
Sector neutral | Elastic Net,2025-02-28,Consumer Discretionary,-2.7755575615628914e-17
Sector neutral | Elastic Net,2025-02-28,Energy,0.0
Sector neutral | Elastic Net,2025-02-28,Financials,0.0
Sector neutral | Elastic Net,2025-02-28,Health Care,0.0
Sector neutral | Elastic Net,2025-02-28,Industrials,0.0
Sector neutral | Elastic Net,2025-02-28,Information Technology,2.0816681711721685e-17
Sector neutral | Elastic Net,2025-02-28,Materials,0.0
Sector neutral | Elastic Net,2025-03-31,Consumer Discretionary,3.122502256758253e-17
Sector neutral | Elastic Net,2025-03-31,Energy,0.0
Sector neutral | Elastic Net,2025-03-31,Financials,0.0
Sector neutral | Elastic Net,2025-03-31,Health Care,0.0
Sector neutral | Elastic Net,2025-03-31,Industrials,0.0
Sector neutral | Elastic Net,2025-03-31,Information Technology,2.7755575615628914e-17
Sector neutral | Elastic Net,2025-03-31,Materials,0.0
Sector neutral | Elastic Net,2025-04-30,Consumer Discretionary,-2.7755575615628914e-17
Sector neutral | Elastic Net,2025-04-30,Energy,0.0
Sector neutral | Elastic Net,2025-04-30,Financials,0.0
Sector neutral | Elastic Net,2025-04-30,Health Care,0.0
Sector neutral | Elastic Net,2025-04-30,Industrials,0.0
Sector neutral | Elastic Net,2025-04-30,Information Technology,-6.938893903907228e-18
Sector neutral | Elastic Net,2025-04-30,Materials,0.0
Sector neutral | Elastic Net,2025-05-31,Consumer Discretionary,2.7755575615628914e-17
Sector neutral | Elastic Net,2025-05-31,Energy,0.0
Sector neutral | Elastic Net,2025-05-31,Financials,0.0
Sector neutral | Elastic Net,2025-05-31,Health Care,0.0
Sector neutral | Elastic Net,2025-05-31,Industrials,0.0
Sector neutral | Elastic Net,2025-05-31,Information Technology,4.5102810375396984e-17
Sector neutral | Elastic Net,2025-05-31,Materials,0.0
Sector neutral | Elastic Net,2025-06-30,Consumer Discretionary,6.938893903907228e-18
Sector neutral | Elastic Net,2025-06-30,Energy,0.0
Sector neutral | Elastic Net,2025-06-30,Financials,0.0
Sector neutral | Elastic Net,2025-06-30,Health Care,0.0
Sector neutral | Elastic Net,2025-06-30,Industrials,0.0
Sector neutral | Elastic Net,2025-06-30,Information Technology,6.938893903907228e-18
Sector neutral | Elastic Net,2025-06-30,Materials,0.0
Sector neutral | Elastic Net,2025-07-31,Consumer Discretionary,-3.469446951953614e-18
Sector neutral | Elastic Net,2025-07-31,Energy,0.0
Sector neutral | Elastic Net,2025-07-31,Financials,0.0
Sector neutral | Elastic Net,2025-07-31,Health Care,0.0
Sector neutral | Elastic Net,2025-07-31,Industrials,0.0
Sector neutral | Elastic Net,2025-07-31,Information Technology,1.3877787807814457e-17
Sector neutral | Elastic Net,2025-07-31,Materials,0.0
Sector neutral | Elastic Net,2025-08-31,Consumer Discretionary,1.3877787807814457e-17
Sector neutral | Elastic Net,2025-08-31,Energy,0.0
Sector neutral | Elastic Net,2025-08-31,Financials,0.0
Sector neutral | Elastic Net,2025-08-31,Health Care,0.0
Sector neutral | Elastic Net,2025-08-31,Industrials,0.0
Sector neutral | Elastic Net,2025-08-31,Information Technology,-6.938893903907228e-18
Sector neutral | Elastic Net,2025-08-31,Materials,0.0
Sector neutral | Elastic Net,2025-09-30,Consumer Discretionary,3.469446951953614e-18
Sector neutral | Elastic Net,2025-09-30,Energy,0.0
Sector neutral | Elastic Net,2025-09-30,Financials,0.0
Sector neutral | Elastic Net,2025-09-30,Health Care,0.0
Sector neutral | Elastic Net,2025-09-30,Industrials,0.0
Sector neutral | Elastic Net,2025-09-30,Information Technology,-1.474514954580286e-17
Sector neutral | Elastic Net,2025-09-30,Materials,0.0
Sector neutral | Elastic Net,2025-10-31,Consumer Discretionary,-5.204170427930421e-18
Sector neutral | Elastic Net,2025-10-31,Energy,0.0
Sector neutral | Elastic Net,2025-10-31,Financials,0.0
Sector neutral | Elastic Net,2025-10-31,Health Care,0.0
Sector neutral | Elastic Net,2025-10-31,Industrials,0.0
Sector neutral | Elastic Net,2025-10-31,Information Technology,-1.9081958235744878e-17
Sector neutral | Elastic Net,2025-10-31,Materials,0.0
Sector neutral | Elastic Net,2025-11-30,Consumer Discretionary,4.163336342344337e-17
Sector neutral | Elastic Net,2025-11-30,Energy,0.0
Sector neutral | Elastic Net,2025-11-30,Financials,0.0
Sector neutral | Elastic Net,2025-11-30,Health Care,0.0
Sector neutral | Elastic Net,2025-11-30,Industrials,0.0
Sector neutral | Elastic Net,2025-11-30,Information Technology,2.0816681711721685e-17
Sector neutral | Elastic Net,2025-11-30,Materials,0.0
Sector neutral | Elastic Net,2025-12-31,Consumer Discretionary,2.0816681711721685e-17
Sector neutral | Elastic Net,2025-12-31,Energy,0.0
Sector neutral | Elastic Net,2025-12-31,Financials,0.0
Sector neutral | Elastic Net,2025-12-31,Health Care,0.0
Sector neutral | Elastic Net,2025-12-31,Industrials,0.0
Sector neutral | Elastic Net,2025-12-31,Information Technology,-6.938893903907228e-18
Sector neutral | Elastic Net,2025-12-31,Materials,0.0
Sector neutral | Elastic Net,2026-01-31,Consumer Discretionary,6.938893903907228e-18
Sector neutral | Elastic Net,2026-01-31,Energy,0.0
Sector neutral | Elastic Net,2026-01-31,Financials,0.0
Sector neutral | Elastic Net,2026-01-31,Health Care,0.0
Sector neutral | Elastic Net,2026-01-31,Industrials,0.0
Sector neutral | Elastic Net,2026-01-31,Information Technology,-3.469446951953614e-18
Sector neutral | Elastic Net,2026-01-31,Materials,0.0
Sector neutral | Elastic Net,2026-02-28,Consumer Discretionary,0.0
Sector neutral | Elastic Net,2026-02-28,Energy,0.0
Sector neutral | Elastic Net,2026-02-28,Financials,0.0
Sector neutral | Elastic Net,2026-02-28,Health Care,0.0
Sector neutral | Elastic Net,2026-02-28,Industrials,0.0
Sector neutral | Elastic Net,2026-02-28,Information Technology,1.214306433183765e-17
Sector neutral | Elastic Net,2026-02-28,Materials,0.0
Sector neutral | Elastic Net,2026-03-31,Consumer Discretionary,-1.0408340855860843e-17
Sector neutral | Elastic Net,2026-03-31,Energy,0.0
Sector neutral | Elastic Net,2026-03-31,Financials,0.0
Sector neutral | Elastic Net,2026-03-31,Health Care,0.0
Sector neutral | Elastic Net,2026-03-31,Industrials,0.0
Sector neutral | Elastic Net,2026-03-31,Information Technology,2.7755575615628914e-17
Sector neutral | Elastic Net,2026-03-31,Materials,0.0
Sector neutral | Elastic Net,2026-04-30,Consumer Discretionary,5.204170427930421e-18
Sector neutral | Elastic Net,2026-04-30,Energy,0.0
Sector neutral | Elastic Net,2026-04-30,Financials,0.0
Sector neutral | Elastic Net,2026-04-30,Health Care,0.0
Sector neutral | Elastic Net,2026-04-30,Industrials,0.0
Sector neutral | Elastic Net,2026-04-30,Information Technology,3.469446951953614e-18
Sector neutral | Elastic Net,2026-04-30,Materials,0.0
Sector neutral | Elastic Net,2026-05-31,Consumer Discretionary,4.85722573273506e-17
Sector neutral | Elastic Net,2026-05-31,Energy,0.0
Sector neutral | Elastic Net,2026-05-31,Financials,0.0
Sector neutral | Elastic Net,2026-05-31,Health Care,0.0
Sector neutral | Elastic Net,2026-05-31,Industrials,0.0
Sector neutral | Elastic Net,2026-05-31,Information Technology,0.0
Sector neutral | Elastic Net,2026-05-31,Materials,0.0
Sector neutral | Elastic Net,2026-06-30,Consumer Discretionary,5.204170427930421e-17
Sector neutral | Elastic Net,2026-06-30,Energy,0.0
Sector neutral | Elastic Net,2026-06-30,Financials,0.0
Sector neutral | Elastic Net,2026-06-30,Health Care,0.0
Sector neutral | Elastic Net,2026-06-30,Industrials,0.0
Sector neutral | Elastic Net,2026-06-30,Information Technology,2.7755575615628914e-17
Sector neutral | Elastic Net,2026-06-30,Materials,0.0
Sector neutral | Elastic Net,2026-07-31,Consumer Discretionary,4.5102810375396984e-17
Sector neutral | Elastic Net,2026-07-31,Energy,0.0
Sector neutral | Elastic Net,2026-07-31,Financials,0.0
Sector neutral | Elastic Net,2026-07-31,Health Care,0.0
Sector neutral | Elastic Net,2026-07-31,Industrials,0.0
Sector neutral | Elastic Net,2026-07-31,Information Technology,5.898059818321144e-17
Sector neutral | Elastic Net,2026-07-31,Materials,0.0
Sector neutral | Elastic Net,2026-08-31,Consumer Discretionary,1.3877787807814457e-17
Sector neutral | Elastic Net,2026-08-31,Energy,0.0
Sector neutral | Elastic Net,2026-08-31,Financials,0.0
Sector neutral | Elastic Net,2026-08-31,Health Care,0.0
Sector neutral | Elastic Net,2026-08-31,Industrials,0.0
Sector neutral | Elastic Net,2026-08-31,Information Technology,4.163336342344337e-17
Sector neutral | Elastic Net,2026-08-31,Materials,0.0
Sector neutral | KNN,2024-12-31,Consumer Discretionary,-1.3877787807814457e-17
Sector neutral | KNN,2024-12-31,Energy,0.0
Sector neutral | KNN,2024-12-31,Financials,0.0
Sector neutral | KNN,2024-12-31,Health Care,0.0
Sector neutral | KNN,2024-12-31,Industrials,0.0
Sector neutral | KNN,2024-12-31,Information Technology,-3.2959746043559335e-17
Sector neutral | KNN,2024-12-31,Materials,0.0
Sector neutral | KNN,2025-01-31,Consumer Discretionary,-1.3877787807814457e-17
Sector neutral | KNN,2025-01-31,Energy,0.0
Sector neutral | KNN,2025-01-31,Financials,0.0
Sector neutral | KNN,2025-01-31,Health Care,0.0
Sector neutral | KNN,2025-01-31,Industrials,0.0
Sector neutral | KNN,2025-01-31,Information Technology,6.938893903907228e-18
Sector neutral | KNN,2025-01-31,Materials,0.0
Sector neutral | KNN,2025-02-28,Consumer Discretionary,-1.3877787807814457e-17
Sector neutral | KNN,2025-02-28,Energy,0.0
Sector neutral | KNN,2025-02-28,Financials,0.0
Sector neutral | KNN,2025-02-28,Health Care,0.0
Sector neutral | KNN,2025-02-28,Industrials,0.0
Sector neutral | KNN,2025-02-28,Information Technology,1.3877787807814457e-17
Sector neutral | KNN,2025-02-28,Materials,0.0
Sector neutral | KNN,2025-03-31,Consumer Discretionary,0.0
Sector neutral | KNN,2025-03-31,Energy,0.0
Sector neutral | KNN,2025-03-31,Financials,0.0
Sector neutral | KNN,2025-03-31,Health Care,0.0
Sector neutral | KNN,2025-03-31,Industrials,0.0
Sector neutral | KNN,2025-03-31,Information Technology,6.938893903907228e-18
Sector neutral | KNN,2025-03-31,Materials,0.0
Sector neutral | KNN,2025-04-30,Consumer Discretionary,-4.163336342344337e-17
Sector neutral | KNN,2025-04-30,Energy,0.0
Sector neutral | KNN,2025-04-30,Financials,0.0
Sector neutral | KNN,2025-04-30,Health Care,0.0
Sector neutral | KNN,2025-04-30,Industrials,0.0
Sector neutral | KNN,2025-04-30,Information Technology,1.734723475976807e-17
Sector neutral | KNN,2025-04-30,Materials,0.0
Sector neutral | KNN,2025-05-31,Consumer Discretionary,2.7755575615628914e-17
Sector neutral | KNN,2025-05-31,Energy,0.0
Sector neutral | KNN,2025-05-31,Financials,0.0
Sector neutral | KNN,2025-05-31,Health Care,0.0
Sector neutral | KNN,2025-05-31,Industrials,0.0
Sector neutral | KNN,2025-05-31,Information Technology,4.163336342344337e-17
Sector neutral | KNN,2025-05-31,Materials,0.0
Sector neutral | KNN,2025-06-30,Consumer Discretionary,6.938893903907228e-18
Sector neutral | KNN,2025-06-30,Energy,0.0
Sector neutral | KNN,2025-06-30,Financials,0.0
Sector neutral | KNN,2025-06-30,Health Care,0.0
Sector neutral | KNN,2025-06-30,Industrials,0.0
Sector neutral | KNN,2025-06-30,Information Technology,6.938893903907228e-18
Sector neutral | KNN,2025-06-30,Materials,0.0
Sector neutral | KNN,2025-07-31,Consumer Discretionary,1.5612511283791264e-17
Sector neutral | KNN,2025-07-31,Energy,0.0
Sector neutral | KNN,2025-07-31,Financials,0.0
Sector neutral | KNN,2025-07-31,Health Care,0.0
Sector neutral | KNN,2025-07-31,Industrials,0.0
Sector neutral | KNN,2025-07-31,Information Technology,-8.673617379884035e-18
Sector neutral | KNN,2025-07-31,Materials,0.0
Sector neutral | KNN,2025-08-31,Consumer Discretionary,0.0
Sector neutral | KNN,2025-08-31,Energy,0.0
Sector neutral | KNN,2025-08-31,Financials,0.0
Sector neutral | KNN,2025-08-31,Health Care,0.0
Sector neutral | KNN,2025-08-31,Industrials,0.0
Sector neutral | KNN,2025-08-31,Information Technology,-2.0816681711721685e-17
Sector neutral | KNN,2025-08-31,Materials,0.0
Sector neutral | KNN,2025-09-30,Consumer Discretionary,3.469446951953614e-18
Sector neutral | KNN,2025-09-30,Energy,0.0
Sector neutral | KNN,2025-09-30,Financials,0.0
Sector neutral | KNN,2025-09-30,Health Care,0.0
Sector neutral | KNN,2025-09-30,Industrials,0.0
Sector neutral | KNN,2025-09-30,Information Technology,-1.474514954580286e-17
Sector neutral | KNN,2025-09-30,Materials,0.0
Sector neutral | KNN,2025-10-31,Consumer Discretionary,2.0816681711721685e-17
Sector neutral | KNN,2025-10-31,Energy,0.0
Sector neutral | KNN,2025-10-31,Financials,0.0
Sector neutral | KNN,2025-10-31,Health Care,0.0
Sector neutral | KNN,2025-10-31,Industrials,0.0
Sector neutral | KNN,2025-10-31,Information Technology,-2.168404344971009e-17
Sector neutral | KNN,2025-10-31,Materials,0.0
Sector neutral | KNN,2025-11-30,Consumer Discretionary,4.163336342344337e-17
Sector neutral | KNN,2025-11-30,Energy,0.0
Sector neutral | KNN,2025-11-30,Financials,0.0
Sector neutral | KNN,2025-11-30,Health Care,0.0
Sector neutral | KNN,2025-11-30,Industrials,0.0
Sector neutral | KNN,2025-11-30,Information Technology,2.0816681711721685e-17
Sector neutral | KNN,2025-11-30,Materials,0.0
Sector neutral | KNN,2025-12-31,Consumer Discretionary,0.0
Sector neutral | KNN,2025-12-31,Energy,0.0
Sector neutral | KNN,2025-12-31,Financials,0.0
Sector neutral | KNN,2025-12-31,Health Care,0.0
Sector neutral | KNN,2025-12-31,Industrials,0.0
Sector neutral | KNN,2025-12-31,Information Technology,6.938893903907228e-18
Sector neutral | KNN,2025-12-31,Materials,0.0
Sector neutral | KNN,2026-01-31,Consumer Discretionary,3.469446951953614e-18
Sector neutral | KNN,2026-01-31,Energy,0.0
Sector neutral | KNN,2026-01-31,Financials,0.0
Sector neutral | KNN,2026-01-31,Health Care,0.0
Sector neutral | KNN,2026-01-31,Industrials,0.0
Sector neutral | KNN,2026-01-31,Information Technology,-1.5612511283791264e-17
Sector neutral | KNN,2026-01-31,Materials,0.0
Sector neutral | KNN,2026-02-28,Consumer Discretionary,0.0
Sector neutral | KNN,2026-02-28,Energy,0.0
Sector neutral | KNN,2026-02-28,Financials,0.0
Sector neutral | KNN,2026-02-28,Health Care,0.0
Sector neutral | KNN,2026-02-28,Industrials,0.0
Sector neutral | KNN,2026-02-28,Information Technology,1.214306433183765e-17
Sector neutral | KNN,2026-02-28,Materials,0.0
Sector neutral | KNN,2026-03-31,Consumer Discretionary,-1.734723475976807e-18
Sector neutral | KNN,2026-03-31,Energy,0.0
Sector neutral | KNN,2026-03-31,Financials,0.0
Sector neutral | KNN,2026-03-31,Health Care,0.0
Sector neutral | KNN,2026-03-31,Industrials,0.0
Sector neutral | KNN,2026-03-31,Information Technology,3.642919299551295e-17
Sector neutral | KNN,2026-03-31,Materials,0.0
Sector neutral | KNN,2026-04-30,Consumer Discretionary,5.204170427930421e-18
Sector neutral | KNN,2026-04-30,Energy,0.0
Sector neutral | KNN,2026-04-30,Financials,0.0
Sector neutral | KNN,2026-04-30,Health Care,0.0
Sector neutral | KNN,2026-04-30,Industrials,0.0
Sector neutral | KNN,2026-04-30,Information Technology,3.469446951953614e-18
Sector neutral | KNN,2026-04-30,Materials,0.0
Sector neutral | KNN,2026-05-31,Consumer Discretionary,4.85722573273506e-17
Sector neutral | KNN,2026-05-31,Energy,0.0
Sector neutral | KNN,2026-05-31,Financials,0.0
Sector neutral | KNN,2026-05-31,Health Care,0.0
Sector neutral | KNN,2026-05-31,Industrials,0.0
Sector neutral | KNN,2026-05-31,Information Technology,0.0
Sector neutral | KNN,2026-05-31,Materials,0.0
Sector neutral | KNN,2026-06-30,Consumer Discretionary,3.469446951953614e-17
Sector neutral | KNN,2026-06-30,Energy,0.0
Sector neutral | KNN,2026-06-30,Financials,0.0
Sector neutral | KNN,2026-06-30,Health Care,0.0
Sector neutral | KNN,2026-06-30,Industrials,0.0
Sector neutral | KNN,2026-06-30,Information Technology,2.7755575615628914e-17
Sector neutral | KNN,2026-06-30,Materials,0.0
Sector neutral | KNN,2026-07-31,Consumer Discretionary,4.5102810375396984e-17
Sector neutral | KNN,2026-07-31,Energy,0.0
Sector neutral | KNN,2026-07-31,Financials,0.0
Sector neutral | KNN,2026-07-31,Health Care,0.0
Sector neutral | KNN,2026-07-31,Industrials,0.0
Sector neutral | KNN,2026-07-31,Information Technology,1.3877787807814457e-17
Sector neutral | KNN,2026-07-31,Materials,0.0
Sector neutral | KNN,2026-08-31,Consumer Discretionary,5.0306980803327406e-17
Sector neutral | KNN,2026-08-31,Energy,0.0
Sector neutral | KNN,2026-08-31,Financials,0.0
Sector neutral | KNN,2026-08-31,Health Care,0.0
Sector neutral | KNN,2026-08-31,Industrials,0.0
Sector neutral | KNN,2026-08-31,Information Technology,1.734723475976807e-17
Sector neutral | KNN,2026-08-31,Materials,0.0
Sector neutral | SVR,2024-12-31,Consumer Discretionary,0.0
Sector neutral | SVR,2024-12-31,Energy,0.0
Sector neutral | SVR,2024-12-31,Financials,0.0
Sector neutral | SVR,2024-12-31,Health Care,0.0
Sector neutral | SVR,2024-12-31,Industrials,0.0
Sector neutral | SVR,2024-12-31,Information Technology,-1.5612511283791264e-17
Sector neutral | SVR,2024-12-31,Materials,0.0
Sector neutral | SVR,2025-01-31,Consumer Discretionary,-1.3877787807814457e-17
Sector neutral | SVR,2025-01-31,Energy,0.0
Sector neutral | SVR,2025-01-31,Financials,0.0
Sector neutral | SVR,2025-01-31,Health Care,0.0
Sector neutral | SVR,2025-01-31,Industrials,0.0
Sector neutral | SVR,2025-01-31,Information Technology,6.938893903907228e-18
Sector neutral | SVR,2025-01-31,Materials,0.0
Sector neutral | SVR,2025-02-28,Consumer Discretionary,-1.3877787807814457e-17
Sector neutral | SVR,2025-02-28,Energy,0.0
Sector neutral | SVR,2025-02-28,Financials,0.0
Sector neutral | SVR,2025-02-28,Health Care,0.0
Sector neutral | SVR,2025-02-28,Industrials,0.0
Sector neutral | SVR,2025-02-28,Information Technology,1.3877787807814457e-17
Sector neutral | SVR,2025-02-28,Materials,0.0
Sector neutral | SVR,2025-03-31,Consumer Discretionary,0.0
Sector neutral | SVR,2025-03-31,Energy,0.0
Sector neutral | SVR,2025-03-31,Financials,0.0
Sector neutral | SVR,2025-03-31,Health Care,0.0
Sector neutral | SVR,2025-03-31,Industrials,0.0
Sector neutral | SVR,2025-03-31,Information Technology,6.938893903907228e-18
Sector neutral | SVR,2025-03-31,Materials,0.0
Sector neutral | SVR,2025-04-30,Consumer Discretionary,-4.163336342344337e-17
Sector neutral | SVR,2025-04-30,Energy,0.0
Sector neutral | SVR,2025-04-30,Financials,0.0
Sector neutral | SVR,2025-04-30,Health Care,0.0
Sector neutral | SVR,2025-04-30,Industrials,0.0
Sector neutral | SVR,2025-04-30,Information Technology,1.734723475976807e-17
Sector neutral | SVR,2025-04-30,Materials,0.0
Sector neutral | SVR,2025-05-31,Consumer Discretionary,2.7755575615628914e-17
Sector neutral | SVR,2025-05-31,Energy,0.0
Sector neutral | SVR,2025-05-31,Financials,0.0
Sector neutral | SVR,2025-05-31,Health Care,0.0
Sector neutral | SVR,2025-05-31,Industrials,0.0
Sector neutral | SVR,2025-05-31,Information Technology,3.2959746043559335e-17
Sector neutral | SVR,2025-05-31,Materials,0.0
Sector neutral | SVR,2025-06-30,Consumer Discretionary,2.0816681711721685e-17
Sector neutral | SVR,2025-06-30,Energy,0.0
Sector neutral | SVR,2025-06-30,Financials,0.0
Sector neutral | SVR,2025-06-30,Health Care,0.0
Sector neutral | SVR,2025-06-30,Industrials,0.0
Sector neutral | SVR,2025-06-30,Information Technology,-3.469446951953614e-18
Sector neutral | SVR,2025-06-30,Materials,0.0
Sector neutral | SVR,2025-07-31,Consumer Discretionary,1.5612511283791264e-17
Sector neutral | SVR,2025-07-31,Energy,0.0
Sector neutral | SVR,2025-07-31,Financials,0.0
Sector neutral | SVR,2025-07-31,Health Care,0.0
Sector neutral | SVR,2025-07-31,Industrials,0.0
Sector neutral | SVR,2025-07-31,Information Technology,-8.673617379884035e-18
Sector neutral | SVR,2025-07-31,Materials,0.0
Sector neutral | SVR,2025-08-31,Consumer Discretionary,2.0816681711721685e-17
Sector neutral | SVR,2025-08-31,Energy,0.0
Sector neutral | SVR,2025-08-31,Financials,0.0
Sector neutral | SVR,2025-08-31,Health Care,0.0
Sector neutral | SVR,2025-08-31,Industrials,0.0
Sector neutral | SVR,2025-08-31,Information Technology,-6.938893903907228e-18
Sector neutral | SVR,2025-08-31,Materials,0.0
Sector neutral | SVR,2025-09-30,Consumer Discretionary,-2.0816681711721685e-17
Sector neutral | SVR,2025-09-30,Energy,0.0
Sector neutral | SVR,2025-09-30,Financials,0.0
Sector neutral | SVR,2025-09-30,Health Care,0.0
Sector neutral | SVR,2025-09-30,Industrials,0.0
Sector neutral | SVR,2025-09-30,Information Technology,-1.5612511283791264e-17
Sector neutral | SVR,2025-09-30,Materials,0.0
Sector neutral | SVR,2025-10-31,Consumer Discretionary,-5.204170427930421e-18
Sector neutral | SVR,2025-10-31,Energy,0.0
Sector neutral | SVR,2025-10-31,Financials,0.0
Sector neutral | SVR,2025-10-31,Health Care,0.0
Sector neutral | SVR,2025-10-31,Industrials,0.0
Sector neutral | SVR,2025-10-31,Information Technology,-1.9081958235744878e-17
Sector neutral | SVR,2025-10-31,Materials,0.0
Sector neutral | SVR,2025-11-30,Consumer Discretionary,4.163336342344337e-17
Sector neutral | SVR,2025-11-30,Energy,0.0
Sector neutral | SVR,2025-11-30,Financials,0.0
Sector neutral | SVR,2025-11-30,Health Care,0.0
Sector neutral | SVR,2025-11-30,Industrials,0.0
Sector neutral | SVR,2025-11-30,Information Technology,2.0816681711721685e-17
Sector neutral | SVR,2025-11-30,Materials,0.0
Sector neutral | SVR,2025-12-31,Consumer Discretionary,2.0816681711721685e-17
Sector neutral | SVR,2025-12-31,Energy,0.0
Sector neutral | SVR,2025-12-31,Financials,0.0
Sector neutral | SVR,2025-12-31,Health Care,0.0
Sector neutral | SVR,2025-12-31,Industrials,0.0
Sector neutral | SVR,2025-12-31,Information Technology,-6.938893903907228e-18
Sector neutral | SVR,2025-12-31,Materials,0.0
Sector neutral | SVR,2026-01-31,Consumer Discretionary,3.469446951953614e-18
Sector neutral | SVR,2026-01-31,Energy,0.0
Sector neutral | SVR,2026-01-31,Financials,0.0
Sector neutral | SVR,2026-01-31,Health Care,0.0
Sector neutral | SVR,2026-01-31,Industrials,0.0
Sector neutral | SVR,2026-01-31,Information Technology,-1.5612511283791264e-17
Sector neutral | SVR,2026-01-31,Materials,0.0
Sector neutral | SVR,2026-02-28,Consumer Discretionary,-6.938893903907228e-18
Sector neutral | SVR,2026-02-28,Energy,0.0
Sector neutral | SVR,2026-02-28,Financials,0.0
Sector neutral | SVR,2026-02-28,Health Care,0.0
Sector neutral | SVR,2026-02-28,Industrials,0.0
Sector neutral | SVR,2026-02-28,Information Technology,-1.734723475976807e-18
Sector neutral | SVR,2026-02-28,Materials,0.0
Sector neutral | SVR,2026-03-31,Consumer Discretionary,-1.734723475976807e-18
Sector neutral | SVR,2026-03-31,Energy,0.0
Sector neutral | SVR,2026-03-31,Financials,0.0
Sector neutral | SVR,2026-03-31,Health Care,0.0
Sector neutral | SVR,2026-03-31,Industrials,0.0
Sector neutral | SVR,2026-03-31,Information Technology,3.642919299551295e-17
Sector neutral | SVR,2026-03-31,Materials,0.0
Sector neutral | SVR,2026-04-30,Consumer Discretionary,0.0
Sector neutral | SVR,2026-04-30,Energy,0.0
Sector neutral | SVR,2026-04-30,Financials,0.0
Sector neutral | SVR,2026-04-30,Health Care,0.0
Sector neutral | SVR,2026-04-30,Industrials,0.0
Sector neutral | SVR,2026-04-30,Information Technology,-1.734723475976807e-18
Sector neutral | SVR,2026-04-30,Materials,0.0
Sector neutral | SVR,2026-05-31,Consumer Discretionary,3.122502256758253e-17
Sector neutral | SVR,2026-05-31,Energy,0.0
Sector neutral | SVR,2026-05-31,Financials,0.0
Sector neutral | SVR,2026-05-31,Health Care,0.0
Sector neutral | SVR,2026-05-31,Industrials,0.0
Sector neutral | SVR,2026-05-31,Information Technology,1.3877787807814457e-17
Sector neutral | SVR,2026-05-31,Materials,0.0
Sector neutral | SVR,2026-06-30,Consumer Discretionary,2.0816681711721685e-17
Sector neutral | SVR,2026-06-30,Energy,0.0
Sector neutral | SVR,2026-06-30,Financials,0.0
Sector neutral | SVR,2026-06-30,Health Care,0.0
Sector neutral | SVR,2026-06-30,Industrials,0.0
Sector neutral | SVR,2026-06-30,Information Technology,1.3877787807814457e-17
Sector neutral | SVR,2026-06-30,Materials,0.0
Sector neutral | SVR,2026-07-31,Consumer Discretionary,3.8163916471489756e-17
Sector neutral | SVR,2026-07-31,Energy,0.0
Sector neutral | SVR,2026-07-31,Financials,0.0
Sector neutral | SVR,2026-07-31,Health Care,0.0
Sector neutral | SVR,2026-07-31,Industrials,0.0
Sector neutral | SVR,2026-07-31,Information Technology,2.42861286636753e-17
Sector neutral | SVR,2026-07-31,Materials,0.0
Sector neutral | SVR,2026-08-31,Consumer Discretionary,4.5102810375396984e-17
Sector neutral | SVR,2026-08-31,Energy,0.0
Sector neutral | SVR,2026-08-31,Financials,0.0
Sector neutral | SVR,2026-08-31,Health Care,0.0
Sector neutral | SVR,2026-08-31,Industrials,0.0
Sector neutral | SVR,2026-08-31,Information Technology,4.5102810375396984e-17
Sector neutral | SVR,2026-08-31,Materials,0.0
Sector neutral | Random Forest,2024-12-31,Consumer Discretionary,-1.3877787807814457e-17
Sector neutral | Random Forest,2024-12-31,Energy,0.0
Sector neutral | Random Forest,2024-12-31,Financials,0.0
Sector neutral | Random Forest,2024-12-31,Health Care,0.0
Sector neutral | Random Forest,2024-12-31,Industrials,0.0
Sector neutral | Random Forest,2024-12-31,Information Technology,-8.673617379884035e-19
Sector neutral | Random Forest,2024-12-31,Materials,0.0
Sector neutral | Random Forest,2025-01-31,Consumer Discretionary,-1.3877787807814457e-17
Sector neutral | Random Forest,2025-01-31,Energy,0.0
Sector neutral | Random Forest,2025-01-31,Financials,0.0
Sector neutral | Random Forest,2025-01-31,Health Care,0.0
Sector neutral | Random Forest,2025-01-31,Industrials,0.0
Sector neutral | Random Forest,2025-01-31,Information Technology,6.938893903907228e-18
Sector neutral | Random Forest,2025-01-31,Materials,0.0
Sector neutral | Random Forest,2025-02-28,Consumer Discretionary,-2.7755575615628914e-17
Sector neutral | Random Forest,2025-02-28,Energy,0.0
Sector neutral | Random Forest,2025-02-28,Financials,0.0
Sector neutral | Random Forest,2025-02-28,Health Care,0.0
Sector neutral | Random Forest,2025-02-28,Industrials,0.0
Sector neutral | Random Forest,2025-02-28,Information Technology,1.734723475976807e-17
Sector neutral | Random Forest,2025-02-28,Materials,0.0
Sector neutral | Random Forest,2025-03-31,Consumer Discretionary,0.0
Sector neutral | Random Forest,2025-03-31,Energy,0.0
Sector neutral | Random Forest,2025-03-31,Financials,0.0
Sector neutral | Random Forest,2025-03-31,Health Care,0.0
Sector neutral | Random Forest,2025-03-31,Industrials,0.0
Sector neutral | Random Forest,2025-03-31,Information Technology,6.938893903907228e-18
Sector neutral | Random Forest,2025-03-31,Materials,0.0
Sector neutral | Random Forest,2025-04-30,Consumer Discretionary,-2.7755575615628914e-17
Sector neutral | Random Forest,2025-04-30,Energy,0.0
Sector neutral | Random Forest,2025-04-30,Financials,0.0
Sector neutral | Random Forest,2025-04-30,Health Care,0.0
Sector neutral | Random Forest,2025-04-30,Industrials,0.0
Sector neutral | Random Forest,2025-04-30,Information Technology,-1.3877787807814457e-17
Sector neutral | Random Forest,2025-04-30,Materials,0.0
Sector neutral | Random Forest,2025-05-31,Consumer Discretionary,6.938893903907228e-18
Sector neutral | Random Forest,2025-05-31,Energy,0.0
Sector neutral | Random Forest,2025-05-31,Financials,0.0
Sector neutral | Random Forest,2025-05-31,Health Care,0.0
Sector neutral | Random Forest,2025-05-31,Industrials,0.0
Sector neutral | Random Forest,2025-05-31,Information Technology,2.7755575615628914e-17
Sector neutral | Random Forest,2025-05-31,Materials,0.0
Sector neutral | Random Forest,2025-06-30,Consumer Discretionary,-6.938893903907228e-18
Sector neutral | Random Forest,2025-06-30,Energy,0.0
Sector neutral | Random Forest,2025-06-30,Financials,0.0
Sector neutral | Random Forest,2025-06-30,Health Care,0.0
Sector neutral | Random Forest,2025-06-30,Industrials,0.0
Sector neutral | Random Forest,2025-06-30,Information Technology,-2.7755575615628914e-17
Sector neutral | Random Forest,2025-06-30,Materials,0.0
Sector neutral | Random Forest,2025-07-31,Consumer Discretionary,1.214306433183765e-17
Sector neutral | Random Forest,2025-07-31,Energy,0.0
Sector neutral | Random Forest,2025-07-31,Financials,0.0
Sector neutral | Random Forest,2025-07-31,Health Care,0.0
Sector neutral | Random Forest,2025-07-31,Industrials,0.0
Sector neutral | Random Forest,2025-07-31,Information Technology,-2.42861286636753e-17
Sector neutral | Random Forest,2025-07-31,Materials,0.0
Sector neutral | Random Forest,2025-08-31,Consumer Discretionary,0.0
Sector neutral | Random Forest,2025-08-31,Energy,0.0
Sector neutral | Random Forest,2025-08-31,Financials,0.0
Sector neutral | Random Forest,2025-08-31,Health Care,0.0
Sector neutral | Random Forest,2025-08-31,Industrials,0.0
Sector neutral | Random Forest,2025-08-31,Information Technology,-2.0816681711721685e-17
Sector neutral | Random Forest,2025-08-31,Materials,0.0
Sector neutral | Random Forest,2025-09-30,Consumer Discretionary,-2.0816681711721685e-17
Sector neutral | Random Forest,2025-09-30,Energy,0.0
Sector neutral | Random Forest,2025-09-30,Financials,0.0
Sector neutral | Random Forest,2025-09-30,Health Care,0.0
Sector neutral | Random Forest,2025-09-30,Industrials,0.0
Sector neutral | Random Forest,2025-09-30,Information Technology,-1.5612511283791264e-17
Sector neutral | Random Forest,2025-09-30,Materials,0.0
Sector neutral | Random Forest,2025-10-31,Consumer Discretionary,3.469446951953614e-18
Sector neutral | Random Forest,2025-10-31,Energy,0.0
Sector neutral | Random Forest,2025-10-31,Financials,0.0
Sector neutral | Random Forest,2025-10-31,Health Care,0.0
Sector neutral | Random Forest,2025-10-31,Industrials,0.0
Sector neutral | Random Forest,2025-10-31,Information Technology,-1.734723475976807e-18
Sector neutral | Random Forest,2025-10-31,Materials,0.0
Sector neutral | Random Forest,2025-11-30,Consumer Discretionary,2.0816681711721685e-17
Sector neutral | Random Forest,2025-11-30,Energy,0.0
Sector neutral | Random Forest,2025-11-30,Financials,0.0
Sector neutral | Random Forest,2025-11-30,Health Care,0.0
Sector neutral | Random Forest,2025-11-30,Industrials,0.0
Sector neutral | Random Forest,2025-11-30,Information Technology,3.469446951953614e-18
Sector neutral | Random Forest,2025-11-30,Materials,0.0
Sector neutral | Random Forest,2025-12-31,Consumer Discretionary,0.0
Sector neutral | Random Forest,2025-12-31,Energy,0.0
Sector neutral | Random Forest,2025-12-31,Financials,0.0
Sector neutral | Random Forest,2025-12-31,Health Care,0.0
Sector neutral | Random Forest,2025-12-31,Industrials,0.0
Sector neutral | Random Forest,2025-12-31,Information Technology,6.938893903907228e-18
Sector neutral | Random Forest,2025-12-31,Materials,0.0
Sector neutral | Random Forest,2026-01-31,Consumer Discretionary,3.469446951953614e-18
Sector neutral | Random Forest,2026-01-31,Energy,0.0
Sector neutral | Random Forest,2026-01-31,Financials,0.0
Sector neutral | Random Forest,2026-01-31,Health Care,0.0
Sector neutral | Random Forest,2026-01-31,Industrials,0.0
Sector neutral | Random Forest,2026-01-31,Information Technology,-1.5612511283791264e-17
Sector neutral | Random Forest,2026-01-31,Materials,0.0
Sector neutral | Random Forest,2026-02-28,Consumer Discretionary,0.0
Sector neutral | Random Forest,2026-02-28,Energy,0.0
Sector neutral | Random Forest,2026-02-28,Financials,0.0
Sector neutral | Random Forest,2026-02-28,Health Care,0.0
Sector neutral | Random Forest,2026-02-28,Industrials,0.0
Sector neutral | Random Forest,2026-02-28,Information Technology,1.214306433183765e-17
Sector neutral | Random Forest,2026-02-28,Materials,0.0
Sector neutral | Random Forest,2026-03-31,Consumer Discretionary,-6.938893903907228e-18
Sector neutral | Random Forest,2026-03-31,Energy,0.0
Sector neutral | Random Forest,2026-03-31,Financials,0.0
Sector neutral | Random Forest,2026-03-31,Health Care,0.0
Sector neutral | Random Forest,2026-03-31,Industrials,0.0
Sector neutral | Random Forest,2026-03-31,Information Technology,1.734723475976807e-17
Sector neutral | Random Forest,2026-03-31,Materials,0.0
Sector neutral | Random Forest,2026-04-30,Consumer Discretionary,0.0
Sector neutral | Random Forest,2026-04-30,Energy,0.0
Sector neutral | Random Forest,2026-04-30,Financials,0.0
Sector neutral | Random Forest,2026-04-30,Health Care,0.0
Sector neutral | Random Forest,2026-04-30,Industrials,0.0
Sector neutral | Random Forest,2026-04-30,Information Technology,-1.734723475976807e-18
Sector neutral | Random Forest,2026-04-30,Materials,0.0
Sector neutral | Random Forest,2026-05-31,Consumer Discretionary,1.3877787807814457e-17
Sector neutral | Random Forest,2026-05-31,Energy,0.0
Sector neutral | Random Forest,2026-05-31,Financials,0.0
Sector neutral | Random Forest,2026-05-31,Health Care,0.0
Sector neutral | Random Forest,2026-05-31,Industrials,0.0
Sector neutral | Random Forest,2026-05-31,Information Technology,1.214306433183765e-17
Sector neutral | Random Forest,2026-05-31,Materials,0.0
Sector neutral | Random Forest,2026-06-30,Consumer Discretionary,1.734723475976807e-17
Sector neutral | Random Forest,2026-06-30,Energy,0.0
Sector neutral | Random Forest,2026-06-30,Financials,0.0
Sector neutral | Random Forest,2026-06-30,Health Care,0.0
Sector neutral | Random Forest,2026-06-30,Industrials,0.0
Sector neutral | Random Forest,2026-06-30,Information Technology,1.3877787807814457e-17
Sector neutral | Random Forest,2026-06-30,Materials,0.0
Sector neutral | Random Forest,2026-07-31,Consumer Discretionary,6.591949208711867e-17
Sector neutral | Random Forest,2026-07-31,Energy,0.0
Sector neutral | Random Forest,2026-07-31,Financials,0.0
Sector neutral | Random Forest,2026-07-31,Health Care,0.0
Sector neutral | Random Forest,2026-07-31,Industrials,0.0
Sector neutral | Random Forest,2026-07-31,Information Technology,5.204170427930421e-17
Sector neutral | Random Forest,2026-07-31,Materials,0.0
Sector neutral | Random Forest,2026-08-31,Consumer Discretionary,4.5102810375396984e-17
Sector neutral | Random Forest,2026-08-31,Energy,0.0
Sector neutral | Random Forest,2026-08-31,Financials,0.0
Sector neutral | Random Forest,2026-08-31,Health Care,0.0
Sector neutral | Random Forest,2026-08-31,Industrials,0.0
Sector neutral | Random Forest,2026-08-31,Information Technology,4.5102810375396984e-17
Sector neutral | Random Forest,2026-08-31,Materials,0.0
Sector neutral | Extra Trees,2024-12-31,Consumer Discretionary,-2.7755575615628914e-17
Sector neutral | Extra Trees,2024-12-31,Energy,0.0
Sector neutral | Extra Trees,2024-12-31,Financials,0.0
Sector neutral | Extra Trees,2024-12-31,Health Care,0.0
Sector neutral | Extra Trees,2024-12-31,Industrials,0.0
Sector neutral | Extra Trees,2024-12-31,Information Technology,-2.0816681711721685e-17
Sector neutral | Extra Trees,2024-12-31,Materials,0.0
Sector neutral | Extra Trees,2025-01-31,Consumer Discretionary,-2.7755575615628914e-17
Sector neutral | Extra Trees,2025-01-31,Energy,0.0
Sector neutral | Extra Trees,2025-01-31,Financials,0.0
Sector neutral | Extra Trees,2025-01-31,Health Care,0.0
Sector neutral | Extra Trees,2025-01-31,Industrials,0.0
Sector neutral | Extra Trees,2025-01-31,Information Technology,0.0
Sector neutral | Extra Trees,2025-01-31,Materials,0.0
Sector neutral | Extra Trees,2025-02-28,Consumer Discretionary,-2.7755575615628914e-17
Sector neutral | Extra Trees,2025-02-28,Energy,0.0
Sector neutral | Extra Trees,2025-02-28,Financials,0.0
Sector neutral | Extra Trees,2025-02-28,Health Care,0.0
Sector neutral | Extra Trees,2025-02-28,Industrials,0.0
Sector neutral | Extra Trees,2025-02-28,Information Technology,1.734723475976807e-17
Sector neutral | Extra Trees,2025-02-28,Materials,0.0
Sector neutral | Extra Trees,2025-03-31,Consumer Discretionary,0.0
Sector neutral | Extra Trees,2025-03-31,Energy,0.0
Sector neutral | Extra Trees,2025-03-31,Financials,0.0
Sector neutral | Extra Trees,2025-03-31,Health Care,0.0
Sector neutral | Extra Trees,2025-03-31,Industrials,0.0
Sector neutral | Extra Trees,2025-03-31,Information Technology,6.938893903907228e-18
Sector neutral | Extra Trees,2025-03-31,Materials,0.0
Sector neutral | Extra Trees,2025-04-30,Consumer Discretionary,-4.163336342344337e-17
Sector neutral | Extra Trees,2025-04-30,Energy,0.0
Sector neutral | Extra Trees,2025-04-30,Financials,0.0
Sector neutral | Extra Trees,2025-04-30,Health Care,0.0
Sector neutral | Extra Trees,2025-04-30,Industrials,0.0
Sector neutral | Extra Trees,2025-04-30,Information Technology,1.734723475976807e-17
Sector neutral | Extra Trees,2025-04-30,Materials,0.0
Sector neutral | Extra Trees,2025-05-31,Consumer Discretionary,6.938893903907228e-18
Sector neutral | Extra Trees,2025-05-31,Energy,0.0
Sector neutral | Extra Trees,2025-05-31,Financials,0.0
Sector neutral | Extra Trees,2025-05-31,Health Care,0.0
Sector neutral | Extra Trees,2025-05-31,Industrials,0.0
Sector neutral | Extra Trees,2025-05-31,Information Technology,2.7755575615628914e-17
Sector neutral | Extra Trees,2025-05-31,Materials,0.0
Sector neutral | Extra Trees,2025-06-30,Consumer Discretionary,0.0
Sector neutral | Extra Trees,2025-06-30,Energy,0.0
Sector neutral | Extra Trees,2025-06-30,Financials,0.0
Sector neutral | Extra Trees,2025-06-30,Health Care,0.0
Sector neutral | Extra Trees,2025-06-30,Industrials,0.0
Sector neutral | Extra Trees,2025-06-30,Information Technology,-1.3877787807814457e-17
Sector neutral | Extra Trees,2025-06-30,Materials,0.0
Sector neutral | Extra Trees,2025-07-31,Consumer Discretionary,1.5612511283791264e-17
Sector neutral | Extra Trees,2025-07-31,Energy,0.0
Sector neutral | Extra Trees,2025-07-31,Financials,0.0
Sector neutral | Extra Trees,2025-07-31,Health Care,0.0
Sector neutral | Extra Trees,2025-07-31,Industrials,0.0
Sector neutral | Extra Trees,2025-07-31,Information Technology,-8.673617379884035e-18
Sector neutral | Extra Trees,2025-07-31,Materials,0.0
Sector neutral | Extra Trees,2025-08-31,Consumer Discretionary,2.0816681711721685e-17
Sector neutral | Extra Trees,2025-08-31,Energy,0.0
Sector neutral | Extra Trees,2025-08-31,Financials,0.0
Sector neutral | Extra Trees,2025-08-31,Health Care,0.0
Sector neutral | Extra Trees,2025-08-31,Industrials,0.0
Sector neutral | Extra Trees,2025-08-31,Information Technology,-6.938893903907228e-18
Sector neutral | Extra Trees,2025-08-31,Materials,0.0
Sector neutral | Extra Trees,2025-09-30,Consumer Discretionary,-2.0816681711721685e-17
Sector neutral | Extra Trees,2025-09-30,Energy,0.0
Sector neutral | Extra Trees,2025-09-30,Financials,0.0
Sector neutral | Extra Trees,2025-09-30,Health Care,0.0
Sector neutral | Extra Trees,2025-09-30,Industrials,0.0
Sector neutral | Extra Trees,2025-09-30,Information Technology,-1.5612511283791264e-17
Sector neutral | Extra Trees,2025-09-30,Materials,0.0
Sector neutral | Extra Trees,2025-10-31,Consumer Discretionary,2.0816681711721685e-17
Sector neutral | Extra Trees,2025-10-31,Energy,0.0
Sector neutral | Extra Trees,2025-10-31,Financials,0.0
Sector neutral | Extra Trees,2025-10-31,Health Care,0.0
Sector neutral | Extra Trees,2025-10-31,Industrials,0.0
Sector neutral | Extra Trees,2025-10-31,Information Technology,-2.168404344971009e-17
Sector neutral | Extra Trees,2025-10-31,Materials,0.0
Sector neutral | Extra Trees,2025-11-30,Consumer Discretionary,4.163336342344337e-17
Sector neutral | Extra Trees,2025-11-30,Energy,0.0
Sector neutral | Extra Trees,2025-11-30,Financials,0.0
Sector neutral | Extra Trees,2025-11-30,Health Care,0.0
Sector neutral | Extra Trees,2025-11-30,Industrials,0.0
Sector neutral | Extra Trees,2025-11-30,Information Technology,2.0816681711721685e-17
Sector neutral | Extra Trees,2025-11-30,Materials,0.0
Sector neutral | Extra Trees,2025-12-31,Consumer Discretionary,2.0816681711721685e-17
Sector neutral | Extra Trees,2025-12-31,Energy,0.0
Sector neutral | Extra Trees,2025-12-31,Financials,0.0
Sector neutral | Extra Trees,2025-12-31,Health Care,0.0
Sector neutral | Extra Trees,2025-12-31,Industrials,0.0
Sector neutral | Extra Trees,2025-12-31,Information Technology,-6.938893903907228e-18
Sector neutral | Extra Trees,2025-12-31,Materials,0.0
Sector neutral | Extra Trees,2026-01-31,Consumer Discretionary,6.938893903907228e-18
Sector neutral | Extra Trees,2026-01-31,Energy,0.0
Sector neutral | Extra Trees,2026-01-31,Financials,0.0
Sector neutral | Extra Trees,2026-01-31,Health Care,0.0
Sector neutral | Extra Trees,2026-01-31,Industrials,0.0
Sector neutral | Extra Trees,2026-01-31,Information Technology,-3.469446951953614e-18
Sector neutral | Extra Trees,2026-01-31,Materials,0.0
Sector neutral | Extra Trees,2026-02-28,Consumer Discretionary,0.0
Sector neutral | Extra Trees,2026-02-28,Energy,0.0
Sector neutral | Extra Trees,2026-02-28,Financials,0.0
Sector neutral | Extra Trees,2026-02-28,Health Care,0.0
Sector neutral | Extra Trees,2026-02-28,Industrials,0.0
Sector neutral | Extra Trees,2026-02-28,Information Technology,1.214306433183765e-17
Sector neutral | Extra Trees,2026-02-28,Materials,0.0
Sector neutral | Extra Trees,2026-03-31,Consumer Discretionary,-1.734723475976807e-18
Sector neutral | Extra Trees,2026-03-31,Energy,0.0
Sector neutral | Extra Trees,2026-03-31,Financials,0.0
Sector neutral | Extra Trees,2026-03-31,Health Care,0.0
Sector neutral | Extra Trees,2026-03-31,Industrials,0.0
Sector neutral | Extra Trees,2026-03-31,Information Technology,3.642919299551295e-17
Sector neutral | Extra Trees,2026-03-31,Materials,0.0
Sector neutral | Extra Trees,2026-04-30,Consumer Discretionary,5.204170427930421e-18
Sector neutral | Extra Trees,2026-04-30,Energy,0.0
Sector neutral | Extra Trees,2026-04-30,Financials,0.0
Sector neutral | Extra Trees,2026-04-30,Health Care,0.0
Sector neutral | Extra Trees,2026-04-30,Industrials,0.0
Sector neutral | Extra Trees,2026-04-30,Information Technology,3.469446951953614e-18
Sector neutral | Extra Trees,2026-04-30,Materials,0.0
Sector neutral | Extra Trees,2026-05-31,Consumer Discretionary,1.3877787807814457e-17
Sector neutral | Extra Trees,2026-05-31,Energy,0.0
Sector neutral | Extra Trees,2026-05-31,Financials,0.0
Sector neutral | Extra Trees,2026-05-31,Health Care,0.0
Sector neutral | Extra Trees,2026-05-31,Industrials,0.0
Sector neutral | Extra Trees,2026-05-31,Information Technology,1.214306433183765e-17
Sector neutral | Extra Trees,2026-05-31,Materials,0.0
Sector neutral | Extra Trees,2026-06-30,Consumer Discretionary,3.469446951953614e-17
Sector neutral | Extra Trees,2026-06-30,Energy,0.0
Sector neutral | Extra Trees,2026-06-30,Financials,0.0
Sector neutral | Extra Trees,2026-06-30,Health Care,0.0
Sector neutral | Extra Trees,2026-06-30,Industrials,0.0
Sector neutral | Extra Trees,2026-06-30,Information Technology,2.7755575615628914e-17
Sector neutral | Extra Trees,2026-06-30,Materials,0.0
Sector neutral | Extra Trees,2026-07-31,Consumer Discretionary,6.591949208711867e-17
Sector neutral | Extra Trees,2026-07-31,Energy,0.0
Sector neutral | Extra Trees,2026-07-31,Financials,0.0
Sector neutral | Extra Trees,2026-07-31,Health Care,0.0
Sector neutral | Extra Trees,2026-07-31,Industrials,0.0
Sector neutral | Extra Trees,2026-07-31,Information Technology,5.204170427930421e-17
Sector neutral | Extra Trees,2026-07-31,Materials,0.0
Sector neutral | Extra Trees,2026-08-31,Consumer Discretionary,4.5102810375396984e-17
Sector neutral | Extra Trees,2026-08-31,Energy,0.0
Sector neutral | Extra Trees,2026-08-31,Financials,0.0
Sector neutral | Extra Trees,2026-08-31,Health Care,0.0
Sector neutral | Extra Trees,2026-08-31,Industrials,0.0
Sector neutral | Extra Trees,2026-08-31,Information Technology,4.5102810375396984e-17
Sector neutral | Extra Trees,2026-08-31,Materials,0.0
Sector neutral | XGBoost,2024-12-31,Consumer Discretionary,0.0
Sector neutral | XGBoost,2024-12-31,Energy,0.0
Sector neutral | XGBoost,2024-12-31,Financials,0.0
Sector neutral | XGBoost,2024-12-31,Health Care,0.0
Sector neutral | XGBoost,2024-12-31,Industrials,0.0
Sector neutral | XGBoost,2024-12-31,Information Technology,-3.2959746043559335e-17
Sector neutral | XGBoost,2024-12-31,Materials,0.0
Sector neutral | XGBoost,2025-01-31,Consumer Discretionary,-1.3877787807814457e-17
Sector neutral | XGBoost,2025-01-31,Energy,0.0
Sector neutral | XGBoost,2025-01-31,Financials,0.0
Sector neutral | XGBoost,2025-01-31,Health Care,0.0
Sector neutral | XGBoost,2025-01-31,Industrials,0.0
Sector neutral | XGBoost,2025-01-31,Information Technology,6.938893903907228e-18
Sector neutral | XGBoost,2025-01-31,Materials,0.0
Sector neutral | XGBoost,2025-02-28,Consumer Discretionary,-2.7755575615628914e-17
Sector neutral | XGBoost,2025-02-28,Energy,0.0
Sector neutral | XGBoost,2025-02-28,Financials,0.0
Sector neutral | XGBoost,2025-02-28,Health Care,0.0
Sector neutral | XGBoost,2025-02-28,Industrials,0.0
Sector neutral | XGBoost,2025-02-28,Information Technology,2.0816681711721685e-17
Sector neutral | XGBoost,2025-02-28,Materials,0.0
Sector neutral | XGBoost,2025-03-31,Consumer Discretionary,0.0
Sector neutral | XGBoost,2025-03-31,Energy,0.0
Sector neutral | XGBoost,2025-03-31,Financials,0.0
Sector neutral | XGBoost,2025-03-31,Health Care,0.0
Sector neutral | XGBoost,2025-03-31,Industrials,0.0
Sector neutral | XGBoost,2025-03-31,Information Technology,6.938893903907228e-18
Sector neutral | XGBoost,2025-03-31,Materials,0.0
Sector neutral | XGBoost,2025-04-30,Consumer Discretionary,-2.7755575615628914e-17
Sector neutral | XGBoost,2025-04-30,Energy,0.0
Sector neutral | XGBoost,2025-04-30,Financials,0.0
Sector neutral | XGBoost,2025-04-30,Health Care,0.0
Sector neutral | XGBoost,2025-04-30,Industrials,0.0
Sector neutral | XGBoost,2025-04-30,Information Technology,-1.3877787807814457e-17
Sector neutral | XGBoost,2025-04-30,Materials,0.0
Sector neutral | XGBoost,2025-05-31,Consumer Discretionary,2.7755575615628914e-17
Sector neutral | XGBoost,2025-05-31,Energy,0.0
Sector neutral | XGBoost,2025-05-31,Financials,0.0
Sector neutral | XGBoost,2025-05-31,Health Care,0.0
Sector neutral | XGBoost,2025-05-31,Industrials,0.0
Sector neutral | XGBoost,2025-05-31,Information Technology,4.5102810375396984e-17
Sector neutral | XGBoost,2025-05-31,Materials,0.0
Sector neutral | XGBoost,2025-06-30,Consumer Discretionary,0.0
Sector neutral | XGBoost,2025-06-30,Energy,0.0
Sector neutral | XGBoost,2025-06-30,Financials,0.0
Sector neutral | XGBoost,2025-06-30,Health Care,0.0
Sector neutral | XGBoost,2025-06-30,Industrials,0.0
Sector neutral | XGBoost,2025-06-30,Information Technology,-1.3877787807814457e-17
Sector neutral | XGBoost,2025-06-30,Materials,0.0
Sector neutral | XGBoost,2025-07-31,Consumer Discretionary,1.214306433183765e-17
Sector neutral | XGBoost,2025-07-31,Energy,0.0
Sector neutral | XGBoost,2025-07-31,Financials,0.0
Sector neutral | XGBoost,2025-07-31,Health Care,0.0
Sector neutral | XGBoost,2025-07-31,Industrials,0.0
Sector neutral | XGBoost,2025-07-31,Information Technology,-2.42861286636753e-17
Sector neutral | XGBoost,2025-07-31,Materials,0.0
Sector neutral | XGBoost,2025-08-31,Consumer Discretionary,0.0
Sector neutral | XGBoost,2025-08-31,Energy,0.0
Sector neutral | XGBoost,2025-08-31,Financials,0.0
Sector neutral | XGBoost,2025-08-31,Health Care,0.0
Sector neutral | XGBoost,2025-08-31,Industrials,0.0
Sector neutral | XGBoost,2025-08-31,Information Technology,-2.0816681711721685e-17
Sector neutral | XGBoost,2025-08-31,Materials,0.0
Sector neutral | XGBoost,2025-09-30,Consumer Discretionary,-2.0816681711721685e-17
Sector neutral | XGBoost,2025-09-30,Energy,0.0
Sector neutral | XGBoost,2025-09-30,Financials,0.0
Sector neutral | XGBoost,2025-09-30,Health Care,0.0
Sector neutral | XGBoost,2025-09-30,Industrials,0.0
Sector neutral | XGBoost,2025-09-30,Information Technology,-1.5612511283791264e-17
Sector neutral | XGBoost,2025-09-30,Materials,0.0
Sector neutral | XGBoost,2025-10-31,Consumer Discretionary,3.469446951953614e-18
Sector neutral | XGBoost,2025-10-31,Energy,0.0
Sector neutral | XGBoost,2025-10-31,Financials,0.0
Sector neutral | XGBoost,2025-10-31,Health Care,0.0
Sector neutral | XGBoost,2025-10-31,Industrials,0.0
Sector neutral | XGBoost,2025-10-31,Information Technology,-1.734723475976807e-18
Sector neutral | XGBoost,2025-10-31,Materials,0.0
Sector neutral | XGBoost,2025-11-30,Consumer Discretionary,4.163336342344337e-17
Sector neutral | XGBoost,2025-11-30,Energy,0.0
Sector neutral | XGBoost,2025-11-30,Financials,0.0
Sector neutral | XGBoost,2025-11-30,Health Care,0.0
Sector neutral | XGBoost,2025-11-30,Industrials,0.0
Sector neutral | XGBoost,2025-11-30,Information Technology,2.0816681711721685e-17
Sector neutral | XGBoost,2025-11-30,Materials,0.0
Sector neutral | XGBoost,2025-12-31,Consumer Discretionary,0.0
Sector neutral | XGBoost,2025-12-31,Energy,0.0
Sector neutral | XGBoost,2025-12-31,Financials,0.0
Sector neutral | XGBoost,2025-12-31,Health Care,0.0
Sector neutral | XGBoost,2025-12-31,Industrials,0.0
Sector neutral | XGBoost,2025-12-31,Information Technology,6.938893903907228e-18
Sector neutral | XGBoost,2025-12-31,Materials,0.0
Sector neutral | XGBoost,2026-01-31,Consumer Discretionary,6.938893903907228e-18
Sector neutral | XGBoost,2026-01-31,Energy,0.0
Sector neutral | XGBoost,2026-01-31,Financials,0.0
Sector neutral | XGBoost,2026-01-31,Health Care,0.0
Sector neutral | XGBoost,2026-01-31,Industrials,0.0
Sector neutral | XGBoost,2026-01-31,Information Technology,-3.469446951953614e-18
Sector neutral | XGBoost,2026-01-31,Materials,0.0
Sector neutral | XGBoost,2026-02-28,Consumer Discretionary,0.0
Sector neutral | XGBoost,2026-02-28,Energy,0.0
Sector neutral | XGBoost,2026-02-28,Financials,0.0
Sector neutral | XGBoost,2026-02-28,Health Care,0.0
Sector neutral | XGBoost,2026-02-28,Industrials,0.0
Sector neutral | XGBoost,2026-02-28,Information Technology,1.214306433183765e-17
Sector neutral | XGBoost,2026-02-28,Materials,0.0
Sector neutral | XGBoost,2026-03-31,Consumer Discretionary,-1.734723475976807e-18
Sector neutral | XGBoost,2026-03-31,Energy,0.0
Sector neutral | XGBoost,2026-03-31,Financials,0.0
Sector neutral | XGBoost,2026-03-31,Health Care,0.0
Sector neutral | XGBoost,2026-03-31,Industrials,0.0
Sector neutral | XGBoost,2026-03-31,Information Technology,3.642919299551295e-17
Sector neutral | XGBoost,2026-03-31,Materials,0.0
Sector neutral | XGBoost,2026-04-30,Consumer Discretionary,0.0
Sector neutral | XGBoost,2026-04-30,Energy,0.0
Sector neutral | XGBoost,2026-04-30,Financials,0.0
Sector neutral | XGBoost,2026-04-30,Health Care,0.0
Sector neutral | XGBoost,2026-04-30,Industrials,0.0
Sector neutral | XGBoost,2026-04-30,Information Technology,-1.734723475976807e-18
Sector neutral | XGBoost,2026-04-30,Materials,0.0
Sector neutral | XGBoost,2026-05-31,Consumer Discretionary,1.3877787807814457e-17
Sector neutral | XGBoost,2026-05-31,Energy,0.0
Sector neutral | XGBoost,2026-05-31,Financials,0.0
Sector neutral | XGBoost,2026-05-31,Health Care,0.0
Sector neutral | XGBoost,2026-05-31,Industrials,0.0
Sector neutral | XGBoost,2026-05-31,Information Technology,1.214306433183765e-17
Sector neutral | XGBoost,2026-05-31,Materials,0.0
Sector neutral | XGBoost,2026-06-30,Consumer Discretionary,1.734723475976807e-17
Sector neutral | XGBoost,2026-06-30,Energy,0.0
Sector neutral | XGBoost,2026-06-30,Financials,0.0
Sector neutral | XGBoost,2026-06-30,Health Care,0.0
Sector neutral | XGBoost,2026-06-30,Industrials,0.0
Sector neutral | XGBoost,2026-06-30,Information Technology,1.3877787807814457e-17
Sector neutral | XGBoost,2026-06-30,Materials,0.0
Sector neutral | XGBoost,2026-07-31,Consumer Discretionary,4.5102810375396984e-17
Sector neutral | XGBoost,2026-07-31,Energy,0.0
Sector neutral | XGBoost,2026-07-31,Financials,0.0
Sector neutral | XGBoost,2026-07-31,Health Care,0.0
Sector neutral | XGBoost,2026-07-31,Industrials,0.0
Sector neutral | XGBoost,2026-07-31,Information Technology,1.3877787807814457e-17
Sector neutral | XGBoost,2026-07-31,Materials,0.0
Sector neutral | XGBoost,2026-08-31,Consumer Discretionary,5.0306980803327406e-17
Sector neutral | XGBoost,2026-08-31,Energy,0.0
Sector neutral | XGBoost,2026-08-31,Financials,0.0
Sector neutral | XGBoost,2026-08-31,Health Care,0.0
Sector neutral | XGBoost,2026-08-31,Industrials,0.0
Sector neutral | XGBoost,2026-08-31,Information Technology,1.734723475976807e-17
Sector neutral | XGBoost,2026-08-31,Materials,0.0
Sector neutral | MLP,2024-12-31,Consumer Discretionary,0.0
Sector neutral | MLP,2024-12-31,Energy,0.0
Sector neutral | MLP,2024-12-31,Financials,0.0
Sector neutral | MLP,2024-12-31,Health Care,0.0
Sector neutral | MLP,2024-12-31,Industrials,0.0
Sector neutral | MLP,2024-12-31,Information Technology,-1.5612511283791264e-17
Sector neutral | MLP,2024-12-31,Materials,0.0
Sector neutral | MLP,2025-01-31,Consumer Discretionary,0.0
Sector neutral | MLP,2025-01-31,Energy,0.0
Sector neutral | MLP,2025-01-31,Financials,0.0
Sector neutral | MLP,2025-01-31,Health Care,0.0
Sector neutral | MLP,2025-01-31,Industrials,0.0
Sector neutral | MLP,2025-01-31,Information Technology,6.938893903907228e-18
Sector neutral | MLP,2025-01-31,Materials,0.0
Sector neutral | MLP,2025-02-28,Consumer Discretionary,-1.3877787807814457e-17
Sector neutral | MLP,2025-02-28,Energy,0.0
Sector neutral | MLP,2025-02-28,Financials,0.0
Sector neutral | MLP,2025-02-28,Health Care,0.0
Sector neutral | MLP,2025-02-28,Industrials,0.0
Sector neutral | MLP,2025-02-28,Information Technology,1.3877787807814457e-17
Sector neutral | MLP,2025-02-28,Materials,0.0
Sector neutral | MLP,2025-03-31,Consumer Discretionary,3.469446951953614e-17
Sector neutral | MLP,2025-03-31,Energy,0.0
Sector neutral | MLP,2025-03-31,Financials,0.0
Sector neutral | MLP,2025-03-31,Health Care,0.0
Sector neutral | MLP,2025-03-31,Industrials,0.0
Sector neutral | MLP,2025-03-31,Information Technology,-1.734723475976807e-17
Sector neutral | MLP,2025-03-31,Materials,0.0
Sector neutral | MLP,2025-04-30,Consumer Discretionary,-2.7755575615628914e-17
Sector neutral | MLP,2025-04-30,Energy,0.0
Sector neutral | MLP,2025-04-30,Financials,0.0
Sector neutral | MLP,2025-04-30,Health Care,0.0
Sector neutral | MLP,2025-04-30,Industrials,0.0
Sector neutral | MLP,2025-04-30,Information Technology,-1.3877787807814457e-17
Sector neutral | MLP,2025-04-30,Materials,0.0
Sector neutral | MLP,2025-05-31,Consumer Discretionary,2.7755575615628914e-17
Sector neutral | MLP,2025-05-31,Energy,0.0
Sector neutral | MLP,2025-05-31,Financials,0.0
Sector neutral | MLP,2025-05-31,Health Care,0.0
Sector neutral | MLP,2025-05-31,Industrials,0.0
Sector neutral | MLP,2025-05-31,Information Technology,4.5102810375396984e-17
Sector neutral | MLP,2025-05-31,Materials,0.0
Sector neutral | MLP,2025-06-30,Consumer Discretionary,2.0816681711721685e-17
Sector neutral | MLP,2025-06-30,Energy,0.0
Sector neutral | MLP,2025-06-30,Financials,0.0
Sector neutral | MLP,2025-06-30,Health Care,0.0
Sector neutral | MLP,2025-06-30,Industrials,0.0
Sector neutral | MLP,2025-06-30,Information Technology,-3.469446951953614e-18
Sector neutral | MLP,2025-06-30,Materials,0.0
Sector neutral | MLP,2025-07-31,Consumer Discretionary,3.469446951953614e-17
Sector neutral | MLP,2025-07-31,Energy,0.0
Sector neutral | MLP,2025-07-31,Financials,0.0
Sector neutral | MLP,2025-07-31,Health Care,0.0
Sector neutral | MLP,2025-07-31,Industrials,0.0
Sector neutral | MLP,2025-07-31,Information Technology,-6.938893903907228e-18
Sector neutral | MLP,2025-07-31,Materials,0.0
Sector neutral | MLP,2025-08-31,Consumer Discretionary,2.0816681711721685e-17
Sector neutral | MLP,2025-08-31,Energy,0.0
Sector neutral | MLP,2025-08-31,Financials,0.0
Sector neutral | MLP,2025-08-31,Health Care,0.0
Sector neutral | MLP,2025-08-31,Industrials,0.0
Sector neutral | MLP,2025-08-31,Information Technology,-6.938893903907228e-18
Sector neutral | MLP,2025-08-31,Materials,0.0
Sector neutral | MLP,2025-09-30,Consumer Discretionary,3.469446951953614e-18
Sector neutral | MLP,2025-09-30,Energy,0.0
Sector neutral | MLP,2025-09-30,Financials,0.0
Sector neutral | MLP,2025-09-30,Health Care,0.0
Sector neutral | MLP,2025-09-30,Industrials,0.0
Sector neutral | MLP,2025-09-30,Information Technology,-1.474514954580286e-17
Sector neutral | MLP,2025-09-30,Materials,0.0
Sector neutral | MLP,2025-10-31,Consumer Discretionary,3.469446951953614e-18
Sector neutral | MLP,2025-10-31,Energy,0.0
Sector neutral | MLP,2025-10-31,Financials,0.0
Sector neutral | MLP,2025-10-31,Health Care,0.0
Sector neutral | MLP,2025-10-31,Industrials,0.0
Sector neutral | MLP,2025-10-31,Information Technology,-1.734723475976807e-18
Sector neutral | MLP,2025-10-31,Materials,0.0
Sector neutral | MLP,2025-11-30,Consumer Discretionary,2.42861286636753e-17
Sector neutral | MLP,2025-11-30,Energy,0.0
Sector neutral | MLP,2025-11-30,Financials,0.0
Sector neutral | MLP,2025-11-30,Health Care,0.0
Sector neutral | MLP,2025-11-30,Industrials,0.0
Sector neutral | MLP,2025-11-30,Information Technology,3.469446951953614e-17
Sector neutral | MLP,2025-11-30,Materials,0.0
Sector neutral | MLP,2025-12-31,Consumer Discretionary,1.3877787807814457e-17
Sector neutral | MLP,2025-12-31,Energy,0.0
Sector neutral | MLP,2025-12-31,Financials,0.0
Sector neutral | MLP,2025-12-31,Health Care,0.0
Sector neutral | MLP,2025-12-31,Industrials,0.0
Sector neutral | MLP,2025-12-31,Information Technology,1.3877787807814457e-17
Sector neutral | MLP,2025-12-31,Materials,0.0
Sector neutral | MLP,2026-01-31,Consumer Discretionary,6.938893903907228e-18
Sector neutral | MLP,2026-01-31,Energy,0.0
Sector neutral | MLP,2026-01-31,Financials,0.0
Sector neutral | MLP,2026-01-31,Health Care,0.0
Sector neutral | MLP,2026-01-31,Industrials,0.0
Sector neutral | MLP,2026-01-31,Information Technology,-3.469446951953614e-18
Sector neutral | MLP,2026-01-31,Materials,0.0
Sector neutral | MLP,2026-02-28,Consumer Discretionary,-6.938893903907228e-18
Sector neutral | MLP,2026-02-28,Energy,0.0
Sector neutral | MLP,2026-02-28,Financials,0.0
Sector neutral | MLP,2026-02-28,Health Care,0.0
Sector neutral | MLP,2026-02-28,Industrials,0.0
Sector neutral | MLP,2026-02-28,Information Technology,-1.734723475976807e-18
Sector neutral | MLP,2026-02-28,Materials,0.0
Sector neutral | MLP,2026-03-31,Consumer Discretionary,-1.734723475976807e-18
Sector neutral | MLP,2026-03-31,Energy,0.0
Sector neutral | MLP,2026-03-31,Financials,0.0
Sector neutral | MLP,2026-03-31,Health Care,0.0
Sector neutral | MLP,2026-03-31,Industrials,0.0
Sector neutral | MLP,2026-03-31,Information Technology,3.642919299551295e-17
Sector neutral | MLP,2026-03-31,Materials,0.0
Sector neutral | MLP,2026-04-30,Consumer Discretionary,0.0
Sector neutral | MLP,2026-04-30,Energy,0.0
Sector neutral | MLP,2026-04-30,Financials,0.0
Sector neutral | MLP,2026-04-30,Health Care,0.0
Sector neutral | MLP,2026-04-30,Industrials,0.0
Sector neutral | MLP,2026-04-30,Information Technology,-1.734723475976807e-18
Sector neutral | MLP,2026-04-30,Materials,0.0
Sector neutral | MLP,2026-05-31,Consumer Discretionary,1.3877787807814457e-17
Sector neutral | MLP,2026-05-31,Energy,0.0
Sector neutral | MLP,2026-05-31,Financials,0.0
Sector neutral | MLP,2026-05-31,Health Care,0.0
Sector neutral | MLP,2026-05-31,Industrials,0.0
Sector neutral | MLP,2026-05-31,Information Technology,1.214306433183765e-17
Sector neutral | MLP,2026-05-31,Materials,0.0
Sector neutral | MLP,2026-06-30,Consumer Discretionary,1.734723475976807e-17
Sector neutral | MLP,2026-06-30,Energy,0.0
Sector neutral | MLP,2026-06-30,Financials,0.0
Sector neutral | MLP,2026-06-30,Health Care,0.0
Sector neutral | MLP,2026-06-30,Industrials,0.0
Sector neutral | MLP,2026-06-30,Information Technology,1.3877787807814457e-17
Sector neutral | MLP,2026-06-30,Materials,0.0
Sector neutral | MLP,2026-07-31,Consumer Discretionary,4.5102810375396984e-17
Sector neutral | MLP,2026-07-31,Energy,0.0
Sector neutral | MLP,2026-07-31,Financials,0.0
Sector neutral | MLP,2026-07-31,Health Care,0.0
Sector neutral | MLP,2026-07-31,Industrials,0.0
Sector neutral | MLP,2026-07-31,Information Technology,1.3877787807814457e-17
Sector neutral | MLP,2026-07-31,Materials,0.0
Sector neutral | MLP,2026-08-31,Consumer Discretionary,5.0306980803327406e-17
Sector neutral | MLP,2026-08-31,Energy,0.0
Sector neutral | MLP,2026-08-31,Financials,0.0
Sector neutral | MLP,2026-08-31,Health Care,0.0
Sector neutral | MLP,2026-08-31,Industrials,0.0
Sector neutral | MLP,2026-08-31,Information Technology,1.734723475976807e-17
Sector neutral | MLP,2026-08-31,Materials,0.0
Sector neutral | LSTM,2024-12-31,Consumer Discretionary,0.0
Sector neutral | LSTM,2024-12-31,Energy,0.0
Sector neutral | LSTM,2024-12-31,Financials,0.0
Sector neutral | LSTM,2024-12-31,Health Care,0.0
Sector neutral | LSTM,2024-12-31,Industrials,0.0
Sector neutral | LSTM,2024-12-31,Information Technology,-1.5612511283791264e-17
Sector neutral | LSTM,2024-12-31,Materials,0.0
Sector neutral | LSTM,2025-01-31,Consumer Discretionary,0.0
Sector neutral | LSTM,2025-01-31,Energy,0.0
Sector neutral | LSTM,2025-01-31,Financials,0.0
Sector neutral | LSTM,2025-01-31,Health Care,0.0
Sector neutral | LSTM,2025-01-31,Industrials,0.0
Sector neutral | LSTM,2025-01-31,Information Technology,6.938893903907228e-18
Sector neutral | LSTM,2025-01-31,Materials,0.0
Sector neutral | LSTM,2025-02-28,Consumer Discretionary,-1.3877787807814457e-17
Sector neutral | LSTM,2025-02-28,Energy,0.0
Sector neutral | LSTM,2025-02-28,Financials,0.0
Sector neutral | LSTM,2025-02-28,Health Care,0.0
Sector neutral | LSTM,2025-02-28,Industrials,0.0
Sector neutral | LSTM,2025-02-28,Information Technology,1.3877787807814457e-17
Sector neutral | LSTM,2025-02-28,Materials,0.0
Sector neutral | LSTM,2025-03-31,Consumer Discretionary,3.469446951953614e-17
Sector neutral | LSTM,2025-03-31,Energy,0.0
Sector neutral | LSTM,2025-03-31,Financials,0.0
Sector neutral | LSTM,2025-03-31,Health Care,0.0
Sector neutral | LSTM,2025-03-31,Industrials,0.0
Sector neutral | LSTM,2025-03-31,Information Technology,-1.734723475976807e-17
Sector neutral | LSTM,2025-03-31,Materials,0.0
Sector neutral | LSTM,2025-04-30,Consumer Discretionary,-2.7755575615628914e-17
Sector neutral | LSTM,2025-04-30,Energy,0.0
Sector neutral | LSTM,2025-04-30,Financials,0.0
Sector neutral | LSTM,2025-04-30,Health Care,0.0
Sector neutral | LSTM,2025-04-30,Industrials,0.0
Sector neutral | LSTM,2025-04-30,Information Technology,-6.938893903907228e-18
Sector neutral | LSTM,2025-04-30,Materials,0.0
Sector neutral | LSTM,2025-05-31,Consumer Discretionary,6.938893903907228e-18
Sector neutral | LSTM,2025-05-31,Energy,0.0
Sector neutral | LSTM,2025-05-31,Financials,0.0
Sector neutral | LSTM,2025-05-31,Health Care,0.0
Sector neutral | LSTM,2025-05-31,Industrials,0.0
Sector neutral | LSTM,2025-05-31,Information Technology,1.3877787807814457e-17
Sector neutral | LSTM,2025-05-31,Materials,0.0
Sector neutral | LSTM,2025-06-30,Consumer Discretionary,-6.938893903907228e-18
Sector neutral | LSTM,2025-06-30,Energy,0.0
Sector neutral | LSTM,2025-06-30,Financials,0.0
Sector neutral | LSTM,2025-06-30,Health Care,0.0
Sector neutral | LSTM,2025-06-30,Industrials,0.0
Sector neutral | LSTM,2025-06-30,Information Technology,-2.7755575615628914e-17
Sector neutral | LSTM,2025-06-30,Materials,0.0
Sector neutral | LSTM,2025-07-31,Consumer Discretionary,1.5612511283791264e-17
Sector neutral | LSTM,2025-07-31,Energy,0.0
Sector neutral | LSTM,2025-07-31,Financials,0.0
Sector neutral | LSTM,2025-07-31,Health Care,0.0
Sector neutral | LSTM,2025-07-31,Industrials,0.0
Sector neutral | LSTM,2025-07-31,Information Technology,-8.673617379884035e-18
Sector neutral | LSTM,2025-07-31,Materials,0.0
Sector neutral | LSTM,2025-08-31,Consumer Discretionary,2.0816681711721685e-17
Sector neutral | LSTM,2025-08-31,Energy,0.0
Sector neutral | LSTM,2025-08-31,Financials,0.0
Sector neutral | LSTM,2025-08-31,Health Care,0.0
Sector neutral | LSTM,2025-08-31,Industrials,0.0
Sector neutral | LSTM,2025-08-31,Information Technology,-6.938893903907228e-18
Sector neutral | LSTM,2025-08-31,Materials,0.0
Sector neutral | LSTM,2025-09-30,Consumer Discretionary,3.469446951953614e-18
Sector neutral | LSTM,2025-09-30,Energy,0.0
Sector neutral | LSTM,2025-09-30,Financials,0.0
Sector neutral | LSTM,2025-09-30,Health Care,0.0
Sector neutral | LSTM,2025-09-30,Industrials,0.0
Sector neutral | LSTM,2025-09-30,Information Technology,-1.474514954580286e-17
Sector neutral | LSTM,2025-09-30,Materials,0.0
Sector neutral | LSTM,2025-10-31,Consumer Discretionary,2.0816681711721685e-17
Sector neutral | LSTM,2025-10-31,Energy,0.0
Sector neutral | LSTM,2025-10-31,Financials,0.0
Sector neutral | LSTM,2025-10-31,Health Care,0.0
Sector neutral | LSTM,2025-10-31,Industrials,0.0
Sector neutral | LSTM,2025-10-31,Information Technology,-2.168404344971009e-17
Sector neutral | LSTM,2025-10-31,Materials,0.0
Sector neutral | LSTM,2025-11-30,Consumer Discretionary,4.163336342344337e-17
Sector neutral | LSTM,2025-11-30,Energy,0.0
Sector neutral | LSTM,2025-11-30,Financials,0.0
Sector neutral | LSTM,2025-11-30,Health Care,0.0
Sector neutral | LSTM,2025-11-30,Industrials,0.0
Sector neutral | LSTM,2025-11-30,Information Technology,2.0816681711721685e-17
Sector neutral | LSTM,2025-11-30,Materials,0.0
Sector neutral | LSTM,2025-12-31,Consumer Discretionary,0.0
Sector neutral | LSTM,2025-12-31,Energy,0.0
Sector neutral | LSTM,2025-12-31,Financials,0.0
Sector neutral | LSTM,2025-12-31,Health Care,0.0
Sector neutral | LSTM,2025-12-31,Industrials,0.0
Sector neutral | LSTM,2025-12-31,Information Technology,6.938893903907228e-18
Sector neutral | LSTM,2025-12-31,Materials,0.0
Sector neutral | LSTM,2026-01-31,Consumer Discretionary,3.469446951953614e-18
Sector neutral | LSTM,2026-01-31,Energy,0.0
Sector neutral | LSTM,2026-01-31,Financials,0.0
Sector neutral | LSTM,2026-01-31,Health Care,0.0
Sector neutral | LSTM,2026-01-31,Industrials,0.0
Sector neutral | LSTM,2026-01-31,Information Technology,-1.5612511283791264e-17
Sector neutral | LSTM,2026-01-31,Materials,0.0
Sector neutral | LSTM,2026-02-28,Consumer Discretionary,-6.938893903907228e-18
Sector neutral | LSTM,2026-02-28,Energy,0.0
Sector neutral | LSTM,2026-02-28,Financials,0.0
Sector neutral | LSTM,2026-02-28,Health Care,0.0
Sector neutral | LSTM,2026-02-28,Industrials,0.0
Sector neutral | LSTM,2026-02-28,Information Technology,-1.734723475976807e-18
Sector neutral | LSTM,2026-02-28,Materials,0.0
Sector neutral | LSTM,2026-03-31,Consumer Discretionary,-1.734723475976807e-18
Sector neutral | LSTM,2026-03-31,Energy,0.0
Sector neutral | LSTM,2026-03-31,Financials,0.0
Sector neutral | LSTM,2026-03-31,Health Care,0.0
Sector neutral | LSTM,2026-03-31,Industrials,0.0
Sector neutral | LSTM,2026-03-31,Information Technology,3.642919299551295e-17
Sector neutral | LSTM,2026-03-31,Materials,0.0
Sector neutral | LSTM,2026-04-30,Consumer Discretionary,0.0
Sector neutral | LSTM,2026-04-30,Energy,0.0
Sector neutral | LSTM,2026-04-30,Financials,0.0
Sector neutral | LSTM,2026-04-30,Health Care,0.0
Sector neutral | LSTM,2026-04-30,Industrials,0.0
Sector neutral | LSTM,2026-04-30,Information Technology,-1.734723475976807e-18
Sector neutral | LSTM,2026-04-30,Materials,0.0
Sector neutral | LSTM,2026-05-31,Consumer Discretionary,1.3877787807814457e-17
Sector neutral | LSTM,2026-05-31,Energy,0.0
Sector neutral | LSTM,2026-05-31,Financials,0.0
Sector neutral | LSTM,2026-05-31,Health Care,0.0
Sector neutral | LSTM,2026-05-31,Industrials,0.0
Sector neutral | LSTM,2026-05-31,Information Technology,1.214306433183765e-17
Sector neutral | LSTM,2026-05-31,Materials,0.0
Sector neutral | LSTM,2026-06-30,Consumer Discretionary,3.469446951953614e-17
Sector neutral | LSTM,2026-06-30,Energy,0.0
Sector neutral | LSTM,2026-06-30,Financials,0.0
Sector neutral | LSTM,2026-06-30,Health Care,0.0
Sector neutral | LSTM,2026-06-30,Industrials,0.0
Sector neutral | LSTM,2026-06-30,Information Technology,2.7755575615628914e-17
Sector neutral | LSTM,2026-06-30,Materials,0.0
Sector neutral | LSTM,2026-07-31,Consumer Discretionary,6.591949208711867e-17
Sector neutral | LSTM,2026-07-31,Energy,0.0
Sector neutral | LSTM,2026-07-31,Financials,0.0
Sector neutral | LSTM,2026-07-31,Health Care,0.0
Sector neutral | LSTM,2026-07-31,Industrials,0.0
Sector neutral | LSTM,2026-07-31,Information Technology,5.204170427930421e-17
Sector neutral | LSTM,2026-07-31,Materials,0.0
Sector neutral | LSTM,2026-08-31,Consumer Discretionary,5.0306980803327406e-17
Sector neutral | LSTM,2026-08-31,Energy,0.0
Sector neutral | LSTM,2026-08-31,Financials,0.0
Sector neutral | LSTM,2026-08-31,Health Care,0.0
Sector neutral | LSTM,2026-08-31,Industrials,0.0
Sector neutral | LSTM,2026-08-31,Information Technology,1.734723475976807e-17
Sector neutral | LSTM,2026-08-31,Materials,0.0
Sector neutral | CNN,2024-12-31,Consumer Discretionary,-2.7755575615628914e-17
Sector neutral | CNN,2024-12-31,Energy,0.0
Sector neutral | CNN,2024-12-31,Financials,0.0
Sector neutral | CNN,2024-12-31,Health Care,0.0
Sector neutral | CNN,2024-12-31,Industrials,0.0
Sector neutral | CNN,2024-12-31,Information Technology,-2.0816681711721685e-17
Sector neutral | CNN,2024-12-31,Materials,0.0
Sector neutral | CNN,2025-01-31,Consumer Discretionary,-2.7755575615628914e-17
Sector neutral | CNN,2025-01-31,Energy,0.0
Sector neutral | CNN,2025-01-31,Financials,0.0
Sector neutral | CNN,2025-01-31,Health Care,0.0
Sector neutral | CNN,2025-01-31,Industrials,0.0
Sector neutral | CNN,2025-01-31,Information Technology,0.0
Sector neutral | CNN,2025-01-31,Materials,0.0
Sector neutral | CNN,2025-02-28,Consumer Discretionary,-2.7755575615628914e-17
Sector neutral | CNN,2025-02-28,Energy,0.0
Sector neutral | CNN,2025-02-28,Financials,0.0
Sector neutral | CNN,2025-02-28,Health Care,0.0
Sector neutral | CNN,2025-02-28,Industrials,0.0
Sector neutral | CNN,2025-02-28,Information Technology,2.0816681711721685e-17
Sector neutral | CNN,2025-02-28,Materials,0.0
Sector neutral | CNN,2025-03-31,Consumer Discretionary,0.0
Sector neutral | CNN,2025-03-31,Energy,0.0
Sector neutral | CNN,2025-03-31,Financials,0.0
Sector neutral | CNN,2025-03-31,Health Care,0.0
Sector neutral | CNN,2025-03-31,Industrials,0.0
Sector neutral | CNN,2025-03-31,Information Technology,6.938893903907228e-18
Sector neutral | CNN,2025-03-31,Materials,0.0
Sector neutral | CNN,2025-04-30,Consumer Discretionary,-4.163336342344337e-17
Sector neutral | CNN,2025-04-30,Energy,0.0
Sector neutral | CNN,2025-04-30,Financials,0.0
Sector neutral | CNN,2025-04-30,Health Care,0.0
Sector neutral | CNN,2025-04-30,Industrials,0.0
Sector neutral | CNN,2025-04-30,Information Technology,1.734723475976807e-17
Sector neutral | CNN,2025-04-30,Materials,0.0
Sector neutral | CNN,2025-05-31,Consumer Discretionary,6.938893903907228e-18
Sector neutral | CNN,2025-05-31,Energy,0.0
Sector neutral | CNN,2025-05-31,Financials,0.0
Sector neutral | CNN,2025-05-31,Health Care,0.0
Sector neutral | CNN,2025-05-31,Industrials,0.0
Sector neutral | CNN,2025-05-31,Information Technology,1.3877787807814457e-17
Sector neutral | CNN,2025-05-31,Materials,0.0
Sector neutral | CNN,2025-06-30,Consumer Discretionary,-6.938893903907228e-18
Sector neutral | CNN,2025-06-30,Energy,0.0
Sector neutral | CNN,2025-06-30,Financials,0.0
Sector neutral | CNN,2025-06-30,Health Care,0.0
Sector neutral | CNN,2025-06-30,Industrials,0.0
Sector neutral | CNN,2025-06-30,Information Technology,-2.7755575615628914e-17
Sector neutral | CNN,2025-06-30,Materials,0.0
Sector neutral | CNN,2025-07-31,Consumer Discretionary,1.214306433183765e-17
Sector neutral | CNN,2025-07-31,Energy,0.0
Sector neutral | CNN,2025-07-31,Financials,0.0
Sector neutral | CNN,2025-07-31,Health Care,0.0
Sector neutral | CNN,2025-07-31,Industrials,0.0
Sector neutral | CNN,2025-07-31,Information Technology,-2.42861286636753e-17
Sector neutral | CNN,2025-07-31,Materials,0.0
Sector neutral | CNN,2025-08-31,Consumer Discretionary,0.0
Sector neutral | CNN,2025-08-31,Energy,0.0
Sector neutral | CNN,2025-08-31,Financials,0.0
Sector neutral | CNN,2025-08-31,Health Care,0.0
Sector neutral | CNN,2025-08-31,Industrials,0.0
Sector neutral | CNN,2025-08-31,Information Technology,-2.0816681711721685e-17
Sector neutral | CNN,2025-08-31,Materials,0.0
Sector neutral | CNN,2025-09-30,Consumer Discretionary,-2.0816681711721685e-17
Sector neutral | CNN,2025-09-30,Energy,0.0
Sector neutral | CNN,2025-09-30,Financials,0.0
Sector neutral | CNN,2025-09-30,Health Care,0.0
Sector neutral | CNN,2025-09-30,Industrials,0.0
Sector neutral | CNN,2025-09-30,Information Technology,-1.5612511283791264e-17
Sector neutral | CNN,2025-09-30,Materials,0.0
Sector neutral | CNN,2025-10-31,Consumer Discretionary,3.469446951953614e-18
Sector neutral | CNN,2025-10-31,Energy,0.0
Sector neutral | CNN,2025-10-31,Financials,0.0
Sector neutral | CNN,2025-10-31,Health Care,0.0
Sector neutral | CNN,2025-10-31,Industrials,0.0
Sector neutral | CNN,2025-10-31,Information Technology,-1.734723475976807e-18
Sector neutral | CNN,2025-10-31,Materials,0.0
Sector neutral | CNN,2025-11-30,Consumer Discretionary,2.0816681711721685e-17
Sector neutral | CNN,2025-11-30,Energy,0.0
Sector neutral | CNN,2025-11-30,Financials,0.0
Sector neutral | CNN,2025-11-30,Health Care,0.0
Sector neutral | CNN,2025-11-30,Industrials,0.0
Sector neutral | CNN,2025-11-30,Information Technology,3.469446951953614e-18
Sector neutral | CNN,2025-11-30,Materials,0.0
Sector neutral | CNN,2025-12-31,Consumer Discretionary,0.0
Sector neutral | CNN,2025-12-31,Energy,0.0
Sector neutral | CNN,2025-12-31,Financials,0.0
Sector neutral | CNN,2025-12-31,Health Care,0.0
Sector neutral | CNN,2025-12-31,Industrials,0.0
Sector neutral | CNN,2025-12-31,Information Technology,6.938893903907228e-18
Sector neutral | CNN,2025-12-31,Materials,0.0
Sector neutral | CNN,2026-01-31,Consumer Discretionary,3.469446951953614e-18
Sector neutral | CNN,2026-01-31,Energy,0.0
Sector neutral | CNN,2026-01-31,Financials,0.0
Sector neutral | CNN,2026-01-31,Health Care,0.0
Sector neutral | CNN,2026-01-31,Industrials,0.0
Sector neutral | CNN,2026-01-31,Information Technology,-1.5612511283791264e-17
Sector neutral | CNN,2026-01-31,Materials,0.0
Sector neutral | CNN,2026-02-28,Consumer Discretionary,-6.938893903907228e-18
Sector neutral | CNN,2026-02-28,Energy,0.0
Sector neutral | CNN,2026-02-28,Financials,0.0
Sector neutral | CNN,2026-02-28,Health Care,0.0
Sector neutral | CNN,2026-02-28,Industrials,0.0
Sector neutral | CNN,2026-02-28,Information Technology,-1.734723475976807e-18
Sector neutral | CNN,2026-02-28,Materials,0.0
Sector neutral | CNN,2026-03-31,Consumer Discretionary,-6.938893903907228e-18
Sector neutral | CNN,2026-03-31,Energy,0.0
Sector neutral | CNN,2026-03-31,Financials,0.0
Sector neutral | CNN,2026-03-31,Health Care,0.0
Sector neutral | CNN,2026-03-31,Industrials,0.0
Sector neutral | CNN,2026-03-31,Information Technology,1.734723475976807e-17
Sector neutral | CNN,2026-03-31,Materials,0.0
Sector neutral | CNN,2026-04-30,Consumer Discretionary,0.0
Sector neutral | CNN,2026-04-30,Energy,0.0
Sector neutral | CNN,2026-04-30,Financials,0.0
Sector neutral | CNN,2026-04-30,Health Care,0.0
Sector neutral | CNN,2026-04-30,Industrials,0.0
Sector neutral | CNN,2026-04-30,Information Technology,-1.734723475976807e-18
Sector neutral | CNN,2026-04-30,Materials,0.0
Sector neutral | CNN,2026-05-31,Consumer Discretionary,3.469446951953614e-18
Sector neutral | CNN,2026-05-31,Energy,0.0
Sector neutral | CNN,2026-05-31,Financials,0.0
Sector neutral | CNN,2026-05-31,Health Care,0.0
Sector neutral | CNN,2026-05-31,Industrials,0.0
Sector neutral | CNN,2026-05-31,Information Technology,3.469446951953614e-17
Sector neutral | CNN,2026-05-31,Materials,0.0
Sector neutral | CNN,2026-06-30,Consumer Discretionary,1.734723475976807e-17
Sector neutral | CNN,2026-06-30,Energy,0.0
Sector neutral | CNN,2026-06-30,Financials,0.0
Sector neutral | CNN,2026-06-30,Health Care,0.0
Sector neutral | CNN,2026-06-30,Industrials,0.0
Sector neutral | CNN,2026-06-30,Information Technology,1.3877787807814457e-17
Sector neutral | CNN,2026-06-30,Materials,0.0
Sector neutral | CNN,2026-07-31,Consumer Discretionary,4.5102810375396984e-17
Sector neutral | CNN,2026-07-31,Energy,0.0
Sector neutral | CNN,2026-07-31,Financials,0.0
Sector neutral | CNN,2026-07-31,Health Care,0.0
Sector neutral | CNN,2026-07-31,Industrials,0.0
Sector neutral | CNN,2026-07-31,Information Technology,5.898059818321144e-17
Sector neutral | CNN,2026-07-31,Materials,0.0
Sector neutral | CNN,2026-08-31,Consumer Discretionary,1.3877787807814457e-17
Sector neutral | CNN,2026-08-31,Energy,0.0
Sector neutral | CNN,2026-08-31,Financials,0.0
Sector neutral | CNN,2026-08-31,Health Care,0.0
Sector neutral | CNN,2026-08-31,Industrials,0.0
Sector neutral | CNN,2026-08-31,Information Technology,4.163336342344337e-17
Sector neutral | CNN,2026-08-31,Materials,0.0
Sector neutral | Prophet,2024-12-31,Consumer Discretionary,0.0
Sector neutral | Prophet,2024-12-31,Energy,0.0
Sector neutral | Prophet,2024-12-31,Financials,0.0
Sector neutral | Prophet,2024-12-31,Health Care,0.0
Sector neutral | Prophet,2024-12-31,Industrials,0.0
Sector neutral | Prophet,2024-12-31,Information Technology,-1.5612511283791264e-17
Sector neutral | Prophet,2024-12-31,Materials,0.0
Sector neutral | Prophet,2025-01-31,Consumer Discretionary,0.0
Sector neutral | Prophet,2025-01-31,Energy,0.0
Sector neutral | Prophet,2025-01-31,Financials,0.0
Sector neutral | Prophet,2025-01-31,Health Care,0.0
Sector neutral | Prophet,2025-01-31,Industrials,0.0
Sector neutral | Prophet,2025-01-31,Information Technology,6.938893903907228e-18
Sector neutral | Prophet,2025-01-31,Materials,0.0
Sector neutral | Prophet,2025-02-28,Consumer Discretionary,-1.3877787807814457e-17
Sector neutral | Prophet,2025-02-28,Energy,0.0
Sector neutral | Prophet,2025-02-28,Financials,0.0
Sector neutral | Prophet,2025-02-28,Health Care,0.0
Sector neutral | Prophet,2025-02-28,Industrials,0.0
Sector neutral | Prophet,2025-02-28,Information Technology,1.3877787807814457e-17
Sector neutral | Prophet,2025-02-28,Materials,0.0
Sector neutral | Prophet,2025-03-31,Consumer Discretionary,3.469446951953614e-17
Sector neutral | Prophet,2025-03-31,Energy,0.0
Sector neutral | Prophet,2025-03-31,Financials,0.0
Sector neutral | Prophet,2025-03-31,Health Care,0.0
Sector neutral | Prophet,2025-03-31,Industrials,0.0
Sector neutral | Prophet,2025-03-31,Information Technology,-1.734723475976807e-17
Sector neutral | Prophet,2025-03-31,Materials,0.0
Sector neutral | Prophet,2025-04-30,Consumer Discretionary,-2.7755575615628914e-17
Sector neutral | Prophet,2025-04-30,Energy,0.0
Sector neutral | Prophet,2025-04-30,Financials,0.0
Sector neutral | Prophet,2025-04-30,Health Care,0.0
Sector neutral | Prophet,2025-04-30,Industrials,0.0
Sector neutral | Prophet,2025-04-30,Information Technology,2.0816681711721685e-17
Sector neutral | Prophet,2025-04-30,Materials,0.0
Sector neutral | Prophet,2025-05-31,Consumer Discretionary,2.7755575615628914e-17
Sector neutral | Prophet,2025-05-31,Energy,0.0
Sector neutral | Prophet,2025-05-31,Financials,0.0
Sector neutral | Prophet,2025-05-31,Health Care,0.0
Sector neutral | Prophet,2025-05-31,Industrials,0.0
Sector neutral | Prophet,2025-05-31,Information Technology,4.163336342344337e-17
Sector neutral | Prophet,2025-05-31,Materials,0.0
Sector neutral | Prophet,2025-06-30,Consumer Discretionary,0.0
Sector neutral | Prophet,2025-06-30,Energy,0.0
Sector neutral | Prophet,2025-06-30,Financials,0.0
Sector neutral | Prophet,2025-06-30,Health Care,0.0
Sector neutral | Prophet,2025-06-30,Industrials,0.0
Sector neutral | Prophet,2025-06-30,Information Technology,-1.3877787807814457e-17
Sector neutral | Prophet,2025-06-30,Materials,0.0
Sector neutral | Prophet,2025-07-31,Consumer Discretionary,1.5612511283791264e-17
Sector neutral | Prophet,2025-07-31,Energy,0.0
Sector neutral | Prophet,2025-07-31,Financials,0.0
Sector neutral | Prophet,2025-07-31,Health Care,0.0
Sector neutral | Prophet,2025-07-31,Industrials,0.0
Sector neutral | Prophet,2025-07-31,Information Technology,-8.673617379884035e-18
Sector neutral | Prophet,2025-07-31,Materials,0.0
Sector neutral | Prophet,2025-08-31,Consumer Discretionary,2.0816681711721685e-17
Sector neutral | Prophet,2025-08-31,Energy,0.0
Sector neutral | Prophet,2025-08-31,Financials,0.0
Sector neutral | Prophet,2025-08-31,Health Care,0.0
Sector neutral | Prophet,2025-08-31,Industrials,0.0
Sector neutral | Prophet,2025-08-31,Information Technology,-6.938893903907228e-18
Sector neutral | Prophet,2025-08-31,Materials,0.0
Sector neutral | Prophet,2025-09-30,Consumer Discretionary,3.469446951953614e-18
Sector neutral | Prophet,2025-09-30,Energy,0.0
Sector neutral | Prophet,2025-09-30,Financials,0.0
Sector neutral | Prophet,2025-09-30,Health Care,0.0
Sector neutral | Prophet,2025-09-30,Industrials,0.0
Sector neutral | Prophet,2025-09-30,Information Technology,-1.474514954580286e-17
Sector neutral | Prophet,2025-09-30,Materials,0.0
Sector neutral | Prophet,2025-10-31,Consumer Discretionary,2.0816681711721685e-17
Sector neutral | Prophet,2025-10-31,Energy,0.0
Sector neutral | Prophet,2025-10-31,Financials,0.0
Sector neutral | Prophet,2025-10-31,Health Care,0.0
Sector neutral | Prophet,2025-10-31,Industrials,0.0
Sector neutral | Prophet,2025-10-31,Information Technology,-2.168404344971009e-17
Sector neutral | Prophet,2025-10-31,Materials,0.0
Sector neutral | Prophet,2025-11-30,Consumer Discretionary,4.163336342344337e-17
Sector neutral | Prophet,2025-11-30,Energy,0.0
Sector neutral | Prophet,2025-11-30,Financials,0.0
Sector neutral | Prophet,2025-11-30,Health Care,0.0
Sector neutral | Prophet,2025-11-30,Industrials,0.0
Sector neutral | Prophet,2025-11-30,Information Technology,2.0816681711721685e-17
Sector neutral | Prophet,2025-11-30,Materials,0.0
Sector neutral | Prophet,2025-12-31,Consumer Discretionary,2.0816681711721685e-17
Sector neutral | Prophet,2025-12-31,Energy,0.0
Sector neutral | Prophet,2025-12-31,Financials,0.0
Sector neutral | Prophet,2025-12-31,Health Care,0.0
Sector neutral | Prophet,2025-12-31,Industrials,0.0
Sector neutral | Prophet,2025-12-31,Information Technology,-6.938893903907228e-18
Sector neutral | Prophet,2025-12-31,Materials,0.0
Sector neutral | Prophet,2026-01-31,Consumer Discretionary,6.938893903907228e-18
Sector neutral | Prophet,2026-01-31,Energy,0.0
Sector neutral | Prophet,2026-01-31,Financials,0.0
Sector neutral | Prophet,2026-01-31,Health Care,0.0
Sector neutral | Prophet,2026-01-31,Industrials,0.0
Sector neutral | Prophet,2026-01-31,Information Technology,-3.469446951953614e-18
Sector neutral | Prophet,2026-01-31,Materials,0.0
Sector neutral | Prophet,2026-02-28,Consumer Discretionary,0.0
Sector neutral | Prophet,2026-02-28,Energy,0.0
Sector neutral | Prophet,2026-02-28,Financials,0.0
Sector neutral | Prophet,2026-02-28,Health Care,0.0
Sector neutral | Prophet,2026-02-28,Industrials,0.0
Sector neutral | Prophet,2026-02-28,Information Technology,1.214306433183765e-17
Sector neutral | Prophet,2026-02-28,Materials,0.0
Sector neutral | Prophet,2026-03-31,Consumer Discretionary,-1.734723475976807e-18
Sector neutral | Prophet,2026-03-31,Energy,0.0
Sector neutral | Prophet,2026-03-31,Financials,0.0
Sector neutral | Prophet,2026-03-31,Health Care,0.0
Sector neutral | Prophet,2026-03-31,Industrials,0.0
Sector neutral | Prophet,2026-03-31,Information Technology,3.642919299551295e-17
Sector neutral | Prophet,2026-03-31,Materials,0.0
Sector neutral | Prophet,2026-04-30,Consumer Discretionary,5.204170427930421e-18
Sector neutral | Prophet,2026-04-30,Energy,0.0
Sector neutral | Prophet,2026-04-30,Financials,0.0
Sector neutral | Prophet,2026-04-30,Health Care,0.0
Sector neutral | Prophet,2026-04-30,Industrials,0.0
Sector neutral | Prophet,2026-04-30,Information Technology,3.469446951953614e-18
Sector neutral | Prophet,2026-04-30,Materials,0.0
Sector neutral | Prophet,2026-05-31,Consumer Discretionary,4.85722573273506e-17
Sector neutral | Prophet,2026-05-31,Energy,0.0
Sector neutral | Prophet,2026-05-31,Financials,0.0
Sector neutral | Prophet,2026-05-31,Health Care,0.0
Sector neutral | Prophet,2026-05-31,Industrials,0.0
Sector neutral | Prophet,2026-05-31,Information Technology,0.0
Sector neutral | Prophet,2026-05-31,Materials,0.0
Sector neutral | Prophet,2026-06-30,Consumer Discretionary,5.204170427930421e-17
Sector neutral | Prophet,2026-06-30,Energy,0.0
Sector neutral | Prophet,2026-06-30,Financials,0.0
Sector neutral | Prophet,2026-06-30,Health Care,0.0
Sector neutral | Prophet,2026-06-30,Industrials,0.0
Sector neutral | Prophet,2026-06-30,Information Technology,2.7755575615628914e-17
Sector neutral | Prophet,2026-06-30,Materials,0.0
Sector neutral | Prophet,2026-07-31,Consumer Discretionary,3.8163916471489756e-17
Sector neutral | Prophet,2026-07-31,Energy,0.0
Sector neutral | Prophet,2026-07-31,Financials,0.0
Sector neutral | Prophet,2026-07-31,Health Care,0.0
Sector neutral | Prophet,2026-07-31,Industrials,0.0
Sector neutral | Prophet,2026-07-31,Information Technology,2.42861286636753e-17
Sector neutral | Prophet,2026-07-31,Materials,0.0
Sector neutral | Prophet,2026-08-31,Consumer Discretionary,3.469446951953614e-17
Sector neutral | Prophet,2026-08-31,Energy,0.0
Sector neutral | Prophet,2026-08-31,Financials,0.0
Sector neutral | Prophet,2026-08-31,Health Care,0.0
Sector neutral | Prophet,2026-08-31,Industrials,0.0
Sector neutral | Prophet,2026-08-31,Information Technology,2.0816681711721685e-17
Sector neutral | Prophet,2026-08-31,Materials,0.0
Sector neutral | Historical mean,2024-12-31,Consumer Discretionary,-2.7755575615628914e-17
Sector neutral | Historical mean,2024-12-31,Energy,0.0
Sector neutral | Historical mean,2024-12-31,Financials,0.0
Sector neutral | Historical mean,2024-12-31,Health Care,0.0
Sector neutral | Historical mean,2024-12-31,Industrials,0.0
Sector neutral | Historical mean,2024-12-31,Information Technology,-2.0816681711721685e-17
Sector neutral | Historical mean,2024-12-31,Materials,0.0
Sector neutral | Historical mean,2025-01-31,Consumer Discretionary,-2.7755575615628914e-17
Sector neutral | Historical mean,2025-01-31,Energy,0.0
Sector neutral | Historical mean,2025-01-31,Financials,0.0
Sector neutral | Historical mean,2025-01-31,Health Care,0.0
Sector neutral | Historical mean,2025-01-31,Industrials,0.0
Sector neutral | Historical mean,2025-01-31,Information Technology,0.0
Sector neutral | Historical mean,2025-01-31,Materials,0.0
Sector neutral | Historical mean,2025-02-28,Consumer Discretionary,-2.7755575615628914e-17
Sector neutral | Historical mean,2025-02-28,Energy,0.0
Sector neutral | Historical mean,2025-02-28,Financials,0.0
Sector neutral | Historical mean,2025-02-28,Health Care,0.0
Sector neutral | Historical mean,2025-02-28,Industrials,0.0
Sector neutral | Historical mean,2025-02-28,Information Technology,1.734723475976807e-17
Sector neutral | Historical mean,2025-02-28,Materials,0.0
Sector neutral | Historical mean,2025-03-31,Consumer Discretionary,0.0
Sector neutral | Historical mean,2025-03-31,Energy,0.0
Sector neutral | Historical mean,2025-03-31,Financials,0.0
Sector neutral | Historical mean,2025-03-31,Health Care,0.0
Sector neutral | Historical mean,2025-03-31,Industrials,0.0
Sector neutral | Historical mean,2025-03-31,Information Technology,1.3877787807814457e-17
Sector neutral | Historical mean,2025-03-31,Materials,0.0
Sector neutral | Historical mean,2025-04-30,Consumer Discretionary,-2.7755575615628914e-17
Sector neutral | Historical mean,2025-04-30,Energy,0.0
Sector neutral | Historical mean,2025-04-30,Financials,0.0
Sector neutral | Historical mean,2025-04-30,Health Care,0.0
Sector neutral | Historical mean,2025-04-30,Industrials,0.0
Sector neutral | Historical mean,2025-04-30,Information Technology,-1.3877787807814457e-17
Sector neutral | Historical mean,2025-04-30,Materials,0.0
Sector neutral | Historical mean,2025-05-31,Consumer Discretionary,6.938893903907228e-18
Sector neutral | Historical mean,2025-05-31,Energy,0.0
Sector neutral | Historical mean,2025-05-31,Financials,0.0
Sector neutral | Historical mean,2025-05-31,Health Care,0.0
Sector neutral | Historical mean,2025-05-31,Industrials,0.0
Sector neutral | Historical mean,2025-05-31,Information Technology,2.7755575615628914e-17
Sector neutral | Historical mean,2025-05-31,Materials,0.0
Sector neutral | Historical mean,2025-06-30,Consumer Discretionary,6.938893903907228e-18
Sector neutral | Historical mean,2025-06-30,Energy,0.0
Sector neutral | Historical mean,2025-06-30,Financials,0.0
Sector neutral | Historical mean,2025-06-30,Health Care,0.0
Sector neutral | Historical mean,2025-06-30,Industrials,0.0
Sector neutral | Historical mean,2025-06-30,Information Technology,6.938893903907228e-18
Sector neutral | Historical mean,2025-06-30,Materials,0.0
Sector neutral | Historical mean,2025-07-31,Consumer Discretionary,-3.469446951953614e-18
Sector neutral | Historical mean,2025-07-31,Energy,0.0
Sector neutral | Historical mean,2025-07-31,Financials,0.0
Sector neutral | Historical mean,2025-07-31,Health Care,0.0
Sector neutral | Historical mean,2025-07-31,Industrials,0.0
Sector neutral | Historical mean,2025-07-31,Information Technology,-6.938893903907228e-18
Sector neutral | Historical mean,2025-07-31,Materials,0.0
Sector neutral | Historical mean,2025-08-31,Consumer Discretionary,0.0
Sector neutral | Historical mean,2025-08-31,Energy,0.0
Sector neutral | Historical mean,2025-08-31,Financials,0.0
Sector neutral | Historical mean,2025-08-31,Health Care,0.0
Sector neutral | Historical mean,2025-08-31,Industrials,0.0
Sector neutral | Historical mean,2025-08-31,Information Technology,-2.0816681711721685e-17
Sector neutral | Historical mean,2025-08-31,Materials,0.0
Sector neutral | Historical mean,2025-09-30,Consumer Discretionary,-2.0816681711721685e-17
Sector neutral | Historical mean,2025-09-30,Energy,0.0
Sector neutral | Historical mean,2025-09-30,Financials,0.0
Sector neutral | Historical mean,2025-09-30,Health Care,0.0
Sector neutral | Historical mean,2025-09-30,Industrials,0.0
Sector neutral | Historical mean,2025-09-30,Information Technology,-1.5612511283791264e-17
Sector neutral | Historical mean,2025-09-30,Materials,0.0
Sector neutral | Historical mean,2025-10-31,Consumer Discretionary,3.469446951953614e-18
Sector neutral | Historical mean,2025-10-31,Energy,0.0
Sector neutral | Historical mean,2025-10-31,Financials,0.0
Sector neutral | Historical mean,2025-10-31,Health Care,0.0
Sector neutral | Historical mean,2025-10-31,Industrials,0.0
Sector neutral | Historical mean,2025-10-31,Information Technology,-1.734723475976807e-18
Sector neutral | Historical mean,2025-10-31,Materials,0.0
Sector neutral | Historical mean,2025-11-30,Consumer Discretionary,2.0816681711721685e-17
Sector neutral | Historical mean,2025-11-30,Energy,0.0
Sector neutral | Historical mean,2025-11-30,Financials,0.0
Sector neutral | Historical mean,2025-11-30,Health Care,0.0
Sector neutral | Historical mean,2025-11-30,Industrials,0.0
Sector neutral | Historical mean,2025-11-30,Information Technology,3.469446951953614e-18
Sector neutral | Historical mean,2025-11-30,Materials,0.0
Sector neutral | Historical mean,2025-12-31,Consumer Discretionary,0.0
Sector neutral | Historical mean,2025-12-31,Energy,0.0
Sector neutral | Historical mean,2025-12-31,Financials,0.0
Sector neutral | Historical mean,2025-12-31,Health Care,0.0
Sector neutral | Historical mean,2025-12-31,Industrials,0.0
Sector neutral | Historical mean,2025-12-31,Information Technology,6.938893903907228e-18
Sector neutral | Historical mean,2025-12-31,Materials,0.0
Sector neutral | Historical mean,2026-01-31,Consumer Discretionary,3.469446951953614e-18
Sector neutral | Historical mean,2026-01-31,Energy,0.0
Sector neutral | Historical mean,2026-01-31,Financials,0.0
Sector neutral | Historical mean,2026-01-31,Health Care,0.0
Sector neutral | Historical mean,2026-01-31,Industrials,0.0
Sector neutral | Historical mean,2026-01-31,Information Technology,-1.5612511283791264e-17
Sector neutral | Historical mean,2026-01-31,Materials,0.0
Sector neutral | Historical mean,2026-02-28,Consumer Discretionary,-6.938893903907228e-18
Sector neutral | Historical mean,2026-02-28,Energy,0.0
Sector neutral | Historical mean,2026-02-28,Financials,0.0
Sector neutral | Historical mean,2026-02-28,Health Care,0.0
Sector neutral | Historical mean,2026-02-28,Industrials,0.0
Sector neutral | Historical mean,2026-02-28,Information Technology,-1.734723475976807e-18
Sector neutral | Historical mean,2026-02-28,Materials,0.0
Sector neutral | Historical mean,2026-03-31,Consumer Discretionary,-6.938893903907228e-18
Sector neutral | Historical mean,2026-03-31,Energy,0.0
Sector neutral | Historical mean,2026-03-31,Financials,0.0
Sector neutral | Historical mean,2026-03-31,Health Care,0.0
Sector neutral | Historical mean,2026-03-31,Industrials,0.0
Sector neutral | Historical mean,2026-03-31,Information Technology,1.734723475976807e-17
Sector neutral | Historical mean,2026-03-31,Materials,0.0
Sector neutral | Historical mean,2026-04-30,Consumer Discretionary,0.0
Sector neutral | Historical mean,2026-04-30,Energy,0.0
Sector neutral | Historical mean,2026-04-30,Financials,0.0
Sector neutral | Historical mean,2026-04-30,Health Care,0.0
Sector neutral | Historical mean,2026-04-30,Industrials,0.0
Sector neutral | Historical mean,2026-04-30,Information Technology,-1.734723475976807e-18
Sector neutral | Historical mean,2026-04-30,Materials,0.0
Sector neutral | Historical mean,2026-05-31,Consumer Discretionary,1.3877787807814457e-17
Sector neutral | Historical mean,2026-05-31,Energy,0.0
Sector neutral | Historical mean,2026-05-31,Financials,0.0
Sector neutral | Historical mean,2026-05-31,Health Care,0.0
Sector neutral | Historical mean,2026-05-31,Industrials,0.0
Sector neutral | Historical mean,2026-05-31,Information Technology,1.214306433183765e-17
Sector neutral | Historical mean,2026-05-31,Materials,0.0
Sector neutral | Historical mean,2026-06-30,Consumer Discretionary,5.898059818321144e-17
Sector neutral | Historical mean,2026-06-30,Energy,0.0
Sector neutral | Historical mean,2026-06-30,Financials,0.0
Sector neutral | Historical mean,2026-06-30,Health Care,0.0
Sector neutral | Historical mean,2026-06-30,Industrials,0.0
Sector neutral | Historical mean,2026-06-30,Information Technology,4.85722573273506e-17
Sector neutral | Historical mean,2026-06-30,Materials,0.0
Sector neutral | Historical mean,2026-07-31,Consumer Discretionary,3.9898639947466563e-17
Sector neutral | Historical mean,2026-07-31,Energy,0.0
Sector neutral | Historical mean,2026-07-31,Financials,0.0
Sector neutral | Historical mean,2026-07-31,Health Care,0.0
Sector neutral | Historical mean,2026-07-31,Industrials,0.0
Sector neutral | Historical mean,2026-07-31,Information Technology,3.469446951953614e-17
Sector neutral | Historical mean,2026-07-31,Materials,0.0
Sector neutral | Historical mean,2026-08-31,Consumer Discretionary,5.0306980803327406e-17
Sector neutral | Historical mean,2026-08-31,Energy,0.0
Sector neutral | Historical mean,2026-08-31,Financials,0.0
Sector neutral | Historical mean,2026-08-31,Health Care,0.0
Sector neutral | Historical mean,2026-08-31,Industrials,0.0
Sector neutral | Historical mean,2026-08-31,Information Technology,1.734723475976807e-17
Sector neutral | Historical mean,2026-08-31,Materials,0.0
Sector neutral | Last observed,2024-12-31,Consumer Discretionary,0.0
Sector neutral | Last observed,2024-12-31,Energy,0.0
Sector neutral | Last observed,2024-12-31,Financials,0.0
Sector neutral | Last observed,2024-12-31,Health Care,0.0
Sector neutral | Last observed,2024-12-31,Industrials,0.0
Sector neutral | Last observed,2024-12-31,Information Technology,-1.5612511283791264e-17
Sector neutral | Last observed,2024-12-31,Materials,0.0
Sector neutral | Last observed,2025-01-31,Consumer Discretionary,0.0
Sector neutral | Last observed,2025-01-31,Energy,0.0
Sector neutral | Last observed,2025-01-31,Financials,0.0
Sector neutral | Last observed,2025-01-31,Health Care,0.0
Sector neutral | Last observed,2025-01-31,Industrials,0.0
Sector neutral | Last observed,2025-01-31,Information Technology,0.0
Sector neutral | Last observed,2025-01-31,Materials,0.0
Sector neutral | Last observed,2025-02-28,Consumer Discretionary,-2.7755575615628914e-17
Sector neutral | Last observed,2025-02-28,Energy,0.0
Sector neutral | Last observed,2025-02-28,Financials,0.0
Sector neutral | Last observed,2025-02-28,Health Care,0.0
Sector neutral | Last observed,2025-02-28,Industrials,0.0
Sector neutral | Last observed,2025-02-28,Information Technology,2.0816681711721685e-17
Sector neutral | Last observed,2025-02-28,Materials,0.0
Sector neutral | Last observed,2025-03-31,Consumer Discretionary,0.0
Sector neutral | Last observed,2025-03-31,Energy,0.0
Sector neutral | Last observed,2025-03-31,Financials,0.0
Sector neutral | Last observed,2025-03-31,Health Care,0.0
Sector neutral | Last observed,2025-03-31,Industrials,0.0
Sector neutral | Last observed,2025-03-31,Information Technology,1.3877787807814457e-17
Sector neutral | Last observed,2025-03-31,Materials,0.0
Sector neutral | Last observed,2025-04-30,Consumer Discretionary,-2.7755575615628914e-17
Sector neutral | Last observed,2025-04-30,Energy,0.0
Sector neutral | Last observed,2025-04-30,Financials,0.0
Sector neutral | Last observed,2025-04-30,Health Care,0.0
Sector neutral | Last observed,2025-04-30,Industrials,0.0
Sector neutral | Last observed,2025-04-30,Information Technology,-1.3877787807814457e-17
Sector neutral | Last observed,2025-04-30,Materials,0.0
Sector neutral | Last observed,2025-05-31,Consumer Discretionary,6.938893903907228e-18
Sector neutral | Last observed,2025-05-31,Energy,0.0
Sector neutral | Last observed,2025-05-31,Financials,0.0
Sector neutral | Last observed,2025-05-31,Health Care,0.0
Sector neutral | Last observed,2025-05-31,Industrials,0.0
Sector neutral | Last observed,2025-05-31,Information Technology,1.3877787807814457e-17
Sector neutral | Last observed,2025-05-31,Materials,0.0
Sector neutral | Last observed,2025-06-30,Consumer Discretionary,0.0
Sector neutral | Last observed,2025-06-30,Energy,0.0
Sector neutral | Last observed,2025-06-30,Financials,0.0
Sector neutral | Last observed,2025-06-30,Health Care,0.0
Sector neutral | Last observed,2025-06-30,Industrials,0.0
Sector neutral | Last observed,2025-06-30,Information Technology,-1.3877787807814457e-17
Sector neutral | Last observed,2025-06-30,Materials,0.0
Sector neutral | Last observed,2025-07-31,Consumer Discretionary,3.469446951953614e-17
Sector neutral | Last observed,2025-07-31,Energy,0.0
Sector neutral | Last observed,2025-07-31,Financials,0.0
Sector neutral | Last observed,2025-07-31,Health Care,0.0
Sector neutral | Last observed,2025-07-31,Industrials,0.0
Sector neutral | Last observed,2025-07-31,Information Technology,-6.938893903907228e-18
Sector neutral | Last observed,2025-07-31,Materials,0.0
Sector neutral | Last observed,2025-08-31,Consumer Discretionary,2.0816681711721685e-17
Sector neutral | Last observed,2025-08-31,Energy,0.0
Sector neutral | Last observed,2025-08-31,Financials,0.0
Sector neutral | Last observed,2025-08-31,Health Care,0.0
Sector neutral | Last observed,2025-08-31,Industrials,0.0
Sector neutral | Last observed,2025-08-31,Information Technology,-6.938893903907228e-18
Sector neutral | Last observed,2025-08-31,Materials,0.0
Sector neutral | Last observed,2025-09-30,Consumer Discretionary,3.469446951953614e-18
Sector neutral | Last observed,2025-09-30,Energy,0.0
Sector neutral | Last observed,2025-09-30,Financials,0.0
Sector neutral | Last observed,2025-09-30,Health Care,0.0
Sector neutral | Last observed,2025-09-30,Industrials,0.0
Sector neutral | Last observed,2025-09-30,Information Technology,-1.474514954580286e-17
Sector neutral | Last observed,2025-09-30,Materials,0.0
Sector neutral | Last observed,2025-10-31,Consumer Discretionary,2.0816681711721685e-17
Sector neutral | Last observed,2025-10-31,Energy,0.0
Sector neutral | Last observed,2025-10-31,Financials,0.0
Sector neutral | Last observed,2025-10-31,Health Care,0.0
Sector neutral | Last observed,2025-10-31,Industrials,0.0
Sector neutral | Last observed,2025-10-31,Information Technology,-2.168404344971009e-17
Sector neutral | Last observed,2025-10-31,Materials,0.0
Sector neutral | Last observed,2025-11-30,Consumer Discretionary,4.163336342344337e-17
Sector neutral | Last observed,2025-11-30,Energy,0.0
Sector neutral | Last observed,2025-11-30,Financials,0.0
Sector neutral | Last observed,2025-11-30,Health Care,0.0
Sector neutral | Last observed,2025-11-30,Industrials,0.0
Sector neutral | Last observed,2025-11-30,Information Technology,2.0816681711721685e-17
Sector neutral | Last observed,2025-11-30,Materials,0.0
Sector neutral | Last observed,2025-12-31,Consumer Discretionary,-6.938893903907228e-18
Sector neutral | Last observed,2025-12-31,Energy,0.0
Sector neutral | Last observed,2025-12-31,Financials,0.0
Sector neutral | Last observed,2025-12-31,Health Care,0.0
Sector neutral | Last observed,2025-12-31,Industrials,0.0
Sector neutral | Last observed,2025-12-31,Information Technology,5.204170427930421e-18
Sector neutral | Last observed,2025-12-31,Materials,0.0
Sector neutral | Last observed,2026-01-31,Consumer Discretionary,5.204170427930421e-18
Sector neutral | Last observed,2026-01-31,Energy,0.0
Sector neutral | Last observed,2026-01-31,Financials,0.0
Sector neutral | Last observed,2026-01-31,Health Care,0.0
Sector neutral | Last observed,2026-01-31,Industrials,0.0
Sector neutral | Last observed,2026-01-31,Information Technology,2.0816681711721685e-17
Sector neutral | Last observed,2026-01-31,Materials,0.0
Sector neutral | Last observed,2026-02-28,Consumer Discretionary,-6.938893903907228e-18
Sector neutral | Last observed,2026-02-28,Energy,0.0
Sector neutral | Last observed,2026-02-28,Financials,0.0
Sector neutral | Last observed,2026-02-28,Health Care,0.0
Sector neutral | Last observed,2026-02-28,Industrials,0.0
Sector neutral | Last observed,2026-02-28,Information Technology,-1.734723475976807e-18
Sector neutral | Last observed,2026-02-28,Materials,0.0
Sector neutral | Last observed,2026-03-31,Consumer Discretionary,-1.734723475976807e-18
Sector neutral | Last observed,2026-03-31,Energy,0.0
Sector neutral | Last observed,2026-03-31,Financials,0.0
Sector neutral | Last observed,2026-03-31,Health Care,0.0
Sector neutral | Last observed,2026-03-31,Industrials,0.0
Sector neutral | Last observed,2026-03-31,Information Technology,3.642919299551295e-17
Sector neutral | Last observed,2026-03-31,Materials,0.0
Sector neutral | Last observed,2026-04-30,Consumer Discretionary,0.0
Sector neutral | Last observed,2026-04-30,Energy,0.0
Sector neutral | Last observed,2026-04-30,Financials,0.0
Sector neutral | Last observed,2026-04-30,Health Care,0.0
Sector neutral | Last observed,2026-04-30,Industrials,0.0
Sector neutral | Last observed,2026-04-30,Information Technology,-1.734723475976807e-18
Sector neutral | Last observed,2026-04-30,Materials,0.0
Sector neutral | Last observed,2026-05-31,Consumer Discretionary,3.469446951953614e-18
Sector neutral | Last observed,2026-05-31,Energy,0.0
Sector neutral | Last observed,2026-05-31,Financials,0.0
Sector neutral | Last observed,2026-05-31,Health Care,0.0
Sector neutral | Last observed,2026-05-31,Industrials,0.0
Sector neutral | Last observed,2026-05-31,Information Technology,3.469446951953614e-17
Sector neutral | Last observed,2026-05-31,Materials,0.0
Sector neutral | Last observed,2026-06-30,Consumer Discretionary,2.0816681711721685e-17
Sector neutral | Last observed,2026-06-30,Energy,0.0
Sector neutral | Last observed,2026-06-30,Financials,0.0
Sector neutral | Last observed,2026-06-30,Health Care,0.0
Sector neutral | Last observed,2026-06-30,Industrials,0.0
Sector neutral | Last observed,2026-06-30,Information Technology,1.3877787807814457e-17
Sector neutral | Last observed,2026-06-30,Materials,0.0
Sector neutral | Last observed,2026-07-31,Consumer Discretionary,3.9898639947466563e-17
Sector neutral | Last observed,2026-07-31,Energy,0.0
Sector neutral | Last observed,2026-07-31,Financials,0.0
Sector neutral | Last observed,2026-07-31,Health Care,0.0
Sector neutral | Last observed,2026-07-31,Industrials,0.0
Sector neutral | Last observed,2026-07-31,Information Technology,3.469446951953614e-17
Sector neutral | Last observed,2026-07-31,Materials,0.0
Sector neutral | Last observed,2026-08-31,Consumer Discretionary,3.469446951953614e-17
Sector neutral | Last observed,2026-08-31,Energy,0.0
Sector neutral | Last observed,2026-08-31,Financials,0.0
Sector neutral | Last observed,2026-08-31,Health Care,0.0
Sector neutral | Last observed,2026-08-31,Industrials,0.0
Sector neutral | Last observed,2026-08-31,Information Technology,2.0816681711721685e-17
Sector neutral | Last observed,2026-08-31,Materials,0.0
