signal,entry,exit,turnover_fraction,traded_value_cny,pre_trade_value_cny,post_trade_value_cny,cost_cny,borrow_cny,strategy
2024-12-31,2025-01-02,2025-02-05,0.9990009990009993,99900.09990009993,100000.0,99900.09990009991,99.90009990008548,0.0,Four-week equal factors
2025-01-28,2025-02-05,2025-02-26,0.27958505349090124,27442.409478173824,98154.06487409708,98126.62246461891,27.442409478171612,0.0,Four-week equal factors
2025-02-25,2025-02-26,2025-03-26,0.18266008448647084,18691.30584677679,102328.35432724882,102309.66302140206,18.69130584676168,0.0,Four-week equal factors
2025-03-25,2025-03-26,2025-04-23,0.17332429228017066,17259.89010508998,99581.48323023395,99564.22334012887,17.259890105080558,0.0,Four-week equal factors
2025-04-22,2025-04-23,2025-05-21,0.19248019487903265,18838.12456271498,97870.45661790871,97851.618493346,18.83812456270971,0.0,Four-week equal factors
2025-05-20,2025-05-21,2025-06-18,0.2814444756478132,27865.314397778482,99008.21230773727,98980.34699333951,27.865314397757174,0.0,Four-week equal factors
2025-06-17,2025-06-18,2025-07-16,0.2910718071080342,28503.821171613068,97927.11102739534,97898.60720622374,28.503821171601885,0.0,Four-week equal factors
2025-07-15,2025-07-16,2025-08-13,0.4101347270864523,41923.680662859086,102219.29013590208,102177.36645523921,41.92368066286144,0.0,Four-week equal factors
2025-08-12,2025-08-13,2025-09-10,0.29684969478258394,31256.000771081275,105292.34599339415,105261.08999262308,31.25600077107083,0.0,Four-week equal factors
2025-09-09,2025-09-10,2025-10-09,0.18000517314780648,19553.815065476974,108629.18394806841,108609.63013300294,19.553815065475646,0.0,Four-week equal factors
2025-10-07,2025-10-09,2025-11-05,0.31759440376766934,35827.37655210911,112808.58896467838,112772.76158812628,35.82737655210076,0.0,Four-week equal factors
2025-11-04,2025-11-05,2025-12-03,0.2171884253759819,23986.984449351818,110443.1988391056,110419.21185465626,23.986984449336887,0.0,Four-week equal factors
2025-12-02,2025-12-03,2025-12-31,0.1650047994706688,18497.852278346443,112104.93475151683,112086.4368992385,18.497852278334904,0.0,Four-week equal factors
2025-12-30,2025-12-31,2026-01-28,0.1461015021238197,16714.470370072926,114403.13841474103,114386.42394437097,16.714470370061463,0.0,Four-week equal factors
2026-01-27,2026-01-28,2026-02-25,0.3032185093326094,34219.99287523605,112855.88386591243,112821.6638730372,34.2199928752234,0.0,Four-week equal factors
2026-02-24,2026-02-25,2026-03-25,0.011605837685820564,1314.126773972911,113229.80809721696,113228.493970443,1.3141267739556497,0.0,Four-week equal factors
2026-03-24,2026-03-25,2026-04-22,0.3117410078822276,34321.22204130998,110095.30723746223,110060.98601542093,34.321222041297005,0.0,Four-week equal factors
2026-04-21,2026-04-22,2026-05-20,0.2923780182333613,32377.046609232682,110736.93844997256,110704.56140336333,32.377046609224635,0.0,Four-week equal factors
2026-05-19,2026-05-20,2026-06-17,0.44645519210133067,51135.643517503486,114537.01160204533,114485.87595852785,51.135643517482094,0.0,Four-week equal factors
2026-06-16,2026-06-17,2026-07-15,0.30947284619446114,34875.49968017213,112693.24630264223,112658.37080296208,34.8754996801581,0.0,Four-week equal factors
2026-07-14,2026-07-15,2026-08-12,0.17051822400444266,19693.787507183824,115493.74046184486,115474.04667433767,19.693787507188972,0.0,Four-week equal factors
2026-08-11,2026-08-12,2026-09-09,0.28356753615809227,33277.311262776675,117352.33064275798,117319.0533314952,33.27731126277649,0.0,Four-week equal factors
2026-09-08,2026-09-09,2026-10-08,0.19814873220486648,22661.840219301095,114367.82848487247,114345.16664465319,22.661840219283476,0.0,Four-week equal factors
2024-12-31,2025-01-02,2025-02-05,0.9990009990009995,99900.09990009994,100000.0,99900.09990009991,99.90009990008548,0.0,Monthly equal stocks
2025-01-31,2025-02-05,2025-03-03,0.04341066262735761,4323.006563416776,99583.98010474956,99579.65709818614,4.323006563412491,0.0,Monthly equal stocks
2025-02-28,2025-03-03,2025-04-01,0.03869624870286729,3850.2543597548447,99499.4214896482,99495.57123528846,3.8502543597423937,0.0,Monthly equal stocks
2025-03-31,2025-04-01,2025-05-06,0.030738639611620048,3046.1919397446345,99099.76427821779,99096.71808627804,3.0461919397494057,0.0,Monthly equal stocks
2025-04-30,2025-05-06,2025-06-03,0.044557415694600325,4272.777574781683,95893.74761022054,95889.47483264576,4.2727775747771375,0.0,Monthly equal stocks
2025-05-31,2025-06-03,2025-07-01,0.027346534742234415,2625.353542585669,96003.15240420688,96000.5270506643,2.625353542578523,0.0,Monthly equal stocks
2025-06-30,2025-07-01,2025-08-01,0.031010476568051722,3028.154975663363,97649.41757725496,97646.38942227932,3.0281549756473396,0.0,Monthly equal stocks
2025-07-31,2025-08-01,2025-09-01,0.028122343111629776,2825.784260357791,100481.82148767007,100478.99570340972,2.8257842603488825,0.0,Monthly equal stocks
2025-08-31,2025-09-01,2025-10-09,0.06383457343780534,6907.9819723645605,108216.9363768848,108210.02839491243,6.90798197237018,0.0,Monthly equal stocks
2025-09-30,2025-10-09,2025-11-03,0.06835475466807442,7678.956954588804,112339.76322316195,112332.08426620736,7.678956954594469,0.0,Monthly equal stocks
2025-10-31,2025-11-03,2025-12-01,0.051562326910946164,5664.453189247808,109856.43062678192,109850.76617359268,5.664453189237975,0.0,Monthly equal stocks
2025-11-30,2025-12-01,2026-01-05,0.043257625016180794,4761.197154353555,110066.07858320003,110061.31738604567,4.761197154351976,0.0,Monthly equal stocks
2025-12-31,2026-01-05,2026-02-02,0.047959189708683264,5388.682405072063,112359.7466471877,112354.35796478263,5.3886824050714495,0.0,Monthly equal stocks
2026-01-31,2026-02-02,2026-03-02,0.04506454099524782,4930.052955163706,109399.82625549418,109394.896202539,4.930052955169231,0.0,Monthly equal stocks
2026-02-28,2026-03-02,2026-04-01,0.03365426677380804,3715.390946302711,110398.808307845,110395.09291689869,3.7153909463086165,0.0,Monthly equal stocks
2026-03-31,2026-04-01,2026-05-06,0.05859238122335599,6189.745535321836,105640.79161975568,105634.60187422036,6.189745535317343,0.0,Monthly equal stocks
2026-04-30,2026-05-06,2026-06-01,0.07139348722447451,7797.110917693723,109213.19606056143,109205.39894964374,7.79711091768695,0.0,Monthly equal stocks
2026-05-31,2026-06-01,2026-07-01,0.06317533343685092,6729.41317816495,106519.63055947408,106512.90114629592,6.729413178167306,0.0,Monthly equal stocks
2026-06-30,2026-07-01,2026-08-03,0.14392694209186999,15953.608225964032,110845.18293858203,110829.22933035609,15.953608225943753,0.0,Monthly equal stocks
2026-07-31,2026-08-03,2026-09-01,0.11406327358456966,12665.722611928231,111041.19857245298,111028.53284984105,12.665722611927777,0.0,Monthly equal stocks
2026-08-31,2026-09-01,2026-10-08,0.042175337011674016,4666.012298168758,110633.66955140675,110629.00353910858,4.666012298170244,0.0,Monthly equal stocks
2024-12-31,2025-01-02,2025-02-05,0.9990009990009991,99900.09990009991,100000.0,99900.09990009991,99.90009990008548,0.0,Long only | Equal factors
2025-01-31,2025-02-05,2025-03-03,0.2795850534909012,27442.40947817382,98154.0648740971,98126.62246461894,27.44240947815706,0.0,Long only | Equal factors
2025-02-28,2025-03-03,2025-04-01,0.2999966597943398,30312.972940830703,101044.36816600393,101014.0551930631,30.312972940824693,0.0,Long only | Equal factors
2025-03-31,2025-04-01,2025-05-06,0.16106388727610377,16389.65859762674,101758.74229044758,101742.35263184996,16.38965859761811,0.0,Long only | Equal factors
2025-04-30,2025-05-06,2025-06-03,0.3138703880991293,31174.199904665766,99321.88918318746,99290.71498328281,31.174199904649868,0.0,Long only | Equal factors
2025-05-31,2025-06-03,2025-07-01,0.14650774171367836,14611.034365044152,99728.75285729714,99714.14182293208,14.611034365050728,0.0,Long only | Equal factors
2025-06-30,2025-07-01,2025-08-01,0.2824450606511529,28686.199001928573,101563.81894516053,101535.1327461586,28.68619900192425,0.0,Long only | Equal factors
2025-07-31,2025-08-01,2025-09-01,0.1721991847605532,18216.858990564753,105789.4612909794,105771.24443198883,18.216858990563196,0.0,Long only | Equal factors
2025-08-31,2025-09-01,2025-10-09,0.3103192975657313,34229.50735389364,110304.15324603913,110269.92373868523,34.22950735389895,0.0,Long only | Equal factors
2025-09-30,2025-10-09,2025-11-03,0.1684616880946486,19190.683121418864,113917.19588276214,113898.00519964073,19.190683121414622,0.0,Long only | Equal factors
2025-10-31,2025-11-03,2025-12-01,0.20359564918361442,22778.63755038838,111881.75013428346,111858.97149673308,22.778637550378335,0.0,Long only | Equal factors
2025-11-30,2025-12-01,2026-01-05,0.16801927182211196,19143.33987112888,113935.38171857226,113916.23837870115,19.143339871108765,0.0,Long only | Equal factors
2025-12-31,2026-01-05,2026-02-02,0.13558621006775132,15916.23874448524,117388.32980531004,117372.41356656558,15.916238744466682,0.0,Long only | Equal factors
2026-01-31,2026-02-02,2026-03-02,0.28289902306108206,31829.609198227485,112512.26269295035,112480.43308375211,31.82960919823381,0.0,Long only | Equal factors
2026-02-28,2026-03-02,2026-04-01,0.2813412901458626,31422.765488118523,111689.13554006684,111657.71277457871,31.42276548812515,0.0,Long only | Equal factors
2026-03-31,2026-04-01,2026-05-06,0.419362103114672,45978.82038117465,109639.90317599592,109593.92435561476,45.97882038116222,0.0,Long only | Equal factors
2026-04-30,2026-05-06,2026-06-01,0.29808032145092117,33585.64352433458,112673.13239886063,112639.54675533631,33.585643524318584,0.0,Long only | Equal factors
2026-05-31,2026-06-01,2026-07-01,0.3106493269655671,33756.56044467226,108664.52142165399,108630.76486120932,33.75656044467178,0.0,Long only | Equal factors
2026-06-30,2026-07-01,2026-08-03,0.5097961266376689,58675.61463378912,115096.2346865614,115037.55907192762,58.67561463377206,0.0,Long only | Equal factors
2026-07-31,2026-08-03,2026-09-01,0.37367130161638185,43723.65913606667,117011.01729496535,116967.2936358293,43.723659136056085,0.0,Long only | Equal factors
2026-08-31,2026-09-01,2026-10-08,0.16832347580273627,19821.25397836242,117756.91943048745,117737.09817650911,19.8212539783417,0.0,Long only | Equal factors
2024-12-31,2025-01-02,2025-02-05,0.999000999000999,99900.0999000999,100000.0,99900.09990009991,99.90009990008548,0.0,Long only | Ridge
2025-01-31,2025-02-05,2025-03-03,0.5603577508879277,55197.108372309944,98503.336992923,98448.1398845507,55.19710837228922,0.0,Long only | Ridge
2025-02-28,2025-03-03,2025-04-01,0.7402748538483102,75467.41377329918,101945.12670663162,101869.65929285833,75.46741377329454,0.0,Long only | Ridge
2025-03-31,2025-04-01,2025-05-06,0.559753412714968,57420.786244051415,102582.28880739427,102524.86802115024,57.42078624403803,0.0,Long only | Ridge
2025-04-30,2025-05-06,2025-06-03,0.48018463925226484,48100.76118539428,100171.3866988664,100123.28593768101,48.100761185385636,0.0,Long only | Ridge
2025-05-31,2025-06-03,2025-07-01,0.33579545762213414,33690.60758822043,100330.74249066226,100297.05188307405,33.690607588214334,0.0,Long only | Ridge
2025-06-30,2025-07-01,2025-08-01,0.2945367484590696,30055.69616548412,102043.95995653093,102013.90426036547,30.055696165465633,0.0,Long only | Ridge
2025-07-31,2025-08-01,2025-09-01,0.42900742124881486,45722.53556061424,106577.49329258381,106531.77075702319,45.7225355606206,0.0,Long only | Ridge
2025-08-31,2025-09-01,2025-10-09,0.31806074457462263,35097.052706108516,110347.0117101299,110311.9146574238,35.09705270609993,0.0,Long only | Ridge
2025-09-30,2025-10-09,2025-11-03,0.11202612557465072,12594.432573562388,112424.06634129153,112411.47190871797,12.59443257356179,0.0,Long only | Ridge
2025-10-31,2025-11-03,2025-12-01,0.38153616794049433,42987.8272036143,112670.38570854135,112627.39788133773,42.98782720361487,0.0,Long only | Ridge
2025-11-30,2025-12-01,2026-01-05,0.4028418866564352,46133.272761285705,114519.55292978405,114473.41965702278,46.13327276127529,0.0,Long only | Ridge
2025-12-31,2026-01-05,2026-02-02,0.4591155405146337,54087.116331927304,117807.20005970556,117753.11294337365,54.08711633190978,0.0,Long only | Ridge
2026-01-31,2026-02-02,2026-03-02,0.39927764695422596,44695.2211974237,111940.20386156917,111895.50864037176,44.69522119741305,0.0,Long only | Ridge
2026-02-28,2026-03-02,2026-04-01,0.29550918063730625,32908.597847828154,111362.3535379044,111329.4449400566,32.9085978478106,0.0,Long only | Ridge
2026-03-31,2026-04-01,2026-05-06,0.46383984294269465,51041.448122372756,110041.10340878737,109990.06196066501,51.04144812235609,0.0,Long only | Ridge
2026-04-30,2026-05-06,2026-06-01,0.33812786017788404,37871.92091864521,112004.7336493401,111966.86172842147,37.8719209186238,0.0,Long only | Ridge
2026-05-31,2026-06-01,2026-07-01,0.5847146491711243,63082.998926005755,107886.81114015274,107823.72814122675,63.082998925994616,0.0,Long only | Ridge
2026-06-30,2026-07-01,2026-08-03,0.8017752642889246,93003.24329685043,115996.64823700041,115903.64499370358,93.00324329682917,0.0,Long only | Ridge
2026-07-31,2026-08-03,2026-09-01,0.4845504294503638,58318.557521400806,120356.012453756,120297.69389623462,58.31855752138654,0.0,Long only | Ridge
2026-08-31,2026-09-01,2026-10-08,0.4391742021374297,52815.752823638046,120261.51027675925,120208.69452393561,52.815752823633375,0.0,Long only | Ridge
2024-12-31,2025-01-02,2025-02-05,0.999000999000999,99900.0999000999,100000.0,99900.09990009991,99.90009990008548,0.0,Long only | Elastic Net
2025-01-31,2025-02-05,2025-03-03,0.5701688568410405,56163.535048282676,98503.336992923,98447.17345787471,56.16353504828294,0.0,Long only | Elastic Net
2025-02-28,2025-03-03,2025-04-01,0.5850346141267766,59360.05499711717,101464.17590302424,101404.81584802712,59.360054997116094,0.0,Long only | Elastic Net
2025-03-31,2025-04-01,2025-05-06,0.24227277877603456,24739.489423545638,102114.19354881668,102089.45405939315,24.739489423533087,0.0,Long only | Elastic Net
2025-04-30,2025-05-06,2025-06-03,0.392657283480493,39250.91164388063,99962.26555627,99923.01464462612,39.25091164387413,0.0,Long only | Elastic Net
2025-05-31,2025-06-03,2025-07-01,0.45363267363354975,45666.836577492344,100669.19609583193,100623.52925925443,45.666836577496724,0.0,Long only | Elastic Net
2025-06-30,2025-07-01,2025-08-01,0.41004694445652684,41926.516143114655,102248.08820044677,102206.16168430366,41.92651614311035,0.0,Long only | Elastic Net
2025-07-31,2025-08-01,2025-09-01,0.429007421248815,45808.70515648005,106778.3513467754,106732.54264161893,45.808705156465294,0.0,Long only | Elastic Net
2025-08-31,2025-09-01,2025-10-09,0.3180607445746227,35163.19730659239,110554.97387337116,110519.81067606458,35.163197306581424,0.0,Long only | Elastic Net
2025-09-30,2025-10-09,2025-11-03,0.28100566930538173,31651.338540109547,112635.94296281827,112604.29162427818,31.651338540090364,0.0,Long only | Elastic Net
2025-10-31,2025-11-03,2025-12-01,0.14990000464932804,16635.925994214253,110980.15662595796,110963.52069996376,16.63592599419644,0.0,Long only | Elastic Net
2025-11-30,2025-12-01,2026-01-05,0.4028418866564351,45451.73255620629,112827.72239364953,112782.27066109332,45.45173255620466,0.0,Long only | Elastic Net
2025-12-31,2026-01-05,2026-02-02,0.45911554051463355,53288.07169124552,116066.80015996333,116013.51208827208,53.28807169124775,0.0,Long only | Elastic Net
2026-01-31,2026-02-02,2026-03-02,0.29770003252381033,32832.28832467113,110286.47879655562,110253.64650823094,32.832288324672845,0.0,Long only | Elastic Net
2026-02-28,2026-03-02,2026-04-01,0.3324631120626923,36386.8710431569,109446.34073056337,109409.95385952023,36.38687104314158,0.0,Long only | Elastic Net
2026-03-31,2026-04-01,2026-05-06,0.2997187945868608,32412.736967019577,108143.8253203241,108111.4125833571,32.412736967002274,0.0,Long only | Elastic Net
2026-04-30,2026-05-06,2026-06-01,0.23600334568246134,26332.89865713197,111578.49724962143,111552.1643509643,26.33289865712868,0.0,Long only | Elastic Net
2026-05-31,2026-06-01,2026-07-01,0.5847146491711241,62849.35520488226,107487.22525419164,107424.37589898676,62.84935520487488,0.0,Long only | Elastic Net
2026-06-30,2026-07-01,2026-08-03,0.8017752642889246,92658.7824403538,115567.02553368326,115474.36675124292,92.65878244033956,0.0,Long only | Elastic Net
2026-07-31,2026-08-03,2026-09-01,0.48455042945036403,58102.560104952114,119910.24375080856,119852.14119070361,58.10256010494777,0.0,Long only | Elastic Net
2026-08-31,2026-09-01,2026-10-08,0.4391742021374298,52620.13642565849,119816.09158634549,119763.47144991983,52.6201364256558,0.0,Long only | Elastic Net
2024-12-31,2025-01-02,2025-02-05,0.9990009990009993,99900.09990009993,100000.0,99900.09990009991,99.90009990008548,0.0,Long only | KNN
2025-01-31,2025-02-05,2025-03-03,0.32411551925603144,31902.264245237395,98428.68468151492,98396.78241726969,31.9022642452328,0.0,Long only | KNN
2025-02-28,2025-03-03,2025-04-01,0.6659730075613671,67621.99366566875,101538.64030208104,101471.01830841537,67.62199366567074,0.0,Long only | KNN
2025-03-31,2025-04-01,2025-05-06,0.5583294339839325,56886.77907024247,101887.48005694349,101830.59327787327,56.886779070220655,0.0,Long only | KNN
2025-04-30,2025-05-06,2025-06-03,0.24696604016808127,24571.404382187582,99493.04918791533,99468.47778353313,24.571404382193577,0.0,Long only | KNN
2025-05-31,2025-06-03,2025-07-01,0.09100773802641833,9100.495775906724,99996.94502092747,99987.84452515157,9.100495775899617,0.0,Long only | KNN
2025-06-30,2025-07-01,2025-08-01,0.3377176191697223,34312.832953864585,101602.14038646422,101567.82755351037,34.31283295384492,0.0,Long only | KNN
2025-07-31,2025-08-01,2025-09-01,0.27932407421056227,29621.89756074019,106048.4945469125,106018.87264935178,29.621897560718935,0.0,Long only | KNN
2025-08-31,2025-09-01,2025-10-09,0.3265537075922715,36291.077201923195,111133.56350936159,111097.27243215966,36.291077201924054,0.0,Long only | KNN
2025-09-30,2025-10-09,2025-11-03,0.23533139086080637,27313.402576143293,116063.57518321303,116036.26178063691,27.313402576124645,0.0,Long only | KNN
2025-10-31,2025-11-03,2025-12-01,0.2726366564809344,30483.0354474526,111808.27934480004,111777.79630935259,30.483035447454313,0.0,Long only | KNN
2025-11-30,2025-12-01,2026-01-05,0.24180429679156387,27546.4849519673,113920.57675349113,113893.03026853918,27.546484951948514,0.0,Long only | KNN
2025-12-31,2026-01-05,2026-02-02,0.2798480975810372,32745.733574290192,117012.5287873641,116979.78305378981,32.74573357429472,0.0,Long only | KNN
2026-01-31,2026-02-02,2026-03-02,0.30258116811670616,33859.84455101734,111903.34402423065,111869.48417967965,33.859844550999696,0.0,Long only | KNN
2026-02-28,2026-03-02,2026-04-01,0.3324631120626923,36920.14389933667,111050.34681975385,111013.42667585451,36.9201438993332,0.0,Long only | KNN
2026-03-31,2026-04-01,2026-05-06,0.2997187945868608,32887.76634776806,109728.7422135182,109695.85444717045,32.88776634774695,0.0,Long only | KNN
2026-04-30,2026-05-06,2026-06-01,0.2360033456824614,26718.824120789614,113213.7514556228,113187.03263150202,26.718824120776844,0.0,Long only | KNN
2026-05-31,2026-06-01,2026-07-01,0.5887146859054827,64206.70676648601,109062.51925367172,108998.31254690525,64.20670676647569,0.0,Long only | KNN
2026-06-30,2026-07-01,2026-08-03,0.6313606845575803,72682.4491980533,115120.32816706793,115047.64571786989,72.68244919803692,0.0,Long only | KNN
2026-07-31,2026-08-03,2026-09-01,0.451448769416432,52756.116004385076,116859.58535800327,116806.8292419989,52.75611600436969,0.0,Long only | KNN
2026-08-31,2026-09-01,2026-10-08,0.5148939852363982,60297.92789943631,117107.46217350417,117047.16424560474,60.29792789943167,0.0,Long only | KNN
2024-12-31,2025-01-02,2025-02-05,0.9990009990009991,99900.09990009991,100000.0,99900.09990009991,99.90009990008548,0.0,Long only | SVR
2025-01-31,2025-02-05,2025-03-03,0.3595712262063498,35230.67987069451,97979.6972143606,97944.46653448991,35.23067987068498,0.0,Long only | SVR
2025-02-28,2025-03-03,2025-04-01,0.7453899619421839,75662.62791195803,101507.44144019851,101431.77881228656,75.66262791195186,0.0,Long only | SVR
2025-03-31,2025-04-01,2025-05-06,0.5583294339839324,56864.780586494904,101848.07951237504,101791.21473178855,56.86478058648936,0.0,Long only | SVR
2025-04-30,2025-05-06,2025-06-03,0.5600854260365019,55703.05777782023,99454.57458518112,99398.8715274033,55.703057777820504,0.0,Long only | SVR
2025-05-31,2025-06-03,2025-07-01,0.36933290971991706,36985.41821505145,100141.13890662837,100104.15348841334,36.98541821503022,0.0,Long only | SVR
2025-06-30,2025-07-01,2025-08-01,0.21583447352877858,22033.34064882915,102084.43669167292,102062.40335102408,22.033340648835292,0.0,Long only | SVR
2025-07-31,2025-08-01,2025-09-01,0.16021213173141288,17013.877515554224,106195.9374217496,106178.92354423404,17.01387751555012,0.0,Long only | SVR
2025-08-31,2025-09-01,2025-10-09,0.3639599353289279,40333.22186776054,110817.75204545383,110777.41882358608,40.33322186775331,0.0,Long only | SVR
2025-09-30,2025-10-09,2025-11-03,0.23587611481357637,27096.275785525206,114875.03008492668,114847.93380914116,27.0962757855159,0.0,Long only | SVR
2025-10-31,2025-11-03,2025-12-01,0.39203471623298364,43760.38944216319,111623.76093283709,111580.00054339494,43.76038944214815,0.0,Long only | SVR
2025-11-30,2025-12-01,2026-01-05,0.5619373308043978,63902.9452767285,113718.98924254275,113655.08629726604,63.90294527671358,0.0,Long only | SVR
2025-12-31,2026-01-05,2026-02-02,0.4591155405146336,53700.46507471777,116965.03458480982,116911.33411973511,53.700465074711246,0.0,Long only | SVR
2026-01-31,2026-02-02,2026-03-02,0.40277688216045626,45045.706769933015,111837.8654909691,111792.81978419918,45.04570676991716,0.0,Long only | SVR
2026-02-28,2026-03-02,2026-04-01,0.3731100404589738,41512.28054897826,111260.15396935651,111218.64168880755,41.51228054896637,0.0,Long only | SVR
2026-03-31,2026-04-01,2026-05-06,0.3877892412873183,42440.95329866729,109443.34906708311,109400.90811378445,42.44095329866104,0.0,Long only | SVR
2026-04-30,2026-05-06,2026-06-01,0.3105039215971086,34591.62367005016,111404.78835862882,111370.1967349588,34.59162367002864,0.0,Long only | SVR
2026-05-31,2026-06-01,2026-07-01,0.4268687407328467,45688.28997368237,107031.23844403523,106985.55015406155,45.688289973681094,0.0,Long only | SVR
2026-06-30,2026-07-01,2026-08-03,0.601755508846719,66231.70502372643,110064.14407515989,109997.91237013615,66.2317050237325,0.0,Long only | SVR
2026-07-31,2026-08-03,2026-09-01,0.7267915263142375,82874.38355717578,114027.72398497116,113944.849601414,82.87438355716586,0.0,Long only | SVR
2026-08-31,2026-09-01,2026-10-08,0.6573413520855036,75958.02219406725,115553.39087230743,115477.43285011337,75.95802219405596,0.0,Long only | SVR
2024-12-31,2025-01-02,2025-02-05,0.9990009990009991,99900.09990009991,100000.0,99900.09990009991,99.90009990008548,0.0,Long only | Random Forest
2025-01-31,2025-02-05,2025-03-03,0.6818661436522774,66809.03829577385,97979.6972143606,97912.88817606482,66.80903829577437,0.0,Long only | Random Forest
2025-02-28,2025-03-03,2025-04-01,0.5657073205872198,56594.8755669216,100042.67844399565,99986.08356842873,56.59487556692329,0.0,Long only | Random Forest
2025-03-31,2025-04-01,2025-05-06,0.22955055420855652,23060.838827471434,100460.82836515251,100437.76752632504,23.060838827470434,0.0,Long only | Random Forest
2025-04-30,2025-05-06,2025-06-03,0.33552008221542706,32799.544744189785,97757.32208819088,97724.52254344668,32.799544744193554,0.0,Long only | Random Forest
2025-05-31,2025-06-03,2025-07-01,0.21467509052826067,20988.556423917857,97768.94176343594,97747.95320701203,20.98855642390845,0.0,Long only | Random Forest
2025-06-30,2025-07-01,2025-08-01,0.21862285500125916,21742.14409903287,99450.46275654779,99428.72061244876,21.742144099029247,0.0,Long only | Random Forest
2025-07-31,2025-08-01,2025-09-01,0.12200541654482978,12644.280380893151,103637.0411984711,103624.3969180902,12.64428038088954,0.0,Long only | Random Forest
2025-08-31,2025-09-01,2025-10-09,0.32655370759227154,35471.42970473887,108623.57057978283,108588.09915007811,35.47142970471759,0.0,Long only | Random Forest
2025-09-30,2025-10-09,2025-11-03,0.23533139086080646,26696.51920460377,113442.23610353026,113415.53958432566,26.696519204604556,0.0,Long only | Random Forest
2025-10-31,2025-11-03,2025-12-01,0.2726366564809344,29794.56473681297,109283.04770674343,109253.25314200661,29.794564736817847,0.0,Long only | Random Forest
2025-11-30,2025-12-01,2026-01-05,0.3390167725907416,37748.71690142278,111347.63809161953,111309.88937471813,37.748716901405714,0.0,Long only | Random Forest
2025-12-31,2026-01-05,2026-02-02,0.306421365636296,34993.82513104919,114201.64862976554,114166.65480463448,34.99382513105229,0.0,Long only | Random Forest
2026-01-31,2026-02-02,2026-03-02,0.2977000325238104,32309.620320406495,108530.79204088544,108498.48242056504,32.309620320404065,0.0,Long only | Random Forest
2026-02-28,2026-03-02,2026-04-01,0.3344650386536533,36023.23202506698,107704.02840928889,107668.00517726384,36.023232025050675,0.0,Long only | Random Forest
2026-03-31,2026-04-01,2026-05-06,0.334316337381512,35501.932527542514,106192.63421466821,106157.1322821407,35.501932527520694,0.0,Long only | Random Forest
2026-04-30,2026-05-06,2026-06-01,0.38438404511261376,42342.85728531484,110157.68688554586,110115.34402826056,42.34285728530085,0.0,Long only | Random Forest
2026-05-31,2026-06-01,2026-07-01,0.3281394520068223,34989.67145673149,106630.49274551732,106595.5030740606,34.98967145671486,0.0,Long only | Random Forest
2026-06-30,2026-07-01,2026-08-03,0.49657631085391524,56945.04986404569,114675.32505955164,114618.3800096876,56.945049864050816,0.0,Long only | Random Forest
2026-07-31,2026-08-03,2026-09-01,0.5266893369169191,60312.7332557733,114512.91877072337,114452.6060374676,60.312733255763305,0.0,Long only | Random Forest
2026-08-31,2026-09-01,2026-10-08,0.32449000696335656,37591.28130572181,115847.26955849477,115809.67827718906,37.591281305707525,0.0,Long only | Random Forest
2024-12-31,2025-01-02,2025-02-05,0.9990009990009991,99900.09990009991,100000.0,99900.09990009991,99.90009990008548,0.0,Long only | Extra Trees
2025-01-31,2025-02-05,2025-03-03,0.6818661436522774,66809.03829577385,97979.6972143606,97912.88817606482,66.80903829577437,0.0,Long only | Extra Trees
2025-02-28,2025-03-03,2025-04-01,0.4874359292687824,48764.395933887005,100042.67844399565,99993.91404806176,48.76439593388932,0.0,Long only | Extra Trees
2025-03-31,2025-04-01,2025-05-06,0.37654684351247564,37806.92728629845,100404.3134013042,100366.50647401792,37.80692728627764,0.0,Long only | Extra Trees
2025-04-30,2025-05-06,2025-06-03,0.3355200822154271,32776.27331819903,97687.96282409826,97655.18655078005,32.776273318202584,0.0,Long only | Extra Trees
2025-05-31,2025-06-03,2025-07-01,0.21467509052826056,20973.66494779275,97699.57425513094,97678.60059018314,20.97366494779999,0.0,Long only | Extra Trees
2025-06-30,2025-07-01,2025-08-01,0.2186228550012591,21726.717949029033,99379.90220145968,99358.17548351065,21.72671794902999,0.0,Long only | Extra Trees
2025-07-31,2025-08-01,2025-09-01,0.12200541654482994,12635.309206525186,103563.51024696055,103550.87493775404,12.63530920651101,0.0,Long only | Extra Trees
2025-08-31,2025-09-01,2025-10-09,0.3255647276437063,35338.9122505997,108546.50166302454,108511.16275077395,35.33891225059051,0.0,Long only | Extra Trees
2025-09-30,2025-10-09,2025-11-03,0.30503922662589494,34526.476681074215,113187.00569424812,113152.47921756704,34.52647668107238,0.0,Long only | Extra Trees
2025-10-31,2025-11-03,2025-12-01,0.2726366564809344,29725.45807686315,109029.57240066456,108999.8469425877,29.725458076864015,0.0,Long only | Extra Trees
2025-11-30,2025-12-01,2026-01-05,0.3390167725907416,37661.16107486541,111089.37409515626,111051.71293408141,37.66116107485141,0.0,Long only | Extra Trees
2025-12-31,2026-01-05,2026-02-02,0.30642136563629613,34912.65910647269,113936.76493143736,113901.8522723309,34.912659106455976,0.0,Long only | Extra Trees
2026-01-31,2026-02-02,2026-03-02,0.29770003252381033,32234.680143756384,108279.06154554493,108246.82686540118,32.234680143752485,0.0,Long only | Extra Trees
2026-02-28,2026-03-02,2026-04-01,0.3324631120626923,35724.56290312573,107454.21554132951,107418.49097842639,35.724562903124024,0.0,Long only | Extra Trees
2026-03-31,2026-04-01,2026-05-06,0.3673937006399538,39008.17617708026,106175.4083130247,106136.40013684763,39.00817617707071,0.0,Long only | Extra Trees
2026-04-30,2026-05-06,2026-06-01,0.38438404511261376,42334.587861956374,110136.17344485129,110093.83885698934,42.334587861943874,0.0,Long only | Extra Trees
2026-05-31,2026-06-01,2026-07-01,0.3281394520068225,34982.8380868316,106609.66815445361,106574.68531636678,34.98283808682754,0.0,Long only | Extra Trees
2026-06-30,2026-07-01,2026-08-03,0.4965763108539152,56933.92867960783,114652.92933870315,114595.99541002355,56.933928679602104,0.0,Long only | Extra Trees
2026-07-31,2026-08-03,2026-09-01,0.5266893369169189,60300.95437363883,114490.55476729886,114430.25381292522,60.30095437364071,0.0,Long only | Extra Trees
2026-08-31,2026-09-01,2026-10-08,0.6417749182762739,74333.35205401131,115824.64496066826,115750.31160861425,74.33335205400363,0.0,Long only | Extra Trees
2024-12-31,2025-01-02,2025-02-05,0.999000999000999,99900.0999000999,100000.0,99900.09990009991,99.90009990008548,0.0,Long only | XGBoost
2025-01-31,2025-02-05,2025-03-03,0.5701688568410405,56163.535048282676,98503.336992923,98447.17345787471,56.16353504828294,0.0,Long only | XGBoost
2025-02-28,2025-03-03,2025-04-01,0.43372388914605275,44007.43698165888,101464.17590302424,101420.16846604258,44.00743698165752,0.0,Long only | XGBoost
2025-03-31,2025-04-01,2025-05-06,0.227004757789209,23117.352200006397,101836.42151444507,101813.30416224507,23.117352200002642,0.0,Long only | XGBoost
2025-04-30,2025-05-06,2025-06-03,0.37105866233523044,36810.50549570812,99204.00527518724,99167.19476969153,36.81050549571228,0.0,Long only | XGBoost
2025-05-31,2025-06-03,2025-07-01,0.4557455661585367,45288.653882560175,99372.67029122553,99327.38163734297,45.28865388255508,0.0,Long only | XGBoost
2025-06-30,2025-07-01,2025-08-01,0.4100469444565268,41386.45404636671,100931.01437743918,100889.6279233928,41.38645404636918,0.0,Long only | XGBoost
2025-07-31,2025-08-01,2025-09-01,0.12080064389025658,12732.740904279435,105402.92248646218,105390.1897455579,12.732740904277307,0.0,Long only | XGBoost
2025-08-31,2025-09-01,2025-10-09,0.24730831990263416,27342.704127358717,110561.19801437978,110533.85531025243,27.3427041273535,0.0,Long only | XGBoost
2025-09-30,2025-10-09,2025-11-03,0.4241668063985959,48905.09999607832,115296.85788312598,115247.9527831299,48.90509999607457,0.0,Long only | XGBoost
2025-10-31,2025-11-03,2025-12-01,0.3920347162329835,43912.80825811762,112012.55001105703,111968.63720279891,43.91280825811555,0.0,Long only | XGBoost
2025-11-30,2025-12-01,2026-01-05,0.5619373308043977,64125.52124964007,114115.07606701653,114050.95054576689,64.12552124964714,0.0,Long only | XGBoost
2025-12-31,2026-01-05,2026-02-02,0.45911554051463355,53887.50548745696,117372.42748754087,117318.53998205342,53.88750548745156,0.0,Long only | XGBoost
2026-01-31,2026-02-02,2026-03-02,0.5591945724996478,62365.33988777214,111527.08369287942,111464.71835299165,62.365339887765,0.0,Long only | XGBoost
2026-02-28,2026-03-02,2026-04-01,0.25614754328838746,28454.42396192524,111086.07014781873,111057.61572385681,28.454423961913562,0.0,Long only | XGBoost
2026-03-31,2026-04-01,2026-05-06,0.48452609531844787,52718.623099791206,108804.50735092533,108751.78872782554,52.71862309979042,0.0,Long only | XGBoost
2026-04-30,2026-05-06,2026-06-01,0.4026162995131395,44587.25055504401,110743.77914893358,110699.19189837854,44.58725055503601,0.0,Long only | XGBoost
2026-05-31,2026-06-01,2026-07-01,0.5465158171028573,58441.758614987055,106935.164154614,106876.72239599901,58.44175861499389,0.0,Long only | XGBoost
2026-06-30,2026-07-01,2026-08-03,0.5621690095785891,63457.39970274069,112879.5764645749,112816.11906487215,63.45739970274735,0.0,Long only | XGBoost
2026-07-31,2026-08-03,2026-09-01,0.5200241095610038,59277.964260327135,113990.79998496352,113931.52202070321,59.27796426031273,0.0,Long only | XGBoost
2026-08-31,2026-09-01,2026-10-08,0.23021427777694292,26448.13793672758,114884.87244198409,114858.42430404737,26.44813793672074,0.0,Long only | XGBoost
2024-12-31,2025-01-02,2025-02-05,0.9990009990009993,99900.09990009993,100000.0,99900.09990009991,99.90009990008548,0.0,Long only | MLP
2025-01-31,2025-02-05,2025-03-03,0.6110009973486825,60140.0245081246,98428.68468151492,98368.5446570068,60.14002450811677,0.0,Long only | MLP
2025-02-28,2025-03-03,2025-04-01,0.5850346141267766,59312.644697969554,101383.13745161844,101323.82480692049,59.3126446979586,0.0,Long only | MLP
2025-03-31,2025-04-01,2025-05-06,0.5316460315098789,54245.245979139996,102032.63593463319,101978.39068865406,54.245245979123865,0.0,Long only | MLP
2025-04-30,2025-05-06,2025-06-03,0.44855878856015463,44522.52327662775,99256.82967787173,99212.30715459512,44.52252327660972,0.0,Long only | MLP
2025-05-31,2025-06-03,2025-07-01,0.21581655645286177,21456.023680439663,99417.87614948831,99396.42012580787,21.456023680439102,0.0,Long only | MLP
2025-06-30,2025-07-01,2025-08-01,0.3646766672981479,36964.61264041055,101362.70278621768,101325.73817357727,36.96461264041136,0.0,Long only | MLP
2025-07-31,2025-08-01,2025-09-01,0.2007462103215439,21250.701159944736,105858.54211597104,105837.2914148111,21.250701159937307,0.0,Long only | MLP
2025-08-31,2025-09-01,2025-10-09,0.32655370759227154,36228.92054588205,110943.22221298055,110906.99329243466,36.2289205458801,0.0,Long only | MLP
2025-09-30,2025-10-09,2025-11-03,0.3539766622900262,41013.43168706568,115864.79012975677,115823.7766980697,41.01343168706808,0.0,Long only | MLP
2025-10-31,2025-11-03,2025-12-01,0.3920347162329835,44132.213848903026,112572.20858643435,112528.07637258546,44.13221384889039,0.0,Long only | MLP
2025-11-30,2025-12-01,2026-01-05,0.3390167725907417,38880.219822188395,114685.23968613282,114646.35946631065,38.88021982216742,0.0,Long only | MLP
2025-12-31,2026-01-05,2026-02-02,0.2040734736342361,24004.101126860405,117624.79806603042,117600.79396490357,24.004101126847672,0.0,Long only | MLP
2026-01-31,2026-02-02,2026-03-02,0.35987932576747256,40327.53377501426,112058.48985354311,112018.1623197681,40.327533775009215,0.0,Long only | MLP
2026-02-28,2026-03-02,2026-04-01,0.33246311206269247,36969.211957234715,111197.93629996294,111160.96708800571,36.969211957228254,0.0,Long only | MLP
2026-03-31,2026-04-01,2026-05-06,0.46383984294269476,50964.20572212677,109874.57523872773,109823.61103300561,50.96420572212082,0.0,Long only | MLP
2026-04-30,2026-05-06,2026-06-01,0.338127860177884,37814.60831915411,111835.23386467005,111797.4192563509,37.814608319153194,0.0,Long only | MLP
2026-05-31,2026-06-01,2026-07-01,0.5887146859054827,63418.43185174739,107723.54311869355,107660.1246868418,63.41843185175094,0.0,Long only | MLP
2026-06-30,2026-07-01,2026-08-03,0.7911765625914736,89962.29714101448,113706.97944633981,113617.0171491988,89.96229714101355,0.0,Long only | MLP
2026-07-31,2026-08-03,2026-09-01,0.48455042945036386,57168.008395124125,117981.54520257271,117924.37719417759,57.16800839512143,0.0,Long only | MLP
2026-08-31,2026-09-01,2026-10-08,0.4450384282845134,52465.094074982364,117888.90743035203,117836.44233627705,52.465094074985245,0.0,Long only | MLP
2024-12-31,2025-01-02,2025-02-05,0.9990009990009991,99900.09990009991,100000.0,99900.09990009991,99.90009990008548,0.0,Long only | LSTM
2025-01-31,2025-02-05,2025-03-03,0.33454268357626327,32728.2624905986,97829.85579219155,97797.12752970096,32.7282624905929,0.0,Long only | LSTM
2025-02-28,2025-03-03,2025-04-01,0.49863190638790617,50259.20845236912,100794.20873093995,100743.94952248759,50.259208452363964,0.0,Long only | LSTM
2025-03-31,2025-04-01,2025-05-06,0.22955055420855636,23235.63339883212,101222.29274916743,101199.0571157686,23.235633398828213,0.0,Long only | LSTM
2025-04-30,2025-05-06,2025-06-03,0.44855878856015463,44182.27573099834,98498.29466683877,98454.11239110777,44.18227573100012,0.0,Long only | LSTM
2025-05-31,2025-06-03,2025-07-01,0.3357954576221341,33128.94532926062,98658.11039808691,98624.98145275767,33.128945329241105,0.0,Long only | LSTM
2025-06-30,2025-07-01,2025-08-01,0.21862285500125916,21937.22209168956,100342.76650336129,100320.8292812696,21.937222091684816,0.0,Long only | LSTM
2025-07-31,2025-08-01,2025-09-01,0.23105822552546365,24161.044295864598,104566.90836657508,104542.74732227923,24.161044295848114,0.0,Long only | LSTM
2025-08-31,2025-09-01,2025-10-09,0.3929753417704097,42877.576192237,109110.09326709261,109067.2156909004,42.8775761922152,0.0,Long only | LSTM
2025-09-30,2025-10-09,2025-11-03,0.23533139086080648,26814.310601943063,113942.77025202796,113915.95594142601,26.814310601941543,0.0,Long only | LSTM
2025-10-31,2025-11-03,2025-12-01,0.2726366564809343,29926.025448472334,109765.23052601726,109735.3045005688,29.92602544845431,0.0,Long only | LSTM
2025-11-30,2025-12-01,2026-01-05,0.3048313895779093,34092.016555151444,111838.93037510873,111804.83835855359,34.09201655513607,0.0,Long only | LSTM
2025-12-31,2026-01-05,2026-02-02,0.19522266031046095,22554.846983570533,115533.95977547765,115511.40492849407,22.55484698357759,0.0,Long only | LSTM
2026-01-31,2026-02-02,2026-03-02,0.3422411229369168,38023.62653987523,111101.86354456269,111063.83991802283,38.023626539856195,0.0,Long only | LSTM
2026-02-28,2026-03-02,2026-04-01,0.4914505362751274,54322.311798900686,110534.64751636688,110480.32520456798,54.32231179889641,0.0,Long only | LSTM
2026-03-31,2026-04-01,2026-05-06,0.5913583206163137,63872.99018759385,108010.63916886368,107946.7661786761,63.87299018757767,0.0,Long only | LSTM
2026-04-30,2026-05-06,2026-06-01,0.41210934221732215,45912.51279199167,111408.57070835371,111362.65819556173,45.91251279198332,0.0,Long only | LSTM
2026-05-31,2026-06-01,2026-07-01,0.3281394520068223,35386.01143371048,107838.33281032839,107802.94679889467,35.386011433714884,0.0,Long only | LSTM
2026-06-30,2026-07-01,2026-08-03,0.49657631085391535,57590.08592218911,115974.29169175807,115916.7016058359,57.590085922172875,0.0,Long only | LSTM
2026-07-31,2026-08-03,2026-09-01,0.6173923668611794,71500.23826507184,115810.04577134439,115738.54553307933,71.5002382650564,0.0,Long only | LSTM
2026-08-31,2026-09-01,2026-10-08,0.3001798607256618,34831.799083415004,116036.42895699866,116001.59715791524,34.831799083418446,0.0,Long only | LSTM
2024-12-31,2025-01-02,2025-02-05,0.9990009990009991,99900.09990009991,100000.0,99900.09990009991,99.90009990008548,0.0,Long only | CNN
2025-01-31,2025-02-05,2025-03-03,0.33454268357626327,32728.2624905986,97829.85579219155,97797.12752970096,32.7282624905929,0.0,Long only | CNN
2025-02-28,2025-03-03,2025-04-01,0.4337238891460528,43716.856214182306,100794.20873093995,100750.49187472576,43.71685621418874,0.0,Long only | CNN
2025-03-31,2025-04-01,2025-05-06,0.37654684351247564,38092.98352433475,101163.99640745537,101125.90342393104,38.09298352432961,0.0,Long only | CNN
2025-04-30,2025-05-06,2025-06-03,0.5362739570960628,52783.886795119266,98427.09327326906,98374.30938647393,52.78388679512136,0.0,Long only | CNN
2025-05-31,2025-06-03,2025-07-01,0.35800465684819116,35405.57344670976,98896.96340381178,98861.55783036508,35.40557344669651,0.0,Long only | CNN
2025-06-30,2025-07-01,2025-08-01,0.2945367484590696,29625.52626232607,100583.46341269193,100553.8378864296,29.625526262330823,0.0,Long only | CNN
2025-07-31,2025-08-01,2025-09-01,0.2007462103215439,21088.81314784508,105052.11089198753,105031.02207883968,21.088813147842302,0.0,Long only | CNN
2025-08-31,2025-09-01,2025-10-09,0.40550350940152136,44645.148027561525,110098.05585518325,110053.41070715571,44.645148027542746,0.0,Long only | CNN
2025-09-30,2025-10-09,2025-11-03,0.207677594129716,23645.80354313473,113858.2312753753,113834.5854718322,23.64580354311329,0.0,Long only | CNN
2025-10-31,2025-11-03,2025-12-01,0.3510450895317154,38868.667654443016,110722.72142103671,110683.85275338226,38.868667654445744,0.0,Long only | CNN
2025-11-30,2025-12-01,2026-01-05,0.24180429679156382,27276.893846239647,112805.66229868293,112778.3854048367,27.276893846224993,0.0,Long only | CNN
2025-12-31,2026-01-05,2026-02-02,0.20538677454160945,23797.622135305577,115867.35410991324,115843.55648777794,23.797622135301935,0.0,Long only | CNN
2026-01-31,2026-02-02,2026-03-02,0.3475777451511563,38276.96897774885,110124.9130927608,110086.63612378307,38.276968977734214,0.0,Long only | CNN
2026-02-28,2026-03-02,2026-04-01,0.17298166998514217,18845.196414189104,108943.31414309831,108924.46894668412,18.84519641418592,0.0,Long only | CNN
2026-03-31,2026-04-01,2026-05-06,0.2997187945868607,32268.91189237035,107663.95860109662,107631.68968920424,32.26891189237358,0.0,Long only | CNN
2026-04-30,2026-05-06,2026-06-01,0.23600334568246134,26216.05165593778,111083.38985673132,111057.17380507538,26.216051655937918,0.0,Long only | CNN
2026-05-31,2026-06-01,2026-07-01,0.5847146491711241,62570.473689470746,107010.2720671852,106947.70159349573,62.57047368946951,0.0,Long only | CNN
2026-06-30,2026-07-01,2026-08-03,0.5203090618228572,59863.753183553454,115054.21983969689,114994.35608651335,59.86375318354112,0.0,Long only | CNN
2026-07-31,2026-08-03,2026-09-01,0.34825418396042507,40152.90926634452,115297.7081559124,115257.55524664608,40.15290926632588,0.0,Long only | CNN
2026-08-31,2026-09-01,2026-10-08,0.3650068490140062,42178.074693765724,115554.2007162371,115512.02264154333,42.17807469377294,0.0,Long only | CNN
2024-12-31,2025-01-02,2025-02-05,0.9990009990009991,99900.09990009991,100000.0,99900.09990009991,99.90009990008548,0.0,Long only | Prophet
2025-01-31,2025-02-05,2025-03-03,0.2919624127323323,28671.775804352343,98203.65414858483,98174.98237278048,28.671775804352365,0.0,Long only | Prophet
2025-02-28,2025-03-03,2025-04-01,0.18889882257485893,18956.471349765532,100352.5119498998,100333.55547855003,18.956471349767526,0.0,Long only | Prophet
2025-03-31,2025-04-01,2025-05-06,0.10467430786905167,10597.759267293333,101245.08566659172,101234.48790732445,10.597759267271613,0.0,Long only | Prophet
2025-04-30,2025-05-06,2025-06-03,0.31828277151621814,31549.815985246798,99125.11391977487,99093.56410378963,31.549815985243185,0.0,Long only | Prophet
2025-05-31,2025-06-03,2025-07-01,0.09248702408808608,9243.20889962052,99940.60237917423,99931.35917027463,9.243208899599267,0.0,Long only | Prophet
2025-06-30,2025-07-01,2025-08-01,0.33133321565808127,33801.75174270298,102017.39561657663,101983.59386483394,33.80175174269243,0.0,Long only | Prophet
2025-07-31,2025-08-01,2025-09-01,0.23529462347948193,24967.200913814508,106110.37576892057,106085.40856800677,24.967200913801207,0.0,Long only | Prophet
2025-08-31,2025-09-01,2025-10-09,0.31806074457462263,34949.99800906744,109884.6638739084,109849.71387589935,34.949998009047704,0.0,Long only | Prophet
2025-09-30,2025-10-09,2025-11-03,0.11202612557465078,12541.662602191349,111953.01576179183,111940.47409918965,12.541662602176075,0.0,Long only | Prophet
2025-10-31,2025-11-03,2025-12-01,0.14155094134829047,15881.775416475637,112198.3030646051,112182.42128918864,15.881775416462915,0.0,Long only | Prophet
2025-11-30,2025-12-01,2026-01-05,0.10686077018749951,12211.164500605299,114271.72459247118,114259.51342797058,12.21116450059344,0.0,Long only | Prophet
2025-12-31,2026-01-05,2026-02-02,0.07916032775105122,9335.202763398152,117927.79323446123,117918.45803169784,9.3352027633955,0.0,Long only | Prophet
2026-01-31,2026-02-02,2026-03-02,0.29701346802759027,33843.08744186234,113944.62233180141,113910.77924435955,33.84308744185546,0.0,Long only | Prophet
2026-02-28,2026-03-02,2026-04-01,0.17551045082353692,19887.158468846406,113310.3947686939,113290.50761022506,19.887158468845882,0.0,Long only | Prophet
2026-03-31,2026-04-01,2026-05-06,0.38778924128731823,43231.57583709045,111482.14347973517,111438.91190389809,43.231575837082346,0.0,Long only | Prophet
2026-04-30,2026-05-06,2026-06-01,0.31050392159710866,35236.02289270035,113480.12196258348,113444.88593969078,35.23602289269911,0.0,Long only | Prophet
2026-05-31,2026-06-01,2026-07-01,0.31934715919896434,34816.85539639039,109025.09821513171,108990.28135973532,34.816855396391475,0.0,Long only | Prophet
2026-06-30,2026-07-01,2026-08-03,0.5584710645286829,62980.848609254586,112773.70057194775,112710.7197233385,62.98084860925155,0.0,Long only | Prophet
2026-07-31,2026-08-03,2026-09-01,0.4845504294503642,56711.99203287426,117040.43291676343,116983.72092473056,56.7119920328696,0.0,Long only | Prophet
2026-08-31,2026-09-01,2026-10-08,0.15863719116048836,18552.386959206116,116948.53409524403,116929.98170828485,18.55238695918524,0.0,Long only | Prophet
2024-12-31,2025-01-02,2025-02-05,0.9990009990009991,99900.09990009991,100000.0,99900.09990009991,99.90009990008548,0.0,Long only | Historical mean
2025-01-31,2025-02-05,2025-03-03,0.29428567958025187,28834.021779795417,97979.6972143606,97950.86319258081,28.834021779781324,0.0,Long only | Historical mean
2025-02-28,2025-03-03,2025-04-01,0.4347307703089201,44094.822977792835,101430.18619652576,101386.09137354797,44.09482297778595,0.0,Long only | Historical mean
2025-03-31,2025-04-01,2025-05-06,0.22955055420855655,23383.737306927946,101867.48355955967,101844.09982225276,23.383737306910916,0.0,Long only | Historical mean
2025-04-30,2025-05-06,2025-06-03,0.3355200822154271,33258.80484326945,99126.12271570378,99092.86391086053,33.25880484325171,0.0,Long only | Historical mean
2025-05-31,2025-06-03,2025-07-01,0.2146750905282607,21282.43874996737,99137.90508995109,99116.62265120112,21.282438749971334,0.0,Long only | Historical mean
2025-06-30,2025-07-01,2025-08-01,0.21862285500125916,22046.57817978013,100842.97078479352,100820.92420661374,22.046578179782955,0.0,Long only | Historical mean
2025-07-31,2025-08-01,2025-09-01,0.12200541654482983,12821.325931549723,105088.16980956447,105075.34848363293,12.821325931538013,0.0,Long only | Historical mean
2025-08-31,2025-09-01,2025-10-09,0.3265537075922716,35968.10160819818,110144.52070808283,110108.55260647464,35.96810160818859,0.0,Long only | Historical mean
2025-09-30,2025-10-09,2025-11-03,0.23533139086080637,27070.324577532294,115030.65731483238,115003.58699025484,27.070324577536667,0.0,Long only | Historical mean
2025-10-31,2025-11-03,2025-12-01,0.2726366564809343,30211.74902579574,110813.23185133935,110783.02010231357,30.21174902578059,0.0,Long only | Historical mean
2025-11-30,2025-12-01,2026-01-05,0.24180429679156393,27301.33261650762,112906.73068577213,112879.42935315563,27.30133261649462,0.0,Long only | Historical mean
2025-12-31,2026-01-05,2026-02-02,0.20538677454160947,23818.943647335756,115971.16562395918,115947.34668031186,23.81894364731852,0.0,Long only | Historical mean
2026-01-31,2026-02-02,2026-03-02,0.29770003252381033,32813.56324935735,110223.57965894038,110190.76609569104,32.81356324933586,0.0,Long only | Historical mean
2026-02-28,2026-03-02,2026-04-01,0.4144446798218544,45333.58401069745,109383.9207447028,109338.58716069211,45.333584010688355,0.0,Long only | Historical mean
2026-03-31,2026-04-01,2026-05-06,0.4919959964068275,52591.628463505665,106894.42362863879,106841.83200017529,52.591628463502275,0.0,Long only | Historical mean
2026-04-30,2026-05-06,2026-06-01,0.3077925154207182,34041.483364250795,110598.8016561087,110564.76017274446,34.041483364242595,0.0,Long only | Historical mean
2026-05-31,2026-06-01,2026-07-01,0.3281394520068225,35132.475562568085,107065.68609079541,107030.55361523284,35.13247556256829,0.0,Long only | Historical mean
2026-06-30,2026-07-01,2026-08-03,0.4965763108539152,57177.460932486545,115143.35195362801,115086.17449269551,57.17746093249298,0.0,Long only | Historical mean
2026-07-31,2026-08-03,2026-09-01,0.5266893369169189,60558.88892356229,114980.28283248685,114919.7239435633,60.55888892355142,0.0,Long only | Historical mean
2026-08-31,2026-09-01,2026-10-08,0.2345135555139542,27278.635429442416,116320.07953510074,116292.8008996713,27.27863542943669,0.0,Long only | Historical mean
2024-12-31,2025-01-02,2025-02-05,0.9990009990009991,99900.09990009991,100000.0,99900.09990009991,99.90009990008548,0.0,Long only | Last observed
2025-01-31,2025-02-05,2025-03-03,0.4115568286545258,40416.38446367744,98203.65414858483,98163.23776412115,40.416384463678696,0.0,Long only | Last observed
2025-02-28,2025-03-03,2025-04-01,0.44459445332275277,44592.145043070384,100298.47360848376,100253.88146344069,44.592145043076016,0.0,Long only | Last observed
2025-03-31,2025-04-01,2025-05-06,0.22795023065795883,23089.942299643564,101293.7878281431,101270.69788584346,23.089942299644463,0.0,Long only | Last observed
2025-04-30,2025-05-06,2025-06-03,0.30990452928190726,30602.604627542423,98748.49102222867,98717.88841760115,30.60260462752194,0.0,Long only | Last observed
2025-05-31,2025-06-03,2025-07-01,0.2312646767421583,22951.254117640827,99242.36783998641,99219.41658586878,22.95125411763729,0.0,Long only | Last observed
2025-06-30,2025-07-01,2025-08-01,0.33133321565808127,33560.93738079542,101290.59144926952,101257.03051188873,33.56093738078198,0.0,Long only | Last observed
2025-07-31,2025-08-01,2025-09-01,0.27525643918723325,28999.4802770729,105354.41191748853,105325.41243721146,28.99948027706705,0.0,Long only | Last observed
2025-08-31,2025-09-01,2025-10-09,0.5556351959010088,60594.325639140734,109054.15295170779,108993.55862606864,60.59432563914743,0.0,Long only | Last observed
2025-09-30,2025-10-09,2025-11-03,0.1539283312044634,17500.14098070037,113690.18843876693,113672.68829778623,17.500140980700962,0.0,Long only | Last observed
2025-10-31,2025-11-03,2025-12-01,0.3510450895317154,38813.38807990859,110565.24998450937,110526.43659642947,38.813388079899596,0.0,Long only | Last observed
2025-11-30,2025-12-01,2026-01-05,0.570073474677172,64216.05680190649,112645.22847387617,112581.01241707426,64.2160568019026,0.0,Long only | Last observed
2025-12-31,2026-01-05,2026-02-02,0.3327025102151259,38658.502676062715,116195.40426991691,116156.74576724085,38.65850267605856,0.0,Long only | Last observed
2026-01-31,2026-02-02,2026-03-02,0.3259107255184582,36072.61287663127,110682.49692994001,110646.42431706339,36.0726128766255,0.0,Long only | Last observed
2026-02-28,2026-03-02,2026-04-01,0.39023894365824063,42730.10622442381,109497.28856852774,109454.55846230334,42.73010622440779,0.0,Long only | Last observed
2026-03-31,2026-04-01,2026-05-06,0.4610201563240067,49655.293664011704,107707.42446478581,107657.76917112182,49.65529366399278,0.0,Long only | Last observed
2026-04-30,2026-05-06,2026-06-01,0.41993892247592207,45980.79151869638,109493.99795474487,109448.01716322618,45.980791518697515,0.0,Long only | Last observed
2026-05-31,2026-06-01,2026-07-01,0.35329051637617875,37257.930516302375,105459.75277929808,105422.49484878179,37.25793051629444,0.0,Long only | Last observed
2026-06-30,2026-07-01,2026-08-03,0.6663134672597101,76403.04111543133,114665.3112530466,114588.90821193118,76.40304111542355,0.0,Long only | Last observed
2026-07-31,2026-08-03,2026-09-01,0.6173923668611794,70681.2230350336,114483.47409019113,114412.7928671561,70.68122303503333,0.0,Long only | Last observed
2026-08-31,2026-09-01,2026-10-08,0.5148939852363981,59062.080358195155,114707.26411977522,114648.20203941702,59.06208035819873,0.0,Long only | Last observed
2024-12-31,2025-01-02,2025-02-05,0.6662225183211192,66622.25183211193,100000.0,99933.3777481679,66.62225183210103,92.86810893136236,Long-short | Equal factors
2025-01-31,2025-02-05,2025-03-03,0.22689048534779854,22338.290065313282,98454.06267729166,98431.72438722636,22.33829006529413,62.87509634792984,Long-short | Equal factors
2025-02-28,2025-03-03,2025-04-01,0.21681670353251375,21636.668018773744,99792.44064804775,99770.80398002898,21.636668018763885,62.951172573402424,Long-short | Equal factors
2025-03-31,2025-04-01,2025-05-06,0.14156050615826482,14237.307415933992,100574.00755558662,100559.77024817068,14.23730741594045,74.73756307019077,Long-short | Equal factors
2025-04-30,2025-05-06,2025-06-03,0.21989693462249582,22051.546240296335,100281.28076525003,100259.22921900975,22.051546240283642,77.39047291731714,Long-short | Equal factors
2025-05-31,2025-06-03,2025-07-01,0.2134030182766894,21349.60150556622,100043.57800546769,100022.22840396213,21.349601505557075,77.29913658183408,Long-short | Equal factors
2025-06-30,2025-07-01,2025-08-01,0.4723386428131266,47398.72260759729,100349.0257017778,100301.62697917022,47.398722607584205,95.37989042047688,Long-short | Equal factors
2025-07-31,2025-08-01,2025-09-01,0.2223986971833604,22442.31518439777,100910.28170859661,100887.83939341223,22.442315184380277,123.82425353037853,Long-short | Equal factors
2025-08-31,2025-09-01,2025-10-09,0.26313453011270815,26180.764150061463,99495.7375561751,99469.55679202505,26.18076415004907,114.89707933988734,Long-short | Equal factors
2025-09-30,2025-10-09,2025-11-03,0.3084729929131382,30562.616075554397,99077.12110200978,99046.55848593425,30.562616075534606,66.32933467913219,Long-short | Equal factors
2025-10-31,2025-11-03,2025-12-01,0.29894829899320413,29810.684321724442,99718.52799337091,99688.71730904919,29.810684321724693,90.47924926710898,Long-short | Equal factors
2025-11-30,2025-12-01,2026-01-05,0.28945872807879636,29250.58861658439,101052.7090018229,101023.45841320633,29.250588616574532,118.01284807286949,Long-short | Equal factors
2025-12-31,2026-01-05,2026-02-02,0.2008061946075556,20127.517954093993,100233.55102879215,100213.42351083807,20.127517954082577,101.41987201808875,Long-short | Equal factors
2026-01-31,2026-02-02,2026-03-02,0.2912795181026415,28830.99214189734,98980.49931453756,98951.66832239568,28.830992141884053,99.69275636406762,Long-short | Equal factors
2026-02-28,2026-03-02,2026-04-01,0.2873537724828963,28167.473846565612,98023.67862855249,97995.51115470592,28.16747384656628,92.57575958665414,Long-short | Equal factors
2026-03-31,2026-04-01,2026-05-06,0.2788596239920489,27913.37770102153,100098.3121953052,100070.39881760417,27.913377701028367,103.87541846426603,Long-short | Equal factors
2026-04-30,2026-05-06,2026-06-01,0.2170749250116871,22087.021879964715,101748.3796379318,101726.29261605183,22.087021879968233,78.68271708997094,Long-short | Equal factors
2026-05-31,2026-06-01,2026-07-01,0.21328730078193556,21546.147551516482,101019.3643621812,100997.81821462969,21.546147551503964,88.32363086044178,Long-short | Equal factors
2026-06-30,2026-07-01,2026-08-03,0.5161975954335687,53260.35610709781,103178.23364202803,103124.97328592095,53.26035610708641,110.3350489466174,Long-short | Equal factors
2026-07-31,2026-08-03,2026-09-01,0.25388173114956153,26540.17998578834,104537.57293057666,104511.03275059088,26.540179985779105,80.68664952228825,Long-short | Equal factors
2026-08-31,2026-09-01,2026-10-08,0.15195325049971878,16101.125954010278,105961.04986934831,105944.94874339431,16.101125953995506,116.17041978472346,Long-short | Equal factors
2024-12-31,2025-01-02,2025-02-05,0.699510342760068,69951.0342760068,100000.0,99930.04896572401,69.95103427598951,97.70308439088903,Long-short | Ridge
2025-01-31,2025-02-05,2025-03-03,0.48685978036146255,47723.743085729475,98023.58915394,97975.86541085428,47.72374308572034,75.77335566548643,Long-short | Ridge
2025-02-28,2025-03-03,2025-04-01,0.5448367565695733,54059.41034120006,99221.29828679595,99167.23887645476,54.05941034118587,77.54436553040308,Long-short | Ridge
2025-03-31,2025-04-01,2025-05-06,0.24823875208944782,24875.357606029895,100207.39065376288,100182.51529615687,24.875357606011676,80.6258328528315,Long-short | Ridge
2025-04-30,2025-05-06,2025-06-03,0.5633980218674911,56144.79283707308,99653.86930357043,99597.72451073336,56.14479283707624,85.42848067527181,Long-short | Ridge
2025-05-31,2025-06-03,2025-07-01,0.3152476315144719,31264.558263064562,99174.60160721086,99143.33704894781,31.264558263050276,82.92598599485478,Long-short | Ridge
2025-06-30,2025-07-01,2025-08-01,0.4602524912883192,45759.220148235785,99421.99339355779,99376.23417340955,45.759220148233,98.56355854791396,Long-short | Ridge
2025-07-31,2025-08-01,2025-09-01,0.4764968952077455,47477.83755370014,99639.34294472268,99591.865107169,47.47783755368437,117.63218669894111,Long-short | Ridge
2025-08-31,2025-09-01,2025-10-09,0.3124607196521426,30634.747953366455,98043.5172378519,98012.88248989853,30.634747953372425,105.00277903427408,Long-short | Ridge
2025-09-30,2025-10-09,2025-11-03,0.3508751620645535,34023.2555901759,96966.83968731976,96932.81643172959,34.02325559017481,71.80073577809563,Long-short | Ridge
2025-10-31,2025-11-03,2025-12-01,0.21683723300596758,21188.84483253035,97717.74219212258,97696.55334729006,21.188844832518953,92.87938468066417,Long-short | Ridge
2025-11-30,2025-12-01,2026-01-05,0.3954575040681241,39196.3724813766,99116.52220063671,99077.32582815533,39.19637248138315,100.97374320967438,Long-short | Ridge
2025-12-31,2026-01-05,2026-02-02,0.4572440207736059,44977.64961604587,98366.84040164966,98321.86275203363,44.97764961603389,105.62456163833173,Long-short | Ridge
2026-01-31,2026-02-02,2026-03-02,0.2799993332394027,27107.47575880812,96812.64396308728,96785.53648732847,27.107475758806686,101.30115885804895,Long-short | Ridge
2026-02-28,2026-03-02,2026-04-01,0.3295268148042532,31554.696609274186,95757.59905311023,95726.04435650096,31.554696609266102,92.06562471181498,Long-short | Ridge
2026-03-31,2026-04-01,2026-05-06,0.295295478705817,28980.943420748896,98142.18472887848,98113.20378545774,28.980943420741824,100.08800366588977,Long-short | Ridge
2026-04-30,2026-05-06,2026-06-01,0.31856340640463426,31483.689124980407,98830.21242242216,98798.72873329718,31.483689124986995,83.40452515905686,Long-short | Ridge
2026-05-31,2026-06-01,2026-07-01,0.1592275059829381,15579.693213422564,97845.4891775545,97829.90948434107,15.579693213425344,95.80867542857304,Long-short | Ridge
2026-06-30,2026-07-01,2026-08-03,0.6319428655506195,63441.46046018988,100391.13331062385,100327.69185016365,63.44146046019159,97.4401856148443,Long-short | Ridge
2026-07-31,2026-08-03,2026-09-01,0.1402079168582458,14642.284994754584,104432.65489464729,104418.01260965253,14.642284994755755,80.59416329064851,Long-short | Ridge
2026-08-31,2026-09-01,2026-10-08,0.2259917691047502,23879.501038825245,105665.3573420932,105641.47784105438,23.879501038813032,109.96801053724958,Long-short | Ridge
2024-12-31,2025-01-02,2025-02-05,0.699510342760068,69951.0342760068,100000.0,99930.04896572401,69.95103427598951,97.44566801341082,Long-short | Elastic Net
2025-01-31,2025-02-05,2025-03-03,0.2895210207057867,28372.3941980355,97997.70023216285,97969.32783796481,28.372394198042457,75.76829958526031,Long-short | Elastic Net
2025-02-28,2025-03-03,2025-04-01,0.5448367565695733,54055.80315351169,99214.67761070374,99160.62180755023,54.055803153518355,77.53919127713466,Long-short | Elastic Net
2025-03-31,2025-04-01,2025-05-06,0.2482387520894478,24873.697763957356,100200.70417931615,100175.8304815522,24.873697763949167,80.6204529844645,Long-short | Elastic Net
2025-04-30,2025-05-06,2025-06-03,0.5633980218674912,56141.04649940105,99647.2197635887,99591.07871708932,56.141046499382355,85.42278034369616,Long-short | Elastic Net
2025-05-31,2025-06-03,2025-07-01,0.37812069080859506,37497.466633954224,99167.98404701811,99130.48658038417,37.49746663394035,78.14396544604317,Long-short | Elastic Net
2025-06-30,2025-07-01,2025-08-01,0.4649612332640252,46300.66355921834,99579.621367975,99533.32070441579,46.300663559217355,98.71936046197024,Long-short | Elastic Net
2025-07-31,2025-08-01,2025-09-01,0.4764968952077455,47552.88697434909,99796.84537842947,99749.29249145513,47.55288697434298,117.8181308766101,Long-short | Elastic Net
2025-08-31,2025-09-01,2025-10-09,0.3124607196521425,30683.173075572697,98198.49710943436,98167.81393635881,30.683173075551167,105.16875958728767,Long-short | Elastic Net
2025-09-30,2025-10-09,2025-11-03,0.35087516206455344,34077.03701224984,97120.11762742102,97086.04059040878,34.07703701223363,71.91423302017662,Long-short | Elastic Net
2025-10-31,2025-11-03,2025-12-01,0.21683723300596755,21222.338576366168,97872.20710283695,97850.98476426059,21.222338576364564,93.02620147708278,Long-short | Elastic Net
2025-11-30,2025-12-01,2026-01-05,0.3954575040681242,39258.33118037888,99273.19819834795,99233.93986716759,39.25833118036098,101.1333549636864,Long-short | Elastic Net
2025-12-31,2026-01-05,2026-02-02,0.4572440207736058,45048.74692628074,98522.33135834843,98477.28261142215,45.04874692627345,105.79152505886012,Long-short | Elastic Net
2026-01-31,2026-02-02,2026-03-02,0.25039533505814116,24279.753472539116,96965.67816210081,96941.39840862827,24.279753472539596,103.67504486594085,Long-short | Elastic Net
2026-02-28,2026-03-02,2026-04-01,0.41116400546294823,39379.9070754736,95776.6403485003,95737.26044142482,39.379907075475785,92.07641191055778,Long-short | Elastic Net
2026-03-31,2026-04-01,2026-05-06,0.2952954787058171,28984.3390768085,98153.68390954484,98124.69957046804,28.98433907679282,100.09973083540278,Long-short | Elastic Net
2026-04-30,2026-05-06,2026-06-01,0.3185634064046344,31487.378024206497,98841.7922183181,98810.30484029392,31.487378024190548,83.41429754904235,Long-short | Elastic Net
2026-05-31,2026-06-01,2026-07-01,0.15922750598293806,15581.518663991888,97856.95359482373,97841.37207615975,15.581518663981115,95.81990119526253,Long-short | Elastic Net
2026-06-30,2026-07-01,2026-08-03,0.6319428655506195,63448.893806182634,100402.89599740767,100339.4471036015,63.44889380616951,97.45160254326964,Long-short | Elastic Net
2026-07-31,2026-08-03,2026-09-01,0.14020791685824574,14644.000610531722,104444.89112078621,104430.24712017569,14.644000610525836,80.60360639451766,Long-short | Elastic Net
2026-08-31,2026-09-01,2026-10-08,0.22599176910475016,23882.29896611236,105677.73800223052,105653.85570326442,23.88229896609846,109.9808953331627,Long-short | Elastic Net
2024-12-31,2025-01-02,2025-02-05,0.699510342760068,69951.0342760068,100000.0,99930.04896572401,69.95103427598951,97.70308439088903,Long-short | KNN
2025-01-31,2025-02-05,2025-03-03,0.25048406726840167,24553.347299525678,98023.58915394,97999.03580664049,24.553347299515735,71.36054812361414,Long-short | KNN
2025-02-28,2025-03-03,2025-04-01,0.44180175487714374,43560.78670035891,98598.03909668104,98554.47830998068,43.5607867003564,77.0652140496557,Long-short | KNN
2025-03-31,2025-04-01,2025-05-06,0.23779654180964052,23681.73026047154,99588.20292445253,99564.52119419206,23.681730260475888,94.5300169224637,Long-short | KNN
2025-04-30,2025-05-06,2025-06-03,0.18701073883029595,18556.343666412467,99226.0860658464,99207.52972217998,18.556343666408793,89.70843738374806,Long-short | KNN
2025-05-31,2025-06-03,2025-07-01,0.4212753949991841,41687.89567346512,98956.39804348379,98914.71014781034,41.68789567344356,82.73475669225009,Long-short | KNN
2025-06-30,2025-07-01,2025-08-01,0.44568970065175345,44209.175423712724,99192.72390423993,99148.51472881623,44.20917542370444,108.73797760195905,Long-short | KNN
2025-07-31,2025-08-01,2025-09-01,0.26400383166478164,26308.263533746638,99651.06706160048,99624.75879806673,26.308263533748686,126.11782353869346,Long-short | KNN
2025-08-31,2025-09-01,2025-10-09,0.37151977948934173,36489.36502280034,98216.4800833899,98179.9907183671,36.48936502280412,126.29930527647852,Long-short | KNN
2025-09-30,2025-10-09,2025-11-03,0.4984756925939754,49066.76453002944,98433.6152374754,98384.54847294537,49.066764530027285,73.74508053475094,Long-short | KNN
2025-10-31,2025-11-03,2025-12-01,0.3780867027822528,36967.58564916248,97775.41864637542,97738.45106072625,36.96758564916672,98.28852126742588,Long-short | KNN
2025-11-30,2025-12-01,2026-01-05,0.6879536785702945,67966.978309564,98795.86435356081,98727.89737525125,67.96697830955964,100.75984385656177,Long-short | KNN
2025-12-31,2026-01-05,2026-02-02,0.415984571180883,40727.28775357824,97905.76520173089,97865.03791397731,40.727287753572455,100.79438704607259,Long-short | KNN
2026-01-31,2026-02-02,2026-03-02,0.22815525923875338,22054.328633185614,96663.68729246268,96641.6329638295,22.054328633181285,101.1505413771394,Long-short | KNN
2026-02-28,2026-03-02,2026-04-01,0.5829555749801959,55739.42782350122,95615.22389659758,95559.48446877408,55.73942782350059,93.71007345007042,Long-short | KNN
2026-03-31,2026-04-01,2026-05-06,0.4288824846088014,41612.96591263853,97026.49888021228,96984.88591429964,41.61296591264545,115.31480783322249,Long-short | KNN
2026-04-30,2026-05-06,2026-06-01,0.2829498101428313,28090.459937285654,99277.18249079496,99249.09203085769,28.09045993727341,83.78471564798004,Long-short | KNN
2026-05-31,2026-06-01,2026-07-01,0.5046418368981787,49602.00676301926,98291.50723590805,98241.90522914505,49.602006763001555,98.36698468371206,Long-short | KNN
2026-06-30,2026-07-01,2026-08-03,0.7184436092207801,73641.56914331022,102501.52997140784,102427.88840226454,73.6415691433067,103.04054291084262,Long-short | KNN
2026-07-31,2026-08-03,2026-09-01,0.5821784847701812,61766.32803931952,106095.17468461959,106033.40835658027,61.76632803931716,88.01182914806124,Long-short | KNN
2026-08-31,2026-09-01,2026-10-08,0.44711310744213395,48299.85064492988,108026.02259022549,107977.72273958055,48.29985064493667,136.07627216600523,Long-short | KNN
2024-12-31,2025-01-02,2025-02-05,0.699510342760068,69951.0342760068,100000.0,99930.04896572401,69.95103427598951,97.44566801341082,Long-short | SVR
2025-01-31,2025-02-05,2025-03-03,0.4755709962496646,46604.86392958568,97997.70023216285,97951.09536823328,46.60486392957682,71.32563904584755,Long-short | SVR
2025-02-28,2025-03-03,2025-04-01,0.26095763052013776,25717.32376544615,98549.8056300813,98524.08830631585,25.71732376544969,77.10727323276541,Long-short | SVR
2025-03-31,2025-04-01,2025-05-06,0.20891971357915595,20740.36686599535,99274.34089716572,99253.60053029974,20.74036686598265,76.84028333589004,Long-short | SVR
2025-04-30,2025-05-06,2025-06-03,0.5817349382280596,57534.54046650361,98901.64177133907,98844.10723087259,57.53454046648403,84.78207655765365,Long-short | SVR
2025-05-31,2025-06-03,2025-07-01,0.3152476315144718,31027.991499416054,98424.18593394468,98393.15794244528,31.02799149940256,82.29851728206826,Long-short | SVR
2025-06-30,2025-07-01,2025-08-01,0.44568970065175356,43976.07164263556,98669.7058027754,98625.72973113277,43.97607164262445,108.16462979615251,Long-short | SVR
2025-07-31,2025-08-01,2025-09-01,0.3240011908539033,32116.822887571314,99125.632232794,99093.51540990642,32.116822887575836,122.91233178749322,Long-short | SVR
2025-08-31,2025-09-01,2025-10-09,0.47054499976033415,45811.98629218183,97359.41581679872,97313.60383050653,45.81198629218852,104.25363054797086,Long-short | SVR
2025-09-30,2025-10-09,2025-11-03,0.37327970949490563,35937.51302081777,96275.02408166183,96239.08656864101,35.937513020820916,75.48284346514049,Long-short | SVR
2025-10-31,2025-11-03,2025-12-01,0.4107494532452787,39492.2225052271,96146.74394135921,96107.25171885398,39.49222250522871,96.64814156562964,Long-short | SVR
2025-11-30,2025-12-01,2026-01-05,0.7115331973441668,69123.32789116137,97147.01738326145,97077.8940553703,69.12332789115317,98.93604075148906,Long-short | SVR
2025-12-31,2026-01-05,2026-02-02,0.33822102586357017,32598.333207178115,96381.74659291425,96349.14825970709,32.598333207162796,99.23312296455293,Long-short | SVR
2026-01-31,2026-02-02,2026-03-02,0.22815525923875338,21712.71604794033,95166.4060709599,95144.69335491196,21.712716047943104,99.58376060981148,Long-short | SVR
2026-02-28,2026-03-02,2026-04-01,0.31253885559131234,29420.58981024328,94134.18294688697,94104.76235707675,29.420589810222737,95.46975056775054,Long-short | SVR
2026-03-31,2026-04-01,2026-05-06,0.2692068404662383,25977.666211457155,96497.05099048202,96471.07332427058,25.977666211445467,109.32483330933738,Long-short | SVR
2026-04-30,2026-05-06,2026-06-01,0.18089158054134877,17763.59439339049,98200.22767355958,98182.46407916621,17.763594393371022,82.88428303135848,Long-short | SVR
2026-05-31,2026-06-01,2026-07-01,0.15922750598293808,15482.513681127624,97235.17042832187,97219.68791464076,15.482513681112323,95.21106146144274,Long-short | SVR
2026-06-30,2026-07-01,2026-08-03,0.7205924372906055,71889.85832404031,99764.93591071102,99693.04605238698,71.88985832403705,100.2893425795399,Long-short | SVR
2026-07-31,2026-08-03,2026-09-01,0.205527982385128,21223.31584327378,103262.41515622205,103241.19184037877,21.223315843279124,76.76577732783485,Long-short | SVR
2026-08-31,2026-09-01,2026-10-08,0.40427336901177413,42374.27776876089,104815.90185458586,104773.52757681711,42.37427776874392,132.03826393635612,Long-short | SVR
2024-12-31,2025-01-02,2025-02-05,0.719481972979455,71948.1972979455,100000.0,99928.05180270207,71.94819729792653,99.99739185538746,Long-short | Random Forest
2025-01-31,2025-02-05,2025-03-03,0.2670253319446548,26252.1193703642,98313.21687414049,98286.96475477013,26.252119370357832,75.89003163548543,Long-short | Random Forest
2025-02-28,2025-03-03,2025-04-01,0.5191961355046064,51928.29236761968,100016.71587395505,99964.78758158744,51.928292367607355,78.23479843573136,Long-short | Random Forest
2025-03-31,2025-04-01,2025-05-06,0.208919713579156,21043.649362960015,100726.01097544079,100704.96732607784,21.043649362953147,77.96390439564037,Long-short | Random Forest
2025-04-30,2025-05-06,2025-06-03,0.23622834811897667,23705.009663394758,100347.86194015844,100324.15693049505,23.70500966339023,79.2014857234146,Long-short | Random Forest
2025-05-31,2025-06-03,2025-07-01,0.5293803875263826,53046.06489932429,100204.06148250183,100151.01541760252,53.04606489930302,83.76883358072051,Long-short | Random Forest
2025-06-30,2025-07-01,2025-08-01,0.4456897006517535,44761.732636566405,100432.50398451921,100387.74225188265,44.76173263655801,110.09706094289956,Long-short | Random Forest
2025-07-31,2025-08-01,2025-09-01,0.4823969647402842,48672.20193569334,100896.57583541756,100847.90363348188,48.6722019356821,119.38809030037439,Long-short | Random Forest
2025-08-31,2025-09-01,2025-10-09,0.4686568172098093,46391.50969392415,98988.23187960904,98941.84036991512,46.391509693916305,113.22206922646438,Long-short | Random Forest
2025-09-30,2025-10-09,2025-11-03,0.4506726854475585,44331.68089187282,98367.80067522281,98323.46899433093,44.331680891875294,72.83082941286374,Long-short | Random Forest
2025-10-31,2025-11-03,2025-12-01,0.21683723300596755,21492.831887169104,99119.65574001585,99098.1629081287,21.492831887153443,94.21188443744133,Long-short | Random Forest
2025-11-30,2025-12-01,2026-01-05,0.46788623350566744,47040.581692734755,100538.50343122985,100491.46284953711,47.04058169273776,102.55970576534392,Long-short | Random Forest
2025-12-31,2026-01-05,2026-02-02,0.5382014701460056,53634.27645677091,99654.64502023892,99601.01074378216,53.63427645676711,106.62659154523355,Long-short | Random Forest
2026-01-31,2026-02-02,2026-03-02,0.36221370952007736,35477.53084957751,97946.40544275424,97910.92791190467,35.47753084957367,104.65222931516534,Long-short | Random Forest
2026-02-28,2026-03-02,2026-04-01,0.48841955736715303,47289.884275514676,96822.25775403602,96774.96786976053,47.28988427549484,90.24463911704372,Long-short | Random Forest
2026-03-31,2026-04-01,2026-05-06,0.4795166113049037,47038.07883152543,98094.78487829897,98047.74679946745,47.03807883152331,100.02122917682021,Long-short | Random Forest
2026-04-30,2026-05-06,2026-06-01,0.3185634064046343,31462.684537234174,98764.27707855044,98732.8143940132,31.46268453724042,83.3488811822604,Long-short | Random Forest
2026-05-31,2026-06-01,2026-07-01,0.1592275059829381,15569.299100081473,97780.21079944434,97764.64150034427,15.569299100068747,95.74475592657625,Long-short | Random Forest
2026-06-30,2026-07-01,2026-08-03,0.47210151929376004,47363.18674623715,100324.15658625729,100276.79339951105,47.36318674623908,109.20696281308898,Long-short | Random Forest
2026-07-31,2026-08-03,2026-09-01,0.34697322969485694,35363.22723323083,101919.18052101818,101883.81729378496,35.36322723321791,94.6847973163503,Long-short | Random Forest
2026-08-31,2026-09-01,2026-10-08,0.33001811129486686,33982.260311852864,102970.89507760428,102936.91281729244,33.98226031183731,129.1736684807296,Long-short | Random Forest
2024-12-31,2025-01-02,2025-02-05,0.719481972979455,71948.1972979455,100000.0,99928.05180270207,71.94819729792653,99.99739185538746,Long-short | Extra Trees
2025-01-31,2025-02-05,2025-03-03,0.2670253319446548,26252.1193703642,98313.21687414049,98286.96475477013,26.252119370357832,75.89003163548543,Long-short | Extra Trees
2025-02-28,2025-03-03,2025-04-01,0.5191961355046064,51928.29236761968,100016.71587395505,99964.78758158744,51.928292367607355,78.23479843573136,Long-short | Extra Trees
2025-03-31,2025-04-01,2025-05-06,0.5134255657960698,51715.30917544682,100726.01097544079,100674.29566626536,51.715309175429866,88.96528375721904,Long-short | Extra Trees
2025-04-30,2025-05-06,2025-06-03,0.5208139374377433,52430.45451749425,100670.2216446764,100617.79119015893,52.43045451748185,90.98366672318618,Long-short | Extra Trees
2025-05-31,2025-06-03,2025-07-01,0.4212753949991843,42280.500217838446,100363.0896077382,100320.80910752038,42.2805002178211,83.91085330258234,Long-short | Extra Trees
2025-06-30,2025-07-01,2025-08-01,0.44568970065175356,44837.62063150873,100602.77490357196,100557.93728294046,44.83762063150061,110.28371692585348,Long-short | Extra Trees
2025-07-31,2025-08-01,2025-09-01,0.5223688750414284,52794.586030706574,101067.63353103591,101014.8389450052,52.79458603070816,119.31292160615402,Long-short | Extra Trees
2025-08-31,2025-09-01,2025-10-09,0.40998828087673345,40771.02556094968,99444.36819941165,99403.59717385069,40.77102556095633,127.87335966504227,Long-short | Extra Trees
2025-09-30,2025-10-09,2025-11-03,0.26547984399381,26457.82282169874,99660.38258752192,99633.92476470023,26.457822821685113,78.14550423301728,Long-short | Extra Trees
2025-10-31,2025-11-03,2025-12-01,0.4107494532452786,40885.312466782285,99538.32474700255,99497.43943453577,40.885312466780306,100.05740919548313,Long-short | Extra Trees
2025-11-30,2025-12-01,2026-01-05,0.36604340663481094,36814.40670806147,100573.88288048022,100537.06847377217,36.81440670804295,129.51814205678625,Long-short | Extra Trees
2025-12-31,2026-01-05,2026-02-02,0.3445210840353058,34324.324428201486,99629.0967918933,99594.77246746511,34.324324428191176,106.99201468421946,Long-short | Extra Trees
2026-01-31,2026-02-02,2026-03-02,0.2503953350581412,24555.272632829583,98066.01479667306,98041.45952404023,24.555272632831475,104.85151732629127,Long-short | Extra Trees
2026-02-28,2026-03-02,2026-04-01,0.5259422504177728,50944.598836305755,96863.48414838099,96812.53954954469,50.94459883630043,94.93887752230636,Long-short | Extra Trees
2026-03-31,2026-04-01,2026-05-06,0.46288944866860166,45501.47301737392,98298.79066859002,98253.28919557267,45.50147301735706,111.34451077676259,Long-short | Extra Trees
2026-04-30,2026-05-06,2026-06-01,0.1808915805413487,18091.760741792754,100014.3881083359,99996.29634759412,18.09176074177958,84.41549523424808,Long-short | Extra Trees
2026-05-31,2026-06-01,2026-07-01,0.15922750598293814,15768.539125432655,99031.50230288928,99015.73376376386,15.76853912541992,96.96999975261038,Long-short | Extra Trees
2026-06-30,2026-07-01,2026-08-03,0.7205924372906055,73217.95846925273,101608.00291569655,101534.7849572273,73.21795846924942,102.1420975236765,Long-short | Extra Trees
2026-07-31,2026-08-03,2026-09-01,0.7020654640394717,73836.29149912357,105170.09492860103,105096.25863710191,73.83629149911576,97.15995998067498,Long-short | Extra Trees
2026-08-31,2026-09-01,2026-10-08,0.22056262566260196,23579.753396684813,106907.29368063982,106883.71392724314,23.579753396683373,134.1264377467076,Long-short | Extra Trees
2024-12-31,2025-01-02,2025-02-05,0.699510342760068,69951.0342760068,100000.0,99930.04896572401,69.95103427598951,97.44566801341082,Long-short | XGBoost
2025-01-31,2025-02-05,2025-03-03,0.2895210207057867,28372.3941980355,97997.70023216285,97969.32783796481,28.372394198042457,75.76829958526031,Long-short | XGBoost
2025-02-28,2025-03-03,2025-04-01,0.4672783431837406,46360.87017343861,99214.67761070374,99168.31674053031,46.360870173433796,77.61146158665153,Long-short | XGBoost
2025-03-31,2025-04-01,2025-05-06,0.5134255657960697,51303.26672739099,99923.47507636271,99872.17180963533,51.303266727380105,88.25645161648983,Long-short | XGBoost
2025-04-30,2025-05-06,2025-06-03,0.3880757958101007,38756.40412200905,99868.13024787029,99829.3738437483,38.75640412198845,85.62717447742563,Long-short | XGBoost
2025-05-31,2025-06-03,2025-07-01,0.315247631514472,31337.27492505884,99405.26681996736,99373.92954504231,31.33727492505568,83.11885937062395,Long-short | XGBoost
2025-06-30,2025-07-01,2025-08-01,0.4602524912883194,45865.64921454925,99653.23400241476,99607.3683532002,45.86564921455283,98.79280256638287,Long-short | XGBoost
2025-07-31,2025-08-01,2025-09-01,0.28234580307071183,28198.182848697914,99871.08907595785,99842.89089310914,28.198182848704164,123.8418324479937,Long-short | XGBoost
2025-08-31,2025-09-01,2025-10-09,0.3380183426102336,33158.13832858197,98095.67750829535,98062.51936996679,33.158138328566565,121.26239389981923,Long-short | XGBoost
2025-09-30,2025-10-09,2025-11-03,0.4900624568883805,47989.29913256306,97924.86336796328,97876.87406883072,47.98929913256143,72.50002457889644,Long-short | XGBoost
2025-10-31,2025-11-03,2025-12-01,0.21683723300596752,21395.209317973622,98669.44445553227,98648.0492462143,21.395209317968693,93.783964735849,Long-short | XGBoost
2025-11-30,2025-12-01,2026-01-05,0.46788623350566744,46826.9187159152,100081.8476001346,100035.02068141868,46.82691871591669,102.0938694332446,Long-short | XGBoost
2025-12-31,2026-01-05,2026-02-02,0.41598457118088317,41266.50299501451,99202.00376150619,99160.73725851119,41.26650299500034,102.12886996266926,Long-short | XGBoost
2026-01-31,2026-02-02,2026-03-02,0.22815525923875332,22346.320336895682,97943.48116916012,97921.13484882322,22.346320336902863,102.48973965422793,Long-short | XGBoost
2026-02-28,2026-03-02,2026-04-01,0.1805030338423591,17487.33905666155,96881.13647958946,96863.6491405328,17.487339056664496,97.65889871062207,Long-short | XGBoost
2026-03-31,2026-04-01,2026-05-06,0.37186587756237627,37054.70388424104,99645.34559379016,99608.29088990594,37.054703884219634,101.61318353788798,Long-short | XGBoost
2026-04-30,2026-05-06,2026-06-01,0.3185634064046344,31963.449807488996,100336.22558295196,100304.26213314448,31.963449807473808,84.67547570604549,Long-short | XGBoost
2026-05-31,2026-06-01,2026-07-01,0.15922750598293806,15817.102629443489,99336.49674283262,99320.67964020319,15.817102629429428,97.2686452348873,Long-short | XGBoost
2026-06-30,2026-07-01,2026-08-03,0.7205924372906055,73443.45308175315,101920.93238987791,101847.48893679617,73.44345308173797,102.45667188743391,Long-short | XGBoost
2026-07-31,2026-08-03,2026-09-01,0.23787706858528432,25094.602244400874,105493.99483373863,105468.90023149425,25.09460224438226,81.40528204763395,Long-short | XGBoost
2026-08-31,2026-09-01,2026-10-08,0.2259917691047502,24119.829995777047,106728.79853689355,106704.67870689777,24.119829995775945,111.07475465336456,Long-short | XGBoost
2024-12-31,2025-01-02,2025-02-05,0.699510342760068,69951.0342760068,100000.0,99930.04896572401,69.95103427598951,97.70308439088903,Long-short | MLP
2025-01-31,2025-02-05,2025-03-03,0.48685978036146255,47723.743085729475,98023.58915394,97975.86541085428,47.72374308572034,75.77335566548643,Long-short | MLP
2025-02-28,2025-03-03,2025-04-01,0.5448367565695733,54059.41034120006,99221.29828679595,99167.23887645476,54.05941034118587,77.54436553040308,Long-short | MLP
2025-03-31,2025-04-01,2025-05-06,0.33871908046356203,33942.1552178955,100207.39065376288,100173.44849854498,33.94215521789738,77.55241244887198,Long-short | MLP
2025-04-30,2025-05-06,2025-06-03,0.5817349382280594,58067.75064597593,99818.22790779576,99760.1601571498,58.067750645961496,85.56780745757563,Long-short | MLP
2025-05-31,2025-06-03,2025-07-01,0.31524763151447194,31315.548170277136,99336.34717518742,99305.03162701716,31.31554817025608,83.06123141543006,Long-short | MLP
2025-06-30,2025-07-01,2025-08-01,0.44568970065175345,44383.62663243701,99584.14243706485,99539.75881043242,44.38362663242151,109.1670620950555,Long-short | MLP
2025-07-31,2025-08-01,2025-09-01,0.4823969647402843,48261.06387865018,100044.29423521197,99996.03317133331,48.261063878657296,118.37960937023189,Long-short | MLP
2025-08-31,2025-09-01,2025-10-09,0.2796388250070017,27447.12958730431,98152.07021634809,98124.62308676078,27.447129587308154,105.12248853473383,Long-short | MLP
2025-09-30,2025-10-09,2025-11-03,0.3508751620645535,34062.04415337559,97077.38773230379,97043.32568815042,34.06204415336833,71.88259294694095,Long-short | MLP
2025-10-31,2025-11-03,2025-12-01,0.3700816444539853,36204.77134239562,97829.14631124647,97792.94153990407,36.20477134239627,81.80712457923178,Long-short | MLP
2025-11-30,2025-12-01,2026-01-05,0.29806034105625295,29603.615802110406,99320.88146045338,99291.27784465128,29.603615802101558,101.33481941704417,Long-short | MLP
2025-12-31,2026-01-05,2026-02-02,0.4159845711808831,40959.69378168184,98464.45425946167,98423.49456567998,40.95969378168229,101.36955972367016,Long-short | MLP
2026-01-31,2026-02-02,2026-03-02,0.377137480804925,36663.52902395766,97215.28856189696,97178.62503287301,36.663529023950105,94.92785087226751,Long-short | MLP
2026-02-28,2026-03-02,2026-04-01,0.23662159435209057,22845.90704372795,96550.38926723429,96527.54336019058,22.845907043709303,92.83647560173347,Long-short | MLP
2026-03-31,2026-04-01,2026-05-06,0.3509539876185074,34731.78014093468,98963.91369312117,98929.18191298025,34.73178014092264,112.1104591187822,Long-short | MLP
2026-04-30,2026-05-06,2026-06-01,0.1808915805413487,18216.215499802107,100702.39557466962,100684.17935916982,18.21621549979318,84.9961965922618,Long-short | MLP
2026-05-31,2026-06-01,2026-07-01,0.15922750598293814,15877.012244717465,99712.74841432706,99696.87140208235,15.8770122447022,97.63706461299736,Long-short | MLP
2026-06-30,2026-07-01,2026-08-03,0.7205924372906055,73721.63102126587,102306.97299357709,102233.25136255583,73.72163102125342,102.8447416837063,Long-short | MLP
2026-07-31,2026-08-03,2026-09-01,0.23787706858528435,25189.651761441808,105893.56893983559,105868.37928807415,25.189651761436835,81.71361659176624,Long-short | MLP
2026-08-31,2026-09-01,2026-10-08,0.15907349996092743,17042.029168457728,107133.04964462145,107116.00761545301,17.04202916844224,111.70151651315288,Long-short | MLP
2024-12-31,2025-01-02,2025-02-05,0.719481972979455,71948.1972979455,100000.0,99928.05180270207,71.94819729792653,99.99739185538746,Long-short | LSTM
2025-01-31,2025-02-05,2025-03-03,0.5727839448141824,56312.232188542424,98313.21687414049,98256.90464195196,56.3122321885312,69.23604617580779,Long-short | LSTM
2025-02-28,2025-03-03,2025-04-01,0.13341306921465798,13209.688941593173,99013.45512364418,99000.24543470258,13.20968894159887,77.47992502210344,Long-short | LSTM
2025-03-31,2025-04-01,2025-05-06,0.5596826175291993,55830.6491858689,99754.12392177097,99698.29327258511,55.83064918585296,94.09668395227251,Long-short | LSTM
2025-04-30,2025-05-06,2025-06-03,0.26118814151354786,26040.188935052312,99698.97095692456,99672.93076798951,26.0401889350469,85.49298773430583,Long-short | LSTM
2025-05-31,2025-06-03,2025-07-01,0.31524763151447194,31288.16613586771,99249.4883642968,99218.20019816095,31.288166135855136,82.9886034197667,Long-short | LSTM
2025-06-30,2025-07-01,2025-08-01,0.4602524912883194,45793.772942480995,99497.06695622003,99451.27318327758,45.79377294245933,98.63798390629088,Long-short | LSTM
2025-07-31,2025-08-01,2025-09-01,0.43444204396946534,43320.206221614535,99714.58062806482,99671.26042184321,43.32020622161508,117.99512940638313,Long-short | LSTM
2025-08-31,2025-09-01,2025-10-09,0.2796388250070017,27357.985253684525,97833.28639361693,97805.92840836325,27.357985253678635,104.781065794732,Long-short | LSTM
2025-09-30,2025-10-09,2025-11-03,0.5680692468156401,54967.570042872205,96762.09432388311,96707.12675384025,54.96757004286337,72.48775302056141,Long-short | LSTM
2025-10-31,2025-11-03,2025-12-01,0.3780867027822528,36337.3014019584,96108.38237515518,96072.04507375322,36.33730140195985,96.61273677817715,Long-short | LSTM
2025-11-30,2025-12-01,2026-01-05,0.5516726203480612,53573.716967960005,97111.42984431471,97057.85612734675,53.573716967963264,116.0495849616351,Long-short | LSTM
2025-12-31,2026-01-05,2026-02-02,0.21741594859446947,20973.23193521273,96465.93118305507,96444.95795111987,20.97323193520424,90.41856271861516,Long-short | LSTM
2026-01-31,2026-02-02,2026-03-02,0.391689716643402,37497.33915996923,95732.25327768092,95694.75593852098,37.49733915994875,102.28347086800743,Long-short | LSTM
2026-02-28,2026-03-02,2026-04-01,0.3780896392155504,35778.897567765045,94630.72736401368,94594.94846644593,35.77889756775403,95.96704681951388,Long-short | LSTM
2026-03-31,2026-04-01,2026-05-06,0.2692068404662384,26112.982329491308,96999.69838903917,96973.5854067097,26.112982329475926,109.89429986294276,Long-short | LSTM
2026-04-30,2026-05-06,2026-06-01,0.3139959791079661,30995.09159162164,98711.74681814673,98680.75172655511,30.995091591612436,79.21187381533323,Long-short | LSTM
2026-05-31,2026-06-01,2026-07-01,0.6287797735869473,61214.56216578356,97354.53450828734,97293.31994612157,61.214562165769166,97.4171916825612,Long-short | LSTM
2026-06-30,2026-07-01,2026-08-03,0.49058459202291727,49800.13255504942,101511.81542351222,101462.01529095718,49.80013255504309,121.47439457324808,Long-short | LSTM
2026-07-31,2026-08-03,2026-09-01,0.38880849008156176,39008.6112846096,100328.59950261534,100289.59089133074,39.00861128460383,92.71626567722565,Long-short | LSTM
2026-08-31,2026-09-01,2026-10-08,0.22056262566260196,22501.313102283402,102017.79669010654,101995.29537700425,22.501313102286076,127.99204980052542,Long-short | LSTM
2024-12-31,2025-01-02,2025-02-05,0.719481972979455,71948.1972979455,100000.0,99928.05180270207,71.94819729792653,99.99739185538746,Long-short | CNN
2025-01-31,2025-02-05,2025-03-03,0.2670253319446548,26252.1193703642,98313.21687414049,98286.96475477013,26.252119370357832,75.89003163548543,Long-short | CNN
2025-02-28,2025-03-03,2025-04-01,0.48817622037398156,48825.78232956578,100016.71587395505,99967.89009162548,48.825782329571666,78.17043913288492,Long-short | CNN
2025-03-31,2025-04-01,2025-05-06,0.23779654180964066,24021.360048319508,101016.43979141182,100992.4184313635,24.02136004831118,95.88571218794978,Long-short | CNN
2025-04-30,2025-05-06,2025-06-03,0.18701073883029598,18822.468100452534,100649.12966058648,100630.30719248604,18.8224681004358,90.99498432190273,Long-short | CNN
2025-05-31,2025-06-03,2025-07-01,0.42127539499918426,42285.759554510994,100375.57392734241,100333.28816778792,42.28575955449196,83.9212911031222,Long-short | CNN
2025-06-30,2025-07-01,2025-08-01,0.5250341587392148,52826.46363636928,100615.28903800002,100562.46257436366,52.82646363636013,109.5735262292184,Long-short | CNN
2025-07-31,2025-08-01,2025-09-01,0.256754765335187,26081.753821310387,101582.35539372094,101556.27363989962,26.081753821315942,125.14428776133542,Long-short | CNN
2025-08-31,2025-09-01,2025-10-09,0.19698194560960464,19828.323704768303,100660.61457259509,100640.78624889033,19.828323704758077,125.79082255520782,Long-short | CNN
2025-09-30,2025-10-09,2025-11-03,0.33054963254862696,33271.695194496744,100655.6713978563,100622.39970266182,33.27169519448944,78.92079109069286,Long-short | CNN
2025-10-31,2025-11-03,2025-12-01,0.2601609522711939,26152.90118404928,100525.8512306923,100499.69832950825,26.15290118404664,100.51841385138657,Long-short | CNN
2025-11-30,2025-12-01,2026-01-05,0.41600445201373293,42336.66868165865,101769.74904167866,101727.412372997,42.33666868165892,131.05161754574434,Long-short | CNN
2025-12-31,2026-01-05,2026-02-02,0.42445036053927077,42788.285003512116,100808.69044179615,100765.90215679264,42.78828500350937,103.78208152298528,Long-short | CNN
2026-01-31,2026-02-02,2026-03-02,0.22815525923875343,22708.051501893253,99528.94172880046,99506.23367729859,22.70805150187516,104.14879279436437,Long-short | CNN
2026-02-28,2026-03-02,2026-04-01,0.582955574980196,57391.62677559593,98449.40032959737,98392.00870282177,57.391626775599434,96.48777841046552,Long-short | CNN
2026-03-31,2026-04-01,2026-05-06,0.3429257284832341,34259.140191841725,99902.5075877813,99868.24844758946,34.25914019184711,118.58379206262452,Long-short | CNN
2026-04-30,2026-05-06,2026-06-01,0.35327900340997076,36143.72260730194,102309.28602727664,102273.14230466934,36.14372260730306,90.39450232373437,Long-short | CNN
2026-05-31,2026-06-01,2026-07-01,0.37689610358310244,38341.23000067979,101728.91053044773,101690.56930044707,38.34123000066029,101.82003951901665,Long-short | CNN
2026-06-30,2026-07-01,2026-08-03,0.49058459202291715,52050.88934744053,106099.72305247007,106047.67216312262,52.05088934744708,126.96452692149246,Long-short | CNN
2026-07-31,2026-08-03,2026-09-01,0.38880849008156165,40771.636648317726,104863.0307423712,104822.25910572289,40.77163664830732,96.90665140576716,Long-short | CNN
2026-08-31,2026-09-01,2026-10-08,0.22056262566260196,23518.27793157778,106628.57254680153,106605.05426886995,23.518277931580087,133.77675278584678,Long-short | CNN
2024-12-31,2025-01-02,2025-02-05,0.719481972979455,71948.1972979455,100000.0,99928.05180270207,71.94819729792653,100.35734969507003,Long-short | Prophet
2025-01-31,2025-02-05,2025-03-03,0.20914703516793157,20570.045022656854,98352.07563970695,98331.5055946843,20.57004502264317,69.28861321958917,Long-short | Prophet
2025-02-28,2025-03-03,2025-04-01,0.13341306921465793,13219.718316973267,99088.63048269361,99075.41076437663,13.219718316977378,77.53875118038046,Long-short | Prophet
2025-03-31,2025-04-01,2025-05-06,0.08956889125090792,8941.650019847048,99829.86162906655,99820.91997904671,8.9416500198422,80.33482475115319,Long-short | Prophet
2025-04-30,2025-05-06,2025-06-03,0.19989810634911534,19848.718965894357,99294.18206308185,99274.33334411596,19.84871896589175,82.90305553934236,Long-short | Prophet
2025-05-31,2025-06-03,2025-07-01,0.13378004959176523,13276.131083916234,99238.49725298234,99225.22112189844,13.27613108389778,78.1889228970528,Long-short | Prophet
2025-06-30,2025-07-01,2025-08-01,0.507722354097518,50609.07684324814,99678.64608444576,99628.03700760251,50.60907684324775,100.48584973931514,Long-short | Prophet
2025-07-31,2025-08-01,2025-09-01,0.20022701609742355,20051.516435761037,100143.9107797754,100123.85926333963,20.051516435763915,118.26054761811926,Long-short | Prophet
2025-08-31,2025-09-01,2025-10-09,0.23487564374225242,23151.04406844702,98567.24051750758,98544.08947343915,23.151044068436022,111.06533279967078,Long-short | Prophet
2025-09-30,2025-10-09,2025-11-03,0.25580786351879947,24988.79255542811,97685.78733933903,97660.79854678363,24.98879255540669,60.428713248040864,Long-short | Prophet
2025-10-31,2025-11-03,2025-12-01,0.4057642352985089,40458.64319009992,99709.732082069,99669.27343887891,40.45864319008251,94.75483495988367,Long-short | Prophet
2025-11-30,2025-12-01,2026-01-05,0.3954575040681242,39987.83818678941,101117.91475804399,101077.92691985721,39.98783818677475,103.01263736845368,Long-short | Prophet
2025-12-31,2026-01-05,2026-02-02,0.1810306881382697,18166.989870740457,100353.09514409328,100334.92815422255,18.166989870733232,94.06546684149367,Long-short | Prophet
2026-01-31,2026-02-02,2026-03-02,0.3053466703419854,30410.536758122616,99593.47755147649,99563.06701471837,30.410536758121452,99.60650211032518,Long-short | Prophet
2026-02-28,2026-03-02,2026-04-01,0.17945398650352676,17743.062246863734,98872.4886672553,98854.74560500844,17.743062246852787,95.0746891405899,Long-short | Prophet
2026-03-31,2026-04-01,2026-05-06,0.295295478705817,29928.153915791816,101349.8548875759,101319.9267336601,29.92815391579643,103.3592707921473,Long-short | Prophet
2026-04-30,2026-05-06,2026-06-01,0.25050640117830386,25566.77599541172,102060.37001511175,102034.80323911636,25.566775995393982,81.90419932496587,Long-short | Prophet
2026-05-31,2026-06-01,2026-07-01,0.19367332507066676,19495.836566933354,100663.50933883018,100644.01350226326,19.495836566915386,93.62803781005226,Long-short | Prophet
2026-06-30,2026-07-01,2026-08-03,0.564586659829048,56509.49216303626,100090.02370007617,100033.51420791313,56.509492163037066,97.15447462582407,Long-short | Prophet
2026-07-31,2026-08-03,2026-09-01,0.3747941305032144,39025.978846278216,104126.44081133365,104087.41483248738,39.025978846271755,89.84597258371461,Long-short | Prophet
2026-08-31,2026-09-01,2026-10-08,0.12426633563693264,13049.975474272012,105016.17680592078,105003.1268304465,13.049975474277744,122.82289127658623,Long-short | Prophet
2024-12-31,2025-01-02,2025-02-05,0.719481972979455,71948.1972979455,100000.0,99928.05180270207,71.94819729792653,99.99739185538746,Long-short | Historical mean
2025-01-31,2025-02-05,2025-03-03,0.2670253319446548,26252.1193703642,98313.21687414049,98286.96475477013,26.252119370357832,75.89003163548543,Long-short | Historical mean
2025-02-28,2025-03-03,2025-04-01,0.32175675988742847,32181.05443418531,100016.71587395505,99984.53481952086,32.18105443418608,80.74603543410781,Long-short | Historical mean
2025-03-31,2025-04-01,2025-05-06,0.21221592068432402,21370.04780183234,100699.5504056492,100678.18035784739,21.370047801814508,95.02151548493218,Long-short | Historical mean
2025-04-30,2025-05-06,2025-06-03,0.2611881415135479,26296.125561424473,100678.86470282375,100652.56857726234,26.29612556140637,86.3332576307251,Long-short | Historical mean
2025-05-31,2025-06-03,2025-07-01,0.31524763151447194,31595.68263300827,100224.9643596698,100193.36867703681,31.595682632992975,83.80425891441641,Long-short | Historical mean
2025-06-30,2025-07-01,2025-08-01,0.4456897006517535,44780.66210290461,100474.97628376803,100430.19562166513,44.78066210290126,110.14362032490504,Long-short | Historical mean
2025-07-31,2025-08-01,2025-09-01,0.26400383166478164,26648.347283739888,100939.2443878488,100912.59604056505,26.648347283742623,127.7481334340998,Long-short | Historical mean
2025-08-31,2025-09-01,2025-10-09,0.3126131092044461,31100.66300655154,99486.11267677833,99455.01201377177,31.100663006553077,122.98432591380946,Long-short | Historical mean
2025-09-30,2025-10-09,2025-11-03,0.38778955652386504,38513.475422124495,99315.40128970526,99276.88781428314,38.5134754221217,74.41394203396669,Long-short | Historical mean
2025-10-31,2025-11-03,2025-12-01,0.3780867027822528,37302.8784521588,98662.2332328948,98624.93035444265,37.302878452144796,99.17998965031893,Long-short | Historical mean
2025-11-30,2025-12-01,2026-01-05,0.366043406634811,36491.5752431155,99691.93429434422,99655.44271910112,36.49157524309703,128.38237659765915,Long-short | Historical mean
2025-12-31,2026-01-05,2026-02-02,0.24176427610144982,23875.5358155927,98755.43318721736,98731.55765140179,23.87553581557586,105.69580962789472,Long-short | Historical mean
2026-01-31,2026-02-02,2026-03-02,0.3622137095200774,35167.83470616653,97091.39599592431,97056.22816121814,35.16783470616792,103.73868231676553,Long-short | Historical mean
2026-02-28,2026-03-02,2026-04-01,0.42260378927536413,40560.2698299809,95977.06139722344,95936.50112739348,40.560269829962635,94.07979351467233,Long-short | Historical mean
2026-03-31,2026-04-01,2026-05-06,0.34292572848323405,33404.15634327725,97409.30344020663,97375.89928386334,33.40415634328383,115.62437082941986,Long-short | Historical mean
2026-04-30,2026-05-06,2026-06-01,0.35327900340997076,35241.70641882805,99756.01742153637,99720.77571511755,35.241706418819376,88.13858349293368,Long-short | Historical mean
2026-05-31,2026-06-01,2026-07-01,0.18081366786975298,17934.930496991823,99190.12599153203,99172.19106103503,17.93493049699464,99.46977041051598,Long-short | Historical mean
2026-06-30,2026-07-01,2026-08-03,0.6526712175712027,67475.65624538806,103383.83925751537,103316.36360126999,67.47565624538402,123.69449475238622,Long-short | Historical mean
2026-07-31,2026-08-03,2026-09-01,0.38880849008156176,39721.543628953754,102162.23318740088,102122.51164377193,39.72154362895526,94.41077420935018,Long-short | Historical mean
2026-08-31,2026-09-01,2026-10-08,0.37741975505678,39207.233208626894,103882.30261748873,103843.09538428011,39.20723320862453,130.86570962560228,Long-short | Historical mean
2024-12-31,2025-01-02,2025-02-05,0.7594228386426317,75942.28386426317,100000.0,99924.05771613575,75.94228386424948,105.42015621452461,Long-short | Last observed
2025-01-31,2025-02-05,2025-03-03,0.54105309568098,53555.118008829035,98983.10985805102,98929.5547400422,53.55511800882232,72.03812969959988,Long-short | Last observed
2025-02-28,2025-03-03,2025-04-01,0.44180175487714374,43974.404410420204,99534.24567688421,99490.2712724738,43.974404410415445,77.7969624815622,Long-short | Last observed
2025-03-31,2025-04-01,2025-05-06,0.2377965418096406,23906.592660409442,100533.81129296236,100509.90470030197,23.90659266039438,95.4275968812573,Long-short | Last observed
2025-04-30,2025-05-06,2025-06-03,0.26706730386350325,26751.66608077511,100168.25606794516,100141.5044018644,26.751666080759605,88.1843107090031,Long-short | Last observed
2025-05-31,2025-06-03,2025-07-01,0.4997175777406758,49981.44358609451,100019.38257219351,99969.40112860742,49.98144358608988,83.61692681185477,Long-short | Last observed
2025-06-30,2025-07-01,2025-08-01,0.7043811283184189,70614.4752454822,100250.37924292682,100179.76476768134,70.61447524548566,101.04232796032093,Long-short | Last observed
2025-07-31,2025-08-01,2025-09-01,0.28560685379093326,28760.18044841043,100698.49538506921,100669.73520462081,28.760180448400206,119.17716684329544,Long-short | Last observed
2025-08-31,2025-09-01,2025-10-09,0.3544916804323129,35028.510115205354,98813.34894090341,98778.32043078821,35.028510115196696,123.46292830902583,Long-short | Last observed
2025-09-30,2025-10-09,2025-11-03,0.33054963254862707,32655.96674761425,98792.93011408881,98760.2741473412,32.655966747610364,77.46027710602975,Long-short | Last observed
2025-10-31,2025-11-03,2025-12-01,0.26016095227119396,25668.91366452579,98665.5124085197,98639.84349485519,25.668913664514548,98.65821266590434,Long-short | Last observed
2025-11-30,2025-12-01,2026-01-05,0.5484295298646717,54780.64621185357,99886.39055481025,99831.60990859839,54.780646211860585,101.7424648764047,Long-short | Last observed
2025-12-31,2026-01-05,2026-02-02,0.1810306881382697,17942.986181614317,99115.71549631197,99097.77251013037,17.942986181602464,92.90561527875329,Long-short | Last observed
2026-01-31,2026-02-02,2026-03-02,0.30383860592667045,29887.225509391883,98365.46418530165,98335.57695979226,29.887225509388372,102.92351796082687,Long-short | Last observed
2026-02-28,2026-03-02,2026-04-01,0.3295268148042531,32060.051630446116,97291.17689402777,97259.11684239734,32.06005163042573,93.54007481670916,Long-short | Last observed
2026-03-31,2026-04-01,2026-05-06,0.3458730855806714,34488.37232450127,99713.9522047523,99679.4638324278,34.48837232450023,95.97683684382893,Long-short | Last observed
2026-04-30,2026-05-06,2026-06-01,0.37181808808836997,37350.52774090734,100453.76741335468,100416.41688561378,37.35052774089854,84.77015520237063,Long-short | Last observed
2026-05-31,2026-06-01,2026-07-01,0.5046418368981784,50185.40409346787,99447.56939285193,99397.38398875846,50.185404093470424,99.5239345737222,Long-short | Last observed
2026-06-30,2026-07-01,2026-08-03,0.4905845920229173,50877.10955907865,103707.10859321477,103656.23148365569,50.877109559078235,124.10139821403445,Long-short | Last observed
2026-07-31,2026-08-03,2026-09-01,0.38880849008156176,39852.21099322884,102498.30446055562,102458.4522495624,39.85221099322371,94.72134640514254,Long-short | Last observed
2026-08-31,2026-09-01,2026-10-08,0.6721215503806601,70051.21811184152,104224.0322039482,104153.98098583636,70.05121811183926,108.61268904612923,Long-short | Last observed
2024-12-31,2025-01-02,2025-02-05,0.6462487591357587,64624.875913575874,100000.0,99935.37512408642,64.62487591357785,90.53423987713018,Ranked long-short | Equal factors
2025-01-31,2025-02-05,2025-03-03,0.15670802487089064,15426.404116541768,98440.42211144802,98424.99570733149,15.426404116529739,64.09591028584173,Ranked long-short | Equal factors
2025-02-28,2025-03-03,2025-04-01,0.12626435375183262,12522.709832158347,99178.50493870358,99165.98222887143,12.522709832148394,69.83095886911755,Ranked long-short | Equal factors
2025-03-31,2025-04-01,2025-05-06,0.14745424140342694,14750.236451657196,100032.6359640028,100017.88572755115,14.750236451640376,80.8455552631032,Ranked long-short | Equal factors
2025-04-30,2025-05-06,2025-06-03,0.14940375635172393,14955.470620340982,100101.0348436826,100086.07937306227,14.955470620334381,68.4785664539147,Ranked long-short | Equal factors
2025-05-31,2025-06-03,2025-07-01,0.1772652513546517,17707.811927843377,99894.43386406085,99876.72605213302,17.707811927830335,69.26535634394054,Ranked long-short | Equal factors
2025-06-30,2025-07-01,2025-08-01,0.2830172881685721,28402.934339067568,100357.59484116772,100329.19190682867,28.402934339057538,79.64356691797265,Ranked long-short | Equal factors
2025-07-31,2025-08-01,2025-09-01,0.17757998407691175,17914.43586155389,100880.94080352526,100863.0263676637,17.91443586155947,89.45998295341717,Ranked long-short | Equal factors
2025-08-31,2025-09-01,2025-10-09,0.17995890641673534,18063.008860191992,100372.96413861857,100354.9011297584,18.063008860175614,104.20329452911238,Ranked long-short | Equal factors
2025-09-30,2025-10-09,2025-11-03,0.16988076297001176,16752.494783072503,98613.25373273571,98596.50123795265,16.75249478306796,64.63122447242131,Ranked long-short | Equal factors
2025-10-31,2025-11-03,2025-12-01,0.1898772621657232,18828.024755369894,99158.92266730157,99140.0946425462,18.828024755363003,71.68374990147217,Ranked long-short | Equal factors
2025-11-30,2025-12-01,2026-01-05,0.2525162200305929,25383.481907886206,100522.18390094285,100496.80041903496,25.38348190789111,106.88950062241153,Ranked long-short | Equal factors
2025-12-31,2026-01-05,2026-02-02,0.14230048236202605,14157.291022373005,99488.70718762217,99474.54989659981,14.157291022362188,87.82943185718322,Ranked long-short | Equal factors
2026-01-31,2026-02-02,2026-03-02,0.1462906599177454,14457.440054133807,98826.81547996822,98812.3580399141,14.457440054116887,82.25573941652317,Ranked long-short | Equal factors
2026-02-28,2026-03-02,2026-04-01,0.1378888559625738,13564.942500715688,98375.91592171541,98362.35097921471,13.564942500699544,81.46860989116826,Ranked long-short | Equal factors
2026-03-31,2026-04-01,2026-05-06,0.13509392998707687,13525.142069289912,100116.57866925429,100103.053527185,13.525142069294816,92.50304035638786,Ranked long-short | Equal factors
2026-04-30,2026-05-06,2026-06-01,0.14966290532998053,15111.24711854734,100968.55386596755,100953.44261884902,15.111247118533356,72.17256320970009,Ranked long-short | Equal factors
2026-05-31,2026-06-01,2026-07-01,0.13334310031115698,13298.216239534728,99729.31639134874,99716.0181751092,13.298216239534668,81.74497012181332,Ranked long-short | Equal factors
2026-06-30,2026-07-01,2026-08-03,0.27792193882145144,27822.839255612038,100110.26611859736,100082.44327934177,27.822839255590225,90.23391548464846,Ranked long-short | Equal factors
2026-07-31,2026-08-03,2026-09-01,0.13236901839277235,13501.283616942672,101997.30859135745,101983.8073077405,13.501283616948058,72.50289079641156,Ranked long-short | Equal factors
2026-08-31,2026-09-01,2026-10-08,0.1669769106989895,17232.414018311232,103202.3765811324,103185.14416711411,17.23241401829,107.16398320558348,Ranked long-short | Equal factors
2024-12-31,2025-01-02,2025-02-05,0.6855297266075472,68552.97266075472,100000.0,99931.44702733925,68.55297266074922,96.15203835893318,Ranked long-short | Ridge
2025-01-31,2025-02-05,2025-03-03,0.39498871973788,38798.44665343013,98226.72070021978,98187.92225356636,38.798446653425344,72.68523284178202,Ranked long-short | Ridge
2025-02-28,2025-03-03,2025-04-01,0.35787668444149734,35331.77753061437,98726.12289831949,98690.79112078887,35.33177753062046,74.33318462035383,Ranked long-short | Ridge
2025-03-31,2025-04-01,2025-05-06,0.10102628588657375,10059.441325558368,99572.5145914253,99562.45515009973,10.059441325560329,83.67130755397298,Ranked long-short | Ridge
2025-04-30,2025-05-06,2025-06-03,0.137104129873364,13648.923717262414,99551.51409274993,99537.86516903268,13.64892371725,65.3631416651802,Ranked long-short | Ridge
2025-05-31,2025-06-03,2025-07-01,0.4267699786191473,42399.70202430689,99350.2452105346,99307.8455085103,42.39970202429686,76.84102419548259,Ranked long-short | Ridge
2025-06-30,2025-07-01,2025-08-01,0.2859430017579243,28531.84036698455,99781.56552731177,99753.03368694481,28.531840366966208,80.77903623181908,Ranked long-short | Ridge
2025-07-31,2025-08-01,2025-09-01,0.34285997124447837,34290.27257018626,100012.46994720002,99978.17967462985,34.29027257017151,82.04064819411653,Ranked long-short | Ridge
2025-08-31,2025-09-01,2025-10-09,0.3770742983238748,37281.65085865112,98870.83533502818,98833.55368416954,37.281650858640205,99.1425763785658,Ranked long-short | Ridge
2025-09-30,2025-10-09,2025-11-03,0.3559065818909452,34530.68347768355,97021.76142464328,96987.23074116561,34.53068347767112,71.15960164231127,Ranked long-short | Ridge
2025-10-31,2025-11-03,2025-12-01,0.2103247145642298,20510.925035875287,97520.27990800662,97499.76898297074,20.510925035880064,71.20671770119839,Ranked long-short | Ridge
2025-11-30,2025-12-01,2026-01-05,0.17283218323775867,17119.307282486163,99051.61736535945,99034.49805807698,17.11930728246807,97.85746420661222,Ranked long-short | Ridge
2025-12-31,2026-01-05,2026-02-02,0.3243631061580083,31849.9866552844,98192.38393829287,98160.5339516376,31.849986655273824,94.67057345416086,Ranked long-short | Ridge
2026-01-31,2026-02-02,2026-03-02,0.16863477812926325,16430.312832815605,97431.34254442647,97414.91223159365,16.430312832817435,87.88609575749891,Ranked long-short | Ridge
2026-02-28,2026-03-02,2026-04-01,0.08492294310568116,8231.959687341585,96934.46065685028,96926.22869716294,8.231959687342169,85.83964577583768,Ranked long-short | Ridge
2026-03-31,2026-04-01,2026-05-06,0.21938618276933283,21733.736340325115,99066.11285167588,99044.37911533556,21.73373634032032,89.05385175190754,Ranked long-short | Ridge
2026-04-30,2026-05-06,2026-06-01,0.24366486681659497,24128.984577369087,99025.29196189299,99001.16297731563,24.128984577357187,76.23548260981951,Ranked long-short | Ridge
2026-05-31,2026-06-01,2026-07-01,0.0926217948503705,9024.796229445335,97437.06914797748,97428.04435174805,9.024796229437925,87.19244774162358,Ranked long-short | Ridge
2026-06-30,2026-07-01,2026-08-03,0.3816052036404786,37340.4731368475,97851.05858259481,97813.71810945796,37.34047313685005,80.11695015249312,Ranked long-short | Ridge
2026-07-31,2026-08-03,2026-09-01,0.23056913137083118,23569.59059831699,102223.5303493828,102199.9607587845,23.569590598301147,83.51131916924729,Ranked long-short | Ridge
2026-08-31,2026-09-01,2026-10-08,0.28340606351587205,29166.16210734124,102912.97845046918,102883.81228836183,29.166162107343553,100.20692664669464,Ranked long-short | Ridge
2024-12-31,2025-01-02,2025-02-05,0.6855297266075472,68552.97266075472,100000.0,99931.44702733925,68.55297266074922,96.15203835893318,Ranked long-short | Elastic Net
2025-01-31,2025-02-05,2025-03-03,0.39498871973788,38798.44665343013,98226.72070021978,98187.92225356636,38.798446653425344,72.68523284178202,Ranked long-short | Elastic Net
2025-02-28,2025-03-03,2025-04-01,0.35787668444149734,35331.77753061437,98726.12289831949,98690.79112078887,35.33177753062046,74.33318462035383,Ranked long-short | Elastic Net
2025-03-31,2025-04-01,2025-05-06,0.10102628588657375,10059.441325558368,99572.5145914253,99562.45515009973,10.059441325560329,83.67130755397298,Ranked long-short | Elastic Net
2025-04-30,2025-05-06,2025-06-03,0.137104129873364,13648.923717262414,99551.51409274993,99537.86516903268,13.64892371725,65.3631416651802,Ranked long-short | Elastic Net
2025-05-31,2025-06-03,2025-07-01,0.4267699786191473,42399.70202430689,99350.2452105346,99307.8455085103,42.39970202429686,76.84102419548259,Ranked long-short | Elastic Net
2025-06-30,2025-07-01,2025-08-01,0.2859430017579243,28531.84036698455,99781.56552731177,99753.03368694481,28.531840366966208,80.77903623181908,Ranked long-short | Elastic Net
2025-07-31,2025-08-01,2025-09-01,0.34285997124447837,34290.27257018626,100012.46994720002,99978.17967462985,34.29027257017151,82.04064819411653,Ranked long-short | Elastic Net
2025-08-31,2025-09-01,2025-10-09,0.3770742983238748,37281.65085865112,98870.83533502818,98833.55368416954,37.281650858640205,99.1425763785658,Ranked long-short | Elastic Net
2025-09-30,2025-10-09,2025-11-03,0.3559065818909452,34530.68347768355,97021.76142464328,96987.23074116561,34.53068347767112,71.15960164231127,Ranked long-short | Elastic Net
2025-10-31,2025-11-03,2025-12-01,0.23549423042162418,22965.463267437397,97520.27990800662,97497.3144447392,22.965463267421,64.15583990838334,Ranked long-short | Elastic Net
2025-11-30,2025-12-01,2026-01-05,0.23325691854053357,23066.588383019684,98889.19277226648,98866.12618388346,23.066588383022463,97.69109344717616,Ranked long-short | Elastic Net
2025-12-31,2026-01-05,2026-02-02,0.22005150886040337,21570.646808426656,98025.44377057954,98003.87312377113,21.570646808409947,91.13986547575543,Ranked long-short | Elastic Net
2026-01-31,2026-02-02,2026-03-02,0.09184248382926267,8949.980507341157,97449.24281424466,97440.29283373733,8.949980507328291,87.9089937099713,Ranked long-short | Elastic Net
2026-02-28,2026-03-02,2026-04-01,0.08492294310568121,8234.104452335992,96959.71608154432,96951.48197709199,8.234104452334577,85.8620105436918,Ranked long-short | Elastic Net
2026-03-31,2026-04-01,2026-05-06,0.21938618276933283,21739.398874967013,99091.92365967855,99070.1842608036,21.739398874953622,89.07705395297613,Ranked long-short | Elastic Net
2026-04-30,2026-05-06,2026-06-01,0.2436648668165949,24135.271172959627,99051.09213437037,99026.95686319741,24.13527117295598,76.25534509708172,Ranked long-short | Elastic Net
2026-05-31,2026-06-01,2026-07-01,0.09262179485037048,9027.147561056478,97462.45552291162,97453.42837535057,9.027147561049787,87.21516497018098,Ranked long-short | Elastic Net
2026-06-30,2026-07-01,2026-08-03,0.403850675218276,39527.51194392986,97876.55281885008,97837.02530690614,39.52751194393204,78.41672486189802,Ranked long-short | Elastic Net
2026-07-31,2026-08-03,2026-09-01,0.2316240558629568,23488.99944047849,101410.01699053246,101386.52799109198,23.488999440480256,82.84663355703043,Ranked long-short | Elastic Net
2026-08-31,2026-09-01,2026-10-08,0.283406063515872,28934.021979401863,102093.87061255105,102064.93659057165,28.934021979395766,99.40935689149124,Ranked long-short | Elastic Net
2024-12-31,2025-01-02,2025-02-05,0.6935186980235718,69351.86980235718,100000.0,99930.64813019766,69.35186980233993,96.74762480122372,Ranked long-short | KNN
2025-01-31,2025-02-05,2025-03-03,0.33454118675862293,32951.142208824924,98496.5185545292,98463.56741232038,32.95114220882533,69.07198065487886,Ranked long-short | KNN
2025-02-28,2025-03-03,2025-04-01,0.21105553632782234,20892.81565497761,98992.02844186855,98971.13562621357,20.89281565498095,78.45197937156138,Ranked long-short | KNN
2025-03-31,2025-04-01,2025-05-06,0.09966515933366264,9982.360299604468,100158.97597860813,100148.99361830854,9.982360299589345,90.84092661692694,Ranked long-short | KNN
2025-04-30,2025-05-06,2025-06-03,0.11092407791597553,11120.68899973565,100254.96004717317,100243.83935817343,11.120688999741105,79.46672127074913,Ranked long-short | KNN
2025-05-31,2025-06-03,2025-07-01,0.3991658619368112,39985.493912471924,100172.62928862817,100132.6437947157,39.98549391247798,77.47922498155512,Ranked long-short | KNN
2025-06-30,2025-07-01,2025-08-01,0.34928164653002575,35141.33064136166,100610.298280705,100575.15695006365,35.14133064134512,92.15454404315348,Ranked long-short | KNN
2025-07-31,2025-08-01,2025-09-01,0.3034278387503067,30795.458273214717,101491.86837980464,101461.07292153142,30.795458273219992,93.58438304128624,Ranked long-short | KNN
2025-08-31,2025-09-01,2025-10-09,0.526863530741951,53333.4551073592,101228.2156486573,101174.88219354994,53.33345510734944,102.98243384595308,Ranked long-short | KNN
2025-09-30,2025-10-09,2025-11-03,0.35773589467502326,35365.55027210504,98859.3842511444,98824.01870087229,35.36555027210852,72.48950029716664,Ranked long-short | KNN
2025-10-31,2025-11-03,2025-12-01,0.17379028376163516,17157.115182702135,98723.09781273072,98705.94069754801,17.157115182708367,80.39499696871809,Ranked long-short | KNN
2025-11-30,2025-12-01,2026-01-05,0.4250128981637043,42566.334033383304,100153.04057193064,100110.47423789726,42.56633403338492,98.92065231346953,Ranked long-short | KNN
2025-12-31,2026-01-05,2026-02-02,0.2200515088604033,21842.139112372715,99259.21083426414,99237.36869515179,21.842139112355653,92.2869693284633,Ranked long-short | KNN
2026-01-31,2026-02-02,2026-03-02,0.09184248382926272,9062.626681087848,98675.75770201815,98666.69507533708,9.062626681072288,89.01543319006036,Ranked long-short | KNN
2026-02-28,2026-03-02,2026-04-01,0.08492294310568115,8337.740472551382,98180.06969183346,98171.73195136091,8.337740472547011,86.94268630047264,Ranked long-short | KNN
2026-03-31,2026-04-01,2026-05-06,0.09913682231600375,9947.30088067977,100339.11364409314,100329.16634321248,9.947300880667171,102.36266879674376,Ranked long-short | KNN
2026-04-30,2026-05-06,2026-06-01,0.10106640156130986,10237.031204506904,101290.15227970513,101279.91524850062,10.237031204509549,77.99022744227986,Ranked long-short | KNN
2026-05-31,2026-06-01,2026-07-01,0.19626044655155445,19563.205985378507,99679.81999999969,99660.2567940143,19.5632059853815,77.4568226893151,Ranked long-short | KNN
2026-06-30,2026-07-01,2026-08-03,0.5419259268749161,53136.05017804331,98050.39313114066,97997.25708096262,53.13605017804366,89.9399781414433,Ranked long-short | KNN
2026-07-31,2026-08-03,2026-09-01,0.355567276734403,34911.82913742201,98186.28265811985,98151.37082898244,34.9118291374034,62.23044625461876,Ranked long-short | KNN
2026-08-31,2026-09-01,2026-10-08,0.30272394863534086,30092.62238120981,99406.15044453973,99376.05782215853,30.092622381198453,116.42685774547012,Ranked long-short | KNN
2024-12-31,2025-01-02,2025-02-05,0.7035047326682016,70350.47326682016,100000.0,99929.64952673318,70.35047326682252,98.51613141918779,Ranked long-short | SVR
2025-01-31,2025-02-05,2025-03-03,0.37608368809689785,36879.49161366922,98061.92818489706,98025.0486932834,36.879491613653954,67.05170565263808,Ranked long-short | SVR
2025-02-28,2025-03-03,2025-04-01,0.277945274233452,27571.087522664653,99196.10109833033,99168.53001080768,27.571087522650487,74.6930140705872,Ranked long-short | SVR
2025-03-31,2025-04-01,2025-05-06,0.17451402112211958,17460.91691283323,100054.52169722576,100037.06078031292,17.460916912838,82.62961397462816,Ranked long-short | SVR
2025-04-30,2025-05-06,2025-06-03,0.41989874997000265,41997.6540249264,100018.52596114347,99976.52830711854,41.99765402493358,77.80483333511756,Ranked long-short | SVR
2025-05-31,2025-06-03,2025-07-01,0.25562679575167296,25471.72450853377,99644.18805796132,99618.71633345279,25.471724508533953,77.08156543830947,Ranked long-short | SVR
2025-06-30,2025-07-01,2025-08-01,0.2859430017579243,28621.15573483483,100093.91927369195,100065.29811795714,28.621155734814238,81.03190493018683,Ranked long-short | SVR
2025-07-31,2025-08-01,2025-09-01,0.3428599712444784,34397.61399187165,100325.54651106885,100291.14889707699,34.39761399186682,82.2974662113872,Ranked long-short | SVR
2025-08-31,2025-09-01,2025-10-09,0.34960451822031247,34673.89433730068,99180.33815412538,99145.66425978809,34.67389433729113,115.12990402841848,Ranked long-short | SVR
2025-09-30,2025-10-09,2025-11-03,0.31555571831148566,30944.527196783412,98063.59194618686,98032.64741899009,30.94452719677065,69.54068267643387,Ranked long-short | SVR
2025-10-31,2025-11-03,2025-12-01,0.23811156616152654,23262.22068019458,97694.62716655395,97671.36494587376,23.262220680189785,69.82538427364453,Ranked long-short | SVR
2025-11-30,2025-12-01,2026-01-05,0.46878114828000156,46297.22503672279,98760.85078632385,98714.55356128715,46.297225036702,92.7846371814936,Ranked long-short | SVR
2025-12-31,2026-01-05,2026-02-02,0.24042753897857955,23516.11044443194,97809.55436443187,97786.03825398744,23.516110444426886,90.93728735210372,Ranked long-short | SVR
2026-01-31,2026-02-02,2026-03-02,0.2232699913263218,21709.130852567578,97232.64073064995,97210.93159979739,21.709130852555973,79.35571699598611,Ranked long-short | SVR
2026-02-28,2026-03-02,2026-04-01,0.20389680705380658,19773.182053330453,96976.41831199682,96956.6451299435,19.77318205332267,85.8665831265501,Ranked long-short | SVR
2026-03-31,2026-04-01,2026-05-06,0.09913682231600372,9824.181587900292,99097.20080178893,99087.37662020104,9.824181587886414,101.09571009704737,Ranked long-short | SVR
2026-04-30,2026-05-06,2026-06-01,0.10106640156130993,10110.325874369739,100036.46828403711,100026.35795816276,10.110325874353293,77.02493024642914,Ranked long-short | SVR
2026-05-31,2026-06-01,2026-07-01,0.22990385555344425,22633.130445044728,98446.06733784571,98423.43420740069,22.633130445028655,73.82458377224842,Ranked long-short | SVR
2026-06-30,2026-07-01,2026-08-03,0.45580104937696464,44238.05536491267,97055.62421451586,97011.38615915095,44.238055364912725,89.03516496810344,Ranked long-short | SVR
2026-07-31,2026-08-03,2026-09-01,0.24484657736943882,23798.722524198765,97198.51010328751,97174.71138076333,23.798722524181358,74.97468428325588,Ranked long-short | SVR
2026-08-31,2026-09-01,2026-10-08,0.3094846726121408,30555.125120717064,98729.04161237746,98698.48648725674,30.55512512072164,115.63302970328522,Ranked long-short | SVR
2024-12-31,2025-01-02,2025-02-05,0.6935186980235718,69351.86980235718,100000.0,99930.64813019766,69.35186980233993,96.74762480122372,Ranked long-short | Random Forest
2025-01-31,2025-02-05,2025-03-03,0.22421881250224704,22084.77242590208,98496.5185545292,98474.4337821033,22.08477242590743,70.86045843568803,Ranked long-short | Random Forest
2025-02-28,2025-03-03,2025-04-01,0.37370961865654795,37106.01061751871,99291.02373899671,99253.9177283792,37.106010617513675,74.75732747716216,Ranked long-short | Random Forest
2025-03-31,2025-04-01,2025-05-06,0.10102628588657375,10116.84018723111,100140.67228592062,100130.5554457334,10.116840187227353,84.14873345197644,Ranked long-short | Random Forest
2025-04-30,2025-05-06,2025-06-03,0.12722768178911173,12737.97849751421,100119.5519590481,100106.81398055059,12.737978497505537,70.32232573749663,Ranked long-short | Random Forest
2025-05-31,2025-06-03,2025-07-01,0.4853563364888495,48539.25150640018,100007.45402345296,99958.91477194655,48.53925150640134,77.34479938835347,Ranked long-short | Random Forest
2025-06-30,2025-07-01,2025-08-01,0.27173517226719957,27291.923255441805,100435.74053271771,100408.44860946227,27.29192325544136,89.19778528221758,Ranked long-short | Random Forest
2025-07-31,2025-08-01,2025-09-01,0.44240972453810734,44634.020759878375,100888.42600934688,100843.791988587,44.6340207598696,86.91287827089138,Ranked long-short | Random Forest
2025-08-31,2025-09-01,2025-10-09,0.25191898163019205,25166.094698345732,99897.57236828087,99872.40627358254,25.166094698332017,115.5856970252636,Ranked long-short | Random Forest
2025-09-30,2025-10-09,2025-11-03,0.11663040536775415,11485.808445311455,98480.39547744759,98468.90966900229,11.48580844530079,72.24671054789542,Ranked long-short | Random Forest
2025-10-31,2025-11-03,2025-12-01,0.13669151978588726,13533.841351455807,99010.10225546641,98996.56841411497,13.53384135144006,82.01009471241623,Ranked long-short | Random Forest
2025-11-30,2025-12-01,2026-01-05,0.28612110198675955,28783.279981747877,100598.24242910906,100569.45914912733,28.783279981726082,99.37418214805032,Ranked long-short | Random Forest
2025-12-31,2026-01-05,2026-02-02,0.38491766218389634,38381.79250421899,99714.29288657036,99675.91109406613,38.381792504223995,96.68154441252265,Ranked long-short | Random Forest
2026-01-31,2026-02-02,2026-03-02,0.24627933099488117,24322.097855356937,98758.1773797431,98733.85528188775,24.3220978553436,89.07602399909355,Ranked long-short | Random Forest
2026-02-28,2026-03-02,2026-04-01,0.2266138645294907,22264.109384150117,98246.89866339907,98224.63455401492,22.264109384152107,78.51480550296058,Ranked long-short | Random Forest
2026-03-31,2026-04-01,2026-05-06,0.19863965262895905,19898.722605651288,100174.97686033667,100155.07813773103,19.898722605634248,102.18505211787934,Ranked long-short | Random Forest
2026-04-30,2026-05-06,2026-06-01,0.10106640156130983,10219.26821038659,101114.39659981643,101104.17733160604,10.219268210392329,77.85490110363502,Ranked long-short | Random Forest
2026-05-31,2026-06-01,2026-07-01,0.3744491614157611,37260.25972834633,99506.85852110975,99469.59826138141,37.260259728340316,91.81110800946871,Ranked long-short | Random Forest
2026-06-30,2026-07-01,2026-08-03,0.2587979087326391,26291.041121834038,101589.07871622327,101562.78767510146,26.291041121818125,99.56996086594609,Ranked long-short | Random Forest
2026-07-31,2026-08-03,2026-09-01,0.5096111169699066,51406.11676776458,100873.22480996858,100821.81869320082,51.40611676775734,69.49764319670523,Ranked long-short | Random Forest
2026-08-31,2026-09-01,2026-10-08,0.20520266091435133,20882.58822129161,101765.67949090927,101744.79690268799,20.882588221284095,111.78640807512086,Ranked long-short | Random Forest
2024-12-31,2025-01-02,2025-02-05,0.6935186980235718,69351.86980235718,100000.0,99930.64813019766,69.35186980233993,96.74762480122372,Ranked long-short | Extra Trees
2025-01-31,2025-02-05,2025-03-03,0.38035592316074973,37463.73424292787,98496.5185545292,98459.05482028628,37.4637342429196,70.14257702215713,Ranked long-short | Extra Trees
2025-02-28,2025-03-03,2025-04-01,0.21151798787163315,21053.632442436494,99535.89599771347,99514.84236527103,21.05363244243199,74.95385401206794,Ranked long-short | Extra Trees
2025-03-31,2025-04-01,2025-05-06,0.10102628588657374,10143.435941965647,100403.92807624432,100393.78464030236,10.143435941965436,84.36994867675932,Ranked long-short | Extra Trees
2025-04-30,2025-05-06,2025-06-03,0.12722768178911173,12771.464857451108,100382.75222699298,100369.98076213553,12.771464857447427,70.50719327450065,Ranked long-short | Extra Trees
2025-05-31,2025-06-03,2025-07-01,0.48535633648884946,48666.85439467072,100270.35960163835,100221.69274724368,48.666854394672555,77.54812802421753,Ranked long-short | Extra Trees
2025-06-30,2025-07-01,2025-08-01,0.27173517226719957,27363.66989606302,100699.77201610134,100672.40834620528,27.363669896061765,89.43227375651651,Ranked long-short | Extra Trees
2025-07-31,2025-08-01,2025-09-01,0.4424097245381074,44751.35734392803,101153.64753939383,101108.89618204991,44.75135734392097,87.14136004494199,Ranked long-short | Extra Trees
2025-08-31,2025-09-01,2025-10-09,0.251918981630192,25232.252833676164,100160.18908299734,100134.95683016366,25.232252833680832,115.88955562063649,Ranked long-short | Extra Trees
2025-09-30,2025-10-09,2025-11-03,0.22080152814322931,21801.785376287808,98739.28663276935,98717.48484739306,21.801785376286716,72.41135547058542,Ranked long-short | Extra Trees
2025-10-31,2025-11-03,2025-12-01,0.29545803050570985,29137.087906793928,98616.67275356335,98587.53566565656,29.137087906798115,77.12412882758794,Ranked long-short | Extra Trees
2025-11-30,2025-12-01,2026-01-05,0.40255487298966125,40134.068519819666,99698.3795569416,99658.24548842179,40.13406851980835,111.09530898643429,Ranked long-short | Extra Trees
2025-12-31,2026-01-05,2026-02-02,0.2700634671156624,26608.021799420527,98525.06924983258,98498.46122803318,26.608021799402195,94.99648619886878,Ranked long-short | Extra Trees
2026-01-31,2026-02-02,2026-03-02,0.1686347781292632,16486.875798015608,97766.75950780428,97750.27263200626,16.486875798014808,88.18865227157619,Ranked long-short | Extra Trees
2026-02-28,2026-03-02,2026-04-01,0.17810741194503588,17324.18149889996,97268.16705554185,97250.84287404295,17.324181498901453,88.73918710592119,Ranked long-short | Extra Trees
2026-03-31,2026-04-01,2026-05-06,0.14719785731503232,14605.248783693403,99221.88440851624,99207.27915973254,14.605248783700517,101.21804285819046,Ranked long-short | Extra Trees
2026-04-30,2026-05-06,2026-06-01,0.10106640156130985,10122.560063922194,100157.51928974687,100147.39672968295,10.122560063915444,77.11813570870693,Ranked long-short | Extra Trees
2026-05-31,2026-06-01,2026-07-01,0.09262179485037049,9129.285164073282,98565.1938490454,98556.06456388134,9.129285164061002,88.20196039326663,Ranked long-short | Extra Trees
2026-06-30,2026-07-01,2026-08-03,0.4810288316646265,47614.146543422605,98983.97644617528,98936.36229963187,47.614146543404786,96.99507022106332,Ranked long-short | Extra Trees
2026-07-31,2026-08-03,2026-09-01,0.5096111169699067,50076.74867317153,98264.631609535,98214.55486086183,50.07674867317837,67.70042614698154,Ranked long-short | Extra Trees
2026-08-31,2026-09-01,2026-10-08,0.1205116908534631,11946.806841976026,99134.00730973741,99122.06050289545,11.946806841966463,96.54305011602352,Ranked long-short | Extra Trees
2024-12-31,2025-01-02,2025-02-05,0.6935186980235718,69351.86980235718,100000.0,99930.64813019766,69.35186980233993,96.74762480122372,Ranked long-short | XGBoost
2025-01-31,2025-02-05,2025-03-03,0.35236981951462126,34707.200465878,98496.5185545292,98461.81135406333,34.70720046586939,67.35046277401746,Ranked long-short | XGBoost
2025-02-28,2025-03-03,2025-04-01,0.277945274233452,27693.933894153583,99638.08152713139,99610.38759323725,27.69393389414472,75.02581798144493,Ranked long-short | XGBoost
2025-03-31,2025-04-01,2025-05-06,0.1745140211221196,17538.716175696834,100500.32692458433,100482.78820840863,17.5387161756953,82.99778038249909,Ranked long-short | XGBoost
2025-04-30,2025-05-06,2025-06-03,0.38709088901635236,38888.76519122627,100464.17080507273,100425.28203988151,38.888765191222774,80.85294442273896,Ranked long-short | XGBoost
2025-05-31,2025-06-03,2025-07-01,0.30622921569462674,30707.803629136564,100277.18472086784,100246.4769172387,30.707803629135014,77.56730516975422,Ranked long-short | XGBoost
2025-06-30,2025-07-01,2025-08-01,0.28594300175792436,28801.51575245026,100724.67441197687,100695.87289622443,28.80151575243508,81.54253825107793,Ranked long-short | XGBoost
2025-07-31,2025-08-01,2025-09-01,0.314832346552906,31784.768886252812,100957.76127918146,100925.97651029521,31.784768886253005,98.30043578283228,Ranked long-short | XGBoost
2025-08-31,2025-09-01,2025-10-09,0.314719237588146,31798.970805004534,101039.17081363141,101007.37184282643,31.79897080498631,95.69638424661338,Ranked long-short | XGBoost
2025-09-30,2025-10-09,2025-11-03,0.2753899884006128,27139.59899041988,98549.69364732174,98522.55404833131,27.139598990426748,72.28606946797416,Ranked long-short | XGBoost
2025-10-31,2025-11-03,2025-12-01,0.21032471456422983,20835.616245413472,99064.04146836774,99043.20585212234,20.83561624540016,72.33393138157639,Ranked long-short | XGBoost
2025-11-30,2025-12-01,2026-01-05,0.19415856827122788,19536.161406089188,100619.62024152518,100600.0840801191,19.5361614060821,94.55690133883326,Ranked long-short | XGBoost
2025-12-31,2026-01-05,2026-02-02,0.32460537844711485,32355.949550908845,99677.79864183711,99645.44269228622,32.355949550896185,96.10268834132683,Ranked long-short | XGBoost
2026-01-31,2026-02-02,2026-03-02,0.13914703165548295,13762.367854976961,98905.22055153499,98891.45818368002,13.762367854971671,90.99488685324951,Ranked long-short | XGBoost
2026-02-28,2026-03-02,2026-04-01,0.1540254181632807,15138.320379887171,98284.55952535835,98269.42120497845,15.138320379890501,87.02920169511196,Ranked long-short | XGBoost
2026-03-31,2026-04-01,2026-05-06,0.2193861827693328,22034.91995400281,100438.9596275112,100416.92470755719,22.03491995400691,90.28794976720334,Ranked long-short | XGBoost
2026-04-30,2026-05-06,2026-06-01,0.24366486681659486,24463.36126509495,100397.57304654176,100373.10968527666,24.463361265094136,77.29194514269226,Ranked long-short | XGBoost
2026-05-31,2026-06-01,2026-07-01,0.09262179485037043,9149.86081560422,98787.34082389275,98778.19096307716,9.149860815596185,88.40075063464717,Ranked long-short | XGBoost
2026-06-30,2026-07-01,2026-08-03,0.4810288316646265,47721.459664835005,99207.06727638817,99159.34581672333,47.72145966484095,97.21367843947468,Ranked long-short | XGBoost
2026-07-31,2026-08-03,2026-09-01,0.5096111169699065,50189.61202577621,98486.10117494749,98435.91156292171,50.189612025773386,67.8530098763603,Ranked long-short | XGBoost
2026-08-31,2026-09-01,2026-10-08,0.20520266091435138,20388.41030641512,99357.43628063843,99337.04787033203,20.388410306404694,109.14102841869627,Ranked long-short | XGBoost
2024-12-31,2025-01-02,2025-02-05,0.7294674887332249,72946.74887332249,100000.0,99927.0532511267,72.9467488733062,101.70819289292183,Ranked long-short | MLP
2025-01-31,2025-02-05,2025-03-03,0.4312426113115874,42363.96558511329,98236.96562885316,98194.60166326805,42.36396558510023,69.95417966278008,Ranked long-short | MLP
2025-02-28,2025-03-03,2025-04-01,0.2115179878716332,20997.084067314816,99268.55053130329,99247.55344723599,20.997084067304968,74.75253394698755,Ranked long-short | MLP
2025-03-31,2025-04-01,2025-05-06,0.1745140211221197,17474.8308193668,100134.25114500363,100116.77631418427,17.474830819352064,82.69545821015639,Ranked long-short | MLP
2025-04-30,2025-05-06,2025-06-03,0.15391978732852407,15407.097769529568,100098.22672535852,100082.819627589,15.407097769522807,65.72099478384213,Ranked long-short | MLP
2025-05-31,2025-06-03,2025-07-01,0.4267699786191472,42631.83385293679,99894.17247875762,99851.54064490469,42.63183385293814,77.2617169505889,Ranked long-short | MLP
2025-06-30,2025-07-01,2025-08-01,0.2859430017579243,28688.047792092577,100327.85420774002,100299.16615994793,28.68804779209313,81.22128899540459,Ranked long-short | MLP
2025-07-31,2025-08-01,2025-09-01,0.3998659055389182,40210.524575421594,100560.02279371122,100519.81226913581,40.21052457540645,86.63365424169098,Ranked long-short | MLP
2025-08-31,2025-09-01,2025-10-09,0.25191898163019194,25085.2438681729,99576.63255799096,99551.54731412278,25.085243868175894,115.2143561528472,Ranked long-short | MLP
2025-09-30,2025-10-09,2025-11-03,0.11663040536775415,11448.908117344776,98164.0086154597,98152.55970734236,11.44890811733785,72.01460435124197,Ranked long-short | MLP
2025-10-31,2025-11-03,2025-12-01,0.2103247145642298,20757.369592387822,98692.01361045401,98671.25624086164,20.75736959237838,72.06228652288203,Ranked long-short | MLP
2025-11-30,2025-12-01,2026-01-05,0.1728321832377585,17325.000593911882,100241.75051980077,100224.42551920685,17.325000593918958,99.03324927362692,Ranked long-short | MLP
2025-12-31,2026-01-05,2026-02-02,0.3243631061580082,32232.673239261596,99372.19316046375,99339.96048722448,32.23267323926848,95.80806712881912,Ranked long-short | MLP
2026-01-31,2026-02-02,2026-03-02,0.33717149485769354,33245.78631172425,98602.00763933486,98568.76185302314,33.245786311716074,75.35730486437579,Ranked long-short | MLP
2026-02-28,2026-03-02,2026-04-01,0.23427731532025609,23038.60159601238,98339.01999653151,98315.98139493552,23.038601595995715,87.07043625325883,Ranked long-short | MLP
2026-03-31,2026-04-01,2026-05-06,0.16265697794299863,16344.838180585846,100486.54774782374,100470.20290964318,16.344838180564693,104.45254100784135,Ranked long-short | MLP
2026-04-30,2026-05-06,2026-06-01,0.2011427542580649,20511.38501479853,101974.2674323856,101953.75604737081,20.511385014789994,78.50911607913179,Ranked long-short | MLP
2026-05-31,2026-06-01,2026-07-01,0.22990385555344434,23069.246017610338,100343.0149619547,100319.9457159371,23.06924601760693,75.2471024423646,Ranked long-short | MLP
2026-06-30,2026-07-01,2026-08-03,0.3002273298471721,29700.22264024332,98925.77952634072,98896.07930370048,29.7002226402401,81.00348712830954,Ranked long-short | MLP
2026-07-31,2026-08-03,2026-09-01,0.2305691313708312,23830.40074561406,103354.68847860175,103330.85807785613,23.830400745617226,84.43541665675559,Ranked long-short | MLP
2026-08-31,2026-09-01,2026-10-08,0.10454014410868659,10877.586580235922,104051.76569229607,104040.88810571586,10.877586580216303,114.30910993323019,Ranked long-short | MLP
2024-12-31,2025-01-02,2025-02-05,0.6935186980235718,69351.86980235718,100000.0,99930.64813019766,69.35186980233993,96.74762480122372,Ranked long-short | LSTM
2025-01-31,2025-02-05,2025-03-03,0.296612777572839,29215.32594971358,98496.5185545292,98467.30322857949,29.215325949713588,70.05049829537519,Ranked long-short | LSTM
2025-02-28,2025-03-03,2025-04-01,0.11167381023517542,11035.232544775192,98816.65648853517,98805.62125599041,11.03523254476022,76.0275535005348,Ranked long-short | LSTM
2025-03-31,2025-04-01,2025-05-06,0.13689760986680502,13618.13871235704,99476.81866474406,99463.20052603172,13.618138712336076,82.15561113091437,Ranked long-short | LSTM
2025-04-30,2025-05-06,2025-06-03,0.15391978732852402,15306.518162009408,99444.77203141798,99429.46551325597,15.306518162004068,65.29195928604281,Ranked long-short | LSTM
2025-05-31,2025-06-03,2025-07-01,0.4267699786191472,42353.52750472416,99242.04987839778,99199.69635089306,42.35352750471793,76.7573420654894,Ranked long-short | LSTM
2025-06-30,2025-07-01,2025-08-01,0.2717351722671995,27084.632780862492,99672.90047469431,99645.81584191346,27.084632780854008,88.52030091918769,Ranked long-short | LSTM
2025-07-31,2025-08-01,2025-09-01,0.39222343127999826,39270.25230513953,100122.14766716858,100082.87741486344,39.270252305141184,82.12656164544336,Ranked long-short | LSTM
2025-08-31,2025-09-01,2025-10-09,0.1889638776626986,18702.581397808597,98974.37345772928,98955.67087633148,18.702581397796166,93.75256212287408,Ranked long-short | LSTM
2025-09-30,2025-10-09,2025-11-03,0.4551826160047374,43946.93206197904,96547.9139948562,96503.96706279423,43.946932061968255,68.45629417563612,Ranked long-short | LSTM
2025-10-31,2025-11-03,2025-12-01,0.2570345558674645,24719.326243577245,96171.21775767514,96146.49843143157,24.71932624357578,75.21452769135739,Ranked long-short | LSTM
2025-11-30,2025-12-01,2026-01-05,0.5837595714883664,56758.848401541676,97229.83771696976,97173.07886856823,56.75884840152867,96.0181681503629,Ranked long-short | LSTM
2025-12-31,2026-01-05,2026-02-02,0.09958489554396635,9594.685301282849,96346.79284316598,96337.19815786471,9.594685301271966,79.88657268615181,Ranked long-short | LSTM
2026-01-31,2026-02-02,2026-03-02,0.37634051172506877,36115.56996897496,95965.14019558643,95929.02462561746,36.115569968969794,84.32978684556397,Ranked long-short | LSTM
2026-02-28,2026-03-02,2026-04-01,0.2212716417241144,21098.24411112217,95349.9686933577,95328.87044924658,21.098244111126405,86.98543088565556,Ranked long-short | LSTM
2026-03-31,2026-04-01,2026-05-06,0.31133742564616995,30280.976344500894,97260.95820845755,97230.67723211306,30.280976344496594,87.42309652810461,Ranked long-short | LSTM
2026-04-30,2026-05-06,2026-06-01,0.10522262493801922,10228.89546032891,97211.93960285805,97201.71070739772,10.228895460328204,66.20458380627592,Ranked long-short | LSTM
2026-05-31,2026-06-01,2026-07-01,0.47392775065791687,45252.234183501445,95483.40252429048,95438.15029010698,45.25223418349924,88.09005442531112,Ranked long-short | LSTM
2026-06-30,2026-07-01,2026-08-03,0.2587979087326391,25225.47972170862,97471.72937076841,97446.50389104671,25.225479721702868,95.53444525364728,Ranked long-short | LSTM
2026-07-31,2026-08-03,2026-09-01,0.20835149738779246,20165.27647028403,96784.88862862156,96764.72335215128,20.165276470273966,74.65835997862627,Ranked long-short | LSTM
2026-08-31,2026-09-01,2026-10-08,0.2485366651859623,24434.25983678577,98312.4957378154,98288.06147797863,24.434259836780257,110.9251188564431,Ranked long-short | LSTM
2024-12-31,2025-01-02,2025-02-05,0.6935186980235718,69351.86980235718,100000.0,99930.64813019766,69.35186980233993,96.74762480122372,Ranked long-short | CNN
2025-01-31,2025-02-05,2025-03-03,0.22421881250224704,22084.77242590208,98496.5185545292,98474.4337821033,22.08477242590743,70.86045843568803,Ranked long-short | CNN
2025-02-28,2025-03-03,2025-04-01,0.2860071002133193,28397.937776802297,99291.02373899671,99262.62580121993,28.397937776782783,76.80776997243133,Ranked long-short | CNN
2025-03-31,2025-04-01,2025-05-06,0.14496452504815324,14554.313281602514,100399.13749083073,100384.58317754912,14.554313281609211,91.05461996610079,Ranked long-short | CNN
2025-04-30,2025-05-06,2025-06-03,0.11092407791597553,11146.849204898415,100490.79888085346,100479.65203164855,11.146849204902537,79.65365804526952,Ranked long-short | CNN
2025-05-31,2025-06-03,2025-07-01,0.21204948792465858,21291.523180139255,100408.27444819936,100386.98292501923,21.291523180130753,80.6947119867803,Ranked long-short | CNN
2025-06-30,2025-07-01,2025-08-01,0.2993192255382602,30135.77862594839,100681.06574763377,100650.92996900782,30.13577862594684,92.07682655608613,Ranked long-short | CNN
2025-07-31,2025-08-01,2025-09-01,0.2201205655302102,22355.608688014483,101560.74528595699,101538.38967726898,22.35560868801258,87.51152180831896,Ranked long-short | CNN
2025-08-31,2025-09-01,2025-10-09,0.15118748581987335,15207.291930812298,100585.65263086956,100570.44533893876,15.20729193079751,102.36719835425293,Ranked long-short | CNN
2025-09-30,2025-10-09,2025-11-03,0.35773589467502326,35154.270145016075,98268.7805956714,98233.62632552639,35.15427014500892,72.05643504814432,Ranked long-short | CNN
2025-10-31,2025-11-03,2025-12-01,0.2954580305057098,28994.27401411954,98133.3083568335,98104.31408281939,28.994274014112307,76.7461089962231,Ranked long-short | CNN
2025-11-30,2025-12-01,2026-01-05,0.35471728488585363,35191.40011182599,99209.7132316245,99174.52183151268,35.19140011181298,114.56481097964641,Ranked long-short | CNN
2025-12-31,2026-01-05,2026-02-02,0.1720172395425402,16884.239863932802,98154.34725516159,98137.46301529766,16.88423986392445,91.26409898158099,Ranked long-short | CNN
2026-01-31,2026-02-02,2026-03-02,0.16873535664538003,16465.546511572895,97582.07668460054,97565.61113808898,16.465546511564753,89.77490987936173,Ranked long-short | CNN
2026-02-28,2026-03-02,2026-04-01,0.31168430450551243,30223.04496139072,96966.84922694333,96936.62618198196,30.22304496137076,84.90744291266166,Ranked long-short | CNN
2026-03-31,2026-04-01,2026-05-06,0.21930357778723455,21565.318369041437,98335.46076463844,98313.8954462694,21.56531836904469,102.21076397125942,Ranked long-short | CNN
2026-04-30,2026-05-06,2026-06-01,0.1379589088858409,13766.323465862046,99785.6794971718,99771.91317370595,13.76632346585393,80.34616475705178,Ranked long-short | CNN
2026-05-31,2026-06-01,2026-07-01,0.2675827492618931,26379.79775802177,98585.56962580158,98559.18982804357,26.37979775801068,90.97079490408885,Ranked long-short | CNN
2026-06-30,2026-07-01,2026-08-03,0.25879790873263914,26050.408949020268,100659.27146240049,100633.22105345147,26.050408949013217,98.65863385081857,Ranked long-short | CNN
2026-07-31,2026-08-03,2026-09-01,0.20835149738779243,20824.725809629646,99949.96950211404,99929.14477630443,20.824725809608935,77.09985420941872,Ranked long-short | CNN
2026-08-31,2026-09-01,2026-10-08,0.24853666518596226,25233.31441610247,101527.53275747938,101502.29944306327,25.23331441610935,114.55261667203271,Ranked long-short | CNN
2024-12-31,2025-01-02,2025-02-05,0.6855297266075472,68552.97266075472,100000.0,99931.44702733925,68.55297266074922,96.15203835893318,Ranked long-short | Prophet
2025-01-31,2025-02-05,2025-03-03,0.11602511179448098,11396.76625044826,98226.72070021978,98215.32393396934,11.396766250443761,68.89783838901354,Ranked long-short | Prophet
2025-02-28,2025-03-03,2025-04-01,0.07706823801751843,7609.906841179937,98742.45262296154,98734.84271612036,7.609906841185875,74.36636396091247,Ranked long-short | Prophet
2025-03-31,2025-04-01,2025-05-06,0.10102628588657371,10063.931455118598,99616.95975261112,99606.89582115601,10.063931455108104,83.70865505660585,Ranked long-short | Prophet
2025-04-30,2025-05-06,2025-06-03,0.12722768178911176,12671.361818837162,99595.94988015876,99583.27851833994,12.671361818822334,69.95455625363451,Ranked long-short | Prophet
2025-05-31,2025-06-03,2025-07-01,0.1159232006016886,11532.554485140243,99484.4381908159,99472.90563633078,11.532554485122091,69.19598739041243,Ranked long-short | Prophet
2025-06-30,2025-07-01,2025-08-01,0.31176960820827293,31181.5448704247,100014.70332411087,99983.52177924046,31.181544870414655,81.29309998375908,Ranked long-short | Prophet
2025-07-31,2025-08-01,2025-09-01,0.12646466240631818,12702.862809433054,100445.94725299657,100433.24439018714,12.702862809426733,86.55904515196053,Ranked long-short | Prophet
2025-08-31,2025-09-01,2025-10-09,0.15118748581987335,15041.775547698166,99490.8769474421,99475.8351718944,15.041775547695579,101.25303230166384,Ranked long-short | Prophet
2025-09-30,2025-10-09,2025-11-03,0.11453789624528145,11132.994379433982,97199.22178064818,97188.08878626875,11.132994379426236,62.027408433286816,Ranked long-short | Prophet
2025-10-31,2025-11-03,2025-12-01,0.2766215600650459,27319.18875522797,98760.1571938356,98732.83800508038,27.319188755223877,81.79161687858873,Ranked long-short | Prophet
2025-11-30,2025-12-01,2026-01-05,0.2861211019867595,28706.600291486397,100330.24510305017,100301.53850275869,28.706600291479845,99.1094457624844,Ranked long-short | Prophet
2025-12-31,2026-01-05,2026-02-02,0.09958489554396638,9903.583465438202,99448.65043379802,99438.7468503326,9.903583465420525,82.45849817078607,Ranked long-short | Prophet
2026-01-31,2026-02-02,2026-03-02,0.10933960065629802,10830.602498793829,99054.71058778721,99043.87998528843,10.830602498783264,80.85199864819877,Ranked long-short | Prophet
2026-02-28,2026-03-02,2026-04-01,0.08400753628294926,8300.359990424864,98804.9448619476,98796.6445019572,8.300359990404104,78.97203550450108,Ranked long-short | Prophet
2026-03-31,2026-04-01,2026-05-06,0.12685647405554795,12781.848327965605,100758.34460264666,100745.5627543187,12.781848327955231,90.58343835684109,Ranked long-short | Prophet
2026-04-30,2026-05-06,2026-06-01,0.10522262493801919,10598.66966724753,100726.14776043287,100715.54909076562,10.598669667248032,68.59787715513139,Ranked long-short | Prophet
2026-05-31,2026-06-01,2026-07-01,0.09386183372909376,9286.232170867823,98935.12412798118,98925.83789581031,9.286232170867152,76.88602590223232,Ranked long-short | Prophet
2026-06-30,2026-07-01,2026-08-03,0.2965649673903718,28864.027008092027,97327.83768117151,97298.97365416342,28.864027008094126,79.69533489582783,Ranked long-short | Prophet
2026-07-31,2026-08-03,2026-09-01,0.2305691313708312,23445.55568472267,101685.57926782698,101662.13371214227,23.44555568470969,83.07184105383,Ranked long-short | Prophet
2026-08-31,2026-09-01,2026-10-08,0.10454014410868655,10701.920819743296,102371.39914994666,102360.69722912693,10.70192081973073,112.46309413004269,Ranked long-short | Prophet
2024-12-31,2025-01-02,2025-02-05,0.6935186980235718,69351.86980235718,100000.0,99930.64813019766,69.35186980233993,96.74762480122372,Ranked long-short | Historical mean
2025-01-31,2025-02-05,2025-03-03,0.22421881250224704,22084.77242590208,98496.5185545292,98474.4337821033,22.08477242590743,70.86045843568803,Ranked long-short | Historical mean
2025-02-28,2025-03-03,2025-04-01,0.1867256099951865,18540.176974710703,99291.02373899671,99272.48356202201,18.540176974696806,80.48552358843416,Ranked long-short | Historical mean
2025-03-31,2025-04-01,2025-05-06,0.206412206996882,20637.82848035918,99983.56580079069,99962.92797231034,20.637828480350436,93.69320651210037,Ranked long-short | Historical mean
2025-04-30,2025-05-06,2025-06-03,0.1948153532091506,19501.106361896458,100100.45943843239,100080.9583320705,19.50110636188765,77.88610401758824,Ranked long-short | Historical mean
2025-05-31,2025-06-03,2025-07-01,0.2556267957516729,25498.33088175993,99748.27093842748,99722.77260754572,25.49833088176092,77.16208063460965,Ranked long-short | Historical mean
2025-06-30,2025-07-01,2025-08-01,0.2717351722671995,27227.449027776314,100198.47191884065,100171.24446981287,27.227449027777766,88.98706512659807,Ranked long-short | Historical mean
2025-07-31,2025-08-01,2025-09-01,0.24908311584269396,25070.237522607797,100650.08797481345,100625.01773729085,25.070237522595562,92.81323301938443,Ranked long-short | Historical mean
2025-08-31,2025-09-01,2025-10-09,0.23395073984884898,23487.26911579672,100394.07924493587,100370.59197582008,23.487269115794334,110.31486824451346,Ranked long-short | Historical mean
2025-09-30,2025-10-09,2025-11-03,0.2621301918594753,25944.875759061593,98977.06012045463,98951.11524469557,25.94487575905805,70.1922092984062,Ranked long-short | Historical mean
2025-10-31,2025-11-03,2025-12-01,0.2570345558674645,25346.15906834013,98609.92808067973,98584.58192161139,25.346159068343695,77.12181814059565,Ranked long-short | Historical mean
2025-11-30,2025-12-01,2026-01-05,0.35697752024839374,35589.01400602112,99695.39253132076,99659.80351731475,35.589014006007346,118.34397146459341,Ranked long-short | Historical mean
2025-12-31,2026-01-05,2026-02-02,0.2079347647830731,20479.359049646668,98489.34626690086,98468.86690785122,20.47935904964106,95.51076107263142,Ranked long-short | Historical mean
2026-01-31,2026-02-02,2026-03-02,0.24789523664406363,24185.21622392492,97562.24666249183,97538.06144626791,24.185216223922907,85.74426731841017,Ranked long-short | Historical mean
2026-02-28,2026-03-02,2026-04-01,0.20769586634382928,20135.96737871128,96949.29289241257,96929.15692503387,20.1359673787083,84.9009005402592,Ranked long-short | Historical mean
2026-03-31,2026-04-01,2026-05-06,0.18010893824589694,17709.73073737,98327.88372330235,98310.17399256499,17.709730737362406,98.82681223315036,Ranked long-short | Historical mean
2026-04-30,2026-05-06,2026-06-01,0.31690388208395975,31651.329989632974,99876.75058283871,99845.09925284909,31.651329989617807,80.40510139147834,Ranked long-short | Historical mean
2026-05-31,2026-06-01,2026-07-01,0.1235529391960376,12189.471726136595,98657.8854817524,98645.69601002627,12.18947172613116,91.49063141463417,Ranked long-short | Historical mean
2026-06-30,2026-07-01,2026-08-03,0.3981914806091719,39941.545216273895,100307.38265713133,100267.44111191505,39.94154521627934,98.30003110567888,Ranked long-short | Historical mean
2026-07-31,2026-08-03,2026-09-01,0.20835149738779246,20749.0324460523,99586.67303183975,99565.92399939371,20.749032446037745,76.81961295439409,Ranked long-short | Historical mean
2026-08-31,2026-09-01,2026-10-08,0.3094846726121408,31307.005931211064,101158.502186783,101127.19518085179,31.307005931201275,118.47845271332663,Ranked long-short | Historical mean
2024-12-31,2025-01-02,2025-02-05,0.6855297266075472,68552.97266075472,100000.0,99931.44702733925,68.55297266074922,96.15203835893318,Ranked long-short | Last observed
2025-01-31,2025-02-05,2025-03-03,0.21567991415707666,21185.530688554547,98226.72070021978,98205.53516953124,21.185530688540894,69.86427421516882,Ranked long-short | Last observed
2025-02-28,2025-03-03,2025-04-01,0.31478278367432383,31023.08977637556,98553.95969962652,98522.93660985015,31.02308977636858,76.23541077073543,Ranked long-short | Last observed
2025-03-31,2025-04-01,2025-05-06,0.13459619670511852,13412.642797770011,99650.97919635307,99637.56655355531,13.412642797760782,92.43081997174536,Ranked long-short | Last observed
2025-04-30,2025-05-06,2025-06-03,0.18554255024854535,18515.940558734514,99793.50038000073,99774.98443944199,18.515940558732837,79.09504393494673,Ranked long-short | Last observed
2025-05-31,2025-06-03,2025-07-01,0.21204948792465855,21142.204924448703,99704.1074296796,99682.96522475517,21.14220492442837,80.12879692587211,Ranked long-short | Last observed
2025-06-30,2025-07-01,2025-08-01,0.29931922553826024,29924.43527299841,99974.98563343484,99945.06119816186,29.924435272987466,91.43108829609633,Ranked long-short | Last observed
2025-07-31,2025-08-01,2025-09-01,0.26072694711650396,26293.92046927949,100848.49594595314,100822.20202548386,26.293920469281147,82.73324072760465,Ranked long-short | Last observed
2025-08-31,2025-09-01,2025-10-09,0.3496045182203124,34857.49658200891,99705.50941233132,99670.6519157493,34.8574965820153,115.73953006600846,Ranked long-short | Last observed
2025-09-30,2025-10-09,2025-11-03,0.1621056042676694,15980.832454315369,98582.84990522447,98566.86907277018,15.980832454297342,72.30087562587954,Ranked long-short | Last observed
2025-10-31,2025-11-03,2025-12-01,0.17379028376163522,17112.47071421628,98466.21079051323,98449.09831979903,17.112470714200754,80.18580143261717,Ranked long-short | Last observed
2025-11-30,2025-12-01,2026-01-05,0.4250128981637043,42455.57232676332,99892.43270073771,99849.97712841094,42.45557232676947,98.66325123538729,Ranked long-short | Last observed
2025-12-31,2026-01-05,2026-02-02,0.22005150886040334,21785.303759757666,99000.92879425728,98979.14349049755,21.78530375973787,92.04682973331775,Ranked long-short | Last observed
2026-01-31,2026-02-02,2026-03-02,0.2232699913263219,21974.007906212057,98418.99386333466,98397.01985542846,21.974007906203042,80.32395053101294,Ranked long-short | Last observed
2026-02-28,2026-03-02,2026-04-01,0.08400753628294932,8246.149958042372,98159.64522835387,98151.39907839583,8.246149958038586,78.4562655129646,Ranked long-short | Last observed
2026-03-31,2026-04-01,2026-05-06,0.17909028830662924,17926.9892988118,100100.28722561509,100082.36023631628,17.92698929880862,87.03969827137024,Ranked long-short | Last observed
2026-04-30,2026-05-06,2026-06-01,0.28336168198237793,28368.06877101629,100112.57899288049,100084.21092410947,28.368068771014805,77.0694797107659,Ranked long-short | Last observed
2026-05-31,2026-06-01,2026-07-01,0.3744491614157612,36884.36810585815,98503.0062997108,98466.12193160495,36.88436810584972,90.88489260990558,Ranked long-short | Last observed
2026-06-30,2026-07-01,2026-08-03,0.25879790873263914,26025.809956612953,100564.22049182744,100538.19468187084,26.025809956598096,98.56547205094967,Ranked long-short | Last observed
2026-07-31,2026-08-03,2026-09-01,0.20835149738779243,20805.061347813407,99855.58831425227,99834.78325290445,20.805061347811716,77.02705002688116,Ranked long-short | Last observed
2026-08-31,2026-09-01,2026-10-08,0.6057300215076366,61440.20274508396,101431.66190138947,101370.2216986444,61.440202745070565,98.73271746039585,Ranked long-short | Last observed
2024-12-31,2025-01-02,2025-02-05,0.7324495390050015,73244.95390050016,100000.0,99926.75504609951,73.24495390048833,102.21854043169053,Sector neutral | Equal factors
2025-01-31,2025-02-05,2025-03-03,0.20252409879392852,20015.718945219865,98831.29496399427,98811.27924504905,20.015718945214758,78.51293957498385,Sector neutral | Equal factors
2025-02-28,2025-03-03,2025-04-01,0.1308617416720398,13034.902237205662,99608.19771047513,99595.16280823792,13.03490223721019,86.09593091997954,Sector neutral | Equal factors
2025-03-31,2025-04-01,2025-05-06,0.14948992063840782,14910.949562285836,99745.51794935415,99730.60699979187,14.91094956228335,96.36771962685607,Sector neutral | Equal factors
2025-04-30,2025-05-06,2025-06-03,0.2048953756375714,20404.33905276786,99584.18529103369,99563.78095198094,20.40433905275131,82.55529948605826,Sector neutral | Equal factors
2025-05-31,2025-06-03,2025-07-01,0.2714401419542515,26780.433592532056,98660.5496140863,98633.76918049378,26.78043359251751,80.22415230951097,Sector neutral | Equal factors
2025-06-30,2025-07-01,2025-08-01,0.46418471438120207,45962.41430949964,99017.50937829021,98971.54696398071,45.962414309498854,83.11352308834583,Sector neutral | Equal factors
2025-07-31,2025-08-01,2025-09-01,0.22961380427891645,22706.947059308626,98891.90735120632,98869.200404147,22.70694705931237,91.20548027114673,Sector neutral | Equal factors
2025-08-31,2025-09-01,2025-10-09,0.2850821984423232,28638.242573491032,100456.08855961246,100427.45031703898,28.638242573477328,115.02575584658129,Sector neutral | Equal factors
2025-09-30,2025-10-09,2025-11-03,0.2842624257282029,28383.95405042634,99851.2342168135,99822.85026276307,28.383954050426837,74.0113789470045,Sector neutral | Equal factors
2025-10-31,2025-11-03,2025-12-01,0.2308908062594669,23022.89891607728,99713.36359839709,99690.34069948102,23.02289891606779,83.92999762936589,Sector neutral | Equal factors
2025-11-30,2025-12-01,2026-01-05,0.3010308840542319,30562.00763580559,101524.49218565802,101493.93017802222,30.56200763580273,132.39038347506948,Sector neutral | Equal factors
2025-12-31,2026-01-05,2026-02-02,0.2076132410779711,20423.267289329277,98371.69914253747,98351.27587524816,20.423267289312207,102.7441517823681,Sector neutral | Equal factors
2026-01-31,2026-02-02,2026-03-02,0.18829802529228823,18416.227338486962,97803.6137654663,97785.19753812783,18.4162273384718,85.35934616172644,Sector neutral | Equal factors
2026-02-28,2026-03-02,2026-04-01,0.17070149249225156,16636.67018475506,97460.60179005306,97443.96511986831,16.636670184743707,79.3656900851122,Sector neutral | Equal factors
2026-03-31,2026-04-01,2026-05-06,0.11798138719976603,11627.274020871217,98551.76563726888,98540.13836324803,11.627274020851473,86.09192754694794,Sector neutral | Equal factors
2026-04-30,2026-05-06,2026-06-01,0.21825297183419815,22108.351797394633,101296.91069769188,101274.80234589451,22.10835179737478,71.70760409017309,Sector neutral | Equal factors
2026-05-31,2026-06-01,2026-07-01,0.16172311474601478,16320.287415342176,100914.9956144061,100898.67532699078,16.320287415321218,91.91194779431999,Sector neutral | Equal factors
2026-06-30,2026-07-01,2026-08-03,0.4276307661780155,43638.027395012425,102046.04262932441,102002.40460192942,43.638027394990786,107.65257028822,Sector neutral | Equal factors
2026-07-31,2026-08-03,2026-09-01,0.1719676494258818,17861.227672856316,103863.88214577835,103846.0209181055,17.861227672852692,89.85810166530291,Sector neutral | Equal factors
2026-08-31,2026-09-01,2026-10-08,0.11879573244166432,12522.202349472487,105409.53022552072,105397.00802317125,12.522202349471627,122.60305459547202,Sector neutral | Equal factors
2024-12-31,2025-01-02,2025-02-05,0.8007500478251628,80075.00478251628,100000.0,99919.9249952175,80.07500478249858,111.7494715132604,Sector neutral | Ridge
2025-01-31,2025-02-05,2025-03-03,0.15416848319390195,15235.360693252265,98822.79683643467,98807.56147574142,15.235360693259281,84.22313024153478,Sector neutral | Ridge
2025-02-28,2025-03-03,2025-04-01,0.084766992064086,8420.253108383757,99334.10285477432,99325.68260166593,8.420253108386532,93.20830934595104,Sector neutral | Ridge
2025-03-31,2025-04-01,2025-05-06,0.1322747186675253,13148.198148396332,99400.68881525687,99387.54061710849,13.148198148381198,102.39337196633869,Sector neutral | Ridge
2025-04-30,2025-05-06,2025-06-03,0.2205517319740828,21877.495919023775,99194.39635864939,99172.51886273039,21.877495919005014,82.69900966487536,Sector neutral | Ridge
2025-05-31,2025-06-03,2025-07-01,0.4297951057927578,42252.722191358254,98308.98868292842,98266.73596073707,42.25272219134786,80.7556037650411,Sector neutral | Ridge
2025-06-30,2025-07-01,2025-08-01,0.45735814607793,45155.76504592772,98731.73886408389,98686.58309903796,45.155765045929,76.6958516437503,Sector neutral | Ridge
2025-07-31,2025-08-01,2025-09-01,0.3345065997999318,32880.6220671162,98295.88440641256,98263.00378434546,32.88062206709583,81.07890044952798,Sector neutral | Ridge
2025-08-31,2025-09-01,2025-10-09,0.5038683713744031,50074.148085755594,99379.42314015109,99329.34899206535,50.07414808573958,112.69056684100306,Sector neutral | Ridge
2025-09-30,2025-10-09,2025-11-03,0.253792919672,25123.16386635648,98990.79887187343,98965.67570800707,25.12316386635939,77.53113711434942,Sector neutral | Ridge
2025-10-31,2025-11-03,2025-12-01,0.2497206136991891,24791.865932385987,99278.41184248416,99253.61997655177,24.791865932391374,91.84117249633205,Sector neutral | Ridge
2025-11-30,2025-12-01,2026-01-05,0.30738091176600135,31125.64118991349,101260.81353291184,101229.68789172193,31.125641189908492,131.39872205289737,Sector neutral | Ridge
2025-12-31,2026-01-05,2026-02-02,0.14877176434564293,14581.215368926198,98010.6368507502,97996.05563538129,14.581215368918492,103.37297815276564,Sector neutral | Ridge
2026-01-31,2026-02-02,2026-03-02,0.23804083196784695,23218.932911247146,97541.80708956442,97518.58815665319,23.218932911229786,93.20043082871291,Sector neutral | Ridge
2026-02-28,2026-03-02,2026-04-01,0.10837276258206326,10548.480641136895,97335.16420372928,97324.61572308815,10.548480641125934,88.62891698441322,Sector neutral | Ridge
2026-03-31,2026-04-01,2026-05-06,0.39860309388642434,39375.259193115504,98783.12486037768,98743.74960118457,39.37525919311156,80.32835951387091,Sector neutral | Ridge
2026-04-30,2026-05-06,2026-06-01,0.4521090957024961,45961.988893681024,101661.27894919782,101615.31696030413,45.961988893686794,80.1607259223447,Sector neutral | Ridge
2026-05-31,2026-06-01,2026-07-01,0.21240148826407862,21407.59481346006,100788.34658090536,100766.9389860919,21.407594813455944,86.76429680338771,Sector neutral | Ridge
2026-06-30,2026-07-01,2026-08-03,0.5301802361908158,53915.00936380432,101691.85058871169,101637.93557934789,53.9150093638018,105.9203574759083,Sector neutral | Ridge
2026-07-31,2026-08-03,2026-09-01,0.2577582301944713,26462.452264176067,102663.84993492116,102637.38748265698,26.462452264182502,93.34283262335478,Sector neutral | Ridge
2026-08-31,2026-09-01,2026-10-08,0.1580373549419186,16483.1880217776,104299.31599295276,104282.83280493098,16.483188021782553,127.33395298538765,Sector neutral | Ridge
2024-12-31,2025-01-02,2025-02-05,0.8007500478251628,80075.00478251628,100000.0,99919.9249952175,80.07500478249858,111.7494715132604,Sector neutral | Elastic Net
2025-01-31,2025-02-05,2025-03-03,0.15416848319390195,15235.360693252265,98822.79683643467,98807.56147574142,15.235360693259281,84.22313024153478,Sector neutral | Elastic Net
2025-02-28,2025-03-03,2025-04-01,0.17537081315091485,17420.302391258385,99334.10285477432,99316.68255238308,17.42030239124142,95.51907999734426,Sector neutral | Elastic Net
2025-03-31,2025-04-01,2025-05-06,0.3315873371948132,33038.131009428515,99636.28674402018,99603.24861301077,33.03813100940897,97.09454973841673,Sector neutral | Elastic Net
2025-04-30,2025-05-06,2025-06-03,0.30530994064351535,30272.569177511763,99153.5654348657,99123.29286568818,30.272569177512196,82.65796057938437,Sector neutral | Elastic Net
2025-05-31,2025-06-03,2025-07-01,0.42979510579275776,42231.74932103622,98260.19131404415,98217.9595647231,42.231749321043026,80.71551932272111,Sector neutral | Elastic Net
2025-06-30,2025-07-01,2025-08-01,0.5057625395738531,49910.02897433597,98682.73165582669,98632.82162685235,49.910028974336456,88.86433800932896,Sector neutral | Elastic Net
2025-07-31,2025-08-01,2025-09-01,0.41264044507842146,40629.23869046784,98461.60058970065,98420.9713510102,40.62923869045335,81.20924285835534,Sector neutral | Elastic Net
2025-08-31,2025-09-01,2025-10-09,0.5038683713744031,50154.647266742126,99539.18546213799,99489.03081487125,50.15464726673963,112.87172815242612,Sector neutral | Elastic Net
2025-09-30,2025-10-09,2025-11-03,0.25379291967199996,25163.55185481648,99149.93644163778,99124.77288978297,25.163551854813704,77.65577614021905,Sector neutral | Elastic Net
2025-10-31,2025-11-03,2025-12-01,0.36304934645130643,36100.905188691846,99438.0117787482,99401.91087355951,36.100905188694014,86.56651517332833,Sector neutral | Elastic Net
2025-11-30,2025-12-01,2026-01-05,0.4234773244292613,42966.317111271455,101460.72677959563,101417.76046248435,42.96631711127702,131.6428450563963,Sector neutral | Elastic Net
2025-12-31,2026-01-05,2026-02-02,0.14877176434564293,14608.305511318098,98192.72881229313,98178.12050678182,14.60830551131221,103.56503269875371,Sector neutral | Elastic Net
2026-01-31,2026-02-02,2026-03-02,0.16908740632677094,16523.73334661536,97723.02802186413,97706.50428851752,16.523733346606605,92.63780491773295,Sector neutral | Elastic Net
2026-02-28,2026-03-02,2026-04-01,0.10630627175962823,10373.562057276544,97581.84428414972,97571.47072209246,10.373562057255185,87.33746944645563,Sector neutral | Elastic Net
2026-03-31,2026-04-01,2026-05-06,0.1919315779835856,18975.669087789,98866.84248181318,98847.8668127254,18.975669087769347,89.40994018178053,Sector neutral | Elastic Net
2026-04-30,2026-05-06,2026-06-01,0.23062565671299884,23342.19304333235,101212.47295733643,101189.1307642931,23.342193043325096,74.62192359064312,Sector neutral | Elastic Net
2026-05-31,2026-06-01,2026-07-01,0.11267387327734282,11310.925326979861,100386.40722981459,100375.09630448761,11.310925326979486,90.45440537194271,Sector neutral | Elastic Net
2026-06-30,2026-07-01,2026-08-03,0.5357591260262436,54460.03438549534,101650.22253457175,101595.76250018625,54.46003438549815,100.8893501430704,Sector neutral | Elastic Net
2026-07-31,2026-08-03,2026-09-01,0.4693692429874073,48949.64673942238,104288.14301480689,104239.19336806747,48.94964673942013,94.79958344607269,Sector neutral | Elastic Net
2026-08-31,2026-09-01,2026-10-08,0.15803735494191865,16740.432172580575,105927.05869275628,105910.3182605837,16.74043217257713,129.32118473696593,Sector neutral | Elastic Net
2024-12-31,2025-01-02,2025-02-05,0.7050727357530462,70507.27357530461,100000.0,99929.49272642471,70.50727357529104,98.27655047107818,Sector neutral | KNN
2025-01-31,2025-02-05,2025-03-03,0.3882224455453227,38337.17136697165,98750.52771129897,98712.190539932,38.33717136697669,86.296069404419,Sector neutral | KNN
2025-02-28,2025-03-03,2025-04-01,0.22455909226090198,22408.914601592078,99790.72490886488,99768.3159942633,22.408914601575816,93.62368137364219,Sector neutral | KNN
2025-03-31,2025-04-01,2025-05-06,0.22200497220230453,22165.788177944873,99843.65646435184,99821.49067617391,22.165788177924696,107.85870320249866,Sector neutral | KNN
2025-04-30,2025-05-06,2025-06-03,0.14776092350827688,14780.186634210311,100027.70883725827,100012.92865062406,14.780186634205165,91.95032366769435,Sector neutral | KNN
2025-05-31,2025-06-03,2025-07-01,0.2684973895124318,26635.16327259075,99200.82769131544,99174.19252804285,26.635163272585487,83.02024544028535,Sector neutral | KNN
2025-06-30,2025-07-01,2025-08-01,0.5819031427627886,58006.68904041735,99684.44020599425,99626.43351695384,58.00668904041231,89.75954369639842,Sector neutral | KNN
2025-07-31,2025-08-01,2025-09-01,0.37414126382694035,37209.65355215741,99453.48762538204,99416.2779718299,37.20965355214139,100.93288992012481,Sector neutral | KNN
2025-08-31,2025-09-01,2025-10-09,0.3205565096311665,32511.530853184264,101422.15140348312,101389.63987262995,32.51153085316764,127.46068834309757,Sector neutral | KNN
2025-09-30,2025-10-09,2025-11-03,0.26742642661480387,27166.75947991413,101585.91962582903,101558.75286634912,27.16675947990734,79.56259114397356,Sector neutral | KNN
2025-10-31,2025-11-03,2025-12-01,0.1879416811044146,19147.438939479667,101879.68324515487,101860.5358062154,19.147438939471613,92.90202007668302,Sector neutral | KNN
2025-11-30,2025-12-01,2026-01-05,0.21611149189501763,22392.98786677279,103617.75614251383,103595.36315464706,22.392987866769545,134.4694290047256,Sector neutral | KNN
2025-12-31,2026-01-05,2026-02-02,0.18942416746615456,18999.44949928658,100301.08487968576,100282.08543018647,18.99944949928613,106.78982289205888,Sector neutral | KNN
2026-01-31,2026-02-02,2026-03-02,0.12630331968692937,12617.095708195538,99895.20259221841,99882.58549651023,12.617095708177658,95.45974953622616,Sector neutral | KNN
2026-02-28,2026-03-02,2026-04-01,0.20458763084173076,20396.305563800743,99694.71507091916,99674.31876535536,20.396305563801434,89.2197555836823,Sector neutral | KNN
2026-03-31,2026-04-01,2026-05-06,0.15178886968435878,15330.312791631062,100997.60821402828,100982.27790123667,15.330312791615142,99.64550602702573,Sector neutral | KNN
2026-04-30,2026-05-06,2026-06-01,0.1527068710204244,15781.50909231077,103345.11464254942,103329.33313345711,15.781509092310444,76.20021580892775,Sector neutral | KNN
2026-05-31,2026-06-01,2026-07-01,0.11267387327734282,11550.157238543843,102509.63158170246,102498.08142446392,11.550157238540123,92.36756275570659,Sector neutral | KNN
2026-06-30,2026-07-01,2026-08-03,0.5199984704292021,53975.93339132692,103800.17723278237,103746.20129939105,53.97593339132436,117.91967482354593,Sector neutral | KNN
2026-07-31,2026-08-03,2026-09-01,0.35769311184362884,37782.75011919933,105628.95641031145,105591.17366019226,37.782750119193224,85.96806745560352,Sector neutral | KNN
2026-08-31,2026-09-01,2026-10-08,0.2590800009304402,27820.692428431128,107382.63211563227,107354.81142320385,27.820692428416805,131.1589808026215,Sector neutral | KNN
2024-12-31,2025-01-02,2025-02-05,0.8007500478251628,80075.00478251628,100000.0,99919.9249952175,80.07500478249858,111.7494715132604,Sector neutral | SVR
2025-01-31,2025-02-05,2025-03-03,0.2011942904211233,19882.582486937303,98822.79683643467,98802.91425394773,19.88258248694183,86.37538179611556,Sector neutral | SVR
2025-02-28,2025-03-03,2025-04-01,0.22455909226090198,22429.510031078524,99882.43987475242,99860.01036472135,22.429510031070095,93.70972837601936,Sector neutral | SVR
2025-03-31,2025-04-01,2025-05-06,0.22200497220230456,22186.16015648764,99935.4200782055,99913.23391804902,22.186160156474216,107.95783322980253,Sector neutral | SVR
2025-04-30,2025-05-06,2025-06-03,0.1477609235082769,14793.77070541739,100119.64160868761,100104.8478379822,14.793770705407951,92.0348327321012,Sector neutral | SVR
2025-05-31,2025-06-03,2025-07-01,0.4655946501645931,46229.82423627344,99292.00049856814,99245.77067433187,46.229824236274,81.73894199121719,Sector neutral | SVR
2025-06-30,2025-07-01,2025-08-01,0.545879434475881,54356.71809606316,99576.41681125622,99522.06009316017,54.356718096052646,83.37822311944632,Sector neutral | SVR
2025-07-31,2025-08-01,2025-09-01,0.20400220808557248,20326.37229174133,99638.00138484314,99617.6750125514,20.326372291747248,101.1373593063871,Sector neutral | SVR
2025-08-31,2025-09-01,2025-10-09,0.2409301507150105,24485.155859925053,101627.61193341823,101603.12677755833,24.485155859903898,122.18916453138499,Sector neutral | SVR
2025-09-30,2025-10-09,2025-11-03,0.2140366501671934,21799.32619407612,101848.56741613042,101826.76808993635,21.79932619407191,83.27311288359356,Sector neutral | SVR
2025-10-31,2025-11-03,2025-12-01,0.24019556016536026,24445.565623997638,101773.59484566796,101749.14928004396,24.445565624002484,88.61066349346294,Sector neutral | SVR
2025-11-30,2025-12-01,2026-01-05,0.4234773244292614,43980.90716112525,103856.58127126456,103812.60036410345,43.98090716110892,134.75140845462215,Sector neutral | SVR
2025-12-31,2026-01-05,2026-02-02,0.14877176434564293,14953.260406535765,100511.4140596915,100496.46079928498,14.953260406517074,106.01057745924179,Sector neutral | SVR
2026-01-31,2026-02-02,2026-03-02,0.23804083196784695,23811.37246787206,100030.6219358549,100006.81056338703,23.81137246786966,95.57847387351912,Sector neutral | SVR
2026-02-28,2026-03-02,2026-04-01,0.10837276258206335,10817.628978745237,99818.70648128749,99807.88885230874,10.8176289787516,90.8903161832092,Sector neutral | SVR
2026-03-31,2026-04-01,2026-05-06,0.26950358407178937,27301.68661667148,101303.61238312496,101276.3106965083,27.301686616658117,99.9356465079331,Sector neutral | SVR
2026-04-30,2026-05-06,2026-06-01,0.1890276724955614,19591.96731766511,103646.0273726597,103626.43540534202,19.591967317668605,81.74722606122664,Sector neutral | SVR
2026-05-31,2026-06-01,2026-07-01,0.2124014882640787,21831.28299434785,102783.09805063618,102761.26676764185,21.83128299433156,88.4814914438394,Sector neutral | SVR
2026-06-30,2026-07-01,2026-08-03,0.530180236190816,54982.06768768179,103704.4837482273,103649.50168053963,54.98206768766977,108.01667908368348,Sector neutral | SVR
2026-07-31,2026-08-03,2026-09-01,0.36786097146278335,38513.46941763954,104695.72040896969,104657.20693955207,38.51346941762313,87.177966509514,Sector neutral | SVR
2026-08-31,2026-09-01,2026-10-08,0.3327968011906269,35353.486230049835,106231.44845012878,106196.09496389874,35.35348623004393,135.0145433157216,Sector neutral | SVR
2024-12-31,2025-01-02,2025-02-05,0.8212710465850604,82127.10465850604,100000.0,99917.87289534151,82.12710465848795,114.45224011049828,Sector neutral | Random Forest
2025-01-31,2025-02-05,2025-03-03,0.13038006041273584,12895.477609148274,98906.82339251786,98893.92791490874,12.895477609126829,86.45494766493157,Sector neutral | Random Forest
2025-02-28,2025-03-03,2025-04-01,0.1716881129734155,17164.424315049066,99974.44795556019,99957.28353124514,17.164424315051292,90.29938330874046,Sector neutral | Random Forest
2025-03-31,2025-04-01,2025-05-06,0.15735671507538726,15783.624451685904,100304.74037364217,100288.95674919049,15.783624451680225,108.36380770539871,Sector neutral | Random Forest
2025-04-30,2025-05-06,2025-06-03,0.19110290344407221,19205.104260104406,100496.14063412142,100476.93552986131,19.205104260108783,88.75927900183387,Sector neutral | Random Forest
2025-05-31,2025-06-03,2025-07-01,0.2464745369938996,24543.527341748915,99578.34850241095,99553.80497506922,24.54352734173881,83.95788677889529,Sector neutral | Random Forest
2025-06-30,2025-07-01,2025-08-01,0.44232134158161807,44111.061052326906,99726.27794670279,99682.16688565045,44.111061052331934,98.97923964011247,Sector neutral | Random Forest
2025-07-31,2025-08-01,2025-09-01,0.14236939581832303,14195.825384941316,99711.21464234173,99697.01881695678,14.195825384944328,104.71255971700722,Sector neutral | Random Forest
2025-08-31,2025-09-01,2025-10-09,0.2011717208269376,20434.113393727566,101575.47646225317,101555.04234885945,20.434113393712323,127.66862194953262,Sector neutral | Random Forest
2025-09-30,2025-10-09,2025-11-03,0.17418286098095523,17723.392166017533,101751.64230397713,101733.91891181111,17.723392166022677,83.19718157165852,Sector neutral | Random Forest
2025-10-31,2025-11-03,2025-12-01,0.16345133714709606,16619.861766445727,101680.79415275069,101664.17429098426,16.619861766434042,94.07170206951916,Sector neutral | Random Forest
2025-11-30,2025-12-01,2026-01-05,0.19782262167554915,20518.185304422565,103720.11618607827,103699.59800077387,20.51818530440505,137.4104703313245,Sector neutral | Random Forest
2025-12-31,2026-01-05,2026-02-02,0.13656091785697178,13723.902696942543,100496.56162472772,100482.83772203079,13.723902696932782,107.00360286680974,Sector neutral | Random Forest
2026-01-31,2026-02-02,2026-03-02,0.12630331968692934,12642.353568250735,100095.18039262625,100082.53803905801,12.642353568240651,95.65084810997514,Sector neutral | Random Forest
2026-02-28,2026-03-02,2026-04-01,0.20458763084173084,20437.136436728102,99894.29152018622,99873.85438374951,20.437136436710716,89.39836246380831,Sector neutral | Random Forest
2026-03-31,2026-04-01,2026-05-06,0.17621431627676024,17832.85231211352,101199.79289370246,101181.96004139035,17.83285231210175,100.8880352993755,Sector neutral | Random Forest
2026-04-30,2026-05-06,2026-06-01,0.13916205319969888,14475.514337904438,104019.1201917087,104004.64467737082,14.475514337886125,82.04558196566408,Sector neutral | Random Forest
2026-05-31,2026-06-01,2026-07-01,0.11523067090632023,11886.991978985876,103158.22936282055,103146.34237084156,11.88699197898677,99.8020205218626,Sector neutral | Random Forest
2026-06-30,2026-07-01,2026-08-03,0.5554902990932334,58256.765295591715,104874.49626157,104816.23949627441,58.25676529559132,115.1152112790283,Sector neutral | Random Forest
2026-07-31,2026-08-03,2026-09-01,0.2565809920048684,27132.030211615485,105744.50585607167,105717.37382586006,27.132030211607344,101.25586455009233,Sector neutral | Random Forest
2026-08-31,2026-09-01,2026-10-08,0.10095399595011484,10804.219855646044,107021.2204476266,107010.41622777097,10.804219855635893,136.04984704879544,Sector neutral | Random Forest
2024-12-31,2025-01-02,2025-02-05,0.7837605583683651,78376.05583683652,100000.0,99921.62394416318,78.37605583682307,109.23446203031483,Sector neutral | Extra Trees
2025-01-31,2025-02-05,2025-03-03,0.1747139970200311,17279.007561191982,98898.81667128782,98881.53766372663,17.2790075611847,81.88630822790054,Sector neutral | Extra Trees
2025-02-28,2025-03-03,2025-04-01,0.12339497660184122,12351.300800052548,100095.6533255524,100083.30202475234,12.351300800059107,90.4132258607506,Sector neutral | Extra Trees
2025-03-31,2025-04-01,2025-05-06,0.15735671507538726,15803.523237499376,100431.19691414594,100415.39339090846,15.803523237482295,108.50042450124701,Sector neutral | Extra Trees
2025-04-30,2025-05-06,2025-06-03,0.1477609235082769,14868.123539448652,100622.83847742605,100607.9703538866,14.86812353944697,92.49739571076891,Sector neutral | Extra Trees
2025-05-31,2025-06-03,2025-07-01,0.2523401409353583,25181.284512224804,99791.03767987301,99765.85639536081,25.181284512204,84.13671860898557,Sector neutral | Extra Trees
2025-06-30,2025-07-01,2025-08-01,0.540641822715011,54031.039163962334,99938.69673756957,99884.66569840562,54.03103916395048,95.37396100362423,Sector neutral | Extra Trees
2025-07-31,2025-08-01,2025-09-01,0.14986877912223945,15002.845523127382,100106.54394462248,100091.54109909936,15.002845523122232,101.61845429934166,Sector neutral | Extra Trees
2025-08-31,2025-09-01,2025-10-09,0.24093015071501045,24601.62801192416,102111.03898334724,102086.43735533534,24.60162801190745,122.770399751016,Sector neutral | Extra Trees
2025-09-30,2025-10-09,2025-11-03,0.21403665016719337,21903.0222639921,102333.045517591,102311.14249532702,21.903022263984894,83.66923038093368,Sector neutral | Extra Trees
2025-10-31,2025-11-03,2025-12-01,0.21612965368636639,22100.924813713355,102257.71631404551,102235.6153892318,22.10092481371248,93.24411184633595,Sector neutral | Extra Trees
2025-11-30,2025-12-01,2026-01-05,0.2161114918950176,22475.445243273727,103999.30631265006,103976.8308674068,22.47544524326804,134.96458384521753,Sector neutral | Extra Trees
2025-12-31,2026-01-05,2026-02-02,0.14877176434564293,14976.916316068695,100670.42211902975,100655.44520271369,14.976916316067218,106.1782851404919,Sector neutral | Extra Trees
2026-01-31,2026-02-02,2026-03-02,0.16908740632677097,16940.676067429984,100188.86938682571,100171.92871075828,16.940676067431923,94.97533104590694,Sector neutral | Extra Trees
2026-02-28,2026-03-02,2026-04-01,0.10630627175962826,10635.317745169326,100044.12316534914,100033.48784760397,10.635317745167413,89.54125241584903,Sector neutral | Extra Trees
2026-03-31,2026-04-01,2026-05-06,0.1517888696843587,15385.554447096154,101361.5456725519,101346.1601181048,15.38555444710073,100.00457128468932,Sector neutral | Extra Trees
2026-04-30,2026-05-06,2026-06-01,0.15270687102042443,15838.376600485335,103717.51116796155,103701.67279136108,15.838376600469928,76.47479768636867,Sector neutral | Extra Trees
2026-05-31,2026-06-01,2026-07-01,0.2352913577609284,24206.54371393412,102879.01750530748,102854.81096159355,24.206543713924475,99.51994145808028,Sector neutral | Extra Trees
2026-06-30,2026-07-01,2026-08-03,0.433311489059244,45314.88375054327,104578.08042183632,104532.76553808578,45.31488375054323,118.81369694766256,Sector neutral | Extra Trees
2026-07-31,2026-08-03,2026-09-01,0.1515606564308898,16130.569591300726,106429.79498215692,106413.66441256562,16.130569591303356,101.92277011900191,Sector neutral | Extra Trees
2026-08-31,2026-09-01,2026-10-08,0.10095399595011485,10875.380122969516,107726.0986117226,107715.22323159964,10.87538012296136,136.9459176225769,Sector neutral | Extra Trees
2024-12-31,2025-01-02,2025-02-05,0.7430719985003035,74307.19985003035,100000.0,99925.69280014999,74.30719985000906,103.77808467887459,Sector neutral | XGBoost
2025-01-31,2025-02-05,2025-03-03,0.23084546851047866,22801.79635658603,98775.15250229397,98752.3507059374,22.80179635657987,86.331178183324,Sector neutral | XGBoost
2025-02-28,2025-03-03,2025-04-01,0.09073270365991397,9057.965924389442,99831.32386686813,99822.26590094375,9.057965924381278,96.00533119981492,Sector neutral | XGBoost
2025-03-31,2025-04-01,2025-05-06,0.10747958334890706,10763.381340789487,100143.49707561401,100132.73369427322,10.763381340788328,108.19500621786761,Sector neutral | XGBoost
2025-04-30,2025-05-06,2025-06-03,0.3709310014860853,37219.066403739875,100339.5948427785,100302.37577637477,37.21906640373345,81.07110405499769,Sector neutral | XGBoost
2025-05-31,2025-06-03,2025-07-01,0.40095331847113375,39798.30787731616,99259.2056079501,99219.40730007281,39.79830787729588,81.53850907318571,Sector neutral | XGBoost
2025-06-30,2025-07-01,2025-08-01,0.6410204631578028,63902.6365738586,99688.9182898478,99625.01565327396,63.90263657383912,95.12603652887304,Sector neutral | XGBoost
2025-07-31,2025-08-01,2025-09-01,0.22867985352108963,22832.841175293106,99846.31712730821,99823.48428613294,22.832841175273643,104.84538738979414,Sector neutral | XGBoost
2025-08-31,2025-09-01,2025-10-09,0.20117172082693768,20460.03402574046,101704.32475119924,101683.8647171735,20.460034025731147,127.83056934139557,Sector neutral | XGBoost
2025-09-30,2025-10-09,2025-11-03,0.1741828609809553,17745.874253569058,101880.71405894145,101862.9681846879,17.745874253552756,83.30271703025545,Sector neutral | XGBoost
2025-10-31,2025-11-03,2025-12-01,0.1634513371470961,16640.944027890233,101809.77603697676,101793.13509294888,16.640944027880323,94.19103183564049,Sector neutral | XGBoost
2025-11-30,2025-12-01,2026-01-05,0.30738091176600146,31922.025607207423,103851.68494622908,103819.7629206219,31.922025607185788,134.76070563603957,Sector neutral | XGBoost
2025-12-31,2026-01-05,2026-02-02,0.18942416746615445,19040.60454610972,100518.3488506651,100499.308246119,19.04060454609862,107.02114223431266,Sector neutral | XGBoost
2026-01-31,2026-02-02,2026-03-02,0.19834525561262933,19856.658387547017,100111.58737432727,100091.73071593972,19.85665838755085,94.89929346526793,Sector neutral | XGBoost
2026-02-28,2026-03-02,2026-04-01,0.10630627175962827,10626.803072761615,99964.02749209512,99953.40068902235,10.626803072766052,89.46956537747694,Sector neutral | XGBoost
2026-03-31,2026-04-01,2026-05-06,0.1517888696843587,15373.236718649572,101280.39526625272,101265.02202953407,15.373236718645785,99.92450727680861,Sector neutral | XGBoost
2026-04-30,2026-05-06,2026-06-01,0.18902767249556143,19589.78351779229,103634.47456748577,103614.88478396798,19.58978351778933,81.73811418496727,Sector neutral | XGBoost
2026-05-31,2026-06-01,2026-07-01,0.11523067090632023,11842.445192243977,102771.64143105267,102759.79898586043,11.842445192247396,99.42801006299652,Sector neutral | XGBoost
2026-06-30,2026-07-01,2026-08-03,0.5554902990932336,58038.44667432207,104481.47657855118,104423.43813187687,58.03844667431258,114.68381427155484,Sector neutral | XGBoost
2026-07-31,2026-08-03,2026-09-01,0.4237758885152712,44644.03798821111,105348.22579128947,105303.58175330126,44.644037988211494,85.73392174442073,Sector neutral | XGBoost
2026-08-31,2026-09-01,2026-10-08,0.2590800009304402,27744.91899293292,107090.16092825354,107062.4160092606,27.74491899293207,130.80175149938162,Sector neutral | XGBoost
2024-12-31,2025-01-02,2025-02-05,0.8007500478251628,80075.00478251628,100000.0,99919.9249952175,80.07500478249858,111.7494715132604,Sector neutral | MLP
2025-01-31,2025-02-05,2025-03-03,0.15416848319390195,15235.360693252265,98822.79683643467,98807.56147574142,15.235360693259281,84.22313024153478,Sector neutral | MLP
2025-02-28,2025-03-03,2025-04-01,0.084766992064086,8420.253108383757,99334.10285477432,99325.68260166593,8.420253108386532,93.20830934595104,Sector neutral | MLP
2025-03-31,2025-04-01,2025-05-06,0.1322747186675253,13148.198148396332,99400.68881525687,99387.54061710849,13.148198148381198,102.39337196633869,Sector neutral | MLP
2025-04-30,2025-05-06,2025-06-03,0.405809951091626,40254.07313486687,99194.39635864939,99154.14228551454,40.2540731348563,80.14302477376006,Sector neutral | MLP
2025-05-31,2025-06-03,2025-07-01,0.4009533184711337,39342.70800113591,98122.91403685776,98083.57132885663,39.34270800113154,80.60507907027747,Sector neutral | MLP
2025-06-30,2025-07-01,2025-08-01,0.5497705448453807,54178.62683915452,98547.70748838846,98493.5288615493,54.178626839158824,82.51653369667619,Sector neutral | MLP
2025-07-31,2025-08-01,2025-09-01,0.212342417328196,20938.71883103641,98608.27193406945,98587.33321523841,20.938718831035658,90.07197553563154,Sector neutral | MLP
2025-08-31,2025-09-01,2025-10-09,0.2917779599522715,29281.272931543135,100354.64274386218,100325.36147093063,29.2812729315483,120.65250832565772,Sector neutral | MLP
2025-09-30,2025-10-09,2025-11-03,0.15940496424562026,16030.993083569003,100567.71543744105,100551.6844443575,16.03099308355013,78.7736392235185,Sector neutral | MLP
2025-10-31,2025-11-03,2025-12-01,0.249720613699189,25189.176572442684,100869.43244014817,100844.24326357574,25.18917657242855,93.31300503719818,Sector neutral | MLP
2025-11-30,2025-12-01,2026-01-05,0.3152617787061386,32435.267932406303,102883.60379594199,102851.16852800958,32.43526793240744,136.25980748539973,Sector neutral | MLP
2025-12-31,2026-01-05,2026-02-02,0.3816479611756121,38063.544975779456,99734.70016328695,99696.63661831117,38.06354497578286,103.77922327541266,Sector neutral | MLP
2026-01-31,2026-02-02,2026-03-02,0.15299320936080665,15164.120309313315,99116.2965511201,99101.1324308108,15.164120309302234,93.96008423495266,Sector neutral | MLP
2026-02-28,2026-03-02,2026-04-01,0.18876611794114292,18683.06858591163,98974.69307355779,98956.01000497187,18.68306858591677,90.11455047295749,Sector neutral | MLP
2026-03-31,2026-04-01,2026-05-06,0.2695035840717894,27068.66165649245,100438.9672579716,100411.89859631512,27.06866165647807,99.08267722530434,Sector neutral | MLP
2026-04-30,2026-05-06,2026-06-01,0.18902767249556143,19424.746241981094,102761.38930101469,102741.96455477271,19.42474624197348,81.04949832135758,Sector neutral | MLP
2026-05-31,2026-06-01,2026-07-01,0.11523067090632023,11742.676611764451,101905.82524084204,101894.08256423028,11.742676611756906,98.5903628319681,Sector neutral | MLP
2026-06-30,2026-07-01,2026-08-03,0.5554902990932333,57549.49246394276,103601.25560767655,103543.70611521261,57.54949246393517,113.71764206909924,Sector neutral | MLP
2026-07-31,2026-08-03,2026-09-01,0.4237758885152712,44267.927123887675,104460.70275254095,104416.43482541706,44.26792712388851,85.01164255861664,Sector neutral | MLP
2026-08-31,2026-09-01,2026-10-08,0.2590800009304402,27511.17746924344,106187.96267732704,106160.4514998578,27.51117746924865,129.6997911474878,Sector neutral | MLP
2024-12-31,2025-01-02,2025-02-05,0.8007500478251628,80075.00478251628,100000.0,99919.9249952175,80.07500478249858,111.7494715132604,Sector neutral | LSTM
2025-01-31,2025-02-05,2025-03-03,0.15416848319390195,15235.360693252265,98822.79683643467,98807.56147574142,15.235360693259281,84.22313024153478,Sector neutral | LSTM
2025-02-28,2025-03-03,2025-04-01,0.084766992064086,8420.253108383757,99334.10285477432,99325.68260166593,8.420253108386532,93.20830934595104,Sector neutral | LSTM
2025-03-31,2025-04-01,2025-05-06,0.1322747186675253,13148.198148396332,99400.68881525687,99387.54061710849,13.148198148381198,102.39337196633869,Sector neutral | LSTM
2025-04-30,2025-05-06,2025-06-03,0.2205517319740828,21877.495919023775,99194.39635864939,99172.51886273039,21.877495919005014,82.69900966487536,Sector neutral | LSTM
2025-05-31,2025-06-03,2025-07-01,0.24631373223658828,24214.85391489662,98308.98868292842,98284.77382901355,24.214853914876585,85.82364976986932,Sector neutral | LSTM
2025-06-30,2025-07-01,2025-08-01,0.435737995992622,42925.40580241922,98511.96406371237,98469.03865790996,42.92540580240893,97.7746660105539,Sector neutral | LSTM
2025-07-31,2025-08-01,2025-09-01,0.24733190481747597,24361.63189947126,98497.73290449311,98473.37127259365,24.361631899460917,99.97559902148616,Sector neutral | LSTM
2025-08-31,2025-09-01,2025-10-09,0.2409301507150105,24203.895978880548,100460.22013870176,100436.0162427229,24.20389597886242,120.7855831093335,Sector neutral | LSTM
2025-09-30,2025-10-09,2025-11-03,0.15940496424562012,16048.674613495792,100678.63751574946,100662.58884113596,16.048674613499315,78.86052332683717,Sector neutral | LSTM
2025-10-31,2025-11-03,2025-12-01,0.1879416811044147,18978.480130236432,100980.68729997452,100961.7088198443,18.97848013023031,92.08224387903793,Sector neutral | LSTM
2025-11-30,2025-12-01,2026-01-05,0.21611149189501772,22195.390027326644,102703.42327796563,102681.22788793832,22.19539002730744,133.28285806560064,Sector neutral | LSTM
2025-12-31,2026-01-05,2026-02-02,0.18942416746615445,18831.796562837837,99416.01863554516,99397.18683898234,18.831796562823,105.84749941098299,Sector neutral | LSTM
2026-01-31,2026-02-02,2026-03-02,0.12630331968692932,12505.761264267932,99013.71789170882,99001.21213044456,12.505761264255852,94.61740369231056,Sector neutral | LSTM
2026-02-28,2026-03-02,2026-04-01,0.1083727625820632,10708.854479409658,98814.99949122901,98804.29063674962,10.708854479395086,89.97638683171223,Sector neutral | LSTM
2026-03-31,2026-04-01,2026-05-06,0.2695035840717894,27027.159980697943,100284.97421948401,100257.94705950332,27.02715998068743,98.93076365088237,Sector neutral | LSTM
2026-04-30,2026-05-06,2026-06-01,0.1890276724955615,19394.96421835704,102603.83552472957,102584.44056051123,19.394964218343375,80.92523321932458,Sector neutral | LSTM
2026-05-31,2026-06-01,2026-07-01,0.1152306709063203,11724.672738359643,101749.58321549228,101737.85854275394,11.724672738346271,98.43920407404202,Sector neutral | LSTM
2026-06-30,2026-07-01,2026-08-03,0.4333114890592438,44822.78650646291,103442.41414825394,103397.59136174747,44.82278650646913,117.52343891348542,Sector neutral | LSTM
2026-07-31,2026-08-03,2026-09-01,0.15156065643088987,15955.399576851994,105274.02000351917,105258.06460394233,15.955399576836498,100.81593920312223,Sector neutral | LSTM
2026-08-31,2026-09-01,2026-10-08,0.17725158817600153,18887.26390735682,106556.24641626769,106537.35915236035,18.88726390733791,130.16027189263176,Sector neutral | LSTM
2024-12-31,2025-01-02,2025-02-05,0.7837605583683651,78376.05583683652,100000.0,99921.62394416318,78.37605583682307,109.23446203031483,Sector neutral | CNN
2025-01-31,2025-02-05,2025-03-03,0.1747139970200311,17279.007561191982,98898.81667128782,98881.53766372663,17.2790075611847,81.88630822790054,Sector neutral | CNN
2025-02-28,2025-03-03,2025-04-01,0.1736616221184933,17382.773523525786,100095.6533255524,100078.27055202887,17.38277352352452,96.25154692227218,Sector neutral | CNN
2025-03-31,2025-04-01,2025-05-06,0.10747958334890713,10790.985159033604,100400.32555767559,100389.53457251657,10.790985159022966,108.47248363802001,Sector neutral | CNN
2025-04-30,2025-05-06,2025-06-03,0.1477609235082769,14864.29472303464,100596.92623809304,100582.06194337,14.864294723040075,92.47357592301888,Sector neutral | CNN
2025-05-31,2025-06-03,2025-07-01,0.16832143251052992,16792.644883879995,99765.33964460809,99748.5469997242,16.79264488388435,87.10183713350058,Sector neutral | CNN
2025-06-30,2025-07-01,2025-08-01,0.43573799599262203,43564.701747330895,99979.12082027507,99935.55611852775,43.56470174732385,99.23084205192559,Sector neutral | CNN
2025-07-31,2025-08-01,2025-09-01,0.14236939581832292,14231.910769285696,99964.6777137903,99950.44580302102,14.231910769274691,104.97873606537804,Sector neutral | CNN
2025-08-31,2025-09-01,2025-10-09,0.2011717208269376,20486.056328749273,101833.67843422115,101813.19237789241,20.486056328736595,127.99315195513938,Sector neutral | CNN
2025-09-30,2025-10-09,2025-11-03,0.17418286098095534,17768.444524781797,102010.29208450393,101992.52363997916,17.76844452477235,83.40866644076436,Sector neutral | CNN
2025-10-31,2025-11-03,2025-12-01,0.16345133714709612,16662.108982322945,101939.26383929228,101922.60173030998,16.662108982302016,94.31082966041714,Sector neutral | CNN
2025-11-30,2025-12-01,2026-01-05,0.197822621675549,20570.341947849916,103983.76977122239,103963.19942927454,20.570341947852285,137.75976383842195,Sector neutral | CNN
2025-12-31,2026-01-05,2026-02-02,0.13656091785697178,13758.78846723735,100752.02102586723,100738.26223739999,13.758788467239356,107.27560298170121,Sector neutral | CNN
2026-01-31,2026-02-02,2026-03-02,0.1263033196869293,12674.490071423836,100349.6194940906,100336.94500401919,12.674490071411128,95.89398984519097,Sector neutral | CNN
2026-02-28,2026-03-02,2026-04-01,0.10837276258206327,10853.33926559215,100148.21996785088,100137.3666285853,10.853339265580871,91.19035598572854,Sector neutral | CNN
2026-03-31,2026-04-01,2026-05-06,0.09894583866944863,10056.659893626098,101638.02772163757,101627.97106174394,10.056659893627511,101.33275069673424,Sector neutral | CNN
2026-04-30,2026-05-06,2026-06-01,0.13916205319969885,14539.322539656514,104477.63744037643,104463.09811783678,14.539322539654677,82.40723965358629,Sector neutral | CNN
2026-05-31,2026-06-01,2026-07-01,0.30169706871076307,31259.723837537753,103612.9517967125,103581.69207287498,31.259723837516503,95.45153467924148,Sector neutral | CNN
2026-06-30,2026-07-01,2026-08-03,0.3784310848667679,39518.54912234639,104427.33354280202,104387.81499367967,39.51854912235285,114.64469089621053,Sector neutral | CNN
2026-07-31,2026-08-03,2026-09-01,0.22683593882750222,23888.61153025799,105312.28716990973,105288.39855837947,23.888611530259368,95.75377554769256,Sector neutral | CNN
2026-08-31,2026-09-01,2026-10-08,0.15803735494191867,16908.930678334727,106993.2528581552,106976.34392747688,16.908930678328034,130.6228492439448,Sector neutral | CNN
2024-12-31,2025-01-02,2025-02-05,0.8007500478251628,80075.00478251628,100000.0,99919.9249952175,80.07500478249858,111.7494715132604,Sector neutral | Prophet
2025-01-31,2025-02-05,2025-03-03,0.15416848319390195,15235.360693252265,98822.79683643467,98807.56147574142,15.235360693259281,84.22313024153478,Sector neutral | Prophet
2025-02-28,2025-03-03,2025-04-01,0.084766992064086,8420.253108383757,99334.10285477432,99325.68260166593,8.420253108386532,93.20830934595104,Sector neutral | Prophet
2025-03-31,2025-04-01,2025-05-06,0.1322747186675253,13148.198148396332,99400.68881525687,99387.54061710849,13.148198148381198,102.39337196633869,Sector neutral | Prophet
2025-04-30,2025-05-06,2025-06-03,0.17438060673268113,17297.579021503338,99194.39635864939,99177.09877962791,17.297579021484125,86.99860651127723,Sector neutral | Prophet
2025-05-31,2025-06-03,2025-07-01,0.16773943100041036,16503.595897565046,98388.29069072418,98371.78709482664,16.50359589754953,82.34853948221172,Sector neutral | Prophet
2025-06-30,2025-07-01,2025-08-01,0.528582906771527,52265.17119386691,98877.9064254869,98825.64125429303,52.26517119386699,94.36276118302663,Sector neutral | Prophet
2025-07-31,2025-08-01,2025-09-01,0.14986877912223942,14843.77826261103,99045.16704245521,99030.32326419262,14.84377826259879,100.5410474088698,Sector neutral | Prophet
2025-08-31,2025-09-01,2025-10-09,0.2409301507150105,24340.789921838747,101028.40947719649,101004.06868727464,24.34078992184368,121.46872993572744,Sector neutral | Prophet
2025-09-30,2025-10-09,2025-11-03,0.1594049642456202,16139.443733847806,101248.06219321524,101231.9227494814,16.139443733845837,79.30654771858703,Sector neutral | Prophet
2025-10-31,2025-11-03,2025-12-01,0.18794168110441464,19085.819832020334,101551.82032992903,101532.73451009701,19.085819832020206,92.60304852354798,Sector neutral | Prophet
2025-11-30,2025-12-01,2026-01-05,0.2161114918950176,22320.92413386001,103284.29986825061,103261.97894411677,22.320924133848166,134.0366877790177,Sector neutral | Prophet
2025-12-31,2026-01-05,2026-02-02,0.1487717643456429,14873.948401542151,99978.30211239117,99963.42816398965,14.873948401524103,105.44829798170736,Sector neutral | Prophet
2026-01-31,2026-02-02,2026-03-02,0.1690874063267709,16824.20709287469,99500.06010714344,99483.23590005058,16.824207092853612,94.322365404457,Sector neutral | Prophet
2026-02-28,2026-03-02,2026-04-01,0.10630627175962828,10562.19878894119,99356.30903154648,99345.74683275755,10.56219878893171,88.92564665089849,Sector neutral | Prophet
2026-03-31,2026-04-01,2026-05-06,0.1517888696843587,15279.777101358286,100664.674116964,100649.39433986266,15.279777101342916,99.3170290743308,Sector neutral | Prophet
2026-04-30,2026-05-06,2026-06-01,0.15270687102042438,15729.486053618344,103004.44209556584,102988.71260951224,15.729486053605797,75.9490252065455,Sector neutral | Prophet
2026-05-31,2026-06-01,2026-07-01,0.11267387327734284,11512.08266193589,102171.71316725128,102160.20108458935,11.512082661924069,92.0630772174062,Sector neutral | Prophet
2026-06-30,2026-07-01,2026-08-03,0.5357591260262439,55428.5701208051,103458.00459232861,103402.57602220782,55.42857012078457,102.68360058797587,Sector neutral | Prophet
2026-07-31,2026-08-03,2026-09-01,0.14518680902380968,15410.540058216613,106142.83874569752,106127.4282056393,15.41054005821934,88.40263993664412,Sector neutral | Prophet
2026-08-31,2026-09-01,2026-10-08,0.1060415277944608,11423.194700181819,107723.78461316852,107712.36141846835,11.423194700168096,115.48215651218734,Sector neutral | Prophet
2024-12-31,2025-01-02,2025-02-05,0.7837605583683651,78376.05583683652,100000.0,99921.62394416318,78.37605583682307,109.23446203031483,Sector neutral | Historical mean
2025-01-31,2025-02-05,2025-03-03,0.1747139970200311,17279.007561191982,98898.81667128782,98881.53766372663,17.2790075611847,81.88630822790054,Sector neutral | Historical mean
2025-02-28,2025-03-03,2025-04-01,0.12339497660184122,12351.300800052548,100095.6533255524,100083.30202475234,12.351300800059107,90.4132258607506,Sector neutral | Historical mean
2025-03-31,2025-04-01,2025-05-06,0.12707358186617043,12762.151922987208,100431.19691414594,100418.43476222295,12.762151922986959,104.20907166556145,Sector neutral | Historical mean
2025-04-30,2025-05-06,2025-06-03,0.17406678795095865,17512.893410162036,100610.19460585495,100592.68171244478,17.512893410166726,88.86152682278049,Sector neutral | Historical mean
2025-05-31,2025-06-03,2025-07-01,0.24647453699389962,24571.800692065182,99693.05954177874,99668.48774108669,24.5718006920506,84.0546035511693,Sector neutral | Historical mean
2025-06-30,2025-07-01,2025-08-01,0.4117914125170278,41113.73205502056,99841.15939600972,99800.04566395472,41.11373205500422,89.91596149180509,Sector neutral | Historical mean
2025-07-31,2025-08-01,2025-09-01,0.20468863863820133,20392.473734628296,99626.79839144927,99606.40591771464,20.392473734624218,97.24484252383799,Sector neutral | Historical mean
2025-08-31,2025-09-01,2025-10-09,0.266316708157751,26948.997898318394,101191.5402707491,101164.59127285078,26.94899789831834,127.17777137569797,Sector neutral | Historical mean
2025-09-30,2025-10-09,2025-11-03,0.17418286098095528,17655.250620490202,101360.43535546579,101342.7801048453,17.655250620489824,82.87731139766998,Sector neutral | Historical mean
2025-10-31,2025-11-03,2025-12-01,0.16345133714709612,16555.96299037578,101289.85959580397,101273.3036328136,16.55596299037279,93.71002236907812,Sector neutral | Historical mean
2025-11-30,2025-12-01,2026-01-05,0.19782262167554907,20439.298551538963,103321.34099942153,103300.90170086999,20.439298551544198,136.88216504234214,Sector neutral | Historical mean
2025-12-31,2026-01-05,2026-02-02,0.13656091785697178,13671.138083279615,100110.18011462252,100096.50897653925,13.671138083271217,106.59220358116289,Sector neutral | Historical mean
2026-01-31,2026-02-02,2026-03-02,0.12630331968692937,12593.747212132554,99710.34208244829,99697.74833523616,12.593747212129529,95.28309702936022,Sector neutral | Historical mean
2026-02-28,2026-03-02,2026-04-01,0.10837276258206324,10784.198050424988,99510.2255722129,99499.44137416247,10.78419805043086,90.60942767692976,Sector neutral | Historical mean
2026-03-31,2026-04-01,2026-05-06,0.09894583866944869,9992.5939256735,100990.54250331898,100980.5499093933,9.992593925679103,100.68721024619154,Sector neutral | Historical mean
2026-04-30,2026-05-06,2026-06-01,0.1391620531996989,14446.699762140837,103812.06248379852,103797.6157840364,14.44669976212026,81.88226420144287,Sector neutral | Historical mean
2026-05-31,2026-06-01,2026-07-01,0.11523067090632023,11863.330047327741,102952.8853214119,102941.02199136457,11.863330047330237,99.60335726095465,Sector neutral | Historical mean
2026-06-30,2026-07-01,2026-08-03,0.44697945375713793,46783.43344388877,104665.73586469168,104618.9524312478,46.78343344388122,115.04665543804103,Sector neutral | Historical mean
2026-07-31,2026-08-03,2026-09-01,0.12220142444171668,13091.81353668519,107133.06818227196,107119.97636873528,13.091813536681002,99.99796331650957,Sector neutral | Historical mean
2026-08-31,2026-09-01,2026-10-08,0.08388202776270891,9092.804921447016,108399.9178843095,108390.82507938807,9.09280492142716,132.42471350189527,Sector neutral | Historical mean
2024-12-31,2025-01-02,2025-02-05,0.8007500478251628,80075.00478251628,100000.0,99919.9249952175,80.07500478249858,111.7494715132604,Sector neutral | Last observed
2025-01-31,2025-02-05,2025-03-03,0.22715176510031607,22447.772733546066,98822.79683643467,98800.34906370114,22.447772733532474,79.19363041472619,Sector neutral | Last observed
2025-02-28,2025-03-03,2025-04-01,0.23281883301962725,23091.755780164203,99183.36708704964,99160.27533126948,23.091755780158564,95.36865336727806,Sector neutral | Last observed
2025-03-31,2025-04-01,2025-05-06,0.17448290096685456,17357.450145675044,99479.37619957575,99462.01874943008,17.357450145675102,103.21655246273555,Sector neutral | Last observed
2025-04-30,2025-05-06,2025-06-03,0.17406678795095865,17346.09523483223,99651.95221341879,99634.60611818396,17.346095234825043,88.01518235051533,Sector neutral | Last observed
2025-05-31,2025-06-03,2025-07-01,0.23157862838657078,22866.89638636654,98743.5522253598,98720.68532897346,22.866896386345616,86.20429383553409,Sector neutral | Last observed
2025-06-30,2025-07-01,2025-08-01,0.5156401874755634,51022.02068126624,98948.88319519165,98897.86117451038,51.02202068126644,94.43171971441215,Sector neutral | Last observed
2025-07-31,2025-08-01,2025-09-01,0.2614921922289283,25918.46475484029,99117.54738799039,99091.62892323555,25.91846475483908,90.53271333218268,Sector neutral | Last observed
2025-08-31,2025-09-01,2025-10-09,0.2917779599522715,29431.05302785461,100867.97862548934,100838.54757246148,29.43105302785989,121.26967221602162,Sector neutral | Last observed
2025-09-30,2025-10-09,2025-11-03,0.15940496424562023,16112.995109015063,101082.14123235989,101066.0282372509,16.112995108996984,79.17658356604377,Sector neutral | Last observed
2025-10-31,2025-11-03,2025-12-01,0.18794168110441464,19054.54281301727,101385.40158333025,101366.34704051726,19.05454281299899,92.45129463852214,Sector neutral | Last observed
2025-11-30,2025-12-01,2026-01-05,0.21611149189501763,22284.345565349726,103115.04200884877,103092.75766328344,22.28434556533466,133.81703423163702,Sector neutral | Last observed
2025-12-31,2026-01-05,2026-02-02,0.27184349286464576,27133.911982949023,99814.46197963375,99787.32806765081,27.133911982935388,105.374263194661,Sector neutral | Last observed
2026-01-31,2026-02-02,2026-03-02,0.32722415282729866,32500.82778856684,99322.82659379372,99290.32576600517,32.50082778854994,79.73014969541859,Sector neutral | Last observed
2026-02-28,2026-03-02,2026-04-01,0.36594012347766297,36128.152462009544,98726.95051493803,98690.82236247603,36.12815246199898,89.87305664965865,Sector neutral | Last observed
2026-03-31,2026-04-01,2026-05-06,0.26950358407178937,26996.12159985676,100169.80550680036,100142.8093852005,26.996121599862818,98.81715013317286,Sector neutral | Last observed
2026-04-30,2026-05-06,2026-06-01,0.18902767249556152,19372.690761351558,102486.00379823457,102466.63110747322,19.37269076134544,80.83229751279393,Sector neutral | Last observed
2026-05-31,2026-06-01,2026-07-01,0.301697068710763,30662.297487762822,101632.7325246861,101602.07022719833,30.662297487768228,93.62729393289945,Sector neutral | Last observed
2026-06-30,2026-07-01,2026-08-03,0.42371638712808185,43401.92631686794,102431.55005413637,102388.1481278195,43.40192631687387,106.70217954720559,Sector neutral | Last observed
2026-07-31,2026-08-03,2026-09-01,0.2886989019137818,29857.712455412842,103421.63498886349,103391.77727640807,29.857712455414003,96.51763846292798,Sector neutral | Last observed
2026-08-31,2026-09-01,2026-10-08,0.2238410868282796,23419.859838980185,104627.17176202242,104603.75190218346,23.41985983896302,112.14930849022082,Sector neutral | Last observed
